日期,股票代码,开盘,收盘,最高,最低,成交量,成交额,振幅,涨跌幅,涨跌额,换手率,d-10,d-9,d-8,d-7,d-6,d-5,d-4,d-3,d-2,d-1,5日均,10日均,20日均,30日均,d1,d2,d3,d4,d5,d6,d7,d8,d9,d10
2006-07-10,000059,4.89,4.92,4.99,4.82,66464,32666954.0,3.48,0.61,0.03,2.85,0.0,0.0,0.0,0.0,0.0,0.0,0.0,0.0,0.0,0.0,4.92,4.92,4.92,4.92,0.41,-3.46,-7.93,-9.96,-6.91,-6.1,-6.71,-7.32,-7.72,-6.91
2006-07-11,000059,4.92,4.85,4.94,4.74,68946,33250202.0,4.07,-1.42,-0.07,2.96,0.0,0.0,0.0,0.0,0.0,0.0,0.0,0.0,0.0,5.27,4.88,4.88,4.88,4.88,-2.06,-6.6,-8.66,-5.57,-4.74,-5.36,-5.98,-6.39,-5.57,-6.39
2006-07-12,000059,4.61,4.45,4.75,4.42,174160,79131952.0,6.8,-8.25,-0.4,7.47,0.0,0.0,0.0,0.0,0.0,0.0,0.0,0.0,12.9,11.76,4.74,4.74,4.74,4.74,1.8,-0.45,2.92,3.82,3.15,2.47,2.02,2.92,2.02,4.27
2006-07-13,000059,4.4,4.3,4.53,4.24,100788,44457112.0,6.52,-3.37,-0.15,4.32,0.0,0.0,0.0,0.0,0.0,0.0,0.0,17.69,16.51,12.03,4.63,4.63,4.63,4.63,3.02,6.51,7.44,6.74,6.05,5.58,6.51,5.58,7.91,7.44
2006-07-14,000059,4.3,4.4,4.43,4.27,56078,24557538.0,3.72,2.33,0.1,2.4,0.0,0.0,0.0,0.0,0.0,0.0,16.86,15.69,11.24,6.09,4.58,4.58,4.58,4.58,4.09,5.0,4.32,3.64,3.18,4.09,3.18,5.45,5.0,1.82
2006-07-17,000059,4.41,4.56,4.58,4.36,56235,25112274.0,5.0,3.64,0.16,2.41,0.0,0.0,0.0,0.0,0.0,14.45,13.3,8.94,3.9,1.61,4.51,4.58,4.58,4.58,1.32,0.66,0.0,-0.44,0.44,-0.44,1.75,1.32,-1.75,-5.92
2006-07-18,000059,4.57,4.53,4.62,4.45,51385,23284880.0,3.73,-0.66,-0.03,2.2,0.0,0.0,0.0,0.0,12.13,11.01,6.74,1.8,-0.45,2.92,4.45,4.57,4.57,4.57,1.32,0.66,0.22,1.1,0.22,2.43,1.99,-1.1,-5.3,-9.27
2006-07-19,000059,4.53,4.48,4.59,4.41,51021,23009674.0,3.97,-1.1,-0.05,2.19,0.0,0.0,0.0,13.15,12.02,7.71,2.72,0.45,3.85,4.76,4.45,4.56,4.56,4.56,1.79,1.34,2.23,1.34,3.57,3.12,0.0,-4.24,-8.26,-9.82
2006-07-20,000059,4.49,4.43,4.56,4.4,36121,16118857.0,3.57,-1.12,-0.05,1.55,0.0,0.0,13.41,12.27,7.95,2.95,0.68,4.09,5.0,4.32,4.48,4.55,4.55,4.55,2.48,3.39,2.48,4.74,4.29,1.13,-3.16,-7.22,-8.8,-7.67
2006-07-21,000059,4.43,4.52,4.54,4.39,34421,15355068.0,3.39,2.03,0.09,1.48,0.0,13.67,12.53,8.2,3.19,0.91,4.33,5.24,4.56,3.87,4.5,4.54,4.54,4.54,1.33,0.44,2.65,2.21,-0.88,-5.09,-9.07,-10.62,-9.51,-9.96
2006-07-24,000059,4.48,4.48,4.58,4.39,35373,15853904.0,4.2,-0.88,-0.04,1.52,13.67,12.53,8.2,3.19,0.91,4.33,5.24,4.56,3.87,3.42,4.49,4.5,4.54,4.54,1.34,3.57,3.12,0.0,-4.24,-8.26,-9.82,-8.71,-9.15,-13.17
2006-07-25,000059,4.46,4.49,4.54,4.46,25852,11635317.0,1.79,0.22,0.01,1.11,10.76,6.5,1.57,-0.67,2.69,3.59,2.91,2.24,1.79,2.69,4.48,4.46,4.53,4.53,3.34,2.9,-0.22,-4.45,-8.46,-10.02,-8.91,-9.35,-13.36,-12.03
2006-07-26,000059,4.51,4.62,4.64,4.49,60526,27776476.0,3.34,2.9,0.13,2.6,5.79,0.89,-1.34,2.0,2.9,2.23,1.56,1.11,2.0,1.11,4.51,4.48,4.54,4.54,0.0,-3.03,-7.14,-11.04,-12.55,-11.47,-11.9,-15.8,-14.5,-13.85
2006-07-27,000059,4.62,4.46,4.62,4.42,47404,21420058.0,4.33,-3.46,-0.16,2.03,2.49,0.23,3.62,4.52,3.85,3.17,2.71,3.62,2.71,4.98,4.51,4.5,4.54,4.54,0.45,-3.81,-7.85,-9.42,-8.3,-8.74,-12.78,-11.43,-10.76,-10.99
2006-07-28,000059,4.42,4.29,4.48,4.22,47440,20401330.0,5.83,-3.81,-0.17,2.03,4.98,8.53,9.48,8.77,8.06,7.58,8.53,7.58,9.95,9.48,4.47,4.49,4.52,4.52,0.0,-4.2,-5.83,-4.66,-5.13,-9.32,-7.93,-7.23,-7.46,-8.16
2006-07-31,000059,4.29,4.05,4.29,4.02,40579,16657013.0,6.29,-5.59,-0.24,1.74,13.93,14.93,14.18,13.43,12.94,13.93,12.94,15.42,14.93,11.44,4.38,4.43,4.49,4.49,1.48,-0.25,0.99,0.49,-3.95,-2.47,-1.73,-1.98,-2.72,-4.2
2006-08-01,000059,4.05,3.97,4.11,3.95,25613,10307969.0,3.95,-1.98,-0.08,1.1,16.96,16.2,15.44,14.94,15.95,14.94,17.47,16.96,13.42,8.61,4.28,4.38,4.46,4.46,1.76,3.02,2.52,-2.02,-0.5,0.25,0.0,-0.76,-2.27,-2.77
2006-08-02,000059,4.0,4.04,4.04,3.92,21503,8586102.0,3.02,1.76,0.07,0.92,17.09,16.33,15.82,16.84,15.82,18.37,17.86,14.29,9.44,4.85,4.16,4.33,4.44,4.44,1.24,0.74,-3.71,-2.23,-1.49,-1.73,-2.48,-3.96,-4.46,-2.72
2006-08-03,000059,4.03,4.03,4.09,3.98,17226,6963398.5,2.72,-0.25,-0.01,0.74,14.57,14.07,15.08,14.07,16.58,16.08,12.56,7.79,3.27,1.51,4.08,4.3,4.41,4.41,0.99,-3.47,-1.99,-1.24,-1.49,-2.23,-3.72,-4.22,-2.48,-3.23
2006-08-04,000059,4.03,3.88,4.07,3.86,17190,6796194.5,5.21,-3.72,-0.15,0.74,17.62,18.65,17.62,20.21,19.69,16.06,11.14,6.48,4.66,5.96,3.99,4.23,4.39,4.39,0.26,1.8,2.58,2.32,1.55,0.0,-0.52,1.29,0.52,0.26
2006-08-07,000059,3.85,3.83,3.89,3.8,15415,5930965.5,2.32,-1.29,-0.05,0.66,20.53,19.47,22.11,21.58,17.89,12.89,8.16,6.32,7.63,7.11,3.95,4.17,4.33,4.36,3.13,3.92,3.66,2.87,1.31,0.78,2.61,1.83,1.57,0.26
2006-08-08,000059,3.8,3.95,3.95,3.8,15955,6214403.0,3.92,3.13,0.12,0.68,19.47,22.11,21.58,17.89,12.89,8.16,6.32,7.63,7.11,2.37,3.95,4.11,4.29,4.34,0.76,0.51,-0.25,-1.77,-2.28,-0.51,-1.27,-1.52,-2.78,-2.78
2006-08-09,000059,3.98,3.89,3.98,3.86,11761,4593832.5,3.04,-1.52,-0.06,0.5,20.21,19.69,16.06,11.14,6.48,4.66,5.96,5.44,0.78,2.33,3.92,4.04,4.26,4.32,2.06,1.29,-0.26,-0.77,1.03,0.26,0.0,-1.29,-1.29,-2.06
2006-08-10,000059,3.84,3.94,3.97,3.72,41745,16009896.0,6.43,1.29,0.05,1.79,24.19,20.43,15.32,10.48,8.6,9.95,9.41,4.57,6.18,6.99,3.9,3.99,4.24,4.31,0.0,-1.52,-2.03,-0.25,-1.02,-1.27,-2.54,-2.54,-3.3,-1.02
2006-08-11,000059,3.9,3.87,3.94,3.84,19770,7661369.5,2.54,-1.78,-0.07,0.85,16.67,11.72,7.03,5.21,6.51,5.99,1.3,2.86,3.65,3.39,3.9,3.94,4.22,4.29,0.26,-0.26,1.55,0.78,0.52,-0.78,-0.78,-1.55,0.78,0.78
2006-08-14,000059,3.88,3.83,3.88,3.76,20654,7865311.0,3.1,-1.03,-0.04,0.89,14.1,9.31,7.45,8.78,8.24,3.46,5.05,5.85,5.59,4.79,3.9,3.92,4.18,4.27,0.78,2.61,1.83,1.57,0.26,0.26,-0.52,1.83,1.83,3.66
2006-08-15,000059,3.8,3.86,3.86,3.78,16494,6305884.5,2.09,0.78,0.03,0.71,8.73,6.88,8.2,7.67,2.91,4.5,5.29,5.03,4.23,2.65,3.88,3.91,4.15,4.26,1.81,1.04,0.78,-0.52,-0.52,-1.3,1.04,1.04,2.85,3.37
2006-08-16,000059,3.83,3.92,3.93,3.83,21881,8538793.0,2.59,1.55,0.06,0.94,5.48,6.79,6.27,1.57,3.13,3.92,3.66,2.87,1.31,0.78,3.88,3.9,4.12,4.24,-0.51,-0.77,-2.04,-2.04,-2.81,-0.51,-0.51,1.28,1.79,0.51
2006-08-17,000059,3.9,3.86,3.9,3.81,13448,5172471.0,2.3,-1.53,-0.06,0.58,7.35,6.82,2.1,3.67,4.46,4.2,3.41,1.84,1.31,3.15,3.87,3.88,4.09,4.23,0.78,-0.52,-0.52,-1.3,1.04,1.04,2.85,3.37,2.07,2.07
2006-08-18,000059,3.84,3.84,3.89,3.8,14066,5408512.5,2.33,-0.52,-0.02,0.6,7.11,2.37,3.95,4.74,4.47,3.68,2.11,1.58,3.42,2.63,3.86,3.88,4.06,4.22,0.0,0.0,-0.78,1.56,1.56,3.39,3.91,2.6,2.6,3.12
2006-08-21,000059,3.72,3.81,3.84,3.62,19083,7150262.5,5.73,-0.78,-0.03,0.82,7.46,9.12,9.94,9.67,8.84,7.18,6.63,8.56,7.73,7.46,3.86,3.88,4.02,4.18,0.79,0.0,2.36,2.36,4.2,4.72,3.41,3.41,3.94,0.79
2006-08-22,000059,3.78,3.8,3.84,3.77,17299,6574350.5,1.84,-0.26,-0.01,0.74,4.77,5.57,5.31,4.51,2.92,2.39,4.24,3.45,3.18,1.86,3.85,3.86,3.99,4.15,0.26,2.63,2.63,4.47,5.0,3.68,3.68,4.21,1.05,1.84
2006-08-23,000059,3.8,3.76,3.81,3.74,19972,7532265.0,1.84,-1.05,-0.04,0.86,6.42,6.15,5.35,3.74,3.21,5.08,4.28,4.01,2.67,2.67,3.81,3.85,3.94,4.12,3.72,3.72,5.59,6.12,4.79,4.79,5.32,2.13,2.93,3.19
2006-08-24,000059,3.79,3.85,3.9,3.76,26163,10033834.0,3.72,2.39,0.09,1.12,5.59,4.79,3.19,2.66,4.52,3.72,3.46,2.13,2.13,1.33,3.81,3.84,3.91,4.11,1.3,3.12,3.64,2.34,2.34,2.86,-0.26,0.52,0.78,0.26
2006-08-25,000059,3.86,3.87,3.9,3.81,22473,8649912.0,2.34,0.52,0.02,0.96,3.41,1.84,1.31,3.15,2.36,2.1,0.79,0.79,0.0,2.36,3.82,3.84,3.89,4.09,2.58,3.1,1.81,1.81,2.33,-0.78,0.0,0.26,-0.26,-2.07
2006-08-28,000059,3.87,3.97,3.97,3.84,38212,14931714.0,3.36,2.58,0.1,1.64,1.04,0.52,2.34,1.56,1.3,0.0,0.0,-0.78,1.56,1.56,3.85,3.85,3.89,4.07,0.5,-0.76,-0.76,-0.25,-3.27,-2.52,-2.27,-2.77,-4.53,-5.79
2006-08-29,000059,3.97,3.91,3.99,3.91,33848,13345389.0,2.02,-1.51,-0.06,1.45,-1.28,0.51,-0.26,-0.51,-1.79,-1.79,-2.56,-0.26,-0.26,1.53,3.87,3.86,3.89,4.05,0.77,0.77,1.28,-1.79,-1.02,-0.77,-1.28,-3.07,-4.35,-3.32
2006-08-30,000059,3.9,3.9,3.94,3.86,17236,6733518.0,2.05,-0.26,-0.01,0.74,1.81,1.04,0.78,-0.52,-0.52,-1.3,1.04,1.04,2.85,3.37,3.9,3.86,3.88,4.03,1.03,1.54,-1.54,-0.77,-0.51,-1.03,-2.82,-4.1,-3.08,-4.87
2006-08-31,000059,3.9,3.94,3.94,3.9,19181,7522621.0,1.03,1.03,0.04,0.82,0.0,-0.26,-1.54,-1.54,-2.31,0.0,0.0,1.79,2.31,1.03,3.92,3.86,3.87,4.01,0.51,-2.54,-1.78,-1.52,-2.03,-3.81,-5.08,-4.06,-5.84,-1.27
2006-09-01,000059,3.96,3.82,3.96,3.8,23927,9224063.0,4.06,-3.05,-0.12,1.03,2.37,1.05,1.05,0.26,2.63,2.63,4.47,5.0,3.68,3.68,3.91,3.86,3.87,3.99,0.52,1.31,1.57,1.05,-0.79,-2.09,-1.05,-2.88,1.83,3.93
2006-09-04,000059,3.82,3.83,3.84,3.74,29637,11221230.0,2.62,0.26,0.01,1.27,2.67,2.67,1.87,4.28,4.28,6.15,6.68,5.35,5.35,5.88,3.88,3.86,3.87,3.97,1.04,1.31,0.78,-1.04,-2.35,-1.31,-3.13,1.57,3.66,3.13
2006-09-05,000059,3.83,3.86,3.87,3.81,23815,9156767.0,1.57,0.78,0.03,1.02,0.79,0.0,2.36,2.36,4.2,4.72,3.41,3.41,3.94,0.79,3.87,3.87,3.87,3.95,0.52,0.0,-1.81,-3.11,-2.07,-3.89,0.78,2.85,2.33,1.81
2006-09-06,000059,3.86,3.85,3.88,3.78,24964,9526749.0,2.59,-0.26,-0.01,1.07,0.79,3.17,3.17,5.03,5.56,4.23,4.23,4.76,1.59,2.38,3.86,3.88,3.86,3.92,0.26,-1.56,-2.86,-1.82,-3.64,1.04,3.12,2.6,2.08,1.56
2006-09-07,000059,3.86,3.76,3.86,3.76,18687,7075580.0,2.6,-2.34,-0.09,0.8,3.72,3.72,5.59,6.12,4.79,4.79,5.32,2.13,2.93,3.19,3.82,3.87,3.86,3.9,0.8,-0.53,0.53,-1.33,3.46,5.59,5.05,4.52,3.99,3.99
2006-09-11,000059,3.75,3.7,3.79,3.67,24825,9206414.0,3.19,-1.6,-0.06,1.06,6.27,8.17,8.72,7.36,7.36,7.9,4.63,5.45,5.72,5.18,3.8,3.85,3.85,3.88,1.08,2.16,0.27,5.14,7.3,6.76,6.22,5.68,5.68,2.97
2006-09-12,000059,3.71,3.73,3.74,3.65,33672,12440992.0,2.43,0.81,0.03,1.44,8.77,9.32,7.95,7.95,8.49,5.21,6.03,6.3,5.75,3.84,3.78,3.83,3.84,3.87,1.34,-0.54,4.29,6.43,5.9,5.36,4.83,4.83,2.14,2.41
2006-09-13,000059,3.73,3.71,3.78,3.68,23588,8786884.0,2.68,-0.54,-0.02,1.01,8.42,7.07,7.07,7.61,4.35,5.16,5.43,4.89,2.99,1.63,3.75,3.81,3.83,3.86,0.0,4.85,7.01,6.47,5.93,5.39,5.39,2.7,2.96,6.2
2006-09-14,000059,3.7,3.64,3.71,3.62,20195,7391027.0,2.43,-1.89,-0.07,0.87,8.84,8.84,9.39,6.08,6.91,7.18,6.63,4.7,3.31,4.42,3.71,3.78,3.82,3.85,6.87,9.07,8.52,7.97,7.42,7.42,4.67,4.95,8.24,10.99
2006-09-15,000059,3.65,3.86,3.89,3.64,77299,29485380.0,6.87,6.04,0.22,3.31,8.24,8.79,5.49,6.32,6.59,6.04,4.12,2.75,3.85,1.92,3.73,3.78,3.82,3.84,2.85,2.33,1.81,1.3,1.3,-1.3,-1.04,2.07,4.66,4.66
2006-09-18,000059,3.88,3.95,3.97,3.88,83457,32787836.0,2.33,2.33,0.09,3.58,2.06,-1.03,-0.26,0.0,-0.52,-2.32,-3.61,-2.58,-4.38,0.26,3.78,3.79,3.83,3.84,0.0,-0.51,-1.01,-1.01,-3.54,-3.29,-0.25,2.28,2.28,4.3
2006-09-19,000059,3.94,3.89,3.95,3.86,30628,11958974.0,2.28,-1.52,-0.06,1.31,-0.52,0.26,0.52,0.0,-1.81,-3.11,-2.07,-3.89,0.78,2.85,3.81,3.8,3.83,3.85,1.03,0.51,0.51,-2.06,-1.8,1.29,3.86,3.86,5.91,14.65
2006-09-20,000059,3.88,3.9,3.93,3.85,21802,8497160.0,2.06,0.26,0.01,0.93,0.52,0.78,0.26,-1.56,-2.86,-1.82,-3.64,1.04,3.12,2.6,3.85,3.8,3.84,3.84,0.26,0.26,-2.31,-2.05,1.03,3.59,3.59,5.64,14.36,17.69
2006-09-21,000059,3.9,3.88,3.91,3.84,20429,7907954.0,1.79,-0.51,-0.02,0.88,1.04,0.52,-1.3,-2.6,-1.56,-3.39,1.3,3.39,2.86,2.34,3.9,3.8,3.84,3.84,0.77,-1.8,-1.55,1.55,4.12,4.12,6.19,14.95,18.3,20.62
2006-09-22,000059,3.88,3.82,3.91,3.81,18689,7187299.5,2.58,-1.55,-0.06,0.8,1.31,-0.52,-1.84,-0.79,-2.62,2.1,4.2,3.67,3.15,2.62,3.89,3.81,3.84,3.84,-0.26,0.0,3.14,5.76,5.76,7.85,16.75,20.16,22.51,17.8
2006-09-25,000059,3.8,3.75,3.81,3.73,19383,7299325.0,2.09,-1.83,-0.07,0.83,1.61,0.27,1.34,-0.54,4.29,6.43,5.9,5.36,4.83,4.83,3.85,3.81,3.83,3.84,1.87,5.07,7.73,7.73,9.87,18.93,22.4,24.8,20.0,17.33
2006-09-26,000059,3.76,3.81,3.82,3.7,38471,14427034.0,3.2,1.6,0.06,1.65,1.08,2.16,0.27,5.14,7.3,6.76,6.22,5.68,5.68,2.97,3.83,3.82,3.83,3.83,3.41,6.04,6.04,8.14,17.06,20.47,22.83,18.11,15.49,13.65
2006-09-27,000059,3.8,3.9,3.94,3.76,33120,12788757.0,4.72,2.36,0.09,1.42,0.53,-1.33,3.46,5.59,5.05,4.52,3.99,3.99,1.33,1.6,3.83,3.84,3.82,3.84,3.59,3.59,5.64,14.36,17.69,20.0,15.38,12.82,11.03,11.54
2006-09-28,000059,3.93,3.97,4.04,3.88,61447,24487748.0,4.1,1.79,0.07,2.63,-4.38,0.26,2.32,1.8,1.29,0.77,0.77,-1.8,-1.55,1.55,3.85,3.87,3.83,3.84,1.76,3.78,12.34,15.62,17.88,13.35,10.83,9.07,9.57,8.56
2006-09-29,000059,3.97,4.01,4.04,3.93,41916,16745558.0,2.77,1.01,0.04,1.8,-1.02,1.02,0.51,0.0,-0.51,-0.51,-3.05,-2.8,0.25,2.8,3.89,3.89,3.83,3.84,2.74,11.22,14.46,16.71,12.22,9.73,7.98,8.48,7.48,5.49
2006-10-09,000059,4.05,4.05,4.12,4.0,46264,18701412.0,2.99,1.0,0.04,1.98,-0.75,-1.25,-1.75,-2.25,-2.25,-4.75,-4.5,-1.5,1.0,1.0,3.95,3.9,3.84,3.85,10.12,13.33,15.56,11.11,8.64,6.91,7.41,6.42,4.44,3.7
2006-10-10,000059,4.06,4.46,4.46,4.02,110528,47533796.0,10.86,10.12,0.41,4.74,-1.74,-2.24,-2.74,-2.74,-5.22,-4.98,-1.99,0.5,0.5,2.49,4.08,3.95,3.88,3.87,2.91,4.93,0.9,-1.35,-2.91,-2.47,-3.36,-5.16,-5.83,-9.19
2006-10-11,000059,4.5,4.47,4.59,4.34,143665,64122820.0,5.61,0.22,0.01,6.16,-9.45,-9.91,-9.91,-12.21,-11.98,-9.22,-6.91,-6.91,-5.07,2.76,4.19,4.01,3.91,3.89,4.7,0.67,-1.57,-3.13,-2.68,-3.58,-5.37,-6.04,-9.4,-8.05
2006-10-12,000059,4.46,4.49,4.68,4.4,113036,51538620.0,6.26,0.45,0.02,4.85,-11.14,-11.14,-13.41,-13.18,-10.45,-8.18,-8.18,-6.36,1.36,4.32,4.3,4.07,3.94,3.92,0.22,-2.0,-3.56,-3.12,-4.01,-5.79,-6.46,-9.8,-8.46,-8.91
2006-10-13,000059,4.48,4.4,4.5,4.32,58361,25619184.0,4.01,-2.0,-0.09,2.5,-9.49,-11.81,-11.57,-8.8,-6.48,-6.48,-4.63,3.24,6.25,8.33,4.37,4.13,3.97,3.94,0.0,-1.59,-1.14,-2.05,-3.86,-4.55,-7.95,-6.59,-7.05,-9.09
2006-10-16,000059,4.36,4.25,4.4,4.23,46979,20257634.0,3.86,-3.41,-0.15,2.01,-9.93,-9.69,-6.86,-4.49,-4.49,-2.6,5.44,8.51,10.64,6.38,4.41,4.18,4.0,3.95,1.88,2.35,1.41,-0.47,-1.18,-4.71,-3.29,-3.76,-5.88,-6.82
2006-10-17,000059,4.23,4.22,4.33,4.17,27782,11828703.0,3.76,-0.71,-0.03,1.19,-8.39,-5.52,-3.12,-3.12,-1.2,6.95,10.07,12.23,7.91,5.52,4.37,4.22,4.02,3.96,3.08,2.13,0.24,-0.47,-4.03,-2.61,-3.08,-5.21,-6.16,-4.5
2006-10-18,000059,4.23,4.32,4.35,4.19,26166,11203843.0,3.79,2.37,0.1,1.12,-5.97,-3.58,-3.58,-1.67,6.44,9.55,11.69,7.4,5.01,3.34,4.34,4.26,4.05,3.97,-0.23,-2.08,-2.78,-6.25,-4.86,-5.32,-7.41,-8.33,-6.71,-6.48
2006-10-19,000059,4.26,4.18,4.31,4.13,53318,22385590.0,4.17,-3.24,-0.14,2.29,-2.18,-2.18,-0.24,7.99,11.14,13.32,8.96,6.54,4.84,5.33,4.27,4.28,4.08,3.98,1.2,0.48,-3.11,-1.67,-2.15,-4.31,-5.26,-3.59,-3.35,-3.35
2006-10-20,000059,4.16,4.19,4.23,4.14,27337,11418000.0,2.15,0.24,0.01,1.17,-2.42,-0.48,7.73,10.87,13.04,8.7,6.28,4.59,5.07,4.11,4.23,4.3,4.1,3.99,0.24,-3.34,-1.91,-2.39,-4.53,-5.49,-3.82,-3.58,-3.58,-3.34
2006-10-23,000059,4.17,3.95,4.2,3.87,43202,17379794.0,7.88,-5.73,-0.24,1.85,6.46,15.25,18.6,20.93,16.28,13.7,11.89,12.4,11.37,9.3,4.17,4.29,4.1,3.99,2.53,4.05,3.54,1.27,0.25,2.03,2.28,2.28,2.53,1.27
2006-10-24,000059,3.96,4.03,4.05,3.93,28507,11387704.0,3.04,2.03,0.08,1.22,13.49,16.79,19.08,14.5,11.96,10.18,10.69,9.67,7.63,6.87,4.13,4.25,4.1,4.0,1.99,1.49,-0.74,-1.74,0.0,0.25,0.25,0.5,-0.74,-1.49
2006-10-25,000059,4.03,4.06,4.11,3.98,24387,9852872.0,3.23,0.74,0.03,1.05,15.33,17.59,13.07,10.55,8.79,9.3,8.29,6.28,5.53,1.76,4.08,4.21,4.11,4.01,0.74,-1.48,-2.46,-0.74,-0.49,-0.49,-0.25,-1.48,-2.22,-4.19
2006-10-26,000059,4.07,3.98,4.09,3.98,19841,7957185.0,2.71,-1.97,-0.08,0.85,17.59,13.07,10.55,8.79,9.3,8.29,6.28,5.53,1.76,3.27,4.04,4.16,4.12,4.01,0.5,-0.5,1.26,1.51,1.51,1.76,0.5,-0.25,-2.26,0.0
2006-10-27,000059,3.98,3.86,4.0,3.85,19863,7753873.0,3.77,-3.02,-0.12,0.85,16.88,14.29,12.47,12.99,11.95,9.87,9.09,5.19,6.75,6.23,3.98,4.1,4.12,4.01,2.59,4.4,4.66,4.66,4.92,3.63,2.85,0.78,3.11,6.48
2006-10-30,000059,3.8,3.95,3.96,3.8,12479,4839269.0,4.15,2.33,0.09,0.54,15.79,13.95,14.47,13.42,11.32,10.53,6.58,8.16,7.63,5.26,3.98,4.07,4.13,4.02,2.03,2.28,2.28,2.53,1.27,0.51,-1.52,0.76,4.05,2.53
2006-10-31,000059,3.95,4.03,4.03,3.9,17997,7193460.5,3.29,2.03,0.08,0.77,11.03,11.54,10.51,8.46,7.69,3.85,5.38,4.87,2.56,1.54,3.98,4.06,4.14,4.03,0.25,0.25,0.5,-0.74,-1.49,-3.47,-1.24,1.99,0.5,-4.47
2006-11-01,000059,4.01,4.04,4.04,3.96,16725,6681301.0,1.99,0.25,0.01,0.72,9.85,8.84,6.82,6.06,2.27,3.79,3.28,1.01,0.0,1.77,3.97,4.03,4.15,4.04,0.0,0.25,-0.99,-1.73,-3.71,-1.49,1.73,0.25,-4.7,-4.7
2006-11-02,000059,4.04,3.96,4.04,3.94,16750,6652199.0,2.48,-1.98,-0.08,0.72,9.39,7.36,6.6,2.79,4.31,3.81,1.52,0.51,2.28,2.54,3.97,4.01,4.15,4.05,2.27,1.01,0.25,-1.77,0.51,3.79,2.27,-2.78,-2.78,-2.78
2006-11-03,000059,3.96,4.0,4.05,3.94,16330,6533590.0,2.78,1.01,0.04,0.7,7.36,6.6,2.79,4.31,3.81,1.52,0.51,2.28,2.54,2.54,4.0,3.99,4.14,4.06,0.0,-0.75,-2.75,-0.5,2.75,1.25,-3.75,-3.75,-3.75,-6.0
2006-11-06,000059,4.0,3.97,4.0,3.92,17370,6877701.0,2.0,-0.75,-0.03,0.74,7.14,3.32,4.85,4.34,2.04,1.02,2.81,3.06,3.06,3.32,4.0,3.99,4.14,4.06,0.0,-2.02,0.25,3.53,2.02,-3.02,-3.02,-3.02,-5.29,-6.3
2006-11-07,000059,3.97,3.85,3.97,3.83,33543,12974777.0,3.53,-3.02,-0.12,1.44,5.74,7.31,6.79,4.44,3.39,5.22,5.48,5.48,5.74,4.44,3.96,3.97,4.11,4.06,1.04,3.38,6.75,5.19,0.0,0.0,0.0,-2.34,-3.38,-4.16
2006-11-08,000059,3.85,3.85,3.89,3.8,16955,6519137.5,2.34,0.0,0.0,0.73,8.16,7.63,5.26,4.21,6.05,6.32,6.32,6.58,5.26,4.47,3.93,3.95,4.08,4.06,3.38,6.75,5.19,0.0,0.0,0.0,-2.34,-3.38,-4.16,-2.86
2006-11-09,000059,3.85,3.94,3.98,3.84,20801,8187240.5,3.64,2.34,0.09,0.89,6.51,4.17,3.12,4.95,5.21,5.21,5.47,4.17,3.39,1.3,3.92,3.94,4.05,4.06,4.31,2.79,-2.28,-2.28,-2.28,-4.57,-5.58,-6.35,-5.08,-5.84
2006-11-10,000059,4.01,3.98,4.11,3.9,68714,27683530.0,5.33,1.02,0.04,2.95,2.56,1.54,3.33,3.59,3.59,3.85,2.56,1.79,-0.26,2.05,3.92,3.96,4.03,4.06,1.76,-3.27,-3.27,-3.27,-5.53,-6.53,-7.29,-6.03,-6.78,-3.77
2006-11-13,000059,3.98,3.78,4.05,3.71,38561,14856246.0,8.54,-5.03,-0.2,1.46,6.74,8.63,8.89,8.89,9.16,7.82,7.01,4.85,7.28,10.78,3.88,3.94,4.01,4.06,1.85,1.85,1.85,-0.53,-1.59,-2.38,-1.06,-1.85,1.32,2.12
2006-11-14,000059,3.76,3.83,3.85,3.71,15926,6007401.0,3.7,1.32,0.05,0.6,8.63,8.89,8.89,9.16,7.82,7.01,4.85,7.28,10.78,9.16,3.88,3.92,3.99,4.07,0.52,0.52,-1.83,-2.87,-3.66,-2.35,-3.13,0.0,0.78,1.31
2006-11-15,000059,3.83,3.81,3.85,3.74,29317,11154878.0,2.87,-0.52,-0.02,1.11,8.02,8.02,8.29,6.95,6.15,4.01,6.42,9.89,8.29,2.94,3.87,3.9,3.96,4.06,1.05,-1.31,-2.36,-3.15,-1.84,-2.62,0.52,1.31,1.84,0.79
2006-11-16,000059,3.82,3.7,3.85,3.7,39245,14693953.0,3.94,-2.89,-0.11,1.49,9.19,9.46,8.11,7.3,5.14,7.57,11.08,9.46,4.05,4.05,3.82,3.87,3.94,4.05,1.62,0.54,-0.27,1.08,0.27,3.51,4.32,4.86,3.78,4.86
2006-11-17,000059,3.69,3.74,3.76,3.65,44405,16351876.0,2.97,1.08,0.04,1.68,10.96,9.59,8.77,6.58,9.04,12.6,10.96,5.48,5.48,5.48,3.77,3.84,3.92,4.04,-0.53,-1.34,0.0,-0.8,2.41,3.21,3.74,2.67,3.74,3.74
2006-11-20,000059,3.7,3.59,3.72,3.58,49449,17964616.0,3.74,-4.01,-0.15,1.88,11.73,10.89,8.66,11.17,14.8,13.13,7.54,7.54,7.54,5.03,3.73,3.81,3.9,4.03,2.79,4.18,3.34,6.69,7.52,8.08,6.96,8.08,8.08,10.03
2006-11-21,000059,3.6,3.66,3.69,3.52,35958,12939916.0,4.74,1.95,0.07,1.36,12.78,10.51,13.07,16.76,15.06,9.38,9.38,9.38,6.82,5.68,3.7,3.79,3.88,4.0,2.19,1.37,4.64,5.46,6.01,4.92,6.01,6.01,7.92,10.93
2006-11-22,000059,3.65,3.68,3.74,3.6,29017,10680739.0,3.83,0.55,0.02,1.1,8.06,10.56,14.17,12.5,6.94,6.94,6.94,4.44,3.33,2.5,3.67,3.77,3.86,3.98,0.82,4.08,4.89,5.43,4.35,5.43,5.43,7.34,10.33,11.14
2006-11-23,000059,3.68,3.69,3.71,3.65,21271,7820025.0,1.63,0.27,0.01,0.81,9.04,12.6,10.96,5.48,5.48,5.48,3.01,1.92,1.1,2.47,3.67,3.75,3.85,3.95,3.79,4.61,5.15,4.07,5.15,5.15,7.05,10.03,10.84,13.82
2006-11-24,000059,3.68,3.82,3.83,3.68,36507,13670137.0,4.07,3.52,0.13,1.39,11.68,10.05,4.62,4.62,4.62,2.17,1.09,0.27,1.63,0.82,3.69,3.73,3.84,3.93,1.05,1.57,0.52,1.57,1.57,3.4,6.28,7.07,9.95,5.24
2006-11-27,000059,3.81,3.84,3.86,3.76,32421,12408814.0,2.62,0.52,0.02,1.23,7.71,2.39,2.39,2.39,0.0,-1.06,-1.86,-0.53,-1.33,1.86,3.74,3.74,3.84,3.92,1.04,0.0,1.04,1.04,2.86,5.73,6.51,9.38,4.69,2.08
2006-11-28,000059,3.85,3.83,3.88,3.8,25258,9676965.0,2.08,-0.26,-0.01,0.96,1.32,1.32,1.32,-1.05,-2.11,-2.89,-1.58,-2.37,0.79,1.58,3.77,3.74,3.83,3.9,0.26,1.31,1.31,3.13,6.01,6.79,9.66,4.96,2.35,2.35
2006-11-29,000059,3.79,3.83,3.84,3.75,24073,9144611.0,2.35,0.0,0.0,0.91,2.67,2.67,0.27,-0.8,-1.6,-0.27,-1.07,2.13,2.93,3.47,3.8,3.74,3.82,3.89,1.31,1.31,3.13,6.01,6.79,9.66,4.96,2.35,2.35,1.31
2006-11-30,000059,3.81,3.85,3.88,3.81,38801,14942336.0,1.83,0.52,0.02,1.47,1.05,-1.31,-2.36,-3.15,-1.84,-2.62,0.52,1.31,1.84,0.79,3.83,3.75,3.81,3.88,0.78,2.6,5.45,6.23,9.09,4.42,1.82,1.82,0.78,-0.52
2006-12-01,000059,3.86,3.85,3.88,3.82,37943,14589467.0,1.56,0.0,0.0,1.44,-1.57,-2.62,-3.4,-2.09,-2.88,0.26,1.05,1.57,0.52,1.57,3.84,3.76,3.8,3.86,2.6,5.45,6.23,9.09,4.42,1.82,1.82,0.78,-0.52,0.78
2006-12-04,000059,3.86,3.95,3.95,3.83,58194,22697974.0,3.12,2.6,0.1,2.21,-2.87,-3.66,-2.35,-3.13,0.0,0.78,1.31,0.26,1.31,1.31,3.86,3.8,3.8,3.86,2.78,3.54,6.33,1.77,-0.76,-0.76,-1.77,-3.04,-1.77,-1.27
2006-12-05,000059,3.93,3.95,4.06,3.9,105885,42217176.0,4.05,0.0,0.0,4.02,-5.38,-4.1,-4.87,-1.79,-1.03,-0.51,-1.54,-0.51,-0.51,1.28,3.89,3.83,3.81,3.86,3.54,6.33,1.77,-0.76,-0.76,-1.77,-3.04,-1.77,-1.27,-2.53
2006-12-06,000059,3.97,4.01,4.09,3.81,109944,43594332.0,7.09,1.52,0.06,4.17,-1.84,-2.62,0.52,1.31,1.84,0.79,1.84,1.84,3.67,6.56,3.92,3.86,3.82,3.86,4.74,0.25,-2.24,-2.24,-3.24,-4.49,-3.24,-2.74,-3.99,-2.0
2006-12-07,000059,4.05,4.06,4.2,4.03,124785,51277236.0,4.24,1.25,0.05,4.73,-7.94,-4.96,-4.22,-3.72,-4.71,-3.72,-3.72,-1.99,0.74,1.49,3.96,3.9,3.82,3.86,-0.99,-3.45,-3.45,-4.43,-5.67,-4.43,-3.94,-5.17,-3.2,-1.72
2006-12-08,000059,4.01,3.83,4.02,3.82,52035,20459140.0,4.93,-5.67,-0.23,1.97,0.26,1.05,1.57,0.52,1.57,1.57,3.4,6.28,7.07,9.95,3.96,3.9,3.82,3.86,2.35,2.35,1.31,0.0,1.31,1.83,0.52,2.61,4.18,2.35
2006-12-11,000059,3.83,3.91,3.92,3.81,33192,12816295.0,2.87,2.09,0.08,1.26,1.31,1.84,0.79,1.84,1.84,3.67,6.56,7.35,10.24,5.51,3.95,3.91,3.82,3.86,0.26,-0.77,-2.05,-0.77,-0.26,-1.53,0.51,2.05,0.26,2.05
2006-12-12,000059,3.91,3.84,3.92,3.7,34415,13206539.0,5.63,-1.79,-0.07,1.31,4.86,3.78,4.86,4.86,6.76,9.73,10.54,13.51,8.65,5.95,3.93,3.91,3.82,3.85,1.04,-0.26,1.04,1.56,0.26,2.34,3.91,2.08,3.91,3.91
2006-12-13,000059,3.84,3.78,3.88,3.75,31050,11743576.0,3.39,-1.56,-0.06,1.18,2.4,3.47,3.47,5.33,8.27,9.07,12.0,7.2,4.53,4.53,3.88,3.9,3.82,3.85,1.32,2.65,3.17,1.85,3.97,5.56,3.7,5.56,5.56,2.12
2006-12-14,000059,3.8,3.83,3.83,3.75,30971,11767549.0,2.12,1.32,0.05,1.18,3.47,3.47,5.33,8.27,9.07,12.0,7.2,4.53,4.53,3.47,3.84,3.9,3.83,3.84,1.31,1.83,0.52,2.61,4.18,2.35,4.18,4.18,0.78,-0.52
2006-12-15,000059,3.8,3.87,3.88,3.78,33917,13018292.0,2.61,1.04,0.04,1.29,2.65,4.5,7.41,8.2,11.11,6.35,3.7,3.7,2.65,1.32,3.85,3.9,3.83,3.84,0.78,-0.52,1.55,3.1,1.29,3.1,3.1,-0.26,-1.55,-3.1
2006-12-18,000059,3.87,3.83,3.9,3.8,51934,19989340.0,2.58,-1.03,-0.04,1.97,3.95,6.84,7.63,10.53,5.79,3.16,3.16,2.11,0.79,2.11,3.83,3.89,3.85,3.83,0.52,2.61,4.18,2.35,4.18,4.18,0.78,-0.52,-2.09,-2.87
2006-12-19,000059,3.83,3.79,3.85,3.75,52268,19809008.0,2.61,-1.04,-0.04,1.98,8.27,9.07,12.0,7.2,4.53,4.53,3.47,2.13,3.47,4.0,3.82,3.88,3.85,3.83,3.69,5.28,3.43,5.28,5.28,1.85,0.53,-1.06,-1.85,0.0
2006-12-20,000059,3.78,3.9,3.93,3.76,57912,22396224.0,4.49,2.9,0.11,2.2,8.78,11.7,6.91,4.26,4.26,3.19,1.86,3.19,3.72,2.39,3.84,3.86,3.86,3.83,2.31,0.51,2.31,2.31,-1.03,-2.31,-3.85,-4.62,-2.82,0.51
2006-12-21,000059,3.91,3.9,3.99,3.86,62904,24748174.0,3.33,0.0,0.0,2.39,8.81,4.15,1.55,1.55,0.52,-0.78,0.52,1.04,-0.26,1.81,3.86,3.85,3.87,3.83,0.51,2.31,2.31,-1.03,-2.31,-3.85,-4.62,-2.82,0.51,3.08
2006-12-22,000059,3.9,3.91,3.92,3.83,36140,14045834.0,2.31,0.26,0.01,1.37,4.96,2.35,2.35,1.31,0.0,1.31,1.83,0.52,2.61,4.18,3.87,3.86,3.88,3.83,2.05,2.05,-1.28,-2.56,-4.09,-4.86,-3.07,0.26,2.81,3.07
2006-12-25,000059,3.9,3.95,3.99,3.9,52379,20672156.0,2.3,1.02,0.04,1.99,0.51,0.51,-0.51,-1.79,-0.51,0.0,-1.28,0.77,2.31,0.51,3.89,3.86,3.88,3.83,1.01,-2.28,-3.54,-5.06,-5.82,-4.05,-0.76,1.77,2.03,5.82
2006-12-26,000059,3.95,3.84,3.99,3.79,46639,18156608.0,5.06,-2.78,-0.11,1.77,3.43,2.37,1.06,2.37,2.9,1.58,3.69,5.28,3.43,5.28,3.9,3.86,3.88,3.83,0.52,-0.78,-2.34,-3.12,-1.3,2.08,4.69,4.95,8.85,11.46
2006-12-27,000059,3.83,3.79,3.86,3.77,40720,15523956.0,2.34,-1.3,-0.05,1.54,2.92,1.59,2.92,3.45,2.12,4.24,5.84,3.98,5.84,5.84,3.88,3.86,3.88,3.83,0.53,-1.06,-1.85,0.0,3.43,6.07,6.33,10.29,12.93,10.29
2006-12-28,000059,3.8,3.66,3.81,3.65,56116,20801484.0,4.22,-3.43,-0.13,2.13,4.93,6.3,6.85,5.48,7.67,9.32,7.4,9.32,9.32,5.75,3.83,3.84,3.87,3.83,2.46,1.64,3.55,7.1,9.84,10.11,14.21,16.94,14.21,15.57
2006-12-29,000059,3.66,3.67,3.75,3.66,47304,17452926.0,2.46,0.27,0.01,1.79,6.01,6.56,5.19,7.38,9.02,7.1,9.02,9.02,5.46,4.1,3.78,3.82,3.86,3.83,1.36,3.27,6.81,9.54,9.81,13.9,16.62,13.9,15.26,14.71
2007-01-04,000059,3.68,3.67,3.72,3.64,50836,18675192.0,2.18,0.0,0.0,1.93,7.14,5.77,7.97,9.62,7.69,9.62,9.62,6.04,4.67,3.02,3.73,3.81,3.85,3.83,3.27,6.81,9.54,9.81,13.9,16.62,13.9,15.26,14.71,16.08
2007-01-05,000059,3.67,3.78,3.79,3.61,41019,15156660.0,4.9,3.0,0.11,1.56,6.65,8.86,10.53,8.59,10.53,10.53,6.93,5.54,3.88,3.05,3.71,3.81,3.84,3.84,3.7,6.35,6.61,10.58,13.23,10.58,11.9,11.38,12.7,15.08
2007-01-08,000059,3.79,3.91,3.92,3.75,65874,25289188.0,4.5,3.44,0.13,2.5,4.8,6.4,4.53,6.4,6.4,2.93,1.6,0.0,-0.8,1.07,3.74,3.81,3.84,3.84,2.81,3.07,6.91,9.46,6.91,8.18,7.67,8.95,11.25,16.11
2007-01-09,000059,3.93,3.95,4.02,3.87,77063,30383108.0,3.84,1.02,0.04,2.92,3.1,1.29,3.1,3.1,-0.26,-1.55,-3.1,-3.88,-2.07,1.29,3.8,3.81,3.83,3.85,2.03,5.82,8.35,5.82,7.09,6.58,7.85,10.13,14.94,17.72
2007-01-10,000059,3.92,4.02,4.03,3.88,100869,39833356.0,3.8,1.77,0.07,3.83,1.03,2.84,2.84,-0.52,-1.8,-3.35,-4.12,-2.32,1.03,3.61,3.87,3.82,3.84,3.86,3.98,6.47,3.98,5.22,4.73,5.97,8.21,12.94,15.67,18.91
2007-01-11,000059,4.02,4.1,4.18,4.0,176364,72360168.0,4.48,1.99,0.08,6.69,-0.25,-0.25,-3.5,-4.75,-6.25,-7.0,-5.25,-2.0,0.5,0.75,3.95,3.84,3.85,3.87,4.39,1.95,3.17,2.68,3.9,6.1,10.73,13.41,16.59,10.24
2007-01-12,000059,4.15,4.09,4.28,4.03,230729,95934688.0,6.1,-0.24,-0.01,8.75,-0.99,-4.22,-5.46,-6.95,-7.69,-5.96,-2.73,-0.25,0.0,3.72,4.01,3.86,3.86,3.88,2.2,3.42,2.93,4.16,6.36,11.0,13.69,16.87,10.51,13.2
2007-01-15,000059,4.04,4.18,4.18,4.02,125660,51700720.0,3.91,2.2,0.09,4.77,-3.98,-5.22,-6.72,-7.46,-5.72,-2.49,0.0,0.25,3.98,6.47,4.07,3.9,3.88,3.89,1.2,0.72,1.91,4.07,8.61,11.24,14.35,8.13,10.77,19.14
2007-01-16,000059,4.21,4.16,4.23,4.05,107048,44335212.0,4.31,-0.48,-0.02,4.06,-5.93,-7.41,-8.15,-6.42,-3.21,-0.74,-0.49,3.21,5.68,3.21,4.11,3.95,3.9,3.9,1.2,2.4,4.57,9.13,11.78,14.9,8.65,11.3,19.71,20.91
2007-01-17,000059,4.16,4.09,4.21,4.05,128666,53138832.0,3.85,-1.68,-0.07,4.88,-7.41,-8.15,-6.42,-3.21,-0.74,-0.49,3.21,5.68,3.21,4.44,4.12,4.0,3.91,3.91,4.16,6.36,11.0,13.69,16.87,10.51,13.2,21.76,22.98,19.32
2007-01-18,000059,4.06,4.25,4.26,4.05,127961,53337588.0,5.13,3.91,0.16,4.85,-8.15,-6.42,-3.21,-0.74,-0.49,3.21,5.68,3.21,4.44,3.95,4.15,4.05,3.93,3.92,2.35,6.82,9.41,12.47,6.35,8.94,17.18,18.35,14.82,7.76
2007-01-19,000059,4.26,4.33,4.35,4.22,155902,66740440.0,3.06,1.88,0.08,5.92,-10.19,-7.11,-4.74,-4.5,-0.95,1.42,-0.95,0.24,-0.24,0.95,4.2,4.11,3.96,3.93,4.85,7.39,10.39,4.39,6.93,15.01,16.17,12.7,5.77,7.39
2007-01-22,000059,4.35,4.51,4.54,4.35,152897,68028072.0,4.39,4.16,0.18,5.8,-9.89,-7.59,-7.36,-3.91,-1.61,-3.91,-2.76,-3.22,-2.07,0.0,4.27,4.17,3.99,3.95,3.1,5.99,0.22,2.66,10.42,11.53,8.2,1.55,3.1,0.67
2007-01-23,000059,4.51,4.55,4.65,4.35,164179,73609792.0,6.65,0.89,0.04,6.23,-7.59,-7.36,-3.91,-1.61,-3.91,-2.76,-3.22,-2.07,0.0,4.37,4.35,4.23,4.02,3.96,5.05,-0.66,1.76,9.45,10.55,7.25,0.66,2.2,-0.22,5.27
2007-01-24,000059,4.56,4.51,4.78,4.51,212083,98303744.0,5.93,-0.88,-0.04,8.05,-10.64,-7.32,-5.1,-7.32,-6.21,-6.65,-5.54,-3.55,0.67,3.1,4.43,4.28,4.05,3.99,0.22,2.66,10.42,11.53,8.2,1.55,3.1,0.67,6.21,6.43
2007-01-25,000059,4.49,4.43,4.52,4.31,146767,64957556.0,4.66,-1.77,-0.08,5.57,-3.02,-0.7,-3.02,-1.86,-2.32,-1.16,0.93,5.34,7.89,10.9,4.47,4.31,4.07,4.0,4.51,12.42,13.54,10.16,3.39,4.97,2.48,8.13,8.35,11.96
2007-01-26,000059,4.44,4.63,4.63,4.19,171282,76422792.0,9.93,4.51,0.2,6.5,2.15,-0.24,0.95,0.48,1.67,3.82,8.35,10.98,14.08,7.88,4.53,4.36,4.11,4.03,7.56,8.64,5.4,-1.08,0.43,-1.94,3.46,3.67,7.13,6.05
2007-01-29,000059,4.75,4.92,4.98,4.72,350509,169644528.0,5.62,6.26,0.29,13.3,-11.44,-10.38,-10.81,-9.75,-7.84,-3.81,-1.48,1.27,-4.24,-1.91,4.61,4.44,4.17,4.07,2.24,-0.81,-6.91,-5.49,-7.72,-2.64,-2.44,0.81,-0.2,0.2
2007-01-30,000059,4.87,4.88,5.03,4.75,160988,78613016.0,5.69,-0.81,-0.04,6.11,-10.95,-11.37,-10.32,-8.42,-4.42,-2.11,0.63,-4.84,-2.53,4.84,4.67,4.51,4.23,4.1,0.0,-6.15,-4.71,-6.97,-1.84,-1.64,1.64,0.61,1.02,3.07
2007-01-31,000059,4.81,4.52,4.88,4.47,128877,60204028.0,8.4,-7.38,-0.36,4.89,-5.82,-4.7,-2.68,1.57,4.03,6.94,1.12,3.58,11.41,12.53,4.68,4.55,4.27,4.12,1.33,2.88,0.44,5.97,6.19,9.73,8.63,9.07,11.28,12.83
2007-02-01,000059,4.41,4.52,4.58,4.33,89564,39943240.0,5.53,0.0,0.0,3.4,-1.62,0.46,4.85,7.39,10.39,4.39,6.93,15.01,16.17,12.7,4.69,4.58,4.32,4.15,2.88,0.44,5.97,6.19,9.73,8.63,9.07,11.28,12.83,13.72
2007-02-02,000059,4.54,4.44,4.65,4.42,71746,32448032.0,5.09,-1.77,-0.08,2.72,-1.58,2.71,5.2,8.14,2.26,4.75,12.67,13.8,10.41,3.62,4.66,4.59,4.35,4.17,2.25,7.88,8.11,11.71,10.59,11.04,13.29,14.86,15.77,22.07
2007-02-05,000059,4.44,4.47,4.54,4.41,49335,22093030.0,2.93,0.68,0.03,1.87,2.95,5.44,8.39,2.49,4.99,12.93,14.06,10.66,3.85,5.44,4.57,4.59,4.38,4.19,7.16,7.38,10.96,9.84,10.29,12.53,14.09,14.99,21.25,26.4
2007-02-06,000059,4.49,4.73,4.79,4.49,86353,40003976.0,6.71,5.82,0.26,3.28,3.56,6.46,0.67,3.12,10.91,12.03,8.69,2.0,3.56,1.11,4.54,4.6,4.42,4.22,1.48,4.86,3.81,4.23,6.34,7.82,8.67,14.59,19.45,21.56
2007-02-07,000059,4.73,4.76,4.8,4.65,85619,40466604.0,3.17,0.63,0.03,3.25,2.8,-2.8,-0.43,7.1,8.17,4.95,-1.51,0.0,-2.37,3.01,4.58,4.63,4.45,4.24,4.2,3.15,3.57,5.67,7.14,7.98,13.87,18.7,20.8,16.18
2007-02-08,000059,4.79,4.85,4.96,4.71,100799,49087560.0,5.25,1.89,0.09,3.82,-4.03,-1.7,5.73,6.79,3.61,-2.76,-1.27,-3.61,1.7,1.91,4.65,4.67,4.49,4.27,1.24,1.65,3.71,5.15,5.98,11.75,16.49,18.56,14.02,20.82
2007-02-09,000059,4.86,4.85,4.91,4.76,78967,38207376.0,3.09,0.0,0.0,3.0,-2.73,4.62,5.67,2.52,-3.78,-2.31,-4.62,0.63,0.84,4.2,4.73,4.69,4.53,4.31,1.65,3.71,5.15,5.98,11.75,16.49,18.56,14.02,20.82,23.09
2007-02-12,000059,4.85,4.89,4.93,4.82,71192,34717836.0,2.27,0.82,0.04,2.7,3.32,4.36,1.24,-4.98,-3.53,-5.81,-0.62,-0.41,2.9,1.87,4.82,4.69,4.56,4.34,2.86,4.29,5.11,10.84,15.54,17.59,13.09,19.84,22.09,18.2
2007-02-13,000059,4.91,4.97,5.03,4.88,86721,43032788.0,3.07,1.64,0.08,3.29,3.07,0.0,-6.15,-4.71,-6.97,-1.84,-1.64,1.64,0.61,1.02,4.86,4.7,4.6,4.39,2.62,3.42,9.05,13.68,15.69,11.27,17.91,20.12,16.3,14.29
2007-02-14,000059,4.98,5.05,5.1,4.92,120255,60314944.0,3.62,1.61,0.08,4.56,-0.81,-6.91,-5.49,-7.72,-2.64,-2.44,0.81,-0.2,0.2,2.24,4.92,4.75,4.65,4.43,1.78,7.33,11.88,13.86,9.5,16.04,18.22,14.46,12.48,14.65
2007-02-15,000059,5.1,5.09,5.14,5.01,105583,53666244.0,2.57,0.79,0.04,4.01,-8.58,-7.19,-9.38,-4.39,-4.19,-1.0,-2.0,-1.6,0.4,1.8,4.97,4.81,4.69,4.48,6.48,11.0,12.97,8.64,15.13,17.29,13.56,11.59,13.75,15.91
2007-02-16,000059,5.1,5.21,5.42,5.03,141526,73781528.0,7.66,2.36,0.12,5.37,-7.55,-9.74,-4.77,-4.57,-1.39,-2.39,-1.99,0.0,1.39,2.19,5.04,4.89,4.74,4.53,8.45,10.36,6.14,12.48,14.59,10.94,9.02,11.13,13.24,17.85
2007-02-26,000059,5.22,5.63,5.65,5.22,157708,86675840.0,8.25,8.06,0.42,5.98,-13.03,-8.24,-8.05,-4.98,-5.94,-5.56,-3.64,-2.3,-1.53,3.83,5.19,5.0,4.79,4.59,2.13,-1.78,4.09,6.04,2.66,0.89,2.84,4.8,9.06,13.14
2007-02-27,000059,5.66,5.07,5.75,5.07,194915,106407152.0,12.08,-9.95,-0.56,7.4,-5.52,-5.33,-2.17,-3.16,-2.76,-0.79,0.59,1.38,6.9,11.44,5.21,5.04,4.82,4.62,9.07,15.58,17.75,14.0,12.03,14.2,16.37,21.1,25.64,30.18
2007-02-28,000059,5.01,5.51,5.53,5.01,181649,95569872.0,10.26,8.68,0.44,6.89,-4.19,-1.0,-2.0,-1.6,0.4,1.8,2.59,8.18,12.77,14.77,5.3,5.11,4.87,4.67,6.35,8.35,4.9,3.09,5.08,7.08,11.43,15.61,19.78,28.86
2007-03-01,000059,5.51,5.77,5.86,5.38,259836,146237408.0,8.71,4.72,0.26,9.86,-7.81,-8.74,-8.36,-6.51,-5.2,-4.46,0.74,5.02,6.88,2.79,5.44,5.2,4.94,4.73,3.47,0.17,-1.56,0.35,2.25,6.41,10.4,14.38,23.05,33.97
2007-03-02,000059,5.81,5.71,5.97,5.66,155414,90005704.0,5.37,-1.04,-0.06,5.9,-13.25,-12.9,-11.13,-9.89,-9.19,-4.24,-0.18,1.59,-2.3,3.53,5.54,5.29,4.99,4.78,1.23,-0.53,1.4,3.33,7.53,11.56,15.59,24.34,35.38,31.52
2007-03-05,000059,5.73,5.62,5.78,5.33,144360,80419160.0,7.88,-1.58,-0.09,5.48,-7.5,-5.63,-4.32,-3.56,1.69,6.0,7.88,3.75,9.94,12.01,5.54,5.36,5.03,4.83,1.07,3.02,4.98,9.25,13.35,17.44,26.33,37.54,33.63,33.45
2007-03-06,000059,5.59,5.65,5.68,5.48,74809,41913144.0,3.56,0.53,0.03,2.84,-8.21,-6.93,-6.2,-1.09,3.1,4.93,0.91,6.93,8.94,5.47,5.65,5.43,5.07,4.88,2.48,4.42,8.67,12.74,16.81,25.66,36.81,32.92,32.74,42.65
2007-03-07,000059,5.64,5.72,5.79,5.62,80046,45647044.0,3.01,1.24,0.07,3.04,-9.25,-8.54,-3.56,0.53,2.31,-1.6,4.27,6.23,2.85,1.07,5.69,5.5,5.13,4.93,3.15,7.34,11.36,15.38,24.13,35.14,31.29,31.12,40.91,45.98
2007-03-08,000059,5.72,5.86,5.9,5.63,112435,65407676.0,4.72,2.45,0.14,4.27,-8.7,-3.73,0.36,2.13,-1.78,4.09,6.04,2.66,0.89,2.84,5.71,5.58,5.19,4.99,4.78,8.7,12.63,21.16,31.91,28.16,27.99,37.54,42.49,45.05
2007-03-09,000059,5.86,5.97,6.14,5.8,170699,102625696.0,5.8,1.88,0.11,6.48,-6.55,-2.59,-0.86,-4.66,1.03,2.93,-0.34,-2.07,-0.17,1.72,5.76,5.65,5.27,5.04,6.7,10.55,18.93,29.48,25.8,25.63,35.01,39.87,42.38,48.91
2007-03-12,000059,5.95,6.33,6.37,5.93,141434,87872200.0,7.37,6.03,0.36,5.37,-4.72,-3.04,-6.75,-1.18,0.67,-2.53,-4.22,-2.36,-0.51,3.54,5.91,5.72,5.36,5.1,4.27,12.16,22.12,18.64,18.48,27.33,31.91,34.28,40.44,51.03
2007-03-13,000059,6.35,6.45,6.6,6.26,173423,110992032.0,5.37,1.9,0.12,6.58,-8.15,-11.66,-6.39,-4.63,-7.67,-9.27,-7.51,-5.75,-1.92,1.76,6.07,5.86,5.45,5.17,10.08,19.84,16.43,16.28,24.96,29.46,31.78,37.83,48.22,55.04
2007-03-14,000059,6.31,7.1,7.1,6.2,300328,204802416.0,13.95,10.08,0.65,11.39,-10.81,-5.48,-3.71,-6.77,-8.39,-6.61,-4.84,-0.97,2.74,6.45,6.34,6.02,5.56,5.25,8.87,5.77,5.63,13.52,17.61,19.72,25.21,34.65,40.85,42.25
2007-03-15,000059,7.3,7.5,7.73,7.12,341190,251833840.0,8.59,5.63,0.4,12.94,-17.7,-16.15,-18.82,-20.22,-18.68,-17.13,-13.76,-10.53,-7.3,-0.28,6.67,6.19,5.7,5.36,0.13,0.0,7.47,11.33,13.33,18.53,27.47,33.33,34.67,30.13
2007-03-16,000059,7.5,7.21,7.51,7.0,231456,168247312.0,6.8,-3.87,-0.29,8.78,-14.71,-17.43,-18.86,-17.29,-15.71,-12.29,-9.0,-5.71,1.43,10.43,6.92,6.34,5.82,5.44,4.02,11.79,15.81,17.89,23.3,32.59,38.7,40.08,35.37,37.03
2007-03-19,000059,6.94,7.33,7.5,6.87,204883,148704896.0,8.74,1.66,0.12,7.77,-15.87,-17.32,-15.72,-14.12,-10.63,-7.28,-3.93,3.35,12.52,9.32,7.12,6.51,5.94,5.52,9.96,13.92,15.96,21.28,30.42,36.43,37.79,33.15,34.79,31.79
2007-03-20,000059,7.3,8.06,8.06,7.29,268376,208196912.0,10.5,9.96,0.73,10.18,-22.09,-20.58,-19.07,-15.78,-12.62,-9.47,-2.61,6.04,3.02,2.88,7.44,6.75,6.09,5.63,3.6,5.46,10.3,18.61,24.07,25.31,21.09,22.58,19.85,28.41
2007-03-21,000059,7.95,8.12,8.35,7.8,231770,187180288.0,6.82,0.74,0.06,8.79,-25.77,-24.36,-21.28,-18.33,-15.38,-8.97,-0.9,-3.72,-3.85,3.33,7.64,6.99,6.25,5.75,4.68,9.48,17.73,23.15,24.38,20.2,21.67,18.97,27.46,31.77
2007-03-22,000059,8.1,8.21,8.5,7.98,197451,161262624.0,6.4,1.11,0.09,7.49,-26.07,-23.06,-20.18,-17.29,-11.03,-3.13,-5.89,-6.02,1.0,4.64,7.79,7.23,6.4,5.87,8.28,16.44,21.8,23.02,18.88,20.34,17.66,26.07,30.33,27.53
2007-03-23,000059,8.11,8.69,8.89,8.11,283208,239880928.0,9.5,5.85,0.48,10.75,-24.29,-21.45,-18.62,-12.45,-4.69,-7.4,-7.52,-0.62,2.96,4.81,8.08,7.5,6.58,6.01,10.01,15.07,16.23,12.31,13.69,11.16,19.1,23.13,20.48,26.12
2007-04-04,000059,9.56,9.5,9.56,9.4,235704,225235632.0,1.84,9.32,0.81,8.94,-32.23,-29.79,-24.47,-17.77,-20.11,-20.21,-14.26,-11.17,-9.57,-5.43,8.52,7.82,6.77,6.18,5.26,6.32,2.74,4.0,1.68,8.95,12.63,10.21,15.37,13.58
2007-04-05,000059,9.5,9.71,10.0,9.0,346495,326952032.0,10.53,2.21,0.21,13.15,-26.67,-21.11,-14.11,-16.56,-16.67,-10.44,-7.22,-5.56,-1.22,6.22,8.85,8.14,7.0,6.35,4.02,0.51,1.75,-0.51,6.59,10.2,7.83,12.87,11.12,13.7
2007-04-06,000059,9.57,9.65,10.1,9.4,270639,263682560.0,7.21,-0.62,-0.06,10.27,-24.47,-17.77,-20.11,-20.21,-14.26,-11.17,-9.57,-5.43,1.7,6.38,9.15,8.4,7.21,6.51,1.14,2.38,0.1,7.25,10.88,8.5,13.58,11.81,14.4,24.35
2007-04-09,000059,9.65,9.7,9.76,9.5,237296,228498080.0,2.69,0.52,0.05,9.0,-18.63,-20.95,-21.05,-15.16,-12.11,-10.53,-6.42,0.63,5.26,6.32,9.45,8.62,7.4,6.67,1.86,-0.41,6.7,10.31,7.94,12.99,11.24,13.81,23.71,24.74
2007-04-10,000059,9.76,9.6,9.88,9.3,211215,202974032.0,5.98,-1.03,-0.1,8.01,-19.25,-19.35,-13.33,-10.22,-8.6,-4.41,2.8,7.53,8.6,4.95,9.63,8.86,7.6,6.83,0.63,7.81,11.46,9.06,14.17,12.4,15.0,25.0,26.04,25.0
2007-04-11,000059,9.63,9.52,9.66,9.38,170515,161971920.0,2.92,-0.83,-0.08,6.47,-20.04,-14.07,-10.98,-9.38,-5.22,1.92,6.61,7.68,4.05,5.33,9.64,9.08,7.79,6.98,8.72,12.39,9.98,15.13,13.34,15.97,26.05,27.1,26.05,25.0
2007-04-12,000059,9.52,10.24,10.35,9.52,312162,311894784.0,8.72,7.56,0.72,11.84,-15.34,-12.29,-10.71,-6.62,0.42,5.04,6.09,2.52,3.78,1.47,9.74,9.29,8.02,7.16,4.49,2.25,7.03,5.37,7.81,17.19,18.16,17.19,16.21,19.14
2007-04-16,000059,10.5,10.34,10.7,10.2,266124,276214976.0,4.88,0.98,0.1,10.1,-18.14,-16.67,-12.84,-6.27,-1.96,-0.98,-4.31,-3.14,-5.29,1.47,9.88,9.52,8.25,7.34,1.26,6.0,4.35,6.77,16.05,17.02,16.05,15.09,17.99,15.67
2007-04-17,000059,10.4,10.35,10.47,9.98,235099,239583376.0,4.74,0.1,0.01,8.92,-14.83,-10.92,-4.21,0.2,1.2,-2.2,-1.0,-3.21,3.71,7.21,10.01,9.73,8.48,7.51,5.89,4.25,6.67,15.94,16.91,15.94,14.98,17.87,15.56,19.52
2007-04-18,000059,10.36,10.86,10.96,10.15,256720,271368544.0,7.83,4.93,0.51,9.74,-12.41,-5.81,-1.48,-0.49,-3.84,-2.66,-4.83,1.97,5.42,3.15,10.26,9.95,8.72,7.7,-0.64,1.66,10.5,11.42,10.5,9.58,12.34,10.13,13.9,12.89
2007-04-19,000059,10.79,10.09,10.79,9.79,232162,240469328.0,9.21,-7.09,-0.77,8.81,-2.35,2.15,3.17,-0.31,0.92,-1.33,5.72,9.3,6.95,11.95,10.38,10.01,8.91,7.85,9.42,18.93,19.92,18.93,17.94,20.91,18.53,22.6,21.51,18.63
2007-04-20,000059,10.16,10.95,11.04,10.16,272288,290255680.0,8.72,8.52,0.86,10.33,-1.57,-0.59,-3.94,-2.76,-4.92,1.87,5.31,3.05,7.87,6.2,10.52,10.13,9.14,8.04,9.59,10.5,9.59,8.68,11.42,9.22,12.97,11.96,9.32,7.67
2007-04-23,000059,11.5,11.82,12.0,11.21,362933,419168864.0,7.21,7.95,0.87,13.77,-9.9,-12.93,-11.86,-13.83,-7.67,-4.55,-6.6,-2.23,-3.75,-1.52,10.81,10.35,9.37,8.25,2.37,1.52,0.68,3.21,1.18,4.65,3.72,1.27,-0.25,0.25
2007-04-24,000059,11.98,11.72,12.1,11.55,251068,297290560.0,4.65,-0.85,-0.1,9.53,-15.5,-14.46,-16.36,-10.39,-7.36,-9.35,-5.11,-6.58,-4.42,3.9,11.09,10.55,9.58,8.45,2.39,1.54,4.1,2.05,5.55,4.61,2.13,0.6,1.11,0.09
2007-04-25,000059,11.6,11.66,12.0,11.35,171621,200743168.0,5.55,-0.51,-0.06,6.51,-12.95,-14.89,-8.81,-5.73,-7.75,-3.44,-4.93,-2.73,5.73,6.61,11.25,10.76,9.81,8.65,2.06,4.63,2.57,6.09,5.15,2.66,1.11,1.63,0.6,6.17
2007-04-26,000059,11.8,11.73,11.9,11.51,113340,132597856.0,3.34,0.6,0.07,4.3,-16.07,-10.08,-7.04,-9.04,-4.78,-6.26,-4.08,4.26,5.13,4.26,11.58,10.98,10.03,8.85,4.01,1.96,5.46,4.52,2.05,0.51,1.02,0.0,5.54,9.12
2007-04-27,000059,11.75,11.8,12.2,11.74,166981,199217680.0,3.92,0.6,0.07,6.34,-11.84,-8.86,-10.82,-6.64,-8.09,-5.96,2.21,3.07,2.21,1.36,11.75,11.13,10.21,9.06,1.36,4.83,3.9,1.44,-0.08,0.42,-0.59,4.92,8.47,5.17
2007-04-30,000059,11.78,11.85,11.96,11.39,178065,207912416.0,4.83,0.42,0.05,6.76,-6.06,-8.08,-3.78,-5.27,-3.07,5.36,6.23,5.36,4.48,7.11,11.75,11.28,10.4,9.26,4.39,3.46,1.01,-0.51,0.0,-1.01,4.47,8.02,4.73,5.99
2007-05-08,000059,12.01,12.3,12.37,11.91,236996,288901216.0,3.88,3.8,0.45,8.99,-12.09,-7.98,-9.4,-7.3,0.76,1.6,0.76,-0.08,2.43,0.42,11.87,11.48,10.6,9.48,-0.33,-2.68,-4.15,-3.66,-4.63,0.65,4.07,0.89,2.11,10.41
2007-05-09,000059,12.26,11.91,12.26,11.4,209702,249482672.0,6.99,-3.17,-0.39,7.96,-3.86,-5.35,-3.16,5.26,6.14,5.26,4.39,7.02,4.91,8.51,11.92,11.58,10.76,9.68,0.5,-1.01,-0.5,-1.51,3.95,7.47,4.2,5.46,14.02,11.67
2007-05-10,000059,11.89,11.81,11.97,11.55,181997,213568864.0,3.53,-0.84,-0.1,6.91,-6.58,-4.42,3.9,4.76,3.9,3.03,5.63,3.55,7.1,6.15,11.93,11.76,10.88,9.86,-0.17,0.34,-0.68,4.83,8.38,5.08,6.35,14.99,12.62,14.14
2007-05-11,000059,11.62,11.49,11.79,11.4,189306,218954496.0,3.3,-2.71,-0.32,7.18,-3.16,5.26,6.14,5.26,4.39,7.02,4.91,8.51,7.54,5.0,11.87,11.81,10.97,10.03,3.13,2.09,7.75,11.4,8.01,9.31,18.19,15.75,17.32,22.72
2007-05-14,000059,11.3,11.54,11.85,11.12,159783,185619824.0,6.35,0.44,0.05,6.06,7.91,8.81,7.91,7.01,9.71,7.55,11.24,10.25,7.64,6.03,11.81,11.78,11.06,10.18,1.65,7.28,10.92,7.54,8.84,17.68,15.25,16.81,22.18,25.04
2007-05-15,000059,11.56,11.25,11.73,11.2,183119,211325376.0,4.59,-2.51,-0.29,6.95,8.04,7.14,6.25,8.93,6.79,10.45,9.46,6.88,5.27,5.8,11.6,11.73,11.14,10.3,10.04,13.78,10.31,11.64,20.71,18.22,19.82,25.33,28.27,28.8
2007-05-16,000059,11.36,12.38,12.38,11.36,323239,384691840.0,9.07,10.04,1.13,12.26,5.63,4.75,7.39,5.28,8.89,7.92,5.37,3.79,4.31,3.26,11.69,11.81,11.28,10.47,3.39,0.24,1.45,9.69,7.43,8.89,13.89,16.56,17.04,12.28
2007-05-17,000059,12.5,12.45,12.8,12.24,320373,400361824.0,4.52,0.57,0.07,12.16,-2.78,-0.33,-2.29,1.06,0.16,-2.21,-3.68,-3.19,-4.17,1.14,11.82,11.88,11.43,10.64,-0.32,0.88,9.08,6.83,8.27,13.25,15.9,16.39,11.65,2.81
2007-05-18,000059,12.4,12.17,12.41,12.1,190096,232730272.0,2.49,-2.25,-0.28,7.21,0.83,-1.16,2.23,1.32,-1.07,-2.56,-2.07,-3.06,2.31,5.79,11.96,11.92,11.52,10.78,3.2,11.59,9.29,10.76,15.86,18.57,19.06,14.22,5.18,2.63
2007-05-21,000059,11.69,12.55,12.56,11.59,217532,267501072.0,7.97,3.12,0.38,8.25,3.19,6.73,5.78,3.28,1.73,2.24,1.21,6.82,10.44,7.08,12.16,11.98,11.63,10.93,8.21,5.98,7.41,12.35,14.98,15.46,10.76,1.99,-0.48,-9.32
2007-05-22,000059,12.7,12.86,13.58,12.7,263372,344986016.0,7.01,2.47,0.31,9.99,-2.6,-3.46,-5.75,-7.17,-6.69,-7.64,-2.52,0.79,-2.28,-1.1,12.48,12.04,11.76,11.08,3.42,4.82,9.64,12.21,12.67,8.09,-0.47,-2.88,-11.51,-14.46
2007-05-23,000059,12.95,13.18,13.3,12.7,196375,255024544.0,4.67,2.49,0.32,7.45,-3.46,-5.75,-7.17,-6.69,-7.64,-2.52,0.79,-2.28,-1.1,6.93,12.64,12.17,11.88,11.23,2.28,6.98,9.48,9.94,5.46,-2.88,-5.24,-13.66,-16.54,-9.71
2007-05-24,000059,13.18,13.2,13.48,12.7,227327,295678624.0,5.92,0.15,0.02,8.62,-5.75,-7.17,-6.69,-7.64,-2.52,0.79,-2.28,-1.1,6.93,4.72,12.79,12.31,12.03,11.36,6.82,9.32,9.77,5.3,-3.03,-5.38,-13.79,-16.67,-9.85,-8.33
2007-05-25,000059,13.21,13.91,14.1,13.0,306899,418630784.0,8.33,5.38,0.71,11.64,-9.31,-8.85,-9.77,-4.77,-1.54,-4.54,-3.38,4.46,2.31,3.69,13.14,12.55,12.18,11.5,3.74,4.17,-0.07,-7.98,-10.21,-18.19,-20.92,-14.45,-13.01,-11.72
2007-05-28,000059,14.2,13.96,14.43,13.95,233820,329304224.0,3.45,0.36,0.05,8.87,-15.05,-15.91,-11.25,-8.24,-11.04,-9.96,-2.65,-4.66,-3.37,1.08,13.42,12.79,12.29,11.64,3.8,-0.43,-8.31,-10.53,-18.48,-21.2,-14.76,-13.32,-12.03,-9.89
2007-05-29,000059,13.96,14.29,14.49,13.8,202617,287014816.0,4.94,2.36,0.33,7.69,-15.0,-10.29,-7.25,-10.07,-8.99,-1.59,-3.62,-2.32,2.17,4.57,13.71,13.09,12.41,11.79,-2.73,-10.43,-12.6,-20.36,-23.02,-16.72,-15.33,-14.07,-11.97,-8.68
2007-05-30,000059,13.4,12.86,13.9,12.86,324097,430406080.0,7.28,-10.01,-1.43,12.3,-3.73,-0.47,-3.5,-2.33,5.6,3.42,4.82,9.64,12.21,12.67,13.64,13.14,12.47,11.9,-0.47,-2.88,-11.51,-14.46,-7.47,-5.91,-4.51,-2.18,1.48,5.44
2007-05-31,000059,12.5,12.05,12.8,11.57,287085,344324960.0,9.56,-6.3,-0.81,10.89,10.63,7.26,8.56,17.37,14.95,16.51,21.87,24.72,25.24,20.14,13.41,13.1,12.49,11.99,3.65,-5.56,-8.71,-1.24,0.41,1.91,4.4,8.3,12.53,12.03
2007-06-01,000059,12.11,10.82,12.49,10.79,281018,325462368.0,14.11,-10.21,-1.23,10.66,15.01,16.4,25.86,23.26,24.93,30.68,33.73,34.29,28.82,18.63,12.8,12.97,12.44,12.01,5.18,1.66,9.98,11.83,13.49,16.27,20.61,25.32,24.77,22.55
2007-06-04,000059,11.2,10.22,11.38,10.0,253395,268835104.0,12.75,-5.55,-0.6,9.61,25.6,35.8,33.0,34.8,41.0,44.3,44.9,39.0,28.0,24.9,12.05,12.73,12.36,12.0,7.63,16.44,18.4,20.16,23.09,27.69,32.68,32.09,29.75,34.05
2007-06-05,000059,10.03,11.0,11.0,9.39,276294,284728800.0,15.75,7.63,0.78,10.48,44.62,41.64,43.56,50.16,53.67,54.31,48.03,36.32,33.01,21.19,11.39,12.55,12.29,12.02,8.18,10.0,11.64,14.36,18.64,23.27,22.73,20.55,24.55,29.09
2007-06-06,000059,11.21,11.58,11.9,11.21,216395,252093120.0,6.27,5.27,0.58,8.21,18.64,20.25,25.78,28.72,29.26,24.0,14.18,11.42,1.52,-1.87,11.13,12.39,12.28,12.05,4.49,6.04,8.64,12.69,17.1,16.58,14.51,18.31,22.63,21.76
2007-06-07,000059,11.65,11.96,12.1,11.61,204994,243641584.0,4.23,3.28,0.38,7.78,16.11,21.45,24.29,24.81,19.72,10.25,7.58,-1.98,-5.25,2.5,11.12,12.26,12.29,12.11,2.68,5.18,9.11,13.38,12.88,10.87,14.55,18.73,17.89,13.88
2007-06-08,000059,11.97,12.07,12.28,11.75,213153,255534688.0,4.43,0.92,0.11,8.09,20.0,22.81,23.32,18.3,8.94,6.3,-3.15,-6.38,1.28,2.98,11.37,12.08,12.31,12.15,4.23,8.12,12.34,11.85,9.86,13.5,17.65,16.82,12.84,2.73
2007-06-11,000059,12.1,12.24,12.58,12.1,185170,228106592.0,3.98,1.41,0.17,7.03,19.26,19.75,14.88,5.79,3.22,-5.95,-9.09,-1.65,0.0,1.49,11.77,11.91,12.35,12.16,6.62,10.78,10.29,8.33,11.93,16.01,15.2,11.27,1.31,-3.59
2007-06-12,000059,12.3,13.02,13.05,11.9,247638,310655296.0,9.4,6.37,0.78,9.4,21.76,16.81,7.56,4.96,-4.37,-7.56,0.0,1.68,3.19,5.71,12.17,11.78,12.44,12.2,4.15,3.69,1.84,5.22,9.06,8.29,4.61,-4.76,-9.37,-7.14
2007-06-13,000059,13.37,13.12,13.56,13.1,243928,324006368.0,3.53,0.77,0.1,9.25,6.11,-2.29,-4.66,-13.13,-16.03,-9.16,-7.63,-6.26,-3.97,-0.38,12.48,11.81,12.48,12.25,2.9,1.07,4.42,8.23,7.47,3.81,-5.49,-10.06,-7.85,-8.92
2007-06-14,000059,13.1,13.02,13.5,12.71,198637,261785312.0,6.02,-0.76,-0.1,7.54,0.71,-1.73,-10.46,-13.45,-6.37,-4.8,-3.38,-1.02,2.68,6.69,12.69,11.9,12.5,12.3,1.84,5.22,9.06,8.29,4.61,-4.76,-9.37,-7.14,-8.22,-16.67
2007-06-15,000059,12.88,12.88,13.26,12.76,162515,210557456.0,3.84,-1.08,-0.14,6.17,-2.12,-10.82,-13.79,-6.74,-5.17,-3.76,-1.41,2.27,6.27,5.8,12.86,12.11,12.54,12.33,6.37,10.25,9.47,5.75,-3.73,-8.39,-6.13,-7.22,-15.76,-17.31
2007-06-18,000059,13.22,13.53,13.7,13.02,226743,303520768.0,5.28,5.05,0.65,8.6,-12.6,-15.51,-8.6,-7.07,-5.68,-3.38,0.23,4.15,3.69,1.84,13.11,12.44,12.59,12.39,4.95,4.21,0.67,-8.35,-12.79,-10.64,-11.68,-19.81,-21.29,-19.59
2007-06-19,000059,13.7,13.96,14.2,13.41,207935,289262240.0,5.84,3.18,0.43,7.89,-17.97,-11.26,-9.77,-8.43,-6.19,-2.68,1.12,0.67,-1.12,2.16,13.3,12.74,12.64,12.44,1.0,-2.44,-11.17,-15.47,-13.4,-14.4,-22.28,-23.71,-22.06,-25.86
2007-06-20,000059,13.99,13.29,14.1,12.98,187951,256446112.0,8.02,-4.8,-0.67,7.13,-8.32,-6.78,-5.39,-3.08,0.54,4.47,4.01,2.16,5.55,9.4,13.34,12.91,12.65,12.49,2.48,-6.7,-11.21,-9.03,-10.08,-18.36,-19.86,-18.13,-22.12,-22.5
2007-06-22,000059,13.55,12.04,13.62,11.96,219047,276287456.0,12.49,-9.41,-1.25,8.31,1.17,2.68,5.18,9.11,13.38,12.88,10.87,14.55,18.73,17.89,13.14,12.92,12.59,12.5,2.99,-1.99,0.42,-0.75,-9.88,-11.54,-9.63,-14.04,-14.45,-12.04
2007-06-25,000059,12.18,10.86,12.4,10.84,172968,197765328.0,12.96,-9.8,-1.18,6.56,13.28,16.05,20.39,25.09,24.54,22.32,26.38,31.0,30.07,25.65,12.74,12.8,12.44,12.48,8.66,11.33,10.04,-0.09,-1.93,0.18,-4.7,-5.16,-2.49,-4.6
2007-06-26,000059,10.6,11.79,11.8,10.5,145840,162610288.0,11.97,8.56,0.93,5.53,19.81,24.29,29.14,28.57,26.29,30.48,35.24,34.29,29.71,18.1,12.39,12.75,12.33,12.48,2.54,1.36,-7.97,-9.67,-7.72,-12.21,-12.64,-10.18,-12.13,-12.21
2007-06-27,000059,11.88,11.98,12.09,11.61,143290,170404112.0,4.07,1.61,0.19,5.44,12.4,16.8,16.28,14.21,18.0,22.31,21.45,17.31,6.8,1.64,11.99,12.65,12.21,12.51,-0.25,-9.43,-11.1,-9.18,-13.61,-14.02,-11.6,-13.52,-13.61,-11.52
2007-06-28,000059,11.94,10.8,11.95,10.79,126750,143937088.0,9.68,-9.85,-1.18,4.81,25.67,25.12,22.89,26.97,31.6,30.68,26.23,14.92,9.36,12.05,11.49,12.41,12.11,12.46,0.46,-1.39,0.74,-4.17,-4.63,-1.94,-4.07,-4.17,-1.85,-1.2
2007-06-29,000059,10.5,10.2,10.85,10.0,120116,124898032.0,7.87,-5.56,-0.6,4.56,35.0,32.6,37.0,42.0,41.0,36.2,24.0,18.0,20.9,19.5,11.13,12.13,12.02,12.38,4.41,6.67,1.47,0.98,3.82,1.57,1.47,3.92,4.61,4.71
2007-07-02,000059,10.3,10.6,10.65,10.11,79250,82699656.0,5.29,3.92,0.4,3.01,31.16,35.51,40.45,39.47,34.72,22.65,16.72,19.58,18.2,7.32,11.07,11.9,12.01,12.33,2.64,-2.36,-2.83,-0.09,-2.26,-2.36,0.0,0.66,0.75,-2.45
2007-07-03,000059,10.8,10.58,10.88,10.25,74196,78481912.0,5.94,-0.19,-0.02,2.82,33.66,38.54,37.56,32.88,20.98,15.12,17.95,16.59,5.85,3.9,10.83,11.61,12.03,12.26,-2.17,-2.65,0.09,-2.08,-2.17,0.19,0.85,0.95,-2.27,-1.7
2007-07-05,000059,10.0,9.54,10.35,9.54,78584,78197200.0,7.66,-9.83,-1.04,2.98,48.85,47.8,42.77,29.98,23.69,26.73,25.26,13.73,11.64,14.05,10.34,11.17,11.95,12.15,7.97,11.01,8.6,8.49,11.11,11.84,11.95,8.39,9.01,7.86
2007-07-06,000059,9.51,10.16,10.3,8.97,119072,114778800.0,13.94,6.5,0.62,4.52,57.19,51.84,38.24,31.55,34.78,33.22,20.96,18.73,21.29,15.38,10.22,10.85,11.88,12.05,4.23,1.97,1.87,4.33,5.02,5.12,1.77,2.36,1.28,4.13
2007-07-09,000059,10.3,10.46,10.59,10.05,104261,107757432.0,5.31,2.95,0.3,3.96,35.52,23.38,17.41,20.3,18.91,7.96,5.97,8.26,2.99,2.49,10.27,10.7,11.81,11.96,-0.96,-1.05,1.34,2.01,2.1,-1.15,-0.57,-1.63,1.15,8.8
2007-07-10,000059,10.36,10.05,10.36,10.01,72494,73447800.0,3.35,-3.92,-0.41,2.75,23.88,17.88,20.78,19.38,8.39,6.39,8.69,3.4,2.9,5.79,10.16,10.62,11.71,11.83,2.99,5.47,6.17,6.27,2.89,3.48,2.39,5.27,13.23,15.32
2007-07-11,000059,10.0,10.16,10.35,9.9,38970,39471648.0,4.48,1.09,0.11,1.48,19.19,22.12,20.71,9.6,7.58,9.9,4.55,4.04,6.97,4.65,10.07,10.45,11.6,11.7,4.33,5.02,5.12,1.77,2.36,1.28,4.13,12.01,14.07,13.19
2007-07-12,000059,10.2,10.58,10.6,10.08,93347,96950888.0,5.12,4.13,0.42,3.54,19.94,18.55,7.64,5.65,7.94,2.68,2.18,5.06,2.78,2.68,10.28,10.31,11.48,11.58,0.85,0.95,-2.27,-1.7,-2.74,0.0,7.56,9.55,8.7,11.53
2007-07-13,000059,10.6,10.57,10.67,10.38,79189,83566528.0,2.74,-0.09,-0.01,3.0,15.13,4.53,2.6,4.82,-0.29,-0.77,2.02,-0.19,-0.29,2.12,10.36,10.29,11.35,11.5,1.04,-2.18,-1.61,-2.65,0.09,7.66,9.65,8.8,11.64,12.58
2007-07-16,000059,10.6,10.06,10.68,9.95,52860,54029372.0,6.91,-4.82,-0.51,2.01,9.05,7.04,9.35,4.02,3.52,6.43,4.12,4.02,6.53,7.24,10.28,10.28,11.2,11.44,2.78,3.38,2.29,5.17,13.12,15.21,14.31,17.3,18.29,21.77
2007-07-17,000059,10.06,10.18,10.34,9.9,38782,39310624.0,4.37,1.19,0.12,1.47,7.58,9.9,4.55,4.04,6.97,4.65,4.55,7.07,7.78,7.88,10.31,10.23,11.07,11.42,2.16,1.08,3.93,11.79,13.85,12.97,15.91,16.9,20.33,20.04
2007-07-18,000059,10.22,10.2,10.4,10.06,37454,38285244.0,3.34,0.2,0.02,1.42,8.15,2.88,2.39,5.27,2.98,2.88,5.37,6.06,6.16,2.78,10.32,10.2,10.9,11.42,0.88,3.73,11.57,13.63,12.75,15.69,16.67,20.1,19.8,23.33
2007-07-19,000059,10.24,10.07,10.29,10.01,32828,33206368.0,2.75,-1.27,-0.13,1.25,3.4,2.9,5.79,3.5,3.4,5.89,6.59,6.69,3.3,3.9,10.22,10.25,10.71,11.39,5.06,13.01,15.09,14.2,17.18,18.17,21.65,21.35,24.93,18.07
2007-07-20,000059,10.08,10.49,10.58,10.08,68060,70962288.0,4.97,4.17,0.42,2.58,2.18,5.06,2.78,2.68,5.16,5.85,5.95,2.58,3.17,2.08,10.2,10.28,10.57,11.35,8.48,10.49,9.63,12.49,13.44,16.78,16.49,19.92,13.35,13.25
2007-07-23,000059,10.52,11.37,11.38,10.52,129931,143320480.0,8.2,8.39,0.88,4.93,0.67,-1.52,-1.62,0.76,1.43,1.52,-1.71,-1.14,-2.19,0.57,10.46,10.37,10.53,11.33,1.93,1.14,3.78,4.66,7.74,7.48,10.64,4.57,4.49,7.3
2007-07-24,000059,11.4,11.17,11.59,11.16,103576,117861168.0,3.78,-1.76,-0.2,3.93,-7.17,-7.26,-5.02,-4.39,-4.3,-7.35,-6.81,-7.8,-5.2,1.97,10.66,10.49,10.55,11.3,2.95,5.64,6.54,9.67,9.4,12.62,6.45,6.36,9.22,10.92
2007-07-25,000059,11.17,11.49,11.5,11.1,75248,85259464.0,3.58,2.86,0.32,2.85,-6.76,-4.5,-3.87,-3.78,-6.85,-6.31,-7.3,-4.68,2.52,4.41,10.92,10.62,10.54,11.27,2.7,3.57,6.61,6.35,9.49,3.48,3.39,6.18,7.83,10.27
2007-07-26,000059,11.5,11.65,11.8,11.4,82144,95649792.0,3.48,1.39,0.16,3.12,-7.02,-6.4,-6.32,-9.3,-8.77,-9.74,-7.19,-0.18,1.67,0.88,11.23,10.73,10.52,11.23,2.15,5.15,4.89,7.98,2.06,1.97,4.72,6.35,8.76,7.9
2007-07-27,000059,11.5,11.89,11.9,11.31,99290,115756400.0,5.06,2.06,0.24,3.77,-5.66,-5.57,-8.58,-8.05,-9.02,-6.45,0.62,2.48,1.68,4.33,11.51,10.86,10.57,11.19,3.03,2.78,5.8,0.0,-0.08,2.61,4.21,6.56,5.72,5.21
2007-07-30,000059,11.86,12.0,12.25,11.8,96758,116764792.0,3.78,0.93,0.11,3.67,-9.49,-12.37,-11.86,-12.8,-10.34,-3.56,-1.78,-2.54,0.0,0.85,11.64,11.05,10.66,11.15,1.83,4.83,-0.92,-1.0,1.67,3.25,5.58,4.75,4.25,0.67
2007-07-31,000059,11.99,12.22,12.22,11.6,98885,117678608.0,5.17,1.83,0.22,3.75,-10.86,-10.34,-11.29,-8.79,-1.9,-0.09,-0.86,1.72,2.59,5.6,11.85,11.26,10.74,11.13,2.95,-2.7,-2.78,-0.16,1.39,3.68,2.86,2.37,-1.15,-1.06
2007-08-01,000059,12.28,11.41,12.58,11.4,130118,155757744.0,9.66,-6.63,-0.81,4.94,-8.77,-9.74,-7.19,-0.18,1.67,0.88,3.51,4.39,7.46,7.19,11.83,11.38,10.79,11.06,4.21,4.12,6.92,8.59,11.04,10.17,9.64,5.87,5.96,5.87
2007-08-02,000059,11.51,11.69,11.89,11.3,86717,101063984.0,5.17,2.45,0.28,3.29,-8.94,-6.37,0.71,2.57,1.77,4.42,5.31,8.41,8.14,11.33,11.84,11.54,10.89,10.99,1.63,4.36,5.99,8.38,7.53,7.01,3.34,3.42,3.34,1.37
2007-08-03,000059,11.75,11.66,11.88,11.39,106568,123301984.0,4.19,-0.26,-0.03,4.04,-7.11,-0.09,1.76,0.97,3.6,4.48,7.55,7.29,10.45,4.39,11.8,11.66,10.97,10.93,4.63,6.26,8.66,7.8,7.29,3.6,3.69,3.6,1.63,4.63
2007-08-06,000059,11.71,12.19,12.2,11.51,129657,153779216.0,5.92,4.55,0.53,4.92,-1.13,0.7,-0.09,2.52,3.39,6.43,6.17,9.3,3.3,3.21,11.83,11.74,11.05,10.94,1.64,3.94,3.12,2.63,-0.9,-0.82,-0.9,-2.79,0.08,3.69
2007-08-07,000059,12.26,12.08,12.39,11.86,127657,154429968.0,4.35,-0.9,-0.11,4.84,-2.28,-3.04,-0.51,0.34,3.29,3.04,6.07,0.25,0.17,2.87,11.81,11.83,11.16,10.98,4.88,4.06,3.56,0.0,0.08,0.0,-1.9,0.99,4.64,9.77
2007-08-08,000059,12.2,12.32,12.67,12.08,195520,242509376.0,4.88,1.99,0.24,7.42,-4.8,-2.32,-1.49,1.41,1.16,4.14,-1.57,-1.66,0.99,2.57,11.99,11.91,11.26,10.99,2.03,1.54,-1.95,-1.87,-1.95,-3.81,-0.97,2.6,7.63,5.44
2007-08-09,000059,12.3,12.31,12.57,12.0,146588,180901344.0,4.63,-0.08,-0.01,5.56,-1.67,-0.83,2.08,1.83,4.83,-0.92,-1.0,1.67,3.25,5.58,12.11,11.98,11.35,11.01,1.62,-1.87,-1.79,-1.87,-3.74,-0.89,2.68,7.72,5.52,7.39
2007-08-10,000059,12.46,11.91,12.51,11.8,128863,156300944.0,5.77,-3.25,-0.4,4.89,0.85,3.81,3.56,6.61,0.76,0.68,3.39,5.0,7.37,6.53,12.16,11.98,11.42,11.04,1.43,1.51,1.43,-0.5,2.43,6.13,11.34,9.07,11.0,9.57
2007-08-13,000059,11.8,11.66,12.08,11.59,92791,108725160.0,4.11,-2.1,-0.25,3.52,5.69,5.44,8.54,2.59,2.5,5.26,6.9,9.32,8.46,7.94,12.06,11.95,11.5,11.09,3.69,3.6,1.63,4.63,8.4,13.72,11.41,13.38,11.92,10.89
2007-08-14,000059,11.75,11.99,12.09,11.63,73581,87610752.0,3.95,2.83,0.33,2.79,5.07,8.17,2.24,2.15,4.9,6.53,8.94,8.08,7.57,3.87,12.04,11.92,11.59,11.14,0.75,-1.17,1.75,5.42,10.59,8.34,10.26,8.84,7.84,9.26
2007-08-15,000059,12.07,11.65,12.08,11.42,79322,92843336.0,5.5,-2.84,-0.34,3.01,10.16,4.12,4.03,6.83,8.49,10.95,10.07,9.54,5.78,5.87,11.9,11.95,11.66,11.17,1.72,4.72,8.5,13.82,11.5,13.48,12.02,10.99,12.45,20.0
2007-08-16,000059,11.65,11.72,11.85,11.38,61862,71565312.0,4.03,0.6,0.07,2.35,4.48,4.39,7.21,8.88,11.34,10.46,9.93,6.15,6.24,6.15,11.79,11.95,11.74,11.25,4.1,7.85,13.14,10.84,12.8,11.35,10.32,11.77,19.28,22.44
2007-08-17,000059,11.79,12.0,12.2,11.66,118263,141866096.0,4.61,2.39,0.28,4.49,1.89,4.63,6.26,8.66,7.8,7.29,3.6,3.69,3.6,1.63,11.8,11.98,11.82,11.31,5.33,10.5,8.25,10.17,8.75,7.75,9.17,16.5,19.58,20.92
2007-08-20,000059,12.3,12.44,12.64,12.18,146427,182241392.0,3.83,3.67,0.44,5.56,0.16,1.72,4.02,3.2,2.71,-0.82,-0.74,-0.82,-2.71,0.16,11.96,12.01,11.87,11.37,6.59,4.42,6.27,4.9,3.94,5.31,12.38,15.35,16.64,15.84
2007-08-21,000059,12.6,12.81,13.26,12.6,179753,232246656.0,5.31,2.97,0.37,6.82,-1.67,0.56,-0.24,-0.71,-4.13,-4.05,-4.13,-5.95,-3.17,0.32,12.12,12.08,11.95,11.46,1.41,3.2,1.87,0.94,2.26,9.13,12.02,13.27,12.49,10.93
2007-08-22,000059,12.61,12.78,12.99,12.5,122153,156383744.0,3.83,-0.23,-0.03,4.63,1.36,0.56,0.08,-3.36,-3.28,-3.36,-5.2,-2.4,1.12,6.08,12.35,12.13,12.02,11.55,3.44,2.11,1.17,2.5,9.39,12.28,13.54,12.75,11.19,7.51
2007-08-23,000059,12.9,12.81,13.22,12.71,105202,136066128.0,3.99,0.23,0.03,3.99,-1.1,-1.57,-4.96,-4.88,-4.96,-6.77,-4.01,-0.55,4.33,2.2,12.57,12.18,12.08,11.63,1.87,0.94,2.26,9.13,12.02,13.27,12.49,10.93,7.26,12.02
2007-08-24,000059,12.85,12.65,13.05,12.52,109748,140078352.0,4.14,-1.25,-0.16,4.16,-0.08,-3.51,-3.43,-3.51,-5.35,-2.56,0.96,5.91,3.75,5.59,12.7,12.25,12.11,11.7,2.21,3.56,10.51,13.44,14.7,13.91,12.33,8.62,13.44,12.96
2007-08-27,000059,12.85,12.86,12.93,12.34,137022,172815456.0,4.66,1.66,0.21,5.2,-2.11,-2.03,-2.11,-3.97,-1.13,2.43,7.46,5.27,7.13,5.75,12.78,12.37,12.16,11.79,1.87,8.71,11.59,12.83,12.05,10.5,6.84,11.59,11.12,17.81
2007-08-28,000059,12.7,12.91,13.1,12.38,145060,185699280.0,5.6,0.39,0.05,5.5,-2.34,-2.42,-4.28,-1.45,2.1,7.11,4.93,6.79,5.41,4.44,12.8,12.46,12.19,11.88,8.29,11.15,12.39,11.62,10.07,6.43,11.15,10.69,17.35,15.26
2007-08-29,000059,12.94,13.71,13.98,12.5,331086,442510272.0,11.46,6.2,0.8,12.56,-3.36,-5.2,-2.4,1.12,6.08,3.92,5.76,4.4,3.44,4.8,12.99,12.67,12.31,12.0,4.67,5.84,5.11,3.65,0.22,4.67,4.23,10.5,8.53,1.9
2007-08-30,000059,13.6,13.93,14.35,13.45,301112,421849312.0,6.56,1.6,0.22,11.42,-11.9,-9.29,-6.02,-1.41,-3.42,-1.71,-2.97,-3.87,-2.6,3.94,13.21,12.89,12.42,12.13,4.16,3.45,2.01,-1.36,3.02,2.58,8.76,6.82,0.29,-1.72
2007-08-31,000059,14.0,13.81,14.51,13.78,170803,240308656.0,5.24,-0.86,-0.12,6.48,-11.47,-8.27,-3.77,-5.73,-4.06,-5.3,-6.17,-4.93,1.45,4.14,13.44,13.07,12.53,12.24,4.34,2.9,-0.51,3.91,3.48,9.7,7.75,1.16,-0.87,-0.43
2007-09-03,000059,14.01,14.01,14.41,13.83,132917,187078208.0,4.2,1.45,0.2,5.04,-8.6,-4.12,-6.07,-4.41,-5.64,-6.51,-5.28,1.08,3.76,4.92,13.67,13.23,12.62,12.32,1.43,-1.93,2.43,2.0,8.14,6.21,-0.29,-2.28,-1.86,1.57
2007-09-04,000059,14.1,13.48,14.21,13.4,151808,207996944.0,5.78,-3.78,-0.53,5.76,-1.04,-3.06,-1.34,-2.61,-3.51,-2.24,4.33,7.09,8.28,7.54,13.79,13.3,12.69,12.4,1.93,6.45,6.01,12.39,10.39,3.64,1.56,2.0,5.56,7.42
2007-09-05,000059,13.48,13.69,13.74,13.31,119363,161474528.0,3.19,1.56,0.21,4.53,-2.4,-0.68,-1.95,-2.85,-1.58,5.03,7.81,9.02,8.26,6.76,13.78,13.39,12.76,12.47,4.82,4.38,10.66,8.69,2.05,0.0,0.44,3.94,5.77,6.87
2007-09-06,000059,13.88,13.96,14.35,13.75,167757,236405984.0,4.38,1.97,0.27,6.36,-3.85,-5.09,-5.96,-4.73,1.67,4.36,5.53,4.8,3.35,-0.07,13.79,13.5,12.84,12.55,2.36,8.52,6.59,0.07,-1.93,-1.5,1.93,3.72,4.8,2.15
2007-09-07,000059,13.8,13.88,14.29,13.48,155841,216347120.0,5.8,-0.57,-0.08,5.91,-3.19,-4.08,-2.82,3.71,6.45,7.64,6.9,5.42,1.93,6.45,13.8,13.62,12.94,12.62,9.15,7.2,0.65,-1.37,-0.94,2.52,4.32,5.4,2.74,1.59
2007-09-10,000059,13.57,14.94,15.15,13.49,243121,353655872.0,11.96,7.64,1.06,9.22,-4.15,-2.89,3.63,6.38,7.56,6.82,5.34,1.85,6.38,5.93,13.99,13.83,13.1,12.72,-0.4,-6.49,-8.37,-7.97,-4.75,-3.08,-2.07,-4.55,-5.62,-7.63
2007-09-11,000059,14.88,13.45,14.88,13.45,199084,286327552.0,9.57,-9.97,-1.49,7.55,-2.6,3.94,6.69,7.88,7.14,5.65,2.16,6.69,6.25,12.64,13.98,13.89,13.17,12.76,3.87,1.78,2.23,5.8,7.66,8.77,6.02,4.83,2.6,1.26
2007-09-12,000059,13.55,13.33,13.97,12.83,170577,226899584.0,8.48,-0.89,-0.12,6.47,8.96,11.85,13.09,12.31,10.76,7.09,11.85,11.38,18.08,15.98,13.91,13.85,13.26,12.82,2.7,3.15,6.75,8.63,9.75,6.98,5.78,3.53,2.18,0.6
2007-09-13,000059,13.38,13.65,13.69,13.1,108467,144647104.0,4.43,2.4,0.32,4.12,9.54,10.76,10.0,8.47,4.89,9.54,9.08,15.65,13.59,6.64,13.85,13.82,13.35,12.89,0.73,4.25,6.08,7.18,4.47,3.3,1.1,-0.22,-1.76,-4.98
2007-09-14,000059,13.71,13.55,13.75,13.23,102246,138394560.0,3.81,-0.73,-0.1,3.88,9.67,8.92,7.41,3.85,8.47,8.01,14.51,12.47,5.59,3.48,13.78,13.79,13.43,12.95,5.02,6.86,7.97,5.24,4.06,1.85,0.52,-1.03,-4.28,4.72
2007-09-17,000059,13.48,14.0,14.23,13.31,130308,181226592.0,6.79,3.32,0.45,4.94,8.26,6.76,3.23,7.81,7.36,13.82,11.8,4.96,2.85,3.31,13.6,13.79,13.51,13.01,3.43,4.5,1.86,0.71,-1.43,-2.71,-4.21,-7.36,1.36,3.43
2007-09-18,000059,14.15,14.45,14.48,13.9,150868,215182192.0,4.14,3.21,0.45,5.72,2.23,-1.15,3.24,2.81,8.99,7.05,0.5,-1.51,-1.08,2.37,13.8,13.89,13.59,13.09,1.25,-1.31,-2.42,-4.5,-5.74,-7.2,-10.24,-1.8,0.21,-0.48
2007-09-19,000059,14.55,13.93,14.63,13.82,104898,148366336.0,5.61,-3.6,-0.52,3.98,-0.58,3.84,3.4,9.62,7.67,1.09,-0.94,-0.51,2.97,4.78,13.92,13.91,13.65,13.14,2.37,1.22,-0.93,-2.23,-3.73,-6.89,1.87,3.95,3.23,5.89
2007-09-20,000059,14.01,14.0,14.26,13.79,83678,116925192.0,3.37,0.5,0.07,3.17,4.06,3.63,9.86,7.9,1.31,-0.73,-0.29,3.19,5.0,6.09,13.99,13.92,13.71,13.2,0.71,-1.43,-2.71,-4.21,-7.36,1.36,3.43,2.71,5.36,4.86
2007-09-21,000059,14.0,13.56,14.1,13.22,92561,125896072.0,6.29,-3.14,-0.44,3.51,8.09,14.6,12.56,5.67,3.56,4.01,7.64,9.53,10.67,7.87,13.99,13.89,13.76,13.25,1.77,0.44,-1.11,-4.35,4.65,6.78,6.05,8.78,8.26,2.29
2007-09-24,000059,13.65,13.2,13.8,13.0,97228,129220560.0,5.9,-2.65,-0.36,3.69,16.54,14.46,7.46,5.31,5.77,9.46,11.38,12.54,9.69,8.46,13.83,13.71,13.77,13.31,3.18,1.59,-1.74,7.5,9.7,8.94,11.74,11.21,5.08,4.55
2007-09-25,000059,13.2,13.27,13.62,13.11,56966,75946512.0,3.86,0.53,0.07,2.16,13.5,6.56,4.42,4.88,8.54,10.45,11.59,8.77,7.55,5.26,13.59,13.69,13.79,13.35,1.06,-2.26,6.93,9.12,8.36,11.15,10.63,4.52,3.99,6.1
2007-09-26,000059,13.3,12.75,13.41,12.7,68752,89284504.0,5.35,-3.92,-0.52,2.61,10.0,7.8,8.27,12.05,14.02,15.2,12.28,11.02,8.66,7.24,13.36,13.64,13.74,13.38,1.73,11.29,13.57,12.78,15.69,15.14,8.78,8.24,10.43,20.08
2007-09-27,000059,12.8,12.9,12.97,12.6,46119,59064712.0,2.9,1.18,0.15,1.75,8.65,9.13,12.94,14.92,16.11,13.17,11.9,9.52,8.1,6.43,13.14,13.56,13.69,13.42,10.0,12.25,11.47,14.34,13.8,7.52,6.98,9.15,18.68,19.84
2007-09-28,000059,13.02,14.05,14.19,13.01,158990,217308544.0,9.15,8.91,1.15,6.03,5.69,9.38,11.3,12.45,9.61,8.38,6.07,4.69,3.07,-0.31,13.23,13.61,13.7,13.49,3.06,2.35,4.98,4.48,-1.28,-1.78,0.21,8.97,10.04,0.36
2007-10-08,000059,14.31,14.01,14.48,13.98,198673,281641824.0,3.56,-0.28,-0.04,7.54,1.79,3.58,4.65,2.0,0.86,-1.29,-2.58,-4.08,-7.22,1.5,13.4,13.61,13.7,13.54,2.64,5.28,4.78,-1.0,-1.5,0.5,9.28,10.35,0.64,-2.0
2007-10-09,000059,13.95,14.12,14.38,13.71,97009,136019488.0,4.78,0.79,0.11,3.68,5.62,6.71,4.01,2.84,0.66,-0.66,-2.19,-5.4,3.5,5.62,13.57,13.58,13.73,13.59,4.46,3.97,-1.77,-2.27,-0.28,8.43,9.49,-0.14,-2.76,-2.41
2007-10-10,000059,14.22,14.31,14.75,14.03,156733,225780256.0,5.1,1.35,0.19,5.95,4.28,1.64,0.5,-1.64,-2.92,-4.42,-7.56,1.14,3.21,2.49,13.88,13.62,13.77,13.64,2.59,-3.07,-3.56,-1.61,6.99,8.04,-1.47,-4.05,-3.7,-7.9
2007-10-11,000059,14.31,13.89,14.68,13.82,119299,169947456.0,6.01,-2.94,-0.42,4.53,3.18,2.03,-0.14,-1.45,-2.97,-6.15,2.68,4.78,4.05,6.73,14.08,13.61,13.76,13.68,-0.14,-0.65,1.37,10.22,11.3,1.51,-1.15,-0.79,-5.11,-13.17
2007-10-12,000059,13.68,13.47,13.87,12.7,129088,170866976.0,8.42,-3.02,-0.42,4.9,11.02,8.66,7.24,5.59,2.13,11.73,14.02,13.23,16.14,15.59,13.96,13.6,13.74,13.7,2.45,4.53,13.66,14.77,4.68,1.93,2.3,-2.15,-10.47,-11.73
2007-10-15,000059,13.37,13.57,13.8,12.9,80940,107866424.0,6.68,0.74,0.1,3.07,6.98,5.58,3.95,0.54,10.0,12.25,11.47,14.34,13.8,7.52,13.87,13.63,13.67,13.73,3.76,12.82,13.93,3.91,1.18,1.55,-2.87,-11.13,-12.38,-8.25
2007-10-16,000059,13.58,13.92,14.08,13.01,104793,143517808.0,7.89,2.58,0.35,3.98,4.69,3.07,-0.31,9.07,11.3,10.53,13.37,12.84,6.61,6.07,13.83,13.7,13.7,13.76,9.99,11.06,1.29,-1.36,-1.01,-5.32,-13.36,-14.58,-10.56,-7.54
2007-10-18,000059,14.49,15.31,15.31,14.21,493495,747337856.0,7.9,9.99,1.39,18.72,-5.63,-8.73,-0.14,1.9,1.2,3.8,3.31,-2.39,-2.89,-0.91,14.03,13.96,13.8,13.81,0.98,-7.9,-10.32,-9.99,-13.91,-21.23,-22.34,-18.68,-15.94,-18.09
2007-10-19,000059,15.46,14.33,15.46,13.9,286838,421272736.0,10.19,-6.4,-0.98,10.88,-6.69,2.09,4.17,3.45,6.12,5.61,-0.22,-0.72,1.29,10.14,14.12,14.1,13.83,13.83,-1.61,-4.19,-3.84,-8.03,-15.84,-17.03,-13.12,-10.19,-12.49,-17.73
2007-10-22,000059,13.8,13.7,14.1,13.0,105313,143285328.0,7.68,-4.4,-0.63,4.0,9.15,11.38,10.62,13.46,12.92,6.69,6.15,8.31,17.77,18.92,14.17,14.06,13.84,13.82,0.22,0.58,-3.8,-11.97,-13.21,-9.12,-6.06,-8.47,-13.94,-14.96
2007-10-23,000059,13.5,13.48,13.73,13.1,69118,92487840.0,4.6,-1.61,-0.22,2.62,10.53,9.77,12.6,12.06,5.88,5.34,7.48,16.87,18.02,7.63,14.15,14.01,13.81,13.81,2.23,-2.23,-10.53,-11.8,-7.64,-4.53,-6.97,-12.54,-13.58,-13.2
2007-10-24,000059,13.5,13.45,13.78,13.22,57285,77128568.0,4.15,-0.22,-0.03,2.17,8.77,11.57,11.04,4.92,4.39,6.51,15.81,16.94,6.66,3.86,14.05,13.94,13.76,13.8,-2.01,-10.33,-11.6,-7.43,-4.31,-6.77,-12.34,-13.38,-13.01,-5.06
2007-10-25,000059,13.18,12.11,13.18,12.11,149916,185110304.0,7.96,-9.96,-1.34,5.69,21.8,21.22,14.53,13.96,16.27,26.42,27.66,16.43,13.38,13.79,13.41,13.72,13.67,13.75,-0.41,-1.82,2.81,6.28,3.55,-2.64,-3.8,-3.39,5.45,-4.38
2007-10-26,000059,11.73,11.45,12.06,11.01,101912,117096080.0,8.67,-5.45,-0.66,3.87,33.33,25.98,25.34,27.88,39.06,40.42,28.07,24.7,25.16,19.71,12.84,13.48,13.54,13.67,3.84,8.73,12.4,9.52,2.97,1.75,2.18,11.53,1.14,-2.18
2007-10-29,000059,11.6,11.88,11.89,11.1,68463,77796504.0,6.9,3.76,0.43,2.6,24.95,24.32,26.85,37.93,39.28,27.03,23.69,24.14,18.74,8.65,12.47,13.32,13.46,13.6,4.8,8.33,5.56,-0.76,-1.94,-1.52,7.49,-2.53,-5.72,-10.77
2007-10-30,000059,11.7,12.38,12.45,11.5,71827,86839576.0,8.0,4.21,0.5,2.73,20.0,22.43,33.13,34.43,22.61,19.39,19.83,14.61,4.87,3.39,12.25,13.2,13.42,13.52,3.96,1.29,-4.77,-5.9,-5.49,3.15,-6.46,-9.53,-14.38,-12.52
2007-10-31,000059,12.55,12.52,12.87,12.39,117832,148123152.0,3.88,1.13,0.14,4.47,13.64,23.57,24.78,13.8,10.82,11.22,6.38,-2.66,-4.04,0.48,12.07,13.06,13.38,13.48,0.16,-5.83,-6.95,-6.55,2.0,-7.51,-10.54,-15.34,-13.5,-9.82
2007-11-01,000059,12.53,11.92,12.54,11.85,76794,93009392.0,5.51,-4.79,-0.6,2.91,29.2,30.46,18.99,15.86,16.29,11.22,1.77,0.34,5.06,8.61,12.03,12.72,13.34,13.44,-1.09,-2.27,-1.85,7.13,-2.85,-6.04,-11.07,-9.14,-5.29,-2.52
2007-11-02,000059,11.45,11.29,11.79,11.2,55416,63244744.0,4.95,-5.29,-0.63,2.1,38.04,25.89,22.59,23.04,17.68,7.68,6.16,11.16,14.91,11.96,12.0,12.42,13.26,13.36,3.19,3.63,13.11,2.57,-0.8,-6.11,-4.07,0.0,2.92,1.59
2007-11-05,000059,11.13,11.5,11.65,11.07,40131,45908156.0,5.14,1.86,0.21,1.22,27.37,24.03,24.48,19.06,8.94,7.41,12.47,16.26,13.28,6.5,11.92,12.2,13.13,13.29,1.74,11.04,0.7,-2.61,-7.83,-5.83,-1.83,1.04,-0.26,0.35
2007-11-06,000059,11.61,11.61,11.7,11.43,23579,27276972.0,2.35,0.96,0.11,0.71,20.12,20.56,15.31,5.51,4.02,8.92,12.6,9.71,3.15,1.92,11.77,12.01,13.01,13.21,9.99,-0.26,-3.53,-8.7,-6.72,-2.76,0.09,-1.21,-0.6,-0.78
2007-11-07,000059,11.98,11.88,12.77,11.71,135616,167813360.0,9.13,2.33,0.27,4.11,17.68,12.55,2.99,1.54,6.32,9.91,7.09,0.68,-0.51,-0.09,11.64,11.85,12.9,13.13,-2.53,-5.72,-10.77,-8.84,-4.97,-2.19,-3.45,-2.86,-3.03,-1.77
2007-11-08,000059,11.3,11.05,11.58,11.0,82196,92571776.0,4.88,-6.99,-0.83,2.49,19.82,9.64,8.09,13.18,17.0,14.0,7.18,5.91,6.36,16.09,11.47,11.75,12.74,13.03,1.36,-4.07,-1.99,2.17,5.16,3.8,4.43,4.25,5.61,1.36
2007-11-09,000059,11.05,10.73,11.2,10.5,48817,52864480.0,6.33,-2.9,-0.32,1.48,14.86,13.24,18.57,22.57,19.43,12.29,10.95,11.43,21.62,10.29,11.35,11.68,12.58,12.92,-1.21,0.93,5.22,8.29,6.9,7.55,7.36,8.76,4.38,1.3
2007-11-12,000059,10.5,10.33,10.6,10.01,39215,40395864.0,5.5,-3.73,-0.4,1.19,18.78,24.38,28.57,25.27,17.78,16.38,16.88,27.57,15.68,11.89,11.12,11.52,12.42,12.81,4.84,9.29,12.49,11.04,11.71,11.52,12.97,8.42,5.23,7.45
2007-11-13,000059,10.5,10.68,10.83,10.35,36093,38289940.0,4.65,3.39,0.35,1.09,20.29,24.35,21.16,13.91,12.56,13.04,23.38,11.88,8.21,2.42,10.93,11.35,12.28,12.73,5.71,8.8,7.4,8.05,7.87,9.27,4.87,1.78,3.93,1.12
2007-11-14,000059,10.76,11.29,11.29,10.68,63369,70008376.0,5.71,5.71,0.61,1.92,20.51,17.42,10.39,9.08,9.55,19.57,8.43,4.87,-0.75,1.4,10.82,11.23,12.14,12.66,2.92,1.59,2.21,2.04,3.37,-0.8,-3.72,-1.68,-4.34,-4.43
2007-11-15,000059,11.32,11.11,11.62,11.05,88793,101006208.0,5.05,-1.59,-0.18,2.69,13.48,6.7,5.43,5.88,15.57,4.8,1.36,-4.07,-1.99,2.17,10.83,11.15,11.93,12.61,3.24,3.87,3.69,5.04,0.81,-2.16,-0.09,-2.79,-2.88,-1.53
2007-11-16,000059,11.18,11.3,11.47,11.0,35142,39579156.0,4.23,1.71,0.19,1.07,7.18,5.91,6.36,16.09,5.27,1.82,-3.64,-1.55,2.64,5.64,10.94,11.15,11.78,12.55,2.12,1.95,3.27,-0.88,-3.81,-1.77,-4.42,-4.51,-3.19,-3.72
2007-11-19,000059,11.34,11.46,11.54,11.2,25971,29654168.0,3.01,1.42,0.16,0.79,4.02,4.46,14.02,3.39,0.0,-5.36,-3.3,0.8,3.75,2.41,11.17,11.14,11.67,12.47,0.52,1.83,-2.27,-5.15,-3.14,-5.76,-5.85,-4.54,-5.06,-5.85
2007-11-20,000059,11.45,11.5,11.52,11.25,37984,43340452.0,2.36,0.35,0.04,1.15,4.0,13.51,2.93,-0.44,-5.78,-3.73,0.36,3.29,1.96,2.58,11.33,11.13,11.57,12.38,1.48,-2.61,-5.48,-3.48,-6.09,-6.17,-4.87,-5.39,-6.17,-6.35
2007-11-21,000059,11.47,11.26,11.67,11.21,33211,38062552.0,4.0,-2.09,-0.24,1.01,13.92,3.3,-0.09,-5.44,-3.39,0.71,3.66,2.32,2.94,2.77,11.33,11.07,11.46,12.29,-0.53,-3.46,-1.42,-4.09,-4.17,-2.84,-3.37,-4.17,-4.35,-3.64
2007-11-22,000059,11.0,10.5,11.2,10.5,28609,31010066.0,6.22,-6.75,-0.76,0.87,10.29,6.67,0.95,3.14,7.52,10.67,9.24,9.9,9.71,11.14,11.2,11.02,11.38,12.16,3.52,5.71,2.86,2.76,4.19,3.62,2.76,2.57,3.33,4.48
2007-11-23,000059,10.5,10.79,10.87,10.46,18059,19320432.0,3.9,2.76,0.29,0.55,7.07,1.34,3.54,7.93,11.09,9.66,10.33,10.13,11.57,7.07,11.1,11.02,11.35,12.06,2.87,0.09,0.0,1.39,0.83,0.0,-0.19,0.56,1.67,3.61
2007-11-26,000059,11.05,10.65,11.1,10.58,18514,20165100.0,4.82,-1.3,-0.14,0.56,0.19,2.36,6.71,9.83,8.41,9.07,8.88,10.3,5.86,2.74,10.94,11.05,11.29,11.97,1.41,1.31,2.72,2.16,1.31,1.13,1.88,3.0,4.98,7.7
2007-11-27,000059,10.66,10.6,10.8,10.48,17604,18745336.0,3.0,-0.47,-0.05,0.53,3.34,7.73,10.88,9.45,10.11,9.92,11.35,6.87,3.72,5.92,10.76,11.05,11.2,11.87,1.79,3.21,2.64,1.79,1.6,2.36,3.49,5.47,8.21,7.92
2007-11-28,000059,10.69,10.5,10.79,10.46,17580,18627572.0,3.11,-0.94,-0.1,0.53,7.93,11.09,9.66,10.33,10.13,11.57,7.07,3.92,6.12,3.25,10.61,10.97,11.1,11.75,4.19,3.62,2.76,2.57,3.33,4.48,6.48,9.24,8.95,10.67
2007-11-29,000059,10.55,10.86,10.94,10.34,37941,40424524.0,5.71,3.43,0.36,1.15,12.38,10.93,11.61,11.41,12.86,8.32,5.13,7.35,4.45,4.35,10.68,10.94,11.04,11.6,0.18,-0.64,-0.83,-0.09,1.01,2.95,5.62,5.34,7.0,6.54
2007-11-30,000059,10.88,10.57,10.88,10.51,15385,16422884.0,3.41,-2.67,-0.29,0.47,9.13,9.8,9.61,11.04,6.57,3.43,5.61,2.76,2.66,4.09,10.64,10.87,11.01,11.48,2.08,1.89,2.65,3.78,5.77,8.51,8.23,9.93,9.46,6.34
2007-12-03,000059,10.5,10.65,10.79,10.5,11318,12043866.0,2.74,0.76,0.08,0.34,9.9,9.71,11.14,6.67,3.52,5.71,2.86,2.76,4.19,3.62,10.64,10.79,10.97,11.38,1.13,1.88,3.0,4.98,7.7,7.42,9.11,8.64,5.54,8.54
2007-12-04,000059,10.77,10.57,10.77,10.54,20002,21277324.0,2.16,-0.75,-0.08,0.61,9.3,10.72,6.26,3.13,5.31,2.47,2.37,3.8,3.23,2.37,10.63,10.7,10.91,11.28,2.65,3.78,5.77,8.51,8.23,9.93,9.46,6.34,9.37,8.7
2007-12-05,000059,10.65,10.82,10.85,10.54,24704,26477974.0,2.93,2.37,0.25,0.75,10.72,6.26,3.13,5.31,2.47,2.37,3.8,3.23,2.37,2.18,10.69,10.65,10.86,11.19,1.39,3.33,6.01,5.73,7.39,6.93,3.88,6.84,6.19,8.13
2007-12-06,000059,10.82,10.91,10.97,10.68,19905,21591230.0,2.68,0.83,0.09,0.6,4.87,1.78,3.93,1.12,1.03,2.43,1.87,1.03,0.84,1.59,10.7,10.69,10.85,11.15,2.47,5.13,4.86,6.51,6.05,3.02,5.96,5.32,7.24,8.52
2007-12-07,000059,10.93,11.12,11.18,10.8,40947,45224048.0,3.48,1.92,0.21,1.24,0.65,2.78,0.0,-0.09,1.3,0.74,-0.09,-0.28,0.46,1.57,10.81,10.73,10.87,11.14,3.15,2.88,4.5,4.05,1.08,3.96,3.33,5.22,6.47,7.28
2007-12-10,000059,10.98,11.37,11.47,10.81,52061,58432932.0,5.94,2.25,0.25,1.58,2.68,-0.09,-0.19,1.2,0.65,-0.19,-0.37,0.37,1.48,3.42,10.96,10.8,10.93,11.12,0.62,2.2,1.76,-1.14,1.67,1.06,2.9,4.13,4.93,7.74
2007-12-11,000059,11.3,11.35,11.44,11.15,39781,44829364.0,2.55,-0.18,-0.02,1.21,-3.14,-3.23,-1.88,-2.42,-3.23,-3.41,-2.69,-1.61,0.27,2.87,11.11,10.87,10.96,11.09,2.38,1.94,-0.97,1.85,1.23,3.08,4.32,5.11,7.93,9.87
2007-12-12,000059,11.33,11.43,11.62,11.25,42767,49007744.0,3.26,0.7,0.08,1.3,-4.09,-2.76,-3.29,-4.09,-4.27,-3.56,-2.49,-0.62,1.96,1.69,11.24,10.97,10.97,11.05,1.22,-1.66,1.14,0.52,2.36,3.59,4.37,7.17,9.1,9.36
2007-12-13,000059,11.49,11.12,11.57,11.1,41826,47474532.0,4.11,-2.71,-0.31,1.27,-1.44,-1.98,-2.79,-2.97,-2.25,-1.17,0.72,3.33,3.06,4.68,11.28,10.99,10.97,11.03,1.08,3.96,3.33,5.22,6.47,7.28,10.16,12.14,12.41,14.93
2007-12-14,000059,11.0,11.24,11.24,10.8,34227,37736276.0,3.96,1.08,0.12,1.04,0.74,-0.09,-0.28,0.46,1.57,3.52,6.2,5.93,7.59,7.13,11.3,11.06,10.96,11.03,2.85,2.22,4.09,5.34,6.14,8.99,10.94,11.21,13.7,13.26
2007-12-17,000059,11.27,11.44,11.56,11.1,48718,55426840.0,4.09,1.78,0.2,1.48,-2.79,-2.97,-2.25,-1.17,0.72,3.33,3.06,4.68,4.23,1.26,11.32,11.14,10.96,11.02,0.44,2.27,3.5,4.28,7.08,9.0,9.27,11.71,11.28,14.51
2007-12-18,000059,11.39,11.25,11.49,11.15,27207,30790732.0,2.97,-1.66,-0.19,0.82,-3.41,-2.69,-1.61,0.27,2.87,2.6,4.22,3.77,0.81,3.68,11.3,11.21,10.95,11.01,4.0,5.24,6.04,8.89,10.84,11.11,13.6,13.16,16.44,22.67
2007-12-19,000059,11.3,11.59,11.7,11.3,59783,69234792.0,3.56,3.02,0.34,1.81,-3.98,-2.92,-1.06,1.5,1.24,2.83,2.39,-0.53,2.3,1.68,11.33,11.28,10.97,11.0,2.16,2.93,5.69,7.59,7.85,10.27,9.84,13.03,19.07,18.72
2007-12-20,000059,11.66,11.7,11.84,11.49,65742,76639048.0,3.02,0.95,0.11,1.99,-4.53,-2.7,-0.17,-0.44,1.13,0.7,-2.18,0.61,0.0,1.83,11.44,11.36,11.03,11.02,1.97,4.7,6.58,6.84,9.23,8.8,11.97,17.95,17.61,23.08
2007-12-21,000059,11.6,11.83,11.93,11.56,52648,62187692.0,3.16,1.11,0.13,1.6,-3.29,-0.78,-1.04,0.52,0.09,-2.77,0.0,-0.61,1.21,2.42,11.56,11.43,11.08,11.06,3.55,5.41,5.66,8.03,7.61,10.74,16.65,16.31,21.72,21.47
2007-12-24,000059,11.95,12.07,12.25,11.81,64804,78264520.0,3.72,2.03,0.24,1.96,-2.88,-3.13,-1.61,-2.03,-4.83,-2.12,-2.71,-0.93,0.25,1.02,11.69,11.5,11.15,11.12,3.31,3.56,5.88,5.47,8.53,14.33,14.0,19.3,19.06,23.36
2007-12-25,000059,12.17,12.34,12.47,12.06,64991,80113944.0,3.4,2.24,0.27,1.97,-5.14,-3.65,-4.06,-6.8,-4.15,-4.73,-2.99,-1.82,-1.08,1.58,11.91,11.6,11.24,11.17,1.3,3.57,3.16,6.16,11.83,11.51,16.69,16.45,20.66,23.34
2007-12-26,000059,12.5,12.47,12.5,12.19,67703,83790968.0,2.51,1.05,0.13,2.05,-4.68,-5.09,-7.79,-5.17,-5.74,-4.02,-2.87,-2.13,0.49,2.3,12.08,11.71,11.34,11.21,2.49,2.09,5.05,10.67,10.34,15.48,15.24,19.41,22.05,24.38
2007-12-27,000059,12.55,12.47,12.78,12.3,59205,74514496.0,3.85,0.0,0.0,1.79,-5.93,-8.62,-6.02,-6.59,-4.88,-3.74,-3.01,-0.41,1.38,1.63,12.24,11.84,11.42,11.26,2.09,5.05,10.67,10.34,15.48,15.24,19.41,22.05,24.38,26.54
2007-12-28,000059,12.5,12.55,12.73,12.3,55720,69738576.0,3.45,0.64,0.08,1.69,-8.62,-6.02,-6.59,-4.88,-3.74,-3.01,-0.41,1.38,1.63,3.9,12.38,11.97,11.51,11.3,4.38,9.96,9.64,14.74,14.5,18.65,21.27,23.59,25.74,20.4
2008-01-02,000059,12.56,13.02,13.1,12.5,57359,74342992.0,4.78,3.75,0.47,1.74,-7.52,-8.08,-6.4,-5.28,-4.56,-2.0,-0.24,0.0,2.24,1.84,12.57,12.13,11.63,11.35,5.99,5.68,10.6,10.37,14.36,16.9,19.12,21.2,16.05,16.28
2008-01-03,000059,13.04,13.66,13.8,13.0,122725,166338320.0,6.14,4.92,0.64,3.72,-11.62,-10.0,-8.92,-8.23,-5.77,-4.08,-3.85,-1.69,-2.08,0.77,12.83,12.37,11.79,11.42,0.73,5.42,5.2,9.0,11.42,13.54,15.52,10.61,10.83,10.54
2008-01-04,000059,13.68,13.47,13.76,13.23,83374,111931720.0,3.88,-1.39,-0.19,2.53,-11.56,-10.51,-9.83,-7.41,-5.74,-5.52,-3.4,-3.78,-0.98,4.31,13.03,12.56,11.92,11.5,6.9,6.68,10.54,12.99,15.14,17.15,12.18,12.4,12.1,4.68
2008-01-07,000059,13.5,14.05,14.4,13.5,128274,179960896.0,6.68,4.31,0.58,3.89,-12.3,-11.63,-9.26,-7.63,-7.41,-5.33,-5.7,-2.96,2.22,1.93,13.35,12.79,12.08,11.62,2.28,5.98,8.33,10.39,12.31,7.54,7.76,7.47,0.36,-0.5
2008-01-08,000059,14.1,13.54,14.37,13.34,132880,184738736.0,7.33,-3.63,-0.51,4.03,-10.57,-8.17,-6.52,-6.3,-4.2,-4.57,-1.8,3.45,3.15,7.95,13.55,12.96,12.2,11.71,9.97,12.41,14.55,16.54,11.6,11.82,11.52,4.14,3.25,-0.3
2008-01-09,000059,13.36,14.88,14.89,13.3,229455,334297888.0,11.74,9.9,1.34,6.96,-7.89,-6.24,-6.02,-3.91,-4.29,-1.5,3.76,3.46,8.27,8.05,13.92,13.25,12.37,11.85,2.28,4.23,6.05,1.55,1.75,1.48,-5.24,-6.05,-9.27,-9.48
2008-01-10,000059,14.9,14.7,15.22,14.54,186359,277733024.0,4.57,-1.21,-0.18,5.65,-14.24,-14.03,-12.1,-12.45,-9.9,-5.09,-5.36,-0.96,-1.17,2.41,14.13,13.48,12.54,11.98,5.51,7.35,2.79,2.99,2.72,-4.08,-4.9,-8.16,-8.37,-3.54
2008-01-11,000059,14.67,15.32,15.51,14.17,234441,348352640.0,9.12,4.22,0.62,7.11,-11.79,-9.81,-10.16,-7.55,-2.61,-2.89,1.62,1.41,5.08,7.41,14.5,13.77,12.74,12.15,3.0,-1.37,-1.17,-1.44,-7.96,-8.75,-11.88,-12.08,-7.44,-5.03
2008-01-14,000059,15.78,15.03,15.78,14.8,154028,234229472.0,6.4,-1.89,-0.29,4.67,-13.65,-13.99,-11.49,-6.76,-7.03,-2.7,-2.91,0.61,2.84,4.8,14.69,14.02,12.93,12.28,0.53,0.73,0.47,-6.19,-6.99,-10.18,-10.38,-5.66,-3.19,-7.85
2008-01-15,000059,15.0,14.63,15.11,14.56,128115,189250288.0,3.66,-2.66,-0.4,3.88,-12.57,-10.03,-5.22,-5.49,-1.1,-1.3,2.27,4.53,6.52,8.38,14.91,14.23,13.1,12.42,3.49,3.21,-3.62,-4.44,-7.72,-7.93,-3.08,-0.55,-5.33,-11.35
2008-01-16,000059,14.5,14.81,15.14,14.44,127348,188656016.0,4.78,1.23,0.18,3.86,-9.28,-4.43,-4.71,-0.28,-0.48,3.12,5.4,7.41,9.28,4.64,14.9,14.41,13.27,12.56,1.96,-4.79,-5.6,-8.85,-9.05,-4.25,-1.76,-6.48,-12.42,-12.9
2008-01-17,000059,14.7,13.92,15.1,13.6,127622,181562208.0,10.13,-6.01,-0.89,3.87,1.47,1.18,5.88,5.66,9.49,11.91,14.04,16.03,11.1,11.32,14.74,14.43,13.4,12.67,1.29,0.43,-3.02,-3.23,1.87,4.53,-0.5,-6.82,-7.33,-8.76
2008-01-18,000059,14.0,13.82,14.1,13.48,84488,115683400.0,4.45,-0.72,-0.1,2.56,2.08,6.82,6.6,10.46,12.91,15.06,17.06,12.09,12.31,12.02,14.44,14.47,13.51,12.77,1.16,-2.32,-2.53,2.6,5.28,0.22,-6.15,-6.66,-8.1,-11.0
2008-01-21,000059,13.82,12.75,13.98,12.68,87876,116556608.0,9.41,-7.74,-1.07,2.66,13.56,13.33,17.43,20.03,22.32,24.45,19.16,19.4,19.09,11.2,13.99,14.34,13.57,12.83,5.88,5.65,11.22,14.12,8.63,1.73,1.18,-0.39,-3.53,-1.41
2008-01-22,000059,12.5,12.55,13.5,11.8,178462,229997520.0,13.33,-1.57,-0.2,5.41,21.78,26.19,28.98,31.44,33.73,28.05,28.31,27.97,19.49,18.47,13.57,14.24,13.6,12.88,7.33,12.99,15.94,10.36,3.35,2.79,1.2,-1.99,0.16,3.35
2008-01-23,000059,12.7,13.4,13.47,12.56,125531,164670864.0,7.25,6.77,0.85,3.81,18.55,21.18,23.49,25.64,20.3,20.54,20.22,12.26,11.31,7.48,13.29,14.09,13.67,12.95,5.82,8.58,3.36,-3.21,-3.73,-5.22,-8.21,-6.19,-3.21,-2.99
2008-01-24,000059,13.58,13.89,14.18,13.11,138910,190475184.0,7.99,3.66,0.49,4.21,16.09,18.31,20.37,15.26,15.48,15.18,7.55,6.64,2.97,2.75,13.28,14.01,13.75,13.03,4.75,-0.29,-6.62,-7.13,-8.57,-11.45,-9.5,-6.62,-6.41,-6.62
2008-01-25,000059,13.91,13.71,14.55,13.51,131336,184883664.0,7.49,-1.3,-0.18,3.98,14.8,16.8,11.84,12.07,11.77,4.37,3.48,-0.07,-0.3,4.96,13.26,13.85,13.81,13.11,1.02,-5.4,-5.91,-7.37,-10.28,-8.32,-5.4,-5.18,-5.4,-3.72
2008-01-28,000059,13.68,12.34,13.85,12.34,83100,106807960.0,11.01,-9.99,-1.37,2.52,27.88,22.45,22.69,22.37,14.26,13.29,9.4,9.16,14.91,17.91,13.18,13.58,13.8,13.15,5.11,4.54,2.92,-0.32,1.86,5.11,5.35,5.11,6.97,10.13
2008-01-29,000059,12.4,12.55,12.97,12.05,50545,63276992.0,7.46,1.7,0.21,1.53,25.39,25.64,25.31,17.01,16.02,12.03,11.78,17.68,20.75,14.94,13.18,13.37,13.8,13.19,2.79,1.2,-1.99,0.16,3.35,3.59,3.35,5.18,8.29,8.29
2008-01-30,000059,12.8,12.5,12.9,12.07,41210,51642520.0,6.61,-0.4,-0.05,1.25,25.43,25.1,16.82,15.82,11.85,11.6,17.48,20.55,14.75,7.46,13.0,13.14,13.78,13.23,1.6,-1.6,0.56,3.76,4.0,3.76,5.6,8.72,8.72,14.0
2008-01-31,000059,12.53,12.2,12.7,12.15,33662,41534600.0,4.4,-2.4,-0.3,1.02,24.28,16.05,15.06,11.11,10.86,16.71,19.75,13.99,6.75,6.17,12.66,12.97,13.7,13.26,0.82,3.03,6.31,6.56,6.31,8.2,11.39,11.39,16.8,15.16
2008-02-01,000059,12.14,11.43,12.3,11.02,46823,53943324.0,10.49,-6.31,-0.77,1.42,27.95,26.86,22.5,22.23,28.68,32.03,25.68,17.7,17.06,15.25,12.2,12.73,13.6,13.25,9.97,13.47,13.74,13.47,15.49,18.9,18.9,24.67,22.92,22.05
2008-02-04,000059,11.8,12.57,12.57,11.8,40416,49555656.0,6.74,9.97,1.14,1.23,18.47,14.41,14.15,20.17,23.31,17.37,9.92,9.32,7.63,4.24,12.25,12.71,13.53,13.28,3.18,3.42,3.18,5.01,8.11,8.11,13.37,11.77,10.98,11.22
2008-02-05,000059,12.58,12.85,12.97,12.32,46630,59456576.0,5.17,2.23,0.28,1.41,9.58,9.33,15.1,18.1,12.42,5.28,4.71,3.08,-0.16,2.03,12.31,12.74,13.49,13.32,1.17,0.93,2.72,5.76,5.76,10.89,9.34,8.56,8.79,2.57
2008-02-13,000059,12.8,12.68,13.0,12.42,28520,36383500.0,4.51,-1.32,-0.17,0.86,8.45,14.17,17.15,11.51,4.43,3.86,2.25,-0.97,1.21,4.43,12.35,12.67,13.38,13.34,2.29,4.1,7.18,7.18,12.38,10.8,10.02,10.25,3.94,4.81
2008-02-14,000059,12.78,12.76,12.97,12.65,22882,29270332.0,2.52,0.63,0.08,0.69,12.09,15.02,9.49,2.53,1.98,0.4,-2.77,-0.63,2.53,2.77,12.46,12.56,13.29,13.35,3.45,6.5,6.5,11.68,10.11,9.33,9.56,3.29,4.15,4.23
2008-02-15,000059,12.7,12.95,13.2,12.57,41594,53595376.0,4.94,1.49,0.19,1.26,15.75,10.18,3.18,2.63,1.03,-2.15,0.0,3.18,3.42,3.18,12.76,12.48,13.17,13.37,4.94,4.94,10.04,8.49,7.72,7.95,1.78,2.63,2.7,6.95
2008-02-18,000059,13.01,13.46,13.59,13.01,61250,81913456.0,4.48,3.94,0.51,1.86,6.46,-0.31,-0.85,-2.38,-5.46,-3.38,-0.31,-0.08,-0.31,1.46,12.94,12.6,13.09,13.4,0.97,5.87,4.38,3.64,3.86,-2.08,-1.26,-1.19,2.9,6.54
2008-02-19,000059,13.5,13.43,13.59,13.3,52258,70126192.0,2.15,-0.22,-0.03,1.58,-2.48,-3.01,-4.51,-7.52,-5.49,-2.48,-2.26,-2.48,-0.75,2.18,13.06,12.68,13.03,13.43,6.11,4.62,3.87,4.1,-1.86,-1.04,-0.97,3.13,6.78,7.97
2008-02-21,000059,13.08,13.9,14.25,12.71,95345,128935760.0,11.47,3.5,0.47,2.89,1.49,-0.08,-3.23,-1.1,2.05,2.28,2.05,3.86,6.92,6.92,13.3,12.82,12.98,13.46,1.08,0.36,0.58,-5.18,-4.39,-4.32,-0.36,3.17,4.32,6.33
2008-02-22,000059,13.8,13.34,14.05,13.1,66212,89817352.0,6.83,-4.03,-0.56,2.01,-3.05,-6.11,-4.05,-0.99,-0.76,-0.99,0.76,3.74,3.74,8.78,13.42,12.94,12.95,13.45,4.57,4.8,-1.2,-0.37,-0.3,3.82,7.5,8.7,10.79,6.07
2008-02-25,000059,13.34,13.36,13.95,13.2,97246,132553472.0,5.62,0.15,0.02,2.95,-6.82,-4.77,-1.74,-1.52,-1.74,0.0,2.95,2.95,7.95,6.44,13.5,13.13,12.93,13.44,4.64,-1.35,-0.52,-0.45,3.67,7.34,8.53,10.63,5.91,2.4
2008-02-26,000059,13.6,12.98,13.98,12.31,108027,143595120.0,12.5,-2.84,-0.38,3.27,2.11,5.36,5.61,5.36,7.23,10.4,10.4,15.76,14.13,13.32,13.4,13.17,12.94,13.41,1.54,2.39,2.47,6.7,10.48,11.71,13.87,9.01,5.39,3.78
2008-02-27,000059,13.05,13.15,13.18,12.78,46394,60215804.0,3.08,1.31,0.17,1.41,1.49,1.72,1.49,3.29,6.34,6.34,11.5,9.94,9.15,9.39,13.35,13.2,12.97,13.4,1.06,1.14,5.32,9.05,10.27,12.4,7.6,4.03,2.43,4.18
2008-02-28,000059,13.14,13.11,13.29,12.9,33265,43602140.0,2.97,-0.3,-0.04,1.01,0.78,0.54,2.33,5.35,5.35,10.47,8.91,8.14,8.37,2.17,13.19,13.24,12.96,13.34,1.45,5.64,9.38,10.6,12.74,7.93,4.35,2.75,4.5,-1.75
2008-02-29,000059,13.02,13.12,13.3,12.85,40552,52918956.0,3.43,0.08,0.01,1.23,0.93,2.72,5.76,5.76,10.89,9.34,8.56,8.79,2.57,3.42,13.14,13.28,12.92,13.28,5.56,9.3,10.52,12.65,7.85,4.27,2.67,4.42,-1.83,-6.4
2008-03-03,000059,13.12,13.79,13.85,12.9,76467,103632416.0,7.24,5.11,0.67,2.32,2.33,5.35,5.35,10.47,8.91,8.14,8.37,2.17,3.02,3.1,13.23,13.36,12.92,13.23,3.99,5.15,7.18,2.61,-0.8,-2.32,-0.65,-6.6,-10.95,-11.6
2008-03-04,000059,13.79,13.93,14.34,13.55,154274,216513488.0,5.73,1.02,0.14,4.68,0.3,0.3,5.17,3.69,2.95,3.17,-2.73,-1.92,-1.85,2.21,13.42,13.41,13.0,13.2,4.09,6.1,1.58,-1.79,-3.3,-1.65,-7.54,-11.84,-12.49,-19.96
2008-03-05,000059,13.93,14.2,14.5,13.69,109321,155001968.0,5.81,1.94,0.27,3.31,-0.73,4.09,2.63,1.9,2.12,-3.73,-2.92,-2.85,1.17,4.75,13.63,13.49,13.09,13.18,4.08,-0.35,-3.66,-5.14,-3.52,-9.3,-13.52,-14.15,-21.48,-24.86
2008-03-06,000059,14.38,14.25,14.78,14.05,129512,186754880.0,5.14,0.35,0.05,3.93,1.42,0.0,-0.71,-0.5,-6.19,-5.41,-5.34,-1.42,2.06,3.2,13.86,13.52,13.17,13.16,-0.7,-4.0,-5.47,-3.86,-9.61,-13.82,-14.46,-21.75,-25.12,-23.23
2008-03-07,000059,13.96,13.58,14.15,13.52,67955,93511880.0,4.42,-4.7,-0.67,2.06,3.92,3.18,3.4,-2.51,-1.7,-1.63,2.44,6.07,7.25,9.32,13.95,13.55,13.24,13.15,0.74,-0.81,0.88,-5.15,-9.57,-10.24,-17.89,-21.43,-19.44,-17.67
2008-03-10,000059,13.59,13.06,13.68,13.0,47775,63673360.0,5.01,-3.83,-0.52,1.45,7.31,7.54,1.38,2.23,2.31,6.54,10.31,11.54,13.69,8.85,13.8,13.52,13.32,13.13,3.14,4.9,-1.38,-5.97,-6.66,-14.62,-18.3,-16.23,-14.4,-13.86
2008-03-11,000059,13.08,13.35,13.47,12.8,36406,47704236.0,5.13,2.22,0.29,1.1,9.22,2.97,3.83,3.91,8.2,12.03,13.28,15.47,10.55,6.87,13.69,13.55,13.36,13.15,2.62,-3.52,-8.01,-8.69,-16.48,-20.07,-18.05,-16.25,-15.73,-19.85
2008-03-12,000059,13.68,12.89,13.7,12.88,39822,52541340.0,6.14,-3.45,-0.46,1.21,2.33,3.18,3.26,7.53,11.34,12.58,14.75,9.86,6.21,4.58,13.43,13.53,13.36,13.16,-0.08,-4.73,-5.43,-13.5,-17.22,-15.13,-13.27,-12.72,-16.99,-17.15
2008-03-13,000059,12.5,12.1,12.88,11.67,54926,67587520.0,9.39,-6.13,-0.79,1.66,13.88,13.97,18.68,22.88,24.25,26.65,21.25,17.22,15.42,17.4,13.0,13.43,13.34,13.11,1.49,0.74,-7.85,-11.82,-9.59,-7.6,-7.02,-11.57,-11.74,-15.7
2008-03-14,000059,12.2,12.11,12.28,11.71,28812,34575500.0,4.71,0.08,0.01,0.87,13.58,18.27,22.46,23.83,26.22,20.84,16.82,15.03,16.99,9.99,12.7,13.33,13.3,13.06,0.66,-7.93,-11.89,-9.66,-7.68,-7.1,-11.64,-11.81,-15.77,-17.26
2008-03-17,000059,11.98,10.91,12.19,10.9,37433,42902580.0,10.65,-9.91,-1.2,1.13,27.06,31.56,33.03,35.6,29.82,25.5,23.58,25.69,18.17,12.66,12.27,13.04,13.2,12.96,2.2,-2.2,0.27,2.47,3.12,-1.92,-2.11,-6.51,-8.16,-10.17
2008-03-18,000059,10.83,9.95,11.15,9.83,55441,56894628.0,12.1,-8.8,-0.96,1.68,45.88,47.51,50.36,43.95,39.17,37.03,39.37,31.03,24.92,24.01,11.59,12.64,13.03,12.88,7.24,9.95,12.36,13.07,7.54,7.34,2.51,0.7,-1.51,-0.2
2008-03-19,000059,10.25,10.4,10.67,10.08,50705,52608864.0,5.93,4.52,0.45,1.54,43.85,46.63,40.38,35.71,33.63,35.91,27.78,21.83,20.93,10.62,11.09,12.26,12.87,12.81,5.19,7.5,8.17,2.88,2.69,-1.92,-3.65,-5.77,-4.52,-13.65
2008-03-20,000059,10.29,10.8,10.94,9.85,58174,60632580.0,10.48,3.85,0.4,1.76,50.05,43.65,38.88,36.75,39.09,30.76,24.67,23.76,13.2,8.32,10.83,11.91,12.72,12.75,3.52,4.17,-0.93,-1.11,-5.56,-7.22,-9.26,-8.06,-16.85,-19.81
2008-03-21,000059,10.65,10.92,11.18,10.65,36958,40419608.0,4.91,1.11,0.12,1.12,32.86,28.45,26.48,28.64,20.94,15.31,14.46,4.69,0.19,2.72,10.6,11.65,12.6,12.71,3.02,-2.01,-2.2,-6.59,-8.24,-10.26,-9.07,-17.77,-20.7,-16.21
2008-03-24,000059,11.15,10.55,11.25,10.54,34300,37399864.0,6.5,-3.39,-0.37,1.04,29.79,27.8,29.98,22.2,16.51,15.65,5.79,1.23,3.8,6.07,10.52,11.4,12.46,12.68,1.42,1.23,-3.32,-5.02,-7.11,-5.88,-14.88,-17.91,-13.27,-12.13
2008-03-25,000059,10.35,10.5,10.7,10.0,46390,48180240.0,6.64,-0.47,-0.05,1.41,34.7,37.0,28.8,22.8,21.9,11.5,6.7,9.4,11.8,12.5,10.63,11.11,12.33,12.61,1.71,-2.86,-4.57,-6.67,-5.43,-14.48,-17.52,-12.86,-11.71,-8.1
2008-03-26,000059,10.63,10.3,10.68,10.23,42954,45065320.0,4.29,-1.9,-0.2,1.3,33.92,25.9,20.04,19.16,8.99,4.3,6.94,9.29,9.97,4.59,10.61,10.85,12.19,12.53,-0.97,-2.72,-4.85,-3.59,-12.82,-15.92,-11.17,-10.0,-6.31,-11.17
2008-03-27,000059,10.2,9.7,10.2,9.7,44366,44165064.0,4.85,-5.83,-0.6,1.34,32.78,26.6,25.67,14.95,10.0,12.78,15.26,15.98,10.31,10.1,10.39,10.61,12.02,12.43,3.3,1.03,2.37,-7.42,-10.72,-5.67,-4.43,-0.52,-5.67,-3.51
2008-03-28,000059,9.36,9.94,10.02,9.05,60816,58450400.0,10.0,2.47,0.24,1.84,35.69,34.7,23.2,17.9,20.88,23.54,24.31,18.23,18.01,12.71,10.2,10.4,11.86,12.33,-1.41,-0.1,-9.66,-12.88,-7.95,-6.74,-2.92,-7.95,-5.84,-9.15
2008-03-31,000059,9.67,9.73,9.8,9.48,33819,32646062.0,3.22,-2.11,-0.21,1.03,28.59,17.62,12.55,15.4,17.93,18.67,12.87,12.66,7.59,5.7,10.03,10.28,11.66,12.23,2.06,-7.71,-11.0,-5.96,-4.73,-0.82,-5.96,-3.8,-7.19,-10.59
2008-04-01,000059,9.93,8.76,9.93,8.76,56081,51523712.0,12.02,-9.97,-0.97,1.7,27.28,21.8,24.89,27.63,28.42,22.15,21.92,16.44,14.38,11.87,9.69,10.16,11.4,12.07,2.51,-1.14,4.45,5.82,10.16,4.45,6.85,3.08,-0.68,-0.68
2008-04-02,000059,8.9,8.08,8.98,7.89,59919,49859888.0,12.44,-7.76,-0.68,1.82,35.23,38.66,41.7,42.59,35.61,35.36,29.28,27.0,24.21,25.86,9.24,9.93,11.09,11.89,7.18,13.24,14.73,19.43,13.24,15.84,11.76,7.67,7.67,6.44
2008-04-03,000059,8.26,8.49,8.66,7.89,48206,39740132.0,9.53,5.07,0.41,1.46,38.66,41.7,42.59,35.61,35.36,29.28,27.0,24.21,25.86,13.81,9.0,9.7,10.81,11.71,7.77,9.19,13.66,7.77,10.25,6.36,2.47,2.47,1.3,-4.83
2008-04-07,000059,8.23,9.05,9.15,8.18,64386,56372584.0,11.43,6.6,0.56,1.95,36.67,37.53,30.81,30.56,24.69,22.49,19.8,21.39,9.78,5.87,8.82,9.51,10.58,11.57,2.43,6.63,1.1,3.43,-0.22,-3.87,-3.87,-4.97,-10.72,-10.17
2008-04-08,000059,9.04,9.06,9.27,8.85,46246,42029068.0,4.64,0.11,0.01,1.4,27.12,20.9,20.68,15.25,13.22,10.73,12.2,1.47,-2.15,3.39,8.69,9.36,10.38,11.43,6.51,0.99,3.31,-0.33,-3.97,-3.97,-5.08,-10.82,-10.26,-15.12
2008-04-09,000059,9.13,8.85,9.65,8.83,68930,64161892.0,9.05,-2.32,-0.21,2.09,21.18,20.95,15.52,13.48,10.99,12.46,1.7,-1.93,3.62,4.98,8.71,9.2,10.15,11.29,3.39,5.76,2.03,-1.69,-1.69,-2.82,-8.7,-8.14,-13.11,-7.57
2008-04-10,000059,8.84,9.15,9.15,8.5,50034,44277520.0,7.34,3.39,0.3,1.52,25.65,20.0,17.88,15.29,16.82,5.65,1.88,7.65,9.06,13.53,8.92,9.08,9.97,11.15,2.3,-1.31,-4.92,-4.92,-6.01,-11.69,-11.15,-15.96,-10.6,-2.73
2008-04-11,000059,9.18,9.18,9.36,9.1,39269,36257200.0,2.84,0.33,0.03,1.19,12.09,10.11,7.69,9.12,-1.32,-4.84,0.55,1.87,6.04,0.55,9.06,9.03,9.82,11.02,-1.63,-5.23,-5.23,-6.32,-11.98,-11.44,-16.23,-10.89,-3.05,2.4
2008-04-14,000059,9.0,8.35,9.03,8.33,38625,33470130.0,7.63,-9.04,-0.83,1.17,20.29,17.65,19.21,7.8,3.96,9.84,11.28,15.85,9.84,12.36,8.92,8.87,9.63,10.86,4.19,4.19,2.99,-3.23,-2.63,-7.9,-2.04,6.59,12.57,9.7
2008-04-15,000059,8.3,8.66,8.7,8.03,32979,27569652.0,8.02,3.71,0.31,1.0,22.04,23.66,11.83,7.85,13.95,15.44,20.17,13.95,16.56,12.45,8.84,8.76,9.52,10.69,0.46,-0.69,-6.7,-6.12,-11.2,-5.54,2.77,8.55,5.77,5.31
2008-04-16,000059,8.59,8.36,8.7,8.3,23665,20094336.0,4.62,-3.46,-0.3,0.72,19.64,8.19,4.34,10.24,11.69,16.27,10.24,12.77,8.8,4.82,8.74,8.72,9.44,10.51,2.87,-3.35,-2.75,-8.01,-2.15,6.46,12.44,9.57,9.09,12.32
2008-04-17,000059,8.36,8.19,8.6,8.03,25559,21248578.0,6.82,-2.03,-0.17,0.77,11.83,7.85,13.95,15.44,20.17,13.95,16.56,12.45,8.34,8.34,8.55,8.73,9.33,10.31,-1.34,-0.73,-6.11,-0.12,8.67,14.77,11.84,11.36,14.65,20.39
2008-04-18,000059,7.89,7.43,8.08,7.43,49263,37734324.0,7.94,-9.28,-0.76,1.49,16.55,23.15,24.76,29.88,23.15,25.98,21.53,17.09,17.09,15.75,8.2,8.63,9.16,10.08,9.42,3.5,10.09,19.78,26.51,23.28,22.75,26.38,32.71,30.82
2008-04-21,000059,8.1,7.5,8.13,7.3,48106,37253856.0,11.17,0.94,0.07,1.46,25.34,26.99,32.19,25.34,28.22,23.7,19.18,19.18,17.81,10.68,8.03,8.47,8.99,9.88,2.53,9.07,18.67,25.33,22.13,21.6,25.2,31.47,29.6,27.6
2008-04-22,000059,7.36,7.65,7.69,7.2,32333,23988836.0,6.53,2.0,0.15,0.98,28.75,34.03,27.08,30.0,25.42,20.83,20.83,19.44,12.22,12.92,7.83,8.33,8.85,9.7,6.93,16.34,22.88,19.74,19.22,22.75,28.89,27.06,25.1,25.49
2008-04-23,000059,7.6,8.09,8.18,7.45,47187,37309688.0,9.54,5.75,0.44,1.43,29.53,22.82,25.64,21.21,16.78,16.78,15.44,8.46,9.13,3.22,7.77,8.26,8.73,9.52,10.01,16.19,13.23,12.73,16.07,21.88,20.15,18.29,18.67,29.54
2008-04-24,000059,8.88,8.9,8.9,8.6,95406,84210784.0,3.71,10.01,0.81,2.89,6.4,8.84,5.0,1.16,1.16,0.0,-6.05,-5.47,-10.58,-4.88,7.91,8.23,8.66,9.39,5.62,2.92,2.47,5.51,10.79,9.21,7.53,7.87,17.75,23.03
2008-04-25,000059,8.97,9.0,9.4,8.8,81561,74928776.0,6.74,1.12,0.1,2.47,6.36,2.61,-1.14,-1.14,-2.27,-8.18,-7.61,-12.61,-7.05,1.14,8.23,8.21,8.62,9.29,1.78,1.33,4.33,9.56,8.0,6.33,6.67,16.44,21.67,26.67
2008-04-28,000059,8.88,9.03,9.16,8.8,46610,42059644.0,4.0,0.33,0.03,1.41,2.61,-1.14,-1.14,-2.27,-8.18,-7.61,-12.61,-7.05,1.14,6.82,8.53,8.28,8.58,9.18,1.0,3.99,9.19,7.64,5.98,6.31,16.06,21.26,26.25,25.91
2008-04-29,000059,9.03,9.03,9.12,8.93,43208,38980504.0,2.1,0.0,0.0,1.31,-2.58,-2.58,-3.7,-9.52,-8.96,-13.89,-8.4,-0.34,5.26,2.58,8.81,8.32,8.54,9.12,3.99,9.19,7.64,5.98,6.31,16.06,21.26,26.25,25.91,33.89
2008-04-30,000059,9.1,9.38,9.39,9.03,74555,69058576.0,3.99,3.88,0.35,2.26,-3.65,-4.76,-10.52,-9.97,-14.84,-9.41,-1.44,4.1,1.44,1.0,9.07,8.42,8.57,9.1,5.12,3.62,2.03,2.35,11.73,16.74,21.54,21.22,28.89,31.13
2008-05-05,000059,9.48,9.73,9.86,9.48,72453,70460032.0,4.05,3.73,0.35,2.2,-9.28,-14.77,-14.24,-18.88,-13.71,-6.12,-0.84,-3.38,-3.8,-0.95,9.23,8.57,8.65,9.08,-0.1,-1.64,-1.34,7.71,12.54,17.16,16.86,24.25,26.41,21.17
2008-05-06,000059,9.61,9.5,9.72,9.39,60562,57665192.0,3.39,-2.36,-0.23,1.84,-13.95,-13.42,-18.1,-12.89,-5.22,0.11,-2.45,-2.88,0.0,5.01,9.33,8.78,8.7,9.04,0.74,1.05,10.32,15.26,20.0,19.68,27.26,29.47,24.11,22.84
2008-05-07,000059,9.4,8.73,9.57,8.69,74004,67833320.0,9.26,-8.11,-0.77,2.24,-6.44,-11.51,-5.87,2.42,8.17,5.41,4.95,8.06,13.46,11.85,9.27,8.9,8.69,8.96,9.97,20.05,25.43,30.58,30.24,38.49,40.89,35.05,33.68,30.58
2008-05-08,000059,9.11,9.6,9.6,9.09,104383,98831432.0,5.84,9.97,0.87,3.16,-15.4,-10.01,-2.09,3.41,0.77,0.33,3.3,8.47,6.93,5.28,9.39,9.1,8.72,8.93,9.17,14.06,18.75,18.44,25.94,28.13,22.81,21.56,18.75,21.67
2008-05-09,000059,9.98,10.14,10.48,9.8,197899,200593872.0,7.08,5.63,0.54,6.0,-16.53,-9.18,-4.08,-6.53,-6.94,-4.18,0.61,-0.82,-2.35,-2.04,9.54,9.3,8.78,8.92,7.99,12.43,12.13,19.23,21.3,16.27,15.09,12.43,15.19,12.13
2008-05-12,000059,10.0,10.85,10.95,9.83,156807,165490832.0,11.05,7.0,0.71,4.75,-9.46,-4.37,-6.82,-7.22,-4.48,0.31,-1.12,-2.64,-2.34,6.61,9.76,9.5,8.87,8.94,5.07,4.79,11.43,13.36,8.66,7.56,5.07,7.65,4.79,-1.94
2008-05-13,000059,10.46,11.16,11.4,10.4,187975,206501024.0,9.22,2.86,0.31,5.7,-9.62,-11.92,-12.31,-9.71,-5.19,-6.54,-7.98,-7.69,0.77,5.29,10.1,9.71,8.96,8.99,1.88,8.33,10.22,5.65,4.57,2.15,4.66,1.88,-4.66,-7.26
2008-05-14,000059,11.0,11.06,11.37,10.71,139986,154214448.0,5.91,-0.9,-0.1,4.24,-14.47,-14.85,-12.32,-7.94,-9.24,-10.64,-10.36,-2.15,2.24,6.44,10.56,9.92,9.1,9.02,9.31,11.21,6.6,5.52,3.07,5.61,2.8,-3.8,-6.42,0.27
2008-05-15,000059,10.97,11.68,12.09,10.85,222420,256762576.0,11.21,5.61,0.62,6.74,-15.94,-13.46,-9.12,-10.41,-11.8,-11.52,-3.41,0.92,5.07,4.79,10.98,10.18,9.25,9.09,5.31,0.94,-0.09,-2.4,0.0,-2.65,-8.9,-11.39,-5.05,-3.42
2008-05-16,000059,11.5,11.5,12.3,11.2,183724,216397472.0,9.42,-1.54,-0.18,5.57,-16.16,-11.96,-13.21,-14.55,-14.29,-6.43,-2.23,1.79,1.52,7.95,11.25,10.39,9.41,9.18,2.52,1.48,-0.87,1.57,-1.13,-7.48,-10.0,-3.57,-1.91,-2.78
2008-05-19,000059,11.39,11.46,11.79,11.0,91908,104686008.0,6.87,-0.35,-0.04,2.79,-10.36,-11.64,-13.0,-12.73,-4.73,-0.45,3.64,3.36,9.91,11.82,11.37,10.57,9.57,9.29,1.83,-0.52,1.92,-0.79,-7.16,-9.69,-3.23,-1.57,-2.44,-4.45
2008-05-20,000059,11.4,10.65,11.67,10.5,124370,136892432.0,10.21,-7.07,-0.81,3.77,-7.43,-8.86,-8.57,-0.19,4.29,8.57,8.29,15.14,17.14,12.29,11.27,10.68,9.73,9.36,7.04,9.67,6.76,-0.09,-2.82,4.13,5.92,4.98,2.82,-1.31
2008-05-21,000059,10.5,11.2,11.4,10.06,134904,143766928.0,12.58,5.16,0.55,4.09,-4.87,-4.57,4.17,8.85,13.32,13.02,20.18,22.27,17.2,16.0,11.3,10.93,9.92,9.44,4.29,1.52,-5.0,-7.59,-0.98,0.71,-0.18,-2.23,-6.16,-5.18
2008-05-22,000059,10.91,11.39,11.68,10.8,168506,191040864.0,7.86,1.7,0.19,5.11,-11.11,-2.96,1.39,5.56,5.28,11.94,13.89,9.17,8.06,5.56,11.24,11.11,10.1,9.51,-0.18,-6.58,-9.13,-2.63,-0.97,-1.84,-3.86,-7.73,-6.76,-3.6
2008-05-23,000059,11.16,10.8,11.37,10.71,90315,99181472.0,5.79,-5.18,-0.59,2.74,-2.15,2.24,6.44,6.16,12.89,14.85,10.08,8.96,6.44,9.06,11.1,11.17,10.24,9.58,-1.48,-4.17,2.69,4.44,3.52,1.39,-2.69,-1.67,1.67,-4.63
2008-05-26,000059,10.42,10.1,10.64,10.1,67936,70212960.0,5.0,-6.48,-0.7,2.06,8.42,12.87,12.57,19.7,21.78,16.73,15.54,12.87,15.64,12.57,10.83,11.1,10.3,9.61,2.48,9.8,11.68,10.69,8.42,4.06,5.15,8.71,1.98,-4.75
2008-05-27,000059,10.02,10.21,10.35,9.97,46617,47231060.0,3.76,1.09,0.11,1.41,14.34,14.04,21.26,23.37,18.25,17.05,14.34,17.15,14.04,6.72,10.74,11.0,10.36,9.64,8.62,10.48,9.5,7.25,2.94,4.02,7.54,0.88,-5.78,-10.68
2008-05-29,000059,10.59,10.57,11.09,10.41,104728,112769800.0,6.66,3.53,0.36,3.17,9.22,16.14,18.16,13.26,12.1,9.51,12.2,9.22,2.21,-0.58,10.61,10.96,10.44,9.72,6.72,5.77,3.6,-0.57,0.47,3.88,-2.55,-8.99,-13.72,-13.15
2008-05-30,000059,10.62,10.82,11.28,10.62,97283,106652352.0,6.24,2.37,0.25,2.95,13.84,15.82,11.02,9.89,7.34,9.98,7.06,0.19,-2.54,4.43,10.5,10.87,10.53,9.79,3.33,1.2,-2.87,-1.85,1.48,-4.81,-11.09,-15.71,-15.16,-22.55
2008-06-02,000059,10.8,10.9,11.18,10.7,56664,61858292.0,4.44,0.74,0.08,1.72,14.95,10.19,9.07,6.54,9.16,6.26,-0.56,-3.27,3.64,5.42,10.52,10.81,10.6,9.88,0.46,-3.58,-2.57,0.73,-5.5,-11.74,-16.33,-15.78,-23.12,-24.22
2008-06-03,000059,10.8,10.5,10.95,10.41,59998,63480568.0,4.95,-3.67,-0.4,1.82,13.26,12.1,9.51,12.2,9.22,2.21,-0.58,6.53,8.36,7.4,10.6,10.71,10.64,9.95,0.1,1.14,4.57,-1.9,-8.38,-13.14,-12.57,-20.19,-21.33,-20.38
2008-06-04,000059,10.41,10.32,10.51,10.23,31871,32939320.0,2.67,-1.71,-0.18,0.97,14.08,11.44,14.17,11.14,4.01,1.17,8.41,10.26,9.29,7.04,10.62,10.68,10.68,10.05,2.91,6.4,-0.19,-6.78,-11.63,-11.05,-18.8,-19.96,-18.99,-16.76
2008-06-05,000059,10.21,10.57,10.62,10.2,34138,35716060.0,4.07,2.42,0.25,1.03,11.76,14.51,11.47,4.31,1.47,8.73,10.59,9.61,7.35,3.04,10.62,10.62,10.77,10.15,3.88,-2.55,-8.99,-13.72,-13.15,-20.72,-21.85,-20.91,-18.73,-20.62
2008-06-06,000059,10.6,10.79,10.98,10.41,69447,74442576.0,5.39,2.08,0.22,2.11,12.2,9.22,2.21,-0.58,6.53,8.36,7.4,5.19,0.96,2.02,10.62,10.56,10.83,10.26,-4.54,-10.84,-15.48,-14.92,-22.34,-23.45,-22.52,-20.39,-22.24,-21.59
2008-06-10,000059,10.26,9.71,10.3,9.71,47196,47086308.0,5.47,-10.01,-1.08,1.43,17.1,9.58,6.59,14.21,16.17,15.14,12.77,8.24,9.37,13.08,10.38,10.45,10.81,10.31,-0.93,-6.08,-5.46,-13.7,-14.93,-13.9,-11.53,-13.59,-12.87,-11.95
2008-06-11,000059,9.4,8.91,9.62,8.8,57548,52115952.0,8.44,-8.24,-0.8,1.74,20.91,17.61,26.02,28.18,27.05,24.43,19.43,20.68,24.77,17.05,10.06,10.33,10.72,10.31,2.36,3.03,-5.95,-7.3,-6.17,-3.59,-5.84,-5.05,-4.04,-0.45
2008-06-12,000059,8.8,8.93,9.12,8.61,45477,40560760.0,5.72,0.22,0.02,1.38,20.21,28.8,31.01,29.85,27.18,22.07,23.34,27.53,19.63,11.73,9.78,10.2,10.6,10.31,2.8,-6.16,-7.5,-6.38,-3.81,-6.05,-5.26,-4.26,-0.67,0.11
2008-06-13,000059,8.99,8.16,9.18,8.16,41098,35152264.0,11.42,-8.62,-0.77,1.25,35.91,38.24,37.01,34.19,28.8,30.15,34.56,26.23,17.89,11.76,9.3,9.96,10.46,10.28,2.7,1.23,2.45,5.27,2.82,3.68,4.78,8.7,9.56,3.55
2008-06-16,000059,8.25,8.14,8.38,7.75,39138,31735336.0,7.72,-0.25,-0.02,1.19,45.55,44.26,41.29,35.61,37.03,41.68,32.9,24.13,17.68,18.45,8.77,9.69,10.28,10.25,1.47,2.7,5.53,3.07,3.93,5.04,8.97,9.83,3.81,0.61
2008-06-17,000059,8.12,7.6,8.26,7.52,37945,29888096.0,9.09,-6.63,-0.54,1.15,48.67,45.61,39.76,41.22,46.01,36.97,27.93,21.28,22.07,11.44,8.35,9.36,10.09,10.19,10.0,13.03,10.39,11.32,12.5,16.71,17.63,11.18,7.76,8.29
2008-06-18,000059,7.67,8.36,8.36,7.42,70684,56789836.0,12.37,10.0,0.76,2.14,47.57,41.64,43.13,47.98,38.81,29.65,22.91,23.72,12.94,11.32,8.24,9.15,9.93,10.14,2.75,0.36,1.2,2.27,6.1,6.94,1.08,-2.03,-1.56,-0.12
2008-06-19,000059,8.24,7.63,8.59,7.61,73342,59673924.0,11.72,-8.73,-0.73,2.22,38.11,39.55,44.28,35.35,26.41,19.84,20.63,10.12,8.54,9.86,7.98,8.88,9.78,10.08,9.96,10.88,12.06,16.25,17.17,10.75,7.34,7.86,9.44,17.3
2008-06-20,000059,8.01,8.3,8.39,7.6,88862,72587336.0,10.35,8.78,0.67,2.69,39.74,44.47,35.53,26.58,20.0,20.79,10.26,8.68,10.0,13.03,8.01,8.65,9.64,10.07,1.93,3.01,6.87,7.71,1.81,-1.33,-0.84,0.6,7.83,7.83
2008-06-23,000059,8.03,8.13,8.46,8.0,43830,35976204.0,5.54,-2.05,-0.17,1.33,37.25,28.75,20.25,14.0,14.75,4.75,3.25,4.5,7.37,4.88,8.0,8.39,9.47,10.02,5.17,9.1,9.96,3.94,0.74,1.23,2.71,10.09,10.09,11.44
2008-06-24,000059,8.17,8.45,8.55,8.12,43714,36573916.0,5.29,3.94,0.32,1.33,26.85,18.47,12.32,13.05,3.2,1.72,2.96,5.79,3.33,4.19,8.17,8.26,9.36,9.96,4.97,5.8,0.0,-3.08,-2.6,-1.18,5.92,5.92,7.22,7.22
2008-06-25,000059,8.4,8.8,8.87,8.38,51951,45229380.0,5.8,4.14,0.35,1.57,14.8,8.83,9.55,0.0,-1.43,-0.24,2.51,0.12,0.95,2.03,8.26,8.25,9.29,9.89,1.59,-3.98,-6.93,-6.48,-5.11,1.7,1.7,2.95,2.95,5.57
2008-06-26,000059,8.8,8.75,8.94,8.56,51179,44781148.0,4.32,-0.57,-0.05,1.55,6.54,7.24,-2.1,-3.5,-2.34,0.35,-1.99,-1.17,-0.12,3.62,8.49,8.23,9.22,9.81,-3.43,-6.4,-5.94,-4.57,2.29,2.29,3.54,3.54,6.17,6.63
2008-06-27,000059,8.35,7.99,8.45,7.88,60254,48904216.0,6.51,-8.69,-0.76,1.83,16.5,6.35,4.82,6.09,9.01,6.47,7.36,8.5,12.56,13.45,8.42,8.21,9.09,9.71,2.5,3.0,4.51,12.02,12.02,13.39,13.39,16.27,16.77,12.64
2008-06-30,000059,7.8,8.09,8.19,7.8,29721,23889236.0,4.88,1.25,0.1,0.9,7.44,5.9,7.18,10.13,7.56,8.46,9.62,13.72,14.62,8.33,8.42,8.21,8.95,9.59,1.73,3.21,10.63,10.63,11.99,11.99,14.83,15.33,11.25,11.25
2008-07-01,000059,8.1,8.08,8.23,7.9,32033,25944622.0,4.08,-0.12,-0.01,0.97,4.56,5.82,8.73,6.2,7.09,8.23,12.28,13.16,6.96,3.67,8.34,8.26,8.81,9.48,3.34,10.77,10.77,12.13,12.13,14.98,15.47,11.39,11.39,13.61
2008-07-02,000059,8.08,8.33,8.35,7.95,52979,43487108.0,4.95,3.09,0.25,1.61,5.16,8.05,5.53,6.42,7.55,11.57,12.45,6.29,3.02,3.52,8.25,8.25,8.7,9.37,7.44,7.44,8.76,8.76,11.52,12.0,8.04,8.04,10.2,4.92
2008-07-03,000059,8.28,8.86,8.95,8.12,101898,87786312.0,9.96,6.36,0.53,3.09,5.79,3.33,4.19,5.3,9.24,10.1,4.06,0.86,1.35,2.83,8.27,8.38,8.63,9.31,1.02,2.26,2.26,4.85,5.3,1.58,1.58,3.61,-1.35,-4.51
2008-07-04,000059,8.72,8.58,8.95,8.48,59802,52141496.0,5.3,-3.16,-0.28,1.81,-1.06,-0.24,0.83,4.6,5.42,-0.35,-3.42,-2.95,-1.53,5.54,8.39,8.41,8.53,9.23,5.59,5.59,8.28,8.74,4.9,4.9,6.99,1.86,-1.4,0.23
2008-07-07,000059,8.55,8.95,9.06,8.55,58875,52383180.0,5.94,4.31,0.37,1.78,-1.05,0.0,3.74,4.56,-1.17,-4.21,-3.74,-2.34,4.68,4.68,8.56,8.49,8.44,9.14,1.23,3.8,4.25,0.56,0.56,2.57,-2.35,-5.47,-3.91,2.46
2008-07-08,000059,8.95,8.97,9.06,8.72,58776,52238780.0,3.8,0.22,0.02,1.78,-1.95,1.72,2.52,-3.1,-6.08,-5.62,-4.24,2.64,2.64,3.9,8.74,8.54,8.4,9.08,3.57,4.01,0.33,0.33,2.34,-2.56,-5.69,-4.12,2.23,1.11
2008-07-09,000059,9.0,9.21,9.29,9.0,68921,62927960.0,3.23,2.68,0.24,2.09,-1.44,-0.67,-6.11,-9.0,-8.56,-7.22,-0.56,-0.56,0.67,0.67,8.91,8.58,8.42,9.05,1.3,-2.28,-2.28,-0.33,-5.1,-8.14,-6.62,-0.43,-1.52,-2.06
2008-07-10,000059,9.09,8.93,9.33,8.93,62335,56917712.0,4.34,-3.04,-0.28,1.89,0.11,-5.38,-8.29,-7.84,-6.49,0.22,0.22,1.46,1.46,4.03,8.93,8.6,8.42,9.01,0.78,0.78,2.8,-2.13,-5.26,-3.7,2.69,1.57,1.01,-0.56
2008-07-11,000059,8.9,8.85,9.0,8.63,47678,41877088.0,4.14,-0.9,-0.08,1.45,-2.09,-5.1,-4.63,-3.24,3.71,3.71,4.98,4.98,7.65,8.11,8.98,8.68,8.45,8.95,1.69,3.73,-1.24,-4.41,-2.82,3.62,2.49,1.92,0.34,2.03
2008-07-14,000059,8.79,8.98,9.0,8.74,31505,28000592.0,2.94,1.47,0.13,0.96,-6.29,-5.84,-4.46,2.4,2.4,3.66,3.66,6.29,6.75,2.97,8.99,8.77,8.49,8.89,2.23,-2.67,-5.79,-4.23,2.12,1.0,0.45,-1.11,0.56,-1.45
2008-07-15,000059,8.99,8.73,9.18,8.71,56509,50690344.0,5.23,-2.78,-0.25,1.71,-5.51,-4.13,2.76,2.76,4.02,4.02,6.66,7.12,3.33,3.33,8.94,8.84,8.55,8.82,0.11,-3.09,-1.49,5.04,3.89,3.32,1.72,3.44,1.37,2.75
2008-07-16,000059,8.65,8.15,8.74,7.9,45387,37549420.0,9.62,-6.64,-0.58,1.38,5.7,13.29,13.29,14.68,14.68,17.59,18.1,13.92,13.92,16.2,8.73,8.82,8.54,8.74,3.8,5.52,12.52,11.29,10.67,8.96,10.8,8.59,10.06,7.85
2008-07-17,000059,8.24,8.09,8.46,8.02,27823,22920158.0,5.4,-0.74,-0.06,0.84,11.6,11.6,12.97,12.97,15.84,16.33,12.22,12.22,14.46,8.98,8.56,8.74,8.56,8.67,6.3,13.35,12.11,11.5,9.77,11.62,9.39,10.88,8.65,4.82
2008-07-18,000059,8.11,8.59,8.6,7.92,40381,33363760.0,8.41,6.18,0.5,1.22,13.01,14.39,14.39,17.3,17.8,13.64,13.64,15.91,10.35,6.82,8.51,8.74,8.58,8.6,6.75,5.59,5.01,3.38,5.12,3.03,4.42,2.33,-1.28,-2.79
2008-07-22,000059,8.98,9.0,9.17,8.81,91074,81808952.0,4.19,4.77,0.41,2.76,2.84,2.84,5.45,5.9,2.16,2.16,4.2,-0.79,-3.97,-2.38,8.51,8.75,8.62,8.54,0.78,0.22,-1.33,0.33,-1.67,-0.33,-2.33,-5.78,-7.22,-8.33
2008-07-23,000059,9.04,8.78,9.07,8.73,44747,39753552.0,3.78,-2.44,-0.22,1.36,3.78,6.41,6.87,3.09,3.09,5.15,0.11,-3.09,-1.49,5.04,8.52,8.73,8.64,8.51,2.73,1.14,2.85,0.8,2.16,0.11,-3.42,-4.9,-6.04,-7.18
2008-07-24,000059,8.85,8.94,9.02,8.82,33018,29480144.0,2.28,1.82,0.16,1.0,5.33,5.78,2.04,2.04,4.08,-0.91,-4.08,-2.49,3.97,2.83,8.68,8.7,8.64,8.51,-0.67,1.01,-1.01,0.34,-1.68,-5.15,-6.6,-7.72,-8.84,-9.62
2008-07-25,000059,8.85,8.8,8.88,8.72,30362,26702182.0,1.79,-1.57,-0.14,0.92,7.0,3.21,3.21,5.28,0.23,-2.98,-1.38,5.16,4.01,3.44,8.82,8.69,8.65,8.51,2.61,0.57,1.93,-0.11,-3.64,-5.11,-6.25,-7.39,-8.18,-9.32
2008-07-28,000059,8.88,8.9,9.03,8.76,26668,23776588.0,3.07,1.14,0.1,0.81,2.74,2.74,4.79,-0.23,-3.42,-1.83,4.68,3.54,2.97,1.37,8.88,8.7,8.69,8.53,-0.56,0.79,-1.24,-4.72,-6.18,-7.3,-8.43,-9.21,-10.34,-17.42
2008-07-29,000059,8.85,8.66,8.85,8.6,23189,20151054.0,2.81,-2.7,-0.24,0.7,4.65,6.74,1.63,-1.63,0.0,6.63,5.47,4.88,3.26,5.0,8.82,8.66,8.72,8.55,3.58,1.5,-2.08,-3.58,-4.73,-5.89,-6.7,-7.85,-15.13,-23.33
2008-07-30,000059,8.81,8.71,8.97,8.6,21434,18818580.0,4.27,0.58,0.05,0.65,6.74,1.63,-1.63,0.0,6.63,5.47,4.88,3.26,5.0,2.91,8.8,8.66,8.75,8.59,0.92,-2.64,-4.13,-5.28,-6.43,-7.23,-8.38,-15.61,-23.77,-24.8
2008-07-31,000059,8.7,8.3,8.79,8.3,22298,18792212.0,5.63,-4.71,-0.41,0.68,5.3,1.93,3.61,10.48,9.28,8.67,6.99,8.8,6.63,8.07,8.67,8.68,8.75,8.58,2.17,0.6,-0.6,-1.81,-2.65,-3.86,-11.45,-20.0,-21.08,-21.69
2008-08-01,000059,8.2,8.39,8.48,8.11,20503,16958796.0,4.46,1.08,0.09,0.62,4.32,6.04,13.07,11.84,11.22,9.49,11.34,9.12,10.6,8.38,8.59,8.71,8.73,8.61,-0.48,-1.67,-2.86,-3.69,-4.89,-12.4,-20.86,-21.93,-22.53,-22.17
2008-08-04,000059,8.35,8.11,8.35,8.08,15840,13034254.0,3.22,-3.34,-0.28,0.48,6.44,13.49,12.25,11.63,9.9,11.76,9.53,11.01,8.79,4.95,8.43,8.66,8.7,8.6,1.73,0.49,-0.37,-1.6,-9.37,-18.13,-19.24,-19.85,-19.48,-20.59
2008-08-05,000059,8.05,7.95,8.25,7.93,18963,15359272.0,3.95,-1.97,-0.16,0.57,15.64,14.38,13.75,11.98,13.87,11.6,13.11,10.84,6.94,5.3,8.29,8.55,8.65,8.6,2.52,1.64,0.38,-7.55,-16.48,-17.61,-18.24,-17.86,-18.99,-23.52
2008-08-06,000059,8.01,8.01,8.15,7.86,15301,12249036.0,3.65,0.75,0.06,0.46,15.39,14.76,12.98,14.89,12.6,14.12,11.83,7.89,6.23,4.96,8.15,8.48,8.6,8.58,0.87,-0.37,-8.24,-17.1,-18.23,-18.85,-18.48,-19.6,-24.09,-18.1
2008-08-07,000059,8.01,7.94,8.08,7.9,13271,10584832.0,2.25,-0.87,-0.07,0.4,14.18,12.41,14.3,12.03,13.54,11.27,7.34,5.7,4.43,3.16,8.08,8.38,8.54,8.55,0.5,-7.43,-16.37,-17.51,-18.14,-17.76,-18.89,-23.43,-17.38,-16.37
2008-08-08,000059,7.98,7.29,7.98,7.25,28223,21362322.0,9.19,-8.19,-0.65,0.86,22.48,24.55,22.07,23.72,21.24,16.97,15.17,13.79,12.41,11.45,7.86,8.23,8.46,8.51,0.82,-8.92,-10.15,-10.84,-10.43,-11.66,-16.6,-10.01,-8.92,-14.27
2008-08-11,000059,7.2,6.57,7.35,6.56,33857,23258790.0,10.84,-9.88,-0.72,1.03,37.65,34.91,36.74,33.99,29.27,27.29,25.76,24.24,23.17,21.65,7.55,7.99,8.34,8.46,1.07,-0.3,-1.07,-0.61,-1.98,-7.46,-0.15,1.07,-4.87,-5.02
2008-08-12,000059,6.57,6.48,6.64,6.4,19738,12859215.0,3.65,-1.37,-0.09,0.6,38.28,40.16,37.34,32.5,30.47,28.91,27.34,26.25,24.69,14.84,7.26,7.77,8.22,8.4,1.08,0.31,0.77,-0.62,-6.17,1.23,2.47,-3.55,-3.7,-6.02
2008-08-13,000059,6.4,6.4,6.55,6.06,28627,17982282.0,7.56,-1.23,-0.08,0.87,48.02,45.05,39.93,37.79,36.14,34.49,33.33,31.68,21.29,9.57,6.94,7.54,8.1,8.35,1.56,2.03,0.63,-5.0,2.5,3.75,-2.34,-2.5,-4.84,-8.75
2008-08-14,000059,6.31,6.41,6.5,6.25,15430,9850794.0,3.91,0.16,0.01,0.47,40.64,35.68,33.6,32.0,30.4,29.28,27.68,17.6,6.24,4.8,6.63,7.35,8.02,8.28,1.87,0.47,-5.15,2.34,3.59,-2.5,-2.65,-4.99,-8.89,-8.74
2008-08-15,000059,6.41,6.43,6.53,6.34,14188,9155051.0,2.96,0.31,0.02,0.43,33.75,31.7,30.13,28.55,27.44,25.87,15.93,4.73,3.31,2.52,6.46,7.16,7.93,8.2,0.16,-5.44,2.02,3.27,-2.8,-2.95,-5.29,-9.18,-9.02,-6.84
2008-08-18,000059,6.44,5.9,6.44,5.87,22360,13674549.0,8.86,-8.24,-0.53,0.68,42.25,40.55,38.84,37.65,35.95,25.21,13.12,11.58,10.73,11.24,6.32,6.94,7.8,8.11,3.05,11.19,12.54,5.93,5.76,3.22,-1.02,-0.85,1.53,-1.36
2008-08-19,000059,5.86,6.0,6.08,5.8,17065,10225073.0,4.75,1.69,0.1,0.52,42.24,40.52,39.31,37.59,26.72,14.48,12.93,12.07,12.59,11.03,6.23,6.74,7.65,8.02,9.33,10.67,4.17,4.0,1.5,-2.67,-2.5,-0.17,-3.0,-2.5
2008-08-20,000059,6.0,6.55,6.56,5.91,34577,22002718.0,10.83,9.17,0.55,1.05,37.9,36.72,35.03,24.37,12.35,10.83,9.98,10.49,8.97,2.88,6.26,6.6,7.54,7.94,1.37,-4.58,-4.73,-7.02,-10.84,-10.69,-8.55,-11.15,-10.69,-11.15
2008-08-21,000059,6.42,6.28,6.64,6.22,30743,19704038.0,6.41,-4.12,-0.27,0.93,29.9,28.3,18.17,6.75,5.31,4.5,4.98,3.54,-2.25,5.47,6.23,6.43,7.4,7.84,-0.48,-0.64,-3.03,-7.01,-6.85,-4.62,-7.32,-6.85,-7.32,-5.89
2008-08-22,000059,6.21,6.1,6.25,5.99,12674,7735972.0,4.14,-2.87,-0.18,0.38,33.22,22.7,10.85,9.35,8.51,9.02,7.51,1.5,9.52,10.85,6.17,6.31,7.27,7.74,2.3,-0.16,-4.26,-4.1,-1.8,-4.59,-4.1,-4.59,-3.11,-6.72
2008-08-25,000059,6.11,6.13,6.24,6.05,13089,8056829.5,3.11,0.49,0.03,0.4,21.49,9.75,8.26,7.44,7.93,6.45,0.5,8.43,9.75,3.31,6.21,6.27,7.13,7.65,-0.65,-4.73,-4.57,-2.28,-5.06,-4.57,-5.06,-3.59,-7.18,-8.32
2008-08-26,000059,6.09,5.72,6.09,5.69,18704,10924642.0,6.53,-6.69,-0.41,0.57,16.7,15.11,14.24,14.76,13.18,6.85,15.29,16.7,9.84,9.67,6.16,6.19,6.98,7.54,2.1,2.27,4.72,1.75,2.27,1.75,3.32,-0.52,-1.75,-4.72
2008-08-27,000059,5.7,5.72,5.84,5.53,13278,7568438.0,5.42,0.0,0.0,0.4,18.44,17.54,18.08,16.46,9.95,18.63,20.07,13.02,12.84,10.13,5.99,6.12,6.83,7.44,2.27,4.72,1.75,2.27,1.75,3.32,-0.52,-1.75,-4.72,-2.8
2008-08-28,000059,5.72,5.73,5.85,5.65,16534,9517211.0,3.5,0.17,0.01,0.5,15.04,15.58,13.98,7.61,16.11,17.52,10.62,10.44,7.79,3.36,5.88,6.06,6.71,7.36,4.54,1.57,2.09,1.57,3.14,-0.7,-1.92,-4.89,-2.97,-2.79
2008-08-29,000059,5.83,5.92,5.99,5.75,18280,10774143.0,4.19,3.32,0.19,0.55,13.57,12.0,5.74,14.09,15.48,8.7,8.52,5.91,1.57,1.74,5.84,6.0,6.58,7.29,-1.69,-1.18,-1.69,-0.17,-3.89,-5.07,-7.94,-6.08,-5.91,-6.08
2008-09-01,000059,5.8,5.65,5.82,5.6,15283,8698215.0,3.72,-4.56,-0.27,0.46,15.0,8.57,17.14,18.57,11.61,11.43,8.75,4.29,4.46,6.96,5.75,5.98,6.46,7.19,3.54,3.01,4.6,0.71,-0.53,-3.54,-1.59,-1.42,-1.59,-3.54
2008-09-02,000059,5.56,5.71,5.85,5.51,13728,7823857.0,6.02,1.06,0.06,0.42,10.34,19.06,20.51,13.43,13.25,10.53,5.99,6.17,8.71,5.63,5.75,5.95,6.35,7.08,1.93,3.5,-0.35,-1.58,-4.55,-2.63,-2.45,-2.63,-4.55,-4.03
2008-09-03,000059,5.67,5.79,5.82,5.63,13009,7466221.0,3.33,1.4,0.08,0.39,16.52,17.94,11.01,10.83,8.17,3.73,3.91,6.39,3.37,3.91,5.76,5.87,6.24,6.98,2.07,-1.73,-2.94,-5.87,-3.97,-3.8,-3.97,-5.87,-5.35,-7.43
2008-09-04,000059,5.77,5.86,5.91,5.74,14100,8238074.0,2.94,1.21,0.07,0.43,15.68,8.89,8.71,6.1,1.74,1.92,4.36,1.39,1.92,1.39,5.79,5.83,6.13,6.88,-2.9,-4.1,-7.0,-5.12,-4.95,-5.12,-7.0,-6.48,-8.53,-1.19
2008-09-05,000059,5.69,5.53,5.69,5.52,14794,8303934.0,2.9,-5.63,-0.33,0.45,13.22,13.04,10.33,5.8,5.98,8.51,5.43,5.98,5.43,7.07,5.71,5.78,6.04,6.77,1.63,-1.45,0.54,0.72,0.54,-1.45,-0.9,-3.07,4.7,15.01
2008-09-08,000059,5.53,5.35,5.62,5.3,16278,8882449.0,5.79,-3.25,-0.18,0.49,17.74,14.91,10.19,10.38,13.02,9.81,10.38,9.81,11.51,7.36,5.65,5.7,5.98,6.65,1.87,3.93,4.11,3.93,1.87,2.43,0.19,8.22,18.88,7.85
2008-09-09,000059,5.41,5.4,5.45,5.26,12926,6943181.5,3.55,0.93,0.05,0.39,15.78,11.03,11.22,13.88,10.65,11.22,10.65,12.36,8.17,6.84,5.59,5.67,5.93,6.54,2.96,3.15,2.96,0.93,1.48,-0.74,7.22,17.78,6.85,1.85
2008-09-10,000059,5.35,5.47,5.56,5.31,11546,6317181.5,4.63,1.3,0.07,0.35,9.98,10.17,12.81,9.6,10.17,9.6,11.3,7.16,5.84,2.64,5.52,5.64,5.88,6.44,1.83,1.65,-0.37,0.18,-2.01,5.85,16.27,5.48,0.55,4.75
2008-09-11,000059,5.49,5.42,5.57,5.37,10656,5816747.0,3.66,-0.91,-0.05,0.32,8.94,11.55,8.38,8.94,8.38,10.06,5.96,4.66,1.49,3.54,5.43,5.61,5.83,6.34,2.58,0.55,1.11,-1.11,6.83,17.34,6.46,1.48,5.72,7.93
2008-09-12,000059,5.42,5.47,5.56,5.42,8093,4444155.5,2.58,0.92,0.05,0.25,10.52,7.38,7.93,7.38,9.04,4.98,3.69,0.55,2.58,2.77,5.42,5.56,5.79,6.24,-0.37,0.18,-2.01,5.85,16.27,5.48,0.55,4.75,6.95,4.2
2008-09-16,000059,5.36,5.38,5.45,5.31,14189,7632517.0,2.56,-1.65,-0.09,0.43,9.6,10.17,9.6,11.3,7.16,5.84,2.64,4.71,4.9,4.71,5.43,5.54,5.76,6.15,1.86,-0.37,7.62,18.22,7.25,2.23,6.51,8.74,5.95,2.79
2008-09-17,000059,5.35,5.4,5.48,5.35,14003,7582208.5,2.42,0.37,0.02,0.42,9.35,8.79,10.47,6.36,5.05,1.87,3.93,4.11,3.93,1.87,5.43,5.51,5.73,6.07,-0.74,7.22,17.78,6.85,1.85,6.11,8.33,5.56,2.41,3.15
2008-09-18,000059,5.25,5.26,5.36,4.92,28224,14506271.0,8.15,-2.59,-0.14,0.86,18.29,20.12,15.65,14.23,10.77,13.01,13.21,13.01,10.77,11.38,5.39,5.45,5.66,5.98,10.08,20.91,9.7,4.56,8.94,11.22,8.37,5.13,5.89,6.65
2008-09-19,000059,5.72,5.79,5.79,5.65,39192,22569080.0,2.66,10.08,0.53,1.19,4.6,0.71,-0.53,-3.54,-1.59,-1.42,-1.59,-3.54,-3.01,-5.13,5.46,5.45,5.64,5.9,9.84,-0.35,-5.01,-1.04,1.04,-1.55,-4.49,-3.8,-3.11,-5.35
2008-09-22,000059,6.23,5.98,6.36,5.71,66822,40295144.0,11.23,3.28,0.19,2.03,-0.35,-1.58,-4.55,-2.63,-2.45,-2.63,-4.55,-4.03,-6.13,1.4,5.56,5.49,5.63,5.86,-3.51,-8.03,-4.18,-2.17,-4.68,-7.53,-6.86,-6.19,-8.36,-8.53
2008-09-23,000059,5.77,5.5,5.77,5.48,29198,16356069.0,4.85,-8.03,-0.48,0.89,2.55,-0.55,1.46,1.64,1.46,-0.55,0.0,-2.19,5.66,16.06,5.59,5.51,5.6,5.82,0.0,4.18,6.36,3.64,0.55,1.27,2.0,-0.36,-0.55,0.36
2008-09-24,000059,5.4,5.5,5.5,5.34,19616,10637363.0,2.91,0.0,0.0,0.59,2.06,4.12,4.31,4.12,2.06,2.62,0.37,8.43,19.1,8.05,5.61,5.52,5.59,5.79,4.18,6.36,3.64,0.55,1.27,2.0,-0.36,-0.55,0.36,-4.0
2008-09-25,000059,5.5,5.63,5.73,5.48,34216,19199724.0,4.55,2.36,0.13,1.04,1.46,1.64,1.46,-0.55,0.0,-2.19,5.66,16.06,5.29,0.36,5.68,5.53,5.59,5.77,3.91,1.24,-1.78,-1.07,-0.36,-2.66,-2.84,-1.95,-6.22,-14.74
2008-09-26,000059,5.7,5.84,5.85,5.64,45102,26018226.0,3.73,3.73,0.21,1.37,-1.24,-1.42,-3.37,-2.84,-4.96,2.66,12.77,2.3,-2.48,1.6,5.69,5.57,5.59,5.75,-2.4,-5.31,-4.62,-3.94,-6.16,-6.34,-5.48,-9.59,-17.81,-21.23
2008-10-06,000059,5.7,5.55,5.7,5.51,20688,11589323.0,3.25,-4.97,-0.29,0.63,0.91,-1.09,-0.54,-2.72,5.08,15.43,4.72,-0.18,3.99,6.17,5.6,5.58,5.57,5.72,-0.36,0.36,1.08,-1.26,-1.44,-0.54,-4.86,-13.51,-17.12,-12.97
2008-10-07,000059,5.46,5.44,5.53,5.3,14935,8095955.0,4.14,-1.98,-0.11,0.45,2.83,3.4,1.13,9.25,20.0,8.87,3.77,8.11,10.38,7.55,5.59,5.59,5.56,5.7,2.39,3.12,0.74,0.55,1.47,-2.94,-11.76,-15.44,-11.21,-9.38
2008-10-08,000059,5.38,5.44,5.57,5.32,16209,8826576.0,4.6,0.0,0.0,0.49,3.01,0.75,8.83,19.55,8.46,3.38,7.71,9.96,7.14,3.95,5.58,5.59,5.55,5.68,3.12,0.74,0.55,1.47,-2.94,-11.76,-15.44,-11.21,-9.38,-10.85
2008-10-09,000059,5.56,5.59,5.61,5.39,27521,15222955.0,4.04,2.76,0.15,0.83,-0.56,7.42,18.0,7.05,2.04,6.31,8.53,5.75,2.6,3.34,5.57,5.63,5.54,5.65,-1.97,-2.15,-1.25,-5.55,-14.13,-17.71,-13.6,-11.81,-13.24,-14.13
2008-10-10,000059,5.48,5.35,5.48,5.22,33788,17979714.0,4.65,-4.29,-0.24,1.02,10.92,21.84,10.54,5.36,9.77,12.07,9.2,5.94,6.7,7.47,5.47,5.58,5.51,5.62,2.24,3.18,-1.31,-10.28,-14.02,-9.72,-7.85,-9.35,-10.28,-9.53
2008-10-13,000059,5.35,5.34,5.47,4.98,26958,14006488.0,9.16,-0.19,-0.01,0.82,27.71,15.86,10.44,15.06,17.47,14.46,11.04,11.85,12.65,10.04,5.43,5.52,5.51,5.6,3.37,-1.12,-10.11,-13.86,-9.55,-7.68,-9.18,-10.11,-9.36,-13.11
2008-10-14,000059,5.48,5.33,5.52,5.05,44240,23570594.0,8.8,-0.19,-0.01,1.34,14.26,8.91,13.47,15.84,12.87,9.5,10.3,11.09,8.51,8.32,5.41,5.5,5.5,5.57,-0.94,-9.94,-13.7,-9.38,-7.5,-9.01,-9.94,-9.19,-12.95,-14.82
2008-10-15,000059,5.28,4.97,5.28,4.94,40197,20272118.0,6.38,-6.75,-0.36,1.22,11.34,15.99,18.42,15.38,11.94,12.75,13.56,10.93,10.73,11.74,5.32,5.45,5.48,5.54,-3.42,-7.44,-2.82,-0.8,-2.41,-3.42,-2.62,-6.64,-8.65,-7.65
2008-10-16,000059,4.8,4.47,4.8,4.47,30082,13869304.0,6.64,-10.06,-0.5,0.91,28.19,30.87,27.52,23.71,24.61,25.5,22.6,22.37,23.49,18.12,5.09,5.33,5.43,5.5,2.91,8.05,10.29,8.5,7.38,8.28,3.8,1.57,2.68,2.68
2008-10-17,000059,4.5,4.49,4.6,4.42,16483,7439358.5,4.03,0.45,0.02,0.5,32.35,28.96,25.11,26.02,26.92,23.98,23.76,24.89,19.46,8.6,4.92,5.2,5.39,5.46,7.57,9.8,8.02,6.9,7.8,3.34,1.11,2.23,2.23,2.45
2008-10-20,000059,4.61,4.81,4.83,4.61,29624,13972716.0,4.9,7.13,0.32,0.9,23.64,19.96,20.82,21.69,18.87,18.66,19.74,14.53,4.12,-0.22,4.81,5.12,5.35,5.42,2.49,0.83,-0.21,0.62,-3.53,-5.61,-4.57,-4.57,-4.37,-5.2
2008-10-21,000059,4.89,4.77,4.93,4.75,27886,13482992.0,3.74,-0.83,-0.04,0.85,16.42,17.26,18.11,15.37,15.16,16.21,11.16,1.05,-3.16,1.68,4.7,5.06,5.32,5.39,1.68,0.63,1.47,-2.73,-4.82,-3.77,-3.77,-3.56,-4.4,-2.31
2008-10-22,000059,4.7,4.73,4.85,4.68,17200,8203366.5,3.56,-0.84,-0.04,0.52,19.02,19.87,17.09,16.88,17.95,12.82,2.56,-1.71,3.21,5.34,4.65,4.98,5.29,5.36,1.48,2.33,-1.9,-4.02,-2.96,-2.96,-2.75,-3.59,-1.48,3.38
2008-10-23,000059,4.7,4.79,4.8,4.61,14287,6763880.0,4.02,1.27,0.06,0.43,21.69,18.87,18.66,19.74,14.53,4.12,-0.22,4.77,6.94,5.21,4.72,4.9,5.27,5.33,1.04,-3.13,-5.22,-4.18,-4.18,-3.97,-4.8,-2.71,2.09,-1.46
2008-10-24,000059,4.8,4.71,4.84,4.69,12640,6007576.0,3.13,-1.67,-0.08,0.38,16.84,16.63,17.7,12.58,2.35,-1.92,2.99,5.12,3.41,2.35,4.76,4.84,5.21,5.29,-1.49,-3.61,-2.55,-2.55,-2.34,-3.18,-1.06,3.82,0.21,0.85
2008-10-27,000059,4.64,4.32,4.64,4.31,22295,9950182.0,7.01,-8.28,-0.39,0.68,26.91,28.07,22.51,11.37,6.73,12.06,14.39,12.53,11.37,12.3,4.66,4.74,5.13,5.25,5.09,6.25,6.25,6.48,5.56,7.87,13.19,9.26,9.95,16.9
2008-10-28,000059,4.29,4.48,4.54,4.26,18357,8102438.0,6.48,3.7,0.16,0.56,29.58,23.94,12.68,7.98,13.38,15.73,13.85,12.68,13.62,8.92,4.61,4.65,5.08,5.22,2.46,2.46,2.68,1.79,4.02,9.15,5.36,6.03,12.72,12.95
2008-10-29,000059,4.59,4.46,4.59,4.45,21634,9744132.0,3.13,-0.45,-0.02,0.66,18.65,7.87,3.37,8.54,10.79,8.99,7.87,8.76,4.27,2.02,4.55,4.6,5.03,5.19,2.91,3.14,2.24,4.48,9.64,5.83,6.5,13.23,13.45,13.68
2008-10-30,000059,4.49,4.51,4.59,4.4,17945,8116532.0,4.26,1.12,0.05,0.54,9.09,4.55,9.77,12.05,10.23,9.09,10.0,5.45,3.18,4.32,4.5,4.61,4.97,5.16,2.0,1.11,3.33,8.43,4.66,5.32,11.97,12.2,12.42,17.52
2008-10-31,000059,4.55,4.48,4.6,4.46,14532,6580212.0,3.1,-0.67,-0.03,0.44,3.14,8.3,10.54,8.74,7.62,8.52,4.04,1.79,2.91,2.91,4.45,4.61,4.9,5.13,1.79,4.02,9.15,5.36,6.03,12.72,12.95,13.17,18.3,22.77
2008-11-03,000059,4.44,4.52,4.56,4.42,10470,4713833.5,3.13,0.89,0.04,0.32,9.28,11.54,9.73,8.6,9.5,4.98,2.71,3.85,3.85,4.07,4.49,4.58,4.85,5.09,3.1,8.19,4.42,5.09,11.73,11.95,12.17,17.26,21.68,25.88
2008-11-04,000059,4.55,4.66,4.66,4.5,31914,14658670.0,3.54,3.1,0.14,0.97,9.56,7.78,6.67,7.56,3.11,0.89,2.0,2.0,2.22,1.33,4.53,4.57,4.81,5.07,4.94,1.29,1.93,8.37,8.58,8.8,13.73,18.03,22.1,21.46
2008-11-05,000059,4.68,4.79,4.89,4.65,37169,17755498.0,5.15,2.79,0.13,1.13,4.3,3.23,4.09,-0.22,-2.37,-1.29,-1.29,-1.08,-1.94,0.22,4.59,4.57,4.78,5.05,-1.46,-0.84,5.43,5.64,5.85,10.65,14.82,18.79,18.16,16.28
2008-11-06,000059,4.66,4.62,4.72,4.62,22549,10522652.0,2.09,-3.55,-0.17,0.68,3.9,4.76,0.43,-1.73,-0.65,-0.65,-0.43,-1.3,0.87,5.84,4.61,4.55,4.73,5.03,2.81,9.31,9.52,9.74,14.72,19.05,23.16,22.51,20.56,26.19
2008-11-07,000059,4.6,4.7,4.75,4.5,18693,8704804.0,5.41,1.73,0.08,0.57,7.56,3.11,0.89,2.0,2.0,2.22,1.33,3.56,8.67,4.89,4.66,4.55,4.7,4.99,7.45,7.66,7.87,12.77,17.02,21.06,20.43,18.51,24.04,17.87
2008-11-10,000059,4.77,5.03,5.05,4.77,41013,20293554.0,5.96,7.02,0.33,1.24,-2.73,-4.82,-3.77,-3.77,-3.56,-4.4,-2.31,2.52,-1.05,-0.42,4.76,4.62,4.68,4.96,0.6,0.8,5.37,9.34,13.12,12.52,10.74,15.9,10.14,8.35
2008-11-11,000059,5.06,4.88,5.06,4.87,37744,18704868.0,3.78,-2.98,-0.15,1.14,-6.78,-5.75,-5.75,-5.54,-6.37,-4.31,0.41,-3.08,-2.46,3.7,4.8,4.66,4.66,4.94,3.89,8.61,12.7,16.6,15.98,14.14,19.47,13.52,11.68,8.81
2008-11-12,000059,4.81,5.03,5.07,4.8,25782,12715582.0,5.53,3.07,0.15,0.78,-4.37,-4.37,-4.17,-5.0,-2.92,1.88,-1.67,-1.04,5.21,5.42,4.85,4.72,4.66,4.92,5.37,9.34,13.12,12.52,10.74,15.9,10.14,8.35,5.57,3.38
2008-11-13,000059,4.94,5.25,5.3,4.92,66633,34679888.0,7.55,4.37,0.22,2.02,-6.71,-6.5,-7.32,-5.28,-0.61,-4.07,-3.46,2.64,2.85,3.05,4.98,4.8,4.7,4.91,4.76,8.38,7.81,6.1,11.05,5.52,3.81,1.14,-0.95,5.52
2008-11-14,000059,5.26,5.44,5.5,5.2,75628,40341924.0,5.71,3.62,0.19,2.29,-11.54,-12.31,-10.38,-5.96,-9.23,-8.65,-2.88,-2.69,-2.5,1.92,5.13,4.89,4.75,4.9,4.6,4.04,2.39,7.17,1.84,0.18,-2.39,-4.41,1.84,-6.25
2008-11-17,000059,5.38,5.62,5.69,5.33,65231,35934984.0,6.62,3.31,0.18,1.98,-14.45,-12.57,-8.26,-11.44,-10.88,-5.25,-5.07,-4.88,-0.56,3.19,5.24,5.0,4.79,4.9,0.71,-0.89,3.74,-1.42,-3.02,-5.52,-7.47,-1.42,-9.25,-7.83
2008-11-18,000059,5.52,5.06,5.66,5.06,76877,40806428.0,10.68,-9.96,-0.56,2.33,-7.91,-3.36,-6.72,-6.13,-0.2,0.0,0.2,4.74,8.7,12.45,5.28,5.04,4.8,4.89,10.08,15.22,9.49,7.71,4.94,2.77,9.49,0.79,2.37,7.91
2008-11-19,000059,5.06,5.57,5.57,5.06,66973,35808444.0,10.08,10.08,0.51,2.03,-3.36,-6.72,-6.13,-0.2,0.0,0.2,4.74,8.7,12.45,11.86,5.39,5.12,4.85,4.89,4.67,-0.54,-2.15,-4.67,-6.64,-0.54,-8.44,-7.0,-1.97,3.95
2008-11-20,000059,5.39,5.5,5.83,5.36,74290,41542872.0,8.44,-1.26,-0.07,2.25,-11.94,-11.38,-5.78,-5.6,-5.41,-1.12,2.61,6.16,5.6,3.92,5.44,5.21,4.88,4.89,0.73,-0.91,-3.45,-5.45,0.73,-7.27,-5.82,-0.73,5.27,4.0
2008-11-21,000059,5.36,5.34,5.54,5.1,64226,34339464.0,8.0,-2.91,-0.16,1.95,-6.86,-0.98,-0.78,-0.59,3.92,7.84,11.57,10.98,9.22,14.31,5.42,5.27,4.91,4.89,2.06,-0.56,-2.62,3.75,-4.49,-3.0,2.25,8.43,7.12,11.05
2008-11-24,000059,5.31,5.17,5.45,5.15,35157,18657576.0,5.62,-3.18,-0.17,1.07,-1.94,-1.75,-1.55,2.91,6.8,10.49,9.9,8.16,13.2,7.57,5.33,5.29,4.96,4.88,2.71,0.58,7.16,-1.35,0.19,5.61,11.99,10.64,14.7,14.12
2008-11-25,000059,5.27,5.13,5.31,5.05,24675,12738822.0,5.03,-0.77,-0.04,0.75,0.2,0.4,4.95,8.91,12.67,12.08,10.3,15.45,9.7,7.92,5.34,5.31,4.99,4.88,1.36,7.99,-0.58,0.97,6.43,12.87,11.5,15.59,15.01,13.84
2008-11-26,000059,5.13,5.14,5.2,5.05,21112,10841150.0,2.92,0.19,0.01,0.64,0.4,4.95,8.91,12.67,12.08,10.3,15.45,9.7,7.92,5.15,5.26,5.32,5.02,4.88,7.78,-0.78,0.78,6.23,12.65,11.28,15.37,14.79,13.62,14.98
2008-11-27,000059,5.48,5.18,5.54,5.15,57158,30662150.0,7.59,0.78,0.04,1.73,2.91,6.8,10.49,9.9,8.16,13.2,7.57,5.83,3.11,0.97,5.19,5.31,5.06,4.91,-1.54,0.0,5.41,11.78,10.42,14.48,13.9,12.74,14.09,8.88
2008-11-28,000059,5.06,4.91,5.1,4.72,75536,36896408.0,7.34,-5.21,-0.27,2.29,16.53,20.55,19.92,18.01,23.52,17.37,15.47,12.5,10.17,17.37,5.11,5.26,5.08,4.92,5.5,11.2,17.92,16.5,20.77,20.16,18.94,20.37,14.87,11.2
2008-12-01,000059,4.85,5.18,5.18,4.76,57833,28860300.0,8.55,5.5,0.27,0.87,19.54,18.91,17.02,22.48,16.39,14.5,11.55,9.24,16.39,7.14,5.11,5.22,5.11,4.93,5.41,11.78,10.42,14.48,13.9,12.74,14.09,8.88,5.41,7.14
2008-12-02,000059,5.02,5.45,5.46,5.02,103573,54969748.0,8.49,5.21,0.27,1.56,12.75,10.96,16.14,10.36,8.57,5.78,3.59,10.36,1.59,3.19,5.17,5.26,5.15,4.95,6.24,4.95,8.81,8.26,7.16,8.44,3.49,0.18,1.83,5.69
2008-12-03,000059,5.48,5.69,5.79,5.43,145513,81932944.0,6.61,4.4,0.24,2.19,2.58,7.37,2.03,0.37,-2.21,-4.24,2.03,-6.08,-4.6,0.55,5.28,5.27,5.19,4.99,0.53,4.22,3.69,2.64,3.87,-0.88,-4.04,-2.46,1.23,0.7
2008-12-05,000059,5.59,5.7,5.72,5.46,97314,54549540.0,4.57,0.18,0.01,1.47,6.78,1.47,-0.18,-2.75,-4.76,1.47,-6.59,-5.13,0.0,6.04,5.39,5.29,5.25,5.02,4.04,3.51,2.46,3.68,-1.05,-4.21,-2.63,1.05,0.53,3.16
2008-12-08,000059,5.73,5.89,5.93,5.73,101930,59422468.0,3.51,3.33,0.19,1.54,-3.32,-4.89,-7.33,-9.25,-3.32,-10.99,-9.6,-4.71,1.05,-0.17,5.58,5.34,5.31,5.06,0.17,-0.85,0.34,-4.24,-7.3,-5.77,-2.21,-2.72,-0.17,1.02
2008-12-09,000059,5.89,5.63,5.9,5.59,73351,42136444.0,5.26,-4.41,-0.26,1.11,-2.5,-5.01,-6.98,-0.89,-8.77,-7.33,-2.33,3.58,2.33,6.08,5.67,5.39,5.34,5.1,3.73,4.97,0.18,-3.02,-1.42,2.31,1.78,4.44,5.68,3.91
2008-12-10,000059,5.6,5.81,5.84,5.55,63938,36407144.0,5.15,3.2,0.18,0.96,-4.32,-6.31,-0.18,-8.11,-6.67,-1.62,4.32,3.06,6.85,6.31,5.74,5.46,5.38,5.14,1.72,-2.93,-6.02,-4.48,-0.86,-1.38,1.2,2.41,0.69,-7.23
2008-12-11,000059,5.84,5.71,5.91,5.69,55835,32280356.0,3.79,-1.72,-0.1,0.84,-8.61,-2.64,-10.37,-8.96,-4.04,1.76,0.53,4.22,3.69,2.64,5.75,5.51,5.42,5.19,-1.23,-4.38,-2.8,0.88,0.35,2.98,4.2,2.45,-5.6,-6.65
2008-12-12,000059,5.61,5.29,5.64,5.2,68014,36569732.0,7.71,-7.36,-0.42,1.03,6.54,-1.92,-0.38,5.0,11.35,10.0,14.04,13.46,12.31,13.65,5.67,5.53,5.42,5.21,3.21,4.91,8.88,8.32,11.15,12.48,10.59,1.89,0.76,5.86
2008-12-15,000059,5.39,5.39,5.46,5.25,35312,18978146.0,3.97,1.89,0.1,0.53,-2.86,-1.33,4.0,10.29,8.95,12.95,12.38,11.24,12.57,7.43,5.57,5.57,5.42,5.24,2.97,6.86,6.31,9.09,10.39,8.53,0.0,-1.11,3.9,1.3
2008-12-16,000059,5.3,5.52,5.55,5.29,41286,22379794.0,4.82,2.41,0.13,0.62,-2.08,3.21,9.45,8.13,12.1,11.53,10.4,11.72,6.62,3.21,5.54,5.61,5.41,5.28,4.35,3.8,6.52,7.79,5.98,-2.36,-3.44,1.45,-1.09,-1.81
2008-12-17,000059,5.53,5.64,5.76,5.46,76903,43338672.0,5.43,2.17,0.12,1.16,0.0,6.04,4.76,8.61,8.06,6.96,8.24,3.3,0.0,1.65,5.51,5.63,5.44,5.31,1.6,4.26,5.5,3.72,-4.43,-5.5,-0.71,-3.19,-3.9,-6.91
2008-12-18,000059,5.63,5.69,5.73,5.49,41480,23231556.0,4.26,0.89,0.05,0.63,5.46,4.19,8.01,7.47,6.38,7.65,2.73,-0.55,1.09,4.92,5.51,5.63,5.45,5.34,3.34,4.57,2.81,-5.27,-6.33,-1.58,-4.04,-4.75,-7.73,-7.56
2008-12-19,000059,5.68,5.76,5.88,5.61,66767,38673768.0,4.75,1.23,0.07,1.01,1.96,5.7,5.17,4.1,5.35,0.53,-2.67,-1.07,2.67,2.14,5.6,5.63,5.46,5.38,3.3,1.56,-6.42,-7.47,-2.78,-5.21,-5.9,-8.85,-8.68,-5.03
2008-12-22,000059,5.71,5.82,5.95,5.71,58255,33977816.0,4.17,1.04,0.06,0.88,3.85,3.33,2.28,3.5,-1.23,-4.38,-2.8,0.88,0.35,2.98,5.69,5.63,5.49,5.41,0.52,-7.39,-8.42,-3.78,-6.19,-6.87,-9.79,-9.62,-6.01,-4.12
2008-12-23,000059,5.85,5.42,5.85,5.4,53727,30118124.0,7.73,-6.87,-0.4,0.81,9.26,8.15,9.44,4.44,1.11,2.78,6.67,6.11,8.89,10.19,5.67,5.6,5.5,5.43,-0.55,-1.66,3.32,0.74,0.0,-3.14,-2.95,0.92,2.95,0.74
2008-12-24,000059,5.39,5.28,5.39,5.21,33940,17995938.0,3.32,-2.58,-0.14,0.51,12.09,13.44,8.25,4.8,6.53,10.56,9.98,12.86,14.2,12.28,5.59,5.55,5.51,5.44,0.95,6.06,3.41,2.65,-0.57,-0.38,3.6,5.68,3.41,7.01
2008-12-25,000059,5.28,5.26,5.33,5.2,22855,12020656.0,2.46,-0.38,-0.02,0.34,13.65,8.46,5.0,6.73,10.77,10.19,13.08,14.42,12.5,3.65,5.51,5.51,5.51,5.45,6.46,3.8,3.04,-0.19,0.0,3.99,6.08,3.8,7.41,7.98
2008-12-26,000059,5.37,5.38,5.6,5.37,58481,31951442.0,4.37,2.28,0.12,0.88,5.03,1.68,3.35,7.26,6.7,9.5,10.8,8.94,0.37,-0.74,5.43,5.52,5.52,5.45,1.49,0.74,-2.42,-2.23,1.67,3.72,1.49,5.02,5.58,4.83
2008-12-29,000059,5.36,5.35,5.46,5.24,24764,13197282.0,4.09,-0.56,-0.03,0.37,4.2,5.92,9.92,9.35,12.21,13.55,11.64,2.86,1.72,6.87,5.34,5.51,5.54,5.45,1.31,-1.87,-1.68,2.24,4.3,2.06,5.61,6.17,5.42,7.66
2008-12-30,000059,5.35,5.18,5.42,5.15,28435,15025736.0,5.05,-3.18,-0.17,0.43,7.77,11.84,11.26,14.17,15.53,13.59,4.66,3.5,8.74,6.02,5.29,5.48,5.54,5.43,1.35,1.54,5.6,7.72,5.41,9.07,9.65,8.88,11.2,14.86
2008-12-31,000059,5.2,5.09,5.25,5.04,27592,14231085.0,4.05,-1.74,-0.09,0.42,14.29,13.69,16.67,18.06,16.07,6.94,5.75,11.11,8.33,7.54,5.25,5.42,5.53,5.44,3.34,7.47,9.63,7.27,11.0,11.59,10.81,13.16,16.9,22.59
2009-01-05,000059,5.17,5.26,5.26,5.16,22483,11700166.0,1.96,3.34,0.17,0.34,11.05,13.95,15.31,13.37,4.46,3.29,8.53,5.81,5.04,1.74,5.25,5.38,5.5,5.43,3.99,6.08,3.8,7.41,7.98,7.22,9.51,13.12,18.63,20.91
2009-01-06,000059,5.24,5.45,5.47,5.2,39486,21185552.0,5.13,3.61,0.19,0.6,13.08,14.42,12.5,3.65,2.5,7.69,5.0,4.23,0.96,1.15,5.27,5.35,5.49,5.42,2.39,0.18,3.67,4.22,3.49,5.69,9.17,14.5,16.7,22.2
2009-01-07,000059,5.44,5.55,5.58,5.41,56043,30840408.0,3.12,1.83,0.1,0.85,9.98,8.13,-0.37,-1.48,3.51,0.92,0.18,-2.96,-2.77,1.11,5.31,5.32,5.47,5.43,-1.62,1.8,2.34,1.62,3.78,7.21,12.43,14.59,20.0,18.74
2009-01-08,000059,5.45,5.28,5.46,5.25,38824,20763166.0,3.78,-4.86,-0.27,0.59,11.43,2.67,1.52,6.67,4.0,3.24,0.0,0.19,4.19,6.29,5.33,5.31,5.46,5.43,7.01,7.58,6.82,9.09,12.69,18.18,20.45,26.14,24.81,28.79
2009-01-12,000059,5.38,5.58,5.65,5.38,69704,38529236.0,5.11,5.68,0.3,1.05,0.19,-0.93,4.09,1.49,0.74,-2.42,-2.23,1.67,3.72,1.49,5.42,5.34,5.45,5.45,1.79,1.08,3.23,6.63,11.83,13.98,19.35,18.1,21.86,21.15
2009-01-13,000059,5.51,5.44,5.68,5.38,61481,33982072.0,5.38,-2.51,-0.14,0.93,-0.93,4.09,1.49,0.74,-2.42,-2.23,1.67,3.72,1.49,5.02,5.46,5.36,5.43,5.46,3.68,5.88,9.38,14.71,16.91,22.43,21.14,25.0,24.26,27.94
2009-01-14,000059,5.45,5.62,5.64,5.42,52779,29399304.0,4.04,3.31,0.18,0.8,3.32,0.74,0.0,-3.14,-2.95,0.92,2.95,0.74,4.24,4.8,5.49,5.38,5.45,5.47,2.49,5.87,11.03,13.17,18.51,17.26,21.0,20.28,23.84,31.49
2009-01-15,000059,5.57,5.69,5.76,5.5,69967,39561308.0,4.63,1.25,0.07,1.05,-0.73,-1.45,-4.55,-4.36,-0.55,1.45,-0.73,2.73,3.27,2.55,5.52,5.41,5.46,5.5,4.57,9.67,11.78,17.05,15.82,19.51,18.8,22.32,29.88,33.57
2009-01-16,000059,5.7,5.78,5.95,5.7,104932,61483984.0,4.39,1.58,0.09,1.58,-4.91,-7.89,-7.72,-4.04,-2.11,-4.21,-0.88,-0.35,-1.05,1.05,5.62,5.47,5.48,5.52,7.96,10.03,15.22,14.01,17.65,16.96,20.42,27.85,31.49,30.8
2009-01-19,000059,5.83,6.11,6.24,5.83,154635,93607968.0,7.09,5.71,0.33,2.33,-9.95,-9.78,-6.17,-4.29,-6.35,-3.09,-2.57,-3.26,-1.2,2.06,5.73,5.58,5.5,5.54,4.09,9.0,7.86,11.29,10.64,13.91,20.95,24.39,23.73,27.66
2009-01-20,000059,6.04,6.3,6.36,5.96,147559,91330440.0,6.55,3.11,0.19,2.22,-11.74,-8.22,-6.38,-8.39,-5.2,-4.7,-5.37,-3.36,-0.17,4.7,5.9,5.68,5.53,5.56,5.71,4.6,7.94,7.3,10.48,17.3,20.63,20.0,23.81,22.22
2009-01-21,000059,6.18,6.57,6.66,6.11,382967,245672128.0,8.73,4.29,0.27,3.88,-10.47,-8.67,-10.64,-7.53,-7.04,-7.69,-5.73,-2.62,2.13,4.09,6.09,5.79,5.57,5.59,0.3,3.5,2.89,5.94,12.48,15.68,15.07,18.72,17.2,19.94
2009-01-22,000059,6.56,6.53,6.59,6.41,162804,105977408.0,2.74,-0.61,-0.04,1.65,-12.95,-14.82,-11.86,-11.39,-12.01,-10.14,-7.18,-2.65,-0.78,3.9,6.26,5.89,5.61,5.61,4.13,3.52,6.58,13.17,16.39,15.77,19.45,17.92,20.67,19.75
2009-01-23,000059,6.51,6.57,6.8,6.5,195373,130399680.0,4.59,0.61,0.04,1.98,-16.0,-13.08,-12.62,-13.23,-11.38,-8.46,-4.0,-2.15,2.46,1.38,6.42,6.02,5.66,5.64,2.89,5.94,12.48,15.68,15.07,18.72,17.2,19.94,19.03,20.7
2009-02-02,000059,6.69,6.73,6.76,6.5,106984,70979328.0,3.96,2.44,0.16,1.08,-13.08,-12.62,-13.23,-11.38,-8.46,-4.0,-2.15,2.46,1.38,4.62,6.54,6.13,5.74,5.67,3.42,9.81,12.93,12.33,15.9,14.41,17.09,16.2,17.83,16.94
2009-02-03,000059,6.78,6.84,6.96,6.6,236154,160476080.0,5.35,1.63,0.11,2.39,-13.94,-14.55,-12.73,-9.85,-5.45,-3.64,0.91,-0.15,3.03,2.42,6.65,6.27,5.82,5.71,8.04,11.11,10.53,14.04,12.57,15.2,14.33,15.94,15.06,13.3
2009-02-04,000059,6.91,7.33,7.39,6.87,423912,302199584.0,7.6,7.16,0.49,4.3,-17.9,-16.16,-13.39,-9.17,-7.42,-3.06,-4.08,-1.02,-1.6,1.31,6.8,6.44,5.91,5.78,3.68,3.14,6.41,5.05,7.5,6.68,8.19,7.37,5.73,2.73
2009-02-05,000059,7.32,7.13,7.6,7.01,314969,230532512.0,8.05,-2.73,-0.2,3.19,-17.83,-15.12,-10.98,-9.27,-4.99,-5.99,-3.0,-3.57,-0.71,5.42,6.92,6.59,6.0,5.84,6.03,9.4,7.99,10.52,9.68,11.22,10.38,8.7,5.61,3.79
2009-02-06,000059,7.14,7.48,7.56,7.14,257142,191116992.0,5.89,4.91,0.35,2.61,-16.67,-12.61,-10.92,-6.72,-7.7,-4.76,-5.32,-2.52,3.5,6.44,7.1,6.76,6.12,5.9,4.28,2.94,5.35,4.55,6.02,5.21,3.61,0.67,-1.07,6.95
2009-02-09,000059,7.5,7.61,7.8,7.5,260863,199985952.0,4.01,1.74,0.13,2.65,-16.8,-15.2,-11.2,-12.13,-9.33,-9.87,-7.2,-1.47,1.33,0.8,7.28,6.91,6.24,5.97,1.18,3.55,2.76,4.2,3.42,1.84,-1.05,-2.76,5.12,9.72
2009-02-10,000059,7.6,7.68,7.7,7.44,142160,107573664.0,3.42,0.92,0.07,1.44,-14.52,-10.48,-11.42,-8.6,-9.14,-6.45,-0.67,2.15,1.61,4.84,7.45,7.05,6.36,6.04,2.6,1.82,3.26,2.47,0.91,-1.95,-3.65,4.17,8.72,8.98
2009-02-11,000059,7.54,7.75,7.88,7.47,310447,239482032.0,5.34,0.91,0.07,3.15,-10.84,-11.78,-8.97,-9.5,-6.83,-1.07,1.74,1.2,4.42,3.08,7.53,7.16,6.48,6.1,0.9,2.32,1.55,0.0,-2.84,-4.52,3.23,7.74,8.0,7.1
2009-02-12,000059,7.68,7.7,7.82,7.39,205514,155353552.0,5.55,-0.65,-0.05,2.08,-10.83,-7.98,-8.53,-5.82,0.0,2.84,2.3,5.55,4.19,6.63,7.64,7.28,6.59,6.16,2.99,2.21,0.65,-2.21,-3.9,3.9,8.44,8.7,7.79,7.14
2009-02-13,000059,7.7,7.86,7.93,7.51,280181,216769840.0,5.45,2.08,0.16,2.84,-9.45,-9.99,-7.32,-1.6,1.2,0.67,3.86,2.53,4.93,4.13,7.72,7.41,6.72,6.25,0.13,-1.4,-4.2,-5.85,1.78,6.23,6.49,5.6,4.96,-5.34
2009-02-16,000059,7.85,7.76,7.87,7.51,217908,168291120.0,4.58,-1.27,-0.1,2.21,-9.99,-7.32,-1.6,1.2,0.67,3.86,2.53,4.93,4.13,5.59,7.75,7.51,6.82,6.33,-0.13,-2.96,-4.64,3.09,7.6,7.86,6.96,6.31,-4.12,-5.15
2009-02-17,000059,7.75,7.3,7.75,7.3,232916,174611264.0,5.8,-5.93,-0.46,2.36,-4.66,1.23,4.11,3.56,6.85,5.48,7.95,7.12,8.63,7.81,7.67,7.56,6.92,6.4,3.15,1.37,9.59,14.38,14.66,13.7,13.01,1.92,0.82,1.37
2009-02-18,000059,7.0,7.15,7.53,6.98,172186,125308240.0,7.53,-2.05,-0.15,1.75,5.87,8.88,8.31,11.75,10.32,12.89,12.03,13.61,12.75,11.03,7.55,7.54,6.99,6.46,3.5,11.89,16.78,17.06,16.08,15.38,4.06,2.94,3.5,8.53
2009-02-19,000059,7.28,7.28,7.4,7.12,136407,98598320.0,3.92,1.82,0.13,1.38,6.74,6.18,9.55,8.15,10.67,9.83,11.38,10.53,8.85,5.76,7.47,7.56,7.07,6.52,9.89,14.7,14.97,14.01,13.32,2.2,1.1,1.65,6.59,10.3
2009-02-20,000059,7.38,7.86,8.0,7.33,394774,305249888.0,9.2,7.97,0.58,4.0,3.14,6.41,5.05,7.5,6.68,8.19,7.37,5.73,2.73,0.95,7.47,7.59,7.18,6.61,6.23,6.49,5.6,4.96,-5.34,-6.36,-5.85,-1.27,2.16,0.13
2009-02-23,000059,7.84,8.18,8.35,7.76,356889,290937024.0,7.51,4.07,0.32,3.62,0.52,-0.77,1.55,0.77,2.19,1.42,-0.13,-2.96,-4.64,3.09,7.55,7.65,7.28,6.71,2.32,1.47,0.86,-9.05,-10.02,-9.54,-5.13,-1.83,-3.79,-5.26
2009-02-24,000059,8.1,8.05,8.37,7.76,269544,218607264.0,7.46,-1.59,-0.13,2.73,-0.77,1.55,0.77,2.19,1.42,-0.13,-2.96,-4.64,3.09,7.6,7.7,7.69,7.37,6.81,3.11,2.48,-7.58,-8.57,-8.07,-3.6,-0.25,-2.24,-3.73,-7.58
2009-02-25,000059,8.12,8.12,8.3,7.76,224613,181342384.0,6.71,0.87,0.07,2.28,1.55,0.77,2.19,1.42,-0.13,-2.96,-4.64,3.09,7.6,7.86,7.9,7.73,7.45,6.89,1.6,-8.37,-9.36,-8.87,-4.43,-1.11,-3.08,-4.56,-8.37,-6.03
2009-02-26,000059,8.05,7.54,8.25,7.31,262200,210119440.0,11.58,-7.14,-0.58,2.66,6.98,8.48,7.66,6.02,3.01,1.23,9.44,14.23,14.5,13.54,7.95,7.71,7.5,6.96,-1.33,-2.39,-1.86,2.92,6.5,4.38,2.79,-1.33,1.19,0.13
2009-02-27,000059,7.4,7.09,7.44,7.0,196768,141485232.0,5.84,-5.97,-0.45,2.0,13.29,12.43,10.71,7.57,5.71,14.29,19.29,19.57,18.57,17.86,7.8,7.63,7.52,7.02,3.81,4.37,9.45,13.26,11.0,9.31,4.94,7.62,6.49,7.9
2009-03-02,000059,7.02,7.24,7.36,7.0,124156,89514448.0,5.08,2.12,0.15,1.26,12.43,10.71,7.57,5.71,14.29,19.29,19.57,18.57,17.86,6.29,7.61,7.58,7.55,7.08,2.21,7.18,10.91,8.7,7.04,2.76,5.39,4.28,5.66,3.18
2009-03-03,000059,7.07,7.29,7.4,6.6,106976,76835984.0,11.05,0.69,0.05,1.08,17.42,14.09,12.12,21.21,26.52,26.82,25.76,25.0,12.73,11.52,7.46,7.58,7.57,7.14,6.45,10.15,7.96,6.31,2.06,4.66,3.57,4.94,2.47,5.35
2009-03-04,000059,7.33,7.7,7.76,7.29,119387,90381608.0,6.45,5.62,0.41,1.21,3.29,1.51,9.74,14.54,14.81,13.85,13.17,2.06,0.96,1.51,7.37,7.63,7.59,7.21,4.29,2.21,0.65,-3.38,-0.91,-1.95,-0.65,-2.99,-0.26,2.6
2009-03-05,000059,7.7,7.81,8.03,7.41,223544,174135616.0,8.05,1.43,0.11,2.27,-0.13,7.96,12.69,12.96,12.01,11.34,0.4,-0.67,-0.13,4.72,7.43,7.69,7.62,7.28,0.77,-0.77,-4.74,-2.3,-3.33,-2.05,-4.35,-1.66,1.15,3.84
2009-03-06,000059,7.64,7.56,7.87,7.5,111708,85870816.0,4.74,-3.2,-0.25,1.13,6.67,11.33,11.6,10.67,10.0,-0.8,-1.87,-1.33,3.47,7.07,7.52,7.66,7.63,7.34,2.51,-1.59,0.93,-0.13,1.19,-1.19,1.59,4.5,7.28,13.23
2009-03-09,000059,7.64,7.32,7.75,7.2,111580,83628072.0,7.28,-3.17,-0.24,1.13,15.97,16.25,15.28,14.58,3.33,2.22,2.78,7.78,11.53,9.31,7.54,7.57,7.61,7.38,1.64,4.23,3.14,4.51,2.05,4.92,7.92,10.79,16.94,21.58
2009-03-10,000059,7.1,7.41,7.44,7.03,67029,48563112.0,5.6,1.23,0.09,0.68,19.06,18.07,17.35,5.83,4.69,5.26,10.38,14.22,11.95,10.24,7.56,7.51,7.6,7.41,2.97,1.89,3.24,0.81,3.64,6.61,9.45,15.52,20.11,19.97
2009-03-11,000059,7.56,7.33,7.63,7.3,74699,55815184.0,4.45,-1.08,-0.08,0.76,13.7,13.01,1.92,0.82,1.37,6.3,10.0,7.81,6.16,1.92,7.49,7.43,7.58,7.44,3.0,4.37,1.91,4.77,7.78,10.64,16.78,21.42,21.28,20.74
2009-03-12,000059,7.3,7.51,7.55,7.17,56350,41621736.0,5.18,2.46,0.18,0.57,15.06,3.77,2.65,3.21,8.23,11.99,9.76,8.09,3.77,6.42,7.43,7.43,7.57,7.47,1.86,-0.53,2.26,5.19,7.99,13.98,18.51,18.38,17.84,12.12
2009-03-13,000059,7.49,7.47,7.65,7.38,83678,62833472.0,3.6,-0.53,-0.04,0.85,0.81,-0.27,0.27,5.15,8.81,6.64,5.01,0.81,3.39,2.3,7.41,7.46,7.55,7.5,0.0,2.81,5.76,8.57,14.59,19.14,19.01,18.47,12.72,18.61
2009-03-16,000059,7.35,7.34,7.47,7.16,59594,43502488.0,4.15,-1.74,-0.13,0.6,2.79,3.35,8.38,12.15,9.92,8.24,3.91,6.56,5.45,6.84,7.41,7.47,7.53,7.52,4.63,7.63,10.49,16.62,21.25,21.12,20.57,14.71,20.71,15.8
2009-03-17,000059,7.37,7.62,7.68,7.22,101069,75765200.0,6.27,3.81,0.28,1.02,2.49,7.48,11.22,9.0,7.34,3.05,5.68,4.57,5.96,3.46,7.45,7.51,7.54,7.55,3.67,6.43,12.34,16.8,16.67,16.14,10.5,16.27,11.55,11.29
2009-03-18,000059,7.8,7.69,7.9,7.62,159192,123436304.0,3.67,0.92,0.07,1.61,1.84,5.38,3.28,1.71,-2.36,0.13,-0.92,0.39,-1.97,0.79,7.53,7.51,7.57,7.56,5.46,11.31,15.73,15.6,15.08,9.49,15.21,10.53,10.27,9.88
2009-03-19,000059,7.71,8.09,8.11,7.7,307670,244807760.0,5.33,5.2,0.4,3.12,4.29,2.21,0.65,-3.38,-0.91,-1.95,-0.65,-2.99,-0.26,2.6,7.64,7.53,7.61,7.59,5.81,10.01,9.89,9.39,4.08,9.52,5.07,4.82,4.45,4.45
2009-03-20,000059,8.05,8.46,8.56,8.0,278758,233023872.0,6.92,4.57,0.37,2.83,-1.62,-3.12,-7.0,-4.63,-5.63,-4.37,-6.63,-4.0,-1.25,1.37,7.84,7.62,7.64,7.63,5.2,5.08,4.61,-0.47,4.73,0.47,0.24,-0.12,-0.12,-2.36
2009-03-23,000059,8.46,8.6,8.9,8.41,250400,219565984.0,5.79,1.65,0.14,2.54,-7.85,-11.53,-9.27,-10.23,-9.04,-11.18,-8.68,-6.06,-3.57,1.78,8.09,7.75,7.66,7.66,3.37,2.91,-2.09,3.02,-1.16,-1.4,-1.74,-1.74,-3.95,-4.53
2009-03-24,000059,8.75,8.55,8.89,8.47,178769,154932976.0,4.88,-0.58,-0.05,1.81,-12.16,-9.92,-10.86,-9.68,-11.81,-9.33,-6.73,-4.25,1.06,5.08,8.28,7.87,7.69,7.69,3.51,-1.52,3.63,-0.58,-0.82,-1.17,-1.17,-3.39,-3.98,-4.44
2009-03-25,000059,8.55,8.22,8.85,8.16,184437,158796528.0,8.07,-3.86,-0.33,1.87,-6.5,-7.48,-6.25,-8.46,-5.88,-3.19,-0.61,4.9,9.07,8.95,8.38,7.95,7.69,7.7,2.43,7.79,3.41,3.16,2.8,2.8,0.49,-0.12,-0.61,3.77
2009-03-26,000059,8.15,8.42,8.42,8.0,83750,68963656.0,5.11,2.43,0.2,0.85,-5.63,-4.37,-6.63,-4.0,-1.25,1.37,7.0,11.25,11.13,10.62,8.45,8.05,7.74,7.73,5.23,0.95,0.71,0.36,0.36,-1.9,-2.49,-2.97,1.31,2.61
2009-03-27,000059,8.58,8.55,8.86,8.45,108432,93850888.0,4.87,1.54,0.13,1.1,-9.47,-11.6,-9.11,-6.51,-4.02,1.3,5.33,5.21,4.73,-0.36,8.47,8.15,7.81,7.75,-0.58,-0.82,-1.17,-1.17,-3.39,-3.98,-4.44,-0.23,1.05,-1.4
2009-03-31,000059,8.25,8.34,8.5,7.95,108750,88711632.0,6.43,-2.46,-0.21,1.1,-6.04,-3.4,-0.63,2.01,7.67,11.95,11.82,11.32,5.91,11.45,8.42,8.25,7.86,7.77,1.68,1.32,1.32,-0.96,-1.56,-2.04,2.28,3.6,1.08,5.16
2009-04-01,000059,8.34,8.35,8.48,8.29,97951,82037424.0,2.28,0.12,0.01,0.99,-7.36,-4.7,-2.17,3.26,7.36,7.24,6.76,1.57,6.88,2.53,8.38,8.33,7.92,7.8,1.2,1.2,-1.08,-1.68,-2.16,2.16,3.47,0.96,5.03,6.71
2009-04-02,000059,8.45,8.15,8.45,8.1,104226,86221024.0,4.19,-2.4,-0.2,1.06,-2.47,0.12,5.68,9.88,9.75,9.26,3.95,9.38,4.94,4.69,8.36,8.37,7.94,7.84,3.68,1.35,0.74,0.25,4.66,6.01,3.44,7.61,9.33,6.99
2009-04-03,000059,8.3,8.17,8.45,8.1,163748,135155856.0,4.29,0.25,0.02,1.66,0.12,5.68,9.88,9.75,9.26,3.95,9.38,4.94,4.69,4.32,8.31,8.38,7.96,7.87,1.1,0.49,0.0,4.41,5.75,3.18,7.34,9.06,6.73,5.63
2009-04-07,000059,8.17,8.23,8.26,8.0,108613,88120008.0,3.18,0.73,0.06,1.1,7.0,11.25,11.13,10.62,5.25,10.75,6.25,6.0,5.62,5.62,8.25,8.36,7.99,7.88,-0.24,-0.73,3.65,4.98,2.43,6.56,8.26,5.95,4.86,6.8
2009-04-08,000059,8.19,7.99,8.21,7.95,92876,75033096.0,3.16,-2.92,-0.24,0.94,11.95,11.82,11.32,5.91,11.45,6.92,6.67,6.29,6.29,3.9,8.18,8.3,8.02,7.87,2.25,6.76,8.14,5.51,9.76,11.51,9.14,8.01,10.01,11.89
2009-04-09,000059,7.98,8.14,8.17,7.95,85808,69137712.0,2.75,1.88,0.15,0.87,11.82,11.32,5.91,11.45,6.92,6.67,6.29,6.29,3.9,3.27,8.14,8.26,8.06,7.88,4.79,6.14,3.56,7.74,9.46,7.13,6.02,7.99,9.83,4.05
2009-04-10,000059,8.21,8.48,8.53,8.15,167233,140426800.0,4.67,4.18,0.34,1.7,8.59,3.31,8.71,4.29,4.05,3.68,3.68,1.35,0.74,0.25,8.2,8.28,8.12,7.89,1.89,-0.59,3.42,5.07,2.83,1.77,3.66,5.42,-0.12,-1.06
2009-04-13,000059,8.52,8.46,8.64,8.38,127270,107687824.0,3.07,-0.24,-0.02,1.29,0.48,5.73,1.43,1.19,0.84,0.84,-1.43,-2.03,-2.51,1.79,8.26,8.29,8.17,7.92,-0.35,3.66,5.32,3.07,2.01,3.9,5.67,0.12,-0.83,-3.31
2009-04-14,000059,8.42,8.36,8.43,8.28,89492,74758704.0,1.77,-1.18,-0.1,0.91,7.0,2.66,2.42,2.05,2.05,-0.24,-0.85,-1.33,3.02,4.35,8.29,8.27,8.21,7.96,4.9,6.58,4.31,3.23,5.14,6.94,1.32,0.36,-2.15,-3.35
2009-04-15,000059,8.3,8.76,8.77,8.26,175909,149006848.0,6.1,4.78,0.4,1.78,2.91,2.66,2.3,2.3,0.0,-0.61,-1.09,3.27,4.6,2.06,8.44,8.31,8.28,8.01,1.71,-0.46,-1.48,0.34,2.05,-3.31,-4.22,-6.62,-7.76,-6.39
2009-04-16,000059,8.63,8.66,8.91,8.55,145863,127432936.0,4.11,-1.14,-0.1,1.48,-0.82,-1.17,-1.17,-3.39,-3.98,-4.44,-0.23,1.05,-1.4,2.57,8.54,8.34,8.33,8.06,0.69,-0.35,1.5,3.23,-2.19,-3.12,-5.54,-6.7,-5.31,-4.97
2009-04-17,000059,8.72,8.43,8.72,8.25,123752,104211824.0,5.43,-2.66,-0.23,1.25,2.42,2.42,0.12,-0.48,-0.97,3.39,4.73,2.18,6.3,8.0,8.53,8.37,8.37,8.08,2.37,4.27,6.05,0.47,-0.47,-2.97,-4.15,-2.73,-2.37,0.95
2009-04-20,000059,8.38,8.54,8.63,8.3,79491,67338936.0,3.91,1.3,0.11,0.81,1.81,-0.48,-1.08,-1.57,2.77,4.1,1.57,5.66,7.35,5.06,8.55,8.4,8.39,8.11,2.93,4.68,-0.82,-1.76,-4.22,-5.39,-3.98,-3.63,-0.35,1.52
2009-04-21,000059,8.41,8.79,8.79,8.37,149819,129419024.0,4.92,2.93,0.25,1.52,-1.31,-1.91,-2.39,1.91,3.23,0.72,4.78,6.45,4.18,3.11,8.64,8.46,8.41,8.15,1.71,-3.64,-4.55,-6.94,-8.08,-6.71,-6.37,-3.19,-1.37,-0.23
2009-04-22,000059,8.87,8.41,8.94,8.3,203731,176991312.0,7.28,-4.32,-0.38,2.07,-1.08,-1.57,2.77,4.1,1.57,5.66,7.35,5.06,3.98,5.9,8.57,8.5,8.4,8.18,0.71,-0.24,-2.73,-3.92,-2.5,-2.14,1.19,3.09,4.28,7.85
2009-04-23,000059,8.32,8.37,8.47,8.04,83029,68491448.0,5.11,-0.48,-0.04,0.84,1.62,6.09,7.46,4.85,9.08,10.82,8.46,7.34,9.33,11.19,8.51,8.53,8.39,8.22,0.24,-2.27,-3.46,-2.03,-1.67,1.67,3.58,4.78,8.36,9.92
2009-04-24,000059,8.37,8.18,8.39,8.16,53684,44179828.0,2.75,-2.27,-0.19,0.54,4.53,5.88,3.31,7.48,9.19,6.86,5.76,7.72,9.56,3.8,8.46,8.5,8.39,8.24,0.0,-1.22,0.24,0.61,4.03,5.99,7.21,10.88,12.47,11.25
2009-04-27,000059,8.1,8.0,8.18,7.96,87032,69865832.0,2.69,-2.2,-0.18,0.88,8.54,5.9,10.18,11.93,9.55,8.42,10.43,12.31,6.41,5.4,8.35,8.45,8.37,8.26,1.0,2.5,2.88,6.37,8.38,9.62,13.38,15.0,13.75,10.0
2009-04-28,000059,7.95,7.96,8.08,7.78,61593,48809304.0,3.75,-0.5,-0.04,0.62,8.35,12.72,14.52,12.08,10.93,12.98,14.91,8.87,7.84,5.14,8.18,8.41,8.34,8.28,3.02,3.39,6.91,8.92,10.18,13.94,15.58,14.32,10.55,21.11
2009-04-29,000059,7.96,8.17,8.2,7.88,63148,50824672.0,4.02,2.64,0.21,0.64,11.29,13.07,10.66,9.52,11.55,13.45,7.49,6.47,3.81,2.54,8.14,8.35,8.33,8.3,0.73,4.16,6.12,7.34,11.02,12.61,11.38,7.71,17.99,21.05
2009-04-30,000059,8.2,8.18,8.23,8.11,62012,50704060.0,1.47,0.12,0.01,0.63,9.86,7.52,6.41,8.38,10.23,4.44,3.45,0.86,-0.37,1.11,8.1,8.3,8.32,8.32,4.03,5.99,7.21,10.88,12.47,11.25,7.58,17.85,20.9,21.15
2009-05-04,000059,8.18,8.45,8.51,8.17,113024,94313584.0,4.16,3.3,0.27,1.15,6.73,5.63,7.59,9.42,3.67,2.69,0.12,-1.1,0.37,0.73,8.15,8.3,8.34,8.35,2.6,3.79,7.34,8.88,7.69,4.14,14.08,17.04,17.28,15.38
2009-05-05,000059,8.49,8.57,8.67,8.3,162510,138100432.0,4.38,1.42,0.12,1.65,3.98,5.9,7.71,2.05,1.08,-1.45,-2.65,-1.2,-0.84,2.53,8.27,8.31,8.36,8.36,2.33,5.83,7.35,6.18,2.68,12.49,15.4,15.64,13.77,14.0
2009-05-06,000059,8.56,8.75,8.77,8.48,146214,126315576.0,3.38,2.1,0.18,1.48,3.66,5.42,-0.12,-1.06,-3.54,-4.72,-3.3,-2.95,0.35,2.24,8.42,8.3,8.38,8.37,3.66,5.14,4.0,0.57,10.17,13.03,13.26,11.43,11.66,10.29
2009-05-07,000059,8.77,9.0,9.07,8.75,277619,246753728.0,3.66,2.86,0.25,2.81,2.17,-3.2,-4.11,-6.51,-7.66,-6.29,-5.94,-2.74,-0.91,0.23,8.59,8.36,8.43,8.39,2.22,1.11,-2.22,7.11,9.89,10.11,8.33,8.56,7.22,7.22
2009-05-08,000059,8.9,9.08,9.2,8.81,253488,228562688.0,4.33,0.89,0.08,2.57,-3.86,-4.77,-7.15,-8.29,-6.92,-6.58,-3.41,-1.59,-0.45,2.95,8.77,8.43,8.48,8.41,0.22,-3.08,6.17,8.92,9.14,7.38,7.6,6.28,6.28,1.65
2009-05-11,000059,9.08,8.6,9.1,8.6,196829,174862352.0,5.51,-5.29,-0.48,2.0,-2.44,-4.88,-6.05,-4.65,-4.3,-1.05,0.81,1.98,5.47,6.98,8.8,8.48,8.49,8.42,2.33,12.09,15.0,15.23,13.37,13.6,12.21,12.21,7.33,7.33
2009-05-12,000059,8.59,8.76,8.8,8.45,134720,115940504.0,4.07,1.86,0.16,1.37,-3.2,-4.38,-2.96,-2.6,0.71,2.6,3.79,7.34,8.88,7.69,8.84,8.55,8.5,8.43,10.05,12.9,13.13,11.3,11.53,10.16,10.16,5.37,5.37,5.48
2009-05-13,000059,8.75,9.64,9.64,8.73,484284,451015872.0,10.39,10.05,0.88,4.91,-7.45,-6.07,-5.73,-2.52,-0.69,0.46,3.89,5.38,4.24,0.8,9.02,8.72,8.56,8.47,2.59,2.8,1.14,1.35,0.1,0.1,-4.25,-4.25,-4.15,-5.6
2009-05-14,000059,9.51,9.65,9.89,9.35,307623,297679744.0,5.6,0.1,0.01,3.12,-12.3,-11.98,-8.98,-7.27,-6.2,-2.99,-1.6,-2.67,-5.88,3.1,9.15,8.87,8.61,8.51,2.69,1.04,1.24,0.0,0.0,-4.35,-4.35,-4.25,-5.7,-3.83
2009-05-15,000059,9.68,9.82,9.91,9.47,163993,159797888.0,4.56,1.76,0.17,1.66,-13.09,-10.14,-8.45,-7.39,-4.22,-2.85,-3.91,-7.07,1.8,4.44,9.29,9.03,8.67,8.56,-0.71,-0.51,-1.73,-1.73,-6.01,-6.01,-5.91,-7.33,-5.5,-3.36
2009-05-18,000059,9.75,9.6,9.75,9.45,124427,118691016.0,3.05,-2.24,-0.22,1.26,-9.95,-8.25,-7.2,-4.02,-2.65,-3.7,-6.88,2.01,4.66,4.87,9.49,9.15,8.73,8.61,1.77,0.52,0.52,-3.85,-3.85,-3.75,-5.21,-3.33,-1.15,-2.6
2009-05-19,000059,9.77,9.51,9.77,9.3,135729,128565768.0,4.9,-0.94,-0.09,1.38,-6.77,-5.7,-2.47,-1.08,-2.15,-5.38,3.66,6.34,6.56,4.84,9.64,9.24,8.77,8.65,1.47,1.47,-2.94,-2.94,-2.84,-4.31,-2.42,-0.21,-1.68,-4.0
2009-05-20,000059,9.51,9.43,9.65,9.38,125032,119073312.0,2.84,-0.84,-0.08,1.27,-6.5,-3.3,-1.92,-2.99,-6.18,2.77,5.44,5.65,3.94,4.16,9.6,9.31,8.81,8.69,2.33,-2.12,-2.12,-2.01,-3.5,-1.59,0.64,-0.85,-3.18,-3.5
2009-05-21,000059,9.34,9.25,9.65,9.21,109912,103742056.0,4.67,-1.91,-0.18,1.11,-1.52,-0.11,-1.19,-4.45,4.67,7.38,7.6,5.86,6.08,4.78,9.52,9.33,8.85,8.73,-0.22,-0.22,-0.11,-1.62,0.32,2.59,1.08,-1.3,-1.62,-1.73
2009-05-22,000059,9.2,9.04,9.23,8.99,105087,95255344.0,2.59,-2.27,-0.21,1.07,2.34,1.22,-2.11,7.23,10.01,10.23,8.45,8.68,7.34,7.34,9.37,9.33,8.88,8.76,2.1,2.21,0.66,2.65,4.98,3.43,1.0,0.66,0.55,-2.21
2009-05-25,000059,8.84,9.2,9.23,8.72,159136,141337168.0,5.64,1.77,0.16,1.61,4.36,0.92,10.55,13.42,13.65,11.81,12.04,10.67,10.67,5.85,9.29,9.39,8.93,8.79,0.43,-1.09,0.87,3.15,1.63,-0.76,-1.09,-1.2,-3.91,-3.04
2009-05-26,000059,9.06,8.95,9.24,8.85,141375,127717056.0,4.24,-2.72,-0.25,1.43,-0.56,8.93,11.75,11.98,10.17,10.4,9.04,9.04,4.29,4.29,9.17,9.41,8.98,8.8,1.68,3.69,6.03,4.47,2.01,1.68,1.56,-1.23,-0.34,-0.89
2009-05-27,000059,8.95,8.93,9.1,8.88,75605,67968728.0,2.46,-0.22,-0.02,0.77,8.56,11.37,11.6,9.8,10.02,8.67,8.67,3.94,3.94,4.05,9.07,9.34,9.03,8.82,3.92,6.27,4.7,2.24,1.9,1.79,-1.01,-0.11,-0.67,-1.01
2009-06-01,000059,9.12,9.1,9.28,8.99,206869,188294640.0,3.25,1.9,0.17,2.1,10.01,10.23,8.45,8.68,7.34,7.34,2.67,2.67,2.78,1.22,9.04,9.28,9.08,8.83,4.29,2.75,0.33,0.0,-0.11,-2.86,-1.98,-2.53,-2.86,-3.52
2009-06-02,000059,9.13,9.3,9.49,9.08,186672,173319120.0,4.51,2.2,0.2,1.89,9.14,7.38,7.6,6.28,6.28,1.65,1.65,1.76,0.22,2.2,9.1,9.23,9.13,8.86,0.54,-1.83,-2.15,-2.26,-4.95,-4.09,-4.62,-4.95,-5.59,-4.19
2009-06-03,000059,9.29,9.15,9.35,8.9,182405,165555440.0,4.84,-1.61,-0.15,1.85,9.55,9.78,8.43,8.43,3.71,3.71,3.82,2.25,4.27,6.63,9.09,9.19,9.17,8.88,-0.22,-0.55,-0.66,-3.39,-2.51,-3.06,-3.39,-4.04,-2.62,-1.75
2009-06-04,000059,9.05,8.88,9.13,8.67,186968,165698352.0,5.03,-2.95,-0.27,1.9,12.69,11.3,11.3,6.46,6.46,6.57,4.96,7.04,9.46,7.84,9.07,9.12,9.18,8.89,2.48,2.36,-0.45,0.45,-0.11,-0.45,-1.13,0.34,1.24,-0.34
2009-06-05,000059,8.9,8.84,9.1,8.78,107985,96492128.0,3.6,-0.45,-0.04,1.09,9.91,9.91,5.13,5.13,5.24,3.64,5.69,8.09,6.49,3.99,9.05,9.06,9.19,8.89,2.83,0.0,0.9,0.34,0.0,-0.68,0.79,1.7,0.11,0.34
2009-06-08,000059,8.8,8.75,9.09,8.69,120051,106237368.0,4.52,-1.02,-0.09,1.22,11.05,6.21,6.21,6.33,4.72,6.79,9.21,7.59,5.06,4.72,8.98,9.01,9.17,8.9,1.03,1.94,1.37,1.03,0.34,1.83,2.74,1.14,1.37,0.57
2009-06-09,000059,8.74,8.83,8.84,8.5,193297,167665248.0,3.89,0.91,0.08,1.96,8.59,8.59,8.71,7.06,9.18,11.65,10.0,7.41,7.06,6.94,8.89,8.99,9.16,8.92,1.02,0.45,0.11,-0.57,0.91,1.81,0.23,0.45,-0.34,-2.27
2009-06-10,000059,8.86,8.86,8.92,8.74,146727,129557104.0,2.04,0.34,0.03,1.49,5.61,5.72,4.12,6.18,8.58,6.98,4.46,4.12,4.0,1.14,8.83,8.96,9.17,8.94,0.11,-0.23,-0.9,0.56,1.47,-0.11,0.11,-0.68,-2.6,-2.71
2009-06-11,000059,8.86,8.7,8.87,8.68,105485,92543408.0,2.14,-1.81,-0.16,1.07,6.45,4.84,6.91,9.33,7.72,5.18,4.84,4.72,1.84,2.76,8.8,8.93,9.17,8.96,1.61,0.92,2.41,3.33,1.72,1.95,1.15,-0.8,-0.92,-1.38
2009-06-12,000059,8.68,8.64,8.84,8.56,98925,86129936.0,3.22,-0.69,-0.06,1.0,6.31,8.41,10.86,9.23,6.66,6.31,6.19,3.27,4.21,3.62,8.76,8.91,9.12,8.99,1.62,3.12,4.05,2.43,2.66,1.85,-0.12,-0.23,-0.69,0.0
2009-06-15,000059,8.65,8.75,8.78,8.57,82966,72178616.0,2.43,1.27,0.11,0.84,8.28,10.74,9.1,6.53,6.18,6.07,3.15,4.08,3.5,3.15,8.76,8.87,9.08,9.01,1.83,2.74,1.14,1.37,0.57,-1.37,-1.49,-1.94,-1.26,-2.29
2009-06-16,000059,8.71,8.9,8.91,8.59,116426,101987336.0,3.66,1.71,0.15,1.18,10.48,8.85,6.29,5.94,5.82,2.91,3.84,3.26,2.91,2.21,8.77,8.83,9.03,9.03,1.01,-0.56,-0.34,-1.12,-3.03,-3.15,-3.6,-2.92,-3.93,-3.6
2009-06-18,000059,8.95,8.81,8.99,8.7,193018,169481104.0,3.26,-1.01,-0.09,1.96,7.47,4.94,4.6,4.48,1.61,2.53,1.95,1.61,0.92,2.41,8.76,8.8,8.99,9.04,0.45,0.68,-0.11,-2.04,-2.16,-2.61,-1.93,-2.95,-2.61,-3.63
2009-06-19,000059,8.79,8.76,8.85,8.68,93722,81885576.0,1.93,-0.57,-0.05,0.95,5.18,4.84,4.72,1.84,2.76,2.19,1.84,1.15,2.65,3.57,8.77,8.78,8.95,9.05,1.26,0.46,-1.48,-1.6,-2.05,-1.37,-2.4,-2.05,-3.08,-1.37
2009-06-22,000059,8.8,8.81,8.87,8.7,101960,89730408.0,1.94,0.57,0.05,1.03,4.6,4.48,1.61,2.53,1.95,1.61,0.92,2.41,3.33,1.72,8.81,8.78,8.92,9.05,-0.11,-2.04,-2.16,-2.61,-1.93,-2.95,-2.61,-3.63,-1.93,-0.79
2009-06-23,000059,8.7,8.56,8.8,8.52,170199,146677136.0,3.18,-2.84,-0.25,1.73,6.69,3.76,4.69,4.11,3.76,3.05,4.58,5.52,3.87,4.11,8.77,8.76,8.89,9.04,0.82,0.7,0.23,0.93,-0.12,0.23,-0.82,0.93,2.1,2.45
2009-06-24,000059,8.52,8.62,8.63,8.43,163041,138898352.0,2.34,0.7,0.06,1.65,4.86,5.81,5.22,4.86,4.15,5.69,6.64,4.98,5.22,4.39,8.71,8.74,8.87,9.02,0.0,-0.46,0.23,-0.81,-0.46,-1.51,0.23,1.39,1.74,2.32
2009-06-25,000059,8.57,8.52,8.62,8.51,78446,67072724.0,1.28,-1.16,-0.1,0.8,4.82,4.23,3.88,3.17,4.7,5.64,4.0,4.23,3.41,1.41,8.65,8.71,8.83,9.02,0.7,1.41,0.35,0.7,-0.35,1.41,2.58,2.93,3.52,7.98
2009-06-29,000059,8.52,8.55,8.58,8.39,132551,112196296.0,2.23,0.35,0.03,1.34,5.72,5.36,4.65,6.2,7.15,5.48,5.72,4.89,2.86,2.74,8.61,8.69,8.81,9.01,1.05,0.0,0.35,-0.7,1.05,2.22,2.57,3.16,7.6,7.25
2009-06-30,000059,8.56,8.44,8.64,8.44,98590,84104544.0,2.34,-1.29,-0.11,1.0,4.74,4.03,5.57,6.52,4.86,5.09,4.27,2.25,2.13,1.66,8.54,8.67,8.79,8.97,1.3,1.66,0.59,2.37,3.55,3.91,4.5,9.0,8.65,8.65
2009-07-01,000059,8.43,8.45,8.55,8.39,145394,122953848.0,1.9,0.12,0.01,1.47,4.65,6.2,7.15,5.48,5.72,4.89,2.86,2.74,2.26,2.98,8.52,8.64,8.76,8.93,1.54,0.47,2.25,3.43,3.79,4.38,8.88,8.52,8.52,8.4
2009-07-02,000059,8.54,8.47,8.58,8.35,181033,152793248.0,2.72,0.24,0.02,1.84,6.71,7.66,5.99,6.23,5.39,3.35,3.23,2.75,3.47,2.4,8.49,8.6,8.71,8.89,0.24,2.01,3.19,3.54,4.13,8.62,8.26,8.26,8.15,7.67
2009-07-03,000059,8.45,8.41,8.49,8.29,179977,150983696.0,2.36,-0.71,-0.06,1.82,8.44,6.76,7.0,6.15,4.1,3.98,3.5,4.22,3.14,3.5,8.46,8.56,8.68,8.85,2.73,3.92,4.28,4.88,9.39,9.04,9.04,8.92,8.44,7.61
2009-07-06,000059,8.39,8.62,8.64,8.36,230681,196102016.0,3.33,2.5,0.21,2.34,5.86,6.1,5.26,3.23,3.11,2.63,3.35,2.27,2.63,1.56,8.48,8.55,8.66,8.82,1.39,1.74,2.32,6.73,6.38,6.38,6.26,5.8,4.99,8.47
2009-07-07,000059,8.58,8.69,8.74,8.54,186230,161089792.0,2.32,0.81,0.07,1.89,3.86,3.04,1.05,0.94,0.47,1.17,0.12,0.47,-0.59,1.17,8.53,8.53,8.66,8.79,0.92,1.5,5.87,5.52,5.52,5.41,4.95,4.14,7.59,10.47
2009-07-08,000059,8.69,8.61,8.77,8.48,178007,153742672.0,3.34,-0.92,-0.08,1.8,3.77,1.77,1.65,1.18,1.89,0.83,1.18,0.12,1.89,3.07,8.56,8.54,8.65,8.77,2.44,6.85,6.5,6.5,6.39,5.92,5.11,8.59,11.5,19.51
2009-07-09,000059,8.6,8.81,8.82,8.59,202914,177226512.0,2.67,2.32,0.2,2.06,0.47,0.35,-0.12,0.58,-0.47,-0.12,-1.16,0.58,1.75,2.1,8.63,8.56,8.65,8.76,4.43,4.09,4.09,3.97,3.52,2.72,6.13,8.97,16.8,28.49
2009-07-10,000059,8.85,9.05,9.2,8.81,362057,326157856.0,4.43,2.72,0.24,3.67,-2.16,-2.61,-1.93,-2.95,-2.61,-3.63,-1.93,-0.79,-0.45,0.11,8.76,8.61,8.66,8.76,1.33,1.33,1.22,0.77,0.0,3.31,6.08,13.7,25.08,28.18
2009-07-13,000059,9.0,9.01,9.17,8.95,187803,170482224.0,2.43,-0.44,-0.04,1.9,-4.13,-3.46,-4.47,-4.13,-5.14,-3.46,-2.35,-2.01,-1.45,2.79,8.83,8.66,8.67,8.76,1.78,1.66,1.22,0.44,3.77,6.55,14.21,25.64,28.75,32.63
2009-07-14,000059,9.01,9.1,9.17,8.97,169324,153721840.0,2.22,1.0,0.09,1.72,-3.68,-4.68,-4.35,-5.35,-3.68,-2.56,-2.23,-1.67,2.56,2.23,8.92,8.72,8.7,8.77,0.66,0.22,-0.55,2.75,5.49,13.08,24.4,27.47,31.32,32.86
2009-07-15,000059,9.12,9.06,9.16,8.99,188460,170496336.0,1.87,-0.44,-0.04,1.91,-4.89,-4.56,-5.56,-3.89,-2.78,-2.45,-1.89,2.34,2.0,2.0,9.01,8.78,8.71,8.76,0.66,-0.11,3.2,5.96,13.58,24.94,28.04,31.9,33.44,29.58
2009-07-16,000059,9.09,8.91,9.12,8.88,214855,193478224.0,2.65,-1.66,-0.15,2.18,-3.38,-4.39,-2.7,-1.58,-1.24,-0.68,3.6,3.27,3.27,3.15,9.03,8.83,8.71,8.75,1.57,4.94,7.74,15.49,27.05,30.19,34.12,35.69,31.76,30.86
2009-07-17,000059,8.91,9.05,9.05,8.8,142015,126667736.0,2.81,1.57,0.14,1.44,-3.52,-1.82,-0.68,-0.34,0.23,4.55,4.2,4.2,4.09,3.64,9.03,8.89,8.73,8.75,3.31,6.08,13.7,25.08,28.18,32.04,33.59,29.72,28.84,34.48
2009-07-20,000059,9.1,9.24,9.35,9.03,232761,214068624.0,3.54,2.1,0.19,2.36,-4.32,-3.21,-2.88,-2.33,1.88,1.55,1.55,1.44,1.0,0.22,9.07,8.95,8.75,8.76,3.9,11.36,22.51,25.54,29.33,30.84,27.06,26.19,31.71,39.07
2009-07-21,000059,9.27,9.35,9.6,9.25,364366,343144000.0,3.79,1.19,0.11,3.69,-5.51,-5.19,-4.65,-0.54,-0.86,-0.86,-0.97,-1.41,-2.16,1.08,9.12,9.02,8.78,8.78,10.05,21.07,24.06,27.81,29.3,25.56,24.71,30.16,37.43,38.4
2009-07-22,000059,9.38,10.29,10.29,9.38,584679,591799424.0,9.73,10.05,0.94,5.93,-6.5,-5.97,-1.92,-2.24,-2.24,-2.35,-2.77,-3.52,-0.32,2.35,9.37,9.19,8.86,8.83,10.01,12.73,16.13,17.49,14.09,13.31,18.27,24.88,25.75,20.31
2009-07-23,000059,10.52,11.32,11.32,10.52,1002552,1110542720.0,7.77,10.01,1.03,10.17,-16.16,-12.55,-12.83,-12.83,-12.93,-13.31,-13.97,-11.12,-8.75,-2.19,9.85,9.44,9.0,8.91,2.47,5.57,6.8,3.71,3.0,7.51,13.52,14.31,9.36,5.12
2009-07-24,000059,11.32,11.41,11.6,11.06,500661,565660352.0,4.77,0.8,0.09,5.08,-16.82,-17.09,-17.09,-17.18,-17.54,-18.17,-15.46,-13.2,-6.96,2.35,10.32,9.67,9.14,9.0,4.73,5.96,2.89,2.19,6.66,12.62,13.41,8.5,4.29,4.91
2009-07-27,000059,11.38,11.6,11.95,11.19,565533,651591488.0,6.66,1.67,0.19,5.73,-18.05,-18.05,-18.14,-18.5,-19.12,-16.44,-14.21,-8.04,1.16,3.66,10.79,9.93,9.29,9.09,4.22,1.21,0.52,4.91,10.78,11.55,6.72,2.59,3.19,-0.34
2009-07-28,000059,11.5,11.86,12.09,11.45,391989,460399904.0,5.52,2.24,0.26,3.97,-19.91,-20.0,-20.35,-20.96,-18.34,-16.16,-10.13,-1.14,1.31,4.37,11.3,10.21,9.47,9.2,-1.01,-1.69,2.61,8.35,9.11,4.38,0.34,0.93,-2.53,-2.61
2009-07-29,000059,11.74,11.26,11.74,10.88,375496,424058560.0,7.25,-5.06,-0.6,3.81,-15.81,-16.18,-16.82,-14.06,-11.76,-5.42,4.04,6.62,9.83,11.12,11.49,10.43,9.61,9.28,3.55,8.08,14.12,14.92,9.95,5.68,6.31,2.66,2.58,2.04
2009-07-30,000059,11.33,11.32,11.66,10.96,344844,389486560.0,6.22,0.53,0.06,3.5,-16.79,-17.43,-14.69,-12.41,-6.11,3.28,5.84,9.03,10.31,7.12,11.49,10.67,9.75,9.37,7.51,13.52,14.31,9.36,5.12,5.74,2.12,2.03,1.5,0.27
2009-07-31,000059,11.4,12.0,12.17,11.2,458920,537757760.0,8.57,6.01,0.68,4.65,-19.2,-16.52,-14.29,-8.13,1.07,3.57,6.7,7.95,4.82,4.11,11.61,10.96,9.93,9.47,7.08,7.83,3.17,-0.83,-0.25,-3.67,-3.75,-4.25,-5.42,-4.58
2009-08-03,000059,12.02,12.79,12.85,11.86,527626,651688384.0,8.25,6.58,0.79,5.35,-21.16,-19.06,-13.24,-4.55,-2.19,0.76,1.94,-1.01,-1.69,2.61,11.85,11.32,10.14,9.61,1.17,-3.21,-6.96,-6.41,-9.62,-9.7,-10.16,-11.26,-10.48,-15.25
2009-08-04,000059,12.75,12.46,12.94,12.35,314105,394512480.0,4.61,-2.58,-0.33,3.18,-22.27,-16.68,-8.34,-6.07,-3.24,-2.11,-4.94,-5.59,-1.46,4.05,11.97,11.63,10.32,9.73,-0.64,-4.49,-3.93,-7.22,-7.3,-7.78,-8.91,-8.11,-13.0,-16.37
2009-08-05,000059,12.35,12.12,12.38,11.69,329439,395921376.0,5.54,-2.73,-0.34,3.34,-11.98,-3.17,-0.77,2.22,3.42,0.43,-0.26,4.11,9.92,10.69,12.14,11.81,10.5,9.85,-1.82,-1.24,-4.62,-4.7,-5.2,-6.35,-5.53,-10.56,-14.03,-11.88
2009-08-06,000059,11.9,11.59,11.9,11.29,238314,277329600.0,5.03,-4.37,-0.53,2.42,0.27,2.75,5.85,7.09,3.99,3.28,7.79,13.82,14.61,9.65,12.19,11.84,10.64,9.95,3.28,-0.26,-0.35,-0.86,-2.07,-1.21,-6.47,-10.09,-7.85,-6.47
2009-08-07,000059,11.58,11.25,11.97,11.21,222848,258459504.0,6.56,-2.93,-0.34,2.26,3.48,6.6,7.85,4.73,4.01,8.56,14.63,15.43,10.44,6.16,12.04,11.83,10.75,10.04,2.76,2.67,2.13,0.89,1.78,-3.64,-7.38,-5.07,-3.64,-2.4
2009-08-10,000059,11.48,11.3,11.56,11.02,154254,174520864.0,4.8,0.44,0.05,1.56,8.44,9.71,6.53,5.81,10.44,16.61,17.42,12.34,7.99,8.62,11.74,11.8,10.86,10.13,2.21,1.68,0.44,1.33,-4.07,-7.79,-5.49,-4.07,-2.83,1.24
2009-08-11,000059,11.35,11.31,11.55,11.09,156285,177348160.0,4.07,0.09,0.01,1.58,9.02,5.86,5.14,9.74,15.87,16.68,11.63,7.3,7.94,4.24,11.51,11.74,10.97,10.22,1.59,0.35,1.24,-4.16,-7.87,-5.57,-4.16,-2.92,1.15,-1.24
2009-08-12,000059,11.2,10.93,11.49,10.8,214505,240428672.0,6.1,-3.36,-0.38,2.18,8.7,7.96,12.69,18.98,19.81,14.63,10.19,10.83,7.04,6.94,11.28,11.71,11.07,10.31,3.84,4.76,-0.82,-4.67,-2.29,-0.82,0.46,4.67,2.2,7.04
2009-08-13,000059,10.97,11.3,11.35,10.7,235927,261154816.0,5.95,3.39,0.37,2.39,8.97,13.74,20.09,20.93,15.7,11.21,11.87,8.04,7.94,7.38,11.22,11.71,11.19,10.4,1.33,-4.07,-7.79,-5.49,-4.07,-2.83,1.24,-1.15,3.54,3.1
2009-08-14,000059,11.45,10.92,11.45,10.86,190859,213152880.0,5.22,-3.36,-0.38,1.94,12.06,18.32,19.15,14.0,9.58,10.22,6.45,6.35,5.8,4.51,11.15,11.6,11.28,10.48,-0.73,-4.58,-2.2,-0.73,0.55,4.76,2.29,7.14,6.68,3.66
2009-08-17,000059,10.7,10.0,10.84,10.0,177242,182973392.0,7.69,-8.42,-0.92,1.8,28.5,29.4,23.8,19.0,19.7,15.6,15.5,14.9,13.5,14.5,10.89,11.32,11.32,10.53,4.2,6.8,8.4,9.8,14.4,11.7,17.0,16.5,13.2,5.5
2009-08-18,000059,9.99,10.36,10.42,9.96,180893,185857184.0,4.6,3.6,0.36,1.83,29.92,24.3,19.48,20.18,16.06,15.96,15.36,13.96,14.96,8.84,10.7,11.11,11.37,10.59,3.09,4.63,5.98,10.42,7.82,12.93,12.45,9.27,1.83,-5.5
2009-08-19,000059,10.38,10.16,10.68,10.0,138171,143406912.0,6.56,-1.93,-0.2,1.4,23.8,19.0,19.7,15.6,15.5,14.9,13.5,14.5,8.4,4.2,10.55,10.91,11.36,10.64,6.69,8.07,12.6,9.94,15.16,14.67,11.42,3.84,-3.64,-6.99
2009-08-20,000059,10.2,10.76,10.84,10.16,169538,179496512.0,6.69,5.91,0.6,1.72,17.13,17.81,13.78,13.68,13.09,11.71,12.7,6.69,2.56,5.12,10.44,10.83,11.34,10.7,2.04,6.32,3.81,8.74,8.27,5.2,-1.95,-9.01,-12.17,-6.78
2009-08-21,000059,10.7,10.89,10.98,10.48,164560,175841152.0,4.65,1.21,0.13,1.67,14.22,10.31,10.21,9.64,8.3,9.26,3.44,-0.57,1.91,3.44,10.43,10.79,11.31,10.76,5.05,2.57,7.44,6.98,3.95,-3.12,-10.1,-13.22,-7.9,-6.06
2009-08-24,000059,10.87,11.24,11.44,10.78,188715,209949520.0,6.06,3.21,0.35,1.91,7.24,7.14,6.59,5.29,6.22,0.56,-3.34,-0.93,0.56,1.86,10.68,10.79,11.29,10.84,-0.62,4.09,3.65,0.71,-6.14,-12.9,-15.93,-10.77,-8.99,-8.9
2009-08-25,000059,11.15,10.93,11.17,10.54,161305,174545744.0,5.6,-2.76,-0.31,1.64,9.58,9.01,7.69,8.63,2.85,-1.14,1.33,2.85,4.17,8.54,10.8,10.75,11.24,10.9,7.04,6.59,3.57,-3.48,-10.43,-13.54,-8.23,-6.4,-6.31,-5.67
2009-08-26,000059,10.8,11.4,11.7,10.8,202988,229920960.0,8.23,4.3,0.47,2.06,6.39,5.09,6.02,0.37,-3.52,-1.11,0.37,1.67,5.93,3.43,11.04,10.8,11.25,10.98,2.19,-0.7,-7.46,-14.12,-17.11,-12.02,-10.26,-10.18,-9.56,-7.46
2009-08-27,000059,11.31,11.29,11.65,11.06,127385,144969056.0,5.18,-0.96,-0.11,1.29,2.62,3.53,-1.99,-5.79,-3.44,-1.99,-0.72,3.44,0.99,5.79,11.15,10.8,11.25,11.06,0.27,-6.55,-13.29,-16.3,-11.16,-9.39,-9.3,-8.68,-6.55,-7.26
2009-08-28,000059,11.25,10.66,11.32,10.62,157043,170534128.0,6.2,-5.58,-0.63,1.59,7.82,2.07,-1.88,0.56,2.07,3.39,7.72,5.18,10.17,9.7,11.1,10.77,11.18,11.11,-1.03,-8.16,-11.35,-5.91,-4.03,-3.94,-3.28,-1.03,-1.78,-1.97
2009-08-31,000059,10.4,9.59,10.55,9.59,188697,190007136.0,9.01,-10.04,-1.07,1.91,13.03,8.65,11.37,13.03,14.49,19.29,16.48,22.0,21.48,18.04,10.77,10.73,11.02,11.12,2.09,-1.46,4.59,6.67,6.78,7.51,10.01,9.18,8.97,15.33
2009-09-01,000059,9.51,9.24,9.79,9.15,104825,99370488.0,6.67,-3.65,-0.35,1.06,13.88,16.72,18.47,20.0,25.03,22.08,27.87,27.32,23.72,15.3,10.44,10.62,10.86,11.12,2.27,8.55,10.71,10.82,11.58,14.18,13.31,13.1,19.7,21.75
2009-09-02,000059,9.3,9.3,9.45,9.05,120791,111531984.0,4.33,0.65,0.06,1.22,18.01,19.78,21.33,26.41,23.43,29.28,28.73,25.08,16.57,8.18,10.02,10.53,10.72,11.09,7.85,10.0,10.11,10.86,13.44,12.58,12.37,18.92,20.97,19.25
2009-09-03,000059,9.43,9.89,10.03,9.33,157077,152156064.0,7.53,6.34,0.59,1.59,16.18,17.68,22.62,19.72,25.4,24.87,21.33,13.08,4.93,1.29,9.74,10.44,10.64,11.04,3.44,3.54,4.25,6.67,5.86,5.66,11.83,13.75,12.13,12.13
2009-09-04,000059,9.91,10.04,10.23,9.67,132300,131433144.0,5.66,1.52,0.15,1.34,13.55,18.3,15.51,20.99,20.48,17.06,9.1,1.24,-2.28,3.72,9.61,10.36,10.58,10.99,1.99,2.69,5.08,4.28,4.08,10.16,12.05,10.46,10.46,14.44
2009-09-07,000059,10.1,9.98,10.24,9.9,175196,176614624.0,3.39,-0.6,-0.06,1.78,15.56,12.83,18.18,17.68,14.34,6.57,-1.11,-4.55,1.31,3.33,9.69,10.23,10.51,10.94,3.31,5.71,4.91,4.71,10.82,12.73,11.12,11.12,15.13,14.13
2009-09-08,000059,9.98,10.17,10.31,9.88,113547,114871136.0,4.31,1.9,0.19,1.15,13.06,18.42,17.91,14.57,6.78,-0.91,-4.35,1.52,3.54,3.64,9.88,10.16,10.45,10.88,3.74,2.95,2.75,8.75,10.62,9.05,9.05,12.98,12.0,12.88
2009-09-09,000059,10.23,10.3,10.55,10.15,160937,165889216.0,3.93,1.28,0.13,1.63,15.27,14.78,11.53,3.94,-3.55,-6.9,-1.18,0.79,0.89,1.58,10.08,10.05,10.42,10.85,1.65,1.46,7.38,9.22,7.67,7.67,11.55,10.58,11.46,4.85
2009-09-10,000059,10.3,10.21,10.47,10.15,91619,94290704.0,3.11,-0.87,-0.09,0.93,14.78,11.53,3.94,-3.55,-6.9,-1.18,0.79,0.89,1.58,3.94,10.14,9.94,10.37,10.81,2.35,8.33,10.19,8.62,8.62,12.54,11.56,12.44,5.78,0.39
2009-09-11,000059,10.16,10.3,10.45,10.16,84155,86735288.0,2.84,0.88,0.09,0.85,11.42,3.84,-3.64,-6.99,-1.28,0.69,0.79,1.48,3.84,3.05,10.19,9.9,10.34,10.76,7.38,9.22,7.67,7.67,11.55,10.58,11.46,4.85,-0.49,-1.17
2009-09-14,000059,10.3,10.85,11.06,10.25,169704,182904112.0,7.86,5.34,0.55,1.72,2.93,-4.49,-7.8,-2.15,-0.2,-0.1,0.59,2.93,2.15,1.95,10.37,10.03,10.38,10.69,3.69,2.21,2.21,5.9,4.98,5.81,-0.46,-5.53,-6.18,-6.18
2009-09-15,000059,10.85,11.02,11.25,10.59,171957,188434144.0,6.08,1.57,0.17,1.74,-7.55,-10.76,-5.29,-3.4,-3.31,-2.64,-0.38,-1.13,-1.32,4.44,10.54,10.21,10.41,10.64,0.64,0.64,4.26,3.36,4.17,-2.0,-6.99,-7.62,-7.62,-11.34
2009-09-16,000059,11.02,10.83,11.09,10.6,124459,134199784.0,4.45,-1.72,-0.19,1.26,-10.85,-5.38,-3.49,-3.4,-2.74,-0.47,-1.23,-1.42,4.34,6.13,10.64,10.36,10.44,10.6,2.4,6.09,5.17,6.0,-0.28,-5.36,-6.0,-6.0,-9.79,-10.43
2009-09-17,000059,10.83,10.9,11.09,10.83,106228,116323136.0,2.4,0.65,0.07,1.08,-7.39,-5.54,-5.45,-4.8,-2.59,-3.32,-3.51,2.12,3.88,2.4,10.78,10.46,10.45,10.58,5.41,4.5,5.32,-0.92,-5.96,-6.61,-6.61,-10.37,-11.01,-8.07
2009-09-18,000059,10.99,11.1,11.49,10.89,240489,269336480.0,5.5,1.83,0.2,2.44,-6.06,-5.97,-5.33,-3.12,-3.86,-4.04,1.56,3.31,1.84,1.84,10.94,10.57,10.46,10.57,2.61,3.42,-2.7,-7.66,-8.29,-8.29,-11.98,-12.61,-9.73,-6.49
2009-09-21,000059,10.9,11.26,11.39,10.63,129968,143168816.0,6.85,1.44,0.16,1.32,-3.67,-3.01,-0.75,-1.51,-1.69,4.05,5.83,4.33,4.33,8.09,11.02,10.69,10.46,10.57,1.95,-4.09,-8.97,-9.59,-9.59,-13.23,-13.85,-11.01,-7.82,-6.93
2009-09-22,000059,11.41,10.64,11.48,10.63,148598,164264048.0,7.55,-5.51,-0.62,1.51,-3.01,-0.75,-1.51,-1.69,4.05,5.83,4.33,4.33,8.09,7.15,10.95,10.74,10.45,10.55,1.5,-3.67,-4.32,-4.32,-8.18,-8.83,-5.83,-2.44,-1.5,-0.38
2009-09-23,000059,10.54,10.11,10.8,10.04,137685,142952528.0,7.14,-4.98,-0.53,1.4,5.08,4.28,4.08,10.16,12.05,10.46,10.46,14.44,13.45,14.34,10.8,10.72,10.38,10.52,1.38,0.69,0.69,-3.36,-4.06,-0.89,2.67,3.66,4.85,4.85
2009-09-24,000059,10.01,9.97,10.25,9.66,107276,106488400.0,5.84,-1.38,-0.14,1.09,8.39,8.18,14.49,16.46,14.8,14.8,18.94,17.91,18.84,11.8,10.62,10.7,10.32,10.48,2.11,2.11,-2.01,-2.71,0.5,4.11,5.12,6.32,6.32,7.02
2009-09-25,000059,9.99,10.11,10.18,9.67,90867,90154848.0,5.12,1.4,0.14,0.92,8.07,14.37,16.34,14.68,14.68,18.82,17.79,18.72,11.69,6.0,10.42,10.68,10.29,10.45,0.69,-3.36,-4.06,-0.89,2.67,3.66,4.85,4.85,5.54,3.86
2009-09-28,000059,10.1,9.7,10.18,9.68,55769,55349772.0,4.95,-4.06,-0.41,0.57,14.26,16.22,14.57,14.57,18.7,17.67,18.6,11.57,5.89,5.17,10.11,10.56,10.3,10.44,0.72,0.0,3.3,7.01,8.04,9.28,9.28,10.0,8.25,10.52
2009-09-29,000059,9.7,9.47,9.77,9.25,63119,60272468.0,5.36,-2.37,-0.23,0.64,21.62,19.89,19.89,24.22,23.14,24.11,16.76,10.81,10.05,10.05,9.87,10.41,10.31,10.41,2.43,5.81,9.61,10.67,11.93,11.93,12.67,10.88,13.2,14.36
2009-09-30,000059,9.53,9.39,9.7,9.38,52314,49749780.0,3.38,-0.84,-0.08,0.53,18.23,18.23,22.49,21.43,22.39,15.14,9.28,8.53,8.53,4.16,9.73,10.27,10.31,10.38,6.71,10.54,11.61,12.89,12.89,13.63,11.82,14.16,15.34,13.31
2009-10-09,000059,9.59,10.0,10.02,9.5,71487,70211496.0,5.54,6.5,0.61,0.72,16.74,20.95,19.89,20.84,13.68,7.89,7.16,7.16,2.84,2.11,9.73,10.18,10.32,10.36,3.8,4.8,6.0,6.0,6.7,5.0,7.2,8.3,6.4,4.5
2009-10-12,000059,9.95,10.16,10.38,9.94,111355,113214000.0,4.4,1.6,0.16,1.13,15.59,14.59,15.49,8.65,3.12,2.41,2.41,-1.71,-2.41,0.8,9.74,10.08,10.32,10.34,3.15,4.33,4.33,5.02,3.35,5.51,6.59,4.72,2.85,3.35
2009-10-13,000059,10.17,10.48,10.48,10.06,95355,98388136.0,4.13,3.15,0.32,0.97,13.22,14.12,7.36,1.89,1.19,1.19,-2.88,-3.58,-0.4,3.18,9.9,10.0,10.35,10.31,1.15,1.15,1.81,0.19,2.29,3.34,1.53,-0.29,0.19,0.57
2009-10-14,000059,10.32,10.48,10.6,10.31,105406,110601600.0,2.77,0.0,0.0,1.07,11.35,4.75,-0.58,-1.26,-1.26,-5.24,-5.92,-2.81,0.68,1.65,10.1,9.99,10.36,10.29,1.15,1.81,0.19,2.29,3.34,1.53,-0.29,0.19,0.57,-3.24
2009-10-15,000059,10.45,10.53,10.6,10.43,78226,82101520.0,1.62,0.48,0.05,0.79,3.55,-1.73,-2.4,-2.4,-6.33,-7.0,-3.93,-0.48,0.48,1.63,10.33,10.03,10.38,10.27,1.33,-0.28,1.8,2.85,1.04,-0.76,-0.28,0.09,-3.7,-5.51
2009-10-16,000059,10.6,10.29,10.67,10.07,87491,89640504.0,5.7,-2.28,-0.24,0.89,1.79,1.09,1.09,-2.98,-3.67,-0.5,3.08,4.07,5.26,5.26,10.39,10.06,10.38,10.23,2.04,4.18,5.25,3.4,1.55,2.04,2.43,-1.46,-3.3,-2.53
2009-10-19,000059,10.34,10.41,10.5,10.2,112499,116484816.0,2.92,1.17,0.12,1.14,-0.2,-0.2,-4.22,-4.9,-1.76,1.76,2.75,3.92,3.92,4.61,10.44,10.09,10.38,10.22,2.98,4.03,2.21,0.38,0.86,1.25,-2.59,-4.42,-3.65,1.44
2009-10-20,000059,10.45,10.5,10.72,10.41,139444,147398176.0,2.98,0.86,0.09,1.41,-2.21,-6.15,-6.82,-3.75,-0.29,0.67,1.83,1.83,2.5,0.86,10.44,10.17,10.37,10.25,3.14,1.33,-0.48,0.0,0.38,-3.43,-5.24,-4.48,0.57,0.19
2009-10-21,000059,10.5,10.64,10.83,10.45,149124,159531584.0,3.62,1.33,0.14,1.51,-6.51,-7.18,-4.11,-0.67,0.29,1.44,1.44,2.11,0.48,2.58,10.47,10.29,10.35,10.3,0.0,-1.79,-1.32,-0.94,-4.7,-6.48,-5.73,-0.75,-1.13,0.75
2009-10-22,000059,10.55,10.25,10.64,10.09,232473,238941568.0,5.17,-3.67,-0.39,2.36,-3.87,-0.69,2.87,3.87,5.05,5.05,5.75,4.06,6.24,7.33,10.42,10.37,10.32,10.33,1.95,2.44,2.83,-1.07,-2.93,-2.15,3.02,2.63,4.59,4.59
2009-10-23,000059,10.3,10.26,10.45,10.18,180868,186670896.0,2.63,0.1,0.01,1.83,-1.57,1.96,2.95,4.13,4.13,4.81,3.14,5.3,6.39,4.52,10.41,10.4,10.29,10.35,2.34,2.73,-1.17,-3.02,-2.24,2.92,2.53,4.48,4.48,6.53
2009-10-26,000059,10.3,10.5,10.5,10.25,124134,128899184.0,2.44,2.34,0.24,1.26,1.27,2.24,3.41,3.41,4.1,2.44,4.59,5.66,3.8,1.95,10.43,10.43,10.26,10.36,0.38,-3.43,-5.24,-4.48,0.57,0.19,2.1,2.1,4.1,6.0
2009-10-27,000059,10.54,10.05,10.54,10.05,148296,151703440.0,4.67,-4.29,-0.45,1.5,4.28,5.47,5.47,6.17,4.48,6.67,7.76,5.87,3.98,4.48,10.34,10.39,10.2,10.36,0.9,-1.0,-0.2,5.07,4.68,6.67,6.67,8.76,10.75,10.45
2009-10-28,000059,10.0,10.04,10.14,9.78,119958,118979840.0,3.58,-0.1,-0.01,1.22,8.38,8.38,9.1,7.36,9.61,10.74,8.79,6.85,7.36,7.77,10.22,10.35,10.17,10.36,-0.9,-0.1,5.18,4.78,6.77,6.77,8.86,10.86,10.56,8.17
2009-10-29,000059,9.9,9.78,9.95,9.74,71703,70613648.0,2.09,-2.59,-0.26,0.73,8.83,9.55,7.8,10.06,11.19,9.24,7.29,7.8,8.21,4.11,10.13,10.27,10.15,10.34,2.56,7.98,7.57,9.61,9.61,11.76,13.8,13.5,11.04,11.25
2009-10-30,000059,9.88,9.8,10.03,9.75,103402,102293128.0,2.86,0.2,0.02,1.05,9.44,7.69,9.95,11.08,9.13,7.18,7.69,8.1,4.0,2.05,10.03,10.22,10.14,10.33,7.76,7.35,9.39,9.39,11.53,13.57,13.27,10.82,11.02,9.9
2009-11-02,000059,9.68,10.21,10.56,9.48,297793,299545632.0,11.02,4.18,0.41,3.02,10.76,13.08,14.24,12.24,10.23,10.76,11.18,6.96,4.96,5.8,9.98,10.2,10.15,10.32,3.04,5.0,5.0,7.05,9.01,8.72,6.37,6.56,5.48,8.42
2009-11-03,000059,10.19,10.34,10.52,10.12,225280,233149280.0,3.92,1.27,0.13,2.28,5.93,7.02,5.14,3.26,3.75,4.15,0.2,-1.68,-0.89,4.35,10.03,10.19,10.18,10.31,3.68,3.68,5.71,7.64,7.35,5.03,5.22,4.16,7.06,9.86
2009-11-04,000059,10.35,10.49,10.72,10.3,249973,262928768.0,4.06,1.45,0.15,2.53,5.15,3.3,1.46,1.94,2.33,-1.55,-3.4,-2.62,2.52,2.14,10.12,10.17,10.23,10.29,2.19,4.19,6.1,5.82,3.53,3.72,2.67,5.53,8.29,8.29
2009-11-05,000059,10.54,10.61,10.72,10.35,203875,214880928.0,3.53,1.14,0.12,2.07,2.8,0.97,1.45,1.84,-2.03,-3.86,-3.09,2.03,1.64,3.57,10.29,10.21,10.29,10.28,3.02,4.9,4.62,2.36,2.54,1.51,4.34,7.07,7.07,11.12
2009-11-06,000059,10.67,10.74,10.93,10.53,238706,256070800.0,3.77,1.23,0.13,2.42,-0.76,-0.28,0.09,-3.7,-5.51,-4.75,0.28,-0.09,1.8,1.8,10.48,10.26,10.33,10.28,3.63,3.35,1.12,1.3,0.28,3.07,5.77,5.77,9.78,9.87
2009-11-09,000059,10.73,11.0,11.13,10.67,285020,312330880.0,4.28,2.42,0.26,2.89,-1.59,-1.22,-4.97,-6.75,-6.0,-1.03,-1.41,0.47,0.47,2.44,10.64,10.31,10.37,10.27,0.91,-1.27,-1.09,-2.09,0.64,3.27,3.27,7.18,7.27,6.73
2009-11-10,000059,11.08,10.8,11.1,10.79,261155,285189952.0,2.82,-1.82,-0.2,2.65,-2.32,-6.02,-7.78,-7.04,-2.13,-2.5,-0.65,-0.65,1.3,3.15,10.73,10.38,10.39,10.26,0.56,0.74,-0.28,2.5,5.19,5.19,9.17,9.26,8.7,11.02
2009-11-11,000059,10.75,10.6,10.86,10.5,259715,275948960.0,3.33,-1.85,-0.2,2.63,-3.43,-5.24,-4.48,0.57,0.19,2.1,2.1,4.1,6.0,5.71,10.75,10.44,10.39,10.26,2.64,1.6,4.43,7.17,7.17,11.23,11.32,10.75,13.11,15.57
2009-11-12,000059,10.63,10.68,10.88,10.55,194041,207951536.0,3.11,0.75,0.08,1.97,-5.69,-4.93,0.09,-0.28,1.61,1.61,3.6,5.5,5.21,2.94,10.76,10.53,10.4,10.28,0.84,3.65,6.37,6.37,10.39,10.49,9.93,12.27,14.7,15.17
2009-11-13,000059,10.65,10.76,10.77,10.46,167375,178083472.0,2.9,0.75,0.08,1.7,-4.11,0.96,0.57,2.49,2.49,4.49,6.41,6.12,3.82,4.02,10.77,10.62,10.42,10.3,2.88,5.58,5.58,9.57,9.67,9.11,11.43,13.85,14.31,5.95
2009-11-16,000059,10.8,10.97,11.07,10.8,340784,372872800.0,2.51,1.95,0.21,3.46,-2.22,-2.59,-0.74,-0.74,1.2,3.06,2.78,0.56,0.74,-0.28,10.76,10.7,10.45,10.33,3.56,3.56,7.47,7.57,7.02,9.3,11.67,12.12,3.92,7.38
2009-11-17,000059,11.0,11.28,11.36,10.85,437342,486484864.0,4.65,2.83,0.31,4.43,-3.04,-1.2,-1.2,0.74,2.58,2.3,0.09,0.28,-0.74,2.03,10.86,10.79,10.49,10.38,0.71,4.52,4.61,4.08,6.29,8.6,9.04,1.06,4.43,8.33
2009-11-18,000059,11.25,11.27,11.36,11.11,216751,243420688.0,2.22,-0.09,-0.01,2.2,-3.51,-3.51,-1.62,0.18,-0.09,-2.25,-2.07,-3.06,-0.36,2.25,10.99,10.87,10.52,10.44,4.61,4.7,4.17,6.39,8.7,9.14,1.15,4.53,8.43,11.89
2009-11-19,000059,11.34,11.6,11.79,11.26,358621,415574400.0,4.7,2.93,0.33,3.64,-4.8,-2.93,-1.15,-1.42,-3.55,-3.37,-4.35,-1.69,0.89,0.89,11.18,10.97,10.59,10.52,1.72,1.21,3.36,5.6,6.03,-1.72,1.55,5.34,8.71,7.84
2009-11-20,000059,11.6,11.6,11.8,11.35,323619,375377696.0,3.88,0.0,0.0,3.28,-3.7,-1.94,-2.2,-4.32,-4.14,-5.11,-2.47,0.09,0.09,3.88,11.34,11.06,10.66,10.57,1.21,3.36,5.6,6.03,-1.72,1.55,5.34,8.71,7.84,10.69
2009-11-23,000059,11.61,11.7,11.74,11.46,238735,276984064.0,2.41,0.86,0.1,2.42,-2.88,-3.14,-5.24,-5.06,-6.02,-3.4,-0.87,-0.87,2.88,2.97,11.49,11.13,10.72,10.62,2.48,4.7,5.13,-2.56,0.68,4.44,7.78,6.92,9.74,9.4
2009-11-24,000059,11.8,11.34,11.99,11.25,357365,417038496.0,6.32,-3.08,-0.36,3.62,-1.33,-3.47,-3.29,-4.27,-1.6,0.98,0.98,4.8,4.89,4.36,11.5,11.18,10.78,10.65,8.02,8.47,0.53,3.88,7.76,11.2,10.32,13.23,12.87,12.43
2009-11-25,000059,11.32,12.2,12.25,11.31,488365,580557760.0,8.29,7.58,0.86,4.95,-3.98,-3.8,-4.77,-2.12,0.44,0.44,4.24,4.33,3.8,6.01,11.69,11.34,10.89,10.71,0.82,-6.56,-3.44,0.16,3.36,2.54,5.25,4.92,4.51,2.05
2009-11-26,000059,12.16,11.36,12.3,11.28,411077,486017824.0,8.36,-6.89,-0.84,4.17,-3.55,-4.52,-1.86,0.71,0.71,4.52,4.61,4.08,6.29,8.6,11.64,11.41,10.97,10.74,0.35,3.7,7.57,11.0,10.12,13.03,12.68,12.24,9.6,7.83
2009-11-27,000059,11.0,11.05,11.4,10.86,231989,257984464.0,4.75,-2.73,-0.31,2.35,-0.83,1.93,4.6,4.6,8.56,8.66,8.1,10.41,12.8,13.26,11.53,11.44,11.03,10.76,6.61,10.59,14.12,13.21,16.2,15.84,15.38,12.67,10.86,9.77
2009-11-30,000059,11.2,11.72,11.78,11.2,213116,245972880.0,5.25,6.06,0.67,2.16,-1.16,1.43,1.43,5.27,5.36,4.82,7.05,9.38,9.82,1.79,11.53,11.51,11.11,10.8,4.27,7.59,6.74,9.56,9.22,8.79,6.23,4.52,3.5,7.85
2009-12-01,000059,11.69,12.13,12.22,11.6,332545,401345984.0,5.29,3.5,0.41,3.37,-2.07,-2.07,1.64,1.72,1.21,3.36,5.6,6.03,-1.72,1.55,11.69,11.6,11.2,10.86,3.96,3.13,5.85,5.52,5.11,2.64,0.99,0.0,4.2,6.51
2009-12-02,000059,12.2,12.46,12.61,12.01,342014,420766880.0,4.95,2.72,0.33,3.47,-5.41,-1.83,-1.75,-2.25,-0.17,2.0,2.41,-5.08,-1.92,1.75,11.74,11.72,11.29,10.92,0.4,3.05,2.73,2.33,-0.08,-1.69,-2.65,1.44,3.69,3.53
2009-12-03,000059,12.5,12.38,12.51,12.12,219751,270381376.0,3.13,-0.64,-0.08,2.23,-2.72,-2.64,-3.14,-1.07,1.07,1.49,-5.94,-2.81,0.83,4.04,11.95,11.79,11.38,10.99,3.72,3.39,2.99,0.57,-1.05,-2.02,2.1,4.36,4.2,-3.31
2009-12-04,000059,12.39,12.59,12.84,12.0,414527,519890688.0,6.79,1.7,0.21,4.2,-1.67,-2.17,-0.08,2.08,2.5,-5.0,-1.83,1.83,5.08,4.25,12.26,11.89,11.47,11.07,1.67,1.27,-1.11,-2.7,-3.65,0.4,2.62,2.46,-4.92,-8.1
2009-12-07,000059,12.49,12.62,12.8,12.4,187502,237481024.0,3.18,0.24,0.03,1.9,-5.32,-3.31,-1.21,-0.81,-8.06,-5.0,-1.45,1.69,0.89,3.55,12.44,11.99,11.56,11.14,1.03,-1.35,-2.93,-3.88,0.16,2.38,2.22,-5.15,-8.32,-8.8
2009-12-08,000059,12.62,12.47,12.75,12.15,182532,227679424.0,4.75,-1.19,-0.15,1.85,-1.32,0.82,1.23,-6.17,-3.05,0.58,3.79,2.96,5.68,5.35,12.5,12.1,11.64,11.22,-0.16,-1.76,-2.73,1.36,3.61,3.45,-4.01,-7.22,-7.7,-8.98
2009-12-09,000059,12.4,11.94,12.45,11.89,212972,258261136.0,4.49,-4.25,-0.53,2.16,3.03,3.45,-4.12,-0.93,2.78,6.06,5.21,7.99,7.65,7.23,12.4,12.07,11.71,11.28,2.6,1.59,5.86,8.21,8.04,0.25,-3.1,-3.6,-4.94,-2.18
2009-12-10,000059,12.14,12.01,12.25,11.84,135023,162424224.0,3.43,0.59,0.07,1.37,3.89,-3.72,-0.51,3.21,6.5,5.66,8.45,8.11,7.69,5.15,12.33,12.14,11.77,11.36,1.0,5.25,7.58,7.41,-0.33,-3.66,-4.16,-5.5,-2.75,-3.08
2009-12-11,000059,12.07,11.9,12.13,11.85,158068,189183728.0,2.33,-0.92,-0.11,1.6,-3.8,-0.59,3.12,6.41,5.57,8.35,8.02,7.59,5.06,3.38,12.19,12.22,11.83,11.43,6.22,8.57,8.4,0.59,-2.77,-3.28,-4.62,-1.85,-2.18,0.42
2009-12-14,000059,11.9,12.64,12.64,11.48,329016,398947072.0,9.75,6.22,0.74,3.34,2.61,6.45,9.84,8.97,11.85,11.5,11.06,8.45,6.71,5.66,12.19,12.31,11.91,11.51,2.22,2.06,-5.3,-8.47,-8.94,-10.21,-7.59,-7.91,-5.46,-5.7
2009-12-15,000059,12.42,12.77,12.92,12.35,365489,464980064.0,4.51,1.03,0.13,3.71,-1.05,2.11,1.3,3.97,3.64,3.24,0.81,-0.81,-1.78,2.35,12.25,12.38,11.99,11.59,1.02,-6.26,-9.4,-9.87,-11.12,-8.54,-8.85,-6.42,-6.66,-6.97
2009-12-16,000059,12.77,12.4,12.9,12.35,156051,197051104.0,4.31,-2.9,-0.37,1.58,2.11,1.3,3.97,3.64,3.24,0.81,-0.81,-1.78,2.35,4.62,12.34,12.37,12.04,11.65,-3.47,-6.69,-7.18,-8.47,-5.81,-6.13,-3.63,-3.87,-4.19,-5.32
2009-12-18,000059,11.89,11.44,11.97,11.34,244750,283595584.0,5.08,-7.74,-0.96,2.48,10.32,13.23,12.87,12.43,9.79,8.02,6.97,11.46,13.93,13.76,12.23,12.28,12.04,11.68,1.14,0.61,-0.79,2.1,1.75,4.46,4.2,3.85,2.62,4.2
2009-12-21,000059,11.44,11.35,11.57,11.01,160863,180796656.0,4.9,-0.79,-0.09,1.63,16.62,16.26,15.8,13.08,11.26,10.17,14.8,17.35,17.17,8.72,12.12,12.15,12.02,11.7,1.41,0.0,2.91,2.56,5.29,5.02,4.67,3.44,5.02,7.67
2009-12-22,000059,11.38,11.09,11.51,11.05,108715,122520464.0,4.05,-2.29,-0.26,1.1,15.84,15.38,12.67,10.86,9.77,14.39,16.92,16.74,8.33,4.71,11.81,12.0,11.99,11.7,2.34,5.32,4.96,7.75,7.48,7.12,5.86,7.48,10.19,11.72
2009-12-23,000059,11.12,11.27,11.35,11.1,82671,92855216.0,2.25,1.62,0.18,0.84,14.86,12.16,10.36,9.28,13.87,16.4,16.22,7.84,4.23,3.69,11.51,11.88,11.99,11.72,3.64,3.28,6.03,5.77,5.41,4.17,5.77,8.43,9.94,9.14
2009-12-24,000059,11.29,11.6,11.68,11.25,125057,143901456.0,3.82,2.93,0.33,1.27,10.67,8.89,7.82,12.36,14.84,14.67,6.4,2.84,2.31,0.89,11.35,11.85,11.96,11.75,0.34,3.02,2.76,2.41,1.21,2.76,5.34,6.81,6.03,5.0
2009-12-25,000059,11.63,11.55,11.64,11.44,85588,98839704.0,1.72,-0.43,-0.05,0.87,7.08,6.03,10.49,12.94,12.76,4.63,1.14,0.61,-0.79,2.1,11.37,11.8,11.97,11.78,3.46,3.2,2.86,1.65,3.2,5.8,7.27,6.49,5.45,11.26
2009-12-28,000059,11.59,11.72,11.95,11.53,163436,192022944.0,3.64,1.47,0.17,1.66,5.2,9.63,12.06,11.88,3.82,0.35,-0.17,-1.56,1.3,0.95,11.45,11.78,12.0,11.81,1.71,1.37,0.17,1.71,4.27,5.72,4.95,3.92,9.64,7.85
2009-12-29,000059,11.75,11.83,11.92,11.68,90959,107207656.0,2.05,0.94,0.11,0.92,8.22,10.62,10.45,2.48,-0.94,-1.46,-2.83,0.0,-0.34,2.31,11.59,11.7,12.01,11.84,0.42,-0.76,0.76,3.3,4.73,3.97,2.96,8.62,6.85,6.93
2009-12-30,000059,11.83,11.6,11.88,11.58,163840,190976784.0,2.54,-1.94,-0.23,1.66,11.57,11.4,3.37,-0.09,-0.6,-1.99,0.86,0.52,3.2,2.94,11.66,11.59,11.98,11.85,1.21,2.76,5.34,6.81,6.03,5.0,10.78,8.97,9.05,10.34
2009-12-31,000059,11.6,11.62,11.74,11.41,116105,134367472.0,2.84,0.17,0.02,1.18,13.06,4.91,1.4,0.88,-0.53,2.37,2.02,4.73,4.47,4.12,11.66,11.51,11.94,11.86,2.58,5.16,6.63,5.85,4.82,10.59,8.78,8.86,10.15,13.43
2010-01-04,000059,11.65,11.84,11.92,11.65,129177,152210416.0,2.32,1.89,0.22,1.31,2.75,-0.69,-1.2,-2.58,0.26,-0.09,2.58,2.32,1.97,0.77,11.72,11.55,11.91,11.87,3.21,4.65,3.89,2.87,8.53,6.76,6.84,8.11,11.32,10.64
2010-01-05,000059,11.85,12.13,12.22,11.65,195758,234433824.0,4.81,2.45,0.29,1.98,-0.69,-1.2,-2.58,0.26,-0.09,2.58,2.32,1.97,0.77,2.32,11.8,11.63,11.89,11.89,2.14,1.4,0.41,5.94,4.2,4.29,5.52,8.66,8.0,7.01
2010-01-06,000059,11.98,12.18,12.39,11.98,164661,201108544.0,3.38,0.41,0.05,1.67,-3.92,-5.26,-2.5,-2.84,-0.25,-0.5,-0.83,-2.0,-0.5,2.0,11.87,11.73,11.87,11.91,0.99,0.0,5.5,3.78,3.86,5.09,8.21,7.55,6.57,3.28
2010-01-07,000059,12.18,11.7,12.3,11.65,186232,221772272.0,5.34,-3.94,-0.48,1.89,-2.58,0.26,-0.09,2.58,2.32,1.97,0.77,2.32,4.89,6.35,11.89,11.78,11.83,11.92,4.1,9.83,8.03,8.12,9.4,12.65,11.97,10.94,7.52,4.19
2010-01-11,000059,11.99,12.0,12.18,11.7,190036,227312480.0,4.1,2.56,0.3,1.93,-0.17,-0.51,2.14,1.88,1.54,0.34,1.88,4.44,5.9,5.13,11.97,11.82,11.83,11.91,7.08,5.33,5.42,6.67,9.83,9.17,8.17,4.83,1.58,-0.08
2010-01-12,000059,12.07,12.58,12.85,11.9,310272,384959456.0,7.92,4.83,0.58,3.15,-2.18,0.42,0.17,-0.17,-1.34,0.17,2.69,4.12,3.36,2.35,12.12,11.92,11.86,11.95,0.48,0.56,1.75,4.77,4.13,3.18,0.0,-3.1,-4.69,-5.56
2010-01-13,000059,12.3,12.25,12.64,12.18,223891,276992640.0,3.66,-2.62,-0.33,2.27,-1.89,-2.13,-2.46,-3.61,-2.13,0.33,1.72,0.99,0.0,5.5,12.14,11.97,11.88,11.99,3.27,4.49,7.59,6.94,5.96,2.69,-0.49,-2.12,-3.02,-7.67
2010-01-14,000059,12.34,12.49,12.65,12.23,202783,252336272.0,3.43,1.96,0.24,2.06,-2.53,-2.86,-4.01,-2.53,-0.08,1.31,0.57,-0.41,5.07,3.35,12.2,12.04,11.87,12.02,2.48,5.52,4.88,3.92,0.72,-2.4,-4.0,-4.88,-9.45,-8.81
2010-01-15,000059,12.53,12.68,12.8,12.31,209394,264042096.0,3.92,1.52,0.19,2.12,-3.49,-4.63,-3.17,-0.73,0.65,-0.08,-1.06,4.39,2.68,2.76,12.4,12.15,11.87,12.04,3.94,3.31,2.37,-0.79,-3.86,-5.44,-6.31,-10.8,-10.17,-9.62
2010-01-18,000059,12.68,13.0,13.18,12.68,231716,301671296.0,3.94,2.52,0.32,2.35,-7.41,-5.99,-3.63,-2.29,-3.0,-3.94,1.34,-0.32,-0.24,0.95,12.6,12.29,11.9,12.05,0.77,-0.15,-3.23,-6.23,-7.77,-8.62,-13.0,-12.38,-11.85,-12.92
2010-01-19,000059,13.04,12.98,13.1,12.68,183482,235709648.0,3.23,-0.15,-0.02,1.86,-5.99,-3.63,-2.29,-3.0,-3.94,1.34,-0.32,-0.24,0.95,3.94,12.68,12.4,11.97,12.07,0.0,-3.08,-6.09,-7.63,-8.47,-12.87,-12.25,-11.71,-12.79,-11.4
2010-01-20,000059,12.98,12.25,12.98,12.18,211715,264635120.0,6.16,-5.62,-0.73,2.15,0.33,1.72,0.99,0.0,5.5,3.78,3.86,5.09,8.21,7.55,12.68,12.41,12.02,12.06,2.69,-0.49,-2.12,-3.02,-7.67,-7.02,-6.45,-7.59,-6.12,-7.02
2010-01-21,000059,12.24,12.19,12.58,12.12,155687,191825536.0,3.76,-0.49,-0.06,1.58,2.23,1.49,0.5,6.02,4.29,4.37,5.61,8.75,8.09,7.1,12.62,12.41,12.07,12.05,0.0,-1.64,-2.54,-7.22,-6.56,-5.99,-7.14,-5.66,-6.56,-5.33
2010-01-22,000059,12.0,11.83,12.19,11.64,126849,150792416.0,4.51,-2.95,-0.36,1.29,5.67,4.64,10.4,8.59,8.68,9.97,13.23,12.54,11.51,8.08,12.45,12.43,12.1,12.03,1.35,0.42,-4.4,-3.72,-3.13,-4.31,-2.79,-3.72,-2.45,-2.79
2010-01-25,000059,11.68,11.8,11.99,11.65,86408,101830992.0,2.87,-0.25,-0.03,0.88,4.55,10.3,8.5,8.58,9.87,13.13,12.45,11.42,7.98,4.64,12.21,12.41,12.11,12.02,0.68,-4.15,-3.47,-2.88,-4.07,-2.54,-3.47,-2.2,-2.54,1.61
2010-01-26,000059,11.85,11.31,11.88,11.18,108333,123775928.0,5.93,-4.15,-0.49,1.1,14.94,13.06,13.15,14.49,17.89,17.17,16.1,12.52,9.03,7.25,11.88,12.28,12.1,12.0,0.0,0.71,1.33,0.09,1.68,0.71,2.03,1.68,6.01,1.5
2010-01-27,000059,11.3,11.0,11.31,10.83,105175,115898552.0,4.24,-2.74,-0.31,1.07,16.71,16.81,18.19,21.7,20.96,19.85,16.16,12.56,10.71,9.7,11.63,12.15,12.06,11.97,3.55,4.18,2.91,4.55,3.55,4.91,4.55,9.0,4.36,4.45
2010-01-28,000059,10.94,11.2,11.39,10.9,109764,122422336.0,4.45,1.82,0.2,1.11,16.06,17.43,20.92,20.18,19.08,15.41,11.83,10.0,8.99,3.76,11.43,12.02,12.03,11.92,2.32,1.07,2.68,1.7,3.04,2.68,7.05,2.5,2.59,4.02
2010-01-29,000059,11.16,11.25,11.46,11.07,81936,92598120.0,3.48,0.45,0.05,0.83,15.63,19.06,18.34,17.25,13.64,10.12,8.31,7.32,2.17,2.89,11.31,11.88,12.01,11.87,0.62,2.22,1.24,2.58,2.22,6.58,2.04,2.13,3.56,5.07
2010-02-01,000059,11.21,11.27,11.32,10.97,74446,82962376.0,3.11,0.18,0.02,0.75,20.15,19.42,18.32,14.68,11.12,9.3,8.3,3.1,3.83,4.47,11.21,11.71,12.0,11.83,2.04,1.06,2.4,2.04,6.39,1.86,1.95,3.37,4.88,13.22
2010-02-02,000059,11.28,11.26,11.5,11.21,64929,73859728.0,2.57,-0.09,-0.01,0.66,16.86,15.79,12.22,8.74,6.96,5.98,0.89,1.61,2.23,0.98,11.2,11.54,11.97,11.83,1.15,2.49,2.13,6.48,1.95,2.04,3.46,4.97,13.32,12.97
2010-02-03,000059,11.39,11.3,11.39,10.9,73780,82512864.0,4.35,0.36,0.04,0.75,19.08,15.41,11.83,10.0,8.99,3.76,4.5,5.14,3.85,5.5,11.26,11.44,11.93,11.83,2.12,1.77,6.11,1.59,1.68,3.1,4.6,12.92,12.57,16.99
2010-02-04,000059,11.25,11.33,11.54,11.16,81012,91750720.0,3.36,0.27,0.03,0.82,12.72,9.23,7.44,6.45,1.34,2.06,2.69,1.43,3.05,2.06,11.28,11.36,11.88,11.83,1.5,5.83,1.32,1.41,2.82,4.32,12.62,12.27,16.68,17.39
2010-02-05,000059,11.17,11.28,11.5,11.07,89843,101218440.0,3.8,-0.44,-0.05,0.91,10.12,8.31,7.32,2.17,2.89,3.52,2.26,3.88,2.89,4.25,11.29,11.3,11.86,11.83,6.29,1.77,1.86,3.28,4.79,13.12,12.77,17.2,17.91,17.73
2010-02-08,000059,11.4,11.48,11.99,11.3,202821,235693648.0,6.12,1.77,0.2,2.06,6.11,5.13,0.09,0.8,1.42,0.18,1.77,0.8,2.12,1.77,11.33,11.27,11.84,11.83,0.0,0.09,1.48,2.96,11.15,10.8,15.16,15.85,15.68,18.38
2010-02-09,000059,11.35,11.28,11.48,11.13,89677,100826728.0,3.05,-1.74,-0.2,0.91,6.74,1.62,2.34,2.96,1.71,3.32,2.34,3.68,3.32,7.73,11.33,11.27,11.77,11.82,1.86,3.28,4.79,13.12,12.77,17.2,17.91,17.73,20.48,17.91
2010-02-10,000059,11.36,11.47,11.49,11.29,65989,75250696.0,1.77,1.68,0.19,0.67,0.18,0.89,1.51,0.27,1.86,0.89,2.21,1.86,6.2,1.68,11.37,11.31,11.73,11.81,1.57,3.05,11.25,10.9,15.26,15.95,15.78,18.48,15.95,17.35
2010-02-11,000059,11.6,11.54,11.65,11.43,82557,95389928.0,1.92,0.61,0.07,0.84,-0.35,0.26,-0.96,0.61,-0.35,0.96,0.61,4.9,0.44,0.52,11.41,11.35,11.69,11.8,2.43,10.57,10.23,14.56,15.25,15.08,17.76,15.25,16.64,16.12
2010-02-12,000059,11.52,11.73,11.82,11.48,88545,103753176.0,2.95,1.65,0.19,0.9,-0.17,-1.39,0.17,-0.78,0.52,0.17,4.44,0.0,0.09,1.48,11.5,11.39,11.64,11.81,8.78,8.44,12.7,13.38,13.21,15.86,13.38,14.75,14.24,11.85
2010-02-22,000059,11.81,12.45,12.76,11.8,324303,400448864.0,8.18,6.14,0.72,3.29,-4.07,-2.54,-3.47,-2.2,-2.54,1.61,-2.71,-2.63,-1.27,0.17,11.69,11.51,11.61,11.84,2.17,6.18,6.83,6.67,9.16,6.83,8.11,7.63,5.38,5.7
2010-02-23,000059,12.48,12.7,12.72,12.27,248251,310310048.0,3.61,2.01,0.25,2.52,-6.28,-7.17,-5.95,-6.28,-2.28,-6.44,-6.36,-5.05,-3.67,3.99,11.98,11.66,11.6,11.86,4.09,4.72,4.57,7.01,4.72,5.98,5.51,3.31,3.62,5.35
2010-02-24,000059,12.68,13.01,13.22,12.5,345905,447781728.0,5.67,2.44,0.31,3.51,-8.88,-7.68,-8.0,-4.08,-8.16,-8.08,-6.8,-5.44,2.08,1.76,12.29,11.83,11.63,11.89,2.23,2.08,4.46,2.23,3.46,3.0,0.85,1.15,2.84,4.15
2010-02-25,000059,13.02,13.1,13.3,12.86,315999,413059616.0,3.38,0.69,0.09,3.2,-10.26,-10.58,-6.77,-10.73,-10.65,-9.41,-8.09,-0.78,-1.09,2.8,12.6,12.0,11.68,11.92,1.37,3.74,1.53,2.75,2.29,0.15,0.46,2.14,3.44,1.76
2010-02-26,000059,13.12,13.15,13.28,12.91,190631,249541120.0,2.82,0.38,0.05,1.93,-10.92,-7.13,-11.08,-11.0,-9.76,-8.44,-1.16,-1.47,2.4,3.02,12.88,12.19,11.75,11.97,3.35,1.14,2.36,1.9,-0.23,0.08,1.75,3.04,1.37,-1.83
2010-03-01,000059,13.14,13.04,13.59,13.0,291567,388215328.0,4.49,-0.84,-0.11,2.96,-7.77,-11.69,-11.62,-10.38,-9.08,-1.85,-2.15,1.69,2.31,2.15,13.0,12.35,11.81,12.01,1.99,3.22,2.76,0.61,0.92,2.61,3.91,2.22,-1.0,-3.91
2010-03-02,000059,13.0,13.19,13.3,12.9,210408,275218048.0,3.07,1.15,0.15,2.13,-11.01,-10.93,-9.69,-8.37,-1.09,-1.4,2.48,3.1,2.95,5.35,13.1,12.54,11.9,12.03,2.05,1.59,-0.53,-0.23,1.44,2.73,1.06,-2.12,-5.0,-5.23
2010-03-03,000059,13.19,13.3,13.46,13.02,201134,267662272.0,3.34,0.83,0.11,2.04,-11.75,-10.52,-9.22,-2.0,-2.3,1.54,2.15,2.0,4.38,2.15,13.16,12.72,12.02,12.06,0.75,-1.35,-1.05,0.6,1.88,0.23,-2.93,-5.79,-6.02,-4.14
2010-03-04,000059,13.34,12.88,13.4,12.6,258129,335038656.0,6.02,-3.16,-0.42,2.62,-7.54,-6.19,1.27,0.95,4.92,5.56,5.4,7.86,5.56,6.83,13.11,12.86,12.1,12.08,1.86,2.17,3.88,5.2,3.49,0.23,-2.72,-2.95,-1.01,2.1
2010-03-05,000059,12.88,12.88,13.12,12.75,130698,168990496.0,2.87,0.0,0.0,1.33,-7.29,0.08,-0.24,3.69,4.31,4.16,6.59,4.31,5.57,5.1,13.06,12.97,12.18,12.08,2.17,3.88,5.2,3.49,0.23,-2.72,-2.95,-1.01,2.1,1.86
2010-03-08,000059,12.79,13.01,13.16,12.71,124637,161905952.0,3.49,1.01,0.13,1.26,0.39,0.08,4.01,4.64,4.48,6.92,4.64,5.9,5.43,3.23,13.05,13.03,12.27,12.08,2.84,4.15,2.46,-0.77,-3.69,-3.92,-2.0,1.08,0.85,1.38
2010-03-09,000059,13.01,13.35,13.38,12.66,220087,287877504.0,5.53,2.61,0.34,2.23,0.47,4.42,5.06,4.9,7.35,5.06,6.32,5.85,3.63,3.95,13.08,13.09,12.37,12.09,1.5,-0.15,-3.3,-6.14,-6.37,-4.49,-1.5,-1.72,-1.2,-0.82
2010-03-10,000059,13.38,13.18,13.55,13.09,123230,164172272.0,3.45,-1.27,-0.17,1.25,0.99,1.6,1.45,3.82,1.6,2.83,2.37,0.23,0.53,2.22,13.06,13.11,12.47,12.13,1.14,-2.05,-4.93,-5.16,-3.26,-0.23,-0.46,0.08,0.46,-0.91
2010-03-11,000059,13.24,12.88,13.33,12.83,128550,167100640.0,3.79,-2.28,-0.3,1.3,3.66,3.51,5.92,3.66,4.91,4.44,2.26,2.57,4.29,5.61,13.06,13.09,12.54,12.15,0.23,-2.72,-2.95,-1.01,2.1,1.86,2.41,2.8,1.4,0.62
2010-03-12,000059,12.88,12.36,12.91,12.29,183251,230169040.0,4.81,-4.04,-0.52,1.86,8.06,10.58,8.22,9.52,9.03,6.75,7.08,8.87,10.25,8.46,12.96,13.01,12.6,12.17,1.38,1.13,3.16,6.39,6.15,6.72,7.12,5.66,4.85,2.35
2010-03-15,000059,12.28,12.35,12.53,12.23,88725,109782872.0,2.43,-0.08,-0.01,0.9,11.12,8.75,10.06,9.57,7.28,7.6,9.4,10.79,8.99,5.56,12.82,12.94,12.64,12.18,1.21,3.24,6.48,6.23,6.8,7.21,5.75,4.94,2.43,3.89
2010-03-16,000059,12.35,12.42,12.5,12.24,60723,75116328.0,2.11,0.57,0.07,0.62,8.66,9.97,9.48,7.19,7.52,9.31,10.7,8.91,5.47,2.37,12.64,12.86,12.7,12.22,2.66,5.88,5.64,6.2,6.6,5.15,4.35,1.85,3.3,2.66
2010-03-17,000059,12.48,12.75,12.75,12.34,100765,126633424.0,3.3,2.66,0.33,1.02,9.08,8.59,6.32,6.65,8.43,9.81,8.02,4.62,1.54,1.3,12.55,12.81,12.76,12.28,3.14,2.9,3.45,3.84,2.43,1.65,-0.78,0.63,0.0,-0.08
2010-03-18,000059,12.64,12.78,13.15,12.6,160631,207618224.0,4.31,0.24,0.03,1.63,6.35,4.13,4.44,6.19,7.54,5.79,2.46,-0.56,-0.79,1.19,12.53,12.8,12.83,12.33,2.66,3.21,3.6,2.19,1.41,-1.02,0.39,-0.23,-0.31,0.23
2010-03-19,000059,12.93,12.97,13.12,12.77,109675,141831392.0,2.74,1.49,0.19,1.11,2.74,3.05,4.78,6.11,4.39,1.1,-1.88,-2.11,-0.16,2.98,12.65,12.81,12.89,12.39,1.7,2.08,0.69,-0.08,-2.47,-1.08,-1.7,-1.77,-1.23,1.77
2010-03-22,000059,13.01,13.17,13.19,12.92,117903,153984112.0,2.08,1.54,0.2,1.2,1.86,3.56,4.88,3.17,-0.08,-3.02,-3.25,-1.32,1.78,1.55,12.82,12.82,12.92,12.45,0.53,-0.84,-1.59,-3.95,-2.58,-3.19,-3.26,-2.73,0.23,0.99
2010-03-23,000059,13.2,12.81,13.24,12.76,105624,136267008.0,3.64,-2.73,-0.36,1.07,4.86,6.19,4.47,1.18,-1.8,-2.04,-0.08,3.06,2.82,3.37,12.9,12.77,12.93,12.5,1.95,1.17,-1.25,0.16,-0.47,-0.55,0.0,3.04,3.83,4.61
2010-03-24,000059,12.81,12.85,13.06,12.81,78800,101980376.0,1.95,0.31,0.04,0.8,5.78,4.06,0.78,-2.19,-2.42,-0.47,2.65,2.42,2.97,3.36,12.92,12.73,12.92,12.56,0.86,-1.56,-0.16,-0.78,-0.86,-0.31,2.72,3.5,4.28,1.95
2010-03-25,000059,12.85,12.5,12.96,12.43,125514,159139184.0,4.12,-2.72,-0.35,1.27,7.24,3.86,0.8,0.56,2.57,5.79,5.55,6.11,6.52,5.07,12.86,12.7,12.89,12.6,1.2,2.64,2.0,1.92,2.48,5.6,6.4,7.2,4.8,3.68
2010-03-26,000059,12.6,12.6,12.65,12.4,101655,127631368.0,2.0,0.8,0.1,1.03,4.11,1.05,0.81,2.82,6.05,5.81,6.37,6.77,5.32,4.52,12.79,12.72,12.86,12.64,1.83,1.19,1.11,1.67,4.76,5.56,6.35,3.97,2.86,1.19
2010-03-29,000059,12.6,12.69,12.83,12.55,120194,152226864.0,2.22,0.71,0.09,1.22,-0.16,-0.4,1.59,4.78,4.54,5.1,5.5,4.06,3.27,0.8,12.69,12.75,12.85,12.68,0.47,0.39,0.95,4.02,4.81,5.59,3.23,2.13,0.47,1.02
2010-03-30,000059,12.65,12.55,12.75,12.53,75634,95194240.0,1.73,-1.1,-0.14,0.77,-0.24,1.76,4.95,4.71,5.27,5.67,4.23,3.43,0.96,2.39,12.64,12.77,12.81,12.72,1.51,2.07,5.18,5.98,6.77,4.38,3.27,1.59,2.15,2.15
2010-03-31,000059,12.5,12.59,12.74,12.45,68280,85998608.0,2.31,0.32,0.04,0.69,2.41,5.62,5.38,5.94,6.35,4.9,4.1,1.61,3.05,2.41,12.59,12.75,12.78,12.76,1.75,4.85,5.64,6.43,4.05,2.94,1.27,1.83,1.83,0.32
2010-04-01,000059,12.59,12.7,12.81,12.54,108275,137329552.0,2.14,0.87,0.11,1.1,4.86,4.63,5.18,5.58,4.15,3.35,0.88,2.31,1.67,1.59,12.63,12.74,12.77,12.8,3.94,4.72,5.51,3.15,2.05,0.39,0.94,0.94,-0.55,-1.89
2010-04-02,000059,12.7,13.17,13.2,12.65,220640,287004544.0,4.33,3.7,0.47,2.24,3.72,4.27,4.66,3.24,2.45,0.0,1.42,0.79,0.71,1.26,12.74,12.76,12.78,12.85,0.99,1.75,-0.53,-1.59,-3.19,-2.66,-2.66,-4.1,-5.39,-3.19
2010-04-06,000059,13.07,12.98,13.3,12.96,130308,170488112.0,2.58,-1.44,-0.19,1.32,1.77,2.16,0.77,0.0,-2.39,-1.0,-1.62,-1.7,-1.16,1.85,12.8,12.74,12.78,12.86,3.24,0.92,-0.15,-1.77,-1.23,-1.23,-2.7,-4.01,-1.77,-1.93
2010-04-07,000059,13.07,13.22,13.4,13.07,220078,291556672.0,2.54,1.85,0.24,2.23,1.3,-0.08,-0.84,-3.21,-1.84,-2.45,-2.52,-1.99,0.99,1.76,12.93,12.79,12.78,12.88,-0.91,-1.97,-3.56,-3.03,-3.03,-4.46,-5.75,-3.56,-3.71,-4.92
2010-04-09,000059,12.99,13.04,13.1,12.72,205615,265649024.0,2.87,-1.36,-0.18,2.08,2.67,1.89,-0.55,0.86,0.24,0.16,0.71,3.77,4.56,5.35,13.02,12.8,12.77,12.88,-0.61,-2.22,-1.69,-1.69,-3.14,-4.45,-2.22,-2.38,-3.6,-5.14
2010-04-13,000059,12.95,12.6,12.96,12.26,327888,411854592.0,5.37,-3.37,-0.44,3.32,5.71,3.18,4.65,4.0,3.92,4.49,7.67,8.48,9.3,6.85,13.0,12.81,12.76,12.87,1.19,1.75,1.75,0.24,-1.11,1.19,1.03,-0.24,-1.83,-3.49
2010-04-14,000059,12.57,12.69,12.75,12.37,149606,188542544.0,3.02,0.71,0.09,1.52,2.26,3.72,3.07,2.99,3.56,6.71,7.52,8.33,5.9,4.77,12.91,12.82,12.77,12.85,1.02,1.02,-0.47,-1.81,0.47,0.32,-0.95,-2.52,-4.18,-7.49
2010-04-15,000059,12.6,12.74,12.82,12.51,116242,147590000.0,2.44,0.39,0.05,1.18,2.56,1.92,1.84,2.4,5.52,6.31,7.11,4.72,3.6,1.92,12.86,12.83,12.79,12.84,0.63,-0.86,-2.2,0.08,-0.08,-1.33,-2.9,-4.55,-7.85,-7.46
2010-04-16,000059,12.66,12.65,12.82,12.6,68610,87001088.0,1.73,-0.71,-0.09,0.7,1.19,1.11,1.67,4.76,5.56,6.35,3.97,2.86,1.19,1.75,12.74,12.84,12.8,12.82,-0.16,-1.5,0.79,0.63,-0.63,-2.21,-3.87,-7.19,-6.8,-9.01
2010-04-19,000059,12.43,12.01,12.63,11.89,149089,183156064.0,5.85,-5.06,-0.64,1.51,7.15,7.74,11.02,11.86,12.7,10.18,9.0,7.23,7.82,7.82,12.54,12.78,12.77,12.78,3.75,6.16,6.0,4.66,3.0,1.25,-2.25,-1.83,-4.16,-6.58
2010-04-20,000059,12.05,12.36,12.46,12.05,140427,172019760.0,3.41,2.91,0.35,1.42,6.31,9.54,10.37,11.2,8.71,7.55,5.81,6.39,6.39,4.81,12.49,12.75,12.74,12.76,3.16,2.99,1.7,0.08,-1.62,-5.02,-4.61,-6.88,-9.22,-7.61
2010-04-21,000059,12.4,12.65,12.75,12.38,91489,115113336.0,2.99,2.35,0.29,0.93,6.62,7.43,8.24,5.82,4.68,2.99,3.55,3.55,2.02,0.65,12.48,12.69,12.73,12.75,0.63,-0.63,-2.21,-3.87,-7.19,-6.8,-9.01,-11.3,-9.72,-9.25
2010-04-22,000059,12.56,12.52,12.73,12.34,111848,139879568.0,3.08,-1.03,-0.13,1.13,7.78,8.59,6.16,5.02,3.32,3.89,3.89,2.35,0.97,3.32,12.44,12.65,12.7,12.74,0.4,-1.2,-2.88,-6.23,-5.83,-8.07,-10.38,-8.79,-8.31,-9.66
2010-04-23,000059,12.52,12.16,12.57,12.13,115895,142221216.0,3.51,-2.88,-0.36,1.18,10.47,8.0,6.84,5.11,5.69,5.69,4.12,2.72,5.11,4.95,12.34,12.54,12.66,12.7,1.73,0.0,-3.45,-3.04,-5.35,-7.73,-6.09,-5.59,-6.99,-6.83
2010-04-26,000059,12.18,12.17,12.37,12.1,69929,85672824.0,2.22,0.08,0.01,0.71,8.26,7.11,5.37,5.95,5.95,4.38,2.98,5.37,5.21,3.88,12.37,12.46,12.63,12.66,-0.08,-3.53,-3.12,-5.42,-7.81,-6.16,-5.67,-7.07,-6.9,-6.16
2010-04-27,000059,12.14,11.65,12.16,11.48,95923,112549648.0,5.59,-4.27,-0.52,0.97,12.89,11.06,11.67,11.67,10.02,8.54,11.06,10.89,9.49,7.75,12.23,12.36,12.59,12.62,0.77,1.2,-1.2,-3.69,-1.97,-1.46,-2.92,-2.75,-1.97,-6.44
2010-04-28,000059,11.5,11.6,11.74,11.41,63142,73349920.0,2.83,-0.43,-0.05,0.64,11.74,12.36,12.36,10.69,9.2,11.74,11.57,10.17,8.41,6.57,12.02,12.25,12.54,12.6,1.64,-0.78,-3.28,-1.55,-1.03,-2.5,-2.33,-1.55,-6.03,-10.17
2010-04-29,000059,11.79,11.43,11.79,11.43,68899,79815624.0,3.1,-1.47,-0.17,0.7,12.16,12.16,10.5,9.01,11.55,11.37,9.97,8.22,6.39,2.71,11.8,12.12,12.47,12.57,0.7,-1.84,-0.09,0.44,-1.05,-0.87,-0.09,-4.64,-8.84,-7.44
2010-04-30,000059,11.45,11.04,11.51,10.87,81629,90376376.0,5.6,-3.41,-0.39,0.83,17.94,16.19,14.63,17.3,17.11,15.64,13.8,11.87,8.0,8.46,11.58,11.96,12.4,12.52,1.63,3.44,3.99,2.45,2.63,3.44,-1.27,-5.62,-4.17,-6.7
2010-05-04,000059,10.72,11.0,11.22,10.72,46697,51669900.0,4.53,-0.36,-0.04,0.47,17.82,16.23,18.94,18.75,17.26,15.39,13.43,9.51,9.98,7.37,11.34,11.86,12.32,12.46,3.82,4.36,2.82,3.0,3.82,-0.91,-5.27,-3.82,-6.36,-10.45
2010-05-05,000059,10.82,11.39,11.42,10.81,69103,77648680.0,5.55,3.55,0.39,0.7,15.26,17.95,17.76,16.28,14.43,12.49,8.6,9.07,6.48,3.79,11.29,11.76,12.25,12.42,0.79,-0.7,-0.53,0.26,-4.3,-8.52,-7.11,-9.57,-13.52,-15.36
2010-05-06,000059,11.4,11.18,11.48,11.1,60396,68100824.0,3.34,-1.84,-0.21,0.61,14.86,14.68,13.24,11.44,9.55,5.77,6.22,3.69,1.08,2.88,11.21,11.61,12.15,12.36,1.16,1.34,2.15,-2.5,-6.8,-5.37,-7.87,-11.9,-13.77,-13.33
2010-05-07,000059,11.01,11.14,11.31,10.89,69112,77020000.0,3.76,-0.36,-0.04,0.7,16.9,15.43,13.59,11.66,7.81,8.26,5.69,3.03,4.87,5.42,11.15,11.48,12.06,12.29,1.71,2.51,-2.15,-6.46,-5.03,-7.54,-11.58,-13.46,-13.02,-14.45
2010-05-10,000059,11.18,11.13,11.33,10.91,64433,71819672.0,3.77,-0.09,-0.01,0.65,15.22,13.38,11.46,7.61,8.07,5.5,2.84,4.67,5.22,3.67,11.17,11.37,11.96,12.23,2.61,-2.07,-6.38,-4.94,-7.46,-11.5,-13.39,-12.94,-14.38,-10.78
2010-05-11,000059,11.33,11.04,11.42,10.98,84159,94295928.0,3.95,-0.81,-0.09,0.85,12.66,10.75,6.92,7.38,4.83,2.19,4.01,4.55,3.01,3.19,11.18,11.26,11.86,12.17,-1.27,-5.62,-4.17,-6.7,-10.78,-12.68,-12.23,-13.68,-10.05,-10.6
2010-05-12,000059,10.9,10.18,10.9,10.1,98568,103081416.0,7.25,-7.79,-0.86,1.0,20.4,16.24,16.73,13.96,11.09,13.07,13.66,11.98,12.18,13.07,10.93,11.11,11.74,12.1,2.36,3.93,1.18,-3.24,-5.3,-4.81,-6.39,-2.46,-3.05,-3.54
2010-05-13,000059,10.12,10.37,10.42,10.08,50228,51618924.0,3.34,1.87,0.19,0.51,16.47,16.96,14.19,11.31,13.29,13.89,12.2,12.4,13.29,8.13,10.77,10.99,11.62,12.02,2.03,-0.68,-5.01,-7.04,-6.56,-8.1,-4.24,-4.82,-5.3,-3.09
2010-05-14,000059,10.35,10.38,10.58,10.25,49664,51771332.0,3.18,0.1,0.01,0.5,15.02,12.29,9.46,11.41,12.0,10.34,10.54,11.41,6.34,1.66,10.62,10.88,11.5,11.94,-0.77,-5.11,-7.13,-6.65,-8.19,-4.34,-4.91,-5.39,-3.18,-2.02
2010-05-17,000059,10.28,9.7,10.3,9.69,68083,67610584.0,5.88,-6.55,-0.68,0.69,18.78,15.79,17.85,18.47,16.72,16.92,17.85,12.49,7.53,9.18,10.33,10.75,11.36,11.85,1.55,-0.62,-0.1,-1.75,2.37,1.75,1.24,3.61,4.85,2.58
2010-05-18,000059,9.65,9.5,9.85,9.15,121457,115188624.0,7.22,-2.06,-0.2,1.23,22.62,24.81,25.46,23.61,23.83,24.81,19.13,13.88,15.63,12.57,10.03,10.6,11.23,11.75,1.47,2.0,0.32,4.53,3.89,3.37,5.79,7.05,4.74,0.74
2010-05-19,000059,9.5,9.43,9.64,9.28,70194,66400876.0,3.79,-0.74,-0.07,0.71,23.06,23.71,21.88,22.09,23.06,17.46,12.28,14.01,10.99,6.14,9.88,10.4,11.08,11.64,2.76,1.06,5.3,4.67,4.14,6.57,7.85,5.51,1.48,-1.38
2010-05-20,000059,9.31,9.38,9.69,9.3,58166,55337956.0,4.14,-0.53,-0.05,0.59,23.44,21.61,21.83,22.8,17.2,12.04,13.76,10.75,5.91,3.66,9.68,10.22,10.92,11.51,1.6,5.86,5.22,4.69,7.14,8.42,6.08,2.03,-0.85,1.39
2010-05-21,000059,9.09,9.51,9.53,8.98,70126,64773596.0,5.86,1.39,0.13,0.71,25.95,26.17,27.17,21.38,16.04,17.82,14.7,9.69,7.35,7.91,9.5,10.06,10.77,11.4,4.42,3.79,3.26,5.68,6.94,4.63,0.63,-2.21,0.0,-2.94
2010-05-24,000059,9.56,9.91,9.93,9.55,90469,88586360.0,4.0,4.21,0.4,0.92,18.64,19.58,14.14,9.11,10.79,7.85,3.14,0.94,1.47,-0.21,9.55,9.94,10.66,11.29,-0.4,-0.91,1.41,2.62,0.4,-3.43,-6.16,-4.04,-6.86,-8.68
2010-05-25,000059,9.87,9.67,9.87,9.56,68452,66448284.0,3.13,-2.42,-0.24,0.69,19.46,14.02,9.0,10.67,7.74,3.03,0.84,1.36,-0.31,3.87,9.58,9.8,10.53,11.17,1.55,3.93,5.17,2.9,-1.03,-3.83,-1.65,-4.55,-6.41,-6.93
2010-05-26,000059,9.56,9.72,9.82,9.56,58766,57267268.0,2.69,0.52,0.05,0.6,14.02,9.0,10.67,7.74,3.03,0.84,1.36,-0.31,3.87,3.24,9.64,9.76,10.44,11.08,3.4,4.63,2.37,-1.54,-4.32,-2.16,-5.04,-6.89,-7.41,-5.97
2010-05-27,000059,9.74,9.98,10.05,9.6,105309,104228456.0,4.63,2.67,0.26,1.07,8.54,10.21,7.29,2.6,0.42,0.94,-0.73,3.44,2.81,2.29,9.76,9.72,10.35,10.99,1.9,-0.3,-4.11,-6.81,-4.71,-7.52,-9.32,-9.82,-8.42,-8.32
2010-05-28,000059,10.02,9.87,10.17,9.85,83932,84088816.0,3.21,-1.1,-0.11,0.85,7.41,4.57,0.0,-2.13,-1.62,-3.25,0.81,0.2,-0.3,2.03,9.83,9.67,10.28,10.89,0.81,-3.04,-5.78,-3.65,-6.48,-8.31,-8.81,-7.4,-7.29,-4.05
2010-05-31,000059,9.85,9.6,9.95,9.6,57164,55771076.0,3.55,-2.74,-0.27,0.58,7.29,2.6,0.42,0.94,-0.73,3.44,2.81,2.29,4.69,5.94,9.77,9.66,10.2,10.79,-0.31,-3.12,-0.94,-3.85,-5.73,-6.25,-4.79,-4.69,-1.35,-0.31
2010-06-01,000059,9.57,9.19,9.57,9.07,72994,67504712.0,5.21,-4.27,-0.41,0.74,8.6,6.28,6.84,5.07,9.48,8.82,8.27,10.8,12.13,9.7,9.67,9.63,10.11,10.7,1.2,3.48,0.44,-1.52,-2.07,-0.54,-0.44,3.05,4.13,0.76
2010-06-02,000059,9.11,9.23,9.3,8.91,60058,54564896.0,4.24,0.44,0.04,0.61,8.19,8.75,6.96,11.45,10.77,10.21,12.79,14.14,11.67,7.41,9.57,9.61,10.01,10.59,3.03,0.0,-1.95,-2.49,-0.98,-0.87,2.6,3.68,0.33,2.82
2010-06-03,000059,9.28,9.16,9.51,9.1,70557,65656928.0,4.44,-0.76,-0.07,0.72,6.48,4.73,9.12,8.46,7.91,10.44,11.76,9.34,5.16,2.2,9.41,9.58,9.9,10.47,0.76,-1.2,-1.75,-0.22,-0.11,3.38,4.48,1.09,3.6,4.26
2010-06-04,000059,9.16,9.17,9.23,9.01,40274,36806756.0,2.4,0.11,0.01,0.41,5.77,10.21,9.54,8.99,11.54,12.87,10.43,6.22,3.22,5.55,9.27,9.55,9.81,10.36,-1.31,-1.85,-0.33,-0.22,3.27,4.36,0.98,3.49,4.14,1.31
2010-06-07,000059,9.0,8.89,9.05,8.74,71585,63645408.0,3.38,-3.05,-0.28,0.73,13.62,12.93,12.36,14.99,16.36,13.84,9.5,6.41,8.81,5.61,9.13,9.45,9.69,10.25,1.24,2.81,2.92,6.52,7.65,4.16,6.75,7.42,4.5,3.6
2010-06-08,000059,8.94,9.0,9.0,8.83,57382,51139084.0,1.91,1.24,0.11,0.58,11.78,11.21,13.82,15.18,12.68,8.38,5.32,7.7,4.53,2.49,9.09,9.38,9.59,10.15,1.56,1.67,5.22,6.33,2.89,5.44,6.11,3.22,2.33,1.22
2010-06-09,000059,9.05,9.14,9.14,8.69,125721,112069208.0,5.0,1.56,0.14,1.27,13.0,15.65,17.03,14.5,10.13,7.02,9.44,6.21,4.14,3.57,9.07,9.32,9.54,10.06,0.11,3.61,4.7,1.31,3.83,4.49,1.64,0.77,-0.33,-1.86
2010-06-10,000059,9.05,9.03,9.15,8.98,87095,78888280.0,1.86,-1.2,-0.11,0.88,11.92,13.25,10.8,6.57,3.56,5.9,2.78,0.78,0.22,1.78,9.05,9.23,9.47,9.98,4.87,5.98,2.55,5.09,5.76,2.88,1.99,0.89,-0.66,-1.55
2010-06-11,000059,9.15,9.38,9.47,9.05,173331,160818944.0,4.65,3.88,0.35,1.76,12.38,9.94,5.75,2.76,5.08,1.99,0.0,-0.55,0.99,1.1,9.09,9.18,9.42,9.91,2.03,-1.28,1.17,1.81,-0.96,-1.81,-2.88,-4.37,-5.22,-13.86
2010-06-17,000059,9.45,9.21,9.57,9.2,85502,80199432.0,3.94,-1.81,-0.17,0.87,8.15,4.02,1.09,3.37,0.33,-1.63,-2.17,-0.65,-0.54,2.93,9.15,9.14,9.4,9.85,0.54,3.04,3.69,0.87,0.0,-1.09,-2.61,-3.47,-12.27,-14.77
2010-06-18,000059,9.22,8.89,9.26,8.81,61632,55735504.0,4.89,-3.47,-0.32,0.62,8.63,5.56,7.95,4.77,2.72,2.16,3.75,3.86,7.49,8.63,9.13,9.11,9.37,9.78,6.75,7.42,4.5,3.6,2.47,0.9,0.0,-9.11,-11.7,-13.72
2010-06-21,000059,9.13,9.45,9.49,9.12,117147,108976224.0,4.16,6.3,0.56,1.19,1.97,4.28,1.21,-0.77,-1.32,0.22,0.33,3.84,4.93,1.54,9.19,9.13,9.37,9.71,1.06,-1.69,-2.54,-3.6,-5.08,-5.93,-14.5,-16.93,-18.84,-21.48
2010-06-22,000059,9.42,9.38,9.55,9.33,80553,75845696.0,2.33,-0.74,-0.07,0.82,1.93,-1.07,-3.0,-3.54,-2.04,-1.93,1.5,2.57,-0.75,1.71,9.26,9.15,9.37,9.65,-0.96,-1.81,-2.88,-4.37,-5.22,-13.86,-16.31,-18.23,-20.9,-18.66
2010-06-23,000059,9.25,9.15,9.29,9.07,82503,75807288.0,2.35,-2.45,-0.23,0.84,1.76,-0.22,-0.77,0.77,0.88,4.41,5.51,2.09,4.63,5.29,9.22,9.15,9.35,9.59,0.66,-0.44,-1.97,-2.84,-11.69,-14.21,-16.17,-18.91,-16.61,-14.97
2010-06-24,000059,9.15,9.12,9.21,9.06,38425,35042136.0,1.64,-0.33,-0.03,0.39,-0.11,-0.66,0.88,0.99,4.53,5.63,2.21,4.75,5.41,2.54,9.2,9.18,9.31,9.52,-0.11,-1.64,-2.52,-11.4,-13.93,-15.9,-18.64,-16.34,-14.69,-14.47
2010-06-25,000059,9.1,8.92,9.11,8.87,57063,51037880.0,2.63,-2.19,-0.2,0.58,1.47,3.04,3.16,6.76,7.89,4.4,6.99,7.67,4.74,3.83,9.2,9.17,9.27,9.45,0.56,-0.34,-9.42,-12.0,-14.01,-16.82,-14.46,-12.78,-12.56,-10.31
2010-06-28,000059,8.92,8.85,8.97,8.75,36558,32389910.0,2.47,-0.78,-0.07,0.37,4.46,4.57,8.23,9.37,5.83,8.46,9.14,6.17,5.26,4.11,9.08,9.14,9.23,9.41,0.45,-8.7,-11.3,-13.33,-16.16,-13.79,-12.09,-11.86,-9.6,-7.23
2010-06-29,000059,8.85,8.12,8.89,8.1,85960,72150160.0,8.93,-8.25,-0.73,0.87,12.96,16.91,18.15,14.32,17.16,17.9,14.69,13.7,12.47,10.74,8.83,9.05,9.14,9.33,-0.49,-3.33,-5.54,-8.62,-6.03,-4.19,-3.94,-1.48,1.11,-0.86
2010-06-30,000059,8.08,7.73,8.08,7.73,92585,72724224.0,4.31,-4.8,-0.39,0.94,22.51,23.8,19.79,22.77,23.54,20.18,19.15,17.85,16.04,15.01,8.55,8.88,9.03,9.24,1.55,-0.78,-4.01,-1.29,0.65,0.91,3.49,6.21,4.14,4.14
2010-07-01,000059,7.75,7.41,7.85,7.38,86632,65661816.0,6.08,-4.14,-0.32,0.88,29.67,25.47,28.59,29.4,25.88,24.8,23.44,21.54,20.46,9.49,8.21,8.7,8.92,9.17,3.51,0.13,2.97,4.99,5.26,7.96,10.8,8.64,8.64,7.69
2010-07-02,000059,7.46,7.53,7.67,7.19,80917,60478496.0,6.48,1.62,0.12,0.82,28.79,31.99,32.82,29.21,28.09,26.7,24.76,23.64,12.38,9.18,7.93,8.57,8.84,9.1,-1.46,1.33,3.32,3.59,6.24,9.03,6.91,6.91,5.98,3.32
2010-07-05,000059,7.38,7.35,7.42,7.18,58043,42399064.0,3.19,-2.39,-0.18,0.59,32.17,33.01,29.39,28.27,26.88,24.93,23.82,12.53,9.33,6.82,7.63,8.36,8.74,9.03,3.81,5.85,6.12,8.84,11.7,9.52,9.52,8.57,5.85,7.35
2010-07-06,000059,7.34,7.61,7.63,7.29,79174,59343756.0,4.63,3.54,0.26,0.8,31.0,27.43,26.34,24.97,23.05,21.95,10.84,7.68,5.21,1.78,7.53,8.18,8.67,8.97,2.23,2.5,5.12,7.88,5.78,5.78,4.86,2.23,3.68,11.17
2010-07-07,000059,7.67,7.71,7.78,7.58,84541,64970892.0,2.63,1.31,0.1,0.86,22.56,21.5,20.18,18.34,17.28,6.6,3.56,1.19,-2.11,0.66,7.52,8.04,8.59,8.91,1.17,3.76,6.49,4.41,4.41,3.5,0.91,2.33,9.73,8.43
2010-07-08,000059,7.73,7.68,7.8,7.63,50811,39136124.0,2.2,-0.39,-0.03,0.52,20.71,19.4,17.56,16.51,5.9,2.88,0.52,-2.75,0.0,1.97,7.58,7.89,8.53,8.84,4.17,6.9,4.82,4.82,3.91,1.3,2.73,10.16,8.85,9.9
2010-07-09,000059,7.72,7.88,8.0,7.64,85691,67311000.0,4.69,2.6,0.2,0.87,19.24,17.41,16.36,5.76,2.75,0.39,-2.88,-0.13,1.83,2.09,7.65,7.79,8.48,8.78,4.19,2.16,2.16,1.27,-1.27,0.13,7.36,6.09,7.11,9.64
2010-07-12,000059,7.98,8.11,8.21,7.89,97899,78999176.0,4.06,2.92,0.23,0.99,13.69,12.67,2.41,-0.51,-2.79,-5.96,-3.3,-1.39,-1.14,1.39,7.8,7.71,8.43,8.72,-0.74,-0.74,-1.6,-4.07,-2.71,4.32,3.08,4.07,6.54,5.55
2010-07-13,000059,8.05,7.9,8.05,7.77,71488,56271284.0,3.45,-2.59,-0.21,0.72,14.41,3.99,1.03,-1.29,-4.5,-1.8,0.13,0.39,2.96,5.66,7.86,7.69,8.37,8.66,1.9,1.01,-1.52,-0.13,7.09,5.82,6.84,9.37,8.35,7.22
2010-07-14,000059,7.93,7.92,8.05,7.89,76326,60767016.0,2.03,0.25,0.02,0.77,2.41,-0.51,-2.79,-5.96,-3.3,-1.39,-1.14,1.39,4.06,2.03,7.9,7.71,8.3,8.59,0.76,-1.77,-0.38,6.82,5.56,6.57,9.09,8.08,6.94,10.1
2010-07-15,000059,7.93,7.69,7.98,7.66,45135,35349596.0,4.04,-2.9,-0.23,0.46,2.48,0.13,-3.13,-0.39,1.57,1.83,4.44,7.18,5.09,5.09,7.9,7.74,8.22,8.53,1.17,2.6,10.01,8.71,9.75,12.35,11.31,10.14,13.39,18.21
2010-07-16,000059,7.63,7.58,7.78,7.39,63058,47490972.0,5.07,-1.43,-0.11,0.64,3.79,0.41,3.25,5.28,5.55,8.25,11.1,8.93,8.93,7.98,7.84,7.74,8.15,8.47,4.09,11.61,10.29,11.35,13.98,12.93,11.74,15.04,19.92,30.61
2010-07-19,000059,7.5,7.85,7.89,7.45,65137,50036416.0,5.8,3.56,0.27,0.66,-0.4,2.42,4.43,4.7,7.38,10.2,8.05,8.05,7.11,4.43,7.79,7.79,8.07,8.43,7.77,6.5,7.52,10.06,9.04,7.9,11.08,15.8,26.11,27.9
2010-07-20,000059,7.83,8.4,8.46,7.82,192577,158214272.0,8.15,7.01,0.55,1.95,-2.43,-0.51,-0.26,2.3,4.99,2.94,2.94,2.05,-0.51,0.9,7.89,7.87,8.03,8.4,-0.48,0.48,2.86,1.9,0.83,3.81,8.21,17.86,19.52,17.98
2010-07-21,000059,8.35,8.24,8.36,8.2,151734,125464120.0,1.9,-1.9,-0.16,1.54,-5.12,-4.88,-2.44,0.12,-1.83,-1.83,-2.68,-5.12,-3.78,3.17,7.95,7.92,7.98,8.37,2.43,4.85,3.88,2.79,5.83,10.32,20.15,21.84,20.27,20.87
2010-07-22,000059,8.21,8.37,8.44,8.2,102176,85268112.0,2.91,1.58,0.13,1.04,-4.88,-2.44,0.12,-1.83,-1.83,-2.68,-5.12,-3.78,3.17,1.95,8.09,7.99,7.94,8.35,3.23,2.27,1.19,4.18,8.6,18.28,19.95,18.4,19.0,18.76
2010-07-23,000059,8.4,8.48,8.64,8.37,134008,113933480.0,3.23,1.31,0.11,1.36,-4.42,-1.91,-3.82,-3.82,-4.66,-7.05,-5.73,1.08,-0.12,0.84,8.27,8.05,7.92,8.34,0.94,-0.12,2.83,7.19,16.75,18.4,16.86,17.45,17.22,15.45
2010-07-26,000059,8.52,8.48,8.56,8.33,101573,85501664.0,2.71,0.0,0.0,1.03,-1.44,-3.36,-3.36,-4.2,-6.6,-5.28,1.56,0.36,1.32,3.72,8.39,8.09,7.9,8.31,-0.12,2.83,7.19,16.75,18.4,16.86,17.45,17.22,15.45,19.1
2010-07-27,000059,8.4,8.39,8.47,8.33,72877,61087276.0,1.65,-1.06,-0.09,0.74,-3.36,-3.36,-4.2,-6.6,-5.28,1.56,0.36,1.32,3.72,2.76,8.39,8.14,7.92,8.29,3.93,8.34,18.0,19.67,18.12,18.71,18.47,16.69,20.38,21.22
2010-07-28,000059,8.4,8.68,8.72,8.33,189694,161802496.0,4.65,3.46,0.29,1.92,-3.36,-4.2,-6.6,-5.28,1.56,0.36,1.32,3.72,2.76,1.68,8.48,8.22,7.96,8.27,4.72,14.06,15.67,14.17,14.75,14.52,12.79,16.36,17.17,11.98
2010-07-29,000059,8.68,9.03,9.09,8.62,270605,241201536.0,5.41,4.03,0.35,2.74,-7.42,-9.74,-8.47,-1.86,-3.02,-2.09,0.23,-0.7,-1.74,1.16,8.61,8.35,8.04,8.26,9.63,11.18,9.75,10.3,10.08,8.42,11.85,12.62,7.64,7.09
2010-07-30,000059,9.0,9.69,9.9,8.92,402773,378063616.0,10.85,7.31,0.66,4.08,-12.78,-11.55,-5.16,-6.28,-5.38,-3.14,-4.04,-5.04,-2.24,1.91,8.85,8.56,8.15,8.29,3.61,2.27,2.79,2.58,1.03,4.23,4.95,0.31,-0.21,-1.24
2010-08-02,000059,9.6,9.93,10.04,9.31,357399,346637664.0,7.53,2.48,0.24,3.62,-15.25,-9.13,-10.2,-9.34,-7.2,-8.06,-9.02,-6.34,-2.36,6.34,9.14,8.77,8.28,8.31,-0.2,0.3,0.1,-1.41,1.71,2.42,-2.11,-2.62,-3.63,5.84
2010-08-03,000059,9.88,9.67,9.91,9.63,199537,195124992.0,2.82,-2.62,-0.26,2.02,-12.15,-13.19,-12.36,-10.28,-11.11,-12.05,-9.45,-5.61,2.8,4.26,9.4,8.9,8.38,8.32,3.0,2.79,1.24,4.45,5.17,0.52,0.0,-1.03,8.69,9.62
2010-08-04,000059,9.68,9.9,9.96,9.46,186096,181367680.0,5.17,2.38,0.23,1.89,-11.63,-10.78,-8.67,-9.51,-10.47,-7.82,-3.91,4.65,6.13,4.76,9.64,9.06,8.49,8.34,0.4,-1.11,2.02,2.73,-1.82,-2.32,-3.33,6.16,7.07,9.9
2010-08-05,000059,9.86,9.74,9.94,9.65,175539,171438096.0,2.93,-1.62,-0.16,1.78,-12.54,-10.47,-11.3,-12.23,-9.64,-5.8,2.59,4.04,2.69,3.21,9.79,9.2,8.6,8.36,0.51,3.7,4.41,-0.21,-0.72,-1.75,7.91,8.83,11.7,10.68
2010-08-06,000059,9.77,9.74,9.79,9.31,158769,152352816.0,4.93,0.0,0.0,1.61,-7.2,-8.06,-9.02,-6.34,-2.36,6.34,7.84,6.44,6.98,6.77,9.8,9.33,8.69,8.39,3.7,4.41,-0.21,-0.72,-1.75,7.91,8.83,11.7,10.68,9.75
2010-08-09,000059,9.68,10.06,10.1,9.48,305376,299627872.0,6.37,3.29,0.32,3.1,-9.7,-10.65,-8.02,-4.11,4.43,5.91,4.54,5.06,4.85,3.27,9.82,9.48,8.79,8.43,1.09,-3.38,-3.88,-4.87,4.47,5.37,8.15,7.16,6.26,5.86
2010-08-10,000059,10.05,9.7,10.17,9.68,254566,252076256.0,4.87,-3.58,-0.36,2.58,-12.5,-9.92,-6.1,2.27,3.72,2.38,2.89,2.69,1.14,4.34,9.83,9.61,8.88,8.48,0.21,-0.31,-1.34,8.35,9.28,12.16,11.13,10.21,9.79,8.76
2010-08-11,000059,9.69,9.55,9.72,9.43,147265,140477552.0,2.99,-1.55,-0.15,1.49,-7.53,-3.61,4.98,6.47,5.09,5.62,5.41,3.82,7.1,7.85,9.76,9.7,8.96,8.54,1.26,0.21,10.05,10.99,13.93,12.88,11.94,11.52,10.47,7.64
2010-08-12,000059,9.45,9.41,9.67,9.34,89023,84292792.0,3.46,-1.47,-0.14,0.9,-2.68,6.0,7.49,6.1,6.64,6.42,4.82,8.14,8.89,4.07,9.69,9.74,9.04,8.61,1.7,11.69,12.65,15.62,14.56,13.6,13.18,12.11,9.25,8.29
2010-08-13,000059,9.42,9.55,9.57,9.24,116205,109753080.0,3.51,1.49,0.14,1.18,7.14,8.66,7.25,7.79,7.58,5.95,9.31,10.06,5.19,4.65,9.65,9.73,9.14,8.68,10.05,10.99,13.93,12.88,11.94,11.52,10.47,7.64,6.7,10.79
2010-08-16,000059,9.55,10.41,10.51,9.46,463412,474658048.0,10.99,9.01,0.86,4.7,6.13,4.76,5.29,5.07,3.49,6.77,7.51,2.75,2.22,1.16,9.72,9.77,9.27,8.78,1.83,4.51,3.55,2.69,2.31,1.34,-1.25,-2.11,1.63,4.03
2010-08-17,000059,10.38,10.52,10.6,10.3,254552,266273376.0,2.88,1.06,0.11,2.58,-3.79,-3.3,-3.5,-4.95,-1.94,-1.26,-5.63,-6.12,-7.09,2.04,9.89,9.86,9.38,8.88,3.42,2.47,1.62,1.24,0.29,-2.28,-3.14,0.57,2.95,-0.38
2010-08-18,000059,10.7,10.42,10.88,10.29,221525,233024032.0,5.61,-0.95,-0.1,2.25,-3.21,-3.4,-4.86,-1.85,-1.17,-5.54,-6.03,-7.0,2.14,3.01,10.06,9.91,9.49,8.97,3.45,2.59,2.21,1.25,-1.34,-2.21,1.54,3.93,0.58,1.25
2010-08-19,000059,10.37,10.7,10.78,10.37,223682,238161968.0,3.93,2.69,0.28,2.27,-4.15,-5.59,-2.6,-1.93,-6.27,-6.75,-7.71,1.35,2.22,4.92,10.32,10.01,9.6,9.07,-0.09,-0.47,-1.4,-3.93,-4.77,-1.12,1.21,-2.06,-1.4,-0.19
2010-08-20,000059,10.66,10.4,10.69,10.35,149669,157525360.0,3.18,-2.8,-0.3,1.52,-5.41,-2.42,-1.74,-6.09,-6.57,-7.54,1.55,2.42,5.12,4.15,10.49,10.07,9.7,9.15,2.4,1.44,-1.15,-2.02,1.73,4.13,0.77,1.44,2.69,2.12
2010-08-23,000059,10.3,10.4,10.65,10.29,132555,138326832.0,3.46,0.0,0.0,1.34,-1.85,-1.17,-5.54,-6.03,-7.0,2.14,3.01,5.73,4.76,3.89,10.49,10.11,9.79,9.23,1.44,-1.15,-2.02,1.73,4.13,0.77,1.44,2.69,2.12,0.58
2010-08-25,000059,10.44,10.17,10.55,10.17,155599,160113024.0,3.65,-2.21,-0.23,1.58,0.0,-4.42,-4.92,-5.9,3.34,4.23,6.98,6.0,5.11,4.72,10.42,10.15,9.88,9.3,1.08,0.2,4.03,6.49,3.05,3.74,5.01,4.42,2.85,10.42
2010-08-26,000059,10.22,10.01,10.28,9.98,97067,97738608.0,2.95,-1.57,-0.16,0.98,-2.61,-3.11,-4.11,5.31,6.21,9.02,8.02,7.11,6.71,5.71,10.34,10.2,9.95,9.37,1.8,5.69,8.19,4.7,5.39,6.69,6.09,4.5,12.19,16.68
2010-08-27,000059,10.03,10.16,10.19,9.8,100767,100428392.0,3.9,1.5,0.15,1.02,-1.33,-2.35,7.24,8.16,11.02,10.0,9.08,8.67,7.65,4.9,10.23,10.27,10.01,9.45,4.13,6.59,3.15,3.84,5.12,4.53,2.95,10.53,14.96,12.99
2010-08-30,000059,10.16,10.46,10.58,10.12,148311,153817456.0,4.53,2.95,0.3,1.5,-5.43,3.85,4.74,7.51,6.52,5.63,5.24,4.25,1.58,0.69,10.24,10.37,10.05,9.55,3.54,0.19,0.86,2.1,1.53,0.0,7.36,11.66,9.75,10.23
2010-08-31,000059,10.59,10.37,10.83,10.3,220707,232359600.0,5.07,-0.86,-0.09,2.24,2.04,2.91,5.63,4.66,3.79,3.4,2.43,-0.19,-1.07,2.72,10.23,10.36,10.07,9.63,1.06,1.74,2.99,2.41,0.87,8.29,12.63,10.7,11.19,10.51
2010-09-01,000059,10.41,10.05,10.48,9.96,181467,185471872.0,5.01,-3.09,-0.32,1.84,6.43,9.24,8.23,7.33,6.93,5.92,3.21,2.31,6.22,8.73,10.21,10.31,10.09,9.69,4.98,6.27,5.67,4.08,11.74,16.22,14.23,14.73,14.03,12.14
2010-09-02,000059,10.16,10.51,10.55,10.05,206075,213647808.0,4.98,4.58,0.46,2.09,8.26,7.26,6.37,5.97,4.98,2.29,1.39,5.27,7.76,4.28,10.31,10.32,10.12,9.77,1.62,1.05,-0.48,6.85,11.13,9.23,9.71,9.04,7.23,4.28
2010-09-03,000059,10.52,10.44,10.68,10.25,159958,167540224.0,4.09,-0.67,-0.07,1.62,5.17,4.29,3.9,2.93,0.29,-0.59,3.22,5.66,2.24,2.93,10.37,10.3,10.15,9.83,1.72,0.19,7.57,11.88,9.96,10.44,9.77,7.95,4.98,0.57
2010-09-06,000059,10.52,10.27,10.62,10.16,193298,199358208.0,4.41,-1.63,-0.17,1.96,5.22,4.82,3.84,1.18,0.3,4.13,6.59,3.15,3.84,5.12,10.33,10.28,10.18,9.89,1.85,9.35,13.73,11.78,12.27,11.59,9.74,6.72,2.24,-0.78
2010-09-07,000059,10.21,10.4,10.46,10.21,115347,119298440.0,2.43,1.27,0.13,1.17,4.31,3.33,0.69,-0.2,3.62,6.07,2.64,3.33,4.6,4.02,10.33,10.28,10.2,9.96,7.98,12.31,10.38,10.87,10.19,8.37,5.38,0.96,-2.02,-4.04
2010-09-08,000059,10.33,10.82,11.23,10.3,318407,345448768.0,8.94,4.04,0.42,3.23,2.43,-0.19,-1.07,2.72,5.15,1.75,2.43,3.69,3.11,1.55,10.49,10.35,10.25,10.04,7.95,6.1,6.56,5.91,4.16,1.29,-2.96,-5.82,-7.76,-4.25
2010-09-09,000059,10.9,11.24,11.68,10.75,352495,397916608.0,8.6,3.88,0.42,3.57,-4.37,-5.21,-1.58,0.74,-2.51,-1.86,-0.65,-1.21,-2.7,4.47,10.63,10.47,10.34,10.12,2.14,2.58,1.96,0.27,-2.49,-6.58,-9.34,-11.21,-7.83,-7.12
2010-09-10,000059,11.3,11.42,11.48,11.0,218312,246419088.0,4.27,1.6,0.18,2.21,-7.36,-3.82,-1.55,-4.73,-4.09,-2.91,-3.45,-4.91,2.09,6.18,10.83,10.6,10.44,10.2,0.96,0.35,-1.31,-4.03,-8.06,-10.77,-12.61,-9.28,-8.58,-6.22
2010-09-13,000059,11.44,11.41,11.53,11.22,143550,163030560.0,2.71,-0.09,-0.01,1.46,-5.7,-3.48,-6.6,-5.97,-4.81,-5.35,-6.77,0.09,4.1,2.32,11.06,10.69,10.53,10.26,0.44,-1.23,-3.94,-7.98,-10.69,-12.53,-9.2,-8.5,-6.13,-0.96
2010-09-14,000059,11.44,11.28,11.46,11.22,126190,142424192.0,2.1,-1.14,-0.13,1.28,-3.48,-6.6,-5.97,-4.81,-5.35,-6.77,0.09,4.1,2.32,2.76,11.23,10.78,10.57,10.31,-0.09,-2.84,-6.91,-9.66,-11.52,-8.16,-7.45,-5.05,0.18,3.37
2010-09-15,000059,11.27,10.96,11.27,10.94,130310,144444560.0,2.93,-2.84,-0.32,1.32,-4.2,-3.56,-2.38,-2.93,-4.39,2.65,6.76,4.94,5.39,4.75,11.26,10.88,10.59,10.35,0.0,-4.2,-7.03,-8.94,-5.47,-4.74,-2.28,3.1,6.39,6.84
2010-09-16,000059,10.92,10.33,10.96,10.2,169358,177791936.0,6.93,-5.75,-0.63,1.72,3.43,4.71,4.12,2.55,10.1,14.51,12.55,13.04,12.35,10.49,11.08,10.86,10.59,10.36,1.65,-1.36,-3.39,0.29,1.06,3.68,9.39,12.88,13.36,11.04
2010-09-17,000059,10.38,10.12,10.5,10.08,156305,159723952.0,4.07,-2.03,-0.21,1.58,5.95,5.36,3.77,11.41,15.87,13.89,14.38,13.69,11.81,8.73,10.82,10.83,10.56,10.38,0.69,-1.38,2.37,3.16,5.83,11.66,15.22,15.71,13.34,14.62
2010-09-20,000059,10.05,9.8,10.19,9.8,145123,144432352.0,3.85,-3.16,-0.32,1.47,8.37,6.73,14.59,19.18,17.14,17.65,16.94,15.0,11.84,7.14,10.5,10.78,10.53,10.38,1.84,5.71,6.53,9.29,15.31,18.98,19.49,17.04,18.37,16.12
2010-09-21,000059,9.76,9.93,9.98,9.76,79344,78617648.0,2.24,1.33,0.13,0.8,7.17,15.06,19.67,17.62,18.14,17.42,15.47,12.3,7.58,4.41,10.23,10.73,10.51,10.37,4.33,5.14,7.85,13.8,17.42,17.93,15.51,16.82,14.6,3.12
2010-09-27,000059,9.93,10.35,10.36,9.93,100737,102634648.0,4.33,4.23,0.42,1.02,13.09,17.62,15.61,16.11,15.41,13.49,10.37,5.74,2.62,0.5,10.11,10.68,10.52,10.4,0.87,3.48,9.18,12.66,13.14,10.82,12.08,9.95,-1.06,-2.32
2010-09-28,000059,10.34,10.2,10.44,10.15,78653,80808864.0,2.8,-1.45,-0.15,0.8,15.07,13.1,13.6,12.91,11.03,7.98,3.45,0.39,-1.67,2.07,10.08,10.58,10.53,10.42,5.0,10.78,14.31,14.8,12.45,13.73,11.57,0.39,-0.88,-4.02
2010-09-29,000059,10.1,10.39,10.71,10.1,184644,194829920.0,5.98,1.86,0.19,1.87,13.66,14.16,13.47,11.58,8.51,3.96,0.89,-1.19,2.57,3.37,10.13,10.48,10.54,10.45,8.76,12.22,12.7,10.39,11.65,9.53,-1.44,-2.69,-5.77,-1.06
2010-09-30,000059,10.68,10.8,11.3,10.58,234078,254775568.0,6.93,3.95,0.41,2.37,8.98,8.32,6.52,3.59,-0.76,-3.69,-5.67,-2.08,-1.32,1.23,10.33,10.42,10.55,10.49,7.96,8.43,6.2,7.41,5.37,-5.19,-6.39,-9.35,-4.81,-4.07
2010-10-08,000059,10.93,11.4,11.66,10.86,291137,331318464.0,7.41,5.56,0.6,2.95,5.52,3.78,0.92,-3.31,-6.17,-8.1,-4.6,-3.87,-1.38,4.05,10.63,10.43,10.61,10.52,2.72,0.61,1.75,-0.18,-10.18,-11.32,-14.12,-9.82,-9.12,-9.74
2010-10-11,000059,11.47,11.29,11.71,11.08,333170,380124608.0,5.53,-0.96,-0.11,3.38,1.71,-1.08,-5.23,-8.03,-9.93,-6.5,-5.78,-3.34,1.99,5.23,10.82,10.46,10.67,10.55,1.59,2.75,0.8,-9.3,-10.45,-13.29,-8.95,-8.24,-8.86,-5.76
2010-10-12,000059,11.28,11.41,11.47,11.05,271047,304957696.0,3.72,1.06,0.12,2.75,-0.81,-4.98,-7.78,-9.68,-6.24,-5.52,-3.08,2.26,5.52,5.97,11.06,10.57,10.71,10.58,1.67,-0.26,-10.25,-11.39,-14.2,-9.9,-9.2,-9.82,-6.75,-2.28
2010-10-13,000059,11.37,11.29,11.6,11.12,280383,318610560.0,4.21,-1.05,-0.12,2.84,-5.58,-8.36,-10.25,-6.83,-6.12,-3.69,1.62,4.86,5.31,3.15,11.24,10.69,10.76,10.6,0.8,-9.3,-10.45,-13.29,-8.95,-8.24,-8.86,-5.76,-1.24,0.53
2010-10-14,000059,11.29,10.68,11.38,10.68,236201,259369408.0,6.2,-5.4,-0.61,2.4,-4.59,-6.55,-3.0,-2.25,0.28,5.81,9.18,9.64,7.4,8.61,11.21,10.77,10.78,10.61,-4.12,-5.34,-8.33,-3.75,-3.0,-3.65,-0.37,4.4,6.27,4.12
2010-10-15,000059,10.08,10.11,10.24,9.87,424273,424787936.0,3.46,-5.34,-0.57,4.3,1.11,4.96,5.78,8.51,14.49,18.14,18.64,16.21,17.53,15.3,10.96,10.79,10.76,10.6,0.0,-3.17,1.68,2.47,1.78,5.24,10.29,12.27,9.99,8.8
2010-10-18,000059,10.11,9.42,10.11,9.3,349281,331732608.0,8.01,-6.82,-0.69,3.54,11.4,12.26,15.16,21.51,25.38,25.91,23.33,24.73,22.37,10.11,10.58,10.7,10.69,10.58,3.93,9.13,9.98,9.24,12.95,18.37,20.49,18.05,16.77,17.09
2010-10-19,000059,9.45,9.74,9.79,9.42,216428,208322592.0,3.93,3.4,0.32,2.19,10.83,13.69,19.96,23.78,24.31,21.76,23.14,20.81,8.7,7.32,10.25,10.65,10.62,10.57,5.54,6.37,5.65,9.24,14.48,16.53,14.17,12.94,13.24,22.69
2010-10-20,000059,9.59,10.0,10.28,9.52,226370,225114368.0,7.8,2.67,0.26,2.3,12.5,18.7,22.48,23.0,20.48,21.85,19.54,7.56,6.2,2.84,9.99,10.61,10.55,10.56,3.6,2.9,6.4,11.5,13.5,11.2,10.0,10.3,19.5,22.4
2010-10-21,000059,9.96,10.15,10.36,9.95,148035,150503408.0,4.1,1.5,0.15,1.5,13.57,17.19,17.69,15.28,16.58,14.37,2.91,1.61,-1.61,3.32,9.88,10.55,10.48,10.55,1.38,4.83,9.85,11.82,9.56,8.37,8.67,17.73,20.59,25.81
2010-10-22,000059,10.2,10.13,10.29,10.08,170623,173451440.0,2.07,-0.2,-0.02,1.73,15.67,16.17,13.79,15.08,12.9,1.59,0.3,-2.88,1.98,2.78,9.89,10.42,10.43,10.54,5.03,10.07,12.04,9.77,8.59,8.88,17.97,20.83,26.06,28.92
2010-10-25,000059,10.14,10.62,10.64,10.13,271813,284415776.0,5.03,4.84,0.49,2.76,15.6,13.23,14.51,12.34,1.09,-0.2,-3.36,1.48,2.27,1.58,10.13,10.36,10.41,10.56,4.99,6.87,4.71,3.58,3.86,12.52,15.25,20.24,22.98,25.24
2010-10-26,000059,10.94,11.01,11.15,10.6,414075,450546272.0,5.18,3.67,0.39,4.2,8.21,9.43,7.36,-3.4,-4.62,-7.64,-3.02,-2.26,-2.92,0.38,10.38,10.32,10.44,10.58,3.09,1.0,-0.09,0.18,8.54,11.17,15.99,18.62,20.8,19.44
2010-10-27,000059,11.0,11.12,11.35,10.8,376195,420273888.0,5.0,1.0,0.11,3.81,7.41,5.37,-5.19,-6.39,-9.35,-4.81,-4.07,-4.72,-1.48,3.24,10.61,10.3,10.49,10.6,0.0,-1.08,-0.81,7.46,10.07,14.84,17.45,19.6,18.26,11.87
2010-10-28,000059,11.12,10.68,11.12,10.56,229881,248435120.0,5.04,-3.96,-0.44,2.33,7.77,-3.03,-4.26,-7.29,-2.65,-1.89,-2.56,0.76,5.59,7.48,10.71,10.3,10.54,10.62,3.0,3.28,11.89,14.61,19.57,22.28,24.53,23.13,16.48,23.22
2010-10-29,000059,10.66,10.78,11.0,10.65,134804,145611568.0,3.28,0.94,0.1,1.37,-3.85,-5.07,-8.08,-3.47,-2.72,-3.38,-0.09,4.69,6.57,4.41,10.84,10.37,10.58,10.63,2.32,10.85,13.54,18.46,21.15,23.38,21.99,15.4,22.08,19.67
2010-11-01,000059,10.72,10.86,11.03,10.68,229783,249986592.0,3.25,0.74,0.08,2.33,-5.34,-8.33,-3.75,-3.0,-3.65,-0.37,4.4,6.27,4.12,3.0,10.89,10.51,10.6,10.63,10.04,12.71,17.59,20.26,22.47,21.09,14.55,21.18,18.78,18.23
2010-11-02,000059,10.87,11.95,11.95,10.72,553857,634889856.0,11.33,10.04,1.09,5.62,-8.68,-4.1,-3.36,-4.01,-0.75,4.01,5.88,3.73,2.61,2.89,11.08,10.73,10.69,10.65,2.43,6.86,9.29,11.3,10.04,4.1,10.13,7.95,7.45,10.13
2010-11-03,000059,11.8,11.66,12.24,11.56,465428,552611840.0,5.69,-2.43,-0.29,4.72,-11.07,-10.38,-10.99,-7.96,-3.55,-1.82,-3.81,-4.84,-4.58,3.37,11.19,10.9,10.76,10.66,9.52,12.01,14.07,12.78,6.69,12.86,10.63,10.12,12.86,11.06
2010-11-04,000059,11.62,12.55,12.77,11.62,555916,677491072.0,9.86,7.63,0.89,5.64,-10.84,-11.45,-8.43,-4.04,-2.32,-4.3,-5.34,-5.08,2.84,5.34,11.56,11.14,10.84,10.7,4.06,5.98,4.78,-0.88,4.86,2.79,2.31,4.86,3.19,-3.27
2010-11-05,000059,12.5,12.7,13.06,12.38,395608,504761440.0,5.42,1.2,0.15,4.01,-16.88,-14.05,-9.94,-8.32,-10.18,-11.15,-10.9,-3.47,-1.13,3.15,11.94,11.39,10.91,10.75,4.72,3.54,-2.05,3.62,1.57,1.1,3.62,1.97,-4.41,-7.48
2010-11-08,000059,12.89,12.9,13.3,12.45,322221,416099680.0,6.69,1.57,0.2,3.27,-14.54,-10.44,-8.84,-10.68,-11.65,-11.41,-4.02,-1.69,2.57,4.9,12.35,11.62,10.99,10.81,1.94,-3.57,2.02,0.0,-0.47,2.02,0.39,-5.89,-8.91,-6.2
2010-11-09,000059,12.99,12.44,13.15,12.35,321828,406107648.0,6.2,-3.57,-0.46,3.26,-9.72,-8.1,-9.96,-10.93,-10.69,-3.24,-0.89,3.4,5.75,7.69,12.45,11.76,11.04,10.88,0.0,5.79,3.7,3.22,5.79,4.1,-2.41,-5.55,-2.73,2.89
2010-11-10,000059,12.25,12.11,12.44,12.0,314919,382114240.0,3.54,-2.65,-0.33,3.19,-5.42,-7.33,-8.33,-8.08,-0.42,2.0,6.42,8.83,10.83,9.58,12.54,11.86,11.08,10.95,8.67,6.52,6.03,8.67,6.94,0.25,-2.97,-0.08,5.7,6.77
2010-11-11,000059,12.13,12.7,13.16,12.09,326922,411954624.0,8.84,4.87,0.59,3.31,-8.02,-9.02,-8.77,-1.16,1.24,5.62,8.02,10.01,8.77,2.89,12.57,12.07,11.18,11.05,1.57,1.1,3.62,1.97,-4.41,-7.48,-4.72,0.79,1.81,0.55
2010-11-12,000059,12.55,12.0,12.9,11.9,323016,398041248.0,7.87,-5.51,-0.7,3.28,-7.56,-7.31,0.42,2.86,7.31,9.75,11.76,10.5,4.54,10.59,12.43,12.19,11.28,11.11,7.0,9.67,7.92,1.17,-2.08,0.83,6.67,7.75,6.42,6.92
2010-11-15,000059,12.06,12.8,12.84,12.06,315935,392344928.0,6.5,6.67,0.8,3.2,-8.54,-0.91,1.49,5.89,8.29,10.28,9.04,3.15,9.12,6.97,12.41,12.38,11.45,11.2,2.81,1.17,-5.16,-8.2,-5.47,0.0,1.02,-0.23,0.23,-5.31
2010-11-16,000059,12.7,12.42,13.16,12.0,356073,451667040.0,9.06,-2.97,-0.38,3.61,-0.42,2.0,6.42,8.83,10.83,9.58,3.67,9.67,7.5,7.0,12.41,12.43,11.58,11.27,4.27,-2.25,-5.39,-2.58,3.06,4.11,2.82,3.3,-2.42,-1.69
2010-11-17,000059,12.21,12.1,12.95,12.1,405425,508104960.0,6.84,-2.58,-0.32,4.11,1.16,5.54,7.93,9.92,8.68,2.81,8.76,6.61,6.12,8.76,12.4,12.47,11.68,11.33,0.33,-2.89,0.0,5.79,6.86,5.54,6.03,0.17,0.91,-2.73
2010-11-18,000059,11.9,11.5,12.14,10.9,384926,436614944.0,10.25,-4.96,-0.6,3.9,17.16,19.82,22.02,20.64,14.13,20.73,18.35,17.8,20.73,18.81,12.16,12.37,11.75,11.35,2.17,5.22,11.3,12.43,11.04,11.57,5.39,6.17,2.35,10.87
2010-11-19,000059,11.45,11.72,11.75,10.92,256005,289456160.0,7.22,1.91,0.22,2.6,19.6,21.79,20.42,13.92,20.51,18.13,17.58,20.51,18.59,11.17,12.11,12.27,11.83,11.36,3.24,9.22,10.32,8.96,9.47,3.41,4.18,0.43,8.79,15.02
2010-11-22,000059,11.6,11.9,12.1,11.49,204894,241417616.0,5.2,1.54,0.18,2.08,15.75,14.45,8.27,14.53,12.27,11.75,14.53,12.71,5.66,2.26,11.93,12.17,11.9,11.38,7.56,8.66,7.31,7.82,1.85,2.61,-1.09,7.14,13.28,5.63
2010-11-23,000059,11.94,12.63,12.8,11.53,307700,373194208.0,10.67,6.13,0.73,3.12,14.05,7.89,14.14,11.88,11.36,14.14,12.32,5.29,1.91,4.94,11.97,12.19,11.98,11.42,2.38,1.11,1.58,-4.04,-3.33,-6.81,0.95,6.73,-0.48,9.34
2010-11-24,000059,12.35,12.6,12.93,12.35,291507,369680352.0,4.59,-0.24,-0.03,2.96,0.73,6.56,4.45,3.97,6.56,4.86,-1.7,-4.86,-2.02,3.64,12.07,12.24,12.05,11.47,1.35,1.83,-3.81,-3.1,-6.59,1.19,6.98,-0.24,9.6,17.38
2010-11-25,000059,12.58,12.57,12.77,12.26,228360,284889824.0,4.05,-0.24,-0.03,2.32,7.34,5.22,4.73,7.34,5.63,-0.98,-4.16,-1.31,4.4,5.46,12.28,12.22,12.14,11.53,2.07,-3.58,-2.86,-6.36,1.43,7.24,0.0,9.86,17.66,15.19
2010-11-26,000059,12.64,12.17,12.83,12.0,222069,273690880.0,6.6,-3.18,-0.4,2.25,7.5,7.0,9.67,7.92,1.17,-2.08,0.83,6.67,7.75,6.42,12.37,12.24,12.21,11.6,-0.41,0.33,-3.29,4.77,10.76,3.29,13.48,21.53,18.98,18.73
2010-11-29,000059,12.0,11.92,12.12,11.7,135318,161067024.0,3.45,-2.05,-0.25,1.37,9.74,12.48,10.68,3.76,0.43,3.42,9.4,10.51,9.15,9.66,12.38,12.15,12.27,11.68,2.43,-1.26,6.96,13.09,5.45,15.86,24.08,21.48,21.22,19.71
2010-11-30,000059,12.12,11.56,12.21,11.08,195447,225989792.0,9.48,-3.02,-0.36,1.98,18.77,16.88,9.57,6.05,9.21,15.52,16.7,15.25,15.79,9.39,12.16,12.07,12.25,11.74,1.82,10.29,16.61,8.74,19.46,27.94,25.26,25.0,23.44,23.53
2010-12-01,000059,11.55,11.59,11.77,11.45,96386,112419768.0,2.77,0.26,0.03,0.98,13.1,6.03,2.62,5.68,11.79,12.93,11.53,12.05,5.85,6.64,11.96,12.02,12.24,11.79,10.01,16.31,8.46,19.15,27.61,24.94,24.68,23.12,23.21,13.03
2011-05-16,000059,12.45,12.75,12.75,12.23,973045,1234911744.0,4.49,10.01,1.16,8.11,-0.74,-3.92,-1.06,4.66,5.72,4.42,4.91,-0.9,-0.16,-3.76,12.0,12.14,12.25,11.88,5.73,-1.41,8.31,16.0,13.57,13.33,11.92,12.0,2.75,-3.22
2011-05-17,000059,13.25,12.59,13.48,12.58,1106930,1454396160.0,7.06,-1.25,-0.16,9.22,-6.6,-3.82,1.75,2.78,1.51,1.99,-3.66,-2.94,-6.44,1.35,12.08,12.23,12.25,11.96,-0.16,9.69,17.47,15.01,14.77,13.34,13.42,4.05,-1.99,-0.79
2011-05-18,000059,12.38,12.55,12.57,11.7,536751,655413568.0,6.91,-0.32,-0.04,4.47,3.42,9.4,10.51,9.15,9.66,3.59,4.36,0.6,8.97,15.21,12.21,12.29,12.23,12.03,10.04,17.85,15.38,15.14,13.71,13.78,4.38,-1.67,-0.48,2.63
2011-05-19,000059,12.44,13.63,13.81,12.32,816823,1076222848.0,11.87,8.61,1.08,6.8,3.9,4.95,3.65,4.14,-1.62,-0.89,-4.46,3.49,9.42,2.03,12.62,12.39,12.29,12.12,8.51,6.24,6.02,4.7,4.77,-3.89,-9.46,-8.36,-5.5,-7.92
2011-05-20,000059,13.59,14.24,14.79,13.42,1091217,1534437120.0,10.05,4.48,0.61,9.09,-3.65,-4.84,-4.4,-9.69,-9.02,-12.3,-4.99,0.45,-6.33,2.91,13.15,12.56,12.4,12.22,1.69,1.47,0.21,0.28,-8.01,-13.34,-12.29,-9.55,-11.87,-11.52
2011-05-23,000059,14.15,14.29,14.48,13.71,778033,1098024960.0,5.41,0.35,0.05,6.48,-6.86,-6.42,-11.6,-10.94,-14.15,-7.0,-1.68,-8.32,0.73,7.88,13.46,12.73,12.48,12.34,1.12,-0.14,-0.07,-8.33,-13.65,-12.6,-9.87,-12.18,-11.83,-10.22
2011-05-24,000059,14.07,13.83,14.45,13.7,503945,704749888.0,5.25,-3.22,-0.46,4.2,-6.35,-11.53,-10.88,-14.09,-6.93,-1.61,-8.25,0.8,7.96,5.69,13.71,12.9,12.57,12.44,3.18,3.25,-5.28,-10.77,-9.69,-6.87,-9.26,-8.89,-7.23,-3.54
2011-05-25,000059,13.66,13.95,14.27,13.36,586632,810587712.0,6.58,0.87,0.12,4.89,-9.28,-8.61,-11.9,-4.57,0.9,-5.91,3.37,10.7,8.38,8.16,13.99,13.1,12.63,12.54,2.37,-6.09,-11.54,-10.47,-7.67,-10.04,-9.68,-8.03,-4.37,-5.02
2011-05-26,000059,13.9,13.32,14.28,13.32,590887,815359040.0,6.88,-4.52,-0.63,4.92,-8.33,-11.64,-4.28,1.2,-5.63,3.68,11.04,8.71,8.48,7.13,13.93,13.27,12.67,12.59,-1.65,-7.36,-6.23,-3.3,-5.78,-5.41,-3.68,0.15,-0.53,-3.53
2011-05-27,000059,13.06,11.99,13.1,11.99,547467,680701184.0,8.33,-9.98,-1.33,4.56,-1.83,6.34,12.43,4.84,15.18,23.35,20.77,20.52,19.02,19.1,13.48,13.31,12.67,12.6,2.92,4.17,7.42,4.67,5.09,7.01,11.26,10.51,7.17,14.68
2011-05-30,000059,11.99,11.88,12.34,11.78,333137,401686080.0,4.67,-0.92,-0.11,2.77,8.23,14.43,6.71,17.23,25.55,22.92,22.67,21.14,21.22,11.21,12.99,13.23,12.68,12.58,5.13,8.42,5.64,6.06,8.0,12.29,11.53,8.16,15.74,15.57
2011-05-31,000059,11.73,12.44,12.49,11.73,352810,430680832.0,6.4,4.71,0.56,2.94,14.92,7.16,17.73,26.09,23.44,23.19,21.65,21.74,11.68,5.2,12.72,13.21,12.72,12.57,3.54,0.88,1.29,3.14,7.23,6.51,3.3,10.53,10.37,11.33
2011-06-01,000059,12.39,12.55,12.88,12.2,402666,504181056.0,5.47,0.88,0.11,3.35,3.03,13.2,21.23,18.69,18.44,16.97,17.05,7.38,1.15,2.38,12.44,13.21,12.75,12.56,0.0,0.4,2.23,6.29,5.58,2.39,9.56,9.4,10.36,4.78
2011-06-02,000059,12.28,12.28,12.55,11.84,293261,358181088.0,5.66,-2.15,-0.27,2.44,16.64,24.92,22.3,22.04,20.52,20.61,10.64,4.22,5.49,8.78,12.23,13.08,12.74,12.55,2.61,4.48,8.63,7.9,4.64,11.97,11.81,12.79,7.08,4.32
2011-06-03,000059,12.19,12.36,12.6,12.18,220047,273697376.0,3.42,0.65,0.08,1.83,21.43,18.88,18.64,17.16,17.24,7.55,1.31,2.55,5.75,3.04,12.3,12.89,12.72,12.56,3.8,7.93,7.2,3.96,11.25,11.08,12.06,6.39,3.64,1.78
2011-06-07,000059,12.21,12.66,12.83,12.2,312752,395154272.0,5.1,2.43,0.3,2.61,18.69,18.44,16.97,17.05,7.38,1.15,2.38,5.57,2.87,3.28,12.46,12.73,12.73,12.56,5.37,4.66,1.5,8.61,8.45,9.4,3.87,1.18,-0.63,-0.24
2011-06-08,000059,12.69,13.29,13.34,12.61,495674,645793856.0,5.77,4.98,0.63,4.13,14.59,13.16,13.24,3.89,-2.14,-0.95,2.14,-0.48,-0.08,1.74,12.63,12.67,12.78,12.6,-0.3,-3.31,3.46,3.31,4.21,-1.05,-3.61,-5.34,-4.97,-4.67
2011-06-09,000059,13.16,12.53,13.25,12.53,359177,464626496.0,5.42,-5.72,-0.76,2.99,13.89,13.97,4.55,-1.52,-0.32,2.79,0.16,0.56,2.39,6.46,12.62,12.53,12.81,12.59,2.55,9.74,9.58,10.53,4.95,2.23,0.4,0.8,1.12,1.6
2011-06-10,000059,12.42,12.8,12.85,12.19,299360,374099328.0,5.27,2.15,0.27,2.49,17.15,7.47,1.23,2.46,5.66,2.95,3.36,5.25,9.43,8.7,12.73,12.48,12.88,12.61,7.42,7.27,8.2,2.73,0.08,-1.72,-1.33,-1.02,-0.55,8.2
2011-06-13,000059,12.65,13.58,13.75,12.55,456602,603322816.0,9.38,6.09,0.78,3.8,4.38,-1.67,-0.48,2.63,0.0,0.4,2.23,6.29,5.58,2.39,12.97,12.64,12.98,12.66,1.1,1.99,-3.17,-5.67,-7.36,-7.0,-6.7,-6.26,1.99,1.25
2011-06-14,000059,13.45,13.44,13.73,13.4,364730,493395872.0,2.43,-1.03,-0.14,3.04,-7.91,-6.79,-3.88,-6.34,-5.97,-4.25,-0.45,-1.12,-4.1,2.61,13.13,12.79,13.01,12.72,3.05,-2.16,-4.69,-6.4,-6.03,-5.73,-5.28,3.05,2.31,3.05
2011-06-15,000059,13.44,13.31,13.85,13.31,299289,405137856.0,4.02,-0.97,-0.13,2.49,-6.16,-3.23,-5.71,-5.33,-3.61,0.23,-0.45,-3.46,3.31,3.16,13.13,12.88,13.05,12.77,-1.2,-3.76,-5.48,-5.11,-4.81,-4.36,4.06,3.31,4.06,3.53
2011-06-16,000059,13.08,12.61,13.15,12.46,318808,407920704.0,5.18,-5.26,-0.7,2.66,3.37,0.72,1.12,2.97,7.06,6.34,3.13,10.35,10.19,11.16,13.15,12.89,13.05,12.8,1.59,-0.24,0.16,0.48,0.95,9.83,9.04,9.83,9.28,9.6
2011-06-17,000059,12.58,12.39,12.81,12.31,199788,250733552.0,3.97,-1.74,-0.22,1.66,1.95,2.36,4.22,8.37,7.64,4.39,11.7,11.54,12.51,6.82,13.07,12.9,12.99,12.79,1.53,1.94,2.26,2.74,11.78,10.98,11.78,11.22,11.54,11.14
2011-06-20,000059,12.26,12.45,12.58,12.15,141572,175512096.0,3.47,0.48,0.06,1.18,3.7,5.6,9.79,9.05,5.76,13.17,13.0,13.99,8.23,5.43,12.84,12.91,12.9,12.78,1.45,1.77,2.25,11.24,10.44,11.24,10.68,11.0,10.6,12.37
2011-06-21,000059,12.55,12.49,12.63,12.0,261944,322353856.0,5.06,0.32,0.04,2.18,6.92,11.17,10.42,7.08,14.58,14.42,15.42,9.58,6.75,4.83,12.65,12.89,12.81,12.78,1.44,1.92,10.89,10.09,10.89,10.33,10.65,10.25,12.01,13.93
2011-06-22,000059,12.4,12.49,12.67,12.25,199575,248854672.0,3.36,0.0,0.0,1.66,8.9,8.16,4.9,12.24,12.08,13.06,7.35,4.57,2.69,3.1,12.49,12.81,12.74,12.79,1.92,10.89,10.09,10.89,10.33,10.65,10.25,12.01,13.93,11.69
2011-06-23,000059,12.38,12.59,12.73,12.12,239631,298582176.0,4.88,0.8,0.1,2.0,9.32,6.02,13.45,13.28,14.27,8.5,5.69,3.8,4.21,4.54,12.48,12.82,12.67,12.81,10.01,9.21,10.01,9.45,9.77,9.37,11.12,13.03,10.8,12.47
2011-06-24,000059,12.57,13.42,13.85,12.53,670508,892056000.0,10.48,6.59,0.83,5.59,2.55,9.74,9.58,10.53,4.95,2.23,0.4,0.8,1.12,1.6,12.69,12.88,12.68,12.88,2.46,3.2,2.68,2.98,2.61,4.25,6.04,3.95,5.51,1.64
2011-06-27,000059,13.21,13.54,13.75,13.21,472162,638537600.0,4.02,0.89,0.12,3.93,4.09,3.94,4.84,-0.45,-3.03,-4.77,-4.39,-4.09,-3.63,4.84,12.91,12.87,12.76,12.94,2.29,1.77,2.07,1.7,3.32,5.1,3.03,4.58,0.74,-1.48
2011-06-28,000059,13.55,13.73,13.85,13.36,397793,543274944.0,3.62,1.4,0.19,3.31,2.77,3.67,-1.57,-4.12,-5.84,-5.46,-5.16,-4.72,3.67,2.92,13.15,12.9,12.85,12.97,0.36,0.66,0.29,1.89,3.64,1.6,3.13,-0.66,-2.84,-2.04
2011-06-29,000059,13.64,13.17,13.78,13.15,391837,527992736.0,4.59,-4.08,-0.56,3.26,5.32,0.0,-2.59,-4.33,-3.95,-3.65,-3.19,5.32,4.56,5.32,13.29,12.89,12.88,12.99,4.94,4.56,6.23,8.05,5.92,7.52,3.57,1.29,2.13,2.35
2011-06-30,000059,13.16,13.58,13.82,13.13,431481,586860800.0,5.24,3.11,0.41,3.59,0.15,-2.44,-4.19,-3.81,-3.5,-3.05,5.48,4.72,5.48,4.95,13.49,12.99,12.94,13.03,1.4,3.02,4.79,2.72,4.27,0.44,-1.77,-0.96,-0.74,-1.4
2011-07-01,000059,13.6,13.4,13.77,13.36,358710,486676736.0,3.02,-1.33,-0.18,2.99,-4.12,-5.84,-5.46,-5.16,-4.72,3.67,2.92,3.67,3.14,3.44,13.48,13.09,12.99,13.02,4.4,6.19,4.1,5.67,1.79,-0.45,0.37,0.6,-0.07,-0.15
2011-07-04,000059,13.5,13.79,13.99,13.49,463434,638360896.0,3.73,2.91,0.39,3.86,-6.75,-6.38,-6.08,-5.63,2.67,1.93,2.67,2.15,2.45,2.08,13.53,13.22,13.06,13.01,3.19,1.16,2.68,-1.09,-3.26,-2.47,-2.25,-2.9,-2.97,-4.21
2011-07-05,000059,13.73,13.93,14.23,13.66,454694,633910912.0,4.13,1.02,0.14,3.79,-7.54,-7.25,-6.81,1.39,0.66,1.39,0.88,1.17,0.81,2.42,13.57,13.36,13.13,12.99,0.14,1.65,-2.08,-4.24,-3.45,-3.23,-3.88,-3.95,-5.17,-4.95
2011-07-06,000059,13.93,13.84,13.95,13.67,334358,460919488.0,2.01,-0.65,-0.09,2.79,-7.32,-6.88,1.32,0.59,1.32,0.8,1.1,0.73,2.34,4.1,13.71,13.5,13.15,12.99,2.31,-1.45,-3.61,-2.82,-2.6,-3.25,-3.32,-4.55,-4.34,-5.35
2011-07-07,000059,13.95,13.75,14.16,13.62,529040,735061760.0,3.9,-0.65,-0.09,4.41,-6.53,1.69,0.95,1.69,1.17,1.47,1.1,2.72,4.48,2.42,13.74,13.62,13.22,12.99,-0.8,-2.98,-2.18,-1.96,-2.62,-2.69,-3.93,-3.71,-4.73,-6.47
2011-07-11,000059,13.28,13.41,13.64,13.1,448007,602284928.0,3.93,-2.47,-0.34,3.73,5.73,4.96,5.73,5.19,5.5,5.11,6.79,8.63,6.49,8.09,13.74,13.61,13.25,12.99,-0.52,0.3,0.52,-0.15,-0.22,-1.49,-1.27,-2.31,-4.1,-6.04
2011-07-12,000059,13.29,13.0,13.34,12.9,335598,440323552.0,3.28,-3.06,-0.41,2.8,6.59,7.36,6.82,7.13,6.74,8.45,10.31,8.14,9.77,5.74,13.59,13.56,13.22,13.02,3.46,3.69,3.0,2.92,1.62,1.85,0.77,-1.08,-3.08,-6.38
2011-07-13,000059,13.08,13.37,13.45,13.08,292300,387493472.0,2.85,2.85,0.37,2.43,5.89,5.35,5.66,5.28,6.96,8.79,6.65,8.26,4.28,1.99,13.47,13.52,13.21,13.07,0.82,0.15,0.07,-1.2,-0.97,-2.02,-3.81,-5.76,-8.98,-8.15
2011-07-14,000059,13.42,13.33,13.48,13.16,220724,293625792.0,2.39,-0.3,-0.04,1.84,4.71,5.02,4.64,6.31,8.13,6.0,7.6,3.65,1.37,2.2,13.37,13.54,13.21,13.1,0.45,0.38,-0.9,-0.68,-1.73,-3.53,-5.48,-8.7,-7.88,-9.0
2011-07-15,000059,13.3,13.38,13.39,13.13,211984,281528640.0,1.95,0.38,0.05,1.77,5.26,4.87,6.55,8.38,6.25,7.84,3.88,1.6,2.44,2.67,13.3,13.52,13.25,13.13,0.0,-1.27,-1.05,-2.09,-3.89,-5.83,-9.04,-8.22,-9.34,-9.64
2011-07-18,000059,13.36,13.1,13.38,13.01,276952,364088416.0,2.77,-2.09,-0.28,2.31,5.84,7.53,9.38,7.23,8.84,4.84,2.54,3.38,3.61,2.92,13.24,13.49,13.29,13.16,0.84,1.07,0.0,-1.83,-3.82,-7.1,-6.26,-7.4,-7.71,-8.78
2011-07-19,000059,13.11,13.13,13.21,12.91,172372,225225728.0,2.29,0.23,0.03,1.44,8.37,10.22,8.06,9.68,5.65,3.33,4.18,4.42,3.72,3.64,13.26,13.42,13.32,13.18,0.84,-0.23,-2.06,-4.04,-7.31,-6.47,-7.62,-7.92,-8.99,-8.0
2011-07-20,000059,13.21,12.93,13.24,12.85,193460,251342656.0,2.97,-1.52,-0.2,1.61,10.74,8.56,10.19,6.15,3.81,4.67,4.9,4.2,4.12,2.8,13.17,13.32,13.34,13.19,1.31,-0.54,-2.55,-5.88,-5.03,-6.19,-6.5,-7.58,-6.57,-3.56
2011-07-21,000059,12.89,12.6,13.1,12.59,202819,260887088.0,3.94,-2.55,-0.33,1.69,10.8,12.47,8.34,5.96,6.83,7.07,6.35,6.27,4.92,5.16,13.03,13.2,13.35,13.17,2.06,0.0,-3.41,-2.54,-3.73,-4.05,-5.16,-4.13,-1.03,-1.98
2011-07-22,000059,12.66,12.67,12.86,12.57,152860,194034736.0,2.3,0.56,0.07,1.27,12.65,8.51,6.13,7.0,7.24,6.52,6.44,5.09,5.33,4.22,12.89,13.09,13.35,13.17,-0.55,-3.95,-3.08,-4.26,-4.58,-5.68,-4.66,-1.58,-2.53,-5.92
2011-07-25,000059,12.6,12.09,12.6,11.92,217909,267100256.0,5.37,-4.58,-0.58,1.82,14.43,11.91,12.84,13.09,12.33,12.25,10.82,11.07,9.9,7.89,12.68,12.96,13.29,13.15,0.66,1.57,0.33,0.0,-1.16,-0.08,3.14,2.15,-1.41,-5.38
2011-07-26,000059,12.04,12.0,12.17,11.8,145788,174911840.0,3.06,-0.74,-0.09,1.21,13.05,13.98,14.24,13.47,13.39,11.95,12.2,11.02,8.98,6.78,12.46,12.86,13.21,13.1,2.33,1.08,0.75,-0.42,0.67,3.92,2.92,-0.67,-4.67,-11.67
2011-07-27,000059,11.93,12.22,12.28,11.88,140884,171032288.0,3.33,1.83,0.22,1.17,13.22,13.47,12.71,12.63,11.2,11.45,10.27,8.25,6.06,2.44,12.32,12.74,13.13,13.06,-0.74,-1.06,-2.21,-1.15,2.05,1.06,-2.45,-6.38,-13.26,-13.01
2011-07-28,000059,12.05,11.96,12.13,11.83,121302,145050176.0,2.45,-2.13,-0.26,1.01,13.95,13.19,13.1,11.67,11.92,10.74,8.71,6.51,2.87,3.8,12.19,12.61,13.07,13.01,1.09,-0.08,1.0,4.26,3.26,-0.33,-4.35,-11.37,-11.12,-12.04
2011-07-29,000059,11.97,11.65,12.09,11.61,127384,150068464.0,4.01,-2.59,-0.31,1.06,15.33,15.25,13.78,14.04,12.83,10.77,8.53,4.82,5.77,4.48,11.98,12.44,12.98,12.98,2.58,3.69,7.04,6.01,2.32,-1.8,-9.01,-8.76,-9.7,-6.09
2011-08-01,000059,11.65,11.85,11.95,11.56,107312,126637760.0,3.35,1.72,0.2,0.89,15.74,14.27,14.53,13.32,11.25,9.0,5.28,6.23,4.93,4.58,11.94,12.31,12.9,12.96,1.94,5.23,4.22,0.59,-3.46,-10.55,-10.3,-11.22,-7.68,-7.17
2011-08-02,000059,11.79,12.07,12.08,11.56,113039,133554728.0,4.39,1.86,0.22,0.94,14.27,14.53,13.32,11.25,9.0,5.28,6.23,4.93,4.58,3.37,11.95,12.2,12.81,12.95,3.31,2.32,-1.24,-5.22,-12.18,-11.93,-12.84,-9.36,-8.86,-7.79
2011-08-03,000059,12.1,12.18,12.47,12.09,248541,305789824.0,3.15,0.91,0.11,2.07,9.51,8.35,6.37,4.22,0.66,1.57,0.33,0.0,-1.16,-0.08,11.94,12.13,12.73,12.94,1.4,-2.13,-6.08,-12.97,-12.73,-13.63,-10.18,-9.69,-8.62,-10.76
2011-08-04,000059,12.25,12.13,12.35,12.11,139771,170710176.0,1.97,-0.41,-0.05,1.16,8.18,6.19,4.05,0.5,1.4,0.17,-0.17,-1.32,-0.25,2.97,11.98,12.08,12.64,12.93,-1.73,-5.69,-12.61,-12.37,-13.27,-9.81,-9.32,-8.24,-10.39,-11.79
2011-08-05,000059,11.6,11.63,11.92,11.5,152791,179359280.0,3.46,-4.12,-0.5,1.27,11.83,9.57,5.83,6.78,5.48,5.13,3.91,5.04,8.43,7.39,11.97,11.98,12.54,12.9,-1.63,-8.86,-8.6,-9.54,-5.93,-5.42,-4.3,-6.53,-8.0,-11.52
2011-08-08,000059,11.4,10.61,11.44,10.47,262169,284574176.0,8.34,-8.77,-1.02,2.18,20.34,16.24,17.29,15.85,15.47,14.14,15.38,19.1,17.96,13.85,11.72,11.83,12.4,12.8,-0.09,0.19,-0.85,3.11,3.68,4.9,2.45,0.85,-3.02,-1.23
2011-08-09,000059,10.03,10.28,10.6,9.68,219807,222680368.0,8.67,-3.11,-0.33,1.83,25.72,26.86,25.31,24.9,23.45,24.79,28.82,27.58,23.14,18.18,11.37,11.66,12.26,12.69,3.4,2.33,6.42,7.0,8.27,5.74,4.09,0.1,1.95,2.14
2011-08-10,000059,10.59,10.33,10.63,10.29,149204,156521568.0,3.31,0.49,0.05,1.24,19.34,17.88,17.49,16.13,17.4,21.19,20.02,15.84,11.18,3.01,11.0,11.47,12.11,12.58,1.84,5.91,6.49,7.74,5.23,3.58,-0.39,1.45,1.65,2.61
2011-08-11,000059,10.0,10.46,10.52,9.95,145699,149126224.0,5.52,1.26,0.13,1.21,21.91,21.51,20.1,21.41,25.33,24.12,19.8,14.97,6.53,6.83,10.66,11.32,11.96,12.49,4.59,5.16,6.41,3.92,2.29,-1.63,0.19,0.38,1.34,3.73
2011-08-12,000059,10.6,10.81,10.94,10.5,180138,192932880.0,4.21,3.35,0.35,1.5,15.14,13.81,15.05,18.76,17.62,13.52,8.95,0.95,1.24,0.19,10.5,11.24,11.84,12.4,1.76,2.96,0.56,-1.02,-4.81,-3.05,-2.87,-1.94,0.37,1.2
2011-08-15,000059,10.82,10.93,11.0,10.71,139614,151891104.0,2.68,1.11,0.12,1.16,11.58,12.79,16.43,15.31,11.3,6.82,-1.03,-0.75,-1.77,2.15,10.56,11.14,11.73,12.31,1.83,-0.55,-2.1,-5.86,-4.12,-3.93,-3.02,-0.73,0.09,-2.56
2011-08-16,000059,10.98,10.81,11.13,10.78,130424,142805312.0,3.2,-1.1,-0.12,1.09,12.06,15.68,14.56,10.58,6.12,-1.67,-1.39,-2.41,1.48,2.04,10.67,11.02,11.61,12.22,0.56,-1.02,-4.81,-3.05,-2.87,-1.94,0.37,1.2,-1.48,-0.19
2011-08-17,000059,10.79,10.63,10.87,10.61,73725,78995120.0,2.41,-1.67,-0.18,0.61,17.53,16.4,12.35,7.82,-0.09,0.19,-0.85,3.11,3.68,4.9,10.73,10.86,11.5,12.1,0.66,-3.2,-1.41,-1.22,-0.28,2.07,2.92,0.19,1.51,-0.75
2011-08-18,000059,10.64,10.46,10.7,10.31,108439,113525368.0,3.67,-1.6,-0.17,0.9,19.79,15.62,10.96,2.81,3.1,2.04,6.11,6.69,7.95,5.43,10.73,10.7,11.39,11.99,-1.63,0.19,0.38,1.34,3.73,4.59,1.82,3.15,0.86,1.15
2011-08-19,000059,10.08,10.29,10.29,9.99,81429,82795464.0,2.87,-1.63,-0.17,0.68,19.32,14.51,6.11,6.41,5.31,9.51,10.11,11.41,8.81,7.11,10.62,10.56,11.27,11.88,1.85,2.04,3.01,5.44,6.32,3.5,4.86,2.53,2.82,2.33
2011-08-22,000059,10.19,10.28,10.48,10.19,79806,82312976.0,2.82,-0.1,-0.01,0.66,12.27,4.02,4.32,3.24,7.36,7.95,9.22,6.67,5.0,0.98,10.49,10.53,11.18,11.77,2.14,3.11,5.54,6.42,3.6,4.96,2.63,2.92,2.43,-1.46
2011-08-23,000059,10.37,10.47,10.5,10.27,64339,66977596.0,2.24,1.85,0.19,0.54,3.21,3.51,2.43,6.52,7.11,8.37,5.84,4.19,0.19,2.04,10.43,10.55,11.1,11.69,1.24,3.63,4.49,1.72,3.06,0.76,1.05,0.57,-3.25,-5.16
2011-08-24,000059,10.58,10.42,10.6,10.4,91783,96356184.0,1.91,-0.48,-0.05,0.76,2.21,1.15,5.19,5.77,7.02,4.52,2.88,-1.06,0.77,0.96,10.38,10.56,11.01,11.59,4.13,4.99,2.21,3.55,1.25,1.54,1.06,-2.78,-4.7,-1.63
2011-08-25,000059,10.43,10.75,10.85,10.32,153061,161510336.0,5.09,3.17,0.33,1.27,1.94,6.01,6.59,7.85,5.33,3.68,-0.29,1.55,1.74,2.71,10.44,10.59,10.95,11.5,1.77,-0.93,0.37,-1.86,-1.58,-2.05,-5.77,-7.63,-4.65,-2.33
2011-08-26,000059,10.68,10.7,10.94,10.61,129325,139191088.0,3.07,-0.47,-0.05,1.08,3.11,3.68,4.9,2.45,0.85,-3.02,-1.23,-1.04,-0.09,2.26,10.52,10.57,10.9,11.41,-0.47,0.84,-1.4,-1.12,-1.59,-5.33,-7.2,-4.21,-1.87,-4.67
2011-08-29,000059,10.58,10.58,10.65,10.4,107394,113093640.0,2.34,-1.12,-0.12,0.89,5.77,7.02,4.52,2.88,-1.06,0.77,0.96,1.92,4.33,5.19,10.58,10.54,10.84,11.33,1.98,-0.28,0.0,-0.47,-4.25,-6.14,-3.12,-0.76,-3.59,-6.62
2011-08-30,000059,10.64,10.51,10.79,10.51,85076,90594176.0,2.65,-0.66,-0.07,0.71,5.9,3.43,1.81,-2.09,-0.29,-0.1,0.86,3.24,4.09,1.33,10.59,10.51,10.76,11.24,0.38,0.67,0.19,-3.62,-5.52,-2.47,-0.1,-2.95,-5.99,-5.33
2011-08-31,000059,10.5,10.43,10.55,10.3,53176,55396204.0,2.38,-0.76,-0.08,0.44,5.53,3.88,-0.1,1.75,1.94,2.91,5.34,6.21,3.4,4.76,10.59,10.49,10.68,11.16,1.44,0.96,-2.88,-4.79,-1.73,0.67,-2.21,-5.27,-4.6,-4.31
2011-09-01,000059,10.41,10.38,10.58,10.32,53253,55635304.0,2.49,-0.48,-0.05,0.44,3.68,-0.29,1.55,1.74,2.71,5.14,6.01,3.2,4.55,2.23,10.52,10.48,10.59,11.09,1.45,-2.41,-4.34,-1.25,1.16,-1.73,-4.82,-4.14,-3.85,-2.7
2011-09-02,000059,10.38,10.21,10.53,10.02,78192,79888112.0,4.91,-1.64,-0.17,0.65,2.69,4.59,4.79,5.79,8.28,9.18,6.29,7.68,5.29,5.59,10.42,10.47,10.52,11.0,-0.78,-2.74,0.39,2.84,-0.1,-3.23,-2.55,-2.25,-1.08,-3.62
2011-09-05,000059,10.01,9.94,10.13,9.94,67725,67746848.0,1.86,-2.64,-0.27,0.56,5.43,5.63,6.64,9.15,10.06,7.14,8.55,6.14,6.44,5.94,10.29,10.44,10.48,10.93,-0.1,3.12,5.63,2.62,-0.6,0.1,0.4,1.61,-1.01,-0.91
2011-09-06,000059,9.8,9.85,9.93,9.74,62271,61195380.0,1.91,-0.91,-0.09,0.52,7.8,8.83,11.4,12.32,9.34,10.78,8.32,8.62,8.11,4.0,10.16,10.38,10.46,10.86,4.06,6.6,3.55,0.3,1.02,1.32,2.54,-0.1,0.0,3.15
2011-09-07,000059,9.95,10.19,10.25,9.87,106318,107266672.0,3.86,3.45,0.34,0.89,7.4,9.93,10.84,7.9,9.32,6.89,7.19,6.69,2.63,0.61,10.11,10.35,10.46,10.79,3.04,0.1,-3.04,-2.36,-2.06,-0.88,-3.43,-3.34,-0.29,-0.49
2011-09-08,000059,10.2,10.02,10.5,10.0,82931,84432600.0,4.91,-1.67,-0.17,0.69,8.5,9.4,6.5,7.9,5.5,5.8,5.3,1.3,-0.7,2.5,10.04,10.28,10.43,10.73,1.8,-1.4,-0.7,-0.4,0.8,-1.8,-1.7,1.4,1.2,-2.79
2011-09-09,000059,10.0,10.0,10.2,9.97,60560,60835808.0,2.3,-0.2,-0.02,0.5,9.73,6.82,8.22,5.82,6.12,5.62,1.6,-0.4,2.81,5.32,10.0,10.21,10.39,10.67,-1.2,-0.5,-0.2,1.0,-1.6,-1.5,1.6,1.4,-2.6,-3.3
2011-09-13,000059,9.88,9.77,9.88,9.6,59441,57723176.0,2.8,-2.3,-0.23,0.5,10.94,12.4,9.9,10.21,9.69,5.52,3.44,6.77,9.38,6.25,9.97,10.13,10.33,10.6,1.84,2.15,3.38,0.72,0.82,3.99,3.79,-0.31,-1.02,-1.23
2011-09-14,000059,9.77,9.91,9.95,9.71,57185,56343436.0,2.46,1.43,0.14,0.48,11.12,8.65,8.96,8.44,4.33,2.27,5.56,8.14,5.05,1.75,9.98,10.07,10.29,10.53,0.71,1.92,-0.71,-0.61,2.52,2.32,-1.72,-2.42,-2.62,-2.62
2011-09-15,000059,9.9,9.86,9.98,9.85,48961,48606656.0,1.31,-0.5,-0.05,0.41,7.11,7.41,6.9,2.84,0.81,4.06,6.6,3.55,0.3,1.02,9.91,10.01,10.25,10.45,2.43,-0.2,-0.1,3.04,2.84,-1.22,-1.93,-2.13,-2.13,-5.58
2011-09-16,000059,9.95,9.84,10.1,9.83,59216,58998708.0,2.74,-0.2,-0.02,0.49,7.63,7.12,3.05,1.02,4.27,6.82,3.76,0.51,1.22,1.53,9.88,9.96,10.22,10.38,0.0,0.1,3.25,3.05,-1.02,-1.73,-1.93,-1.93,-5.39,-6.61
2011-09-19,000059,9.71,9.74,9.84,9.64,56682,55098204.0,2.03,-1.02,-0.1,0.47,9.23,5.08,3.01,6.33,8.92,5.81,2.49,3.22,3.53,4.77,9.82,9.91,10.19,10.32,1.13,4.31,4.11,0.0,-0.72,-0.92,-0.92,-4.41,-5.65,-6.06
2011-09-20,000059,9.7,9.79,9.85,9.65,41944,40901180.0,2.05,0.51,0.05,0.35,4.97,2.9,6.22,8.81,5.7,2.38,3.11,3.42,4.66,1.97,9.83,9.9,10.17,10.29,3.78,3.58,-0.51,-1.23,-1.43,-1.43,-4.9,-6.13,-6.54,-7.25
2011-09-21,000059,9.82,10.09,10.16,9.73,118084,118217584.0,4.39,3.06,0.3,0.98,2.06,5.34,7.91,4.83,1.54,2.26,2.57,3.8,1.13,1.23,9.86,9.92,10.15,10.28,0.5,-3.47,-4.16,-4.36,-4.36,-7.73,-8.92,-9.32,-10.01,-6.84
2011-09-22,000059,10.0,9.7,10.14,9.69,92150,91432080.0,4.46,-3.87,-0.39,0.77,5.78,8.36,5.26,1.96,2.68,2.99,4.23,1.55,1.65,4.85,9.83,9.87,10.11,10.26,0.41,-0.31,-0.52,-0.52,-4.02,-5.26,-5.67,-6.39,-3.09,-1.86
2011-09-23,000059,9.48,9.62,9.74,9.43,63347,60752336.0,3.2,-0.82,-0.08,0.53,11.35,8.17,4.77,5.51,5.83,7.1,4.35,4.45,7.74,7.53,9.79,9.83,10.06,10.23,0.52,0.31,0.31,-3.22,-4.47,-4.89,-5.61,-2.29,-1.04,-1.56
2011-09-26,000059,9.55,9.36,9.67,9.28,62565,59189784.0,4.05,-2.7,-0.26,0.52,9.91,6.47,7.22,7.54,8.84,6.03,6.14,9.48,9.27,4.96,9.71,9.77,9.99,10.18,3.1,3.1,-0.53,-1.82,-2.24,-2.99,0.43,1.71,1.18,3.31
2011-09-27,000059,9.45,9.5,9.65,9.38,62070,59082784.0,2.88,1.5,0.14,0.52,5.33,6.08,6.4,7.68,4.9,5.01,8.32,8.1,3.84,3.09,9.65,9.74,9.94,10.14,1.58,-2.0,-3.26,-3.68,-4.42,-1.05,0.21,-0.32,1.79,3.79
2011-09-28,000059,9.61,9.3,9.65,9.29,50825,48030020.0,3.79,-2.11,-0.2,0.42,7.1,7.43,8.72,5.92,6.03,9.36,9.15,4.84,4.09,3.88,9.5,9.68,9.88,10.09,0.11,-1.18,-1.61,-2.37,1.08,2.37,1.83,3.98,6.02,3.98
2011-09-29,000059,9.22,9.14,9.31,9.0,68108,62207860.0,3.33,-1.72,-0.16,0.57,10.89,12.22,9.33,9.44,12.89,12.67,8.22,7.44,7.22,7.22,9.38,9.61,9.81,10.04,0.55,0.11,-0.66,2.84,4.16,3.61,5.8,7.88,5.8,9.3
2011-09-30,000059,9.19,8.98,9.19,8.93,32648,29436058.0,2.84,-1.75,-0.16,0.27,13.1,10.19,10.3,13.77,13.55,9.07,8.29,8.06,8.06,4.26,9.26,9.52,9.74,9.99,1.89,1.11,4.68,6.01,5.46,7.68,9.8,7.68,11.25,6.35
2011-10-10,000059,9.05,8.78,9.15,8.76,38221,34019240.0,4.34,-2.23,-0.2,0.32,12.33,12.44,15.98,15.75,11.19,10.39,10.16,10.16,6.28,4.91,9.14,9.43,9.67,9.94,3.42,7.06,8.43,7.86,10.14,12.3,10.14,13.78,8.77,8.2
2011-10-11,000059,9.01,8.99,9.08,8.78,60616,54033904.0,3.42,2.39,0.21,0.5,12.19,15.72,15.49,10.93,10.14,9.91,9.91,6.04,4.67,4.21,9.04,9.35,9.62,9.89,4.56,5.9,5.34,7.56,9.68,7.56,11.12,6.23,5.67,12.68
2011-10-12,000059,9.02,9.35,9.4,8.94,85415,78670424.0,5.12,4.0,0.36,0.71,13.65,13.42,8.95,8.17,7.94,7.94,4.14,2.8,2.35,1.57,9.05,9.27,9.6,9.86,1.82,1.28,3.42,5.45,3.42,6.84,2.14,1.6,8.34,11.87
2011-10-13,000059,9.3,9.42,9.52,9.25,85738,80768936.0,2.89,0.75,0.07,0.71,9.62,5.3,4.54,4.32,4.32,0.65,-0.65,-1.08,-1.84,1.62,9.1,9.24,9.56,9.82,0.53,2.65,4.67,2.65,6.05,1.38,0.85,7.54,11.04,9.24
2011-10-14,000059,9.42,9.36,9.47,9.25,50563,47379636.0,2.34,-0.64,-0.06,0.42,5.3,4.54,4.32,4.32,0.65,-0.65,-1.08,-1.84,1.62,2.92,9.18,9.22,9.53,9.78,3.31,5.34,3.31,6.73,2.03,1.5,8.23,11.75,9.94,11.54
2011-10-17,000059,9.44,9.6,9.67,9.37,107279,102509400.0,3.21,2.56,0.24,0.89,3.2,2.99,2.99,-0.64,-1.92,-2.35,-3.09,0.32,1.6,1.07,9.34,9.24,9.51,9.74,2.71,0.73,4.06,-0.52,-1.04,5.52,8.96,7.19,8.75,11.04
2011-10-18,000059,9.56,9.58,9.86,9.49,147705,143022720.0,3.85,-0.21,-0.02,1.23,1.69,1.69,-1.9,-3.16,-3.58,-4.32,-0.95,0.32,-0.21,1.9,9.46,9.25,9.5,9.71,0.94,4.28,-0.31,-0.84,5.74,9.19,7.41,8.98,11.27,12.11
2011-10-19,000059,9.58,9.37,9.67,9.35,60842,57711632.0,3.34,-2.19,-0.21,0.51,3.21,-0.43,-1.71,-2.14,-2.89,0.53,1.82,1.28,3.42,5.45,9.47,9.26,9.47,9.67,6.62,1.92,1.39,8.11,11.63,9.82,11.42,13.77,14.62,17.93
2011-10-20,000059,9.61,9.46,9.99,9.4,191848,185062240.0,6.3,0.96,0.09,1.6,-0.96,-2.23,-2.66,-3.4,0.0,1.28,0.74,2.87,4.89,2.87,9.47,9.29,9.45,9.64,0.95,0.42,7.08,10.57,8.77,10.36,12.68,13.53,16.81,13.85
2011-10-21,000059,9.33,9.11,9.55,9.06,73270,68144136.0,5.18,-3.7,-0.35,0.61,1.43,0.99,0.22,3.75,5.08,4.53,6.73,8.83,6.73,10.26,9.42,9.3,9.41,9.59,4.28,11.2,14.82,12.95,14.6,17.01,17.89,21.3,18.22,17.01
2011-10-24,000059,9.15,9.46,9.5,8.95,105360,97660208.0,6.04,3.84,0.35,0.88,2.23,1.45,5.03,6.37,5.81,8.04,10.17,8.04,11.62,6.7,9.4,9.37,9.4,9.57,7.08,10.57,8.77,10.36,12.68,13.53,16.81,13.85,12.68,13.64
2011-10-25,000059,9.47,10.0,10.13,9.46,263429,260673552.0,7.08,5.71,0.54,2.19,-4.02,-0.63,0.63,0.11,2.22,4.23,2.22,5.6,0.95,0.42,9.48,9.47,9.41,9.57,4.6,2.9,4.4,6.6,7.4,10.5,7.7,6.6,7.5,7.8
2011-10-26,000059,9.9,10.18,10.46,9.82,256547,263470944.0,6.4,1.8,0.18,2.14,-4.28,-3.05,-3.56,-1.53,0.41,-1.53,1.73,-2.75,-3.26,3.16,9.64,9.55,9.41,9.58,1.08,2.55,4.72,5.5,8.55,5.8,4.72,5.6,5.89,3.83
2011-10-27,000059,10.15,10.16,10.29,10.08,96985,98583768.0,2.06,-0.2,-0.02,0.81,-5.56,-6.05,-4.07,-2.18,-4.07,-0.89,-5.26,-5.75,0.5,3.77,9.78,9.63,9.44,9.58,2.76,4.92,5.71,8.76,6.0,4.92,5.81,6.1,4.04,0.98
2011-10-28,000059,10.27,10.27,10.44,10.16,91718,94257152.0,2.76,1.08,0.11,0.76,-6.79,-4.82,-2.95,-4.82,-1.67,-6.0,-6.5,-0.3,2.95,1.28,10.01,9.72,9.47,9.59,3.8,4.58,7.59,4.87,3.8,4.67,4.97,2.92,-0.1,3.21
2011-10-31,000059,10.25,10.57,10.66,10.2,141398,148762272.0,4.48,2.92,0.3,1.18,-5.2,-3.33,-5.2,-2.06,-6.37,-6.86,-0.69,2.55,0.88,2.35,10.24,9.82,9.53,9.61,1.61,4.54,1.89,0.85,1.7,1.99,0.0,-2.93,0.28,0.19
2011-11-01,000059,10.42,10.66,10.74,10.42,129124,137501568.0,3.03,0.85,0.09,1.08,-5.37,-7.2,-4.13,-8.35,-8.83,-2.78,0.38,-1.25,0.19,2.3,10.37,9.92,9.59,9.64,3.66,1.03,0.0,0.84,1.13,-0.84,-3.75,-0.56,-0.66,-0.56
2011-11-03,000059,10.86,10.6,11.05,10.48,165960,177879712.0,5.35,-0.56,-0.06,1.38,-7.73,-4.68,-8.87,-9.35,-3.34,-0.19,-1.81,-0.38,1.72,2.48,10.45,10.05,9.65,9.66,1.6,0.57,1.42,1.7,-0.28,-3.21,0.0,-0.09,0.0,-1.42
2011-11-04,000059,10.69,10.52,10.77,10.36,108956,114412056.0,3.87,-0.75,-0.08,0.91,-3.57,-7.82,-8.3,-2.22,0.97,-0.68,0.77,2.9,3.67,6.66,10.52,10.15,9.72,9.68,1.33,2.19,2.47,0.48,-2.47,0.76,0.67,0.76,-0.67,-1.43
2011-11-07,000059,10.42,10.49,10.66,10.4,57090,60216532.0,2.47,-0.29,-0.03,0.48,-8.17,-8.65,-2.6,0.58,-1.06,0.38,2.5,3.27,6.25,3.56,10.57,10.29,9.8,9.71,2.48,2.76,0.76,-2.19,1.05,0.95,1.05,-0.38,-1.14,-0.48
2011-11-08,000059,10.52,10.7,10.75,10.43,120530,128253392.0,3.05,2.0,0.21,1.0,-8.92,-2.88,0.29,-1.34,0.1,2.21,2.97,5.94,3.26,2.21,10.59,10.42,9.89,9.74,0.75,-1.21,-4.11,-0.93,-1.03,-0.93,-2.34,-3.08,-2.43,-0.56
2011-11-09,000059,10.7,10.62,10.78,10.5,91604,97243968.0,2.62,-0.75,-0.08,0.76,-3.52,-0.38,-2.0,-0.57,1.52,2.29,5.24,2.57,1.52,2.38,10.59,10.48,9.97,9.76,-0.47,-3.39,-0.19,-0.28,-0.19,-1.6,-2.35,-1.69,0.19,0.56
2011-11-10,000059,10.48,10.18,10.57,10.16,120836,124282240.0,3.86,-4.14,-0.44,1.01,2.95,1.28,2.76,4.92,5.71,8.76,6.0,4.92,5.81,6.1,10.5,10.48,10.02,9.77,0.79,4.13,4.03,4.13,2.65,1.87,2.55,4.52,4.91,4.62
2011-11-11,000059,10.25,10.18,10.26,10.08,101297,102874832.0,1.77,0.0,0.0,0.84,2.08,3.57,5.75,6.55,9.62,6.85,5.75,6.65,6.94,4.86,10.43,10.48,10.05,9.78,4.13,4.03,4.13,2.65,1.87,2.55,4.52,4.91,4.62,7.86
2011-11-14,000059,10.25,10.55,10.6,10.25,127788,133678272.0,3.44,3.63,0.37,1.06,1.85,4.0,4.78,7.8,5.07,4.0,4.88,5.17,3.12,0.1,10.45,10.51,10.11,9.81,0.38,0.47,-0.95,-1.71,-1.04,0.85,1.23,0.95,4.08,5.59
2011-11-15,000059,10.56,10.58,10.59,10.26,52777,55251692.0,3.13,0.28,0.03,0.44,3.9,4.68,7.7,4.97,3.9,4.78,5.07,3.02,0.0,3.31,10.42,10.51,10.16,9.86,0.19,-1.23,-1.98,-1.32,0.57,0.95,0.66,3.78,5.29,6.52
2011-11-16,000059,10.5,10.37,10.6,10.2,85746,88875632.0,3.78,-1.98,-0.21,0.71,5.29,8.33,5.59,4.51,5.39,5.69,3.63,0.59,3.92,3.82,10.37,10.48,10.2,9.88,0.77,0.0,0.68,2.6,2.99,2.7,5.88,7.43,8.68,7.81
2011-11-17,000059,10.34,10.37,10.45,10.26,49101,50782004.0,1.83,0.0,0.0,0.41,7.7,4.97,3.9,4.78,5.07,3.02,0.0,3.31,3.22,3.31,10.41,10.46,10.25,9.92,0.0,0.68,2.6,2.99,2.7,5.88,7.43,8.68,7.81,7.43
2011-11-18,000059,10.37,10.24,10.37,10.1,64509,65716348.0,2.6,-1.25,-0.13,0.54,6.63,5.54,6.44,6.73,4.65,1.58,4.95,4.85,4.95,3.47,10.42,10.43,10.29,9.96,1.95,3.91,4.3,4.0,7.23,8.79,10.06,9.18,8.79,6.45
2011-11-21,000059,10.3,10.3,10.44,10.18,88881,91821352.0,2.54,0.59,0.06,0.74,4.72,5.6,5.89,3.83,0.79,4.13,4.03,4.13,2.65,1.87,10.37,10.41,10.35,10.0,3.3,3.69,3.4,6.6,8.16,9.42,8.54,8.16,5.83,2.52
2011-11-22,000059,10.25,10.62,10.64,10.15,163895,170960448.0,4.76,3.11,0.32,1.37,5.91,6.21,4.14,1.08,4.43,4.33,4.43,2.96,2.17,2.86,10.38,10.4,10.41,10.06,0.56,0.28,3.39,4.9,6.12,5.27,4.9,2.64,-0.56,-0.47
2011-11-23,000059,10.68,10.54,10.68,10.5,91693,96989112.0,1.69,-0.75,-0.08,0.76,2.67,0.67,-2.29,0.95,0.86,0.95,-0.48,-1.24,-0.57,1.33,10.41,10.39,10.44,10.11,1.04,4.17,5.69,6.93,6.07,5.69,3.42,0.19,0.28,-1.04
2011-11-24,000059,10.41,10.64,10.65,10.15,92652,96573272.0,4.74,0.95,0.1,0.77,4.14,1.08,4.43,4.33,4.43,2.96,2.17,2.86,4.83,5.22,10.47,10.44,10.46,10.16,3.2,4.7,5.92,5.08,4.7,2.44,-0.75,-0.66,-1.97,-3.57
2011-11-25,000059,10.64,10.89,10.98,10.52,170163,183652880.0,4.32,2.35,0.25,1.42,-2.47,0.76,0.67,0.76,-0.67,-1.43,-0.76,1.14,1.52,1.24,10.6,10.51,10.49,10.21,2.3,3.49,2.66,2.3,0.09,-3.03,-2.94,-4.22,-5.79,-9.09
2011-11-28,000059,10.9,11.1,11.14,10.81,189587,208664048.0,3.03,1.93,0.21,1.58,-1.94,-2.04,-1.94,-3.33,-4.07,-3.42,-1.57,-1.2,-1.48,1.57,10.76,10.57,10.54,10.26,1.53,0.72,0.36,-1.8,-4.86,-4.77,-6.04,-7.57,-10.81,-14.5
2011-11-29,000059,11.18,11.18,11.27,10.87,194349,215876464.0,3.6,0.72,0.08,1.62,-2.58,-2.48,-3.86,-4.6,-3.96,-2.12,-1.75,-2.02,1.01,2.48,10.87,10.63,10.57,10.32,0.0,-0.36,-2.5,-5.55,-5.46,-6.71,-8.23,-11.45,-15.12,-18.78
2011-11-30,000059,11.1,10.79,11.18,10.54,148289,160639568.0,5.72,-3.49,-0.39,1.24,0.57,-0.85,-1.61,-0.95,0.95,1.33,1.04,4.17,5.69,6.93,10.92,10.67,10.57,10.36,3.24,1.02,-2.13,-2.04,-3.34,-4.91,-8.25,-12.05,-15.85,-20.11
2011-12-01,000059,11.06,10.89,11.14,10.86,127854,140683088.0,2.59,0.93,0.1,1.06,-3.78,-4.51,-3.87,-2.03,-1.66,-1.93,1.1,2.58,3.78,2.95,10.97,10.72,10.59,10.41,0.09,-3.03,-2.94,-4.22,-5.79,-9.09,-12.86,-16.62,-20.84,-19.56
2011-12-02,000059,10.8,10.73,10.9,10.7,65076,70102448.0,1.84,-1.47,-0.16,0.54,-3.08,-2.43,-0.56,-0.19,-0.47,2.62,4.11,5.33,4.49,4.11,10.94,10.77,10.6,10.45,-1.58,-1.49,-2.8,-4.38,-7.74,-11.56,-15.38,-19.66,-18.36,-18.92
2011-12-06,000059,10.48,10.35,10.56,10.11,76561,78831192.0,4.19,-3.54,-0.38,0.64,3.26,5.24,5.64,5.34,8.61,10.19,11.47,10.58,10.19,7.81,10.79,10.77,10.59,10.49,2.13,0.77,-0.87,-4.35,-8.31,-12.27,-16.71,-15.36,-15.94,-16.23
2011-12-07,000059,10.35,10.35,10.57,10.21,36282,37494856.0,3.48,0.0,0.0,0.3,4.21,4.6,4.31,7.54,9.11,10.38,9.5,9.11,6.76,3.43,10.62,10.75,10.57,10.52,0.77,-0.87,-4.35,-8.31,-12.27,-16.71,-15.36,-15.94,-16.23,-16.43
2011-12-08,000059,10.34,10.27,10.43,10.1,68831,70552288.0,3.19,-0.77,-0.08,0.57,5.74,5.45,8.71,10.3,11.58,10.69,10.3,7.92,4.55,4.65,10.52,10.72,10.56,10.53,-0.1,-3.6,-7.59,-11.59,-16.07,-14.7,-15.29,-15.58,-15.77,-18.99
2011-12-09,000059,10.2,9.84,10.26,9.66,101741,100467432.0,5.84,-4.19,-0.43,0.85,10.25,13.66,15.32,16.67,15.73,15.32,12.84,9.32,9.42,7.97,10.31,10.64,10.54,10.52,0.61,-3.56,-7.72,-12.4,-10.98,-11.59,-11.89,-12.09,-15.45,-15.75
2011-12-12,000059,9.85,9.49,9.9,9.44,53704,51602412.0,4.67,-3.56,-0.35,0.45,16.31,18.01,19.39,18.43,18.01,15.47,11.86,11.97,10.49,8.69,10.06,10.5,10.5,10.5,0.0,-4.32,-9.17,-7.69,-8.32,-8.64,-8.85,-12.33,-12.64,-14.12
2011-12-13,000059,9.43,8.75,9.49,8.69,95293,85872240.0,8.43,-7.8,-0.74,0.79,28.19,29.69,28.65,28.19,25.43,21.52,21.63,20.02,18.07,13.92,9.74,10.26,10.41,10.45,3.77,-1.49,0.11,-0.57,-0.91,-1.14,-4.91,-5.26,-6.86,-9.26
2011-12-14,000059,8.72,8.54,9.08,8.46,85257,74512496.0,7.09,-2.4,-0.21,0.71,33.22,32.15,31.68,28.84,24.82,24.94,23.29,21.28,17.02,12.17,9.38,10.0,10.31,10.38,0.94,2.58,1.87,1.52,1.29,-2.58,-2.93,-4.57,-7.03,-11.12
2011-12-15,000059,8.49,8.53,8.62,8.35,59949,50823712.0,3.16,-0.12,-0.01,0.5,33.89,33.41,30.54,26.47,26.59,24.91,22.87,18.56,13.65,8.74,9.03,9.77,10.22,10.31,2.7,1.99,1.64,1.41,-2.46,-2.81,-4.45,-6.92,-11.02,-9.61
2011-12-16,000059,8.55,8.74,8.76,8.43,60002,51493116.0,3.87,2.46,0.21,0.5,32.15,29.3,25.27,25.39,23.72,21.71,17.44,12.57,7.71,2.25,8.81,9.56,10.14,10.24,-0.46,-0.8,-1.03,-4.81,-5.15,-6.75,-9.15,-13.16,-11.78,-11.33
2011-12-19,000059,8.7,8.55,8.7,8.27,59765,50775024.0,4.92,-2.17,-0.19,0.5,31.8,27.69,27.81,26.12,24.06,19.71,14.75,9.79,4.23,5.93,8.62,9.34,10.05,10.18,1.4,1.17,-2.69,-3.04,-4.68,-7.13,-11.23,-9.82,-9.36,-8.77
2011-12-20,000059,8.54,8.42,8.67,8.42,52493,44804240.0,2.92,-1.52,-0.13,0.44,25.42,25.53,23.87,21.85,17.58,12.71,7.84,2.38,4.04,3.33,8.56,9.15,9.96,10.11,2.73,-1.19,-1.54,-3.21,-5.7,-9.86,-8.43,-7.96,-7.36,-10.57
2011-12-21,000059,8.56,8.08,8.65,8.08,60422,50834808.0,6.77,-4.04,-0.34,0.5,30.82,29.08,26.98,22.52,17.45,12.38,6.68,8.42,7.67,7.3,8.46,8.92,9.83,10.02,2.97,2.6,0.87,-1.73,-6.06,-4.58,-4.08,-3.47,-6.81,-8.42
2011-12-22,000059,8.07,8.16,8.32,7.62,79906,63010752.0,8.66,0.99,0.08,0.67,36.88,34.65,29.92,24.54,19.16,13.12,14.96,14.17,13.78,13.52,8.39,8.71,9.71,9.94,1.59,-0.12,-2.7,-6.99,-5.51,-5.02,-4.41,-7.72,-9.31,-4.66
2011-12-23,000059,8.14,8.06,8.29,8.0,42303,34440140.0,3.55,-1.23,-0.1,0.35,28.25,23.75,18.63,13.5,7.75,9.5,8.75,8.38,8.13,4.0,8.25,8.53,9.59,9.87,1.12,-1.49,-5.83,-4.34,-3.85,-3.23,-6.58,-8.19,-3.47,2.36
2011-12-26,000059,8.0,7.91,8.15,7.89,34831,27819956.0,3.23,-1.86,-0.15,0.29,25.48,20.28,15.08,9.25,11.03,10.27,9.89,9.63,5.45,5.07,8.13,8.37,9.44,9.79,0.38,-4.05,-2.53,-2.02,-1.39,-4.8,-6.45,-1.64,4.3,4.68
2011-12-27,000059,7.9,7.59,7.94,7.56,44503,34360336.0,4.8,-4.05,-0.32,0.37,25.53,20.11,14.02,15.87,15.08,14.68,14.42,10.05,9.66,7.8,7.96,8.26,9.26,9.7,0.0,1.58,2.11,2.77,-0.79,-2.5,2.5,8.7,9.09,15.55
2011-12-28,000059,7.58,7.5,7.59,7.3,53327,39700780.0,3.82,-1.19,-0.09,0.44,24.38,18.08,20.0,19.18,18.77,18.49,13.97,13.56,11.64,8.77,7.84,8.15,9.08,9.59,2.8,3.33,4.0,0.4,-1.33,3.73,10.0,10.4,16.93,11.33
2011-12-29,000059,7.46,7.55,7.71,7.4,66812,50525288.0,4.13,0.67,0.05,0.56,16.49,18.38,17.57,17.16,16.89,12.43,12.03,10.14,7.3,2.57,7.72,8.06,8.92,9.5,2.65,3.31,-0.26,-1.99,3.05,9.27,9.67,16.16,10.6,7.02
2011-12-30,000059,7.64,7.6,7.75,7.55,64277,49000812.0,2.65,0.66,0.05,0.54,16.03,15.23,14.83,14.57,10.2,9.8,7.95,5.17,0.53,2.12,7.63,7.94,8.75,9.41,2.63,-0.92,-2.63,2.37,8.55,8.95,15.39,9.87,6.32,11.05
2012-01-04,000059,7.7,7.47,7.8,7.45,55066,42175328.0,4.61,-1.71,-0.13,0.46,16.78,16.38,16.11,11.68,11.28,9.4,6.58,1.88,3.49,4.03,7.54,7.83,8.59,9.31,0.8,-0.94,4.15,10.44,10.84,17.4,11.78,8.17,12.99,14.73
2012-01-05,000059,7.46,7.25,7.53,7.24,34253,25294392.0,3.88,-2.95,-0.22,0.29,19.75,19.48,14.92,14.5,12.57,9.67,4.83,6.49,7.04,7.73,7.47,7.72,8.43,9.21,2.07,7.31,13.79,14.21,20.97,15.17,11.45,16.41,18.21,17.1
2012-01-06,000059,7.24,7.37,7.4,7.15,43104,31392700.0,3.45,1.66,0.12,0.36,20.98,16.36,15.94,13.99,11.05,6.15,7.83,8.39,9.09,5.31,7.45,7.65,8.28,9.1,5.56,11.94,12.35,19.0,13.3,9.63,14.52,16.28,15.2,18.72
2012-01-09,000059,7.38,7.75,7.78,7.33,57720,43857668.0,6.11,5.16,0.38,0.48,13.51,13.1,11.19,8.32,3.55,5.18,5.73,6.41,2.73,0.95,7.49,7.61,8.16,9.01,6.45,6.84,13.16,7.74,4.26,8.9,10.58,9.55,12.9,15.74
2012-01-10,000059,7.78,8.2,8.25,7.76,128784,103030832.0,6.32,5.81,0.45,1.07,6.83,5.03,2.32,-2.19,-0.64,-0.13,0.52,-2.96,-4.64,0.26,7.61,7.62,8.08,8.93,0.98,6.95,1.83,-1.46,2.93,4.51,3.54,6.71,9.39,6.71
2012-01-11,000059,8.23,8.2,8.28,8.13,72145,59261312.0,1.83,0.0,0.0,0.6,0.25,-2.34,-6.64,-5.17,-4.67,-4.06,-7.38,-8.98,-4.31,1.48,7.75,7.65,8.01,8.84,6.95,1.83,-1.46,2.93,4.51,3.54,6.71,9.39,6.71,8.9
2012-01-12,000059,8.44,8.28,8.77,8.27,138003,117004112.0,6.1,0.98,0.08,1.15,-3.99,-8.22,-6.77,-6.29,-5.68,-8.95,-10.52,-5.93,-0.24,0.12,7.96,7.72,7.99,8.75,0.85,-2.42,1.93,3.5,2.54,5.68,8.33,5.68,7.85,6.16
2012-01-13,000059,8.21,7.97,8.35,7.77,103498,83116800.0,7.0,-3.74,-0.31,0.86,-2.32,-0.77,-0.26,0.39,-3.09,-4.76,0.13,6.18,6.56,12.87,8.08,7.76,7.96,8.64,1.38,5.9,7.53,6.52,9.79,12.55,9.79,12.05,10.29,12.55
2012-01-16,000059,7.85,7.93,8.08,7.8,49468,39381840.0,3.51,-0.5,-0.04,0.41,-1.15,-0.64,0.0,-3.46,-5.13,-0.26,5.77,6.15,12.44,7.05,8.12,7.8,7.93,8.54,6.43,8.07,7.06,10.34,13.11,10.34,12.61,10.84,13.11,14.75
2012-01-17,000059,7.99,8.43,8.44,7.95,87851,72266784.0,6.18,6.31,0.5,0.73,-2.52,-1.89,-5.28,-6.92,-2.14,3.77,4.15,10.31,5.03,1.64,8.16,7.89,7.91,8.46,1.66,0.71,3.8,6.41,3.8,5.93,4.27,6.41,7.95,5.1
2012-01-18,000059,8.45,8.3,8.57,8.21,76119,63718872.0,4.27,-1.54,-0.13,0.63,-4.99,-8.28,-9.87,-5.24,0.49,0.85,6.82,1.71,-1.58,2.8,8.18,7.97,7.9,8.38,2.29,5.42,8.07,5.42,7.59,5.9,8.07,9.64,6.75,7.35
2012-01-19,000059,8.34,8.39,8.49,8.25,67267,56236548.0,2.89,1.08,0.09,0.56,-8.73,-10.3,-5.7,0.0,0.36,6.3,1.21,-2.06,2.3,3.88,8.2,8.08,7.9,8.32,4.29,6.91,4.29,6.44,4.77,6.91,8.46,5.6,6.2,7.03
2012-01-20,000059,8.43,8.73,8.75,8.43,120314,103420960.0,3.81,4.05,0.34,1.0,-12.22,-7.71,-2.14,-1.78,4.03,-0.95,-4.15,0.12,1.66,0.71,8.36,8.22,7.93,8.26,2.75,0.23,2.29,0.69,2.75,4.24,1.49,2.06,2.86,2.41
2012-01-30,000059,8.77,8.69,8.97,8.56,87448,76876576.0,4.7,-0.46,-0.04,0.73,-9.11,-3.62,-3.27,2.45,-2.45,-5.61,-1.4,0.12,-0.82,2.22,8.51,8.31,7.96,8.21,0.69,2.76,1.15,3.22,4.72,1.96,2.53,3.34,2.88,2.99
2012-01-31,000059,8.68,8.63,8.75,8.55,48579,41855020.0,2.3,-0.69,-0.06,0.4,-3.51,-3.16,2.57,-2.34,-5.5,-1.29,0.23,-0.7,2.34,4.91,8.55,8.36,7.99,8.17,3.48,1.85,3.94,5.45,2.67,3.24,4.06,3.59,3.71,4.98
2012-02-01,000059,8.76,8.68,8.93,8.62,114344,100883072.0,3.59,0.58,0.05,0.95,-3.94,1.74,-3.13,-6.26,-2.09,-0.58,-1.51,1.51,4.06,1.51,8.62,8.4,8.03,8.14,1.27,3.34,4.84,2.07,2.65,3.46,3.0,3.11,4.38,4.26
2012-02-02,000059,8.75,8.76,8.79,8.55,114552,99406920.0,2.76,0.92,0.08,0.95,2.57,-2.34,-5.5,-1.29,0.23,-0.7,2.34,4.91,2.34,4.44,8.7,8.45,8.08,8.14,2.4,3.88,1.14,1.71,2.51,2.05,2.17,3.42,3.31,3.88
2012-02-03,000059,8.79,8.87,8.97,8.71,156534,138985904.0,2.97,1.26,0.11,1.3,-4.13,-7.23,-3.1,-1.61,-2.53,0.46,2.99,0.46,2.53,0.92,8.73,8.54,8.15,8.15,2.59,-0.11,0.45,1.24,0.79,0.9,2.14,2.03,2.59,2.48
2012-02-06,000059,8.96,8.88,9.1,8.78,108192,96600992.0,3.61,0.11,0.01,0.9,-7.97,-3.87,-2.39,-3.3,-0.34,2.16,-0.34,1.71,0.11,2.16,8.76,8.64,8.22,8.16,-0.23,0.34,1.13,0.68,0.79,2.03,1.91,2.48,2.36,2.03
2012-02-07,000059,8.79,8.57,8.86,8.52,75751,65432976.0,3.83,-3.49,-0.31,0.63,-0.94,0.59,-0.35,2.7,5.28,2.7,4.81,3.17,5.28,6.81,8.75,8.65,8.27,8.16,3.97,4.78,4.32,4.43,5.72,5.6,6.18,6.07,5.72,4.55
2012-02-08,000059,8.62,8.91,8.91,8.55,94274,82530608.0,4.2,3.97,0.34,0.79,0.23,-0.7,2.34,4.91,2.34,4.44,2.81,4.91,6.43,3.63,8.8,8.71,8.34,8.17,0.79,0.34,0.45,1.68,1.57,2.13,2.02,1.68,0.56,1.8
2012-02-09,000059,8.9,8.86,8.98,8.8,125737,111760960.0,2.02,-0.56,-0.05,1.05,-3.52,-0.57,1.93,-0.57,1.48,-0.11,1.93,3.41,0.68,1.25,8.82,8.76,8.42,8.19,0.9,1.02,2.26,2.14,2.71,2.6,2.26,1.13,2.37,4.18
2012-02-10,000059,8.85,8.84,8.94,8.8,103045,91345840.0,1.58,-0.23,-0.02,0.86,-0.57,1.93,-0.57,1.48,-0.11,1.93,3.41,0.68,1.25,2.05,8.81,8.77,8.49,8.21,1.24,2.49,2.38,2.94,2.83,2.49,1.36,2.6,4.41,4.75
2012-02-13,000059,8.77,8.89,8.95,8.65,105080,92509064.0,3.39,0.57,0.05,0.88,3.7,1.16,3.24,1.62,3.7,5.2,2.43,3.01,3.82,3.35,8.81,8.79,8.55,8.24,1.91,1.8,2.36,2.25,1.91,0.79,2.02,3.82,4.16,7.09
2012-02-14,000059,8.88,8.94,9.06,8.84,177404,158983232.0,2.47,0.56,0.05,1.48,-1.02,1.02,-0.57,1.47,2.94,0.23,0.79,1.58,1.13,1.24,8.89,8.82,8.59,8.26,1.23,1.79,1.68,1.34,0.22,1.45,3.24,3.58,6.49,7.38
2012-02-15,000059,8.91,8.98,9.05,8.82,129563,115780784.0,2.57,0.45,0.04,1.08,1.25,-0.34,1.7,3.17,0.45,1.02,1.81,1.36,1.47,2.72,8.9,8.85,8.63,8.3,1.34,1.22,0.89,-0.22,1.0,2.78,3.12,6.01,6.9,7.46
2012-02-16,000059,8.98,8.99,9.1,8.86,122884,110501016.0,2.67,0.11,0.01,1.02,-0.79,1.24,2.71,0.0,0.56,1.35,0.9,1.02,2.26,2.14,8.93,8.87,8.66,8.35,1.11,0.78,-0.33,0.89,2.67,3.0,5.9,6.79,7.34,6.12
2012-02-17,000059,9.04,8.93,9.09,8.86,77618,69360784.0,2.56,-0.67,-0.06,0.65,1.24,2.71,0.0,0.56,1.35,0.9,1.02,2.26,2.14,2.71,8.95,8.88,8.71,8.39,1.46,0.34,1.57,3.36,3.7,6.61,7.5,8.06,6.83,9.41
2012-02-20,000059,9.05,8.93,9.06,8.91,81822,73556728.0,1.68,0.0,0.0,0.68,2.13,-0.56,0.0,0.79,0.34,0.45,1.68,1.57,2.13,2.02,8.95,8.88,8.76,8.44,0.34,1.57,3.36,3.7,6.61,7.5,8.06,6.83,9.41,18.59
2012-02-21,000059,8.91,8.89,8.96,8.74,135770,119856248.0,2.46,-0.45,-0.04,1.13,1.37,1.95,2.75,2.29,2.4,3.66,3.55,4.12,4.0,3.66,8.94,8.92,8.78,8.48,2.02,3.82,4.16,7.09,7.99,8.55,7.31,9.9,19.12,18.56
2012-02-22,000059,8.9,9.03,9.07,8.86,153773,137953920.0,2.36,1.57,0.14,1.28,0.56,1.35,0.9,1.02,2.26,2.14,2.71,2.6,2.26,1.13,8.95,8.93,8.82,8.54,2.21,2.55,5.43,6.31,6.87,5.65,8.19,17.28,16.72,16.72
2012-02-23,000059,9.03,9.19,9.23,8.98,203057,184657760.0,2.77,1.77,0.16,1.69,0.0,-0.45,-0.33,0.89,0.78,1.34,1.22,0.89,-0.22,1.0,8.99,8.96,8.86,8.6,0.76,3.59,4.46,5.01,3.81,6.31,15.23,14.69,14.69,13.82
2012-02-24,000059,9.19,9.24,9.26,9.07,140606,129045272.0,2.07,0.54,0.05,1.17,-1.43,-1.32,-0.11,-0.22,0.33,0.22,-0.11,-1.21,0.0,1.76,9.06,9.0,8.89,8.66,3.03,3.9,4.44,3.25,5.74,14.61,14.07,14.07,13.2,15.26
2012-02-27,000059,9.26,9.27,9.52,9.18,242644,227677392.0,3.68,0.32,0.03,2.02,-2.51,-1.31,-1.42,-0.87,-0.98,-1.31,-2.4,-1.2,0.54,0.87,9.12,9.04,8.91,8.71,3.56,4.1,2.91,5.39,14.24,13.7,13.7,12.84,14.89,15.21
2012-02-28,000059,9.28,9.56,9.6,9.23,216314,204810144.0,3.99,3.13,0.29,1.8,-1.84,-1.95,-1.41,-1.52,-1.84,-2.93,-1.73,0.0,0.33,3.14,9.26,9.1,8.96,8.76,0.94,-0.21,2.2,10.77,10.25,10.25,9.41,11.4,11.72,10.46
2012-02-29,000059,9.51,9.35,9.65,9.34,119709,113305024.0,3.24,-2.2,-0.21,1.0,-3.1,-2.57,-2.68,-3.0,-4.07,-2.89,-1.18,-0.86,1.93,2.78,9.32,9.14,8.99,8.8,2.03,4.49,13.26,12.73,12.73,11.87,13.9,14.22,12.94,14.12
2012-03-01,000059,9.35,9.41,9.54,9.31,91667,86797008.0,2.46,0.64,0.06,0.76,-2.26,-2.36,-2.69,-3.76,-2.58,-0.86,-0.54,2.26,3.11,3.65,9.37,9.18,9.03,8.83,3.83,12.54,12.01,12.01,11.16,13.18,13.5,12.22,13.39,8.18
2012-03-02,000059,9.54,9.72,9.77,9.53,163207,158183360.0,2.55,3.29,0.31,1.36,-4.62,-4.93,-5.98,-4.83,-3.15,-2.83,-0.1,0.73,1.26,0.1,9.46,9.26,9.07,8.89,8.95,8.44,8.44,7.61,9.57,9.88,8.64,9.77,4.73,2.47
2012-03-05,000059,9.76,10.37,10.59,9.75,339222,344568928.0,8.64,6.69,0.65,2.83,-7.08,-8.1,-6.97,-5.33,-5.03,-2.36,-1.54,-1.03,-2.15,0.21,9.68,9.4,9.14,8.97,1.64,1.64,0.87,2.7,2.99,1.83,2.89,-1.83,-3.95,-0.68
2012-03-06,000059,10.22,10.46,10.54,10.2,203403,210556336.0,3.28,0.87,0.09,1.69,-12.16,-11.08,-9.51,-9.22,-6.67,-5.88,-5.39,-6.47,-4.22,3.82,9.86,9.56,9.24,9.04,0.76,0.0,1.82,2.1,0.96,2.01,-2.68,-4.78,-1.53,0.1
2012-03-07,000059,10.31,10.31,10.54,10.25,165514,172164112.0,2.77,-1.43,-0.15,1.38,-11.51,-9.95,-9.66,-7.12,-6.34,-5.85,-6.93,-4.68,3.32,2.83,10.05,9.69,9.31,9.11,1.45,3.3,3.59,2.42,3.49,-1.26,-3.39,-0.1,1.55,-1.45
2012-03-08,000059,10.36,10.36,10.46,10.23,134548,139084480.0,2.23,0.48,0.05,1.12,-9.78,-9.48,-6.94,-6.16,-5.67,-6.74,-4.5,3.52,3.03,3.03,10.24,9.81,9.38,9.17,2.8,3.09,1.93,2.99,-1.74,-3.86,-0.58,1.06,-1.93,-2.9
2012-03-09,000059,10.42,10.64,10.65,10.34,166803,175228112.0,2.99,2.7,0.28,1.39,-10.44,-7.93,-7.16,-6.67,-7.74,-5.51,2.42,1.93,1.93,1.16,10.43,9.95,9.47,9.24,0.38,-0.75,0.28,-4.32,-6.39,-3.2,-1.6,-4.51,-5.45,-7.14
2012-03-12,000059,10.62,10.45,10.68,10.35,145046,151906688.0,3.1,-1.79,-0.19,1.21,-8.02,-7.25,-6.76,-7.83,-5.6,2.32,1.84,1.84,1.06,2.9,10.44,10.06,9.55,9.3,1.05,2.11,-2.58,-4.69,-1.44,0.19,-2.78,-3.73,-5.45,-8.13
2012-03-13,000059,10.4,10.36,10.56,10.26,185768,192413040.0,2.87,-0.86,-0.09,1.55,-6.43,-5.95,-7.02,-4.78,3.22,2.73,2.73,1.95,3.8,4.09,10.42,10.14,9.62,9.35,2.99,-1.74,-3.86,-0.58,1.06,-1.93,-2.9,-4.63,-7.34,-8.11
2012-03-14,000059,10.39,10.18,10.67,10.0,291232,301970272.0,6.47,-1.74,-0.18,2.43,-3.5,-4.6,-2.3,5.9,5.4,5.4,4.6,6.5,6.8,5.6,10.4,10.23,9.68,9.4,0.0,-2.16,1.18,2.85,-0.2,-1.18,-2.95,-5.7,-6.48,-9.53
2012-03-15,000059,10.04,9.72,10.18,9.49,189511,185612592.0,6.78,-4.52,-0.46,1.58,0.53,2.95,11.59,11.06,11.06,10.22,12.22,12.54,11.28,12.43,10.27,10.26,9.72,9.44,2.47,5.97,7.72,4.53,3.5,1.65,-1.23,-2.06,-5.25,-7.92
2012-03-16,000059,9.72,9.88,9.96,9.53,124513,121970248.0,4.42,1.65,0.16,1.04,2.52,11.12,10.6,10.6,9.76,11.75,12.07,10.81,11.96,6.82,10.12,10.27,9.77,9.47,4.25,5.97,2.83,1.82,0.0,-2.83,-3.64,-6.78,-9.41,-12.04
2012-03-19,000059,9.76,10.26,10.3,9.71,190290,192058432.0,5.97,3.85,0.38,1.59,9.06,8.55,8.55,7.72,9.68,9.99,8.75,9.89,4.84,2.57,10.08,10.26,9.83,9.52,2.05,-0.97,-1.95,-3.7,-6.43,-7.21,-10.23,-12.77,-15.3,-13.45
2012-03-20,000059,10.38,9.92,10.47,9.92,133745,135824190.0,5.36,-3.31,-0.34,1.11,6.25,6.25,5.44,7.36,7.66,6.45,7.56,2.62,0.4,3.83,9.99,10.21,9.88,9.56,2.42,1.41,-0.4,-3.23,-4.03,-7.16,-9.78,-12.4,-10.48,-11.39
2012-03-21,000059,9.98,10.03,10.16,9.88,144334,144538536.0,2.82,1.11,0.11,1.2,6.68,5.87,7.79,8.1,6.88,8.0,3.04,0.81,4.25,5.97,9.96,10.18,9.93,9.6,0.3,-1.5,-4.29,-5.08,-8.18,-10.77,-13.36,-11.47,-12.36,-14.26
2012-03-22,000059,10.03,9.8,10.06,9.75,65767,64962191.0,3.09,-2.29,-0.23,0.55,7.28,9.23,9.54,8.31,9.44,4.41,2.15,5.64,7.38,4.21,9.98,10.12,9.96,9.63,0.82,-2.04,-2.86,-6.02,-8.67,-11.33,-9.39,-10.31,-12.24,-9.18
2012-03-23,000059,9.8,9.36,9.88,9.29,119051,113637074.0,6.02,-4.49,-0.44,0.99,14.64,14.96,13.67,14.85,9.58,7.21,10.87,12.7,9.36,8.29,9.87,10.0,9.97,9.65,2.56,1.71,-1.6,-4.38,-7.16,-5.13,-6.09,-8.12,-4.91,-3.85
2012-03-26,000059,9.35,9.4,9.6,9.3,63708,60030236.0,3.21,0.43,0.04,0.53,14.84,13.55,14.73,9.46,7.1,10.75,12.58,9.25,8.17,6.24,9.7,9.89,9.98,9.66,1.28,-2.02,-4.79,-7.55,-5.53,-6.49,-8.51,-5.32,-4.26,-3.4
2012-03-27,000059,9.49,9.27,9.52,9.23,75131,70416760.0,3.09,-1.38,-0.13,0.63,14.41,15.6,10.29,7.91,11.59,13.43,10.08,8.99,7.04,4.01,9.57,9.78,9.96,9.68,-0.65,-3.45,-6.26,-4.21,-5.18,-7.23,-3.99,-2.91,-2.05,-3.13
2012-03-28,000059,9.2,8.91,9.21,8.82,103725,92973692.0,4.21,-3.88,-0.36,0.86,20.98,15.42,12.93,16.78,18.71,15.19,14.06,12.02,8.84,7.94,9.35,9.66,9.94,9.67,0.45,-2.47,-0.34,-1.35,-3.48,-0.11,1.01,1.91,0.79,0.67
2012-03-29,000059,8.87,8.58,8.95,8.47,115021,99796409.0,5.39,-3.7,-0.33,0.96,20.19,17.59,21.61,23.61,19.95,18.77,16.65,13.34,12.4,8.74,9.1,9.54,9.9,9.66,1.28,3.5,2.45,0.23,3.73,4.9,5.83,4.66,4.55,6.18
2012-03-30,000059,8.59,8.49,8.69,8.41,56390,48233135.0,3.26,-1.05,-0.09,0.47,18.43,22.47,24.49,20.81,19.62,17.48,14.15,13.2,9.51,6.42,8.93,9.4,9.84,9.64,4.59,3.53,1.3,4.83,6.01,6.95,5.77,5.65,7.3,10.6
2012-04-05,000059,8.49,8.81,8.88,8.49,94789,82407572.0,4.59,3.77,0.32,0.79,21.32,23.32,19.67,18.49,16.37,13.07,12.13,8.48,5.42,2.36,8.81,9.26,9.76,9.64,-0.23,-2.38,1.02,2.16,3.06,1.93,1.82,3.41,6.58,9.08
2012-04-06,000059,8.58,8.76,8.79,8.4,145084,125208968.0,4.43,-0.57,-0.05,1.21,24.64,20.95,19.76,17.62,14.29,13.33,9.64,6.55,3.45,5.71,8.71,9.14,9.67,9.64,-1.83,1.6,2.74,3.65,2.51,2.4,4.0,7.19,9.7,9.7
2012-04-10,000059,8.53,8.58,8.6,8.24,109670,92395816.0,4.11,-2.05,-0.18,0.91,23.3,22.09,19.9,16.5,15.53,11.77,8.62,5.46,7.77,6.67,8.64,9.0,9.59,9.62,3.73,4.9,5.83,4.66,4.55,6.18,9.44,12.0,12.0,11.66
2012-04-11,000059,8.58,8.63,8.9,8.44,66946,57772084.0,5.36,0.58,0.05,0.56,19.19,17.06,13.74,12.8,9.12,6.04,2.96,5.21,4.15,1.9,8.65,8.88,9.5,9.6,4.29,5.21,4.06,3.94,5.56,8.81,11.36,11.36,11.01,8.92
2012-04-12,000059,8.65,8.93,9.0,8.65,124261,109506807.0,4.06,3.48,0.3,1.04,14.22,10.98,10.06,6.47,3.47,0.46,2.66,1.62,-0.58,2.89,8.74,8.84,9.42,9.59,1.68,0.56,0.45,2.02,5.15,7.61,7.61,7.28,5.26,4.59
2012-04-13,000059,8.93,8.98,9.08,8.84,83069,74437630.0,2.69,0.56,0.05,0.69,8.6,7.69,4.19,1.24,-1.7,0.45,-0.57,-2.71,0.68,1.81,8.78,8.79,9.34,9.58,0.0,-0.11,1.45,4.57,7.02,7.02,6.68,4.68,4.01,3.56
2012-04-16,000059,8.9,8.91,8.98,8.83,42166,37545806.0,1.67,-0.78,-0.07,0.35,7.81,4.3,1.36,-1.59,0.57,-0.45,-2.6,0.79,1.93,2.83,8.81,8.76,9.27,9.56,0.67,2.24,5.39,7.86,7.86,7.52,5.5,4.83,4.38,9.99
2012-04-17,000059,8.96,8.78,8.97,8.75,47534,42099552.0,2.47,-1.46,-0.13,0.4,5.26,2.29,-0.69,1.49,0.46,-1.71,1.71,2.86,3.77,2.63,8.85,8.75,9.2,9.54,3.76,6.95,9.45,9.45,9.11,7.06,6.38,5.92,11.62,10.82
2012-04-18,000059,8.9,9.04,9.11,8.79,75806,68162055.0,3.64,2.96,0.26,0.63,1.82,-1.14,1.02,0.0,-2.16,1.25,2.39,3.3,2.16,2.05,8.93,8.79,9.17,9.53,3.87,6.31,6.31,5.97,3.98,3.32,2.88,8.41,7.63,8.3
2012-04-19,000059,9.01,9.36,9.39,9.01,150747,139429517.0,4.2,3.54,0.32,1.26,-3.55,-1.44,-2.44,-4.55,-1.22,-0.11,0.78,-0.33,-0.44,1.11,9.01,8.88,9.14,9.52,2.67,2.67,2.35,0.43,-0.21,-0.64,4.7,3.95,4.59,5.45
2012-04-20,000059,9.36,9.57,9.61,9.3,109864,104534144.0,3.31,2.24,0.21,0.92,-4.52,-5.48,-7.53,-4.3,-3.23,-2.37,-3.44,-3.55,-2.04,0.97,9.13,8.95,9.11,9.49,0.42,0.1,-1.78,-2.4,-2.82,2.4,1.67,2.3,3.13,3.34
2012-04-23,000059,9.6,9.55,9.61,9.33,108036,102279560.0,2.93,-0.21,-0.02,0.9,-5.79,-7.82,-4.61,-3.54,-2.68,-3.75,-3.86,-2.36,0.64,3.0,9.26,9.03,9.09,9.46,0.31,-1.57,-2.2,-2.62,2.62,1.88,2.51,3.35,3.56,1.57
2012-04-24,000059,9.55,9.38,9.58,9.0,122344,113195662.0,6.07,-1.78,-0.17,1.02,-4.44,-1.11,0.0,0.89,-0.22,-0.33,1.22,4.33,6.78,6.78,9.38,9.11,9.05,9.43,0.21,-0.43,-0.85,4.48,3.73,4.37,5.22,5.44,3.41,2.35
2012-04-25,000059,9.28,9.27,9.4,9.13,76791,71131732.0,2.88,-1.17,-0.11,0.64,-2.52,-1.42,-0.55,-1.64,-1.75,-0.22,2.85,5.26,5.26,4.93,9.43,9.18,9.03,9.39,0.76,0.32,5.72,4.96,5.61,6.47,6.69,4.64,3.56,4.53
2012-04-26,000059,9.27,9.27,9.34,9.16,54825,50703627.0,1.94,0.0,0.0,0.46,-1.75,-0.87,-1.97,-2.07,-0.55,2.51,4.91,4.91,4.59,2.62,9.41,9.21,9.02,9.35,0.32,5.72,4.96,5.61,6.47,6.69,4.64,3.56,4.53,3.45
2012-04-27,000059,9.26,9.22,9.3,9.0,59572,54656067.0,3.24,-0.54,-0.05,0.5,0.89,-0.22,-0.33,1.22,4.33,6.78,6.78,6.44,4.44,3.78,9.34,9.24,9.01,9.31,6.29,5.53,6.18,7.05,7.27,5.21,4.12,5.1,4.01,4.34
2012-05-02,000059,9.28,9.67,9.8,9.28,141816,135476114.0,5.64,4.88,0.45,1.18,-3.23,-3.34,-1.83,1.19,3.56,3.56,3.23,1.29,0.65,0.22,9.36,9.31,9.03,9.28,0.62,1.24,2.07,2.28,0.31,-0.72,0.21,-0.83,-0.52,-2.59
2012-05-03,000059,9.64,9.6,9.73,9.5,68799,66122231.0,2.38,-0.72,-0.07,0.57,-5.58,-4.11,-1.16,1.16,1.16,0.84,-1.05,-1.68,-2.11,3.16,9.41,9.39,9.07,9.26,1.98,2.81,3.02,1.04,0.0,0.94,-0.1,0.21,-1.87,-3.12
2012-05-04,000059,9.63,9.68,9.79,9.57,114039,110712652.0,2.29,0.83,0.08,0.95,-4.81,-1.88,0.42,0.42,0.1,-1.78,-2.4,-2.82,2.4,1.67,9.49,9.46,9.12,9.26,1.96,2.17,0.21,-0.83,0.1,-0.93,-0.62,-2.69,-3.93,-7.13
2012-05-07,000059,9.62,9.8,9.87,9.61,99446,97095710.0,2.69,1.24,0.12,0.83,-2.29,0.0,0.0,-0.31,-2.19,-2.81,-3.23,1.98,1.25,1.87,9.59,9.5,9.19,9.26,0.92,-1.02,-2.04,-1.12,-2.14,-1.84,-3.88,-5.1,-8.27,-8.27
2012-05-09,000059,9.68,9.49,9.89,9.39,120549,116456381.0,5.1,-3.16,-0.31,1.0,2.34,2.34,2.02,0.11,-0.53,-0.96,4.37,3.62,4.26,5.11,9.65,9.49,9.22,9.23,2.21,1.16,2.11,1.05,1.37,-0.74,-2.0,-5.27,-5.27,-5.69
2012-05-10,000059,9.5,9.49,9.7,9.49,99968,95838602.0,2.21,0.0,0.0,0.83,1.26,0.95,-0.95,-1.58,-2.0,3.27,2.53,3.16,4.0,4.21,9.61,9.49,9.26,9.22,1.16,2.11,1.05,1.37,-0.74,-2.0,-5.27,-5.27,-5.69,-7.17
2012-05-11,000059,9.5,9.57,9.6,9.34,77701,73941326.0,2.74,0.84,0.08,0.65,2.57,0.64,0.0,-0.43,4.93,4.18,4.82,5.67,5.89,3.85,9.61,9.51,9.31,9.21,1.25,0.21,0.52,-1.57,-2.82,-6.06,-6.06,-6.48,-7.94,-9.51
2012-05-14,000059,9.57,9.49,9.69,9.43,78291,74786850.0,2.72,-0.84,-0.08,0.65,-0.32,-0.95,-1.38,3.92,3.18,3.82,4.67,4.88,2.86,1.8,9.57,9.53,9.35,9.19,1.05,1.37,-0.74,-2.0,-5.27,-5.27,-5.69,-7.17,-8.75,-7.69
2012-05-15,000059,9.39,9.55,9.59,9.28,78352,73947853.0,3.27,0.63,0.06,0.65,0.65,0.22,5.6,4.85,5.5,6.36,6.57,4.53,3.45,4.42,9.52,9.56,9.38,9.2,0.73,-1.36,-2.62,-5.86,-5.86,-6.28,-7.75,-9.32,-8.27,-6.6
2012-05-16,000059,9.52,9.35,9.62,9.29,81350,77129206.0,3.46,-2.09,-0.2,0.68,0.11,5.49,4.74,5.38,6.24,6.46,4.41,3.34,4.31,3.23,9.49,9.57,9.4,9.2,0.75,-0.53,-3.85,-3.85,-4.28,-5.78,-7.38,-6.31,-4.6,-5.24
2012-05-17,000059,9.39,9.37,9.42,9.23,64003,59743758.0,2.03,0.21,0.02,0.53,6.18,5.42,6.07,6.93,7.15,5.09,4.01,4.98,3.9,4.23,9.47,9.54,9.43,9.2,-0.75,-4.06,-4.06,-4.48,-5.98,-7.58,-6.51,-4.8,-5.44,-5.76
2012-05-18,000059,9.3,8.9,9.3,8.89,99493,90312796.0,4.38,-5.02,-0.47,0.83,9.45,10.12,11.02,11.25,9.11,7.99,9.0,7.87,8.21,5.96,9.33,9.47,9.43,9.2,1.01,1.01,0.56,-1.01,-2.7,-1.57,0.22,-0.45,-0.79,0.45
2012-05-21,000059,8.9,8.81,8.99,8.66,71174,62444364.0,3.71,-1.01,-0.09,0.59,13.05,13.97,14.2,12.01,10.85,11.89,10.74,11.09,8.78,7.39,9.2,9.38,9.42,9.21,2.04,1.59,0.0,-1.7,-0.57,1.25,0.57,0.23,1.48,-1.25
2012-05-22,000059,8.85,8.95,8.99,8.81,65400,58177670.0,2.04,1.59,0.14,0.54,12.03,12.26,10.1,8.97,9.99,8.85,9.19,6.92,5.56,2.04,9.08,9.3,9.4,9.23,0.0,-1.56,-3.24,-2.12,-0.34,-1.01,-1.34,-0.11,-2.79,-3.58
2012-05-23,000059,8.91,8.81,8.95,8.72,64475,56898847.0,2.57,-1.56,-0.14,0.54,13.42,11.24,10.09,11.12,9.98,10.32,8.03,6.65,3.1,3.1,8.97,9.23,9.36,9.23,0.0,-1.7,-0.57,1.25,0.57,0.23,1.48,-1.25,-2.04,-3.18
2012-05-24,000059,8.81,8.58,8.81,8.53,70589,60961895.0,3.18,-2.61,-0.23,0.59,13.72,12.54,13.6,12.43,12.78,10.43,9.03,5.39,5.39,4.92,8.81,9.14,9.31,9.22,0.93,2.1,3.96,3.26,2.91,4.2,1.4,0.58,-0.58,-0.58
2012-05-25,000059,8.59,8.59,8.66,8.5,34931,30015798.0,1.86,0.12,0.01,0.29,12.94,14.0,12.82,13.18,10.82,9.41,5.76,5.76,5.29,3.65,8.75,9.04,9.27,9.22,1.98,3.84,3.14,2.79,4.07,1.28,0.47,-0.7,-0.7,-0.47
2012-05-28,000059,8.59,8.73,8.76,8.47,85234,73223303.0,3.38,1.63,0.14,0.71,14.4,13.22,13.58,11.22,9.8,6.14,6.14,5.67,4.01,2.24,8.73,8.96,9.25,9.22,2.18,1.49,1.15,2.41,-0.34,-1.15,-2.29,-2.29,-2.06,-3.21
2012-05-29,000059,8.75,8.83,8.92,8.68,63615,56097248.0,2.75,1.15,0.1,0.53,10.48,10.83,8.53,7.14,3.57,3.57,3.11,1.5,-0.23,0.92,8.71,8.89,9.22,9.22,0.34,0.0,1.25,-1.47,-2.27,-3.4,-3.4,-3.17,-4.3,-4.98
2012-05-30,000059,8.8,8.76,8.86,8.75,46072,40561279.0,1.25,-0.79,-0.07,0.38,9.94,7.66,6.29,2.74,2.74,2.29,0.69,-1.03,0.11,1.94,8.7,8.83,9.2,9.21,0.8,2.05,-0.68,-1.48,-2.63,-2.63,-2.4,-3.54,-4.22,-4.45
2012-05-31,000059,8.73,8.77,8.83,8.59,60783,53027397.0,2.74,0.11,0.01,0.51,9.66,8.27,4.66,4.66,4.19,2.56,0.81,1.98,3.84,3.14,8.74,8.77,9.16,9.21,1.94,-0.8,-1.6,-2.74,-2.74,-2.51,-3.65,-4.33,-4.56,-4.9
2012-06-01,000059,8.74,8.83,8.94,8.74,56175,49737397.0,2.28,0.68,0.06,0.47,6.41,2.86,2.86,2.4,0.8,-0.92,0.23,2.06,1.37,1.03,8.78,8.77,9.12,9.21,-1.47,-2.27,-3.4,-3.4,-3.17,-4.3,-4.98,-5.21,-5.55,-5.78
2012-06-04,000059,8.7,8.59,8.7,8.4,76987,65772519.0,3.4,-2.72,-0.24,0.64,7.02,7.02,6.55,4.88,3.1,4.29,6.19,5.48,5.12,6.43,8.76,8.74,9.06,9.19,0.47,-0.7,-0.7,-0.47,-1.63,-2.33,-2.56,-2.91,-3.14,-2.68
2012-06-05,000059,8.58,8.47,8.63,8.41,42961,36444483.0,2.56,-1.4,-0.12,0.36,6.9,6.42,4.76,2.97,4.16,6.06,5.35,4.99,6.3,3.45,8.68,8.7,9.0,9.16,0.71,0.71,0.94,-0.24,-0.94,-1.18,-1.53,-1.77,-1.3,-1.53
2012-06-06,000059,8.52,8.4,8.53,8.37,33532,28343455.0,1.89,-0.83,-0.07,0.28,6.93,5.26,3.46,4.66,6.57,5.85,5.5,6.81,3.94,3.11,8.61,8.66,8.94,9.13,1.55,1.79,0.6,-0.12,-0.36,-0.71,-0.95,-0.48,-0.71,0.12
2012-06-07,000059,8.48,8.45,8.53,8.25,33818,28425985.0,3.33,0.6,0.05,0.28,6.79,4.97,6.18,8.12,7.39,7.03,8.36,5.45,4.61,3.39,8.55,8.64,8.89,9.09,1.18,0.0,-0.71,-0.95,-1.3,-1.54,-1.07,-1.3,-0.47,-0.71
2012-06-08,000059,8.5,8.3,8.55,8.29,36137,30346288.0,3.08,-1.78,-0.15,0.3,4.46,5.67,7.6,6.88,6.51,7.84,4.95,4.1,2.9,2.9,8.44,8.61,8.83,9.05,1.81,1.08,0.84,0.48,0.24,0.72,0.48,1.33,1.08,-0.24
2012-06-11,000059,8.33,8.45,8.45,8.23,52768,44067434.0,2.65,1.81,0.15,0.44,6.44,8.38,7.65,7.29,8.63,5.71,4.86,3.65,3.65,3.89,8.41,8.59,8.77,9.03,-0.71,-0.95,-1.3,-1.54,-1.07,-1.3,-0.47,-0.71,-2.01,-3.08
2012-06-12,000059,8.36,8.22,8.39,8.22,32327,26845291.0,2.01,-2.72,-0.23,0.27,8.52,7.79,7.42,8.76,5.84,4.99,3.77,3.77,4.01,2.8,8.36,8.52,8.71,8.99,1.82,1.46,1.22,1.7,1.46,2.31,2.07,0.73,-0.36,-6.2
2012-06-13,000059,8.26,8.32,8.37,8.19,55703,46018240.0,2.19,1.22,0.1,0.46,8.18,7.81,9.16,6.23,5.37,4.15,4.15,4.4,3.17,2.44,8.35,8.48,8.66,8.96,0.24,0.0,0.48,0.24,1.08,0.84,-0.48,-1.56,-7.33,-7.57
2012-06-14,000059,8.31,8.25,8.34,8.23,33012,27356871.0,1.32,-0.84,-0.07,0.27,7.29,8.63,5.71,4.86,3.65,3.65,3.89,2.67,1.94,1.7,8.31,8.43,8.6,8.91,0.85,1.33,1.09,1.94,1.7,0.36,-0.73,-6.55,-6.79,-9.21
2012-06-15,000059,8.29,8.25,8.32,8.18,32785,27070025.0,1.7,0.0,0.0,0.27,9.29,6.36,5.5,4.28,4.28,4.52,3.3,2.57,2.32,1.96,8.3,8.37,8.57,8.87,1.33,1.09,1.94,1.7,0.36,-0.73,-6.55,-6.79,-9.21,-8.0
2012-06-18,000059,8.26,8.29,8.36,8.24,50450,41828782.0,1.45,0.48,0.04,0.42,5.58,4.73,3.52,3.52,3.76,2.55,1.82,1.58,1.21,0.97,8.27,8.34,8.54,8.82,0.6,1.45,1.21,-0.12,-1.21,-7.0,-7.24,-9.65,-8.44,-10.98
2012-06-19,000059,8.29,8.3,8.34,8.25,38015,31518059.0,1.09,0.12,0.01,0.32,4.61,3.39,3.39,3.64,2.42,1.7,1.45,1.09,0.85,1.33,8.28,8.32,8.51,8.77,1.33,1.08,-0.24,-1.33,-7.11,-7.35,-9.76,-8.55,-11.08,-11.57
2012-06-20,000059,8.35,8.37,8.41,8.31,37394,31273219.0,1.2,0.84,0.07,0.31,2.65,2.65,2.89,1.68,0.96,0.72,0.36,0.12,0.6,0.36,8.29,8.32,8.49,8.73,0.24,-1.08,-2.15,-7.89,-8.12,-10.51,-9.32,-11.83,-12.31,-8.0
2012-06-21,000059,8.38,8.24,8.39,8.21,47014,39027381.0,2.15,-1.55,-0.13,0.39,3.9,4.14,2.92,2.19,1.95,1.58,1.34,1.83,1.58,2.44,8.29,8.3,8.47,8.69,0.49,-0.61,-6.43,-6.67,-9.1,-7.89,-10.44,-10.92,-6.55,-8.01
2012-06-25,000059,8.2,7.91,8.28,7.89,42156,34188428.0,4.73,-4.0,-0.33,0.35,8.37,7.1,6.34,6.08,5.7,5.45,5.96,5.7,6.59,6.34,8.22,8.26,8.44,8.64,3.54,-2.53,-2.78,-5.31,-4.05,-6.7,-7.21,-2.65,-4.17,-8.22
2012-07-03,000059,8.15,7.62,8.19,7.6,115684,91256137.0,7.46,-3.67,-0.29,0.96,11.18,10.39,10.13,9.74,9.47,10.0,9.74,10.66,10.39,8.95,8.09,8.18,8.38,8.58,1.18,0.92,-1.71,-0.39,-3.15,-3.67,1.05,-0.52,-4.72,-7.61
2012-07-04,000059,7.62,7.66,7.71,7.56,52975,40434566.0,1.97,0.52,0.04,0.44,10.98,10.71,10.32,10.05,10.58,10.32,11.24,10.98,9.52,8.33,7.96,8.12,8.32,8.51,0.39,-2.22,-0.91,-3.66,-4.18,0.52,-1.04,-5.22,-8.09,-7.44
2012-07-05,000059,7.6,7.39,7.69,7.37,45847,34288784.0,4.18,-3.52,-0.27,0.38,13.57,13.16,12.89,13.43,13.16,14.11,13.84,12.35,11.13,4.61,7.76,8.03,8.25,8.45,1.35,2.71,-0.14,-0.68,4.19,2.57,-1.76,-4.74,-4.06,1.22
2012-07-06,000059,7.41,7.48,7.49,7.19,57092,41979458.0,4.06,1.22,0.09,0.48,15.99,15.72,16.27,15.99,16.97,16.69,15.16,13.91,7.23,6.95,7.61,7.95,8.19,8.38,1.47,-1.34,-1.87,2.94,1.34,-2.94,-5.88,-5.21,0.0,-1.47
2012-07-09,000059,7.45,7.36,7.59,7.28,59758,44297459.0,4.14,-1.6,-0.12,0.5,14.29,14.84,14.56,15.52,15.25,13.74,12.5,5.91,5.63,2.88,7.5,7.86,8.12,8.33,0.27,-0.27,4.62,2.99,-1.36,-4.35,-3.67,1.63,0.14,-1.22
2012-07-10,000059,7.36,7.26,7.38,7.23,38129,27801171.0,2.04,-1.36,-0.1,0.32,15.63,15.35,16.32,16.04,14.52,13.28,6.64,6.36,3.6,4.98,7.43,7.76,8.05,8.28,1.1,6.06,4.41,0.0,-3.03,-2.34,3.03,1.52,0.14,0.69
2012-07-11,000059,7.26,7.25,7.34,7.16,49793,36097118.0,2.48,-0.14,-0.01,0.41,16.48,17.46,17.18,15.64,14.39,7.68,7.4,4.61,6.01,3.07,7.35,7.65,7.99,8.22,6.21,4.55,0.14,-2.9,-2.21,3.17,1.66,0.28,0.83,1.1
2012-07-12,000059,7.25,7.56,7.7,7.09,110885,81053123.0,8.41,4.28,0.31,0.92,18.62,18.34,16.78,15.51,8.74,8.46,5.64,7.05,4.09,3.53,7.38,7.57,7.95,8.18,0.26,-3.97,-6.88,-6.22,-1.06,-2.51,-3.84,-3.31,-3.04,-3.04
2012-07-13,000059,7.46,7.39,7.58,7.37,63093,47146725.0,2.78,-2.25,-0.17,0.53,13.84,12.35,11.13,4.61,4.34,1.63,2.99,0.14,-0.41,4.48,7.36,7.49,7.89,8.14,-1.76,-4.74,-4.06,1.22,-0.27,-1.62,-1.08,-0.81,-0.81,-2.17
2012-07-16,000059,7.26,6.95,7.26,6.78,95861,67753857.0,6.5,-5.95,-0.44,0.8,22.12,20.8,13.72,13.42,10.47,11.95,8.85,8.26,13.57,11.8,7.28,7.39,7.83,8.09,1.29,2.01,7.63,6.04,4.6,5.18,5.47,5.47,4.03,1.44
2012-07-17,000059,6.95,7.0,7.04,6.87,48239,33502985.0,2.45,0.72,0.05,0.4,19.21,12.23,11.94,9.02,10.48,7.42,6.84,12.08,10.33,5.68,7.23,7.33,7.75,8.03,1.29,6.86,5.29,3.86,4.43,4.71,4.71,3.29,0.71,-0.57
2012-07-18,000059,7.0,7.07,7.09,6.92,31962,22358480.0,2.43,1.0,0.07,0.27,11.42,11.13,8.24,9.68,6.65,6.07,11.27,9.54,4.91,1.73,7.19,7.27,7.7,7.97,5.8,4.24,2.83,3.39,3.68,3.68,2.26,-0.28,-1.56,-0.28
2012-07-19,000059,7.08,7.29,7.48,7.0,63538,46124016.0,6.79,3.11,0.22,0.53,9.86,7.0,8.43,5.43,4.86,10.0,8.29,3.71,0.57,1.29,7.14,7.26,7.64,7.92,1.1,-0.27,0.27,0.55,0.55,-0.82,-3.29,-4.53,-3.29,-4.12
2012-07-20,000059,7.27,7.19,7.37,7.15,43900,31851227.0,3.02,-1.37,-0.1,0.37,4.76,6.15,3.22,2.66,7.69,6.01,1.54,-1.54,-0.84,4.62,7.1,7.23,7.59,7.87,1.11,1.67,1.95,1.95,0.56,-1.95,-3.2,-1.95,-2.78,-1.67
2012-07-23,000059,7.08,7.19,7.27,7.07,29162,20916443.0,2.78,0.0,0.0,0.24,7.36,4.38,3.82,8.91,7.21,2.69,-0.42,0.28,5.8,4.24,7.15,7.22,7.54,7.82,1.67,1.95,1.95,0.56,-1.95,-3.2,-1.95,-2.78,-1.67,0.42
2012-07-24,000059,7.2,7.23,7.31,7.12,32333,23467717.0,2.64,0.56,0.04,0.27,3.65,3.09,8.15,6.46,1.97,-1.12,-0.42,5.06,3.51,2.11,7.19,7.21,7.49,7.77,1.38,1.38,0.0,-2.49,-3.73,-2.49,-3.32,-2.21,-0.14,0.41
2012-07-25,000059,7.27,7.26,7.33,7.2,33467,24356210.0,1.8,0.41,0.03,0.28,1.94,6.94,5.28,0.83,-2.22,-1.53,3.89,2.36,0.97,1.53,7.23,7.21,7.43,7.73,0.96,-0.41,-2.89,-4.13,-2.89,-3.72,-2.62,-0.55,0.0,-0.41
2012-07-26,000059,7.22,7.26,7.33,7.2,26136,18989423.0,1.79,0.0,0.0,0.22,6.94,5.28,0.83,-2.22,-1.53,3.89,2.36,0.97,1.53,1.81,7.23,7.18,7.38,7.69,-0.41,-2.89,-4.13,-2.89,-3.72,-2.62,-0.55,0.0,-0.41,0.96
2012-07-27,000059,7.21,6.97,7.23,6.81,85350,59572453.0,5.79,-3.99,-0.29,0.71,11.31,6.61,3.38,4.11,9.84,8.22,6.75,7.34,7.64,7.64,7.18,7.14,7.31,7.64,1.15,-0.14,1.15,0.29,1.43,3.59,4.16,3.73,5.16,6.03
2012-07-30,000059,6.96,6.93,7.05,6.84,27217,18871139.0,3.01,-0.57,-0.04,0.23,6.14,2.92,3.65,9.36,7.75,6.29,6.87,7.16,7.16,5.7,7.13,7.14,7.27,7.6,0.43,1.73,0.87,2.02,4.18,4.76,4.33,5.77,6.64,6.06
2012-07-31,000059,6.95,6.91,6.96,6.8,20669,14257673.0,2.31,-0.29,-0.02,0.17,3.53,4.26,10.0,8.38,6.91,7.5,7.79,7.79,6.32,3.68,7.07,7.13,7.23,7.55,2.03,1.16,2.32,4.49,5.07,4.63,6.08,6.95,6.37,7.24
2012-08-01,000059,6.9,7.0,7.05,6.87,29883,20874428.0,2.6,1.3,0.09,0.25,3.2,8.88,7.28,5.82,6.4,6.7,6.7,5.24,2.62,1.31,7.01,7.12,7.2,7.51,-0.14,1.0,3.14,3.71,3.29,4.71,5.57,5.0,5.86,5.57
2012-08-02,000059,6.98,6.94,6.99,6.88,18085,12534131.0,1.57,-0.86,-0.06,0.15,8.72,7.12,5.67,6.25,6.54,6.54,5.09,2.47,1.16,2.47,6.95,7.09,7.17,7.46,1.87,4.03,4.61,4.18,5.62,6.48,5.91,6.77,6.48,5.19
2012-08-03,000059,6.94,7.07,7.07,6.86,47646,33222924.0,3.03,1.87,0.13,0.4,7.43,5.98,6.56,6.85,6.85,5.39,2.77,1.46,2.77,1.9,6.97,7.08,7.15,7.42,2.12,2.69,2.26,3.68,4.53,3.96,4.81,4.53,3.25,1.41
2012-08-06,000059,7.02,7.21,7.22,6.99,55781,39711046.0,3.25,1.98,0.14,0.46,4.01,4.58,4.86,4.86,3.43,0.86,-0.43,0.86,0.0,1.14,7.03,7.08,7.15,7.39,0.69,0.28,1.66,2.5,1.94,2.77,2.5,1.25,-0.55,-3.33
2012-08-07,000059,7.16,7.19,7.26,7.14,52031,37460488.0,1.66,-0.28,-0.02,0.43,2.38,2.66,2.66,1.26,-1.26,-2.52,-1.26,-2.1,-0.98,1.12,7.08,7.07,7.14,7.35,0.56,1.95,2.78,2.23,3.06,2.78,1.53,-0.28,-3.06,-2.09
2012-08-08,000059,7.19,7.2,7.23,7.08,33662,24088390.0,2.09,0.14,0.01,0.28,3.53,3.53,2.12,-0.42,-1.69,-0.42,-1.27,-0.14,1.98,2.54,7.12,7.07,7.14,7.31,1.81,2.64,2.08,2.92,2.64,1.39,-0.42,-3.19,-2.22,-2.5
2012-08-09,000059,7.18,7.28,7.33,7.12,45742,33170096.0,2.92,1.11,0.08,0.38,2.95,1.54,-0.98,-2.25,-0.98,-1.83,-0.7,1.4,1.97,1.54,7.19,7.07,7.13,7.28,1.51,0.96,1.79,1.51,0.27,-1.51,-4.26,-3.3,-3.57,-4.95
2012-08-10,000059,7.3,7.33,7.39,7.24,41253,30175229.0,2.06,0.69,0.05,0.34,-0.14,-2.62,-3.87,-2.62,-3.45,-2.35,-0.28,0.28,-0.14,1.24,7.24,7.11,7.12,7.25,0.27,1.09,0.82,-0.41,-2.18,-4.91,-3.96,-4.23,-5.59,-5.73
2012-08-13,000059,7.35,7.17,7.35,7.13,34072,24705099.0,3.0,-2.18,-0.16,0.28,-1.12,-2.38,-1.12,-1.96,-0.84,1.26,1.82,1.4,2.81,3.65,7.23,7.13,7.13,7.22,3.35,3.07,1.81,0.0,-2.79,-1.81,-2.09,-3.49,-3.63,-5.72
2012-08-14,000059,7.19,7.4,7.41,7.1,49378,35848870.0,4.32,3.21,0.23,0.41,-1.97,-0.7,-1.55,-0.42,1.69,2.25,1.83,3.24,4.08,3.52,7.28,7.18,7.15,7.21,-0.14,-1.35,-3.11,-5.81,-4.86,-5.14,-6.49,-6.62,-8.65,-12.16
2012-08-15,000059,7.38,7.25,7.39,7.13,47065,34148610.0,3.51,-2.03,-0.15,0.39,-1.12,-1.96,-0.84,1.26,1.82,1.4,2.81,3.65,3.09,3.93,7.29,7.2,7.16,7.2,0.69,-1.1,-3.86,-2.9,-3.17,-4.55,-4.69,-6.76,-10.34,-12.83
2012-08-16,000059,7.25,7.14,7.3,7.13,41794,30023291.0,2.34,-1.52,-0.11,0.35,-1.96,-0.84,1.26,1.82,1.4,2.81,3.65,3.09,3.93,3.65,7.26,7.22,7.16,7.19,0.42,-2.38,-1.4,-1.68,-3.08,-3.22,-5.32,-8.96,-11.48,-13.73
2012-08-17,000059,7.14,7.0,7.17,6.91,34195,24029065.0,3.64,-1.96,-0.14,0.28,2.32,4.49,5.07,4.63,6.08,6.95,6.37,7.24,6.95,5.64,7.19,7.22,7.15,7.18,-0.43,0.57,0.29,-1.14,-1.29,-3.43,-7.14,-9.71,-12.0,-13.71
2012-08-20,000059,6.94,6.96,6.97,6.68,42690,29098959.0,4.14,-0.57,-0.04,0.36,8.08,8.68,8.23,9.73,10.63,10.03,10.93,10.63,9.28,7.34,7.15,7.19,7.14,7.16,1.15,0.86,-0.57,-0.72,-2.87,-6.61,-9.2,-11.49,-13.22,-12.79
2012-08-21,000059,6.96,6.99,7.04,6.89,32248,22501841.0,2.16,0.43,0.03,0.27,5.37,4.93,6.39,7.26,6.68,7.55,7.26,5.95,4.06,1.16,7.07,7.17,7.12,7.15,0.43,-1.0,-1.14,-3.29,-7.01,-9.59,-11.87,-13.59,-13.16,-13.59
2012-08-22,000059,7.02,6.88,7.02,6.79,37068,25436558.0,3.29,-1.57,-0.11,0.31,6.48,7.95,8.84,8.25,9.13,8.84,7.51,5.6,2.65,3.68,6.99,7.14,7.1,7.14,0.58,0.44,-1.74,-5.52,-8.14,-10.47,-12.21,-11.77,-12.21,-11.92
2012-08-23,000059,6.87,6.9,6.92,6.81,21486,14744014.0,1.6,0.29,0.02,0.18,7.64,8.52,7.93,8.81,8.52,7.2,5.29,2.35,3.38,3.08,6.95,7.1,7.09,7.12,0.14,-2.03,-5.8,-8.41,-10.72,-12.46,-12.03,-12.46,-12.17,-12.17
2012-08-24,000059,6.89,6.82,6.91,6.78,24902,17030623.0,1.88,-1.16,-0.08,0.21,9.0,8.41,9.29,9.0,7.67,5.75,2.8,3.83,3.54,2.06,6.91,7.05,7.08,7.1,-0.88,-4.69,-7.33,-9.68,-11.44,-11.0,-11.44,-11.14,-11.14,-6.6
2012-08-27,000059,6.76,6.53,6.76,6.5,37193,24581873.0,3.81,-4.25,-0.29,0.31,13.08,14.0,13.69,12.31,10.31,7.23,8.31,8.0,6.46,6.31,6.82,6.99,7.06,7.09,-0.46,-3.22,-5.67,-7.5,-7.04,-7.5,-7.2,-7.2,-2.45,-2.3
2012-08-28,000059,6.5,6.35,6.5,6.24,80728,51127777.0,3.98,-2.76,-0.18,0.67,18.75,18.43,16.99,14.9,11.7,12.82,12.5,10.9,10.74,8.33,6.7,6.88,7.03,7.06,-0.47,-2.99,-4.88,-4.41,-4.88,-4.57,-4.57,0.31,0.47,1.57
2012-08-29,000059,6.31,6.08,6.32,6.08,55285,34214358.0,3.78,-4.25,-0.27,0.46,21.55,20.07,17.93,14.64,15.79,15.46,13.82,13.65,11.18,6.91,6.54,6.76,6.98,7.03,1.32,-0.66,-0.16,-0.66,-0.33,-0.33,4.77,4.93,6.09,5.92
2012-08-30,000059,6.1,5.99,6.16,5.92,51379,30913444.0,3.95,-1.48,-0.09,0.43,23.31,21.11,17.74,18.92,18.58,16.89,16.72,14.19,9.8,6.76,6.35,6.65,6.94,6.99,0.83,1.34,0.83,1.17,1.17,6.34,6.51,7.68,7.51,9.18
2012-08-31,000059,5.95,6.0,6.04,5.88,43816,26137547.0,2.67,0.17,0.01,0.36,21.94,18.54,19.73,19.39,17.69,17.52,14.97,10.54,7.48,4.76,6.19,6.55,6.88,6.95,1.17,0.67,1.0,1.0,6.17,6.33,7.5,7.33,9.0,8.17
2012-09-03,000059,5.98,6.02,6.07,5.91,64067,38555746.0,2.67,0.33,0.02,0.53,17.94,19.12,18.78,17.09,16.92,14.38,9.98,6.94,4.23,2.2,6.09,6.46,6.82,6.91,0.33,0.66,0.66,5.81,5.98,7.14,6.98,8.64,7.81,4.82
2012-09-04,000059,6.0,6.02,6.04,5.94,42251,25327142.0,1.66,0.0,0.0,0.35,18.52,18.18,16.5,16.33,13.8,9.43,6.4,3.7,1.68,2.19,6.02,6.36,6.77,6.87,0.66,0.66,5.81,5.98,7.14,6.98,8.64,7.81,4.82,0.5
2012-09-05,000059,6.02,5.99,6.06,5.95,35390,21286231.0,1.83,-0.5,-0.03,0.29,17.98,16.3,16.13,13.61,9.24,6.22,3.53,1.51,2.02,1.51,6.0,6.27,6.71,6.83,1.17,6.34,6.51,7.68,7.51,9.18,8.35,5.34,1.0,0.67
2012-09-06,000059,5.98,6.01,6.06,5.94,31439,18819504.0,2.0,0.33,0.02,0.26,16.5,16.33,13.8,9.43,6.4,3.7,1.68,2.19,1.68,2.02,6.01,6.18,6.64,6.78,5.99,6.16,7.32,7.15,8.82,7.99,4.99,0.67,0.33,0.0
2012-09-07,000059,6.03,6.27,6.37,6.03,108499,67493948.0,5.66,4.33,0.26,0.9,14.59,12.11,7.79,4.81,2.16,0.17,0.66,0.17,0.5,0.5,6.06,6.13,6.59,6.76,1.75,2.87,2.71,4.31,3.51,0.64,-3.51,-3.83,-4.15,-6.38
2012-09-10,000059,6.27,6.3,6.38,6.24,76739,48391752.0,2.23,0.48,0.03,0.64,8.33,4.17,1.28,-1.28,-3.21,-2.72,-3.21,-2.88,-2.88,2.08,6.12,6.1,6.55,6.74,2.38,2.22,3.81,3.02,0.16,-3.97,-4.29,-4.6,-6.83,-6.83
2012-09-11,000059,6.31,6.33,6.45,6.28,71800,45501121.0,2.7,0.48,0.03,0.6,3.5,0.64,-1.91,-3.82,-3.34,-3.82,-3.5,-3.5,1.43,1.59,6.18,6.1,6.49,6.72,1.74,3.32,2.53,-0.32,-4.42,-4.74,-5.06,-7.27,-7.27,-8.06
2012-09-12,000059,6.35,6.3,6.44,6.22,89425,56294239.0,3.48,-0.47,-0.03,0.74,1.61,-0.96,-2.89,-2.41,-2.89,-2.57,-2.57,2.41,2.57,3.7,6.24,6.12,6.44,6.7,3.81,3.02,0.16,-3.97,-4.29,-4.6,-6.83,-6.83,-7.62,-6.19
2012-09-13,000059,6.26,6.49,6.54,6.21,144207,91521437.0,5.24,3.02,0.19,1.2,-0.81,-2.74,-2.25,-2.74,-2.42,-2.42,2.58,2.74,3.86,3.7,6.34,6.17,6.41,6.68,0.0,-2.77,-6.78,-7.09,-7.4,-9.55,-9.55,-10.32,-8.94,-8.47
2012-09-14,000059,6.45,6.32,6.49,6.28,108346,69104958.0,3.24,-2.62,-0.17,0.9,-3.82,-3.34,-3.82,-3.5,-3.5,1.43,1.59,2.71,2.55,4.14,6.35,6.2,6.38,6.66,-0.16,-4.27,-4.59,-4.91,-7.12,-7.12,-7.91,-6.49,-6.01,-5.38
2012-09-17,000059,6.3,6.01,6.31,5.99,73756,45341190.0,5.06,-4.91,-0.31,0.61,1.34,0.83,1.17,1.17,6.34,6.51,7.68,7.51,9.18,8.35,6.29,6.2,6.33,6.62,0.67,0.33,0.0,-2.33,-2.33,-3.16,-1.66,-1.16,-0.5,-0.67
2012-09-18,000059,6.01,5.98,6.05,5.89,59332,35391789.0,2.66,-0.5,-0.03,0.49,2.55,2.89,2.89,8.15,8.32,9.51,9.34,11.04,10.19,7.13,6.22,6.2,6.28,6.58,0.84,0.5,-1.84,-1.84,-2.68,-1.17,-0.67,0.0,-0.17,-0.33
2012-09-19,000059,6.0,6.0,6.03,5.95,52849,31616471.0,1.34,0.33,0.02,0.44,1.85,1.85,7.06,7.23,8.4,8.24,9.92,9.08,6.05,1.68,6.16,6.2,6.24,6.54,0.17,-2.17,-2.17,-3.0,-1.5,-1.0,-0.33,-0.5,-0.67,1.17
2012-09-20,000059,6.0,5.99,6.01,5.56,92081,53839672.0,7.5,-0.17,-0.01,0.77,8.99,14.57,14.75,16.01,15.83,17.63,16.73,13.49,8.81,8.45,6.06,6.2,6.19,6.49,-2.0,-2.0,-2.84,-1.34,-0.83,-0.17,-0.33,-0.5,1.34,7.85
2012-09-21,000059,5.76,5.81,5.87,5.68,60173,34706010.0,3.17,-3.01,-0.18,0.5,12.15,12.32,13.56,13.38,15.14,14.26,11.09,6.51,6.16,5.81,5.96,6.15,6.14,6.44,1.03,0.17,1.72,2.24,2.93,2.75,2.58,4.48,11.19,11.02
2012-09-24,000059,5.75,5.79,5.87,5.64,44709,25760766.0,3.96,-0.34,-0.02,0.37,13.12,14.36,14.18,15.96,15.07,11.88,7.27,6.91,6.56,4.08,5.91,6.1,6.1,6.4,0.52,2.07,2.59,3.28,3.11,2.94,4.84,11.57,11.4,10.54
2012-09-25,000059,5.8,5.81,5.82,5.68,40848,23561971.0,2.42,0.35,0.02,0.34,13.56,13.38,15.14,14.26,11.09,6.51,6.16,5.81,3.35,3.35,5.88,6.05,6.08,6.34,1.72,2.24,2.93,2.75,2.58,4.48,11.19,11.02,10.15,9.29
2012-09-26,000059,5.81,5.74,5.91,5.7,51117,29769434.0,3.61,-1.2,-0.07,0.43,12.98,14.74,13.86,10.7,6.14,5.79,5.44,2.98,2.98,2.11,5.83,5.99,6.06,6.29,3.48,4.18,4.01,3.83,5.75,12.54,12.37,11.5,10.63,9.76
2012-09-27,000059,5.79,5.89,5.94,5.67,57514,33594958.0,4.7,2.61,0.15,0.48,15.34,14.46,11.29,6.7,6.35,6.0,3.53,3.53,2.65,4.23,5.81,5.93,6.05,6.25,1.53,1.36,1.19,3.06,9.68,9.51,8.66,7.81,6.96,9.34
2012-09-28,000059,5.83,5.96,5.98,5.83,54297,32144527.0,2.55,1.19,0.07,0.45,11.32,8.23,3.77,3.43,3.09,0.69,0.69,-0.17,1.37,1.89,5.84,5.9,6.05,6.22,0.17,0.0,1.85,8.39,8.22,7.38,6.54,5.7,8.05,13.26
2012-10-08,000059,5.96,5.82,5.97,5.77,46808,27565680.0,3.36,-2.35,-0.14,0.39,9.36,4.85,4.51,4.16,1.73,1.73,0.87,2.43,2.95,3.64,5.84,5.88,6.04,6.18,2.41,4.3,11.0,10.82,9.97,9.11,8.25,10.65,15.98,20.96
2012-10-09,000059,5.8,5.96,5.96,5.78,105486,62353213.0,3.09,2.41,0.14,0.88,4.67,4.33,3.98,1.56,1.56,0.69,2.25,2.77,3.46,3.29,5.87,5.88,6.04,6.15,1.85,8.39,8.22,7.38,6.54,5.7,8.05,13.26,18.12,22.99
2012-10-10,000059,5.96,6.04,6.07,5.88,76557,45852911.0,3.19,1.34,0.08,0.64,2.55,2.21,-0.17,-0.17,-1.02,0.51,1.02,1.7,1.53,1.36,5.93,5.88,6.04,6.12,6.95,6.79,5.96,5.13,4.3,6.62,11.75,16.56,21.36,20.86
2012-10-11,000059,6.04,6.33,6.46,5.98,220211,138107862.0,7.95,4.8,0.29,1.83,0.5,-1.84,-1.84,-2.68,-1.17,-0.67,0.0,-0.17,-0.33,1.51,6.02,5.92,6.06,6.1,1.9,1.11,0.32,-0.47,1.74,6.64,11.22,15.8,15.32,12.32
2012-10-12,000059,6.29,6.35,6.45,6.21,158958,100759349.0,3.79,0.32,0.02,1.32,-5.48,-5.48,-6.28,-4.83,-4.35,-3.7,-3.86,-4.03,-2.25,4.03,6.1,5.97,6.06,6.08,0.79,0.0,-0.79,1.42,6.3,10.87,15.43,14.96,11.97,10.87
2012-10-15,000059,6.29,6.33,6.4,6.21,104467,65962781.0,2.99,-0.31,-0.02,0.87,-5.48,-6.28,-4.83,-4.35,-3.7,-3.86,-4.03,-2.25,4.03,3.86,6.2,6.02,6.06,6.08,0.32,-0.47,1.74,6.64,11.22,15.8,15.32,12.32,11.22,6.64
2012-10-16,000059,6.32,6.22,6.35,6.18,70969,44338972.0,2.69,-1.74,-0.11,0.59,-5.83,-4.37,-3.88,-3.24,-3.4,-3.56,-1.78,4.53,4.37,3.56,6.25,6.06,6.06,6.07,1.29,3.54,8.52,13.18,17.85,17.36,14.31,13.18,8.52,8.52
2012-10-17,000059,6.29,6.2,6.3,6.15,69311,43169192.0,2.41,-0.32,-0.02,0.58,-3.9,-3.41,-2.76,-2.93,-3.09,-1.3,5.04,4.88,4.07,3.25,6.29,6.11,6.05,6.08,3.87,8.87,13.55,18.23,17.74,14.68,13.55,8.87,8.87,11.45
2012-10-18,000059,6.25,6.38,6.44,6.2,102168,64981556.0,3.87,2.9,0.18,0.85,-4.19,-3.55,-3.71,-3.87,-2.1,4.19,4.03,3.23,2.42,1.61,6.3,6.16,6.05,6.09,5.8,10.34,14.89,14.42,11.44,10.34,5.8,5.8,8.31,8.62
2012-10-19,000059,6.49,6.4,6.75,6.36,151736,98553830.0,6.11,0.31,0.02,1.26,-5.97,-6.13,-6.29,-4.56,1.57,1.42,0.63,-0.16,-0.94,1.26,6.31,6.2,6.05,6.1,10.0,14.53,14.06,11.09,10.0,5.47,5.47,7.97,8.28,8.44
2012-10-22,000059,6.35,7.04,7.04,6.35,509444,355014320.0,10.78,10.0,0.64,4.24,-5.98,-6.14,-4.41,1.73,1.57,0.79,0.0,-0.79,1.42,6.3,6.45,6.33,6.1,6.14,4.12,3.69,0.99,0.0,-4.12,-4.12,-1.85,-1.56,-1.42,-1.99
2012-10-23,000059,7.0,7.1,7.33,6.9,376264,268772768.0,6.11,0.85,0.06,3.13,-13.62,-12.03,-6.38,-6.52,-7.25,-7.97,-8.7,-6.67,-2.17,2.03,6.62,6.44,6.16,6.17,2.82,0.14,-0.85,-4.93,-4.93,-2.68,-2.39,-2.25,-2.82,-6.34
2012-10-24,000059,7.07,7.05,7.3,7.04,216403,154924605.0,3.66,-0.7,-0.05,1.8,-13.78,-8.24,-8.38,-9.09,-9.8,-10.51,-8.52,-4.12,0.0,4.12,6.79,6.54,6.21,6.21,0.85,-0.14,-4.26,-4.26,-1.99,-1.7,-1.56,-2.13,-5.67,-9.22
2012-10-25,000059,7.03,6.99,7.11,6.9,143303,100447758.0,2.98,-0.85,-0.06,1.19,-6.38,-6.52,-7.25,-7.97,-8.7,-6.67,-2.17,2.03,6.23,5.8,6.92,6.61,6.26,6.24,0.72,-3.43,-3.43,-1.14,-0.86,-0.72,-1.29,-4.86,-8.44,-10.01
2012-10-26,000059,6.95,6.68,7.04,6.6,122483,83138180.0,6.29,-4.43,-0.31,1.02,-2.27,-3.03,-3.79,-4.55,-2.42,2.27,6.67,11.06,10.61,7.73,6.97,6.64,6.3,6.25,1.05,1.05,3.44,3.74,3.89,3.29,-0.45,-4.19,-5.84,-7.93
2012-10-29,000059,6.66,6.66,6.75,6.48,114243,76149760.0,4.04,-0.3,-0.02,0.95,-1.23,-2.01,-2.78,-0.62,4.17,8.64,13.12,12.65,9.72,8.64,6.9,6.67,6.35,6.27,1.35,3.75,4.05,4.2,3.6,-0.15,-3.9,-5.56,-7.66,-7.96
2012-10-30,000059,6.69,6.67,6.75,6.59,79426,52878439.0,2.4,0.15,0.01,0.66,-3.64,-4.4,-2.28,2.43,6.83,11.23,10.77,7.89,6.83,2.43,6.81,6.72,6.39,6.28,3.6,3.9,4.05,3.45,-0.3,-4.05,-5.7,-7.8,-8.1,-8.55
2012-10-31,000059,6.67,6.8,6.91,6.62,76470,51887402.0,4.35,1.95,0.13,0.64,-4.83,-2.72,1.96,6.34,10.73,10.27,7.4,6.34,1.96,1.96,6.76,6.78,6.44,6.29,1.91,2.06,1.47,-2.21,-5.88,-7.5,-9.56,-9.85,-10.29,-13.82
2012-11-01,000059,6.8,6.86,6.93,6.72,69674,47690033.0,3.09,0.88,0.06,0.58,-4.17,0.45,4.76,9.08,8.63,5.8,4.76,0.45,0.45,2.83,6.73,6.83,6.49,6.31,1.17,0.58,-3.06,-6.71,-8.31,-10.35,-10.64,-11.08,-14.58,-13.85
2012-11-02,000059,6.86,6.88,6.94,6.81,56083,38474102.0,1.9,0.29,0.02,0.47,-0.88,3.38,7.64,7.2,4.41,3.38,-0.88,-0.88,1.47,1.76,6.77,6.87,6.54,6.32,0.29,-3.34,-6.98,-8.58,-10.61,-10.9,-11.34,-14.83,-14.1,-12.79
2012-11-05,000059,6.88,6.65,6.9,6.6,104770,70086666.0,4.36,-3.34,-0.23,0.87,6.67,11.06,10.61,7.73,6.67,2.27,2.27,4.7,5.0,5.15,6.77,6.83,6.58,6.35,0.0,-3.76,-5.41,-7.52,-7.82,-8.27,-11.88,-11.13,-9.77,-10.23
2012-11-06,000059,6.64,6.42,6.65,6.15,130846,82987523.0,7.52,-3.46,-0.23,1.09,19.19,18.7,15.61,14.47,9.76,9.76,12.36,12.68,12.85,12.2,6.72,6.77,6.6,6.36,-0.31,-2.02,-4.21,-4.52,-4.98,-8.72,-7.94,-6.54,-7.01,-6.23
2012-11-07,000059,6.36,6.32,6.4,6.23,54851,34623126.0,2.65,-1.56,-0.1,0.46,17.17,14.13,13.0,8.35,8.35,10.91,11.24,11.4,10.75,6.74,6.63,6.69,6.62,6.37,-0.47,-2.69,-3.01,-3.48,-7.28,-6.49,-5.06,-5.54,-4.75,-4.27
2012-11-08,000059,6.29,6.04,6.29,6.03,64613,39873816.0,4.11,-4.43,-0.28,0.54,17.91,16.75,11.94,11.94,14.59,14.93,15.09,14.43,10.28,6.14,6.46,6.6,6.6,6.37,1.82,1.49,0.99,-2.98,-2.15,-0.66,-1.16,-0.33,0.17,0.83
2012-11-09,000059,6.03,6.05,6.15,6.01,45654,27757547.0,2.32,0.17,0.01,0.38,17.14,12.31,12.31,14.98,15.31,15.47,14.81,10.65,6.49,4.66,6.3,6.54,6.59,6.38,1.32,0.83,-3.14,-2.31,-0.83,-1.32,-0.5,0.0,0.66,0.99
2012-11-12,000059,6.12,6.08,6.13,6.04,49129,29848133.0,1.49,0.5,0.03,0.41,11.75,11.75,14.4,14.74,14.9,14.24,10.1,5.96,4.14,1.82,6.18,6.48,6.57,6.39,0.33,-3.62,-2.8,-1.32,-1.81,-0.99,-0.49,0.16,0.49,-1.32
2012-11-13,000059,6.1,5.8,6.1,5.75,94024,55347658.0,5.76,-4.61,-0.28,0.78,17.39,20.17,20.52,20.7,20.0,15.65,11.3,9.39,6.96,6.61,6.06,6.39,6.55,6.39,1.03,1.9,3.45,2.93,3.79,4.31,5.0,5.34,3.45,1.03
2012-11-14,000059,5.85,5.81,5.86,5.72,60127,34847855.0,2.41,0.17,0.01,0.5,20.8,21.15,21.33,20.63,16.26,11.89,9.97,7.52,7.17,6.64,5.96,6.29,6.53,6.39,1.72,3.27,2.75,3.61,4.13,4.82,5.16,3.27,0.86,-1.89
2012-11-15,000059,5.75,5.75,5.91,5.72,50851,29672049.0,3.27,-1.03,-0.06,0.42,21.15,21.33,20.63,16.26,11.89,9.97,7.52,7.17,6.64,2.45,5.9,6.18,6.5,6.39,4.35,3.83,4.7,5.22,5.91,6.26,4.35,1.91,-0.87,-0.87
2012-11-16,000059,5.77,5.88,6.0,5.76,86700,51205656.0,4.17,2.26,0.13,0.72,20.49,19.79,15.45,11.11,9.2,6.77,6.42,5.9,1.74,2.6,5.86,6.08,6.48,6.39,1.53,2.38,2.89,3.57,3.91,2.04,-0.34,-3.06,-3.06,-3.57
2012-11-19,000059,5.87,5.94,5.97,5.85,37938,22443598.0,2.04,1.02,0.06,0.32,17.95,13.68,9.4,7.52,5.13,4.79,4.27,0.17,1.03,2.56,5.84,6.01,6.42,6.39,1.35,1.85,2.53,2.86,1.01,-1.35,-4.04,-4.04,-4.55,-5.72
2012-11-20,000059,5.97,5.93,6.02,5.87,39420,23362764.0,2.53,-0.17,-0.01,0.33,13.29,9.03,7.16,4.77,4.43,3.92,-0.17,0.68,2.21,1.7,5.86,5.96,6.36,6.39,2.02,2.7,3.04,1.18,-1.18,-3.88,-3.88,-4.38,-5.56,-4.22
2012-11-21,000059,5.95,6.04,6.05,5.8,50383,29814247.0,4.22,1.85,0.11,0.42,10.34,8.45,6.03,5.69,5.17,1.03,1.9,3.45,2.93,3.79,5.91,5.93,6.31,6.39,0.83,1.16,-0.66,-2.98,-5.63,-5.63,-6.13,-7.28,-5.96,0.66
2012-11-22,000059,6.0,6.0,6.09,5.92,52152,31267110.0,2.81,-0.66,-0.04,0.43,6.25,3.89,3.55,3.04,-1.01,-0.17,1.35,0.84,1.69,2.2,5.96,5.93,6.26,6.38,1.83,0.0,-2.33,-5.0,-5.0,-5.5,-6.67,-5.33,1.33,0.83
2012-11-23,000059,6.05,6.0,6.11,5.98,28409,17121650.0,2.17,0.0,0.0,0.24,2.84,2.51,2.01,-2.01,-1.17,0.33,-0.17,0.67,1.17,1.84,5.98,5.92,6.23,6.37,0.0,-2.33,-5.0,-5.0,-5.5,-6.67,-5.33,1.33,0.83,4.5
2012-11-26,000059,5.97,5.87,6.0,5.86,31907,18895234.0,2.33,-2.17,-0.13,0.27,4.61,4.1,0.0,0.85,2.39,1.88,2.73,3.24,3.92,4.27,5.97,5.9,6.19,6.35,-0.17,-2.9,-2.9,-3.41,-4.6,-3.24,3.58,3.07,6.81,8.18
2012-11-27,000059,5.85,5.65,5.86,5.57,58400,33351821.0,4.94,-3.75,-0.22,0.49,9.52,5.21,6.1,7.72,7.18,8.08,8.62,9.34,9.69,7.72,5.91,5.89,6.14,6.33,0.88,0.88,0.35,-0.88,0.53,7.61,7.08,10.97,12.39,11.5
2012-11-28,000059,5.61,5.67,5.7,5.42,39705,22136434.0,4.96,0.35,0.02,0.33,8.12,9.04,10.7,10.15,11.07,11.62,12.36,12.73,10.7,8.12,5.84,5.87,6.08,6.31,0.53,0.0,-1.23,0.18,7.23,6.7,10.58,11.99,11.11,9.35
2012-11-29,000059,5.64,5.61,5.7,5.5,47140,26402769.0,3.53,-1.06,-0.06,0.39,7.45,9.09,8.55,9.45,10.0,10.73,11.09,9.09,6.55,3.64,5.76,5.86,6.02,6.29,1.07,-0.18,1.25,8.38,7.84,11.76,13.19,12.3,10.52,9.45
2012-11-30,000059,5.59,5.49,5.67,5.49,71621,39877496.0,3.21,-2.14,-0.12,0.6,9.29,8.74,9.65,10.2,10.93,11.29,9.29,6.74,3.83,3.83,5.66,5.82,5.95,6.26,2.0,3.46,10.75,10.2,14.21,15.66,14.75,12.93,11.84,16.94
2012-12-03,000059,5.5,5.52,5.6,5.46,52120,28805260.0,2.55,0.55,0.03,0.43,9.34,10.26,10.81,11.54,11.9,9.89,7.33,4.4,4.4,3.85,5.59,5.78,5.89,6.21,2.9,10.14,9.6,13.59,15.04,14.13,12.32,11.23,16.3,23.91
2012-12-04,000059,5.5,5.65,5.68,5.5,57783,32437799.0,3.26,2.36,0.13,0.48,9.45,10.0,10.73,11.09,9.09,6.55,3.64,3.64,3.09,1.82,5.59,5.75,5.86,6.16,7.61,7.08,10.97,12.39,11.5,9.73,8.67,13.63,21.06,23.72
2012-12-05,000059,5.65,5.94,6.08,5.65,90366,53063580.0,7.61,5.13,0.29,0.75,7.08,7.79,8.14,6.19,3.72,0.88,0.88,0.35,-0.88,0.53,5.64,5.74,5.84,6.12,1.85,5.56,6.9,6.06,4.38,3.37,8.08,15.15,17.68,13.13
2012-12-06,000059,5.92,5.97,6.05,5.92,62244,37223874.0,2.19,0.51,0.03,0.52,2.87,3.21,1.35,-1.01,-3.72,-3.72,-4.22,-5.41,-4.05,2.7,5.71,5.74,5.83,6.09,5.03,6.37,5.53,3.85,2.85,7.54,14.57,17.09,12.56,14.07
2012-12-07,000059,5.99,6.2,6.27,5.95,87927,53947641.0,5.36,3.85,0.23,0.73,2.69,0.84,-1.51,-4.2,-4.2,-4.71,-5.88,-4.54,2.18,1.68,5.86,5.76,5.84,6.07,2.42,1.61,0.0,-0.97,3.55,10.32,12.74,8.39,9.84,8.39
2012-12-10,000059,6.3,6.3,6.35,6.13,110211,68809401.0,3.55,1.61,0.1,0.92,-2.12,-4.4,-7.01,-7.01,-7.5,-8.65,-7.34,-0.82,-1.31,2.28,6.01,5.8,5.85,6.06,0.0,-1.59,-2.54,1.9,8.57,10.95,6.67,8.1,6.67,7.46
2012-12-11,000059,6.3,6.14,6.3,6.13,67183,41562124.0,2.7,-2.54,-0.16,0.56,-4.4,-7.01,-7.01,-7.5,-8.65,-7.34,-0.82,-1.31,2.28,3.59,6.11,5.85,5.87,6.04,0.98,0.0,4.56,11.4,13.84,9.45,10.91,9.45,10.26,12.38
2012-12-12,000059,6.2,6.1,6.2,6.02,42346,25809068.0,2.93,-0.65,-0.04,0.35,-5.32,-5.32,-5.81,-6.98,-5.65,1.0,0.5,4.15,5.48,4.65,6.14,5.89,5.88,6.02,0.66,5.25,12.13,14.59,10.16,11.64,10.16,10.98,13.11,15.74
2012-12-13,000059,6.14,5.99,6.14,5.99,41431,25000364.0,2.46,-1.8,-0.11,0.35,-4.84,-5.34,-6.51,-5.18,1.5,1.0,4.67,6.01,5.18,3.51,6.15,5.93,5.89,5.99,7.18,14.19,16.69,12.19,13.69,12.19,13.02,15.19,17.86,14.52
2012-12-14,000059,6.01,6.22,6.42,5.98,152539,95266159.0,7.35,3.84,0.23,1.27,-5.18,-6.35,-5.02,1.67,1.17,4.85,6.19,5.35,3.68,2.68,6.15,6.0,5.91,5.97,9.97,12.38,8.04,9.49,8.04,8.84,10.93,13.5,10.29,7.72
2012-12-17,000059,6.3,6.84,6.84,6.3,207205,139531181.0,8.68,9.97,0.62,1.73,-11.11,-9.84,-3.49,-3.97,-0.48,0.79,0.0,-1.59,-2.54,1.9,6.26,6.14,5.96,5.97,2.19,-1.75,-0.44,-1.75,-1.02,0.88,3.22,0.29,-2.05,0.0
2012-12-18,000059,6.83,6.68,6.99,6.54,290995,196663016.0,6.58,-2.34,-0.16,2.42,-13.15,-7.03,-7.49,-4.13,-2.91,-3.67,-5.2,-6.12,-1.83,4.59,6.37,6.24,5.99,5.98,0.6,1.95,0.6,1.35,3.29,5.69,2.69,0.3,2.4,4.19
2012-12-19,000059,6.6,6.72,6.72,6.57,130203,86561306.0,2.25,0.6,0.04,1.08,-7.46,-7.91,-4.57,-3.35,-4.11,-5.63,-6.54,-2.28,4.11,6.39,6.49,6.32,6.03,6.0,1.34,0.0,0.74,2.68,5.06,2.08,-0.3,1.79,3.57,7.14
2012-12-20,000059,6.68,6.64,6.81,6.54,117367,78250224.0,4.02,-1.19,-0.08,0.98,-7.49,-4.13,-2.91,-3.67,-5.2,-6.12,-1.83,4.59,6.88,2.75,6.62,6.38,6.06,6.02,1.2,1.96,3.92,6.33,3.31,0.9,3.01,4.82,8.43,7.68
2012-12-21,000059,6.68,6.59,6.72,6.54,92338,61025137.0,2.71,-0.75,-0.05,0.77,-4.13,-2.91,-3.67,-5.2,-6.12,-1.83,4.59,6.88,2.75,4.13,6.69,6.42,6.09,6.03,2.73,4.7,7.13,4.1,1.67,3.79,5.61,9.26,8.5,10.62
2012-12-24,000059,6.62,6.65,6.77,6.54,109903,73234321.0,3.49,0.91,0.06,0.92,-2.91,-3.67,-5.2,-6.12,-1.83,4.59,6.88,2.75,4.13,2.75,6.66,6.46,6.13,6.05,3.76,6.17,3.16,0.75,2.86,4.66,8.27,7.52,9.62,4.21
2012-12-25,000059,6.69,6.81,6.9,6.6,204688,138882736.0,4.51,2.41,0.16,1.71,-4.55,-6.06,-6.97,-2.73,3.64,5.91,1.82,3.18,1.82,2.58,6.68,6.52,6.19,6.09,3.67,0.73,-1.62,0.44,2.2,5.73,4.99,7.05,1.76,0.15
2012-12-26,000059,6.81,6.79,7.06,6.73,177274,121690141.0,4.85,-0.29,-0.02,1.48,-7.88,-8.77,-4.61,1.63,3.86,-0.15,1.19,-0.15,0.59,2.53,6.7,6.59,6.24,6.12,1.03,-1.33,0.74,2.5,6.04,5.3,7.36,2.06,0.44,0.88
2012-12-27,000059,6.77,6.63,6.86,6.63,147563,99435916.0,3.39,-2.36,-0.16,1.23,-7.39,-3.17,3.17,5.43,1.36,2.71,1.36,2.11,4.07,6.49,6.69,6.66,6.29,6.15,1.06,3.17,4.98,8.6,7.84,9.95,4.52,2.87,3.32,5.13
2012-12-28,000059,6.6,6.63,6.7,6.55,99564,65971787.0,2.26,0.0,0.0,0.83,-1.98,4.43,6.72,2.6,3.97,2.6,3.36,5.34,7.79,4.73,6.7,6.7,6.35,6.17,3.17,4.98,8.6,7.84,9.95,4.52,2.87,3.32,5.13,9.35
2012-12-31,000059,6.63,6.81,6.84,6.6,162378,109147754.0,3.62,2.71,0.18,1.35,3.64,5.91,1.82,3.18,1.82,2.58,4.55,6.97,3.94,1.52,6.73,6.7,6.42,6.2,2.2,5.73,4.99,7.05,1.76,0.15,0.59,2.35,6.46,6.75
2013-01-04,000059,6.87,6.84,6.96,6.76,134232,91998058.0,2.94,0.44,0.03,1.12,3.4,-0.59,0.74,-0.59,0.15,2.07,4.44,1.48,-0.89,1.18,6.74,6.71,6.47,6.23,5.26,4.53,6.58,1.32,-0.29,0.15,1.9,5.99,6.29,7.31
2013-01-07,000059,6.82,7.13,7.2,6.8,194088,136335414.0,5.85,4.24,0.29,1.62,-1.18,0.15,-1.18,-0.44,1.47,3.82,0.88,-1.47,0.59,2.35,6.81,6.75,6.53,6.27,0.28,2.24,-2.81,-4.35,-3.93,-2.24,1.68,1.96,2.95,4.91
2013-01-08,000059,7.05,7.04,7.15,7.0,127632,90221301.0,2.1,-1.26,-0.09,1.06,-2.71,-4.0,-3.29,-1.43,0.86,-2.0,-4.29,-2.29,-0.57,2.86,6.89,6.79,6.59,6.3,3.55,-1.56,-3.12,-2.7,-0.99,2.98,3.27,4.26,6.25,3.41
2013-01-09,000059,7.04,7.04,7.29,6.99,136304,97149661.0,4.26,0.0,0.0,1.14,-3.86,-3.15,-1.29,1.0,-1.86,-4.15,-2.15,-0.43,3.0,2.29,6.97,6.84,6.63,6.34,-1.56,-3.12,-2.7,-0.99,2.98,3.27,4.26,6.25,3.41,0.71
2013-01-10,000059,6.93,6.78,6.93,6.6,322868,218749650.0,4.69,-3.69,-0.26,2.69,2.58,4.55,6.97,3.94,1.52,3.64,5.45,9.09,8.33,10.45,6.97,6.85,6.65,6.37,0.59,1.03,2.8,6.93,7.23,8.26,10.32,7.37,4.57,4.42
2013-01-11,000059,6.75,6.55,6.82,6.52,138842,92792983.0,4.42,-3.39,-0.23,1.16,5.83,8.28,5.21,2.76,4.91,6.75,10.43,9.66,11.81,6.29,6.91,6.82,6.67,6.4,4.58,6.41,10.69,10.99,12.06,14.2,11.15,8.24,8.09,5.34
2013-01-14,000059,6.52,6.79,6.85,6.51,157575,106069486.0,5.19,3.66,0.24,1.31,8.45,5.38,2.92,5.07,6.91,10.6,9.83,11.98,6.45,4.76,6.84,6.82,6.71,6.44,2.65,6.77,7.07,8.1,10.16,7.22,4.42,4.27,1.62,5.6
2013-01-15,000059,6.8,6.95,6.97,6.79,178807,123011806.0,2.65,2.36,0.16,1.49,1.03,-1.33,0.74,2.5,6.04,5.3,7.36,2.06,0.44,0.88,6.82,6.86,6.76,6.48,4.32,4.6,5.61,7.63,4.75,2.01,1.87,-0.72,3.17,6.76
2013-01-16,000059,6.93,7.23,7.25,6.86,314728,223247437.0,5.61,4.03,0.28,2.62,-2.33,-0.29,1.46,4.96,4.23,6.27,1.02,-0.58,-0.15,1.6,6.86,6.92,6.81,6.54,0.55,1.52,3.46,0.69,-1.94,-2.07,-4.56,-0.83,2.63,3.04
2013-01-17,000059,7.17,7.22,7.27,6.99,219612,156733805.0,3.87,-0.14,-0.01,1.83,-2.15,-0.43,3.0,2.29,4.29,-0.86,-2.43,-2.0,-0.29,3.72,6.95,6.96,6.83,6.6,1.66,3.6,0.83,-1.8,-1.94,-4.43,-0.69,2.77,3.19,2.22
2013-01-18,000059,7.22,7.3,7.34,7.13,181167,130642435.0,2.91,1.11,0.08,1.51,-2.38,0.98,0.28,2.24,-2.81,-4.35,-3.93,-2.24,1.68,1.96,7.1,7.0,6.86,6.65,2.47,-0.27,-2.88,-3.01,-5.48,-1.78,1.64,2.05,1.1,3.7
2013-01-21,000059,7.25,7.25,7.48,7.19,116712,85240329.0,3.97,-0.68,-0.05,0.97,0.14,-0.56,1.39,-3.62,-5.15,-4.73,-3.06,0.83,1.11,2.09,7.19,7.02,6.88,6.69,0.41,-2.21,-2.34,-4.83,-1.1,2.34,2.76,1.79,4.41,9.24
2013-01-22,000059,7.22,7.05,7.28,6.85,144983,102133397.0,5.93,-2.76,-0.2,1.21,4.38,6.42,1.17,-0.44,0.0,1.75,5.84,6.13,7.15,9.2,7.21,7.02,6.9,6.73,0.57,0.43,-2.13,1.7,5.25,5.67,4.68,7.38,12.34,13.33
2013-01-23,000059,7.04,7.05,7.09,6.87,78065,54483606.0,3.12,0.0,0.0,0.65,6.11,0.87,-0.73,-0.29,1.46,5.53,5.82,6.84,8.88,5.97,7.17,7.02,6.93,6.76,0.43,-2.13,1.7,5.25,5.67,4.68,7.38,12.34,13.33,11.77
2013-01-24,000059,7.01,6.88,7.08,6.75,166582,115373412.0,4.68,-2.41,-0.17,1.39,2.67,1.04,1.48,3.26,7.41,7.7,8.74,10.81,7.85,5.04,7.11,7.03,6.94,6.78,0.29,4.22,7.85,8.28,7.27,10.03,15.12,16.13,14.53,17.73
2013-01-25,000059,6.83,6.89,6.9,6.74,98339,67009334.0,2.33,0.15,0.01,0.82,1.19,1.63,3.41,7.57,7.86,8.9,10.98,8.01,5.19,5.04,7.02,7.06,6.94,6.8,4.06,7.69,8.13,7.11,9.87,14.95,15.97,14.37,17.56,15.82
2013-01-28,000059,6.88,7.05,7.17,6.87,121691,85523945.0,4.35,2.32,0.16,1.01,-0.29,1.46,5.53,5.82,6.84,8.88,5.97,3.2,3.06,0.44,6.98,7.09,6.96,6.83,5.25,5.67,4.68,7.38,12.34,13.33,11.77,14.89,13.19,13.19
2013-01-29,000059,7.0,7.38,7.42,7.0,239934,173157128.0,5.96,4.68,0.33,2.0,-0.43,3.57,3.86,4.86,6.86,4.0,1.29,1.14,-1.43,2.43,7.05,7.13,6.99,6.88,0.95,0.0,2.57,7.32,8.27,6.78,9.76,8.13,8.13,7.59
2013-01-30,000059,7.33,7.29,7.45,7.18,147995,108318854.0,3.66,-1.22,-0.09,1.23,0.97,1.25,2.23,4.18,1.39,-1.25,-1.39,-3.9,-0.14,3.34,7.1,7.14,7.03,6.92,1.23,3.84,8.64,9.6,8.09,11.11,9.47,9.47,8.92,5.62
2013-01-31,000059,7.3,7.34,7.38,7.21,121877,88872960.0,2.33,0.69,0.05,1.02,0.83,1.8,3.74,0.97,-1.66,-1.8,-4.3,-0.55,2.91,3.33,7.19,7.15,7.05,6.93,3.13,7.9,8.86,7.36,10.35,8.72,8.72,8.17,4.9,3.54
2013-02-01,000059,7.32,7.52,7.57,7.27,257175,190304285.0,4.09,2.45,0.18,2.14,0.96,2.89,0.14,-2.48,-2.61,-5.09,-1.38,2.06,2.48,1.51,7.32,7.17,7.09,6.96,5.32,6.25,4.79,7.71,6.12,6.12,5.59,2.39,1.06,-1.86
2013-02-04,000059,7.51,7.9,7.92,7.46,262478,202472878.0,6.12,5.05,0.38,2.19,0.27,-2.41,-4.96,-5.09,-7.51,-3.89,-0.54,-0.13,-1.07,1.47,7.49,7.24,7.13,7.0,1.14,-0.25,2.53,1.01,1.01,0.51,-2.53,-3.8,-6.58,-5.32
2013-02-05,000059,7.81,7.87,7.99,7.7,194908,151953382.0,3.67,-0.38,-0.03,1.62,-5.45,-7.92,-8.05,-10.39,-6.88,-3.64,-3.25,-4.16,-1.69,2.86,7.58,7.32,7.17,7.04,0.13,2.92,1.4,1.4,0.89,-2.16,-3.43,-6.23,-4.96,-6.1
2013-02-06,000059,7.85,7.79,7.88,7.74,94478,73611004.0,1.78,-1.02,-0.08,0.79,-8.4,-8.53,-10.85,-7.36,-4.13,-3.75,-4.65,-2.2,2.33,3.23,7.68,7.39,7.2,7.08,3.98,2.44,2.44,1.93,-1.16,-2.44,-5.26,-3.98,-5.13,-5.52
2013-02-07,000059,7.84,7.9,8.1,7.82,146022,115943117.0,3.59,1.41,0.11,1.22,-9.46,-11.76,-8.31,-5.12,-4.73,-5.63,-3.2,1.28,2.17,0.77,7.8,7.49,7.26,7.12,1.01,1.01,0.51,-2.53,-3.8,-6.58,-5.32,-6.46,-6.84,-6.58
2013-02-08,000059,7.82,7.97,7.98,7.64,162603,126795778.0,4.3,0.89,0.07,1.35,-9.69,-6.15,-2.88,-2.49,-3.4,-0.92,3.66,4.58,3.14,6.02,7.89,7.6,7.33,7.16,0.13,-0.38,-3.39,-4.64,-7.4,-6.15,-7.28,-7.65,-7.4,-6.9
2013-02-18,000059,7.92,7.73,7.98,7.71,158384,124022853.0,3.39,-3.01,-0.24,1.32,-7.0,-3.76,-3.37,-4.28,-1.82,2.72,3.63,2.2,5.06,3.5,7.85,7.67,7.38,7.19,2.72,-0.39,-1.68,-4.53,-3.23,-4.4,-4.79,-4.53,-4.01,-4.27
2013-02-19,000059,7.8,7.65,7.94,7.55,249002,192756977.0,5.05,-1.03,-0.08,2.07,-1.72,-1.32,-2.25,0.26,4.9,5.83,4.37,7.28,5.7,5.7,7.81,7.7,7.41,7.23,0.65,-0.65,-3.53,-2.22,-3.4,-3.79,-3.53,-3.01,-3.27,-3.92
2013-02-20,000059,7.62,7.66,7.7,7.5,130026,98951684.0,2.61,0.13,0.01,1.08,-0.67,-1.6,0.93,5.6,6.53,5.07,8.0,6.4,6.4,5.87,7.78,7.73,7.43,7.26,-0.78,-3.66,-2.35,-3.52,-3.92,-3.66,-3.13,-3.39,-4.05,-1.57
2013-02-21,000059,7.6,7.31,7.6,7.28,133729,98936231.0,4.18,-4.57,-0.35,1.11,1.37,3.98,8.79,9.75,8.24,11.26,9.62,9.62,9.07,5.77,7.66,7.73,7.44,7.28,0.96,2.33,1.09,0.68,0.96,1.5,1.23,0.55,3.15,3.83
2013-02-22,000059,7.3,7.29,7.38,7.24,72714,53255996.0,1.92,-0.27,-0.02,0.61,4.56,9.39,10.36,8.84,11.88,10.22,10.22,9.67,6.35,4.97,7.53,7.71,7.44,7.29,2.61,1.37,0.96,1.23,1.78,1.51,0.82,3.43,4.12,0.0
2013-02-25,000059,7.37,7.39,7.48,7.32,67266,49720795.0,2.19,1.37,0.1,0.56,8.2,9.15,7.65,10.66,9.02,9.02,8.47,5.19,3.83,0.82,7.46,7.66,7.45,7.3,0.0,-0.41,-0.14,0.41,0.14,-0.54,2.03,2.71,-1.35,-2.3
2013-02-26,000059,7.35,7.12,7.39,7.12,97283,70909820.0,3.65,-3.65,-0.27,0.81,12.22,10.67,13.76,12.08,12.08,11.52,8.15,6.74,3.65,5.06,7.35,7.58,7.45,7.3,3.37,3.65,4.21,3.93,3.23,5.9,6.6,2.39,1.4,-0.14
2013-02-27,000059,7.15,7.34,7.36,7.15,73077,52895617.0,2.95,3.09,0.22,0.61,10.21,13.29,11.61,11.61,11.05,7.69,6.29,3.22,4.62,3.36,7.29,7.54,7.46,7.31,0.54,1.09,0.82,0.14,2.72,3.41,-0.68,-1.63,-3.13,-6.95
2013-02-28,000059,7.35,7.35,7.38,7.15,135881,98707108.0,3.13,0.14,0.01,1.13,13.29,11.61,11.61,11.05,7.69,6.29,3.22,4.62,3.36,2.94,7.3,7.48,7.49,7.33,0.95,0.68,0.0,2.59,3.27,-0.82,-1.77,-3.27,-7.07,-6.39
2013-03-01,000059,7.35,7.37,7.42,7.26,106373,78144085.0,2.18,0.27,0.02,0.89,9.92,9.92,9.37,6.06,4.68,1.65,3.03,1.79,1.38,1.65,7.31,7.42,7.51,7.36,0.41,-0.27,2.31,2.99,-1.09,-2.04,-3.53,-7.33,-6.65,-4.61
2013-03-04,000059,7.3,7.2,7.4,7.12,117311,85400267.0,3.8,-2.31,-0.17,0.98,12.08,11.52,8.15,6.74,3.65,5.06,3.79,3.37,3.65,4.21,7.28,7.37,7.52,7.37,2.08,4.72,5.42,1.25,0.28,-1.25,-5.14,-4.44,-2.36,-3.19
2013-03-05,000059,7.2,7.33,7.35,7.13,101483,73858301.0,3.06,1.81,0.13,0.85,11.36,7.99,6.59,3.51,4.91,3.65,3.23,3.51,4.07,3.79,7.32,7.34,7.52,7.39,2.86,3.55,-0.55,-1.5,-3.0,-6.82,-6.14,-4.09,-4.91,-6.14
2013-03-06,000059,7.34,7.5,7.54,7.3,144057,107229647.0,3.27,2.32,0.17,1.2,5.48,4.11,1.1,2.47,1.23,0.82,1.1,1.64,1.37,0.68,7.35,7.32,7.53,7.4,1.2,-2.8,-3.73,-5.2,-8.93,-8.27,-6.27,-7.07,-8.27,-6.53
2013-03-07,000059,7.52,7.26,7.59,7.16,158684,116733745.0,5.73,-3.2,-0.24,1.32,6.15,3.07,4.47,3.21,2.79,3.07,3.63,3.35,2.65,5.31,7.33,7.32,7.52,7.4,0.41,-0.55,-2.07,-5.92,-5.23,-3.17,-3.99,-5.23,-3.44,-2.48
2013-03-08,000059,7.29,7.21,7.29,7.14,82286,59261671.0,2.07,-0.69,-0.05,0.69,3.36,4.76,3.5,3.08,3.36,3.92,3.64,2.94,5.6,6.3,7.3,7.31,7.51,7.39,0.14,-1.39,-5.27,-4.58,-2.5,-3.33,-4.58,-2.77,-1.8,-2.64
2013-03-11,000059,7.16,7.07,7.22,6.97,115108,81350608.0,3.47,-1.94,-0.14,0.96,7.32,6.03,5.6,5.88,6.46,6.17,5.45,8.18,8.9,4.59,7.27,7.28,7.47,7.39,0.57,-3.39,-2.69,-0.57,-1.41,-2.69,-0.85,0.14,-0.71,1.98
2013-03-12,000059,7.02,6.79,7.11,6.73,125917,86928996.0,5.37,-3.96,-0.28,1.05,9.81,9.36,9.66,10.25,9.96,9.21,12.04,12.78,8.32,7.28,7.17,7.24,7.41,7.38,0.59,1.33,3.53,2.65,1.33,3.24,4.27,3.39,6.19,5.45
2013-03-13,000059,6.76,6.77,6.83,6.71,80914,54757174.0,1.77,-0.29,-0.02,0.67,9.69,9.99,10.58,10.28,9.54,12.37,13.11,8.64,7.6,5.96,7.02,7.19,7.36,7.37,1.62,3.84,2.95,1.62,3.55,4.58,3.69,6.5,5.76,4.58
2013-03-14,000059,6.72,6.88,6.88,6.71,82956,56238244.0,2.51,1.62,0.11,0.69,9.99,10.58,10.28,9.54,12.37,13.11,8.64,7.6,5.96,1.79,6.94,7.14,7.31,7.37,2.18,1.31,0.0,1.89,2.91,2.03,4.8,4.07,2.91,-1.16
2013-03-15,000059,6.81,6.94,7.03,6.78,86228,59698272.0,3.63,0.87,0.06,0.72,9.44,9.14,8.41,11.21,11.95,7.52,6.49,4.87,0.74,1.47,6.89,7.1,7.26,7.37,0.43,-0.86,1.01,2.02,1.15,3.89,3.17,2.02,-2.02,-5.33
2013-03-18,000059,6.88,6.8,6.97,6.74,56513,38510912.0,3.31,-2.02,-0.14,0.47,9.79,9.05,11.87,12.61,8.16,7.12,5.49,1.34,2.08,4.3,6.84,7.06,7.21,7.36,1.18,3.09,4.12,3.24,6.03,5.29,4.12,0.0,-3.38,-3.09
2013-03-19,000059,6.82,6.84,6.88,6.76,52108,35494412.0,1.76,0.59,0.04,0.43,8.73,11.54,12.28,7.84,6.8,5.18,1.04,1.78,3.99,3.11,6.85,7.01,7.17,7.35,2.49,3.51,2.63,5.41,4.68,3.51,-0.58,-3.95,-3.65,-3.65
2013-03-20,000059,6.85,6.98,7.01,6.79,94773,65565231.0,3.22,2.05,0.14,0.79,11.05,11.78,7.36,6.33,4.71,0.59,1.33,3.53,2.65,1.33,6.89,6.95,7.14,7.34,1.43,0.57,3.3,2.58,1.43,-2.58,-5.87,-5.59,-5.59,-5.3
2013-03-21,000059,6.98,7.0,7.08,6.95,74608,52189486.0,1.86,0.29,0.02,0.62,9.21,4.89,3.88,2.3,-1.73,-1.01,1.15,0.29,-1.01,0.86,6.91,6.93,7.12,7.32,0.29,3.0,2.29,1.14,-2.86,-6.14,-5.86,-5.86,-5.57,-8.29
2013-03-22,000059,7.0,6.99,7.02,6.94,51217,35737962.0,1.14,-0.14,-0.01,0.43,5.04,4.03,2.45,-1.59,-0.86,1.3,0.43,-0.86,1.01,2.02,6.92,6.91,7.11,7.31,3.15,2.43,1.29,-2.72,-6.01,-5.72,-5.72,-5.44,-8.15,-9.3
2013-03-25,000059,6.99,7.16,7.21,6.98,119673,85361254.0,3.29,2.43,0.17,1.0,3.44,1.86,-2.15,-1.43,0.72,-0.14,-1.43,0.43,1.43,0.57,6.99,6.92,7.1,7.28,0.0,-1.12,-5.03,-8.24,-7.96,-7.96,-7.68,-10.34,-11.45,-15.08
2013-03-26,000059,7.12,6.91,7.16,6.87,95556,66536205.0,4.05,-3.49,-0.25,0.8,3.49,-0.58,0.15,2.33,1.46,0.15,2.04,3.06,2.18,4.95,7.01,6.93,7.08,7.25,2.46,-1.59,-4.92,-4.63,-4.63,-4.34,-7.09,-8.25,-12.01,-13.75
2013-03-27,000059,7.05,6.84,7.08,6.75,88680,61060393.0,4.78,-1.01,-0.07,0.74,1.19,1.93,4.15,3.26,1.93,3.85,4.89,4.0,6.81,6.07,6.98,6.93,7.06,7.22,-0.58,-3.95,-3.65,-3.65,-3.36,-6.14,-7.31,-11.11,-12.87,-13.6
2013-03-28,000059,6.8,6.46,6.8,6.41,127657,83449188.0,5.7,-5.56,-0.38,1.06,7.33,9.67,8.74,7.33,9.36,10.45,9.52,12.48,11.7,10.45,6.87,6.89,7.02,7.17,1.7,2.01,2.01,2.32,-0.62,-1.86,-5.88,-7.74,-8.51,-9.29
2013-03-29,000059,6.46,6.46,6.57,6.45,49596,32244048.0,1.86,0.0,0.0,0.41,8.99,8.06,6.67,8.68,9.77,8.84,11.78,11.01,9.77,5.43,6.77,6.84,6.97,7.12,2.01,2.01,2.32,-0.62,-1.86,-5.88,-7.74,-8.51,-9.29,-10.06
2013-04-01,000059,6.48,6.5,6.59,6.42,59554,38781952.0,2.63,0.62,0.04,0.5,8.57,7.17,9.19,10.28,9.35,12.31,11.53,10.28,5.92,2.34,6.63,6.81,6.93,7.08,1.38,1.69,-1.23,-2.46,-6.46,-8.31,-9.08,-9.85,-10.62,-10.62
2013-04-02,000059,6.51,6.52,6.59,6.49,57479,37565371.0,1.54,0.31,0.02,0.48,6.01,8.01,9.09,8.17,11.09,10.32,9.09,4.78,1.23,1.54,6.56,6.78,6.89,7.04,1.38,-1.53,-2.76,-6.75,-8.59,-9.36,-10.12,-10.89,-10.89,-10.89
2013-04-03,000059,6.56,6.5,6.61,6.46,57648,37713575.0,2.3,-0.31,-0.02,0.48,8.51,9.6,8.67,11.61,10.84,9.6,5.26,1.7,2.01,2.01,6.49,6.73,6.84,7.0,-1.23,-2.46,-6.46,-8.31,-9.08,-9.85,-10.62,-10.62,-10.62,-8.92
2013-04-08,000059,6.42,6.29,6.42,6.26,110846,70155140.0,2.46,-3.23,-0.21,0.92,13.1,12.14,15.18,14.38,13.1,8.63,4.95,5.27,5.27,5.59,6.45,6.66,6.8,6.97,0.79,-3.34,-5.25,-6.04,-6.84,-7.63,-7.63,-7.63,-5.88,-6.84
2013-04-09,000059,6.28,6.28,6.34,6.2,155334,97364256.0,2.23,-0.16,-0.01,1.29,13.23,16.29,15.48,14.19,9.68,5.97,6.29,6.29,6.61,3.55,6.42,6.59,6.75,6.94,-3.18,-5.1,-5.89,-6.69,-7.48,-7.48,-7.48,-5.73,-6.69,-7.01
2013-04-10,000059,5.95,5.9,6.08,5.75,371456,219822100.0,5.25,-6.05,-0.38,3.09,25.39,24.52,23.13,18.26,14.26,14.61,14.61,14.96,11.65,10.26,6.3,6.47,6.69,6.89,1.02,0.17,-0.68,-1.53,-1.53,-1.53,0.34,-0.68,-1.02,-4.92
2013-04-11,000059,5.9,5.85,5.96,5.82,113464,66812589.0,2.37,-0.85,-0.05,0.95,23.02,21.65,16.84,12.89,13.23,13.23,13.57,10.31,8.93,4.47,6.16,6.36,6.64,6.84,1.03,0.17,-0.68,-0.68,-0.68,1.2,0.17,-0.17,-4.1,-4.79
2013-04-12,000059,5.85,5.84,5.91,5.78,99780,58264938.0,2.22,-0.17,-0.01,0.83,22.49,17.65,13.67,14.01,14.01,14.36,11.07,9.69,5.19,3.11,6.03,6.26,6.6,6.79,0.34,-0.51,-0.51,-0.51,1.37,0.34,0.0,-3.94,-4.62,-5.65
2013-04-15,000059,5.83,5.73,5.86,5.72,65407,37768017.0,2.4,-1.88,-0.11,0.54,18.88,14.86,15.21,15.21,15.56,12.24,10.84,6.29,4.2,3.32,5.92,6.19,6.54,6.74,1.4,1.4,1.4,3.32,2.27,1.92,-2.09,-2.79,-3.84,-5.24
2013-04-16,000059,5.7,5.81,5.81,5.65,77521,44490086.0,2.79,1.4,0.08,0.65,16.28,16.64,16.64,16.99,13.63,12.21,7.61,5.49,4.6,3.72,5.83,6.12,6.48,6.69,0.0,0.0,1.89,0.86,0.52,-3.44,-4.13,-5.16,-6.54,-4.99
2013-04-17,000059,5.81,5.77,5.81,5.72,69906,40242712.0,1.55,-0.69,-0.04,0.58,15.21,15.21,15.56,12.24,10.84,6.29,4.2,3.32,2.45,1.57,5.8,6.05,6.43,6.64,0.69,2.6,1.56,1.21,-2.77,-3.47,-4.51,-5.89,-4.33,-2.43
2013-04-18,000059,5.77,5.79,5.81,5.73,58551,33843681.0,1.39,0.35,0.02,0.49,15.01,15.36,12.04,10.65,6.11,4.01,3.14,2.27,1.4,1.4,5.79,5.98,6.38,6.59,2.25,1.21,0.86,-3.11,-3.8,-4.84,-6.22,-4.66,-2.76,-3.11
2013-04-19,000059,5.88,5.9,5.92,5.81,102159,60035004.0,1.9,1.9,0.11,0.85,13.77,10.5,9.12,4.65,2.58,1.72,0.86,0.0,0.0,0.0,5.8,5.92,6.33,6.53,-0.68,-1.02,-4.92,-5.59,-6.61,-7.97,-6.44,-4.58,-4.92,-4.58
2013-04-22,000059,5.78,5.84,5.86,5.76,96787,56306907.0,1.69,-1.02,-0.06,0.81,11.46,10.07,5.56,3.47,2.6,1.74,0.87,0.87,0.87,2.78,5.82,5.87,6.27,6.49,0.0,-3.94,-4.62,-5.65,-7.02,-5.48,-3.6,-3.94,-3.6,-3.94
2013-04-23,000059,5.84,5.53,5.84,5.51,115966,65326599.0,5.65,-5.31,-0.31,0.97,15.06,10.34,8.17,7.26,6.35,5.44,5.44,5.44,7.44,6.35,5.77,5.8,6.19,6.43,1.45,0.72,-0.36,-1.81,-0.18,1.81,1.45,1.81,1.45,0.36
2013-04-24,000059,5.52,5.57,5.61,5.52,92844,51580390.0,1.63,0.72,0.04,0.77,10.14,7.97,7.07,6.16,5.25,5.25,5.25,7.25,6.16,5.8,5.73,5.76,6.11,6.38,0.0,-1.08,-2.51,-0.9,1.08,0.72,1.08,0.72,-0.36,0.9
2013-04-25,000059,5.55,5.47,5.57,5.47,72264,39868332.0,1.8,-1.8,-0.1,0.6,8.96,8.04,7.13,6.22,6.22,6.22,8.23,7.13,6.76,2.56,5.66,5.73,6.04,6.34,0.73,-0.73,0.91,2.93,2.56,2.93,2.56,1.46,2.74,2.01
2013-04-26,000059,5.5,5.39,5.51,5.39,68557,37354282.0,2.19,-1.46,-0.08,0.57,9.65,8.72,7.79,7.79,7.79,9.83,8.72,8.35,4.08,3.34,5.56,5.68,5.97,6.29,0.74,2.41,4.45,4.08,4.45,4.08,2.97,4.27,3.53,1.67
2013-05-02,000059,5.39,5.37,5.43,5.32,60882,32661368.0,2.04,-0.37,-0.02,0.51,10.15,9.21,9.21,9.21,11.28,10.15,9.77,5.45,4.7,3.57,5.47,5.64,5.92,6.24,2.79,4.84,4.47,4.84,4.47,3.35,4.66,3.91,2.05,3.17
2013-05-03,000059,5.37,5.49,5.52,5.37,72366,39580437.0,2.79,2.23,0.12,0.6,8.19,8.19,8.19,10.24,9.12,8.75,4.47,3.72,2.61,1.12,5.46,5.61,5.87,6.19,2.55,2.19,2.55,2.19,1.09,2.37,1.64,-0.18,0.91,4.01
2013-05-06,000059,5.51,5.62,5.63,5.5,84780,47209686.0,2.37,2.37,0.13,0.71,5.64,5.64,7.64,6.55,6.18,2.0,1.27,0.18,-1.27,0.36,5.47,5.6,5.82,6.15,-0.18,0.18,-0.18,-1.25,0.0,-0.71,-2.49,-1.42,1.6,3.38
2013-05-07,000059,5.61,5.57,5.61,5.53,76274,42488109.0,1.42,-0.89,-0.05,0.64,5.06,7.05,5.97,5.61,1.45,0.72,-0.36,-1.81,-0.18,1.81,5.49,5.58,5.78,6.11,1.08,0.72,-0.36,0.9,0.18,-1.62,-0.54,2.51,4.31,4.85
2013-05-08,000059,5.62,5.58,5.63,5.54,51857,28923685.0,1.62,0.18,0.01,0.43,6.86,5.78,5.42,1.26,0.54,-0.54,-1.99,-0.36,1.62,1.26,5.53,5.54,5.73,6.06,0.54,-0.54,0.72,0.0,-1.79,-0.72,2.33,4.12,4.66,3.94
2013-05-09,000059,5.58,5.49,5.61,5.4,67867,37422331.0,3.76,-1.61,-0.09,0.57,8.52,8.15,3.89,3.15,2.04,0.56,2.22,4.26,3.89,4.26,5.55,5.51,5.69,6.01,1.09,2.37,1.64,-0.18,0.91,4.01,5.83,6.38,5.65,7.83
2013-05-10,000059,5.5,5.52,5.55,5.43,77169,42482597.0,2.19,0.55,0.03,0.64,7.55,3.31,2.58,1.47,0.0,1.66,3.68,3.31,3.68,3.31,5.56,5.51,5.65,5.97,1.81,1.09,-0.72,0.36,3.44,5.25,5.8,5.07,7.25,5.8
2013-05-13,000059,5.53,5.58,5.62,5.5,93135,51867675.0,2.17,1.09,0.06,0.78,2.0,1.27,0.18,-1.27,0.36,2.36,2.0,2.36,2.0,0.91,5.55,5.51,5.64,5.91,0.0,-1.79,-0.72,2.33,4.12,4.66,3.94,6.09,4.66,4.3
2013-05-14,000059,5.58,5.45,5.58,5.42,66606,36458835.0,2.87,-2.33,-0.13,0.55,2.77,1.66,0.18,1.85,3.87,3.51,3.87,3.51,2.4,3.69,5.52,5.51,5.62,5.86,0.55,1.65,4.77,6.61,7.16,6.42,8.62,7.16,6.79,6.97
2013-05-15,000059,5.46,5.46,5.48,5.4,49335,26864747.0,1.47,0.18,0.01,0.41,2.04,0.56,2.22,4.26,3.89,4.26,3.89,2.78,4.07,3.33,5.5,5.51,5.6,5.82,1.47,4.58,6.41,6.96,6.23,8.42,6.96,6.59,6.78,9.52
2013-05-16,000059,5.47,5.53,5.54,5.43,68418,37607840.0,2.01,1.28,0.07,0.57,0.0,1.66,3.68,3.31,3.68,3.31,2.21,3.5,2.76,0.92,5.51,5.53,5.59,5.79,3.25,5.06,5.61,4.88,7.05,5.61,5.24,5.42,8.14,8.32
2013-05-17,000059,5.55,5.67,5.71,5.53,147873,83197413.0,3.25,2.53,0.14,1.23,-0.18,1.81,1.45,1.81,1.45,0.36,1.63,0.9,-0.9,0.18,5.54,5.55,5.58,5.76,2.47,3.0,2.29,4.41,3.0,2.65,2.82,5.47,5.64,6.53
2013-05-20,000059,5.65,5.79,5.81,5.65,122671,70710431.0,2.82,2.12,0.12,1.02,-0.35,-0.71,-0.35,-0.71,-1.77,-0.53,-1.24,-3.01,-1.95,1.06,5.58,5.56,5.58,5.74,0.86,0.17,2.25,0.86,0.52,0.69,3.28,3.45,4.32,1.55
2013-05-21,000059,5.78,5.79,5.84,5.74,101414,58666341.0,1.73,0.0,0.0,0.84,-2.26,-1.92,-2.26,-3.31,-2.09,-2.79,-4.53,-3.48,-0.52,1.22,5.65,5.59,5.58,5.71,0.17,2.25,0.86,0.52,0.69,3.28,3.45,4.32,1.55,-0.17
2013-05-22,000059,5.79,5.74,5.8,5.71,89868,51661890.0,1.55,-0.86,-0.05,0.75,-1.4,-1.75,-2.8,-1.58,-2.28,-4.03,-2.98,0.0,1.75,2.28,5.7,5.6,5.57,5.69,3.14,1.74,1.39,1.57,4.18,4.36,5.23,2.44,0.7,-1.57
2013-05-23,000059,5.73,5.79,5.92,5.73,135057,78683634.0,3.31,0.87,0.05,1.13,-2.09,-3.14,-1.92,-2.62,-4.36,-3.32,-0.35,1.4,1.92,1.22,5.76,5.63,5.57,5.67,0.86,0.52,0.69,3.28,3.45,4.32,1.55,-0.17,-2.42,-2.76
2013-05-24,000059,5.8,5.78,5.84,5.7,63729,36736441.0,2.42,-0.17,-0.01,0.53,-2.63,-1.4,-2.11,-3.86,-2.81,0.18,1.93,2.46,1.75,3.86,5.78,5.66,5.58,5.65,0.69,0.87,3.46,3.63,4.5,1.73,0.0,-2.25,-2.6,-3.29
2013-05-27,000059,5.81,5.73,5.82,5.69,93960,53996914.0,2.25,-0.87,-0.05,0.78,-1.23,-1.93,-3.69,-2.64,0.35,2.11,2.64,1.93,4.04,2.64,5.77,5.67,5.59,5.65,1.75,4.36,4.54,5.41,2.62,0.87,-1.4,-1.75,-2.44,-5.58
2013-05-28,000059,5.76,5.82,5.83,5.7,99606,57468308.0,2.27,1.57,0.09,0.83,-2.11,-3.86,-2.81,0.18,1.93,2.46,1.75,3.86,2.46,2.11,5.77,5.71,5.61,5.65,2.75,2.92,3.78,1.03,-0.69,-2.92,-3.26,-3.95,-7.04,-8.76
2013-05-29,000059,5.83,5.97,5.98,5.82,163746,96985513.0,2.75,2.58,0.15,1.36,-5.84,-4.81,-1.89,-0.17,0.34,-0.34,1.72,0.34,0.0,0.17,5.82,5.76,5.64,5.65,0.34,1.17,-1.51,-3.18,-5.36,-5.7,-6.37,-9.38,-11.06,-11.06
2013-05-30,000059,5.94,5.91,5.99,5.88,107409,63513817.0,1.84,-1.01,-0.06,0.89,-5.78,-2.89,-1.19,-0.68,-1.36,0.68,-0.68,-1.02,-0.85,1.7,5.84,5.8,5.66,5.66,2.2,-0.51,-2.2,-4.4,-4.74,-5.41,-8.46,-10.15,-10.15,-10.66
2013-05-31,000059,5.93,5.85,6.04,5.85,128357,76280477.0,3.21,-1.02,-0.06,1.07,-2.39,-0.68,-0.17,-0.85,1.2,-0.17,-0.51,-0.34,2.22,2.39,5.86,5.82,5.68,5.66,0.51,-1.2,-3.42,-3.76,-4.44,-7.52,-9.23,-9.23,-9.74,-10.94
2013-06-03,000059,5.82,5.78,5.88,5.75,97739,56873413.0,2.22,-1.2,-0.07,0.81,1.04,1.57,0.87,2.96,1.57,1.22,1.39,4.0,4.17,5.04,5.87,5.82,5.69,5.66,0.0,-2.25,-2.6,-3.29,-6.4,-8.13,-8.13,-8.65,-9.86,-10.38
2013-06-04,000059,5.77,5.61,5.78,5.6,83689,47491126.0,3.11,-2.94,-0.17,0.7,4.29,3.57,5.71,4.29,3.93,4.11,6.79,6.96,7.86,5.0,5.82,5.8,5.69,5.65,0.71,0.36,-0.36,-3.57,-5.35,-5.35,-5.88,-7.13,-7.66,-7.31
2013-06-05,000059,5.6,5.61,5.65,5.57,43226,24252797.0,1.43,0.0,0.0,0.36,4.13,6.28,4.85,4.49,4.67,7.36,7.54,8.44,5.57,3.77,5.75,5.79,5.69,5.64,0.36,-0.36,-3.57,-5.35,-5.35,-5.88,-7.13,-7.66,-7.31,-8.2
2013-06-06,000059,5.61,5.54,5.63,5.51,47928,26629102.0,2.14,-1.25,-0.07,0.4,7.44,5.99,5.63,5.81,8.53,8.71,9.62,6.72,4.9,2.54,5.68,5.76,5.7,5.63,0.9,-2.35,-4.15,-4.15,-4.69,-5.96,-6.5,-6.14,-7.04,-12.09
2013-06-07,000059,5.56,5.44,5.59,5.4,52608,28931422.0,3.43,-1.81,-0.1,0.44,8.15,7.78,7.96,10.74,10.93,11.85,8.89,7.04,4.63,4.26,5.6,5.73,5.69,5.63,-0.55,-2.39,-2.39,-2.94,-4.23,-4.78,-4.41,-5.33,-10.48,-14.34
2013-06-13,000059,5.4,5.28,5.41,5.18,68737,36285148.0,4.23,-2.94,-0.16,0.57,12.36,12.55,15.44,15.64,16.6,13.51,11.58,9.07,8.69,7.92,5.5,5.68,5.68,5.62,0.57,0.57,0.0,-1.33,-1.89,-1.52,-2.46,-7.77,-11.74,-12.12
2013-06-14,000059,5.26,5.27,5.31,5.23,56782,29938087.0,1.52,-0.19,-0.01,0.47,11.47,14.34,14.53,15.49,12.43,10.52,8.03,7.65,6.88,3.44,5.43,5.63,5.67,5.61,0.76,0.19,-1.14,-1.71,-1.33,-2.28,-7.59,-11.57,-11.95,-12.33
2013-06-17,000059,5.29,5.24,5.31,5.22,37989,19971548.0,1.71,-0.57,-0.03,0.32,14.56,14.75,15.71,12.64,10.73,8.24,7.85,7.09,3.64,1.72,5.35,5.55,5.66,5.61,0.76,-0.57,-1.15,-0.76,-1.72,-7.06,-11.07,-11.45,-11.83,-12.98
2013-06-18,000059,5.25,5.21,5.28,5.17,47226,24647966.0,2.1,-0.57,-0.03,0.39,15.86,16.83,13.73,11.8,9.28,8.9,8.12,4.64,2.71,2.71,5.29,5.48,5.64,5.6,0.0,-0.58,-0.19,-1.15,-6.53,-10.56,-10.94,-11.32,-12.48,-12.67
2013-06-19,000059,5.19,5.2,5.21,5.04,61106,31368577.0,3.26,-0.19,-0.01,0.51,19.84,16.67,14.68,12.1,11.71,10.91,7.34,5.36,5.36,4.76,5.24,5.42,5.62,5.59,-0.38,0.0,-0.96,-6.35,-10.38,-10.77,-11.15,-12.31,-12.5,-10.19
2013-06-20,000059,5.14,5.05,5.18,5.04,44183,22529080.0,2.69,-2.88,-0.15,0.37,16.67,14.68,12.1,11.71,10.91,7.34,5.36,5.36,4.76,3.37,5.19,5.35,5.58,5.58,2.97,1.98,-3.56,-7.72,-8.12,-8.51,-9.7,-9.9,-7.52,-7.52
2013-06-21,000059,4.99,5.18,5.2,4.95,66646,33835982.0,4.95,2.57,0.13,0.56,16.77,14.14,13.74,12.93,9.29,7.27,7.27,6.67,5.25,4.65,5.18,5.3,5.55,5.56,-0.58,-5.98,-10.04,-10.42,-10.81,-11.97,-12.16,-9.85,-9.85,-9.46
2013-06-24,000059,5.15,4.85,5.15,4.78,77802,38829070.0,7.14,-6.37,-0.33,0.65,18.2,17.78,16.95,13.18,11.09,11.09,10.46,9.0,8.37,8.79,5.1,5.23,5.51,5.54,0.41,-3.92,-4.33,-4.74,-5.98,-6.19,-3.71,-3.71,-3.3,-5.36
2013-06-25,000059,4.8,4.63,4.87,4.37,105813,48724274.0,10.31,-4.54,-0.22,0.88,28.83,27.92,23.8,21.51,21.51,20.82,19.22,18.54,18.99,17.85,4.98,5.14,5.45,5.51,0.65,0.22,-0.22,-1.51,-1.73,0.86,0.86,1.3,-0.86,-3.46
2013-06-26,000059,4.62,4.57,4.66,4.5,76628,34907799.0,3.46,-1.3,-0.06,0.64,24.22,20.22,18.0,18.0,17.33,15.78,15.11,15.56,14.44,8.22,4.86,5.05,5.39,5.48,1.53,1.09,-0.22,-0.44,2.19,2.19,2.63,0.44,-2.19,-0.22
2013-06-27,000059,4.59,4.51,4.64,4.5,59449,27159563.0,3.06,-1.31,-0.06,0.5,20.22,18.0,18.0,17.33,15.78,15.11,15.56,14.44,8.22,3.56,4.75,4.97,5.33,5.44,2.44,1.11,0.89,3.55,3.55,3.99,1.77,-0.89,1.11,6.21
2013-06-28,000059,4.52,4.53,4.62,4.42,55646,25207643.0,4.43,0.44,0.02,0.46,20.14,20.14,19.46,17.87,17.19,17.65,16.52,10.18,5.43,4.98,4.62,4.9,5.26,5.41,0.66,0.44,3.09,3.09,3.53,1.32,-1.32,0.66,5.74,4.42
2013-07-01,000059,4.53,4.52,4.56,4.42,51172,22982428.0,3.09,-0.22,-0.01,0.43,20.14,19.46,17.87,17.19,17.65,16.52,10.18,5.43,4.98,4.52,4.55,4.83,5.19,5.38,0.66,3.32,3.32,3.76,1.55,-1.11,0.88,5.97,4.65,5.09
2013-07-02,000059,4.52,4.5,4.55,4.43,53272,23862343.0,2.65,-0.44,-0.02,0.44,19.19,17.61,16.93,17.38,16.25,9.93,5.19,4.74,4.29,2.93,4.53,4.75,5.12,5.35,3.78,3.78,4.22,2.0,-0.67,1.33,6.44,5.11,5.56,5.11
2013-07-03,000059,4.49,4.63,4.67,4.36,140334,63213645.0,6.89,2.89,0.13,1.17,19.5,18.81,19.27,18.12,11.7,6.88,6.42,5.96,4.59,4.36,4.54,4.7,5.06,5.31,0.86,1.3,-0.86,-3.46,-1.51,3.46,2.16,2.59,2.16,3.24
2013-07-04,000059,4.58,4.6,4.67,4.51,71344,32810402.0,3.46,-0.65,-0.03,0.59,14.86,15.3,14.19,7.98,3.33,2.88,2.44,1.11,0.89,3.55,4.56,4.65,5.0,5.27,1.96,-0.22,-2.83,-0.87,4.13,2.83,3.26,2.83,3.91,1.96
2013-07-05,000059,4.61,4.64,4.69,4.57,63111,29248003.0,2.61,0.87,0.04,0.53,13.79,12.69,6.56,1.97,1.53,1.09,-0.22,-0.44,2.19,2.19,4.58,4.6,4.95,5.23,-1.08,-3.66,-1.72,3.23,1.94,2.37,1.94,3.02,1.08,-1.08
2013-07-08,000059,4.59,4.42,4.59,4.4,54170,24416896.0,4.09,-4.74,-0.22,0.45,17.05,10.68,5.91,5.45,5.0,3.64,3.41,6.14,6.14,6.59,4.56,4.56,4.89,5.19,1.13,3.17,8.37,7.01,7.47,7.01,8.14,6.11,3.85,1.58
2013-07-09,000059,4.41,4.42,4.47,4.39,29517,13087394.0,1.81,0.0,0.0,0.25,10.93,6.15,5.69,5.24,3.87,3.64,6.38,6.38,6.83,4.56,4.54,4.53,4.83,5.14,3.17,8.37,7.01,7.47,7.01,8.14,6.11,3.85,1.58,4.3
2013-07-10,000059,4.41,4.56,4.56,4.38,47138,21018557.0,4.07,3.17,0.14,0.39,6.39,5.94,5.48,4.11,3.88,6.62,6.62,7.08,4.79,2.05,4.53,4.53,4.79,5.1,5.04,3.73,4.17,3.73,4.82,2.85,0.66,-1.54,1.1,1.75
2013-07-11,000059,4.55,4.7,4.79,4.53,102348,47954029.0,5.7,3.07,0.14,0.85,2.43,1.99,0.66,0.44,3.09,3.09,3.53,1.32,-1.32,0.66,4.55,4.55,4.76,5.07,0.64,1.06,0.64,1.7,-0.21,-2.34,-4.47,-1.91,-1.28,-1.06
2013-07-12,000059,4.7,4.62,4.73,4.62,64083,29968657.0,2.34,-1.7,-0.08,0.53,0.0,-1.3,-1.52,1.08,1.08,1.52,-0.65,-3.25,-1.3,3.68,4.54,4.56,4.73,5.03,2.81,2.38,3.46,1.52,-0.65,-2.81,-0.22,0.43,0.65,1.95
2013-07-15,000059,4.66,4.69,4.75,4.62,70356,33003453.0,2.81,1.52,0.07,0.59,-1.3,-1.52,1.08,1.08,1.52,-0.65,-3.25,-1.3,3.68,2.38,4.6,4.58,4.7,4.99,0.85,1.92,0.0,-2.13,-4.26,-1.71,-1.07,-0.85,0.43,-1.28
2013-07-16,000059,4.71,4.73,4.73,4.64,58090,27262149.0,1.92,0.85,0.04,0.48,-1.94,0.65,0.65,1.08,-1.08,-3.66,-1.72,3.23,1.94,2.37,4.66,4.6,4.68,4.95,1.06,-0.85,-2.96,-5.07,-2.54,-1.9,-1.69,-0.42,-2.11,-3.81
2013-07-17,000059,4.76,4.68,4.78,4.67,73134,34598080.0,2.33,-1.06,-0.05,0.61,0.0,0.0,0.43,-1.71,-4.28,-2.36,2.57,1.28,1.71,1.28,4.68,4.61,4.65,4.91,0.21,-1.92,-4.06,-1.5,-0.85,-0.64,0.64,-1.07,-2.78,-0.85
2013-07-18,000059,4.65,4.51,4.69,4.51,68723,31585708.0,3.85,-3.63,-0.17,0.57,3.55,3.99,1.77,-0.89,1.11,6.21,4.88,5.32,4.88,5.99,4.65,4.6,4.62,4.86,1.77,-0.44,2.22,2.88,3.1,4.43,2.66,0.89,2.88,2.44
2013-07-19,000059,4.55,4.41,4.59,4.39,60730,27290061.0,4.43,-2.22,-0.1,0.51,6.83,4.56,1.82,3.87,9.11,7.74,8.2,7.74,8.88,6.83,4.6,4.57,4.59,4.82,1.81,4.54,5.22,5.44,6.8,4.99,3.17,5.22,4.76,6.8
2013-07-22,000059,4.41,4.46,4.49,4.38,52621,23364543.0,2.49,1.13,0.05,0.44,4.79,2.05,4.11,9.36,7.99,8.45,7.99,9.13,7.08,4.79,4.56,4.58,4.57,4.79,3.36,4.04,4.26,5.61,3.81,2.02,4.04,3.59,5.61,6.73
2013-07-23,000059,4.47,4.59,4.61,4.44,65661,29993804.0,3.81,2.91,0.13,0.55,0.68,2.7,7.88,6.53,6.98,6.53,7.66,5.63,3.38,1.13,4.53,4.6,4.56,4.75,1.09,1.31,2.61,0.87,-0.87,1.09,0.65,2.61,3.7,3.7
2013-07-24,000059,4.6,4.62,4.64,4.52,55237,25357207.0,2.61,0.65,0.03,0.46,0.88,5.97,4.65,5.09,4.65,5.75,3.76,1.55,-0.66,1.99,4.52,4.6,4.57,4.73,0.65,1.95,0.22,-1.52,0.43,0.0,1.95,3.03,3.03,3.03
2013-07-25,000059,4.64,4.56,4.65,4.54,53911,24721599.0,2.38,-1.3,-0.06,0.45,5.51,4.19,4.63,4.19,5.29,3.3,1.1,-1.1,1.54,2.2,4.53,4.59,4.57,4.7,3.29,1.54,-0.22,1.75,1.32,3.29,4.39,4.39,4.39,3.51
2013-07-26,000059,4.53,4.66,4.71,4.51,75702,34801382.0,4.39,2.19,0.1,0.63,4.88,5.32,4.88,5.99,3.99,1.77,-0.44,2.22,2.88,3.1,4.58,4.59,4.58,4.68,-0.64,-2.36,-0.43,-0.86,1.07,2.15,2.15,2.15,1.29,5.15
2013-07-29,000059,4.62,4.49,4.63,4.45,85384,38687460.0,3.86,-3.65,-0.17,0.71,6.74,6.29,7.42,5.39,3.15,0.9,3.6,4.27,4.49,5.84,4.58,4.57,4.57,4.66,1.34,3.34,2.9,4.9,6.01,6.01,6.01,5.12,9.13,9.58
2013-07-30,000059,4.5,4.5,4.55,4.39,55986,25147273.0,3.56,0.22,0.01,0.47,7.74,8.88,6.83,4.56,2.28,5.01,5.69,5.92,7.29,5.47,4.57,4.55,4.57,4.63,3.11,2.67,4.67,5.78,5.78,5.78,4.89,8.89,9.33,11.78
2013-07-31,000059,4.53,4.49,4.64,4.49,37227,16903080.0,3.33,-0.22,-0.01,0.31,6.46,4.45,2.23,0.0,2.67,3.34,3.56,4.9,3.12,1.34,4.54,4.53,4.57,4.61,2.9,4.9,6.01,6.01,6.01,5.12,9.13,9.58,12.03,12.03
2013-08-01,000059,4.55,4.6,4.62,4.51,62076,28407775.0,2.45,2.45,0.11,0.52,3.99,1.77,-0.44,2.22,2.88,3.1,4.43,2.66,0.89,2.88,4.55,4.54,4.57,4.6,2.39,3.48,3.48,3.48,2.61,6.52,6.96,9.35,9.35,5.87
2013-08-02,000059,4.61,4.62,4.71,4.58,119741,55588986.0,2.83,0.43,0.02,1.0,0.22,-1.97,0.66,1.31,1.53,2.84,1.09,-0.66,1.31,0.87,4.54,4.56,4.57,4.58,3.03,3.03,3.03,2.16,6.06,6.49,8.87,8.87,5.41,5.84
2013-08-05,000059,4.63,4.7,4.76,4.6,98326,46226638.0,3.46,1.73,0.08,0.82,-2.39,0.22,0.87,1.09,2.39,0.65,-1.09,0.87,0.43,2.39,4.58,4.58,4.58,4.57,1.28,1.28,0.43,4.26,4.68,7.02,7.02,3.62,4.04,-0.21
2013-08-06,000059,4.7,4.75,4.76,4.67,117037,55302135.0,1.91,1.06,0.05,0.97,-1.28,-0.64,-0.43,0.86,-0.86,-2.57,-0.64,-1.07,0.86,1.93,4.63,4.6,4.6,4.58,0.21,-0.63,3.16,3.58,5.89,5.89,2.53,2.95,-1.26,-1.26
2013-08-07,000059,4.73,4.7,4.76,4.68,82498,38912932.0,1.68,-1.05,-0.05,0.69,-0.85,-0.64,0.64,-1.07,-2.78,-0.85,-1.28,0.64,1.71,1.71,4.67,4.61,4.6,4.58,0.43,4.26,4.68,7.02,7.02,3.62,4.04,-0.21,-0.21,-0.64
2013-08-08,000059,4.68,4.69,4.72,4.65,63540,29808473.0,1.49,-0.21,-0.01,0.53,0.0,1.29,-0.43,-2.15,-0.22,-0.65,1.29,2.37,2.37,2.37,4.69,4.62,4.6,4.59,4.48,4.9,7.25,7.25,3.84,4.26,0.0,0.0,-0.43,0.21
2013-08-09,000059,4.71,4.84,4.9,4.66,152782,73297156.0,5.12,3.2,0.15,1.27,1.07,-0.64,-2.36,-0.43,-0.86,1.07,2.15,2.15,2.15,1.29,4.74,4.64,4.61,4.6,1.65,3.93,3.93,0.62,1.03,-3.1,-3.1,-3.51,-2.89,-4.75
2013-08-12,000059,4.85,4.86,4.92,4.79,133716,65010409.0,2.69,0.41,0.02,1.11,-3.34,-5.01,-3.13,-3.55,-1.67,-0.63,-0.63,-0.63,-1.46,2.3,4.77,4.68,4.62,4.61,3.5,3.5,0.21,0.62,-3.5,-3.5,-3.91,-3.29,-5.14,-5.76
2013-08-13,000059,4.88,4.96,5.03,4.87,133587,66140553.0,3.29,2.06,0.1,1.11,-6.57,-4.72,-5.13,-3.29,-2.26,-2.26,-2.26,-3.08,0.62,1.03,4.81,4.72,4.63,4.62,1.41,-1.81,-1.41,-5.44,-5.44,-5.85,-5.24,-7.06,-7.66,-6.65
2013-08-14,000059,4.94,4.87,5.03,4.82,128997,63320792.0,4.23,-1.81,-0.09,1.07,-3.73,-4.15,-2.28,-1.24,-1.24,-1.24,-2.07,1.66,2.07,4.36,4.84,4.76,4.64,4.63,0.0,0.41,-3.7,-3.7,-4.11,-3.49,-5.34,-5.95,-4.93,-4.11
2013-08-15,000059,4.87,4.73,4.87,4.71,84353,40498224.0,3.29,-2.87,-0.14,0.7,-1.91,0.0,1.06,1.06,1.06,0.21,4.03,4.46,6.79,6.79,4.85,4.77,4.66,4.64,3.38,-0.85,-0.85,-1.27,-0.63,-2.54,-3.17,-2.11,-1.27,-1.48
2013-08-16,000059,4.72,4.71,4.89,4.69,104717,50018311.0,4.23,-0.42,-0.02,0.87,0.43,1.49,1.49,1.49,0.64,4.48,4.9,7.25,7.25,3.84,4.83,4.78,4.67,4.64,-0.42,-0.42,-0.85,-0.21,-2.12,-2.76,-1.7,-0.85,-1.06,-1.49
2013-08-19,000059,4.65,4.67,4.69,4.58,93173,43175372.0,2.34,-0.85,-0.04,0.78,3.93,3.93,3.93,3.06,6.99,7.42,9.83,9.83,6.33,6.77,4.79,4.78,4.68,4.65,0.43,0.0,0.64,-1.28,-1.93,-0.86,0.0,-0.21,-0.64,0.21
2013-08-20,000059,4.63,4.65,4.69,4.61,73415,34167606.0,1.71,-0.43,-0.02,0.61,3.25,3.25,2.39,6.29,6.72,9.11,9.11,5.64,6.07,1.74,4.73,4.77,4.68,4.65,0.43,1.08,-0.86,-1.51,-0.43,0.43,0.22,-0.22,0.65,2.58
2013-08-21,000059,4.62,4.66,4.67,4.61,46847,21760155.0,1.29,0.22,0.01,0.39,3.25,2.39,6.29,6.72,9.11,9.11,5.64,6.07,1.74,1.74,4.68,4.76,4.69,4.66,0.86,-1.07,-1.72,-0.64,0.21,0.0,-0.43,0.43,2.36,2.79
2013-08-22,000059,4.65,4.58,4.7,4.55,74229,34325352.0,3.22,-1.72,-0.08,0.62,3.74,7.69,8.13,10.55,10.55,7.03,7.47,3.08,3.08,2.64,4.65,4.75,4.69,4.65,0.66,0.0,1.09,1.97,1.75,1.31,2.18,4.15,4.59,5.02
2013-08-23,000059,4.59,4.47,4.61,4.45,85113,38530490.0,3.49,-2.4,-0.11,0.71,10.11,10.56,13.03,13.03,9.44,9.89,5.39,5.39,4.94,5.62,4.61,4.72,4.68,4.65,2.46,3.58,4.47,4.25,3.8,4.7,6.71,7.16,7.61,6.71
2013-08-26,000059,4.47,4.56,4.58,4.47,66367,30098378.0,2.46,2.01,0.09,0.55,10.07,12.53,12.53,8.95,9.4,4.92,4.92,4.47,5.15,3.13,4.58,4.69,4.68,4.64,1.54,2.41,2.19,1.75,2.63,4.61,5.04,5.48,4.61,6.14
2013-08-27,000059,4.55,4.62,4.63,4.55,62431,28666663.0,1.75,1.32,0.06,0.52,10.55,10.55,7.03,7.47,3.08,3.08,2.64,3.3,1.32,0.66,4.58,4.65,4.69,4.64,1.08,0.87,0.43,1.3,3.25,3.68,4.11,3.25,4.76,6.28
2013-08-28,000059,4.61,4.63,4.67,4.56,77220,35664170.0,2.38,0.22,0.01,0.64,10.31,6.8,7.24,2.85,2.85,2.41,3.07,1.1,0.44,1.54,4.57,4.63,4.69,4.64,0.65,0.22,1.08,3.02,3.46,3.89,3.02,4.54,6.05,11.66
2013-08-29,000059,4.63,4.57,4.66,4.55,77976,35777948.0,2.38,-1.3,-0.06,0.65,7.03,7.47,3.08,3.08,2.64,3.3,1.32,0.66,1.76,2.64,4.57,4.61,4.69,4.64,1.53,2.41,4.38,4.81,5.25,4.38,5.91,7.44,13.13,10.5
2013-08-30,000059,4.57,4.57,4.64,4.54,84671,38936200.0,2.19,0.0,0.0,0.71,7.71,3.3,3.3,2.86,3.52,1.54,0.88,1.98,2.86,2.64,4.59,4.6,4.69,4.65,2.41,4.38,4.81,5.25,4.38,5.91,7.44,13.13,10.5,10.28
2013-09-02,000059,4.59,4.68,4.68,4.57,99306,45995114.0,2.41,2.41,0.11,0.83,2.63,2.63,2.19,2.84,0.88,0.22,1.31,2.19,1.97,1.53,4.61,4.6,4.69,4.65,1.92,2.35,2.78,1.92,3.42,4.91,10.47,7.91,7.69,5.34
2013-09-03,000059,4.7,4.74,4.77,4.67,108469,51245178.0,2.14,1.28,0.06,0.9,0.43,0.0,0.64,-1.28,-1.93,-0.86,0.0,-0.21,-0.64,0.21,4.64,4.61,4.69,4.66,1.05,1.48,0.63,2.11,3.59,9.07,6.54,6.33,4.01,3.38
2013-09-04,000059,4.74,4.76,4.79,4.72,81703,38858247.0,1.48,0.42,0.02,0.68,-1.06,-0.42,-2.33,-2.97,-1.91,-1.06,-1.27,-1.69,-0.85,1.06,4.66,4.62,4.69,4.66,1.05,0.21,1.68,3.15,8.61,6.09,5.88,3.57,2.94,1.89
2013-09-05,000059,4.78,4.75,4.81,4.73,76752,36534077.0,1.68,-0.21,-0.01,0.64,-0.63,-2.54,-3.17,-2.11,-1.27,-1.48,-1.9,-1.06,0.85,1.27,4.7,4.64,4.69,4.67,0.42,1.89,3.37,8.84,6.32,6.11,3.79,3.16,2.11,2.32
2013-09-06,000059,4.74,4.74,4.77,4.7,62939,29783779.0,1.47,-0.21,-0.01,0.52,-1.91,-2.55,-1.49,-0.64,-0.85,-1.28,-0.43,1.49,1.91,2.34,4.73,4.66,4.69,4.67,2.11,3.59,9.07,6.54,6.33,4.01,3.38,2.32,2.53,4.85
2013-09-09,000059,4.76,4.81,4.84,4.72,130012,62246635.0,2.53,1.48,0.07,1.08,-2.97,-1.91,-1.06,-1.27,-1.69,-0.85,1.06,1.48,1.91,1.06,4.76,4.69,4.69,4.68,2.08,7.48,4.99,4.78,2.49,1.87,0.83,1.04,3.33,2.7
2013-09-10,000059,4.81,4.9,4.91,4.79,141687,68963015.0,2.49,1.87,0.09,1.18,-3.34,-2.51,-2.71,-3.13,-2.3,-0.42,0.0,0.42,-0.42,1.04,4.79,4.72,4.68,4.7,5.51,3.06,2.86,0.61,0.0,-1.02,-0.82,1.43,0.82,-1.02
2013-09-11,000059,4.91,5.05,5.17,4.88,238604,119918945.0,5.92,3.06,0.15,1.99,-4.3,-4.51,-4.92,-4.1,-2.25,-1.84,-1.43,-2.25,-0.82,0.61,4.85,4.76,4.69,4.71,0.0,-0.2,-2.38,-2.97,-3.96,-3.76,-1.58,-2.18,-3.96,-5.94
2013-09-12,000059,5.05,4.99,5.05,4.97,104173,52073954.0,1.58,-1.19,-0.06,0.87,-6.24,-6.64,-5.84,-4.02,-3.62,-3.22,-4.02,-2.62,-1.21,4.02,4.9,4.8,4.71,4.73,1.0,-1.2,-1.8,-2.81,-2.61,-0.4,-1.0,-2.81,-4.81,-6.81
2013-09-13,000059,4.98,4.89,5.04,4.87,101050,49843666.0,3.41,-2.0,-0.1,0.84,-4.72,-3.9,-2.05,-1.64,-1.23,-2.05,-0.62,0.82,6.16,3.7,4.93,4.83,4.71,4.74,0.82,0.2,-0.82,-0.61,1.64,1.02,-0.82,-2.86,-4.91,-3.48
2013-09-16,000059,4.91,4.82,4.93,4.78,104614,50514257.0,3.07,-1.43,-0.07,0.87,-2.09,-0.21,0.21,0.63,-0.21,1.26,2.72,8.16,5.65,5.44,4.93,4.85,4.72,4.74,1.66,0.62,0.83,3.11,2.49,0.62,-1.45,-3.53,-2.07,-1.87
2013-09-17,000059,4.82,4.79,4.9,4.78,81169,39230817.0,2.49,-0.62,-0.03,0.68,-0.21,0.21,0.63,-0.21,1.26,2.72,8.16,5.65,5.44,3.14,4.91,4.85,4.73,4.74,1.25,1.46,3.76,3.13,1.25,-0.84,-2.92,-1.46,-1.25,1.04
2013-09-18,000059,4.78,4.81,4.85,4.76,122517,58781851.0,1.88,0.42,0.02,1.02,0.63,1.05,0.21,1.68,3.15,8.61,6.09,5.88,3.57,2.94,4.86,4.86,4.74,4.75,1.04,3.33,2.7,0.83,-1.25,-3.33,-1.87,-1.66,0.62,0.83
2013-09-23,000059,4.83,4.85,4.86,4.77,95552,46096551.0,1.87,0.83,0.04,0.8,0.84,0.0,1.47,2.94,8.39,5.87,5.66,3.35,2.73,1.68,4.83,4.87,4.75,4.75,2.47,1.86,0.0,-2.06,-4.12,-2.68,-2.47,-0.21,0.0,0.82
2013-09-24,000059,4.89,4.9,4.97,4.87,146380,71931742.0,2.06,1.03,0.05,1.22,-2.05,-0.62,0.82,6.16,3.7,3.49,1.23,0.62,-0.41,-0.21,4.83,4.88,4.77,4.75,0.82,-1.02,-3.06,-5.1,-3.67,-3.47,-1.22,-1.02,-0.2,1.02
2013-09-25,000059,4.87,4.84,4.94,4.81,105388,51516446.0,2.65,-1.22,-0.06,0.88,0.62,2.08,7.48,4.99,4.78,2.49,1.87,0.83,1.04,3.33,4.84,4.88,4.79,4.75,0.21,-1.86,-3.93,-2.48,-2.27,0.0,0.21,1.03,2.27,1.86
2013-09-26,000059,4.81,4.71,4.85,4.71,97009,46358795.0,2.89,-2.69,-0.13,0.81,4.25,9.77,7.22,7.01,4.67,4.03,2.97,3.18,5.52,4.88,4.82,4.87,4.79,4.74,0.85,-1.27,0.21,0.42,2.76,2.97,3.82,5.1,4.67,2.55
2013-09-27,000059,4.71,4.61,4.75,4.6,106634,49686824.0,3.18,-2.12,-0.1,0.89,12.39,9.78,9.57,7.17,6.52,5.43,5.65,8.04,7.39,5.43,4.78,4.82,4.79,4.74,0.87,2.39,2.6,4.99,5.21,6.07,7.38,6.94,4.77,3.04
2013-09-30,000059,4.63,4.64,4.65,4.6,54211,25106622.0,1.08,0.65,0.03,0.45,9.78,9.57,7.17,6.52,5.43,5.65,8.04,7.39,5.43,3.26,4.74,4.79,4.79,4.73,1.72,1.94,4.31,4.53,5.39,6.68,6.25,4.09,2.37,4.31
2013-10-08,000059,4.64,4.71,4.72,4.6,91563,42800858.0,2.59,1.51,0.07,0.76,9.57,7.17,6.52,5.43,5.65,8.04,7.39,5.43,3.26,1.09,4.7,4.77,4.8,4.73,0.42,2.76,2.97,3.82,5.1,4.67,2.55,0.85,2.76,3.4
2013-10-09,000059,4.67,4.69,4.73,4.66,78157,36630116.0,1.49,-0.42,-0.02,0.65,5.79,5.15,4.08,4.29,6.65,6.01,4.08,1.93,-0.21,1.29,4.67,4.76,4.8,4.73,3.2,3.41,4.26,5.54,5.12,2.99,1.28,3.2,3.84,2.99
2013-10-10,000059,4.69,4.79,4.84,4.64,136687,64662104.0,4.26,2.13,0.1,1.14,5.6,4.53,4.74,7.11,6.47,4.53,2.37,0.22,1.72,1.94,4.69,4.76,4.8,4.74,1.25,2.09,3.34,2.92,0.84,-0.84,1.04,1.67,0.84,-2.09
2013-10-11,000059,4.78,4.81,4.85,4.75,96489,46236144.0,2.09,0.42,0.02,0.8,2.11,2.32,4.63,4.0,2.11,0.0,-2.11,-0.63,-0.42,1.89,4.73,4.76,4.81,4.74,1.66,2.91,2.49,0.42,-1.25,0.62,1.25,0.42,-2.49,-2.7
2013-10-14,000059,4.84,4.86,4.89,4.81,106891,51830115.0,1.66,1.04,0.05,0.89,1.04,3.33,2.7,0.83,-1.25,-3.33,-1.87,-1.66,0.62,0.83,4.77,4.76,4.81,4.75,1.85,1.44,-0.62,-2.26,-0.41,0.21,-0.62,-3.5,-3.7,-1.85
2013-10-15,000059,4.86,4.86,4.95,4.8,123198,59954114.0,3.09,0.0,0.0,1.03,3.54,2.92,1.04,-1.04,-3.12,-1.67,-1.46,0.83,1.04,1.88,4.8,4.75,4.82,4.77,1.44,-0.62,-2.26,-0.41,0.21,-0.62,-3.5,-3.7,-1.85,0.0
2013-10-16,000059,4.85,4.78,4.93,4.73,138645,67260467.0,4.12,-1.65,-0.08,1.15,4.44,2.54,0.42,-1.69,-0.21,0.0,2.33,2.54,3.38,4.65,4.82,4.75,4.82,4.77,1.05,-0.63,1.26,1.88,1.05,-1.88,-2.09,-0.21,1.67,7.95
2013-10-17,000059,4.8,4.74,4.83,4.72,91450,43551151.0,2.3,-0.84,-0.04,0.76,2.75,0.64,-1.48,0.0,0.21,2.54,2.75,3.6,4.87,4.45,4.81,4.75,4.81,4.78,0.21,2.11,2.74,1.9,-1.05,-1.27,0.63,2.53,8.86,14.98
2013-10-18,000059,4.74,4.71,4.75,4.7,53313,25212667.0,1.05,-0.63,-0.03,0.44,1.06,-1.06,0.43,0.64,2.98,3.19,4.04,5.32,4.89,2.77,4.79,4.76,4.79,4.78,2.76,3.4,2.55,-0.42,-0.64,1.27,3.18,9.55,15.71,4.88
2013-10-21,000059,4.73,4.84,4.84,4.73,102450,49178872.0,2.34,2.76,0.13,0.85,-1.69,-0.21,0.0,2.33,2.54,3.38,4.65,4.23,2.11,0.42,4.79,4.78,4.78,4.79,0.62,-0.21,-3.1,-3.31,-1.45,0.41,6.61,12.6,2.07,2.89
2013-10-22,000059,4.83,4.78,4.87,4.77,93354,44937352.0,2.07,-1.24,-0.06,0.78,-1.05,-0.84,1.47,1.68,2.52,3.77,3.35,1.26,-0.42,1.47,4.77,4.79,4.78,4.8,1.05,-1.88,-2.09,-0.21,1.67,7.95,14.02,3.35,4.18,11.92
2013-10-23,000059,4.8,4.7,4.83,4.65,94116,44478155.0,3.77,-1.67,-0.08,0.78,1.72,4.09,4.3,5.16,6.45,6.02,3.87,2.15,4.09,4.73,4.75,4.79,4.77,4.8,-0.21,-0.43,1.49,3.4,9.79,15.96,5.11,5.96,13.83,16.17
2013-10-24,000059,4.69,4.64,4.69,4.6,70330,32667844.0,1.91,-1.28,-0.06,0.59,5.22,5.43,6.3,7.61,7.17,5.0,3.26,5.22,5.87,5.0,4.73,4.77,4.76,4.79,0.86,2.8,4.74,11.21,17.46,6.47,7.33,15.3,17.67,12.07
2013-10-25,000059,4.63,4.56,4.68,4.54,68713,31683354.0,3.02,-1.72,-0.08,0.57,6.83,7.71,9.03,8.59,6.39,4.63,6.61,7.27,6.39,3.3,4.7,4.75,4.75,4.79,4.61,6.58,13.16,19.52,8.33,9.21,17.32,19.74,14.04,16.67
2013-10-28,000059,4.56,4.7,4.77,4.56,88282,41289625.0,4.61,3.07,0.14,0.74,7.24,8.55,8.11,5.92,4.17,6.14,6.8,5.92,2.85,2.63,4.68,4.73,4.74,4.78,3.4,9.79,15.96,5.11,5.96,13.83,16.17,10.64,13.19,15.96
2013-10-29,000059,4.73,4.69,4.86,4.55,148987,70595108.0,6.6,-0.21,-0.01,1.24,8.79,8.35,6.15,4.4,6.37,7.03,6.15,3.08,2.86,4.84,4.66,4.71,4.73,4.78,10.02,16.2,5.33,6.18,14.07,16.42,10.87,13.43,16.2,13.43
2013-10-30,000059,4.66,5.16,5.16,4.63,348110,176722418.0,11.3,10.02,0.47,2.9,6.48,4.32,2.59,4.54,5.18,4.32,1.3,1.08,3.02,4.97,4.75,4.75,4.75,4.79,5.62,-4.26,-3.49,3.68,5.81,0.78,3.1,5.62,3.1,0.19
2013-10-31,000059,5.3,5.07,5.45,5.01,632625,331772480.0,8.53,-1.74,-0.09,5.27,-3.59,-5.19,-3.39,-2.79,-3.59,-6.39,-6.59,-4.79,-2.99,2.99,4.84,4.79,4.77,4.8,-2.56,-1.78,5.52,7.69,2.56,4.93,7.5,4.93,1.97,-0.2
2013-11-01,000059,4.9,4.81,4.94,4.73,282966,136627358.0,4.14,-5.13,-0.26,2.36,0.42,2.33,2.96,2.11,-0.85,-1.06,0.85,2.75,9.09,15.22,4.89,4.8,4.78,4.79,3.53,11.23,13.51,8.11,10.6,13.31,10.6,7.48,5.2,7.69
2013-11-04,000059,4.84,4.96,4.98,4.77,215305,104974370.0,4.37,3.12,0.15,1.79,1.47,2.1,1.26,-1.68,-1.89,0.0,1.89,8.18,14.26,3.56,4.94,4.81,4.79,4.79,7.86,10.08,4.84,7.26,9.88,7.26,4.23,2.02,4.44,5.04
2013-11-05,000059,4.91,5.27,5.35,4.85,444669,228974668.0,10.08,6.25,0.31,3.7,0.41,-0.41,-3.3,-3.51,-1.65,0.21,6.39,12.37,1.86,2.68,5.05,4.86,4.82,4.8,3.61,-1.33,0.95,3.42,0.95,-1.9,-3.98,-1.71,-1.14,1.52
2013-11-06,000059,5.21,5.22,5.46,5.13,521334,276244368.0,6.26,-0.95,-0.05,4.34,-5.85,-8.58,-8.77,-7.02,-5.26,0.58,6.24,-3.7,-2.92,4.29,5.07,4.91,4.85,4.82,-0.38,1.92,4.41,1.92,-0.96,-3.07,-0.77,-0.19,2.49,2.49
2013-11-07,000059,5.12,5.14,5.2,5.04,223912,114433748.0,3.07,-1.53,-0.08,1.87,-6.94,-7.14,-5.36,-3.57,2.38,8.13,-1.98,-1.19,6.15,8.33,5.08,4.96,4.87,4.83,3.5,6.03,3.5,0.58,-1.56,0.78,1.36,4.09,4.09,8.95
2013-11-08,000059,5.09,5.25,5.32,5.07,263074,137352215.0,4.86,2.14,0.11,2.19,-7.69,-5.92,-4.14,1.78,7.5,-2.56,-1.78,5.52,7.69,2.56,5.17,5.03,4.89,4.84,3.81,1.33,-1.52,-3.62,-1.33,-0.76,1.9,1.9,6.67,6.48
2013-11-11,000059,5.22,5.31,5.45,5.15,319072,170291016.0,5.71,1.14,0.06,2.66,-7.38,-5.63,0.19,5.83,-4.08,-3.3,3.88,6.02,0.97,3.3,5.24,5.09,4.91,4.86,0.19,-2.64,-4.71,-2.45,-1.88,0.75,0.75,5.46,5.27,3.77
2013-11-12,000059,5.27,5.22,5.32,5.15,197040,102604547.0,3.2,-1.69,-0.09,1.64,-5.63,0.19,5.83,-4.08,-3.3,3.88,6.02,0.97,3.3,5.83,5.23,5.14,4.93,4.87,-0.96,-3.07,-0.77,-0.19,2.49,2.49,7.28,7.09,5.56,10.34
2013-11-13,000059,5.17,4.95,5.17,4.95,193394,97588128.0,4.21,-5.17,-0.27,1.61,4.24,10.1,-0.2,0.61,8.08,10.3,5.05,7.47,10.1,7.47,5.17,5.12,4.94,4.87,2.22,4.65,5.25,8.08,8.08,13.13,12.93,11.31,16.36,13.74
2013-11-14,000059,4.96,5.05,5.06,4.92,128496,64237406.0,2.83,2.02,0.1,1.07,10.77,0.41,1.22,8.74,10.98,5.69,8.13,10.77,8.13,5.08,5.16,5.12,4.95,4.88,2.57,3.17,5.94,5.94,10.89,10.69,9.11,14.06,11.49,12.08
2013-11-15,000059,5.03,5.11,5.18,5.02,212263,108486632.0,3.17,1.19,0.06,1.77,-1.59,-0.8,6.57,8.76,3.59,5.98,8.57,5.98,2.99,0.8,5.13,5.15,4.97,4.9,1.96,4.7,4.7,9.59,9.39,7.83,12.72,10.18,10.76,9.78
2013-11-18,000059,5.11,5.15,5.21,5.08,194498,100296761.0,2.54,0.78,0.04,1.62,-1.97,5.31,7.48,2.36,4.72,7.28,4.72,1.77,-0.39,1.97,5.1,5.17,4.99,4.92,3.88,3.88,8.74,8.54,6.99,11.84,9.32,9.9,8.93,8.54
2013-11-19,000059,5.16,5.3,5.35,5.12,240500,126543140.0,4.47,2.91,0.15,2.0,4.49,6.64,1.56,3.91,6.45,3.91,0.98,-1.17,1.17,1.76,5.11,5.17,5.01,4.94,0.94,5.66,5.47,3.96,8.68,6.23,6.79,5.85,5.47,3.21
2013-11-20,000059,5.3,5.32,5.35,5.21,184890,97673819.0,2.64,0.38,0.02,1.54,4.8,-0.19,2.11,4.61,2.11,-0.77,-2.88,-0.58,0.0,2.69,5.19,5.18,5.04,4.96,5.26,5.08,3.57,8.27,5.83,6.39,5.45,5.08,2.82,4.32
2013-11-21,000059,5.32,5.51,5.6,5.25,398128,216658857.0,6.58,3.57,0.19,3.32,-0.95,1.33,3.81,1.33,-1.52,-3.62,-1.33,-0.76,1.9,1.9,5.28,5.22,5.09,4.98,1.45,0.0,4.54,2.18,2.72,1.81,1.45,-0.73,0.73,0.36
2013-11-22,000059,5.48,5.42,5.59,5.4,265177,145487153.0,3.45,-1.63,-0.09,2.21,-1.48,0.93,-1.48,-4.26,-6.3,-4.07,-3.52,-0.93,-0.93,3.7,5.34,5.23,5.13,5.0,1.66,6.27,3.87,4.43,3.51,3.14,0.92,2.4,2.03,0.0
2013-11-25,000059,5.42,5.3,5.51,5.28,217117,117127098.0,4.24,-2.21,-0.12,1.81,3.22,0.76,-2.08,-4.17,-1.89,-1.33,1.33,1.33,6.06,5.87,5.37,5.23,5.16,5.02,8.68,6.23,6.79,5.85,5.47,3.21,4.72,4.34,2.26,0.94
2013-11-26,000059,5.27,5.58,5.76,5.27,428126,238746557.0,9.25,5.28,0.28,3.57,0.95,-1.9,-3.98,-1.71,-1.14,1.52,1.52,6.26,6.07,4.55,5.43,5.27,5.21,5.04,0.9,1.43,0.54,0.18,-1.97,-0.54,-0.9,-2.87,-4.12,-4.12
2013-11-27,000059,5.53,5.56,5.63,5.48,183595,102091034.0,2.69,-0.36,-0.02,1.53,-5.66,-7.66,-5.47,-4.93,-2.37,-2.37,2.19,2.01,0.55,5.11,5.47,5.33,5.23,5.07,1.8,0.9,0.54,-1.62,-0.18,-0.54,-2.52,-3.78,-3.78,-5.04
2013-11-28,000059,5.56,5.57,5.66,5.52,176509,98620620.0,2.52,0.18,0.01,1.47,-8.33,-6.16,-5.62,-3.08,-3.08,1.45,1.27,-0.18,4.35,1.99,5.49,5.38,5.25,5.1,0.72,0.36,-1.8,-0.36,-0.72,-2.69,-3.95,-3.95,-5.21,-6.64
2013-11-29,000059,5.56,5.5,5.61,5.45,141214,77738894.0,2.87,-1.26,-0.07,1.18,-4.95,-4.4,-1.83,-1.83,2.75,2.57,1.1,5.69,3.3,3.85,5.5,5.42,5.28,5.12,1.64,-0.55,0.91,0.55,-1.45,-2.73,-2.73,-4.0,-5.45,3.45
2013-12-02,000059,5.39,5.32,5.59,5.31,206823,112116837.0,5.09,-3.27,-0.18,1.72,-1.88,0.75,0.75,5.46,5.27,3.77,8.47,6.03,6.59,5.65,5.51,5.44,5.3,5.14,2.82,4.32,3.95,1.88,0.56,0.56,-0.75,-2.26,6.95,6.39
2013-12-03,000059,5.36,5.41,5.47,5.3,124726,67502312.0,3.2,1.69,0.09,1.04,0.94,0.94,5.66,5.47,3.96,8.68,6.23,6.79,5.85,5.47,5.47,5.45,5.31,5.16,2.59,2.22,0.18,-1.11,-1.11,-2.4,-3.88,5.18,4.62,1.29
2013-12-04,000059,5.41,5.47,5.55,5.37,126391,69270027.0,3.33,1.11,0.06,1.05,-0.37,4.28,4.1,2.61,7.26,4.84,5.4,4.47,4.1,1.86,5.45,5.46,5.32,5.18,1.1,-0.91,-2.19,-2.19,-3.47,-4.94,4.02,3.47,0.18,-1.46
2013-12-05,000059,5.45,5.4,5.53,5.36,96823,52518207.0,3.11,-1.28,-0.07,0.81,4.48,4.29,2.8,7.46,5.04,5.6,4.66,4.29,2.05,3.54,5.42,5.45,5.34,5.21,0.37,-0.93,-0.93,-2.22,-3.7,5.37,4.81,1.48,-0.19,-1.67
2013-12-06,000059,5.38,5.28,5.42,5.26,107489,57076959.0,2.96,-2.22,-0.12,0.9,6.27,4.75,9.51,7.03,7.6,6.65,6.27,3.99,5.51,5.13,5.38,5.44,5.34,5.23,1.33,1.33,0.0,-1.52,7.77,7.2,3.79,2.08,0.57,-0.57
2013-12-09,000059,5.31,5.22,5.35,5.2,114827,60456499.0,2.84,-1.14,-0.06,0.96,5.96,10.77,8.27,8.85,7.88,7.5,5.19,6.73,6.35,4.23,5.36,5.43,5.33,5.25,2.49,1.15,-0.38,9.0,8.43,4.98,3.26,1.72,0.57,-2.68
2013-12-10,000059,5.24,5.3,5.35,5.17,106815,56060193.0,3.45,1.53,0.08,0.89,11.41,8.9,9.48,8.51,8.12,5.8,7.35,6.96,4.84,3.48,5.33,5.4,5.34,5.27,-0.38,-1.89,7.36,6.79,3.4,1.7,0.19,-0.94,-4.15,-4.72
2013-12-11,000059,5.27,5.16,5.28,5.1,120373,62093904.0,3.4,-2.64,-0.14,1.0,10.39,10.98,10.0,9.61,7.25,8.82,8.43,6.27,4.9,4.9,5.27,5.36,5.35,5.27,0.78,10.27,9.69,6.2,4.46,2.91,1.74,-1.55,-2.13,-2.33
2013-12-12,000059,5.13,5.17,5.2,5.12,99161,51192785.0,1.55,0.19,0.01,0.83,10.55,9.57,9.18,6.84,8.4,8.01,5.86,4.49,4.49,3.12,5.23,5.32,5.35,5.27,10.06,9.48,6.0,4.26,2.71,1.55,-1.74,-2.32,-2.51,-2.32
2013-12-13,000059,5.13,5.53,5.69,5.12,440678,241511603.0,11.03,6.96,0.36,3.67,9.57,9.18,6.84,8.4,8.01,5.86,4.49,4.49,3.12,1.56,5.28,5.33,5.37,5.3,2.35,-0.9,-2.53,-3.98,-5.06,-8.14,-8.68,-8.86,-8.68,-9.4
2013-12-16,000059,5.56,5.48,5.66,5.34,291510,159177390.0,5.79,-0.9,-0.05,2.43,4.68,2.43,3.93,3.56,1.5,0.19,0.19,-1.12,-2.62,6.55,5.33,5.34,5.39,5.32,0.0,-1.64,-3.1,-4.2,-7.3,-7.85,-8.03,-7.85,-8.58,-8.58
2013-12-17,000059,5.45,5.34,5.48,5.2,185433,98548826.0,5.11,-2.55,-0.14,1.54,5.19,6.73,6.35,4.23,2.88,2.88,1.54,0.0,9.42,8.85,5.34,5.34,5.39,5.32,0.94,-0.56,-1.69,-4.87,-5.43,-5.62,-5.43,-6.18,-6.18,-5.81
2013-12-18,000059,5.3,5.25,5.39,5.23,94474,49990859.0,3.0,-1.69,-0.09,0.79,6.12,5.74,3.63,2.29,2.29,0.96,-0.57,8.8,8.22,4.78,5.35,5.31,5.39,5.32,1.14,0.0,-3.24,-3.81,-4.0,-3.81,-4.57,-4.57,-4.19,-3.62
2013-12-19,000059,5.28,5.17,5.31,5.16,74688,38945206.0,2.86,-1.52,-0.08,0.62,7.17,5.04,3.68,3.68,2.33,0.78,10.27,9.69,6.2,4.46,5.35,5.29,5.37,5.32,1.55,-1.74,-2.32,-2.51,-2.32,-3.09,-3.09,-2.71,-2.13,-3.29
2013-12-20,000059,5.16,5.06,5.25,5.0,110640,56286127.0,4.84,-2.13,-0.11,0.92,8.4,7.0,7.0,5.6,4.0,13.8,13.2,9.6,7.8,6.2,5.26,5.27,5.35,5.31,0.4,-0.2,-0.4,-0.2,-0.99,-0.99,-0.59,0.0,-1.19,-4.94
2013-12-23,000059,5.07,5.01,5.08,4.94,60989,30449702.0,2.77,-0.99,-0.05,0.51,8.3,8.3,6.88,5.26,15.18,14.57,10.93,9.11,7.49,6.28,5.17,5.25,5.34,5.3,0.8,0.6,0.8,0.0,0.0,0.4,1.0,-0.2,-3.99,-7.58
2013-12-24,000059,4.95,4.95,5.05,4.87,130931,64731166.0,3.59,-1.2,-0.06,1.09,9.86,8.42,6.78,16.84,16.22,12.53,10.68,9.03,7.8,4.31,5.09,5.21,5.31,5.29,1.82,2.02,1.21,1.21,1.62,2.22,1.01,-2.83,-6.46,-8.28
2013-12-25,000059,4.94,4.95,5.04,4.93,99391,49367044.0,2.22,0.0,0.0,0.83,7.1,5.48,15.42,14.81,11.16,9.33,7.71,6.49,3.04,2.43,5.03,5.19,5.28,5.29,2.02,1.21,1.21,1.62,2.22,1.01,-2.83,-6.46,-8.28,-8.48
2013-12-26,000059,5.05,4.92,5.05,4.85,92718,45656708.0,4.04,-0.61,-0.03,0.77,7.22,17.32,16.7,12.99,11.13,9.48,8.25,4.74,4.12,3.92,4.98,5.17,5.24,5.29,1.83,1.83,2.24,2.85,1.63,-2.24,-5.89,-7.72,-7.93,-6.91
2013-12-27,000059,4.9,4.95,5.01,4.87,119565,59118501.0,2.85,0.61,0.03,1.0,16.84,16.22,12.53,10.68,9.03,7.8,4.31,3.7,3.49,3.7,4.96,5.11,5.22,5.29,1.21,1.62,2.22,1.01,-2.83,-6.46,-8.28,-8.48,-7.47,-8.28
2013-12-30,000059,4.99,4.96,5.01,4.93,59101,29314446.0,1.62,0.2,0.01,0.49,14.81,11.16,9.33,7.71,6.49,3.04,2.43,2.23,2.43,1.62,4.95,5.06,5.2,5.28,1.41,2.02,0.81,-3.02,-6.65,-8.47,-8.67,-7.66,-8.47,-9.07
2013-12-31,000059,4.95,4.99,5.03,4.92,84000,41783630.0,2.22,0.6,0.03,0.7,11.38,9.55,7.93,6.71,3.25,2.64,2.44,2.64,1.83,1.83,4.95,5.02,5.18,5.27,1.4,0.2,-3.61,-7.21,-9.02,-9.22,-8.22,-9.02,-9.62,-9.42
2014-01-02,000059,4.99,4.98,5.06,4.96,96505,48341838.0,2.0,-0.2,-0.01,0.8,8.67,7.06,5.85,2.42,1.81,1.61,1.81,1.01,1.01,1.41,4.96,4.99,5.15,5.26,0.4,-3.41,-7.03,-8.84,-9.04,-8.03,-8.84,-9.44,-9.24,-9.24
2014-01-03,000059,4.97,4.8,5.0,4.8,128476,62641611.0,4.02,-3.61,-0.18,1.07,10.62,9.38,5.83,5.21,5.0,5.21,4.37,4.37,4.79,5.42,4.94,4.96,5.12,5.23,0.21,-3.54,-5.42,-5.62,-4.58,-5.42,-6.04,-5.83,-5.83,-6.67
2014-01-06,000059,4.76,4.57,4.81,4.57,123620,57819306.0,5.0,-4.79,-0.23,1.03,14.88,11.16,10.5,10.28,10.5,9.63,9.63,10.07,10.72,9.41,4.86,4.91,5.09,5.21,1.31,-0.66,-0.88,0.22,-0.66,-1.31,-1.09,-1.09,-1.97,-5.47
2014-01-07,000059,4.59,4.49,4.63,4.44,132747,60042543.0,4.16,-1.75,-0.08,1.11,14.41,13.74,13.51,13.74,12.84,12.84,13.29,13.96,12.61,8.33,4.77,4.86,5.05,5.18,1.11,0.89,2.0,1.11,0.45,0.67,0.67,-0.22,-3.79,-3.12
2014-01-08,000059,4.48,4.47,4.54,4.4,73694,33043277.0,3.12,-0.45,-0.02,0.61,14.77,14.55,14.77,13.86,13.86,14.32,15.0,13.64,9.32,5.23,4.66,4.81,5.01,5.14,1.34,2.46,1.57,0.89,1.12,1.12,0.22,-3.36,-2.68,-0.67
2014-01-09,000059,4.45,4.42,4.53,4.42,93814,41848122.0,2.46,-1.12,-0.05,0.78,14.03,14.25,13.35,13.35,13.8,14.48,13.12,8.82,4.75,2.71,4.55,4.76,4.97,5.1,3.62,2.71,2.04,2.26,2.26,1.36,-2.26,-1.58,0.45,0.68
2014-01-10,000059,4.42,4.44,4.58,4.41,105724,47429925.0,3.85,0.45,0.02,0.88,14.51,13.61,13.61,14.06,14.74,13.38,9.07,4.99,2.95,2.72,4.48,4.71,4.94,5.07,2.25,1.58,1.8,1.8,0.9,-2.7,-2.03,0.0,0.23,0.45
2014-01-13,000059,4.5,4.46,4.54,4.43,79789,35712577.0,2.48,0.45,0.02,0.66,13.09,13.09,13.54,14.22,12.87,8.58,4.51,2.48,2.26,3.39,4.46,4.66,4.88,5.03,1.12,1.35,1.35,0.45,-3.14,-2.47,-0.45,-0.22,0.0,-0.67
2014-01-14,000059,4.48,4.51,4.51,4.36,92463,41024606.0,3.36,1.12,0.05,0.77,14.91,15.37,16.06,14.68,10.32,6.19,4.13,3.9,5.05,4.13,4.46,4.61,4.83,5.0,0.22,0.22,-0.67,-4.21,-3.55,-1.55,-1.33,-1.11,-1.77,-0.89
2014-01-15,000059,4.45,4.47,4.52,4.44,49978,22338873.0,1.77,-0.89,-0.04,0.42,13.29,13.96,12.61,8.33,4.28,2.25,2.03,3.15,2.25,1.58,4.46,4.56,4.79,4.97,1.12,0.22,-3.36,-2.68,-0.67,-0.45,-0.22,-0.89,0.0,-0.89
2014-01-16,000059,4.47,4.47,4.52,4.47,53511,24029686.0,1.12,0.0,0.0,0.45,13.2,11.86,7.61,3.58,1.57,1.34,2.46,1.57,0.89,1.12,4.47,4.51,4.75,4.94,0.22,-3.36,-2.68,-0.67,-0.45,-0.22,-0.89,0.0,-0.89,-1.34
2014-01-17,000059,4.48,4.28,4.48,4.26,106999,46492494.0,4.92,-4.25,-0.19,0.89,17.37,12.91,8.69,6.57,6.34,7.51,6.57,5.87,6.1,6.1,4.44,4.46,4.71,4.9,0.93,1.64,3.74,3.97,4.21,3.5,4.44,3.5,3.04,-0.7
2014-01-20,000059,4.28,4.29,4.32,4.22,59329,25391127.0,2.34,0.23,0.01,0.49,13.98,9.72,7.58,7.35,8.53,7.58,6.87,7.11,7.11,6.16,4.4,4.43,4.67,4.87,1.4,3.5,3.73,3.96,3.26,4.2,3.26,2.8,-0.93,0.7
2014-01-21,000059,4.29,4.31,4.35,4.28,43195,18665264.0,1.63,0.47,0.02,0.36,8.18,6.07,5.84,7.01,6.07,5.37,5.61,5.61,4.67,0.93,4.36,4.41,4.63,4.84,3.02,3.25,3.48,2.78,3.71,2.78,2.32,-1.39,0.23,2.55
2014-01-22,000059,4.32,4.41,4.44,4.3,59927,26324373.0,3.25,2.32,0.1,0.5,5.58,5.35,6.51,5.58,4.88,5.12,5.12,4.19,0.47,1.16,4.35,4.41,4.61,4.81,0.91,1.13,0.45,1.36,0.45,0.0,-3.63,-2.04,0.23,0.68
2014-01-23,000059,4.4,4.38,4.45,4.36,53776,23637487.0,2.04,-0.68,-0.03,0.45,3.9,5.05,4.13,3.44,3.67,3.67,2.75,-0.92,-0.23,1.83,4.33,4.4,4.58,4.78,1.83,1.14,2.05,1.14,0.68,-2.97,-1.37,0.91,1.37,4.57
2014-01-24,000059,4.38,4.41,4.46,4.37,61628,27255043.0,2.05,0.68,0.03,0.51,4.81,3.89,3.2,3.43,3.43,2.52,-1.14,-0.46,1.6,1.83,4.36,4.4,4.55,4.76,0.45,1.36,0.45,0.0,-3.63,-2.04,0.23,0.68,3.85,3.17
2014-01-27,000059,4.39,4.37,4.43,4.35,80911,35488990.0,1.81,-0.91,-0.04,0.67,4.37,3.68,3.91,3.91,2.99,-0.69,0.0,2.07,2.3,2.53,4.38,4.39,4.52,4.72,2.29,1.37,0.92,-2.75,-1.14,1.14,1.6,4.81,4.12,4.81
2014-01-28,000059,4.39,4.4,4.47,4.37,61220,27009671.0,2.29,0.69,0.03,0.51,3.2,3.43,3.43,2.52,-1.14,-0.46,1.6,1.83,2.06,1.37,4.39,4.38,4.5,4.68,0.68,0.23,-3.41,-1.82,0.45,0.91,4.09,3.41,4.09,3.41
2014-01-29,000059,4.42,4.41,4.43,4.38,45531,20068859.0,1.14,0.23,0.01,0.38,3.2,3.2,2.28,-1.37,-0.68,1.37,1.6,1.83,1.14,2.05,4.39,4.37,4.47,4.65,0.0,-3.63,-2.04,0.23,0.68,3.85,3.17,3.85,3.17,6.8
2014-01-30,000059,4.41,4.25,4.41,4.06,89123,38211137.0,7.94,-3.63,-0.16,0.74,11.33,10.34,6.4,7.14,9.36,9.61,9.85,9.11,10.1,9.11,4.37,4.35,4.43,4.62,0.0,1.65,4.0,4.47,7.76,7.06,7.76,7.06,10.82,20.0
2014-02-07,000059,4.24,4.19,4.25,4.14,111660,46560637.0,2.59,-1.41,-0.06,0.93,8.21,4.35,5.07,7.25,7.49,7.73,7.0,7.97,7.0,6.52,4.32,4.34,4.4,4.59,3.1,5.49,5.97,9.31,8.59,9.31,8.59,12.41,21.72,20.53
2014-02-10,000059,4.2,4.32,4.32,4.18,148558,62962839.0,3.34,3.1,0.13,1.24,3.35,4.07,6.22,6.46,6.7,5.98,6.94,5.98,5.5,1.67,4.31,4.35,4.39,4.56,2.31,2.78,6.02,5.32,6.02,5.32,9.03,18.06,16.9,10.42
2014-02-11,000059,4.3,4.4,4.42,4.29,126741,55353361.0,3.01,1.85,0.08,1.06,1.4,3.5,3.73,3.96,3.26,4.2,3.26,2.8,-0.93,0.7,4.31,4.35,4.38,4.54,0.91,4.09,3.41,4.09,3.41,7.05,15.91,14.77,8.41,6.59
2014-02-12,000059,4.4,4.43,4.44,4.38,92222,40650078.0,1.36,0.68,0.03,0.77,1.37,1.6,1.83,1.14,2.05,1.14,0.68,-2.97,-1.37,0.91,4.32,4.36,4.38,4.52,3.39,2.71,3.39,2.71,6.32,15.12,14.0,7.67,5.87,7.45
2014-02-13,000059,4.43,4.46,4.58,4.39,157606,70778196.0,4.29,0.68,0.03,1.31,1.37,1.59,0.91,1.82,0.91,0.46,-3.19,-1.59,0.68,1.14,4.36,4.36,4.38,4.51,2.02,2.69,2.02,5.61,14.35,13.23,6.95,5.16,6.73,13.68
2014-02-14,000059,4.45,4.52,4.55,4.42,95450,42848395.0,2.91,1.35,0.06,0.8,0.9,0.23,1.13,0.23,-0.23,-3.85,-2.26,0.0,0.45,3.62,4.43,4.38,4.39,4.49,1.33,0.66,4.2,12.83,11.73,5.53,3.76,5.31,12.17,6.64
2014-02-17,000059,4.52,4.54,4.58,4.5,106444,48313229.0,1.77,0.44,0.02,0.89,-1.56,-0.67,-1.56,-2.0,-5.56,-4.0,-1.78,-1.33,1.78,1.11,4.47,4.39,4.39,4.48,0.22,3.74,12.33,11.23,5.07,3.3,4.85,11.67,6.17,9.03
2014-02-18,000059,4.55,4.52,4.55,4.45,97233,43779979.0,2.2,-0.44,-0.02,0.81,0.45,-0.45,-0.9,-4.49,-2.92,-0.67,-0.22,2.92,2.25,2.92,4.49,4.4,4.39,4.47,4.2,12.83,11.73,5.53,3.76,5.31,12.17,6.64,9.51,7.96
2014-02-19,000059,4.51,4.64,4.71,4.47,177180,82114372.0,5.31,2.65,0.12,1.48,-0.89,-1.34,-4.92,-3.36,-1.12,-0.67,2.46,1.79,2.46,1.79,4.54,4.43,4.4,4.45,9.91,8.84,2.8,1.08,2.59,9.27,3.88,6.68,5.17,5.6
2014-02-20,000059,4.89,5.1,5.1,4.89,499499,253208484.0,4.53,9.91,0.46,4.16,-9.82,-13.09,-11.66,-9.61,-9.2,-6.34,-6.95,-6.34,-6.95,-3.68,4.66,4.51,4.43,4.46,-0.98,-6.47,-8.04,-6.67,-0.59,-5.49,-2.94,-4.31,-3.92,-5.88
2014-02-21,000059,5.05,4.68,5.05,4.64,521657,249100575.0,8.04,-8.24,-0.42,4.35,-8.41,-6.9,-4.74,-4.31,-1.29,-1.94,-1.29,-1.94,1.51,9.91,4.7,4.56,4.45,4.45,1.92,0.21,1.71,8.33,2.99,5.77,4.27,4.7,2.56,6.62
2014-02-24,000059,4.68,4.61,4.77,4.58,227306,106048297.0,4.06,-1.5,-0.07,1.89,-5.68,-3.49,-3.06,0.0,-0.66,0.0,-0.66,2.84,11.35,10.26,4.71,4.59,4.47,4.46,1.74,3.25,9.98,4.56,7.38,5.86,6.29,4.12,8.24,4.77
2014-02-25,000059,4.61,4.49,4.69,4.45,209085,95729467.0,5.21,-2.6,-0.12,1.74,-0.67,-0.22,2.92,2.25,2.92,2.25,5.84,14.61,13.48,7.19,4.7,4.6,4.48,4.46,6.01,12.92,7.35,10.24,8.69,9.13,6.9,11.14,7.57,3.79
2014-02-26,000059,4.56,4.76,4.76,4.51,264663,123657146.0,5.57,6.01,0.27,2.2,-1.55,1.55,0.89,1.55,0.89,4.43,13.08,11.97,5.76,3.99,4.73,4.63,4.49,4.46,6.51,1.26,3.99,2.52,2.94,0.84,4.83,1.47,-2.1,-5.25
2014-02-27,000059,4.75,4.83,5.07,4.62,366562,177475716.0,9.45,1.47,0.07,3.05,-0.87,-1.52,-0.87,-1.52,1.95,10.39,9.31,3.25,1.52,3.03,4.67,4.67,4.52,4.48,-0.21,2.48,1.04,1.45,-0.62,3.31,0.0,-3.52,-6.63,-5.59
2014-02-28,000059,4.71,4.73,4.82,4.63,219793,103783849.0,3.93,-2.07,-0.1,1.83,-1.73,-1.08,-1.73,1.73,10.15,9.07,3.02,1.3,2.81,9.5,4.68,4.69,4.53,4.49,4.65,3.17,3.59,1.48,5.5,2.11,-1.48,-4.65,-3.59,-2.96
2014-03-03,000059,4.73,4.87,4.95,4.67,230348,111861677.0,5.92,2.96,0.14,1.92,-1.93,-2.57,0.86,9.21,8.14,2.14,0.43,1.93,8.57,3.21,4.74,4.72,4.56,4.5,0.21,0.62,-1.44,2.46,-0.82,-4.31,-7.39,-6.37,-5.75,-6.57
2014-03-04,000059,4.84,4.83,4.88,4.73,140384,67353421.0,3.08,-0.82,-0.04,1.17,-3.81,-0.42,7.82,6.77,0.85,-0.85,0.63,7.19,1.9,4.65,4.8,4.75,4.58,4.51,1.45,-0.62,3.31,0.0,-3.52,-6.63,-5.59,-4.97,-5.8,-5.8
2014-03-05,000059,4.85,4.7,4.9,4.7,145906,69477868.0,4.14,-2.69,-0.13,1.22,0.21,8.51,7.45,1.49,-0.21,1.28,7.87,2.55,5.32,3.83,4.79,4.76,4.59,4.52,2.13,6.17,2.77,-0.85,-4.04,-2.98,-2.34,-3.19,-3.19,-2.98
2014-03-06,000059,4.66,4.78,4.8,4.62,113384,53594862.0,3.83,1.7,0.08,0.94,10.39,9.31,3.25,1.52,3.03,9.74,4.33,7.14,5.63,6.06,4.78,4.73,4.62,4.53,4.39,1.05,-2.51,-5.65,-4.6,-3.97,-4.81,-4.81,-4.6,-2.72
2014-03-07,000059,4.75,4.87,4.99,4.73,205502,100044596.0,5.44,1.88,0.09,1.71,6.77,0.85,-0.85,0.63,7.19,1.9,4.65,3.17,3.59,1.48,4.81,4.75,4.65,4.55,-0.82,-4.31,-7.39,-6.37,-5.75,-6.57,-6.57,-6.37,-4.52,-5.95
2014-03-10,000059,4.83,4.62,4.83,4.6,120276,56772463.0,4.72,-5.13,-0.25,1.0,3.7,1.96,3.48,10.22,4.78,7.61,6.09,6.52,4.35,8.48,4.76,4.75,4.67,4.56,0.87,-2.38,-1.3,-0.65,-1.52,-1.52,-1.3,0.65,-0.87,-0.43
2014-03-11,000059,4.62,4.49,4.66,4.44,120120,54524921.0,4.76,-2.81,-0.13,1.0,5.63,7.21,14.19,8.56,11.49,9.91,10.36,8.11,12.39,8.78,4.69,4.75,4.67,4.57,0.45,1.56,2.23,1.34,1.34,1.56,3.56,2.0,2.45,4.23
2014-03-12,000059,4.46,4.48,4.51,4.38,100362,44677971.0,2.9,-0.22,-0.01,0.84,8.68,15.75,10.05,13.01,11.42,11.87,9.59,13.93,10.27,6.39,4.65,4.72,4.68,4.57,1.79,2.46,1.56,1.56,1.79,3.79,2.23,2.68,4.46,4.24
2014-03-13,000059,4.46,4.54,4.56,4.46,106354,48051295.0,2.23,1.34,0.06,0.89,13.68,8.07,10.99,9.42,9.87,7.62,11.88,8.3,4.48,1.12,4.6,4.69,4.68,4.57,1.1,0.22,0.22,0.44,2.42,0.88,1.32,3.08,2.86,1.76
2014-03-14,000059,4.5,4.48,4.59,4.43,51874,23367587.0,3.52,-1.32,-0.06,0.43,8.8,11.74,10.16,10.61,8.35,12.64,9.03,5.19,1.81,2.93,4.52,4.67,4.68,4.58,1.56,1.56,1.79,3.79,2.23,2.68,4.46,4.24,3.12,2.46
2014-03-17,000059,4.52,4.55,4.55,4.47,59565,26901510.0,1.79,1.56,0.07,0.5,10.74,9.17,9.62,7.38,11.63,8.05,4.25,0.89,2.01,2.68,4.51,4.63,4.68,4.58,0.0,0.22,2.2,0.66,1.1,2.86,2.64,1.54,0.88,-1.1
2014-03-18,000059,4.54,4.5,4.55,4.48,67964,30660770.0,1.54,-1.1,-0.05,0.57,8.93,9.38,7.14,11.38,7.81,4.02,0.67,1.79,2.46,1.56,4.51,4.6,4.68,4.59,1.33,3.33,1.78,2.22,4.0,3.78,2.67,2.0,0.0,-1.33
2014-03-19,000059,4.49,4.55,4.56,4.43,79297,35655962.0,2.89,1.11,0.05,0.66,10.61,8.35,12.64,9.03,5.19,1.81,2.93,3.61,2.71,2.71,4.52,4.59,4.67,4.59,2.2,0.66,1.1,2.86,2.64,1.54,0.88,-1.1,-2.42,-1.54
2014-03-20,000059,4.52,4.5,4.65,4.5,104055,47630339.0,3.3,-1.1,-0.05,0.87,6.67,10.89,7.33,3.56,0.22,1.33,2.0,1.11,1.11,1.33,4.52,4.56,4.64,4.6,1.78,2.22,4.0,3.78,2.67,2.0,0.0,-1.33,-0.44,-0.67
2014-03-21,000059,4.47,4.57,4.58,4.43,95773,43248880.0,3.33,1.56,0.07,0.8,12.64,9.03,5.19,1.81,2.93,3.61,2.71,2.71,2.93,4.97,4.53,4.53,4.64,4.61,0.66,2.41,2.19,1.09,0.44,-1.53,-2.84,-1.97,-2.19,-2.63
2014-03-24,000059,4.55,4.58,4.6,4.51,81824,37243082.0,1.97,0.22,0.01,0.68,7.1,3.33,0.0,1.11,1.77,0.89,0.89,1.11,3.1,1.55,4.54,4.52,4.64,4.62,2.18,1.97,0.87,0.22,-1.75,-3.06,-2.18,-2.4,-2.84,-1.97
2014-03-25,000059,4.58,4.65,4.68,4.55,106495,49242850.0,2.84,1.53,0.07,0.89,2.42,-0.88,0.22,0.88,0.0,0.0,0.22,2.2,0.66,1.1,4.57,4.54,4.64,4.63,0.43,-0.65,-1.29,-3.23,-4.52,-3.66,-3.87,-4.3,-3.44,-2.58
2014-03-26,000059,4.65,4.65,4.67,4.59,59795,27646175.0,1.72,0.0,0.0,0.5,-1.74,-0.65,0.0,-0.87,-0.87,-0.65,1.31,-0.22,0.22,1.96,4.59,4.56,4.64,4.64,-0.65,-1.29,-3.23,-4.52,-3.66,-3.87,-4.3,-3.44,-2.58,-2.15
2014-03-27,000059,4.61,4.56,4.62,4.51,101665,46306729.0,2.37,-1.94,-0.09,0.85,1.11,1.77,0.89,0.89,1.11,3.1,1.55,2.0,3.77,3.55,4.6,4.56,4.63,4.64,0.66,-1.32,-2.63,-1.75,-1.97,-2.41,-1.54,-0.66,-0.22,-0.44
2014-03-28,000059,4.53,4.46,4.59,4.43,88003,39556214.0,3.51,-2.19,-0.1,0.73,3.61,2.71,2.71,2.93,4.97,3.39,3.84,5.64,5.42,4.29,4.58,4.56,4.61,4.64,0.9,-0.45,0.45,0.22,-0.22,0.67,1.57,2.02,1.79,2.02
2014-03-31,000059,4.46,4.4,4.5,4.4,70478,31423162.0,2.24,-1.35,-0.06,0.59,3.41,3.41,3.64,5.68,4.09,4.55,6.36,6.14,5.0,4.32,4.54,4.54,4.59,4.63,0.91,1.82,1.59,1.14,2.05,2.95,3.41,3.18,3.41,7.5
2014-04-01,000059,4.41,4.43,4.44,4.38,99873,43965806.0,1.36,0.68,0.03,0.83,3.88,4.11,6.16,4.57,5.02,6.85,6.62,5.48,4.79,2.74,4.5,4.54,4.57,4.63,1.13,0.9,0.45,1.35,2.26,2.71,2.48,2.71,6.77,4.74
2014-04-02,000059,4.44,4.43,4.48,4.41,94569,41963405.0,1.58,0.0,0.0,0.79,3.4,5.44,3.85,4.31,6.12,5.9,4.76,4.08,2.04,0.68,4.46,4.52,4.55,4.62,0.9,0.45,1.35,2.26,2.71,2.48,2.71,6.77,4.74,5.87
2014-04-03,000059,4.44,4.44,4.47,4.39,100067,44296547.0,1.81,0.23,0.01,0.83,5.92,4.33,4.78,6.61,6.38,5.24,4.56,2.51,1.14,2.05,4.43,4.52,4.54,4.6,0.23,1.13,2.03,2.48,2.25,2.48,6.53,4.5,5.63,5.18
2014-04-04,000059,4.4,4.44,4.45,4.39,53690,23750757.0,1.35,0.0,0.0,0.45,4.33,4.78,6.61,6.38,5.24,4.56,2.51,1.14,2.05,1.82,4.43,4.5,4.52,4.59,1.13,2.03,2.48,2.25,2.48,6.53,4.5,5.63,5.18,3.38
2014-04-08,000059,4.43,4.47,4.49,4.41,92362,41177546.0,1.8,0.68,0.03,0.77,4.31,6.12,5.9,4.76,4.08,2.04,0.68,1.59,1.36,0.91,4.44,4.49,4.51,4.59,1.34,1.79,1.57,1.79,5.82,3.8,4.92,4.47,2.68,0.0
2014-04-09,000059,4.48,4.53,4.53,4.47,90430,40714636.0,1.34,1.34,0.06,0.75,4.7,4.47,3.36,2.68,0.67,-0.67,0.22,0.0,-0.45,0.45,4.46,4.48,4.51,4.59,0.44,0.22,0.44,4.42,2.43,3.53,3.09,1.32,-1.32,-1.77
2014-04-10,000059,4.53,4.54,4.55,4.48,83502,37755692.0,1.55,0.22,0.01,0.7,4.24,3.12,2.46,0.45,-0.89,0.0,-0.22,-0.67,0.22,1.12,4.48,4.47,4.51,4.58,0.0,0.22,4.19,2.2,3.3,2.86,1.1,-1.54,-1.98,-4.19
2014-04-11,000059,4.53,4.49,4.54,4.47,57048,25647503.0,1.54,-1.1,-0.05,0.48,3.36,2.68,0.67,-0.67,0.22,0.0,-0.45,0.45,1.34,1.79,4.49,4.46,4.51,4.57,1.34,5.35,3.34,4.45,4.01,2.23,-0.45,-0.89,-3.12,-4.45
2014-04-14,000059,4.5,4.54,4.55,4.47,78203,35290667.0,1.78,1.11,0.05,0.65,2.68,0.67,-0.67,0.22,0.0,-0.45,0.45,1.34,1.79,1.57,4.51,4.47,4.51,4.56,4.19,2.2,3.3,2.86,1.1,-1.54,-1.98,-4.19,-5.51,-9.25
2014-04-15,000059,4.54,4.63,4.73,4.53,223479,103849262.0,4.41,1.98,0.09,1.86,-0.66,-1.99,-1.1,-1.32,-1.77,-0.88,0.0,0.44,0.22,0.44,4.55,4.49,4.52,4.56,0.22,1.3,0.86,-0.86,-3.46,-3.89,-6.05,-7.34,-11.02,-13.17
2014-04-16,000059,4.61,4.57,4.64,4.52,125746,57539687.0,2.59,-1.3,-0.06,1.05,-1.77,-0.88,-1.11,-1.55,-0.66,0.22,0.66,0.44,0.66,4.65,4.55,4.51,4.52,4.55,2.63,2.19,0.44,-2.19,-2.63,-4.81,-6.13,-9.85,-12.04,-12.25
2014-04-17,000059,4.58,4.64,4.69,4.57,139553,64834350.0,2.63,1.53,0.07,1.16,-1.97,-2.19,-2.63,-1.75,-0.88,-0.44,-0.66,-0.44,3.5,1.53,4.57,4.53,4.53,4.55,0.65,-1.08,-3.66,-4.09,-6.25,-7.54,-11.21,-13.36,-13.58,-13.15
2014-04-18,000059,4.64,4.62,4.67,4.58,90212,41770914.0,1.94,-0.43,-0.02,0.75,-2.4,-2.84,-1.97,-1.09,-0.66,-0.87,-0.66,3.28,1.31,2.4,4.6,4.55,4.53,4.54,-0.65,-3.25,-3.68,-5.84,-7.14,-10.82,-12.99,-13.2,-12.77,-12.34
2014-04-21,000059,4.59,4.42,4.59,4.42,108826,49098121.0,3.68,-4.33,-0.2,0.91,0.68,1.58,2.49,2.94,2.71,2.94,7.01,4.98,6.11,5.66,4.58,4.55,4.52,4.53,1.13,0.68,-1.58,-2.94,-6.79,-9.05,-9.28,-8.82,-8.37,-8.82
2014-04-22,000059,4.43,4.44,4.47,4.33,89240,39290392.0,3.17,0.45,0.02,0.74,3.7,4.62,5.08,4.85,5.08,9.24,7.16,8.31,7.85,6.0,4.54,4.54,4.52,4.52,0.23,-2.03,-3.38,-7.21,-9.46,-9.68,-9.23,-8.78,-9.23,-8.56
2014-04-23,000059,4.41,4.39,4.45,4.38,43901,19389147.0,1.58,-1.13,-0.05,0.37,3.42,3.88,3.65,3.88,7.99,5.94,7.08,6.62,4.79,2.05,4.5,4.53,4.5,4.52,-0.91,-2.28,-6.15,-8.43,-8.66,-8.2,-7.74,-8.2,-7.52,-8.43
2014-04-24,000059,4.34,4.26,4.35,4.24,139293,59713878.0,2.51,-2.96,-0.13,1.16,7.31,7.08,7.31,11.56,9.43,10.61,10.14,8.25,5.42,4.95,4.43,4.5,4.49,4.51,0.7,-3.29,-5.63,-5.87,-5.4,-4.93,-5.4,-4.69,-5.63,-3.05
2014-04-25,000059,4.27,4.12,4.29,4.12,97926,40994975.0,3.99,-3.29,-0.14,0.82,10.19,10.44,14.81,12.62,13.83,13.35,11.41,8.5,8.01,5.58,4.33,4.46,4.46,4.5,0.0,-2.43,-2.67,-2.18,-1.7,-2.18,-1.46,-2.43,0.24,2.91
2014-04-28,000059,4.12,3.97,4.12,3.96,75123,30100339.0,3.88,-3.64,-0.15,0.63,14.9,19.44,17.17,18.43,17.93,15.91,12.88,12.37,9.85,8.33,4.24,4.41,4.44,4.48,1.26,1.01,1.51,2.02,1.51,2.27,1.26,4.03,6.8,5.79
2014-04-29,000059,3.98,3.99,4.02,3.94,66000,26294895.0,2.02,0.5,0.02,0.55,20.05,17.77,19.04,18.53,16.5,13.45,12.94,10.41,8.88,4.57,4.15,4.34,4.42,4.46,0.5,1.0,1.5,1.0,1.75,0.75,3.51,6.27,5.26,4.01
2014-04-30,000059,3.99,4.0,4.01,3.97,61741,24621050.0,1.0,0.25,0.01,0.51,16.88,18.14,17.63,15.62,12.59,12.09,9.57,8.06,3.78,1.26,4.07,4.29,4.4,4.44,0.75,1.25,0.75,1.5,0.5,3.25,6.0,5.0,3.75,1.75
2014-05-05,000059,4.0,4.0,4.03,3.96,69680,27824110.0,1.75,0.0,0.0,0.58,18.43,17.93,15.91,12.88,12.37,9.85,8.33,4.04,1.52,1.26,4.02,4.22,4.38,4.42,1.25,0.75,1.5,0.5,3.25,6.0,5.0,3.75,1.75,1.25
2014-05-06,000059,4.0,4.03,4.05,3.98,53575,21566197.0,1.75,0.75,0.03,0.45,17.34,15.33,12.31,11.81,9.3,7.79,3.52,1.01,0.75,1.26,4.0,4.16,4.35,4.41,0.0,0.74,-0.25,2.48,5.21,4.22,2.98,0.99,0.5,1.49
2014-05-07,000059,4.02,4.01,4.03,3.99,46899,18797402.0,0.99,-0.5,-0.02,0.39,15.04,12.03,11.53,9.02,7.52,3.26,0.75,0.5,1.0,1.5,4.01,4.12,4.33,4.39,1.25,0.25,2.99,5.74,4.74,3.49,1.5,1.0,2.0,2.49
2014-05-08,000059,4.0,4.02,4.06,3.96,59642,23968877.0,2.49,0.25,0.01,0.5,12.88,12.37,9.85,8.33,4.04,1.52,1.26,1.77,2.27,1.77,4.01,4.08,4.31,4.37,0.0,2.74,5.47,4.48,3.23,1.24,0.75,1.74,2.24,3.73
2014-05-09,000059,4.0,4.01,4.02,3.97,41902,16725030.0,1.24,-0.25,-0.01,0.35,12.09,9.57,8.06,3.78,1.26,1.01,1.51,2.02,1.51,2.27,4.01,4.04,4.28,4.35,2.99,5.74,4.74,3.49,1.5,1.0,2.0,2.49,3.99,3.99
2014-05-12,000059,4.02,4.12,4.13,4.0,90343,36818372.0,3.24,2.74,0.11,0.75,8.75,7.25,3.0,0.5,0.25,0.75,1.25,0.75,1.5,0.5,4.04,4.03,4.26,4.33,2.91,1.94,0.73,-1.21,-1.7,-0.73,-0.24,1.21,1.21,0.97
2014-05-13,000059,4.12,4.22,4.24,4.11,113340,47531647.0,3.16,2.43,0.1,0.94,4.38,0.24,-2.19,-2.43,-1.95,-1.46,-1.95,-1.22,-2.19,0.49,4.08,4.04,4.25,4.32,-0.47,-1.66,-3.55,-4.03,-3.08,-2.61,-1.18,-1.18,-1.42,-1.9
2014-05-14,000059,4.2,4.15,4.2,4.12,60583,25163027.0,1.9,-1.66,-0.07,0.5,0.0,-2.43,-2.67,-2.18,-1.7,-2.18,-1.46,-2.43,0.24,2.91,4.1,4.06,4.23,4.31,0.0,-1.93,-2.41,-1.45,-0.96,0.48,0.48,0.24,-0.24,-0.48
2014-05-15,000059,4.15,4.05,4.15,4.02,54486,22210035.0,3.13,-2.41,-0.1,0.45,0.0,-0.25,0.25,0.75,0.25,1.0,0.0,2.74,5.47,4.48,4.11,4.06,4.2,4.3,0.49,0.0,0.99,1.48,2.96,2.96,2.72,2.22,1.98,2.47
2014-05-16,000059,4.04,4.04,4.07,4.01,58462,23597068.0,1.48,-0.25,-0.01,0.49,0.0,0.5,1.0,0.5,1.25,0.25,2.99,5.74,4.74,3.49,4.12,4.07,4.18,4.29,0.25,1.24,1.73,3.22,3.22,2.97,2.48,2.23,2.72,3.47
2014-05-19,000059,4.04,4.04,4.05,3.99,30727,12336466.0,1.49,0.0,0.0,0.26,1.0,1.5,1.0,1.75,0.75,3.51,6.27,5.26,4.01,2.01,4.1,4.07,4.15,4.27,1.24,1.73,3.22,3.22,2.97,2.48,2.23,2.72,3.47,9.65
2014-05-20,000059,4.05,4.05,4.09,4.03,32058,12986402.0,1.49,0.25,0.01,0.27,0.5,0.0,0.74,-0.25,2.48,5.21,4.22,2.98,0.99,0.5,4.07,4.07,4.12,4.26,1.48,2.96,2.96,2.72,2.22,1.98,2.47,3.21,9.38,8.64
2014-05-21,000059,4.04,4.1,4.11,4.0,35059,14249123.0,2.72,1.23,0.05,0.29,0.75,1.5,0.5,3.25,6.0,5.0,3.75,1.75,1.25,2.25,4.06,4.08,4.1,4.25,1.71,1.71,1.46,0.98,0.73,1.22,1.95,8.05,7.32,5.37
2014-05-22,000059,4.09,4.08,4.17,4.08,43982,18144743.0,2.2,-0.49,-0.02,0.37,-0.49,-1.47,1.23,3.92,2.94,1.72,-0.25,-0.74,0.25,0.74,4.06,4.09,4.08,4.24,2.21,1.96,1.47,1.23,1.72,2.45,8.58,7.84,5.88,5.39
2014-05-23,000059,4.07,4.12,4.17,4.07,35090,14478692.0,2.45,0.98,0.04,0.29,-1.23,1.47,4.18,3.19,1.97,0.0,-0.49,0.49,0.98,2.46,4.08,4.1,4.07,4.22,0.97,0.49,0.24,0.73,1.46,7.52,6.8,4.85,4.37,1.94
2014-05-26,000059,4.14,4.11,4.16,4.09,46900,19283622.0,1.7,-0.24,-0.01,0.39,0.98,3.67,2.69,1.47,-0.49,-0.98,0.0,0.49,1.96,1.96,4.09,4.1,4.06,4.21,0.73,0.49,0.97,1.7,7.79,7.06,5.11,4.62,2.19,0.97
2014-05-27,000059,4.12,4.09,4.14,4.08,32972,13558668.0,1.46,-0.49,-0.02,0.27,3.92,2.94,1.72,-0.25,-0.74,0.25,0.74,2.21,2.21,1.96,4.1,4.08,4.06,4.19,0.98,1.47,2.2,8.31,7.58,5.62,5.13,2.69,1.47,1.47
2014-05-28,000059,4.09,4.13,4.13,4.07,43706,17941387.0,1.47,0.98,0.04,0.36,3.19,1.97,0.0,-0.49,0.49,0.98,2.46,2.46,2.21,1.72,4.11,4.08,4.07,4.18,0.48,1.21,7.26,6.54,4.6,4.12,1.69,0.48,0.48,1.21
2014-05-29,000059,4.15,4.07,4.15,4.06,41498,17030108.0,2.18,-1.45,-0.06,0.35,2.22,0.25,-0.25,0.74,1.23,2.71,2.71,2.46,1.97,1.72,4.1,4.08,4.07,4.16,2.7,8.85,8.11,6.14,5.65,3.19,1.97,1.97,2.7,1.97
2014-05-30,000059,4.09,4.18,4.18,4.06,88744,36541086.0,2.95,2.7,0.11,0.74,0.25,-0.25,0.74,1.23,2.71,2.71,2.46,1.97,1.72,2.22,4.12,4.1,4.08,4.15,5.98,5.26,3.35,2.87,0.48,-0.72,-0.72,0.0,-0.72,0.24
2014-06-03,000059,4.16,4.33,4.43,4.16,294947,127527032.0,6.46,3.59,0.15,2.46,-2.64,-1.68,-1.2,0.24,0.24,0.0,-0.48,-0.72,-0.24,0.48,4.16,4.13,4.1,4.14,1.62,-0.23,-0.69,-3.0,-4.16,-4.16,-3.46,-4.16,-3.23,-4.16
2014-06-04,000059,4.3,4.33,4.4,4.27,171207,74044289.0,3.0,0.0,0.0,1.43,-4.22,-3.75,-2.34,-2.34,-2.58,-3.04,-3.28,-2.81,-2.11,3.75,4.21,4.15,4.11,4.13,-0.23,-0.69,-3.0,-4.16,-4.16,-3.46,-4.16,-3.23,-4.16,-5.08
2014-06-05,000059,4.28,4.27,4.32,4.13,208458,87864130.0,4.39,-1.39,-0.06,1.74,-0.48,0.97,0.97,0.73,0.24,0.0,0.48,1.21,7.26,6.54,4.24,4.17,4.13,4.12,0.7,-1.64,-2.81,-2.81,-2.11,-2.81,-1.87,-2.81,-3.75,-4.45
2014-06-06,000059,4.27,4.18,4.3,4.17,81192,34190282.0,3.04,-2.11,-0.09,0.68,0.0,0.0,-0.24,-0.72,-0.96,-0.48,0.24,6.24,5.52,3.6,4.26,4.18,4.13,4.12,0.48,-0.72,-0.72,0.0,-0.72,0.24,-0.72,-1.67,-2.39,-4.55
2014-06-09,000059,4.16,4.13,4.2,4.11,61643,25635963.0,2.15,-1.2,-0.05,0.51,1.46,1.22,0.73,0.49,0.97,1.7,7.79,7.06,5.11,4.62,4.25,4.18,4.14,4.11,0.48,0.48,1.21,0.48,1.45,0.48,-0.48,-1.21,-3.39,-2.18
2014-06-10,000059,4.13,4.15,4.15,4.07,70753,29146798.0,1.94,0.48,0.02,0.59,2.21,1.72,1.47,1.97,2.7,8.85,8.11,6.14,5.65,3.19,4.21,4.19,4.14,4.1,0.0,0.72,0.0,0.96,0.0,-0.96,-1.69,-3.86,-2.65,-2.65
2014-06-11,000059,4.13,4.12,4.15,4.09,43497,17919290.0,1.45,-0.72,-0.03,0.36,1.22,0.98,1.47,2.2,8.31,7.58,5.62,5.13,2.69,1.47,4.17,4.19,4.14,4.1,1.46,0.73,1.7,0.73,-0.24,-0.97,-3.16,-1.94,-1.94,-1.7
2014-06-12,000059,4.12,4.08,4.18,4.08,70015,28878874.0,2.43,-0.97,-0.04,0.58,1.23,1.72,2.45,8.58,7.84,5.88,5.39,2.94,1.72,1.72,4.13,4.18,4.13,4.11,1.72,2.7,1.72,0.74,0.0,-2.21,-0.98,-0.98,-0.74,-0.49
2014-06-13,000059,4.1,4.13,4.15,4.08,56665,23369103.0,1.72,1.23,0.05,0.47,1.72,2.45,8.58,7.84,5.88,5.39,2.94,1.72,1.72,2.45,4.12,4.19,4.14,4.11,1.45,0.48,-0.48,-1.21,-3.39,-2.18,-2.18,-1.94,-1.69,-0.73
2014-06-16,000059,4.14,4.15,4.19,4.12,87679,36482495.0,1.69,0.48,0.02,0.73,1.46,7.52,6.8,4.85,4.37,1.94,0.73,0.73,1.46,0.73,4.13,4.19,4.14,4.12,0.0,-0.96,-1.69,-3.86,-2.65,-2.65,-2.41,-2.17,-1.2,0.24
2014-06-17,000059,4.15,4.1,4.15,4.1,53132,21878872.0,1.2,-1.2,-0.05,0.44,8.05,7.32,5.37,4.88,2.44,1.22,1.22,1.95,1.22,2.2,4.12,4.16,4.15,4.12,0.24,-0.49,-2.68,-1.46,-1.46,-1.22,-0.98,0.0,1.46,7.07
2014-06-18,000059,4.1,4.07,4.11,4.05,62337,25394483.0,1.46,-0.73,-0.03,0.52,8.64,6.67,6.17,3.7,2.47,2.47,3.21,2.47,3.46,2.47,4.11,4.14,4.15,4.12,0.25,-1.97,-0.74,-0.74,-0.49,-0.25,0.74,2.21,7.86,4.67
2014-06-19,000059,4.08,3.96,4.08,3.96,60075,24134694.0,2.95,-2.7,-0.11,0.5,9.09,8.59,6.06,4.8,4.8,5.56,4.8,5.81,4.8,3.79,4.08,4.11,4.14,4.12,0.76,2.02,2.02,2.27,2.53,3.54,5.05,10.86,7.58,7.32
2014-06-20,000059,3.97,3.98,3.99,3.94,28441,11277066.0,1.26,0.51,0.02,0.24,9.14,6.6,5.33,5.33,6.09,5.33,6.35,5.33,4.31,3.55,4.05,4.09,4.13,4.12,1.51,1.51,1.76,2.01,3.02,4.52,10.3,7.04,6.78,6.28
2014-06-23,000059,3.98,4.02,4.04,3.98,28463,11408797.0,1.51,1.01,0.04,0.24,5.53,4.27,4.27,5.03,4.27,5.28,4.27,3.27,2.51,0.25,4.03,4.08,4.13,4.12,0.5,0.75,1.0,1.99,3.48,9.2,5.97,5.72,5.22,4.73
2014-06-24,000059,4.03,4.01,4.04,3.98,41975,16828315.0,1.49,-0.25,-0.01,0.35,4.27,4.27,5.03,4.27,5.28,4.27,3.27,2.51,0.25,1.51,4.01,4.06,4.12,4.11,1.0,1.25,2.24,3.74,9.48,6.23,5.99,5.49,4.99,3.99
2014-06-25,000059,4.02,4.02,4.05,3.99,33422,13453197.0,1.5,0.25,0.01,0.28,4.01,4.76,4.01,5.01,4.01,3.01,2.26,0.0,1.25,1.25,4.0,4.05,4.12,4.11,1.0,1.99,3.48,9.2,5.97,5.72,5.22,4.73,3.73,4.73
2014-06-26,000059,4.01,4.05,4.06,4.01,38392,15504681.0,1.24,0.75,0.03,0.32,4.24,3.49,4.49,3.49,2.49,1.75,-0.5,0.75,0.75,1.0,4.02,4.05,4.12,4.1,1.23,2.72,8.4,5.19,4.94,4.44,3.95,2.96,3.95,2.72
2014-06-27,000059,4.05,4.08,4.1,4.01,109312,44449180.0,2.22,0.74,0.03,0.91,3.49,4.49,3.49,2.49,1.75,-0.5,0.75,0.75,1.0,1.25,4.04,4.04,4.12,4.11,1.96,7.6,4.41,4.17,3.68,3.19,2.21,3.19,1.96,2.94
2014-06-30,000059,4.07,4.13,4.16,4.07,69053,28422685.0,2.21,1.23,0.05,0.58,2.95,1.97,0.98,0.25,-1.97,-0.74,-0.74,-0.49,-0.25,0.74,4.06,4.04,4.11,4.11,6.3,3.15,2.91,2.42,1.94,0.97,1.94,0.73,1.69,2.18
2014-07-01,000059,4.2,4.2,4.39,4.18,197443,84249751.0,5.08,1.69,0.07,1.64,-0.72,-1.67,-2.39,-4.55,-3.35,-3.35,-3.11,-2.87,-1.91,-0.48,4.1,4.05,4.11,4.11,1.43,1.19,0.71,0.24,-0.71,0.24,-0.95,0.0,0.48,3.1
2014-07-02,000059,4.17,4.22,4.26,4.16,112303,47312284.0,2.38,0.48,0.02,0.94,-1.2,-1.92,-4.09,-2.88,-2.88,-2.64,-2.4,-1.44,0.0,5.53,4.14,4.07,4.1,4.12,0.71,0.24,-0.24,-1.18,-0.24,-1.42,-0.47,0.0,2.61,10.66
2014-07-03,000059,4.23,4.21,4.25,4.18,89309,37541768.0,1.66,-0.24,-0.01,0.74,-2.39,-4.55,-3.35,-3.35,-3.11,-2.87,-1.91,-0.48,5.02,1.91,4.17,4.09,4.1,4.12,0.48,0.0,-0.95,0.0,-1.19,-0.24,0.24,2.85,10.93,6.89
2014-07-04,000059,4.22,4.18,4.23,4.16,62211,26049621.0,1.66,-0.71,-0.03,0.52,-4.09,-2.88,-2.88,-2.64,-2.4,-1.44,0.0,5.53,2.4,2.16,4.19,4.11,4.1,4.13,0.72,-0.24,0.72,-0.48,0.48,0.96,3.59,11.72,7.66,5.98
2014-07-07,000059,4.18,4.16,4.21,4.16,73913,30883628.0,1.2,-0.48,-0.02,0.62,-2.88,-2.88,-2.64,-2.4,-1.44,0.0,5.53,2.4,2.16,1.68,4.19,4.13,4.1,4.13,0.24,1.2,0.0,0.96,1.44,4.09,12.26,8.17,6.49,4.81
2014-07-08,000059,4.17,4.14,4.17,4.1,86195,35636737.0,1.68,-0.48,-0.02,0.72,-1.46,-1.22,-0.98,0.0,1.46,7.07,3.9,3.66,3.17,2.68,4.18,4.14,4.1,4.13,1.69,0.48,1.45,1.93,4.59,12.8,8.7,7.0,5.31,6.52
2014-07-09,000059,4.12,4.12,4.21,4.1,106131,44187457.0,2.66,-0.48,-0.02,0.88,-1.22,-0.98,0.0,1.46,7.07,3.9,3.66,3.17,2.68,1.71,4.16,4.15,4.1,4.13,0.97,1.94,2.43,5.1,13.35,9.22,7.52,5.83,7.04,17.48
2014-07-10,000059,4.1,4.11,4.16,4.09,73026,30122539.0,1.7,-0.24,-0.01,0.61,-0.73,0.24,1.71,7.33,4.16,3.91,3.42,2.93,1.96,2.93,4.14,4.16,4.1,4.13,2.19,2.68,5.35,13.63,9.49,7.79,6.08,7.3,17.76,18.73
2014-07-11,000059,4.12,4.18,4.2,4.1,67041,27865700.0,2.43,1.7,0.07,0.56,0.0,1.46,7.07,3.9,3.66,3.17,2.68,1.71,2.68,1.46,4.14,4.17,4.1,4.13,0.96,3.59,11.72,7.66,5.98,4.31,5.5,15.79,16.75,14.35
2014-07-14,000059,4.19,4.21,4.22,4.16,98944,41531937.0,1.44,0.72,0.03,0.82,0.0,5.53,2.4,2.16,1.68,1.2,0.24,1.2,0.0,0.96,4.15,4.17,4.11,4.13,2.85,10.93,6.89,5.23,3.56,4.75,14.96,15.91,13.54,17.58
2014-07-15,000059,4.2,4.25,4.33,4.18,106185,45185331.0,3.56,0.95,0.04,0.88,5.02,1.91,1.67,1.2,0.72,-0.24,0.72,-0.48,0.48,0.96,4.17,4.18,4.12,4.13,9.88,5.88,4.24,2.59,3.76,13.88,14.82,12.47,16.47,21.18
2014-07-16,000059,4.32,4.38,4.67,4.32,375845,167564892.0,8.24,3.06,0.13,3.13,-1.39,-1.62,-2.08,-2.55,-3.47,-2.55,-3.7,-2.78,-2.31,0.23,4.23,4.19,4.13,4.13,2.74,1.14,-0.46,0.68,10.5,11.42,9.13,13.01,17.58,28.08
2014-07-17,000059,4.34,4.46,4.5,4.29,209380,92122114.0,4.79,1.83,0.08,1.74,-0.93,-1.4,-1.86,-2.8,-1.86,-3.03,-2.1,-1.63,0.93,8.86,4.3,4.22,4.16,4.14,-0.67,-2.24,-1.12,8.52,9.42,7.17,10.99,15.47,25.78,38.34
2014-07-18,000059,4.43,4.36,4.43,4.33,148179,64916420.0,2.24,-2.24,-0.1,1.23,-2.31,-2.77,-3.7,-2.77,-3.93,-3.0,-2.54,0.0,7.85,3.93,4.33,4.24,4.17,4.15,0.0,1.15,11.01,11.93,9.63,13.53,18.12,28.67,41.51,55.73
2014-07-21,000059,4.33,4.3,4.36,4.28,91607,39571275.0,1.83,-1.38,-0.06,0.76,-1.64,-2.57,-1.64,-2.8,-1.87,-1.4,1.17,9.11,5.14,3.5,4.35,4.25,4.19,4.15,2.56,12.56,13.49,11.16,15.12,19.77,30.47,43.49,57.91,66.28
2014-07-22,000059,4.3,4.4,4.41,4.28,108619,47501192.0,3.02,2.33,0.1,0.9,-2.57,-1.64,-2.8,-1.87,-1.4,1.17,9.11,5.14,3.5,1.87,4.38,4.28,4.21,4.16,10.0,10.91,8.64,12.5,17.05,27.5,40.23,54.32,62.5,64.09
2014-07-23,000059,4.45,4.71,4.84,4.42,759087,357020768.0,9.55,7.05,0.31,6.32,-4.75,-5.88,-4.98,-4.52,-2.04,5.66,1.81,0.23,-1.36,-0.23,4.45,4.34,4.24,4.18,3.61,1.49,5.1,9.34,19.11,31.0,44.16,51.8,53.29,56.05
2014-07-24,000059,4.6,4.71,4.88,4.58,541700,256375322.0,6.37,0.0,0.0,4.51,-9.17,-8.3,-7.86,-5.46,1.97,-1.75,-3.28,-4.8,-3.71,5.68,4.5,4.4,4.28,4.2,1.49,5.1,9.34,19.11,31.0,44.16,51.8,53.29,56.05,56.05
2014-07-25,000059,4.7,4.69,4.78,4.6,278908,130631766.0,3.82,-0.42,-0.02,2.32,-8.7,-8.26,-5.87,1.52,-2.17,-3.7,-5.22,-4.13,5.22,6.09,4.56,4.45,4.31,4.22,5.54,9.81,19.62,31.56,44.78,52.45,53.94,56.72,56.72,72.28
2014-07-28,000059,4.82,4.79,4.95,4.7,488350,235425262.0,5.33,2.13,0.1,4.07,-10.21,-7.87,-0.64,-4.26,-5.74,-7.23,-6.17,2.98,3.83,1.7,4.66,4.51,4.34,4.24,7.52,17.12,28.81,41.75,49.27,50.73,53.44,53.44,68.68,60.13
2014-07-29,000059,4.72,5.1,5.15,4.71,499908,248593705.0,9.19,6.47,0.31,4.16,-8.07,-0.85,-4.46,-5.94,-7.43,-6.37,2.76,3.61,1.49,5.1,4.8,4.59,4.38,4.27,10.0,20.98,33.14,40.2,41.57,44.12,44.12,58.43,50.39,56.47
2014-07-30,000059,5.5,5.61,5.61,5.41,296948,164862247.0,3.92,10.0,0.51,2.47,-13.68,-16.82,-18.11,-19.41,-18.48,-10.54,-9.8,-11.65,-8.5,-4.81,4.98,4.71,4.45,4.32,9.98,21.03,27.45,28.7,31.02,31.02,44.03,36.72,42.25,33.16
2014-07-31,000059,6.17,6.17,6.17,6.17,140473,86671625.0,0.0,9.98,0.56,1.17,-27.07,-28.2,-29.34,-28.53,-21.56,-20.91,-22.53,-19.77,-16.53,-9.08,5.27,4.88,4.55,4.4,10.05,15.88,17.02,19.12,19.12,30.96,24.31,29.34,21.07,20.42
2014-08-01,000059,6.5,6.5,6.79,6.35,1930580,1275229472.0,7.13,5.35,0.33,16.08,-30.24,-31.34,-30.55,-23.78,-23.15,-24.72,-22.05,-18.9,-11.65,-2.83,5.63,5.1,4.67,4.48,10.0,11.08,13.08,13.08,24.31,18.0,22.77,14.92,14.31,8.92
2014-08-04,000059,6.48,7.15,7.15,6.44,1605632,1123347712.0,10.92,10.0,0.65,13.37,-32.3,-31.52,-24.84,-24.22,-25.78,-23.14,-20.03,-12.89,-4.19,5.43,6.11,5.38,4.82,4.59,0.98,2.8,2.8,13.01,7.27,11.61,4.48,3.92,-0.98,0.84
2014-08-05,000059,7.14,7.05,7.22,6.78,1259498,881756000.0,6.15,-1.4,-0.1,10.49,-34.96,-28.61,-28.02,-29.5,-26.99,-24.04,-17.26,-9.0,0.15,5.46,6.5,5.65,4.96,4.69,4.26,4.26,14.61,8.79,13.19,5.96,5.39,0.43,2.27,7.94
2014-08-06,000059,6.98,7.05,7.35,6.95,871353,624057264.0,5.67,0.0,0.0,7.26,-30.36,-29.78,-31.22,-28.78,-25.9,-19.28,-11.22,-2.3,2.88,3.88,6.78,5.88,5.11,4.79,4.26,14.61,8.79,13.19,5.96,5.39,0.43,2.27,7.94,5.39
2014-08-07,000059,6.9,7.35,7.35,6.83,831264,589964400.0,7.38,4.26,0.3,6.92,-28.55,-30.01,-27.53,-24.6,-17.86,-9.66,-0.59,4.69,5.71,7.61,7.02,6.15,5.27,4.9,9.93,4.35,8.57,1.63,1.09,-3.67,-1.9,3.54,1.09,-1.09
2014-08-08,000059,7.3,7.55,8.08,7.26,1083735,839078208.0,11.16,2.72,0.2,9.03,-34.16,-31.82,-29.06,-22.73,-15.01,-6.47,-1.52,-0.55,1.24,1.24,7.23,6.43,5.44,5.01,1.59,5.7,-1.06,-1.59,-6.23,-4.5,0.79,-1.59,-3.71,-5.03
2014-08-11,000059,7.47,7.54,7.67,7.33,650764,487876960.0,4.5,-0.13,-0.01,5.42,-32.47,-29.74,-23.47,-15.83,-7.37,-2.46,-1.5,0.27,0.27,10.23,7.31,6.71,5.61,5.13,5.84,-0.93,-1.46,-6.1,-4.38,0.93,-1.46,-3.58,-4.91,-5.31
2014-08-12,000059,7.68,7.6,7.98,7.45,748661,578310784.0,7.03,0.8,0.06,6.24,-30.87,-24.7,-17.18,-8.86,-4.03,-3.09,-1.34,-1.34,8.46,2.95,7.42,6.96,5.77,5.24,-1.71,-2.24,-6.84,-5.13,0.13,-2.24,-4.34,-5.66,-6.05,-11.32
2014-08-13,000059,7.42,7.38,7.47,7.13,756282,552129520.0,4.47,-2.89,-0.22,6.3,-21.32,-13.46,-4.77,0.28,1.26,3.09,3.09,13.32,7.57,11.92,7.48,7.13,5.92,5.35,0.68,-4.07,-2.3,3.12,0.68,-1.49,-2.85,-3.25,-8.67,-7.99
2014-08-14,000059,7.24,7.05,7.43,7.03,667170,482324336.0,5.42,-4.47,-0.33,5.56,-12.23,-3.41,1.71,2.7,4.55,4.55,14.94,9.1,13.51,6.26,7.42,7.22,6.05,5.44,0.43,2.27,7.94,5.39,3.12,1.7,1.28,-4.4,-3.69,-2.7
2014-08-15,000059,7.0,6.89,7.08,6.77,599170,412582032.0,4.4,-2.27,-0.16,4.99,0.3,5.61,6.65,8.57,8.57,19.35,13.29,17.87,10.34,9.75,7.29,7.26,6.18,5.53,4.64,10.45,7.84,5.52,4.06,3.63,-2.18,-1.45,-0.44,0.73
2014-08-18,000059,6.87,7.18,7.21,6.82,651434,456780480.0,5.66,4.21,0.29,5.43,4.84,5.87,7.77,7.77,18.48,12.46,17.01,9.53,8.94,3.81,7.22,7.26,6.32,5.63,5.99,3.48,1.25,-0.14,-0.56,-6.13,-5.43,-4.46,-3.34,-0.84
2014-08-19,000059,7.13,7.51,7.61,7.0,970410,712305872.0,8.5,4.6,0.33,8.08,3.14,5.0,5.0,15.43,9.57,14.0,6.71,6.14,1.14,3.0,7.2,7.31,6.48,5.75,-1.07,-3.2,-4.53,-4.93,-10.25,-9.59,-8.66,-7.59,-5.19,-3.86
2014-08-20,000059,7.35,7.2,7.43,7.16,474401,345159936.0,3.6,-4.13,-0.31,3.95,2.65,2.65,12.85,7.12,11.45,4.33,3.77,-1.12,0.7,6.28,7.17,7.33,6.6,5.85,0.97,-0.42,-0.83,-6.39,-5.69,-4.72,-3.61,-1.11,0.28,-0.83
2014-08-21,000059,7.16,7.03,7.27,6.89,406547,286698176.0,5.28,-2.36,-0.17,3.39,6.68,17.27,11.32,15.82,8.42,7.84,2.76,4.64,10.45,7.84,7.16,7.29,6.72,5.95,1.99,1.56,-4.13,-3.41,-2.42,-1.28,1.28,2.7,1.56,4.84
2014-08-22,000059,6.97,7.07,7.17,6.93,275197,194067383.0,3.41,0.57,0.04,2.29,16.59,10.68,15.15,7.79,7.22,2.16,4.04,9.81,7.22,4.91,7.2,7.25,6.84,6.04,0.99,-4.67,-3.96,-2.97,-1.84,0.71,2.12,0.99,4.24,1.56
2014-08-25,000059,7.03,6.85,7.14,6.85,272162,190442210.0,4.1,-3.11,-0.22,2.27,11.97,16.5,9.05,8.47,3.36,5.26,11.09,8.47,6.13,4.67,7.13,7.18,6.94,6.13,-1.61,-0.88,0.15,1.31,3.94,5.4,4.23,7.59,4.82,5.69
2014-08-26,000059,6.74,6.59,6.74,6.43,437687,289530976.0,4.53,-3.8,-0.26,3.65,24.11,16.17,15.55,10.11,12.13,18.35,15.55,13.06,11.51,11.04,6.95,7.08,7.02,6.21,3.03,4.1,5.31,8.04,9.56,8.35,11.84,8.95,9.86,13.2
2014-08-27,000059,6.56,6.62,6.79,6.56,233397,155749742.0,3.49,0.46,0.03,1.94,13.87,13.26,7.93,9.91,16.01,13.26,10.82,9.3,8.84,2.74,6.83,7.0,7.07,6.28,3.63,4.83,7.55,9.06,7.85,11.33,8.46,9.37,12.69,11.33
2014-08-28,000059,6.55,6.72,6.86,6.42,334570,224057960.0,6.65,1.51,0.1,2.79,15.73,10.28,12.31,18.54,15.73,13.24,11.68,11.21,4.98,5.76,6.77,6.97,7.09,6.36,3.27,5.95,7.44,6.25,9.67,6.85,7.74,11.01,9.67,9.38
2014-08-29,000059,6.69,6.85,6.94,6.62,318581,217971566.0,4.76,1.93,0.13,2.65,6.95,8.91,14.95,12.24,9.82,8.31,7.85,1.81,2.57,3.63,6.73,6.96,7.11,6.44,3.94,5.4,4.23,7.59,4.82,5.69,8.91,7.59,7.3,9.49
2014-09-01,000059,6.88,6.95,7.12,6.88,341753,238774550.0,3.5,1.46,0.1,2.85,4.8,10.61,7.99,5.67,4.22,3.78,-2.03,-1.31,-0.29,0.87,6.75,6.94,7.1,6.53,3.88,2.73,6.04,3.31,4.17,7.34,6.04,5.76,7.91,8.63
2014-09-02,000059,6.95,7.17,7.22,6.89,476308,336989888.0,4.75,3.17,0.22,3.97,10.45,7.84,5.52,4.06,3.63,-2.18,-1.45,-0.44,0.73,3.34,6.86,6.91,7.11,6.62,-0.42,2.79,0.14,0.98,4.04,2.79,2.51,4.6,5.3,3.63
2014-09-03,000059,7.12,7.04,7.14,6.97,354591,249844356.0,2.37,-1.81,-0.13,2.95,6.6,4.3,2.87,2.44,-3.3,-2.58,-1.58,-0.43,2.15,3.59,6.95,6.89,7.11,6.7,4.69,1.99,2.84,5.97,4.69,4.4,6.53,7.24,5.54,1.28
2014-09-04,000059,7.03,7.18,7.37,7.03,494629,355848640.0,4.83,1.99,0.14,4.12,3.41,1.99,1.56,-4.13,-3.41,-2.42,-1.28,1.28,2.7,1.56,7.04,6.9,7.1,6.78,0.0,0.84,3.9,2.65,2.37,4.46,5.15,3.48,-0.7,0.56
2014-09-05,000059,7.18,7.14,7.18,6.98,290849,205612959.0,2.79,-0.56,-0.04,2.42,2.72,2.29,-3.44,-2.72,-1.72,-0.57,2.01,3.44,2.29,5.59,7.1,6.91,7.08,6.86,1.4,4.48,3.22,2.94,5.04,5.74,4.06,-0.14,1.12,0.42
2014-09-09,000059,7.16,7.14,7.24,7.04,247188,176534600.0,2.8,0.0,0.0,2.06,1.42,-4.26,-3.55,-2.56,-1.42,1.14,2.56,1.42,4.69,1.99,7.13,6.94,7.06,6.94,4.48,3.22,2.94,5.04,5.74,4.06,-0.14,1.12,0.42,4.2
2014-09-10,000059,7.08,7.31,7.46,7.02,540321,394976112.0,6.16,2.38,0.17,4.5,-3.99,-3.28,-2.28,-1.14,1.42,2.85,1.71,4.99,2.28,3.13,7.16,7.01,7.04,7.01,0.82,0.55,2.6,3.28,1.64,-2.46,-1.23,-1.92,1.78,3.15
2014-09-11,000059,7.28,7.17,7.37,7.13,419208,303773792.0,3.28,-1.92,-0.14,3.49,-4.77,-3.79,-2.66,-0.14,1.26,0.14,3.37,0.7,1.54,4.63,7.19,7.07,7.03,7.07,2.51,4.6,5.3,3.63,-0.56,0.7,0.0,3.77,5.16,7.25
2014-09-12,000059,7.15,7.21,7.35,7.12,254662,184754709.0,3.21,0.56,0.04,2.12,-3.65,-2.53,0.0,1.4,0.28,3.51,0.84,1.69,4.78,3.51,7.19,7.12,7.04,7.1,4.02,4.72,3.05,-1.11,0.14,-0.55,3.19,4.58,6.66,8.18
2014-09-15,000059,7.29,7.39,7.5,7.22,428933,316201296.0,3.88,2.5,0.18,3.57,-3.88,-1.39,0.0,-1.11,2.08,-0.55,0.28,3.32,2.08,1.8,7.24,7.17,7.07,7.13,2.17,0.54,-3.52,-2.3,-2.98,0.68,2.03,4.06,5.55,10.83
2014-09-16,000059,7.33,7.18,7.55,7.15,549074,405361360.0,5.41,-2.84,-0.21,4.57,-0.42,0.98,-0.14,3.08,0.42,1.26,4.34,3.08,2.8,4.9,7.25,7.19,7.07,7.13,3.48,-0.7,0.56,-0.14,3.62,5.01,7.1,8.64,14.07,14.9
2014-09-17,000059,7.24,7.13,7.43,7.0,375011,268342778.0,5.99,-0.7,-0.05,3.12,3.14,2.0,5.29,2.57,3.43,6.57,5.29,5.0,7.14,7.86,7.22,7.19,7.05,7.13,0.0,1.26,0.56,4.35,5.75,7.85,9.4,14.87,15.71,13.18
2014-09-18,000059,7.13,7.03,7.13,7.0,215784,152221478.0,1.82,-1.4,-0.1,1.8,2.0,5.29,2.57,3.43,6.57,5.29,5.0,7.14,7.86,6.14,7.19,7.19,7.04,7.13,2.7,1.99,5.83,7.25,9.39,10.95,16.5,17.35,14.79,13.37
2014-09-19,000059,7.03,7.16,7.22,6.99,193357,137171167.0,3.27,1.85,0.13,1.61,5.44,2.72,3.58,6.72,5.44,5.15,7.3,8.01,6.29,2.0,7.18,7.19,7.05,7.13,0.14,3.91,5.31,7.4,8.94,14.39,15.22,12.71,11.31,11.17
2014-09-22,000059,7.08,6.92,7.17,6.92,170285,119834941.0,3.49,-3.35,-0.24,1.42,3.76,4.62,7.8,6.5,6.21,8.38,9.1,7.37,3.03,4.34,7.08,7.16,7.04,7.11,7.51,8.96,11.13,12.72,18.35,19.22,16.62,15.17,15.03,13.15
2014-09-23,000059,7.0,7.2,7.44,6.94,284158,202752270.0,7.23,4.05,0.28,2.37,4.32,7.49,6.2,5.91,8.07,8.79,7.06,2.74,4.03,3.31,7.09,7.17,7.06,7.1,4.72,6.81,8.33,13.75,14.58,12.08,10.69,10.56,8.75,7.36
2014-09-24,000059,7.19,7.53,7.54,7.11,491690,362651104.0,5.97,4.58,0.33,4.1,4.92,3.66,3.38,5.49,6.19,4.5,0.28,1.55,0.84,4.64,7.17,7.19,7.1,7.09,2.12,3.59,8.76,9.56,7.17,5.84,5.71,3.98,2.66,0.27
2014-09-25,000059,7.5,7.53,7.69,7.38,504469,378791168.0,4.12,0.0,0.0,4.2,-0.14,-0.41,1.63,2.3,0.68,-3.39,-2.17,-2.85,0.81,2.17,7.27,7.23,7.15,7.1,3.59,8.76,9.56,7.17,5.84,5.71,3.98,2.66,0.27,1.46
2014-09-26,000059,7.48,7.71,7.8,7.44,368526,281238480.0,4.78,2.39,0.18,3.07,-1.21,0.81,1.48,-0.13,-4.17,-2.96,-3.63,0.0,1.34,3.36,7.38,7.28,7.2,7.12,6.23,7.0,4.67,3.37,3.24,1.56,0.26,-2.08,-0.91,6.36
2014-09-29,000059,7.71,8.05,8.19,7.62,512529,407682960.0,7.39,4.41,0.34,4.27,-1.57,-0.92,-2.49,-6.43,-5.25,-5.91,-2.36,-1.05,0.92,2.36,7.6,7.34,7.26,7.16,2.48,0.25,-0.99,-1.12,-2.73,-3.98,-6.21,-5.09,1.86,12.05
2014-09-30,000059,8.08,8.04,8.25,7.96,317017,257453440.0,3.6,-0.12,-0.01,2.64,-5.15,-6.66,-10.43,-9.3,-9.92,-6.53,-5.28,-3.39,-2.01,2.89,7.77,7.43,7.31,7.19,0.37,-0.87,-1.0,-2.61,-3.86,-6.09,-4.98,1.99,12.19,11.07
2014-10-08,000059,8.04,7.9,8.07,7.75,252877,199079564.0,3.98,-1.74,-0.14,2.11,-4.13,-8.0,-6.84,-7.48,-4.0,-2.71,-0.77,0.65,5.68,6.45,7.85,7.51,7.35,7.2,0.89,0.76,-0.89,-2.15,-4.43,-3.29,3.8,14.18,13.04,16.08
2014-10-09,000059,7.97,7.84,7.97,7.67,213666,166849261.0,3.8,-0.76,-0.06,1.78,-7.04,-5.87,-6.52,-3.0,-1.69,0.26,1.69,6.78,7.56,5.22,7.91,7.59,7.39,7.22,1.53,-0.13,-1.4,-3.7,-2.55,4.59,15.05,13.9,16.96,14.8
2014-10-10,000059,7.82,7.85,7.96,7.77,178937,140849838.0,2.42,0.13,0.01,1.49,-7.08,-7.72,-4.25,-2.96,-1.03,0.39,5.41,6.18,3.86,2.57,7.94,7.66,7.42,7.25,-0.25,-1.53,-3.82,-2.68,4.46,14.9,13.76,16.82,14.65,16.56
2014-10-13,000059,7.83,7.72,7.83,7.59,150918,116207485.0,3.06,-1.66,-0.13,1.26,-5.53,-1.98,-0.66,1.32,2.77,7.91,8.7,6.32,5.01,4.87,7.87,7.74,7.45,7.27,0.13,-2.2,-1.04,6.22,16.84,15.67,18.78,16.58,18.52,17.49
2014-10-14,000059,7.58,7.49,7.73,7.47,199587,151559659.0,3.37,-2.98,-0.23,1.66,-0.4,0.94,2.95,4.42,9.64,10.44,8.03,6.69,6.56,4.82,7.76,7.77,7.47,7.29,0.8,2.0,9.48,20.43,19.23,22.43,20.16,22.16,21.09,24.97
2014-10-15,000059,7.47,7.4,7.55,7.1,180160,131946484.0,6.01,-1.2,-0.09,1.5,6.2,8.31,9.86,15.35,16.2,13.66,12.25,12.11,10.28,8.87,7.66,7.75,7.47,7.32,3.24,10.81,21.89,20.68,23.92,21.62,23.65,22.57,26.49,34.46
2014-10-16,000059,7.33,7.45,7.64,7.26,149388,112158695.0,5.14,0.68,0.05,1.24,5.92,7.44,12.81,13.64,11.16,9.78,9.64,7.85,6.47,3.99,7.58,7.75,7.49,7.35,10.07,21.07,19.87,23.09,20.81,22.82,21.74,25.64,33.56,29.26
2014-10-17,000059,7.51,8.2,8.2,7.51,608996,483374976.0,9.26,10.07,0.75,5.07,3.86,9.05,9.85,7.46,6.13,5.99,4.26,2.93,0.53,1.73,7.65,7.79,7.54,7.4,10.0,8.9,11.83,9.76,11.59,10.61,14.15,21.34,17.44,14.88
2014-10-20,000059,8.22,8.94,9.02,8.22,803978,711180096.0,9.76,9.02,0.74,6.7,-0.36,0.36,-1.82,-3.04,-3.16,-4.74,-5.96,-8.15,-7.06,-0.24,7.9,7.88,7.61,7.47,-0.11,2.57,0.67,2.35,1.45,4.7,11.3,7.72,5.37,5.15
2014-10-21,000059,8.69,8.73,8.93,8.51,549379,479835488.0,4.7,-2.35,-0.21,4.58,-3.06,-5.17,-6.35,-6.46,-7.99,-9.17,-11.28,-10.22,-3.64,5.99,8.14,7.95,7.69,7.53,5.04,3.09,4.81,3.89,7.22,13.97,10.31,7.9,7.67,12.26
2014-10-22,000059,8.7,8.75,9.17,8.52,390632,344583184.0,7.45,0.23,0.02,3.25,-5.28,-6.46,-6.57,-8.1,-9.27,-11.38,-10.33,-3.76,5.87,4.81,8.41,8.04,7.77,7.58,2.86,4.57,3.66,6.97,13.71,10.06,7.66,7.43,12.0,8.11
2014-10-23,000059,8.68,8.7,9.0,8.57,260757,228490555.0,4.91,-0.57,-0.05,2.17,-7.0,-7.12,-8.63,-9.8,-11.9,-10.85,-4.32,5.25,4.2,7.0,8.66,8.12,7.86,7.63,5.17,4.25,7.59,14.37,10.69,8.28,8.05,12.64,8.74,7.13
2014-10-24,000059,8.85,8.4,9.15,8.28,297597,257781547.0,10.0,-3.45,-0.3,2.48,-3.86,-5.43,-6.64,-8.82,-7.73,-0.97,8.94,7.85,10.75,8.7,8.7,8.18,7.92,7.67,7.98,11.43,18.45,14.64,12.14,11.9,16.67,12.62,10.95,12.14
2014-10-27,000059,8.36,8.84,9.07,7.9,396807,343788464.0,13.93,5.24,0.44,3.31,-0.89,-2.15,-4.43,-3.29,3.8,14.18,13.04,16.08,13.92,15.82,8.68,8.29,8.01,7.73,5.88,12.56,8.94,6.56,6.33,10.86,7.01,5.43,6.56,6.11
2014-10-28,000059,9.0,9.17,9.36,8.81,404806,370238320.0,6.22,3.73,0.33,3.37,-12.26,-14.3,-13.28,-6.92,2.38,1.36,4.09,2.16,3.86,2.95,8.77,8.46,8.11,7.8,8.51,5.02,2.73,2.51,6.87,3.16,1.64,2.73,2.29,0.55
2014-10-29,000059,9.28,9.39,9.95,9.23,474921,454802688.0,7.85,2.4,0.22,3.96,-18.2,-17.23,-11.16,-2.28,-3.25,-0.65,-2.49,-0.87,-1.73,1.41,8.9,8.66,8.21,7.87,2.56,0.32,0.11,4.37,0.75,-0.75,0.32,-0.11,-1.81,-2.24
2014-10-30,000059,9.31,9.41,9.63,9.16,218990,205950889.0,5.01,0.21,0.02,1.82,-16.59,-10.48,-1.53,-2.51,0.11,-1.75,-0.11,-0.98,2.18,8.62,9.04,8.85,8.3,7.94,0.11,-0.11,4.14,0.53,-0.96,0.11,-0.32,-2.02,-2.44,-2.44
2014-10-31,000059,9.41,9.18,9.42,8.92,228059,208899818.0,5.31,-2.44,-0.23,1.9,-8.07,1.12,0.11,2.8,0.9,2.58,1.68,4.93,11.55,7.96,9.2,8.95,8.37,8.01,2.4,6.75,3.05,1.53,2.61,2.18,0.44,0.0,0.0,-0.98
2014-11-03,000059,9.12,9.36,9.4,9.04,204731,189884676.0,3.92,1.96,0.18,1.71,-0.22,-1.22,1.44,-0.44,1.22,0.33,3.54,10.07,6.53,4.2,9.3,8.99,8.44,8.07,4.7,1.07,-0.43,0.64,0.21,-1.5,-1.92,-1.92,-2.88,-3.42
2014-11-04,000059,9.37,9.42,9.8,9.28,215069,205201575.0,5.56,0.64,0.06,1.79,-3.77,-1.19,-3.02,-1.4,-2.26,0.86,7.22,3.77,1.51,1.29,9.35,9.06,8.51,8.15,0.42,-1.06,0.0,-0.42,-2.12,-2.55,-2.55,-3.5,-4.03,-3.4
2014-11-05,000059,9.46,9.28,9.46,9.2,115869,107844245.0,2.76,-1.49,-0.14,0.97,-0.33,-2.17,-0.54,-1.41,1.74,8.15,4.67,2.39,2.17,6.52,9.33,9.12,8.58,8.22,0.43,1.51,1.08,-0.65,-1.08,-1.08,-2.05,-2.59,-1.94,7.33
2014-11-06,000059,9.3,9.3,9.32,9.1,110849,102135808.0,2.37,0.22,0.02,0.92,-1.1,0.55,-0.33,2.86,9.34,5.82,3.52,3.3,7.69,3.96,9.31,9.18,8.65,8.3,1.29,0.86,-0.86,-1.29,-1.29,-2.26,-2.8,-2.15,7.1,17.74
2014-11-07,000059,9.35,9.3,9.42,9.15,117671,108760074.0,2.9,0.0,0.0,0.98,0.0,-0.87,2.3,8.74,5.25,2.95,2.73,7.1,3.39,1.86,9.33,9.27,8.72,8.37,0.86,-0.86,-1.29,-1.29,-2.26,-2.8,-2.15,7.1,17.74,18.92
2014-11-10,000059,9.3,9.24,9.38,9.12,171542,157903774.0,2.8,-0.65,-0.06,1.43,-0.55,2.63,9.1,5.59,3.29,3.07,7.46,3.73,2.19,3.29,9.31,9.31,8.8,8.44,-0.22,-0.65,-0.65,-1.62,-2.16,-1.52,7.79,18.51,19.7,17.1
2014-11-11,000059,9.2,8.74,9.22,8.45,247074,218687350.0,8.33,-5.41,-0.5,2.06,10.77,17.75,13.96,11.48,11.24,15.98,11.95,10.3,11.48,11.01,9.17,9.26,8.86,8.5,5.03,5.03,4.0,3.43,4.12,13.96,25.29,26.54,23.8,23.11
2014-11-12,000059,8.68,9.06,9.18,8.62,164244,147289064.0,6.41,3.66,0.32,1.37,15.43,11.72,9.28,9.05,13.69,9.74,8.12,9.28,8.82,6.96,9.13,9.23,8.94,8.55,1.32,0.33,-0.22,0.44,9.93,20.86,22.08,19.43,18.76,19.43
2014-11-13,000059,9.16,8.89,9.18,8.7,115531,103567860.0,5.3,-1.88,-0.17,0.96,10.69,8.28,8.05,12.64,8.74,7.13,8.28,7.82,5.98,5.52,9.05,9.18,9.02,8.59,2.25,1.69,2.36,12.04,23.17,24.41,21.71,21.03,21.71,21.48
2014-11-14,000059,8.8,8.93,9.09,8.8,122144,109920167.0,3.26,0.45,0.04,1.02,7.05,6.82,11.36,7.5,5.91,7.05,6.59,4.77,4.32,4.32,8.97,9.15,9.05,8.63,1.23,1.9,11.53,22.62,23.85,21.16,20.49,21.16,20.94,18.7
2014-11-17,000059,8.9,8.88,9.04,8.83,106014,94586985.0,2.35,-0.56,-0.05,0.88,6.46,10.99,7.13,5.55,6.68,6.23,4.42,3.96,3.96,2.94,8.9,9.1,9.05,8.66,2.48,12.16,23.31,24.55,21.85,21.17,21.85,21.62,19.37,20.95
2014-11-18,000059,8.83,9.05,9.1,8.78,82224,73781287.0,3.6,1.91,0.17,0.68,11.62,7.74,6.15,7.29,6.83,5.01,4.56,4.56,3.53,2.96,8.96,9.07,9.06,8.69,10.06,20.99,22.21,19.56,18.9,19.56,19.34,17.13,18.67,16.35
2014-11-19,000059,9.11,9.96,9.96,9.06,426488,413287088.0,9.94,10.06,0.91,3.55,4.42,2.87,3.97,3.53,1.77,1.32,1.32,0.33,-0.22,0.44,9.14,9.14,9.13,8.76,9.94,11.04,8.63,8.03,8.63,8.43,6.43,7.83,5.72,4.02
2014-11-20,000059,10.18,10.59,10.95,9.82,587419,615016144.0,11.35,6.33,0.63,4.89,-5.09,-4.07,-4.48,-6.11,-6.52,-6.52,-7.43,-7.94,-7.33,1.43,9.48,9.26,9.22,8.85,4.44,2.17,1.61,2.17,1.98,0.09,1.42,-0.57,-2.17,-1.13
2014-11-21,000059,10.46,10.82,11.06,10.38,371302,398592752.0,6.42,2.17,0.23,3.09,-9.25,-9.63,-11.18,-11.56,-11.56,-12.43,-12.91,-12.33,-4.05,5.49,9.86,9.42,9.34,8.95,0.0,-0.55,0.0,-0.18,-2.03,-0.74,-2.68,-4.25,-3.23,6.01
2014-11-24,000059,10.82,10.58,10.82,10.35,324312,341829360.0,4.34,-2.22,-0.24,2.7,-9.37,-10.92,-11.3,-11.3,-12.17,-12.66,-12.08,-3.77,5.8,6.86,10.2,9.55,9.43,9.05,1.7,2.27,2.08,0.19,1.51,-0.47,-2.08,-1.04,8.41,14.27
2014-11-25,000059,10.23,10.59,10.76,10.23,272161,286715856.0,5.01,0.09,0.01,2.27,-9.87,-10.26,-10.26,-11.14,-11.63,-11.05,-2.64,7.04,8.11,5.77,10.51,9.74,9.5,9.15,2.17,1.98,0.09,1.42,-0.57,-2.17,-1.13,8.31,14.16,8.12
2014-11-26,000059,10.51,10.58,10.82,10.36,218938,233204276.0,4.34,-0.09,-0.01,1.82,-11.39,-11.39,-12.26,-12.74,-12.16,-3.86,5.69,6.76,4.44,3.86,10.63,9.89,9.56,9.26,2.08,0.19,1.51,-0.47,-2.08,-1.04,8.41,14.27,8.22,4.35
2014-11-27,000059,10.36,10.47,10.8,10.36,208469,220219619.0,4.16,-1.04,-0.11,1.74,-11.39,-12.26,-12.74,-12.16,-3.86,5.69,6.76,4.44,3.86,4.44,10.61,10.05,9.61,9.36,1.24,2.58,0.57,-1.05,0.0,9.55,15.47,9.36,5.44,12.7
2014-11-28,000059,10.45,10.21,10.6,10.11,195300,200965322.0,4.68,-2.48,-0.26,1.63,-10.09,-10.58,-9.99,-1.48,8.31,9.4,7.02,6.43,7.02,6.82,10.49,10.17,9.66,9.43,5.19,3.13,1.47,2.55,12.34,18.41,12.14,8.13,15.57,14.1
2014-12-01,000059,10.23,10.23,10.74,10.2,197880,206165218.0,5.29,0.2,0.02,1.65,-11.37,-10.78,-2.35,7.35,8.43,6.08,5.49,6.08,5.88,3.92,10.42,10.31,9.71,9.47,2.93,1.27,2.35,12.12,18.18,11.93,7.92,15.35,13.88,21.21
2014-12-02,000059,10.28,10.38,10.53,10.25,123875,128507773.0,2.74,1.47,0.15,1.03,-11.22,-2.83,6.83,7.9,5.56,4.98,5.56,5.37,3.41,4.78,10.37,10.44,9.75,9.52,-0.19,0.87,10.5,16.47,10.31,6.36,13.68,12.24,19.46,20.62
2014-12-03,000059,10.36,10.24,10.36,9.88,222445,224571387.0,4.62,-1.35,-0.14,1.85,0.81,10.83,11.94,9.51,8.91,9.51,9.31,7.29,8.7,6.58,10.31,10.47,9.8,9.57,2.25,12.01,18.07,11.82,7.81,15.23,13.77,21.09,22.27,26.37
2014-12-04,000059,10.18,10.43,10.47,10.1,202443,209038988.0,3.61,1.86,0.19,1.69,8.42,9.5,7.13,6.53,7.13,6.93,4.95,6.34,4.26,2.57,10.3,10.45,9.86,9.63,9.97,15.92,9.78,5.85,13.14,11.7,18.89,20.04,24.07,26.46
2014-12-05,000059,10.5,11.35,11.47,10.45,405484,448514272.0,9.78,8.82,0.92,3.38,5.84,3.54,2.97,3.54,3.35,1.44,2.78,0.77,-0.86,0.19,10.53,10.51,9.96,9.73,6.52,0.88,-2.73,3.96,2.64,9.25,10.31,14.01,16.21,12.33
2014-12-08,000059,11.5,11.38,12.09,10.9,427471,491477840.0,10.48,0.26,0.03,3.56,-0.73,-1.28,-0.73,-0.92,-2.75,-1.47,-3.39,-4.95,-3.94,5.23,10.76,10.59,10.07,9.81,0.62,-2.99,3.69,2.37,8.96,10.02,13.71,15.91,12.04,15.11
2014-12-09,000059,11.2,10.5,11.45,10.45,327111,359579440.0,8.79,-7.73,-0.88,2.72,2.97,3.54,3.35,1.44,2.78,0.77,-0.86,0.19,9.76,15.69,10.78,10.58,10.16,9.86,5.14,12.38,10.95,18.1,19.24,23.24,25.62,21.43,24.76,13.33
2014-12-10,000059,10.42,11.04,11.04,10.42,191309,207478027.0,5.9,5.14,0.54,1.59,3.84,3.65,1.73,3.07,1.06,-0.58,0.48,10.08,16.03,9.88,10.94,10.62,10.26,9.91,6.88,5.53,12.32,13.41,17.21,19.47,15.49,18.66,7.79,7.34
2014-12-11,000059,11.27,11.52,11.8,11.12,298722,342860816.0,6.16,4.35,0.48,2.49,-2.88,-4.68,-3.42,-5.31,-6.83,-5.85,3.15,8.72,2.97,-0.72,11.16,10.73,10.39,9.98,1.13,7.64,8.68,12.33,14.5,10.68,13.72,3.3,2.86,1.13
2014-12-12,000059,11.55,11.4,11.65,11.32,175991,202389675.0,2.86,-1.04,-0.12,1.47,-6.36,-5.12,-6.98,-8.48,-7.51,1.33,6.8,1.15,-2.47,4.24,11.17,10.85,10.51,10.06,8.77,9.82,13.51,15.7,11.84,14.91,4.39,3.95,2.19,3.77
2014-12-15,000059,11.25,12.13,12.4,10.9,364712,433401072.0,13.16,6.4,0.73,3.04,-1.47,-3.39,-4.95,-3.94,5.23,10.92,5.05,1.28,8.26,6.88,11.32,11.04,10.67,10.15,3.22,6.68,8.74,5.11,8.0,-1.9,-2.31,-3.96,-2.47,-5.94
2014-12-16,000059,12.43,12.4,12.52,12.08,210267,259389435.0,3.63,2.23,0.27,1.75,-12.83,-14.24,-13.33,-5.05,0.08,-5.22,-8.61,-2.32,-3.56,2.65,11.7,11.24,10.84,10.25,4.35,6.37,2.82,5.65,-4.03,-4.44,-6.05,-4.6,-7.98,-17.74
2014-12-17,000059,12.35,12.3,12.94,12.1,172431,214143356.0,6.77,-0.81,-0.1,1.44,-14.38,-13.47,-5.21,-0.08,-5.37,-8.76,-2.48,-3.72,2.48,3.47,11.95,11.45,10.96,10.35,7.24,3.66,6.5,-3.25,-3.66,-5.28,-3.82,-7.24,-17.07,-19.67
2014-12-18,000059,12.26,12.6,13.19,12.14,187618,238017089.0,8.54,2.44,0.3,1.56,-13.76,-5.52,-0.41,-5.68,-9.06,-2.8,-4.04,2.14,3.13,6.59,12.17,11.66,11.06,10.46,1.19,3.97,-5.56,-5.95,-7.54,-6.11,-9.44,-19.05,-21.59,-21.27
2014-12-19,000059,12.5,12.54,12.75,12.44,128713,161283995.0,2.46,-0.48,-0.06,1.07,-7.8,-2.81,-7.96,-11.25,-5.14,-6.35,-0.32,0.64,4.02,6.03,12.39,11.78,11.14,10.57,4.47,-5.1,-5.5,-7.1,-5.66,-9.01,-18.66,-21.21,-20.89,-22.25
2014-12-22,000059,12.55,11.5,13.1,11.29,250651,302335504.0,14.43,-8.29,-1.04,2.09,7.09,1.42,-2.21,4.52,3.19,9.83,10.89,14.61,16.83,12.93,12.27,11.79,11.19,10.64,3.48,3.04,1.3,2.87,-0.78,-11.3,-14.09,-13.74,-15.22,-15.65
2014-12-23,000059,11.55,11.38,11.9,10.71,198058,225583797.0,10.35,-1.04,-0.12,1.65,6.91,3.08,10.18,8.78,15.78,16.9,20.82,23.16,19.05,22.32,12.06,11.88,11.23,10.73,4.13,2.37,3.95,0.26,-10.37,-13.18,-12.83,-14.32,-14.76,-11.51
2014-12-24,000059,11.55,11.38,11.85,11.01,126027,143389831.0,7.38,0.0,0.0,1.05,0.27,7.18,5.81,12.62,13.71,17.53,19.8,15.8,18.98,8.08,11.88,11.92,11.27,10.81,2.37,3.95,0.26,-10.37,-13.18,-12.83,-14.32,-14.76,-11.51,-9.4
2014-12-25,000059,11.39,11.6,11.65,11.36,67975,78369162.0,2.55,1.93,0.22,0.57,3.87,2.55,9.15,10.21,13.91,16.11,12.24,15.32,4.75,4.31,11.68,11.92,11.33,10.9,1.98,-1.64,-12.07,-14.83,-14.48,-15.95,-16.38,-13.19,-11.12,-13.19
2014-12-26,000059,11.7,11.51,11.83,11.37,113218,131219360.0,3.97,-0.78,-0.09,0.94,2.46,9.06,10.11,13.81,16.01,12.14,15.22,4.66,4.22,2.46,11.47,11.93,11.39,10.98,-0.87,-11.38,-14.16,-13.81,-15.29,-15.73,-12.51,-10.43,-12.51,-11.82
2014-12-29,000059,11.4,10.36,11.41,10.36,224518,237910444.0,9.12,-9.99,-1.15,1.87,19.69,20.85,24.9,27.32,23.07,26.45,14.86,14.38,12.45,14.19,11.25,11.76,11.4,11.03,-1.54,-4.63,-4.25,-5.89,-6.37,-2.8,-0.48,-2.8,-2.03,-2.32
2014-12-30,000059,10.2,9.61,10.2,9.32,504950,477753504.0,8.49,-7.24,-0.75,4.21,34.33,38.84,41.52,36.8,40.56,27.68,27.15,25.0,26.93,22.42,10.89,11.48,11.36,11.05,2.81,3.23,1.46,0.94,4.79,7.28,4.79,5.62,5.31,3.75
2014-12-31,000059,9.4,9.85,9.88,9.21,230782,223655596.0,6.97,2.5,0.24,1.92,40.5,43.21,38.44,42.24,29.21,28.66,26.49,28.45,23.89,10.75,10.59,11.23,11.34,11.05,0.71,-1.02,-1.52,2.23,4.67,2.23,3.05,2.74,1.22,2.23
2015-01-05,000059,9.79,9.41,9.92,9.29,225109,214177240.0,6.4,-4.47,-0.44,1.88,41.98,37.24,41.01,28.09,27.56,25.4,27.34,22.82,9.8,6.35,10.15,10.91,11.29,11.01,3.61,3.08,7.01,9.56,7.01,7.86,7.55,5.95,7.01,10.41
2015-01-06,000059,9.4,9.65,9.75,9.33,147254,141943902.0,4.46,2.55,0.24,1.23,36.66,40.41,27.55,27.01,24.87,26.8,22.29,9.32,5.89,6.32,9.78,10.63,11.2,10.97,0.52,4.35,6.84,4.35,5.18,4.87,3.32,4.35,7.67,10.05
2015-01-07,000059,9.7,9.54,9.7,9.35,109494,104063247.0,3.63,-1.14,-0.11,0.91,40.11,27.27,26.74,24.6,26.52,22.03,9.09,5.67,6.1,4.28,9.61,10.43,11.11,10.94,5.56,8.07,5.56,6.39,6.08,4.51,5.56,8.91,11.32,15.62
2015-01-08,000059,9.55,9.8,10.07,9.41,156499,153007105.0,6.92,2.73,0.26,1.3,26.46,25.93,23.8,25.72,21.25,8.4,4.99,5.42,3.61,3.08,9.65,10.27,11.08,10.91,5.2,2.76,3.57,3.27,1.73,2.76,6.02,8.37,12.55,18.78
2015-01-09,000059,9.9,9.9,10.31,9.82,178377,179880195.0,5.0,1.02,0.1,1.49,20.67,18.64,20.47,16.19,3.87,0.61,1.02,-0.71,-1.22,2.55,9.66,10.12,11.02,10.89,1.72,2.53,2.22,0.71,1.72,4.95,7.27,11.41,17.58,17.27
2015-01-12,000059,9.88,9.67,10.07,9.44,119065,114581482.0,6.36,-2.32,-0.23,0.99,23.41,25.32,20.87,8.05,4.66,5.08,3.28,2.75,6.67,9.22,9.71,9.93,10.93,10.86,4.96,4.65,3.1,4.14,7.45,9.82,14.06,20.37,20.06,19.34
2015-01-13,000059,9.66,9.84,10.15,9.59,141178,139687349.0,5.79,1.76,0.17,1.18,23.36,18.98,6.36,3.02,3.44,1.67,1.15,5.01,7.51,5.01,9.75,9.76,10.85,10.85,2.85,1.32,2.34,5.59,7.93,12.09,18.29,17.99,17.28,18.39
2015-01-14,000059,9.84,9.85,10.12,9.8,122035,120637249.0,3.25,0.1,0.01,1.02,16.43,4.08,0.82,1.22,-0.51,-1.02,2.76,5.2,2.76,3.57,9.81,9.71,10.73,10.84,1.22,2.23,5.48,7.82,11.98,18.17,17.87,17.16,18.27,17.06
2015-01-15,000059,9.85,9.88,9.97,9.75,110769,108811687.0,2.23,0.3,0.03,0.92,4.62,1.33,1.74,0.0,-0.51,3.28,5.74,3.28,4.1,3.79,9.83,9.74,10.61,10.82,1.92,5.16,7.49,11.64,17.81,17.51,16.8,17.91,16.7,13.56
2015-01-16,000059,9.89,10.07,10.07,9.8,144781,143871584.0,2.73,1.92,0.19,1.21,0.82,1.22,-0.51,-1.02,2.76,5.2,2.76,3.57,3.27,1.73,9.86,9.76,10.5,10.81,3.18,5.46,9.53,15.59,15.29,14.6,15.69,14.5,11.42,9.63
2015-01-19,000059,10.0,10.1,10.39,9.7,184515,187157635.0,6.85,0.3,0.03,1.54,2.27,0.52,0.0,3.81,6.29,3.81,4.64,4.33,2.78,3.81,9.95,9.83,10.37,10.8,5.15,9.21,15.25,14.95,14.26,15.35,14.16,11.09,9.31,11.39
2015-01-20,000059,10.24,10.58,10.62,10.11,192495,200775775.0,5.05,4.75,0.48,1.6,-3.56,-4.06,-0.4,1.98,-0.4,0.4,0.1,-1.38,-0.4,2.77,10.1,9.92,10.27,10.78,4.25,10.02,9.74,9.07,10.11,8.98,6.05,4.35,6.33,7.75
2015-01-21,000059,10.63,10.77,11.03,10.59,198682,214416237.0,4.16,1.8,0.19,1.65,-8.4,-4.91,-2.64,-4.91,-4.15,-4.44,-5.85,-4.91,-1.89,0.28,10.28,10.05,10.24,10.76,8.08,7.8,7.15,8.17,7.06,4.18,2.51,4.46,5.85,13.09
2015-01-22,000059,10.75,11.33,11.64,10.58,284463,314630416.0,9.84,5.2,0.56,2.37,-4.82,-2.55,-4.82,-4.06,-4.35,-5.77,-4.82,-1.8,0.38,4.25,10.57,10.2,10.24,10.78,2.47,1.85,2.82,1.77,-0.97,-2.56,-0.71,0.62,7.5,-0.79
2015-01-23,000059,11.35,11.04,11.61,10.94,219859,247406282.0,5.91,-2.56,-0.29,1.83,-5.76,-7.95,-7.22,-7.5,-8.87,-7.95,-5.03,-2.93,0.82,6.4,10.76,10.31,10.22,10.78,4.53,5.53,4.44,1.63,0.0,1.9,3.26,10.33,1.81,-11.32
2015-01-26,000059,11.04,11.4,11.54,11.02,284623,321184288.0,4.71,3.26,0.36,2.37,-8.62,-7.89,-8.17,-9.53,-8.62,-5.72,-3.63,0.09,5.63,5.35,11.02,10.49,10.21,10.78,2.19,1.14,-1.58,-3.16,-1.32,0.0,6.84,-1.4,-14.12,-19.65
2015-01-27,000059,11.38,11.5,11.65,11.15,157489,179353126.0,4.39,0.88,0.1,1.31,-8.97,-9.24,-10.58,-9.69,-6.82,-4.75,-1.08,4.39,4.13,3.5,11.21,10.65,10.21,10.78,0.26,-2.43,-4.0,-2.17,-0.87,5.91,-2.26,-14.87,-20.35,-24.35
2015-01-28,000059,11.5,11.32,11.53,11.18,103101,116634588.0,3.04,-1.57,-0.18,0.86,-9.48,-10.82,-9.93,-7.07,-5.01,-1.34,4.11,3.85,3.22,4.2,11.32,10.8,10.26,10.76,-0.88,-2.47,-0.62,0.71,7.6,-0.71,-13.52,-19.08,-23.14,-24.56
2015-01-29,000059,11.2,10.95,11.22,10.93,109676,121314463.0,2.56,-3.27,-0.37,0.91,-8.78,-7.87,-4.94,-2.84,0.91,6.5,6.22,5.58,6.59,5.49,11.24,10.91,10.32,10.71,0.82,2.74,4.11,11.23,2.65,-10.59,-16.35,-20.55,-22.01,-20.09
2015-01-30,000059,10.89,10.84,11.04,10.76,92530,100389396.0,2.56,-1.0,-0.11,0.77,-6.41,-3.44,-1.3,2.51,8.18,7.9,7.25,8.27,7.16,4.28,11.2,10.98,10.37,10.66,3.78,5.17,12.36,3.69,-9.69,-15.5,-19.74,-21.22,-19.28,-16.79
2015-02-02,000059,10.61,11.03,11.25,10.54,95352,105017475.0,6.55,1.75,0.19,0.79,-1.42,0.76,4.65,10.44,10.15,9.49,10.53,9.39,6.45,4.74,11.13,11.08,10.45,10.61,3.35,10.43,1.9,-11.24,-16.95,-21.12,-22.57,-20.67,-18.22,-18.86
2015-02-03,000059,11.05,11.07,11.4,11.0,100212,111606847.0,3.63,0.36,0.04,0.83,-3.45,0.27,5.82,5.55,4.91,5.91,4.82,2.0,0.36,2.27,11.04,11.13,10.52,10.56,10.03,1.54,-11.56,-17.25,-21.41,-22.85,-20.96,-18.52,-19.15,-20.14
2015-02-04,000059,11.61,11.11,12.18,11.05,372574,429973776.0,10.21,0.36,0.04,3.1,-0.18,5.34,5.07,4.43,5.43,4.34,1.54,-0.09,1.81,3.17,11.0,11.16,10.6,10.54,1.17,-11.88,-17.55,-21.69,-23.13,-21.24,-18.81,-19.44,-20.43,-16.65
2015-02-05,000059,11.24,10.0,11.24,10.0,563242,580785920.0,11.16,-9.99,-1.11,4.69,16.4,16.1,15.4,16.5,15.3,12.2,10.4,12.5,14.0,21.8,10.81,11.03,10.61,10.5,-2.1,-8.4,-13.0,-14.6,-12.5,-9.8,-10.5,-11.6,-7.4,-7.6
2015-02-06,000059,9.0,9.47,9.79,9.0,622199,569883808.0,7.9,-5.3,-0.53,5.18,29.0,28.22,29.44,28.11,24.67,22.67,25.0,26.67,35.33,24.89,10.54,10.87,10.59,10.44,-3.27,-8.13,-9.82,-7.6,-4.75,-5.49,-6.65,-2.22,-2.43,-0.84
2015-02-09,000059,9.1,8.55,9.16,8.52,441680,384491616.0,6.76,-9.71,-0.92,3.68,35.45,36.74,35.33,31.69,29.58,32.04,33.8,42.96,31.92,14.91,10.04,10.58,10.54,10.33,1.75,-0.12,2.34,5.5,4.68,3.39,8.3,8.07,9.82,7.95
2015-02-10,000059,8.44,8.43,8.7,8.2,400265,336746736.0,5.85,-1.4,-0.12,3.33,42.07,40.61,36.83,34.63,37.2,39.02,48.54,37.07,19.39,11.71,9.51,10.28,10.46,10.23,1.3,3.8,7.0,6.17,4.86,9.85,9.61,11.39,9.49,11.39
2015-02-11,000059,8.51,8.25,8.54,8.19,315543,262459800.0,4.15,-2.14,-0.18,2.63,40.78,37.0,34.8,37.36,39.19,48.72,37.24,19.54,11.84,6.23,8.94,9.97,10.38,10.16,6.06,9.33,8.48,7.15,12.24,12.0,13.82,11.88,13.82,12.36
2015-02-12,000059,8.3,8.62,8.75,8.26,378229,322438544.0,5.94,4.48,0.37,3.15,35.84,33.66,36.2,38.01,47.46,36.08,18.52,10.9,5.33,3.39,8.66,9.74,10.32,10.13,4.64,3.83,2.55,7.42,7.19,8.93,7.08,8.93,7.54,7.31
2015-02-13,000059,8.62,8.73,9.02,8.53,341504,300536720.0,5.68,1.28,0.11,2.84,29.43,31.89,33.65,42.79,31.77,14.77,7.39,1.99,0.12,2.58,8.52,9.53,10.25,10.09,2.52,1.26,6.07,5.84,7.56,5.73,7.56,6.19,5.96,4.81
2015-02-16,000059,8.76,8.83,8.95,8.75,227666,201161608.0,2.29,1.15,0.1,1.9,28.57,30.29,39.2,28.46,11.89,4.69,-0.57,-2.4,0.0,3.09,8.57,9.31,10.19,10.07,0.11,4.87,4.64,6.34,4.53,6.34,4.98,4.76,3.62,1.36
2015-02-17,000059,8.84,8.78,8.84,8.54,233074,201953904.0,3.4,-0.57,-0.05,1.94,33.49,42.62,31.62,14.64,7.26,1.87,0.0,2.46,5.62,4.8,8.64,9.08,10.1,10.04,5.47,5.24,6.95,5.13,6.95,5.58,5.35,4.21,1.94,10.82
2015-02-25,000059,8.77,9.25,9.26,8.72,292255,262621091.0,6.15,5.35,0.47,2.43,39.68,28.9,12.27,5.05,-0.23,-2.06,0.34,3.44,2.64,1.38,8.84,8.89,10.03,10.03,-0.11,1.51,-0.22,1.51,0.22,0.0,-1.08,-3.24,5.19,1.41
2015-02-26,000059,9.24,9.2,9.24,9.0,234196,213911567.0,2.59,-0.54,-0.05,1.95,24.89,8.78,1.78,-3.33,-5.11,-2.78,0.22,-0.56,-1.78,2.89,8.96,8.81,9.92,10.01,2.07,0.33,2.07,0.76,0.54,-0.54,-2.72,5.76,1.96,0.54
2015-02-27,000059,9.28,9.17,9.39,9.12,212627,195857515.0,2.93,-0.33,-0.03,1.77,7.35,0.44,-4.61,-6.36,-4.06,-1.1,-1.86,-3.07,1.54,1.32,9.05,8.78,9.83,9.99,0.65,2.4,1.09,0.87,-0.22,-2.4,6.11,2.29,0.87,-0.76
2015-03-02,000059,9.18,9.18,9.23,9.04,252488,230946071.0,2.07,0.11,0.01,2.1,1.33,-3.76,-5.53,-3.21,-0.22,-1.0,-2.21,2.43,2.21,3.87,9.12,8.84,9.71,9.97,2.29,0.98,0.76,-0.33,-2.51,5.99,2.18,0.76,-0.87,0.44
2015-03-03,000059,9.18,9.2,9.39,9.14,308522,284677040.0,2.72,0.22,0.02,2.57,-4.81,-6.56,-4.27,-1.31,-2.08,-3.28,1.31,1.09,2.74,0.98,9.2,8.92,9.6,9.95,0.76,0.54,-0.54,-2.72,5.76,1.96,0.54,-1.09,0.22,3.04
2015-03-04,000059,9.21,9.19,9.27,9.08,190624,174226586.0,2.07,-0.11,-0.01,1.59,-5.95,-3.63,-0.66,-1.43,-2.64,1.98,1.76,3.41,1.65,3.41,9.19,9.02,9.49,9.93,0.65,-0.44,-2.61,5.88,2.07,0.65,-0.98,0.33,3.16,5.33
2015-03-05,000059,9.22,9.13,9.25,9.1,168840,154382732.0,1.63,-0.65,-0.06,1.41,-3.85,-0.88,-1.65,-2.86,1.76,1.54,3.19,1.43,3.19,1.87,9.17,9.07,9.4,9.9,0.22,-1.97,6.57,2.74,1.31,-0.33,0.99,3.83,6.02,12.92
2015-03-06,000059,9.14,8.95,9.15,8.93,158236,142280699.0,2.41,-1.97,-0.18,1.32,1.01,0.22,-1.01,3.7,3.47,5.15,3.36,5.15,3.81,3.58,9.13,9.09,9.31,9.87,0.0,8.72,4.8,3.35,1.68,3.02,5.92,8.16,15.2,14.3
2015-03-09,000059,8.94,8.87,8.95,8.55,161147,140904704.0,4.47,-0.89,-0.08,1.34,4.68,3.39,8.3,8.07,9.82,7.95,9.82,8.42,8.19,7.02,9.07,9.09,9.2,9.82,9.7,5.75,4.28,2.59,3.95,6.88,9.13,16.23,15.33,16.12
2015-03-10,000059,8.87,9.34,9.73,8.8,415308,384437424.0,10.48,5.3,0.47,3.46,0.45,5.23,5.0,6.7,4.89,6.7,5.34,5.11,3.98,1.7,9.1,9.15,9.11,9.78,0.43,-0.96,-2.57,-1.28,1.5,3.64,10.39,9.53,10.28,9.21
2015-03-11,000059,9.34,9.21,9.38,9.12,252779,233803187.0,2.78,-1.39,-0.13,2.11,1.54,1.32,2.96,1.21,2.96,1.64,1.43,0.33,-1.86,6.69,9.1,9.14,9.02,9.73,0.43,-1.19,0.11,2.93,5.1,11.94,11.07,11.83,10.75,8.03
2015-03-12,000059,9.22,9.02,9.25,8.95,227650,206620207.0,3.26,-2.06,-0.19,1.9,3.24,4.92,3.13,4.92,3.58,3.35,2.23,0.0,8.72,4.8,9.08,9.13,8.97,9.65,0.89,2.22,5.1,7.32,14.3,13.41,14.19,13.08,10.31,14.08
2015-03-13,000059,9.03,9.07,9.1,8.9,167256,150898968.0,2.22,0.55,0.05,1.39,5.51,3.71,5.51,4.16,3.93,2.81,0.56,9.33,5.39,3.93,9.1,9.12,8.95,9.59,1.65,4.52,6.73,13.67,12.79,13.56,12.46,9.7,13.45,13.23
2015-03-16,000059,9.1,9.18,9.22,9.04,279526,255411523.0,1.98,1.21,0.11,2.33,2.1,3.87,2.54,2.32,1.22,-1.0,7.63,3.76,2.32,0.66,9.16,9.12,8.98,9.51,3.27,5.45,12.31,11.44,12.2,11.11,8.39,12.09,11.87,9.48
2015-03-17,000059,9.19,9.35,9.48,9.17,462610,430681424.0,3.38,1.85,0.17,3.85,2.4,1.09,0.87,-0.22,-2.4,6.11,2.29,0.87,-0.76,0.55,9.17,9.13,9.03,9.44,3.53,10.27,9.41,10.16,9.09,6.42,10.05,9.84,7.49,8.02
2015-03-18,000059,9.4,9.59,9.68,9.28,492183,466150896.0,4.28,2.57,0.24,4.1,-0.11,-0.32,-1.4,-3.56,4.85,1.08,-0.32,-1.94,-0.65,2.16,9.24,9.17,9.09,9.39,7.51,6.67,7.4,6.36,3.75,7.3,7.09,4.8,5.32,8.86
2015-03-19,000059,9.61,10.15,10.31,9.47,802942,798894688.0,8.76,5.84,0.56,6.69,-2.32,-3.38,-5.49,2.75,-0.95,-2.32,-3.91,-2.64,0.11,2.22,9.47,9.27,9.17,9.36,0.79,1.48,0.49,-1.97,1.38,1.18,-0.99,-0.49,2.86,6.9
2015-03-20,000059,10.09,10.02,10.23,9.9,434840,436501376.0,3.25,-1.28,-0.13,3.62,-7.58,-9.6,-1.72,-5.25,-6.57,-8.08,-6.87,-4.24,-2.22,4.14,9.66,9.38,9.23,9.33,2.79,1.8,-0.7,2.69,2.5,0.3,0.8,4.19,8.28,7.68
2015-03-23,000059,10.03,10.22,10.3,9.87,490634,493474752.0,4.29,2.0,0.2,4.09,-9.32,-1.42,-4.96,-6.28,-7.8,-6.59,-3.95,-1.93,4.46,3.65,9.87,9.52,9.3,9.3,-0.2,-2.64,0.68,0.49,-1.66,-1.17,2.15,6.16,5.58,7.53
2015-03-24,000059,10.2,9.96,10.2,9.59,432180,430423520.0,5.97,-2.54,-0.26,3.6,1.46,-2.19,-3.55,-5.11,-3.86,-1.15,0.94,7.51,6.67,7.4,9.99,9.58,9.36,9.27,-0.1,3.31,3.11,0.9,1.41,4.82,8.94,8.33,10.34,9.44
2015-03-25,000059,9.95,9.8,9.95,9.66,301218,294708656.0,2.91,-1.61,-0.16,2.51,-2.9,-4.24,-5.8,-4.55,-1.86,0.21,6.73,5.9,6.63,5.59,10.03,9.64,9.39,9.22,5.0,4.8,2.55,3.06,6.53,10.71,10.1,12.14,11.22,6.94
2015-03-26,000059,9.75,10.08,10.29,9.68,536838,536324848.0,6.22,2.86,0.28,4.47,-4.44,-5.99,-4.75,-2.07,0.0,6.51,5.68,6.4,5.37,2.79,10.02,9.74,9.43,9.23,1.88,-0.3,0.2,3.57,7.64,7.04,9.03,8.13,3.97,1.49
2015-03-27,000059,10.1,9.99,10.27,9.94,430420,433033472.0,3.27,-0.89,-0.09,3.59,-8.45,-7.24,-4.63,-2.62,3.72,2.92,3.62,2.62,0.1,3.52,10.01,9.83,9.48,9.24,0.6,1.1,4.5,8.61,8.01,10.01,9.11,4.9,2.4,6.91
2015-03-30,000059,9.99,9.99,10.05,9.82,434465,430896848.0,2.3,0.0,0.0,3.62,-6.11,-3.46,-1.43,4.99,4.18,4.89,3.87,1.32,4.79,4.58,9.96,9.92,9.52,9.29,1.1,4.5,8.61,8.01,10.01,9.11,4.9,2.4,6.91,-0.2
2015-03-31,000059,10.0,10.01,10.1,9.92,486077,486932256.0,1.8,0.2,0.02,4.05,-4.44,-2.42,3.93,3.12,3.83,2.82,0.3,3.73,3.53,1.31,9.97,9.98,9.56,9.34,4.3,8.39,7.79,9.79,8.89,4.7,2.2,6.69,-0.4,-5.39
2015-04-01,000059,10.05,10.43,10.44,10.05,633149,646797232.0,3.9,4.2,0.42,5.27,-3.68,2.59,1.79,2.49,1.49,-1.0,2.39,2.19,0.0,0.5,10.1,10.07,9.62,9.42,4.03,3.45,5.37,4.51,0.48,-1.92,2.4,-4.41,-9.2,-4.7
2015-04-02,000059,10.42,10.75,10.85,10.32,715307,762731968.0,5.08,3.07,0.32,5.96,-0.1,-0.87,-0.19,-1.16,-3.59,-0.29,-0.48,-2.62,-2.13,1.16,10.23,10.13,9.7,9.49,0.37,2.23,1.4,-2.51,-4.84,-0.65,-7.26,-11.91,-7.53,-4.19
2015-04-03,000059,10.72,10.71,10.79,10.45,537243,569298592.0,3.16,-0.37,-0.04,4.48,-2.11,-1.44,-2.39,-4.78,-1.53,-1.72,-3.83,-3.35,-0.1,3.83,10.38,10.19,9.79,9.55,2.61,1.77,-2.15,-4.48,-0.28,-6.91,-11.58,-7.19,-3.83,-1.59
2015-04-07,000059,10.78,10.83,10.99,10.72,585763,633737520.0,2.52,1.12,0.12,4.88,-3.92,-4.85,-7.18,-4.01,-4.2,-6.25,-5.78,-2.61,1.21,0.65,10.55,10.26,9.89,9.62,0.65,-3.23,-5.54,-1.39,-7.94,-12.56,-8.22,-4.89,-2.68,2.12
2015-04-08,000059,10.85,10.48,10.9,10.34,478225,506066320.0,5.17,-3.23,-0.35,3.98,-1.35,-3.77,-0.48,-0.68,-2.8,-2.32,0.97,4.93,4.35,6.29,10.64,10.31,9.94,9.68,0.0,-2.39,1.91,-4.87,-9.64,-5.15,-1.72,0.57,5.53,5.63
2015-04-09,000059,10.48,10.09,10.48,9.87,426243,430348128.0,5.82,-3.72,-0.39,3.55,0.81,4.26,4.05,1.82,2.33,5.78,9.93,9.32,11.35,10.44,10.57,10.34,9.99,9.71,1.39,5.85,-1.19,-6.14,-1.49,2.08,4.46,9.61,9.71,11.79
2015-04-10,000059,10.0,10.19,10.23,9.95,353522,358557360.0,2.78,0.99,0.1,2.94,3.42,3.22,1.01,1.51,4.92,9.05,8.44,10.45,9.55,5.33,10.46,10.35,10.04,9.74,4.81,-2.16,-7.07,-2.45,1.08,3.43,8.54,8.64,10.7,16.09
2015-04-13,000059,10.2,10.49,10.68,10.11,524784,547472544.0,5.59,2.94,0.3,4.37,1.58,-0.59,-0.1,3.26,7.32,6.73,8.7,7.81,3.66,1.19,10.42,10.4,10.12,9.78,-4.96,-9.72,-5.24,-1.81,0.48,5.43,5.53,7.53,12.77,9.34
2015-04-15,000059,9.97,9.97,9.97,9.97,58492,58316524.0,0.0,-4.96,-0.52,0.49,0.8,1.3,4.71,8.83,8.22,10.23,9.33,5.12,2.61,7.12,10.24,10.4,10.16,9.81,-5.02,-0.3,3.31,5.72,10.93,11.03,13.14,18.66,15.05,12.24
2015-04-16,000059,9.47,9.47,9.47,9.47,57762,54700614.0,0.0,-5.02,-0.5,0.48,6.65,10.24,14.57,13.94,16.05,15.1,10.67,8.03,12.78,5.28,10.04,10.34,10.16,9.82,4.96,8.76,11.3,16.79,16.9,19.11,24.92,21.12,18.16,17.95
2015-04-17,000059,9.15,9.94,9.94,9.13,904527,872153008.0,8.55,4.96,0.47,7.53,14.35,18.84,18.18,20.37,19.39,14.79,12.05,16.98,9.2,3.72,10.01,10.29,10.18,9.84,3.62,6.04,11.27,11.37,13.48,19.01,15.39,12.58,12.37,10.66
2015-04-20,000059,9.75,10.04,10.3,9.75,653318,654963888.0,5.53,1.01,0.1,5.44,11.28,10.67,12.72,11.79,7.49,4.92,9.54,2.26,-2.87,1.95,9.98,10.22,10.17,9.87,4.98,10.16,10.26,12.35,17.83,14.24,11.45,11.25,9.56,9.06
2015-04-21,000059,10.14,10.54,10.54,9.92,579774,592287680.0,6.18,4.98,0.5,4.83,8.77,10.79,9.88,5.65,3.12,7.66,0.5,-4.54,0.2,3.83,9.99,10.2,10.2,9.93,4.93,5.03,7.02,12.24,8.82,6.17,5.98,4.36,3.89,-1.42
2015-04-22,000059,10.7,10.76,11.06,10.7,554831,601953456.0,3.42,2.09,0.22,4.62,2.71,1.87,-2.06,-4.39,-0.19,-6.82,-11.5,-7.1,-3.74,-1.5,10.15,10.2,10.23,9.99,2.88,4.83,9.94,6.6,4.0,3.81,2.23,1.77,-3.44,-7.43
2015-04-23,000059,10.77,10.74,11.07,10.61,484417,525815232.0,4.28,-0.19,-0.02,4.04,2.73,-1.23,-3.58,0.66,-6.03,-10.74,-6.31,-2.92,-0.66,4.24,10.4,10.22,10.27,10.04,5.03,10.15,6.8,4.19,4.0,2.42,1.96,-3.26,-7.26,-7.64
2015-04-24,000059,10.65,11.27,11.28,10.56,647496,715045728.0,6.7,4.93,0.53,5.39,-0.76,-3.12,1.14,-5.59,-10.32,-5.87,-2.46,-0.19,4.73,4.83,10.67,10.34,10.34,10.1,4.97,1.77,-0.71,-0.89,-2.4,-2.84,-7.81,-11.62,-11.98,-7.9
2015-04-27,000059,11.4,11.51,11.83,11.27,650937,747951616.0,4.97,2.13,0.24,5.42,-9.23,-5.24,-11.54,-15.97,-11.8,-8.61,-6.48,-1.86,-1.77,0.09,10.96,10.47,10.41,10.19,-0.35,-2.78,-2.95,-4.43,-4.87,-9.73,-13.47,-13.81,-9.82,-10.51
2015-04-28,000059,11.38,10.93,11.47,10.93,497011,550168416.0,4.69,-5.04,-0.58,4.14,-2.29,-8.78,-13.36,-9.06,-5.76,-3.57,1.19,1.28,3.2,8.23,11.04,10.52,10.46,10.25,2.38,2.2,0.64,0.18,-4.94,-8.87,-9.24,-5.03,-5.76,-6.68
2015-04-29,000059,10.9,10.99,11.19,10.65,411585,448283280.0,4.94,0.55,0.06,3.43,-6.38,-11.08,-6.67,-3.29,-1.03,3.85,3.94,5.92,11.08,7.7,11.09,10.62,10.51,10.31,1.64,0.09,-0.36,-5.46,-9.37,-9.74,-5.55,-6.28,-7.19,-4.64
2015-04-30,000059,10.93,10.82,11.17,10.8,283466,310555200.0,3.37,-1.55,-0.17,2.36,-12.31,-7.96,-4.63,-2.41,2.41,2.5,4.44,9.54,6.2,3.61,11.1,10.75,10.55,10.36,1.66,1.2,-3.97,-7.95,-8.32,-4.07,-4.81,-5.73,-3.14,-3.14
2015-05-04,000059,10.85,10.82,11.0,10.77,265984,289639200.0,2.13,0.0,0.0,2.22,-7.71,-4.36,-2.14,2.69,2.79,4.74,9.84,6.5,3.9,3.71,11.01,10.84,10.57,10.4,1.2,-3.97,-7.95,-8.32,-4.07,-4.81,-5.73,-3.14,-3.14,-4.62
2015-05-05,000059,10.86,10.28,10.95,10.28,339769,357144112.0,6.19,-4.99,-0.54,2.83,0.19,2.53,7.59,7.68,9.73,15.08,11.58,8.85,8.66,7.0,10.77,10.87,10.54,10.4,1.07,-3.11,-3.5,0.97,0.19,-0.78,1.95,1.95,0.39,1.85
2015-05-06,000059,10.28,10.0,10.39,9.9,291138,295439264.0,4.77,-2.72,-0.28,2.43,6.46,11.72,11.82,13.94,19.49,15.86,13.03,12.83,11.11,10.61,10.58,10.81,10.51,10.4,-0.4,-0.8,3.8,3.0,2.0,4.8,4.8,3.2,4.7,7.8
2015-05-07,000059,9.96,9.5,9.96,9.5,288626,277153088.0,4.6,-5.0,-0.5,2.4,16.42,16.53,18.74,24.53,20.74,17.79,17.58,15.79,15.26,9.37,10.28,10.69,10.44,10.38,4.42,9.26,8.42,7.37,10.32,10.32,8.63,10.21,13.47,17.05
2015-05-08,000059,9.63,9.92,9.92,9.52,252006,243569500.0,4.21,4.42,0.42,2.1,16.28,18.49,24.26,20.48,17.54,17.33,15.55,15.02,9.14,4.62,10.1,10.6,10.41,10.38,4.64,3.83,2.82,5.65,5.65,4.03,5.54,8.67,12.1,17.74
2015-05-11,000059,9.98,10.24,10.38,9.95,290134,295424128.0,4.33,3.23,0.32,2.42,13.37,18.89,15.28,12.46,12.26,10.55,10.05,4.42,0.1,-0.3,9.99,10.5,10.42,10.39,0.59,-0.39,2.34,2.34,0.78,2.25,5.27,8.59,14.06,19.73
2015-05-12,000059,10.29,10.21,10.3,10.1,240215,244994638.0,1.95,-0.29,-0.03,2.0,17.13,13.56,10.79,10.59,8.91,8.42,2.87,-1.39,-1.78,2.77,9.97,10.37,10.42,10.4,-0.1,2.64,2.64,1.08,2.55,5.58,8.91,14.4,20.08,26.05
2015-05-13,000059,10.2,10.06,10.2,10.0,262222,264392152.0,1.96,-1.47,-0.15,2.18,14.7,11.9,11.7,10.0,9.5,3.9,-0.4,-0.8,3.8,3.0,9.99,10.28,10.4,10.4,4.17,4.17,2.58,4.08,7.16,10.54,16.1,21.87,27.93,34.29
2015-05-14,000059,10.06,10.33,10.48,10.01,331788,340289072.0,4.67,2.68,0.27,2.76,11.79,11.59,9.89,9.39,3.8,-0.5,-0.9,3.7,2.9,1.9,10.15,10.22,10.42,10.41,1.45,-0.1,1.36,4.36,7.65,13.07,18.68,24.59,30.78,37.37
2015-05-15,000059,10.34,10.21,10.48,10.15,244475,251487271.0,3.19,-1.16,-0.12,2.04,10.05,8.37,7.88,2.36,-1.87,-2.27,2.27,1.48,0.49,3.25,10.21,10.16,10.46,10.42,1.08,2.55,5.58,8.91,14.4,20.08,26.05,32.32,38.98,25.37
2015-05-18,000059,10.1,10.15,10.32,10.01,210515,214697719.0,3.04,-0.59,-0.06,1.75,9.89,9.39,3.8,-0.5,-0.9,3.7,2.9,1.9,4.7,4.7,10.19,10.09,10.47,10.41,3.15,6.21,9.56,15.07,20.79,26.8,33.1,39.8,26.11,26.21
2015-05-19,000059,10.15,10.41,10.47,10.1,295228,304220720.0,3.65,2.56,0.26,2.46,8.42,2.87,-1.39,-1.78,2.77,1.98,0.99,3.76,3.76,2.18,10.23,10.1,10.48,10.4,3.55,6.82,12.2,17.77,23.63,29.78,36.31,22.96,23.05,28.82
2015-05-20,000059,10.55,10.59,10.78,10.46,399113,422335840.0,3.07,1.73,0.18,3.32,-0.67,-4.78,-5.16,-0.76,-1.53,-2.49,0.19,0.19,-1.34,0.1,10.34,10.16,10.49,10.39,5.0,10.29,15.77,21.53,27.57,33.99,20.87,20.96,26.63,24.74
2015-05-21,000059,10.68,11.12,11.12,10.68,128861,141904402.0,4.15,5.0,0.53,1.07,-6.74,-7.12,-2.81,-3.56,-4.49,-1.87,-1.87,-3.37,-1.97,0.94,10.5,10.32,10.51,10.4,5.04,10.25,15.74,21.49,27.61,15.11,15.2,20.59,18.79,12.14
2015-05-22,000059,11.68,11.68,11.68,11.68,36408,42524637.0,0.0,5.04,0.56,0.3,-15.07,-11.13,-11.82,-12.67,-10.27,-10.27,-11.64,-10.36,-7.71,-4.79,10.79,10.5,10.55,10.44,4.97,10.19,15.67,21.49,9.59,9.67,14.81,13.1,6.76,9.5
2015-05-25,000059,12.26,12.26,12.26,12.26,27437,33637823.0,0.0,4.97,0.58,0.23,-15.33,-15.99,-16.8,-14.52,-14.52,-15.82,-14.6,-12.07,-9.3,-4.73,11.21,10.7,10.6,10.51,4.98,10.2,15.74,4.4,4.49,9.38,7.75,1.71,4.32,9.54
2015-05-26,000059,12.87,12.87,12.87,12.87,43008,55351347.0,0.0,4.98,0.61,0.36,-19.97,-20.75,-18.57,-18.57,-19.81,-18.65,-16.24,-13.6,-9.25,-4.74,11.7,10.97,10.67,10.6,4.97,10.26,-0.54,-0.47,4.2,2.64,-3.11,-0.62,4.35,1.71
2015-05-27,000059,13.51,13.51,13.51,13.51,17177,23205708.0,0.0,4.97,0.64,0.14,-24.5,-22.43,-22.43,-23.61,-22.5,-20.21,-17.69,-13.55,-9.25,-4.74,12.29,11.31,10.8,10.7,5.03,-5.26,-5.18,-0.74,-2.22,-7.7,-5.33,-0.59,-3.11,0.81
2015-05-28,000059,14.19,12.83,14.19,12.83,1154273,1531804208.0,10.07,-5.03,-0.68,9.61,-18.32,-18.32,-19.56,-18.39,-15.98,-13.33,-8.96,-4.44,0.31,5.3,12.63,11.56,10.89,10.8,-0.23,-0.16,4.52,2.96,-2.81,-0.31,4.68,2.03,6.16,7.48
2015-05-29,000059,12.58,12.2,12.8,12.19,580110,716738016.0,4.75,-4.91,-0.63,4.83,-14.03,-15.34,-14.11,-11.57,-8.78,-4.18,0.57,5.58,10.83,16.41,12.73,11.76,10.96,10.89,5.0,9.92,8.28,2.21,4.84,10.08,7.3,11.64,13.03,13.85
2015-06-01,000059,12.22,12.81,12.81,12.22,254005,317559728.0,4.84,5.0,0.61,2.12,-15.55,-14.32,-11.78,-9.0,-4.42,0.33,5.32,10.56,16.12,4.75,12.84,12.03,11.06,10.99,4.68,3.12,-2.65,-0.16,4.84,2.19,6.32,7.65,8.43,11.63
2015-06-02,000059,13.4,13.1,13.41,12.81,518038,681900432.0,4.68,2.26,0.29,4.32,-18.27,-15.85,-13.19,-8.82,-4.29,0.47,5.46,10.77,-0.08,0.0,12.89,12.3,11.2,11.09,0.84,-4.81,-2.37,2.52,-0.08,3.97,5.27,6.03,9.16,3.05
2015-06-03,000059,13.2,12.47,13.21,12.45,481430,607963440.0,5.8,-4.81,-0.63,4.01,-13.41,-10.68,-6.18,-1.53,3.37,8.51,13.98,2.81,2.89,7.71,12.68,12.49,11.32,11.15,0.0,2.57,7.7,4.97,9.22,10.59,11.39,14.68,8.26,3.21
2015-06-04,000059,12.47,12.18,12.47,11.85,439446,526942832.0,4.97,-2.33,-0.29,3.66,-6.16,-1.43,3.46,8.61,14.01,19.75,8.02,8.1,13.16,11.48,12.55,12.59,11.46,11.2,5.01,10.26,7.47,11.82,13.22,14.04,17.41,10.84,5.67,7.55
2015-06-05,000059,12.55,12.79,12.79,12.46,564692,716522096.0,2.71,5.01,0.61,4.7,-6.26,-1.61,3.29,8.43,13.88,2.73,2.81,7.62,6.02,0.08,12.67,12.7,11.6,11.27,5.0,2.35,6.49,7.82,8.6,11.81,5.55,0.63,2.42,-6.33
2015-06-08,000059,12.98,13.19,13.43,12.58,535583,696871296.0,6.65,3.13,0.4,4.46,-2.54,2.31,7.39,12.8,1.75,1.83,6.6,5.01,-0.87,1.67,12.75,12.8,11.75,11.33,-0.76,3.26,4.55,5.31,8.42,2.35,-2.43,-0.68,-9.17,-12.89
2015-06-09,000059,13.09,12.97,13.09,12.78,346873,447750048.0,2.35,-1.67,-0.22,2.89,0.7,5.71,11.03,0.16,0.23,4.93,3.36,-2.43,0.08,5.09,12.72,12.81,11.89,11.38,5.01,6.32,7.09,10.25,4.09,-0.77,1.0,-7.63,-11.41,-10.56
2015-06-10,000059,13.06,13.5,13.62,13.06,567765,767084608.0,4.32,4.09,0.53,4.73,3.45,8.65,-1.99,-1.91,2.68,1.15,-4.52,-2.07,2.83,0.23,12.93,12.8,12.06,11.47,2.15,2.89,5.93,0.0,-4.67,-2.96,-11.26,-14.89,-14.07,-11.85
2015-06-11,000059,13.31,13.46,13.79,13.2,471062,635614368.0,4.37,-0.3,-0.04,3.92,7.5,-3.03,-2.95,1.59,0.08,-5.53,-3.11,1.74,-0.83,3.18,13.18,12.87,12.22,11.55,3.19,6.24,0.3,-4.38,-2.67,-11.0,-14.64,-13.82,-11.59,-18.28
2015-06-12,000059,13.66,13.64,13.89,13.37,424616,579156176.0,3.86,1.34,0.18,3.54,-4.26,-4.19,0.3,-1.2,-6.73,-4.34,0.45,-2.09,1.87,3.14,13.35,13.01,12.39,11.64,4.84,-1.03,-5.65,-3.96,-12.17,-15.76,-14.96,-12.76,-19.35,-20.01
2015-06-15,000059,13.77,13.64,14.3,13.52,488099,680894288.0,5.72,0.0,0.0,4.07,-5.25,-0.81,-2.29,-7.77,-5.4,-0.67,-3.18,0.74,2.0,2.74,13.44,13.09,12.56,11.74,-1.03,-5.65,-3.96,-12.17,-15.76,-14.96,-12.76,-19.35,-20.01,-23.97
2015-06-16,000059,13.4,12.96,13.5,12.96,388299,509290624.0,3.96,-4.99,-0.68,3.23,3.47,1.93,-3.78,-1.31,3.63,1.0,5.09,6.4,7.18,10.34,13.44,13.08,12.69,11.83,-0.69,1.08,-7.56,-11.34,-10.49,-8.18,-15.12,-15.82,-19.98,-20.22
2015-06-17,000059,12.6,12.68,12.87,12.31,389666,486661264.0,4.32,-2.16,-0.28,3.25,7.31,1.3,3.9,9.1,6.34,10.64,12.02,12.84,16.17,9.67,13.28,13.1,12.79,11.92,3.31,-5.52,-9.38,-8.52,-6.15,-13.25,-13.96,-18.22,-18.45,-24.29
2015-06-18,000059,12.7,12.21,13.1,12.1,279008,353769888.0,7.89,-3.71,-0.47,2.32,3.06,5.7,10.99,8.18,12.56,13.97,14.79,18.18,11.57,6.36,13.03,13.1,12.85,12.01,-1.88,-5.9,-5.0,-2.54,-9.91,-10.65,-15.07,-15.32,-21.38,-27.68
2015-06-19,000059,11.97,11.6,11.98,11.6,261462,305382592.0,3.11,-5.0,-0.61,2.18,10.26,15.78,12.84,17.41,18.88,19.74,23.28,16.38,10.95,12.93,12.62,12.99,12.84,12.06,-0.95,0.0,2.59,-5.17,-5.95,-10.6,-10.86,-17.24,-23.88,-20.17
2015-06-23,000059,11.3,11.22,11.49,11.02,320843,357297712.0,4.05,-3.28,-0.38,2.67,21.87,18.78,23.59,25.14,26.04,29.76,22.5,16.79,18.87,8.71,12.13,12.79,12.79,12.1,3.39,6.06,-1.96,-2.76,-7.58,-7.84,-14.44,-21.3,-17.47,-28.97
2015-06-24,000059,11.36,11.47,11.6,11.12,336331,383241376.0,4.28,2.23,0.25,2.8,17.72,22.48,24.01,24.91,28.6,21.4,15.74,17.81,7.73,3.33,11.84,12.64,12.72,12.14,3.75,-4.1,-4.88,-9.59,-9.85,-16.3,-23.02,-19.27,-30.51,-34.0
2015-06-25,000059,11.52,11.3,11.9,11.02,341390,396279360.0,7.67,-1.48,-0.17,2.84,23.59,25.14,26.04,29.76,22.5,16.79,18.87,8.71,4.26,5.26,11.56,12.42,12.61,12.18,-2.65,-3.45,-8.23,-8.5,-15.04,-21.86,-18.05,-29.47,-33.01,-29.65
2015-06-26,000059,11.0,10.74,11.0,10.74,199980,216042148.0,2.3,-4.96,-0.56,1.67,28.4,29.33,33.15,25.7,19.83,21.97,11.55,6.98,8.01,10.8,11.27,12.15,12.51,12.19,1.58,-3.45,-3.72,-10.61,-17.78,-13.78,-25.79,-29.52,-25.98,-22.25
2015-06-29,000059,10.74,10.2,10.91,10.2,218541,226464404.0,6.61,-5.03,-0.54,1.82,36.18,40.2,32.35,26.18,28.43,17.45,12.65,13.73,16.67,7.84,10.99,11.8,12.41,12.19,1.67,1.37,-5.88,-13.43,-9.22,-21.86,-25.78,-22.06,-18.14,-14.02
2015-06-30,000059,9.72,10.29,10.37,9.69,397626,396014208.0,6.67,0.88,0.09,3.31,47.57,39.32,32.82,35.19,23.63,18.58,19.71,22.81,13.52,12.59,10.8,11.47,12.28,12.2,0.49,-6.71,-14.19,-10.01,-22.55,-26.43,-22.74,-18.85,-14.77,-11.76
2015-07-01,000059,10.2,9.78,10.34,9.78,299597,301586912.0,5.44,-4.96,-0.51,2.5,38.04,31.6,33.95,22.49,17.48,18.61,21.68,12.47,11.55,6.03,10.46,11.15,12.11,12.18,-1.84,-9.71,-5.32,-18.51,-22.6,-18.71,-14.62,-10.33,-7.16,-13.5
2015-07-02,000059,9.45,9.29,9.6,9.29,194236,180984160.0,3.17,-5.01,-0.49,1.62,38.54,41.01,28.96,23.68,24.87,28.09,18.41,17.44,11.63,11.3,10.06,10.81,11.96,12.13,-4.95,-0.32,-14.21,-18.51,-14.42,-10.12,-5.6,-2.26,-8.93,-11.3
2015-07-03,000059,8.83,8.83,8.83,8.83,59774,52780442.0,0.0,-4.95,-0.46,0.5,48.36,35.67,30.12,31.37,34.77,24.58,23.56,17.44,17.1,8.72,9.68,10.47,11.79,12.06,4.87,-9.74,-14.27,-9.97,-5.44,-0.68,2.83,-4.19,-6.68,-5.66
2015-07-06,000059,9.26,8.39,9.26,8.39,221015,190564035.0,9.85,-4.98,-0.44,1.84,42.79,36.95,38.26,41.84,31.11,30.04,23.6,23.24,14.42,5.24,9.32,10.15,11.57,11.95,-5.01,-9.77,-5.24,-0.48,4.53,8.22,0.83,-1.79,-0.72,3.58
2015-07-07,000059,7.97,7.97,7.97,7.97,9900,7890300.0,0.0,-5.01,-0.42,0.08,44.17,45.55,49.31,38.02,36.89,30.11,29.74,20.45,10.79,16.19,8.85,9.83,11.31,11.8,-5.02,-0.25,4.77,10.04,13.93,6.15,3.39,4.52,9.03,10.66
2015-07-08,000059,7.57,7.57,7.57,7.57,1965,1487505.0,0.0,-5.02,-0.4,0.02,53.24,57.2,45.31,44.12,36.99,36.59,26.82,16.64,22.32,5.28,8.41,9.44,11.04,11.63,5.02,10.3,15.85,19.95,11.76,8.85,10.04,14.8,16.51,16.64
2015-07-09,000059,7.19,7.95,7.95,7.19,984310,738736512.0,10.04,5.02,0.38,8.2,65.51,52.99,51.74,44.23,43.81,33.52,22.81,28.79,10.85,5.29,8.14,9.1,10.76,11.44,5.03,10.31,14.21,6.42,3.65,4.78,9.31,10.94,11.07,15.22
2015-07-10,000059,7.7,8.35,8.35,7.55,995159,814463056.0,10.06,5.03,0.4,8.29,45.7,44.5,37.35,36.95,27.15,16.95,22.65,5.56,0.26,5.3,8.05,8.86,10.5,11.29,5.03,8.74,1.32,-1.32,-0.24,4.07,5.63,5.75,9.7,15.21
2015-07-13,000059,8.65,8.77,8.77,8.25,738109,631868288.0,6.23,5.03,0.42,6.15,32.24,25.7,25.33,16.36,7.03,12.24,-3.39,-8.24,-3.64,1.21,8.12,8.72,10.26,11.18,3.53,-3.53,-6.04,-5.02,-0.91,0.57,0.68,4.45,9.69,7.64
2015-07-14,000059,8.76,8.58,9.08,8.45,606519,530872928.0,7.18,-2.17,-0.19,5.05,22.72,22.37,13.61,4.5,9.59,-5.68,-10.41,-5.92,-1.18,3.79,8.24,8.55,10.01,11.04,-1.4,-3.96,-2.91,1.28,2.8,2.91,6.76,12.12,10.02,2.8
2015-07-15,000059,8.31,8.15,8.46,8.15,199028,164086455.0,3.61,-5.01,-0.43,1.66,26.87,17.79,8.34,13.62,-2.21,-7.12,-2.45,2.45,7.61,11.41,8.36,8.39,9.77,10.87,1.1,2.21,6.63,8.22,8.34,12.39,18.04,15.83,8.22,6.5
2015-07-16,000059,7.74,7.93,8.24,7.74,342471,271779648.0,6.13,-2.7,-0.22,2.85,24.03,14.08,19.64,2.97,-2.2,2.71,7.88,13.31,17.31,9.3,8.36,8.25,9.53,10.72,5.04,9.58,11.22,11.35,15.51,21.31,19.04,11.22,9.46,10.47
2015-07-17,000059,8.1,8.28,8.33,7.94,322494,264283896.0,4.92,4.41,0.35,2.69,11.21,16.62,0.38,-4.66,0.13,5.16,10.45,14.36,6.55,3.78,8.34,8.19,9.33,10.59,4.95,6.52,6.64,10.63,16.18,14.01,6.52,4.83,5.8,-0.12
2015-07-20,000059,8.29,8.69,8.69,8.22,469532,401217072.0,5.68,4.95,0.41,3.91,12.65,-3.04,-7.91,-3.28,1.58,6.69,10.46,2.92,0.24,1.34,8.33,8.22,9.19,10.45,1.5,1.61,5.41,10.7,8.63,1.5,-0.12,0.81,-4.83,-4.03
2015-07-21,000059,8.53,8.69,8.82,8.44,326636,283584976.0,4.37,0.0,0.0,2.72,-5.57,-10.31,-5.81,-1.07,3.91,7.58,0.24,-2.37,-1.3,2.96,8.35,8.3,9.06,10.3,1.61,5.41,10.7,8.63,1.5,-0.12,0.81,-4.83,-4.03,-3.91
2015-07-22,000059,8.7,8.72,8.83,8.46,320519,277925312.0,4.26,0.35,0.03,2.67,-10.52,-6.03,-1.3,3.66,7.33,0.0,-2.6,-1.54,2.72,4.26,8.46,8.41,8.92,10.16,5.05,10.32,8.26,1.15,-0.46,0.46,-5.16,-4.36,-4.24,-2.75
2015-07-23,000059,8.77,9.16,9.16,8.7,212526,191631887.0,5.28,5.05,0.44,1.77,-8.62,-4.02,0.8,4.37,-2.76,-5.29,-4.25,-0.11,1.38,1.49,8.71,8.53,8.82,10.02,5.02,3.06,-3.71,-5.24,-4.37,-9.72,-8.95,-8.84,-7.42,-11.46
2015-07-24,000059,9.39,9.45,9.62,9.3,253318,241137111.0,3.49,3.17,0.29,2.11,-10.22,-5.7,-2.37,-9.03,-11.4,-10.43,-6.56,-5.16,-5.05,-1.51,8.94,8.64,8.75,9.88,-0.11,-6.67,-8.15,-7.3,-12.49,-11.75,-11.64,-10.26,-14.18,-12.38
2015-07-27,000059,9.3,8.98,9.44,8.98,396019,363625120.0,4.87,-4.97,-0.47,3.3,-2.34,1.11,-5.79,-8.24,-7.24,-3.23,-1.78,-1.67,2.0,7.13,9.0,8.66,8.69,9.73,-1.78,-3.34,-2.45,-7.91,-7.13,-7.02,-5.57,-9.69,-7.8,-3.56
2015-07-28,000059,8.53,8.53,8.82,8.53,307295,262948174.0,3.23,-5.01,-0.45,2.56,6.45,-0.82,-3.4,-2.34,1.88,3.4,3.52,7.39,12.78,10.67,8.97,8.66,8.6,9.56,1.76,2.7,-3.05,-2.23,-2.11,-0.59,-4.92,-2.93,1.52,3.63
2015-07-29,000059,8.59,8.61,8.68,8.1,310448,259887282.0,6.8,0.94,0.08,2.59,4.44,1.73,2.84,7.28,8.89,9.01,13.09,18.77,16.54,8.89,8.95,8.7,8.54,9.41,1.74,-3.95,-3.14,-3.02,-1.51,-5.81,-3.83,0.58,2.67,5.46
2015-07-30,000059,8.54,8.19,8.76,8.18,289247,247657968.0,6.74,-4.88,-0.42,2.41,0.73,1.83,6.23,7.82,7.95,11.98,17.6,15.4,7.82,6.11,8.75,8.73,8.49,9.26,0.98,1.83,1.95,3.54,-0.98,1.1,5.74,7.94,10.87,9.77
2015-07-31,000059,8.03,8.01,8.27,7.91,190755,155102927.0,4.4,-2.2,-0.18,1.59,5.31,9.86,11.5,11.63,15.8,21.62,19.34,11.5,9.73,10.75,8.46,8.7,8.45,9.12,4.12,4.24,5.87,1.25,3.37,8.11,10.36,13.36,12.23,17.85
2015-08-03,000059,8.04,7.95,8.34,7.76,198086,159644513.0,7.24,-0.75,-0.06,1.65,11.98,13.66,13.79,18.04,23.97,21.65,13.66,11.86,12.89,6.57,8.26,8.63,8.43,9.0,5.03,6.67,2.01,4.15,8.93,11.19,14.21,13.08,18.74,22.39
2015-08-04,000059,7.97,8.35,8.35,7.94,206568,168726362.0,5.16,5.03,0.4,1.72,11.08,11.21,15.37,21.16,18.89,11.08,9.32,10.33,4.16,5.04,8.22,8.6,8.45,8.91,1.56,-2.87,-0.84,3.71,5.87,8.74,7.66,13.05,16.53,17.13
2015-08-05,000059,8.3,8.15,8.48,8.12,185125,153604250.0,4.31,-2.4,-0.2,1.54,8.74,12.81,18.47,16.26,8.62,6.9,7.88,1.85,2.71,2.83,8.13,8.54,8.47,8.8,-0.49,1.6,6.26,8.47,11.41,10.31,15.83,19.39,20.0,12.02
2015-08-06,000059,7.98,8.0,8.11,7.88,140651,112829029.0,2.82,-1.84,-0.15,1.17,16.24,22.08,19.8,11.93,10.15,11.17,4.95,5.84,5.96,7.61,8.09,8.42,8.48,8.68,3.5,8.25,10.5,13.5,12.38,18.0,21.63,22.25,14.13,10.13
2015-08-07,000059,8.09,8.25,8.28,8.05,174899,143348241.0,2.88,3.13,0.25,1.46,19.5,17.27,9.57,7.83,8.82,2.73,3.6,3.73,5.34,0.75,8.14,8.3,8.47,8.6,4.97,7.15,10.06,8.97,14.42,17.94,18.55,10.67,6.79,2.06
2015-08-10,000059,8.35,8.66,8.66,8.25,244342,207765495.0,4.97,4.97,0.41,2.04,14.42,6.91,5.21,6.18,0.24,1.09,1.21,2.79,-1.7,0.36,8.28,8.27,8.47,8.55,2.08,4.85,3.81,9.01,12.36,12.93,5.43,1.73,-2.77,-11.2
2015-08-11,000059,8.73,8.71,8.84,8.62,267594,233682271.0,2.54,0.58,0.05,2.23,2.32,0.7,1.62,-4.06,-3.25,-3.13,-1.62,-5.92,-3.94,0.46,8.35,8.29,8.47,8.5,4.25,3.21,8.38,11.71,12.28,4.82,1.15,-3.33,-11.71,-16.3
2015-08-12,000059,8.67,8.83,9.08,8.61,257483,228569352.0,5.4,1.38,0.12,2.14,0.81,1.74,-3.95,-3.14,-3.02,-1.51,-5.81,-3.83,0.58,2.67,8.49,8.31,8.51,8.47,1.81,6.91,10.19,10.76,3.4,-0.23,-4.64,-12.91,-17.44,-18.69
2015-08-13,000059,8.7,8.99,8.99,8.68,211534,187356333.0,3.51,1.81,0.16,1.76,0.92,-4.72,-3.92,-3.8,-2.3,-6.57,-4.61,-0.23,1.84,4.61,8.69,8.39,8.56,8.46,5.01,8.23,8.79,1.56,-2.0,-6.34,-14.46,-18.91,-20.13,-21.91
2015-08-14,000059,9.12,9.27,9.44,9.01,366844,341568000.0,4.78,3.11,0.28,3.06,-8.21,-7.44,-7.33,-5.88,-9.99,-8.1,-3.88,-1.89,0.78,-0.22,8.89,8.52,8.61,8.47,4.96,5.5,-1.51,-4.96,-9.17,-17.04,-21.36,-22.55,-24.27,-24.27
2015-08-17,000059,9.3,9.72,9.73,9.13,301183,284932704.0,6.47,4.85,0.45,2.51,-8.65,-8.54,-7.12,-11.17,-9.31,-5.15,-3.18,-0.55,-1.53,3.4,9.1,8.69,8.66,8.52,0.62,-6.07,-9.36,-13.37,-20.88,-25.0,-26.13,-27.78,-27.78,-24.18
2015-08-18,000059,9.78,9.23,9.78,9.23,327251,308292720.0,5.66,-5.04,-0.49,2.73,-9.53,-8.13,-12.13,-10.29,-6.18,-4.23,-1.63,-2.6,2.28,5.42,9.21,8.78,8.69,8.56,-1.08,-4.55,-8.78,-16.68,-21.02,-22.21,-23.94,-23.94,-20.15,-23.4
2015-08-19,000059,8.77,8.94,9.13,8.77,348827,308001520.0,3.9,-3.14,-0.29,2.91,-3.31,-7.53,-5.59,-1.25,0.8,3.53,2.51,7.64,10.95,11.52,9.23,8.86,8.7,8.6,-1.45,-5.82,-13.98,-18.46,-19.69,-21.48,-21.48,-17.56,-20.92,-24.83
2015-08-20,000059,8.8,8.49,8.81,8.49,243350,209858168.0,3.58,-5.03,-0.45,2.03,-4.48,-2.47,2.0,4.12,6.95,5.89,11.19,14.61,15.19,7.54,9.13,8.91,8.67,8.62,-0.82,-9.42,-14.13,-15.43,-17.31,-17.31,-13.19,-16.73,-20.85,-21.79
2015-08-21,000059,8.2,8.07,8.42,8.07,217714,177799051.0,4.12,-4.95,-0.42,1.81,2.6,7.31,9.54,12.52,11.4,16.98,20.57,21.19,13.14,9.17,8.89,8.89,8.6,8.61,-4.71,-9.67,-11.03,-13.01,-13.01,-8.67,-12.39,-16.73,-17.72,-17.35
2015-08-24,000059,7.69,7.67,7.69,7.67,31823,24419761.0,0.25,-4.96,-0.4,0.27,12.91,15.25,18.38,17.21,23.08,26.86,27.51,19.04,14.86,9.78,8.48,8.79,8.53,8.58,-4.95,-6.39,-8.47,-8.47,-3.91,-7.82,-12.39,-13.43,-13.04,-9.65
2015-08-25,000059,7.29,7.29,7.29,7.29,21621,15761709.0,0.0,-4.95,-0.38,0.18,21.26,24.55,23.32,29.49,33.47,34.16,25.24,20.85,15.5,5.49,8.09,8.65,8.47,8.53,-1.51,-3.7,-3.7,1.1,-3.02,-7.82,-8.92,-8.5,-4.94,-6.17
2015-08-26,000059,6.93,6.93,7.18,6.93,308388,214958786.0,3.43,-4.94,-0.36,2.57,31.02,29.73,36.22,40.4,41.13,31.75,27.13,21.5,10.97,5.19,7.69,8.46,8.39,8.49,1.3,1.3,6.35,2.02,-3.03,-4.18,-3.75,0.0,-1.3,-2.31
2015-08-27,000059,6.9,6.69,7.02,6.58,269632,181306091.0,6.35,-3.46,-0.24,2.25,36.63,43.47,47.87,48.63,38.75,33.89,27.96,16.87,10.79,9.12,7.33,8.23,8.31,8.45,4.93,10.16,5.68,0.45,-0.75,-0.3,3.59,2.24,1.2,3.29
2015-08-28,000059,6.8,7.02,7.02,6.72,344096,237500995.0,4.48,4.93,0.33,2.87,40.48,44.79,45.54,35.86,31.1,25.3,14.43,8.48,6.85,4.46,7.12,8.01,8.26,8.41,4.99,0.71,-4.27,-5.41,-4.99,-1.28,-2.56,-3.56,-1.57,-11.54
2015-08-31,000059,7.15,7.11,7.37,6.93,393873,281228336.0,6.27,1.28,0.09,3.28,40.4,41.13,31.75,27.13,21.5,10.97,5.19,3.61,1.3,1.3,7.01,7.74,8.22,8.36,-0.56,-5.49,-6.61,-6.19,-2.53,-3.8,-4.78,-2.81,-12.66,-10.69
2015-09-01,000059,7.07,6.75,7.07,6.75,196821,133893301.0,4.5,-5.06,-0.36,1.64,44.89,35.26,30.52,24.74,13.93,8.0,6.37,4.0,4.0,9.19,6.9,7.5,8.14,8.29,-0.44,-1.63,-1.19,2.67,1.33,0.3,2.37,-8.0,-5.93,-5.19
2015-09-02,000059,6.41,6.41,6.72,6.41,227875,147265185.0,4.59,-5.04,-0.34,1.9,42.43,37.44,31.36,19.97,13.73,12.01,9.52,9.52,14.98,10.3,6.8,7.24,8.05,8.21,3.59,4.06,8.11,6.71,5.62,7.8,-3.12,-0.94,-0.16,-1.4
2015-09-07,000059,6.52,6.46,6.64,6.34,148858,96853252.0,4.68,0.78,0.05,1.24,38.96,32.81,21.29,14.98,13.25,10.73,10.73,16.25,11.51,5.99,6.75,7.04,7.97,8.12,3.25,7.28,5.88,4.8,6.97,-3.87,-1.7,-0.93,-2.17,-0.62
2015-09-08,000059,6.4,6.63,6.67,6.29,167276,108256273.0,5.88,2.63,0.17,1.39,33.86,22.26,15.9,14.15,11.61,11.61,17.17,12.4,6.84,5.56,6.67,6.9,7.89,8.03,4.52,3.17,2.11,4.22,-6.33,-4.22,-3.47,-4.68,-3.17,0.15
2015-09-09,000059,6.63,6.85,6.93,6.62,240363,163168531.0,4.68,3.32,0.22,2.0,16.16,10.12,8.46,6.04,6.04,11.33,6.8,1.51,0.3,0.76,6.62,6.81,7.8,7.96,-0.15,-1.17,0.88,-9.34,-7.3,-6.57,-7.74,-6.28,-3.07,-5.55
2015-09-10,000059,6.75,6.65,6.84,6.64,144034,97198326.0,2.92,-2.92,-0.2,1.2,9.79,8.13,5.72,5.72,10.99,6.48,1.2,0.0,0.45,4.37,6.6,6.75,7.7,7.9,1.8,3.91,-6.62,-4.51,-3.76,-4.96,-3.46,-0.15,-2.71,-1.8
2015-09-11,000059,6.66,6.71,6.77,6.59,102409,68492900.0,2.71,0.9,0.06,0.85,8.95,6.53,6.53,11.84,7.28,1.97,0.76,1.21,5.16,3.79,6.66,6.73,7.59,7.83,2.98,-7.45,-5.37,-4.62,-5.81,-4.32,-1.04,-3.58,-2.68,1.34
2015-09-14,000059,6.86,6.37,6.91,6.37,226467,150505069.0,8.05,-5.07,-0.34,1.89,10.2,10.2,15.7,10.99,5.49,4.24,4.71,8.79,7.38,6.28,6.64,6.7,7.46,7.77,-2.51,-0.31,0.47,-0.78,0.78,4.24,1.57,2.51,6.75,11.46
2015-09-15,000059,6.07,6.05,6.21,6.05,184833,112381324.0,2.51,-5.02,-0.32,1.54,16.03,21.82,16.86,11.07,9.75,10.25,14.55,13.06,11.9,14.21,6.53,6.6,7.3,7.71,4.96,5.79,4.46,6.12,9.75,6.94,7.93,12.4,17.36,13.72
2015-09-16,000059,6.04,6.29,6.35,5.87,214086,131168290.0,7.93,3.97,0.24,1.78,25.55,20.44,14.48,13.12,13.63,18.06,16.52,15.33,17.72,5.79,6.41,6.52,7.13,7.65,1.75,0.48,2.07,5.56,2.86,3.82,8.11,12.88,9.38,7.31
2015-09-17,000059,6.25,6.13,6.4,6.13,218436,136936820.0,4.29,-2.54,-0.16,1.82,15.33,9.62,8.32,8.81,13.05,11.58,10.44,12.72,1.31,3.59,6.31,6.46,6.98,7.58,3.1,4.73,8.32,5.55,6.53,10.93,15.82,12.23,10.11,13.87
2015-09-18,000059,6.14,6.24,6.32,6.03,158976,98398972.0,4.73,1.79,0.11,1.32,11.44,10.12,10.61,14.93,13.43,12.27,14.59,2.99,5.31,6.14,6.22,6.44,6.84,7.51,2.88,6.41,3.69,4.65,8.97,13.78,10.26,8.17,11.86,16.03
2015-09-21,000059,6.15,6.4,6.42,6.11,120112,75853159.0,4.97,2.56,0.16,1.0,8.67,9.17,13.42,11.95,10.8,13.09,1.64,3.93,4.75,3.44,6.22,6.43,6.74,7.46,3.75,1.09,2.03,6.25,10.94,7.5,5.47,9.06,13.12,18.75
2015-09-22,000059,6.45,6.51,6.64,6.33,169550,109918768.0,4.84,1.72,0.11,1.41,5.37,9.48,8.06,6.95,9.16,-1.9,0.32,1.11,-0.16,1.42,6.31,6.42,6.66,7.4,-0.61,0.31,4.45,9.06,5.68,3.69,7.22,11.21,16.74,17.51
2015-09-23,000059,6.39,6.37,6.47,6.3,119755,76312004.0,2.61,-2.15,-0.14,1.0,10.0,8.57,7.46,9.68,-1.43,0.79,1.59,0.32,1.9,5.4,6.33,6.37,6.59,7.33,2.51,6.75,11.46,8.01,5.97,9.58,13.66,19.31,20.09,18.68
2015-09-24,000059,6.4,6.48,6.53,6.38,111138,71623308.0,2.35,1.73,0.11,0.93,7.21,6.11,8.31,-2.66,-0.47,0.31,-0.94,0.63,4.08,1.41,6.4,6.36,6.55,7.25,4.94,9.57,6.17,4.17,7.72,11.73,17.28,18.06,16.67,15.59
2015-09-25,000059,6.8,6.8,6.8,6.7,288964,196414263.0,1.54,4.94,0.32,2.41,1.04,3.13,-7.31,-5.22,-4.48,-5.67,-4.18,-0.9,-3.43,-2.54,6.51,6.36,6.55,7.18,4.41,1.18,-0.74,2.65,6.47,11.76,12.5,11.18,10.15,10.88
2015-09-28,000059,6.9,6.89,7.1,6.81,310746,216067702.0,4.26,1.32,0.09,2.59,1.47,-8.81,-6.75,-6.02,-7.2,-5.73,-2.5,-4.99,-4.11,-0.15,6.61,6.42,6.56,7.11,-0.15,-2.03,1.31,5.08,10.3,11.03,9.72,8.71,9.43,13.21
2015-09-29,000059,6.88,6.7,6.88,6.55,182953,122395153.0,4.79,-2.76,-0.19,1.52,-5.19,-3.05,-2.29,-3.51,-1.98,1.37,-1.22,-0.31,3.82,8.4,6.65,6.48,6.54,7.03,0.75,4.18,8.06,13.43,14.18,12.84,11.79,12.54,16.42,16.57
2015-09-30,000059,6.65,6.69,6.75,6.56,108694,72592997.0,2.84,-0.15,-0.01,0.91,-3.2,-2.44,-3.66,-2.13,1.22,-1.37,-0.46,3.66,8.23,4.88,6.71,6.52,6.52,6.93,4.33,8.22,13.6,14.35,13.0,11.96,12.71,16.59,16.74,15.99
2015-10-08,000059,6.83,6.9,6.98,6.81,176163,121727983.0,2.54,3.14,0.21,1.47,-6.02,-7.2,-5.73,-2.5,-4.99,-4.11,-0.15,4.26,1.03,-0.88,6.8,6.6,6.53,6.85,4.93,10.14,10.87,9.57,8.55,9.28,13.04,13.19,12.46,6.96
2015-10-09,000059,6.95,7.24,7.24,6.88,196927,139083458.0,5.22,4.93,0.34,1.64,-8.14,-6.69,-3.49,-5.96,-5.09,-1.16,3.2,0.0,-1.89,1.45,6.88,6.7,6.57,6.79,4.97,5.66,4.42,3.45,4.14,7.73,7.87,7.18,1.93,3.73
2015-10-12,000059,7.25,7.6,7.6,7.17,292509,218565278.0,5.94,4.97,0.36,2.44,-10.46,-7.39,-9.76,-8.93,-5.16,-0.98,-4.04,-5.86,-2.65,0.98,7.03,6.82,6.63,6.76,0.66,-0.53,-1.45,-0.79,2.63,2.76,2.11,-2.89,-1.18,-0.92
2015-10-13,000059,7.45,7.55,7.65,7.41,169777,128575651.0,3.16,-0.66,-0.05,1.41,-10.39,-12.69,-11.88,-8.23,-4.18,-7.15,-8.91,-5.8,-2.29,2.56,7.2,6.92,6.67,6.75,0.13,-0.79,-0.13,3.31,3.44,2.78,-2.25,-0.53,-0.26,-1.72
2015-10-14,000059,7.51,7.24,7.56,7.22,178705,132523861.0,4.5,-4.11,-0.31,1.49,-10.39,-9.56,-5.82,-1.66,-4.71,-6.51,-3.32,0.28,5.26,5.96,7.31,7.01,6.69,6.73,3.45,4.14,7.73,7.87,7.18,1.93,3.73,4.01,2.49,5.66
2015-10-15,000059,7.2,7.41,7.49,7.17,148428,109184008.0,4.42,2.35,0.17,1.24,-8.93,-5.16,-0.98,-4.04,-5.86,-2.65,0.98,6.0,6.69,5.44,7.41,7.1,6.73,6.74,1.75,5.26,5.4,4.72,-0.4,1.35,1.62,0.13,3.24,1.62
2015-10-16,000059,7.51,7.43,7.54,7.23,165092,121786486.0,4.18,0.27,0.02,1.38,-5.95,-1.8,-4.84,-6.64,-3.46,0.14,5.12,5.81,4.56,3.6,7.45,7.17,6.76,6.75,4.98,5.11,4.44,-0.67,1.08,1.35,-0.13,2.96,1.35,3.36
2015-10-19,000059,7.45,7.8,7.8,7.32,288633,219373707.0,6.46,4.98,0.37,2.4,-3.01,-6.01,-7.79,-4.64,-1.09,3.83,4.51,3.28,2.32,3.01,7.49,7.26,6.84,6.79,0.13,-0.51,-5.38,-3.72,-3.46,-4.87,-1.92,-3.46,-1.54,-0.38
2015-10-20,000059,7.8,7.74,7.81,7.63,212652,164371718.0,2.31,-0.77,-0.06,1.77,-9.83,-11.53,-8.52,-5.11,-0.39,0.26,-0.92,-1.83,-1.18,2.23,7.52,7.36,6.92,6.81,0.26,-4.65,-2.97,-2.71,-4.13,-1.16,-2.71,-0.78,0.39,0.26
2015-10-21,000059,7.73,7.35,7.76,7.35,162539,122655664.0,5.3,-5.04,-0.39,1.35,-8.16,-5.03,-1.5,3.4,4.08,2.86,1.9,2.59,6.12,6.26,7.55,7.43,6.97,6.82,0.41,2.18,2.45,0.95,4.08,2.45,4.49,5.71,5.58,8.16
2015-10-22,000059,7.18,7.37,7.38,7.0,197826,142267220.0,5.17,0.27,0.02,1.65,-0.29,3.43,8.57,9.29,8.0,7.0,7.71,11.43,11.57,10.86,7.54,7.47,7.04,6.84,1.9,2.17,0.68,3.8,2.17,4.21,5.43,5.29,7.87,8.28
2015-10-23,000059,7.33,7.42,7.51,7.27,175679,130123205.0,3.26,0.68,0.05,1.46,-0.41,4.54,5.23,3.99,3.03,3.71,7.29,7.43,6.74,1.51,7.54,7.49,7.09,6.88,1.48,0.0,3.1,1.48,3.5,4.72,4.58,7.14,7.55,6.87
2015-10-26,000059,7.49,7.42,7.53,7.35,144400,107348594.0,2.43,0.0,0.0,1.2,3.4,4.08,2.86,1.9,2.59,6.12,6.26,5.58,0.41,2.18,7.46,7.47,7.15,6.91,0.0,3.1,1.48,3.5,4.72,4.58,7.14,7.55,6.87,7.55
2015-10-27,000059,7.4,7.38,7.42,7.15,142124,103381370.0,3.64,-0.54,-0.04,1.18,6.99,5.73,4.76,5.45,9.09,9.23,8.53,3.22,5.03,5.31,7.39,7.46,7.19,6.93,3.66,2.03,4.07,5.28,5.15,7.72,8.13,7.45,8.13,11.79
2015-10-28,000059,7.34,7.42,7.65,7.31,174087,130551535.0,4.61,0.54,0.04,1.45,3.42,2.46,3.15,6.7,6.84,6.16,0.96,2.74,3.01,1.5,7.4,7.47,7.24,6.95,1.48,3.5,4.72,4.58,7.14,7.55,6.87,7.55,11.19,14.82
2015-10-29,000059,7.52,7.44,7.53,7.35,112234,83556545.0,2.43,0.27,0.02,0.93,1.9,2.59,6.12,6.26,5.58,0.41,2.18,2.45,0.95,4.08,7.42,7.48,7.29,6.98,3.23,4.44,4.3,6.85,7.26,6.59,7.26,10.89,14.52,13.58
2015-10-30,000059,7.45,7.62,7.68,7.39,182086,137801668.0,3.9,2.42,0.18,1.52,2.03,5.55,5.68,5.01,-0.14,1.62,1.89,0.41,3.52,1.89,7.46,7.5,7.33,7.01,1.97,1.84,4.33,4.72,4.07,4.72,8.27,11.81,10.89,7.35
2015-11-02,000059,7.44,7.59,7.77,7.4,158167,120692888.0,4.86,-0.39,-0.03,1.32,5.41,5.54,4.86,-0.27,1.49,1.76,0.27,3.38,1.76,3.78,7.49,7.48,7.37,7.05,2.24,4.74,5.14,4.48,5.14,8.7,12.25,11.33,7.77,6.06
2015-11-03,000059,7.56,7.65,7.76,7.52,129097,98460176.0,3.16,0.79,0.06,1.08,3.86,3.19,-1.86,-0.13,0.13,-1.33,1.73,0.13,2.13,3.32,7.54,7.47,7.41,7.1,3.92,4.31,3.66,4.31,7.84,11.37,10.46,6.93,5.23,6.67
2015-11-04,000059,7.69,7.93,7.95,7.65,212186,165424118.0,3.92,3.66,0.28,1.77,1.44,-3.53,-1.83,-1.57,-3.01,0.0,-1.57,0.39,1.57,1.44,7.65,7.52,7.48,7.16,0.63,0.0,0.63,4.04,7.44,6.56,3.15,1.51,2.9,1.64
2015-11-05,000059,7.95,7.82,7.98,7.75,216149,169688075.0,2.9,-1.39,-0.11,1.8,-4.77,-3.1,-2.84,-4.26,-1.29,-2.84,-0.9,0.26,0.13,2.58,7.72,7.57,7.52,7.21,1.41,2.05,5.5,8.95,8.06,4.6,2.94,4.35,3.07,2.56
2015-11-06,000059,7.83,7.9,7.93,7.8,167564,131821782.0,1.66,1.02,0.08,1.4,-3.72,-3.46,-4.87,-1.92,-3.46,-1.54,-0.38,-0.51,1.92,2.31,7.78,7.62,7.55,7.27,1.01,4.43,7.85,6.96,3.54,1.9,3.29,2.03,1.52,2.03
2015-11-09,000059,7.8,7.86,7.98,7.77,185673,145487136.0,2.66,-0.51,-0.04,1.55,-3.09,-4.5,-1.54,-3.09,-1.16,0.0,-0.13,2.32,2.7,2.06,7.83,7.66,7.57,7.32,4.96,8.4,7.51,4.07,2.42,3.82,2.54,2.04,2.54,2.54
2015-11-10,000059,7.83,8.25,8.25,7.78,322306,263794883.0,5.98,4.96,0.39,2.68,-4.63,-1.67,-3.21,-1.29,-0.13,-0.26,2.19,2.57,1.93,2.57,7.95,7.75,7.6,7.38,3.27,2.42,-0.85,-2.42,-1.09,-2.3,-2.79,-2.3,-2.3,0.97
2015-11-11,000059,8.25,8.48,8.52,8.2,285692,239214705.0,3.88,2.79,0.23,2.38,-6.71,-8.17,-6.34,-5.24,-5.37,-3.05,-2.68,-3.29,-2.68,0.61,8.06,7.85,7.66,7.45,-0.35,-3.54,-5.07,-3.77,-4.95,-5.42,-4.95,-4.95,-1.77,-2.0
2015-11-12,000059,8.45,8.22,8.45,8.18,220921,182851421.0,3.18,-3.07,-0.26,1.84,-7.95,-6.11,-5.01,-5.13,-2.81,-2.44,-3.06,-2.44,0.86,4.16,8.14,7.93,7.7,7.5,-0.49,-2.07,-0.73,-1.95,-2.43,-1.95,-1.95,1.34,1.09,0.85
2015-11-13,000059,8.11,7.89,8.18,7.81,202321,161420361.0,4.5,-4.01,-0.33,1.69,-1.66,-0.51,-0.64,1.79,2.18,1.54,2.18,5.63,9.09,8.19,8.14,7.96,7.73,7.54,2.03,3.42,2.15,1.65,2.15,2.15,5.58,5.32,5.07,4.82
2015-11-16,000059,7.74,8.05,8.05,7.69,142805,113286949.0,4.56,2.03,0.16,1.19,1.04,0.91,3.38,3.77,3.12,3.77,7.28,10.79,9.88,6.37,8.18,8.01,7.74,7.58,1.37,0.12,-0.37,0.12,0.12,3.48,3.23,2.98,2.73,-3.48
2015-11-17,000059,8.08,7.93,8.16,7.88,167524,134562088.0,3.48,-1.49,-0.12,1.4,-1.52,0.89,1.27,0.63,1.27,4.7,8.12,7.23,3.81,2.16,8.11,8.03,7.75,7.62,1.64,1.13,1.64,1.64,5.04,4.79,4.54,4.29,-2.02,-3.78
2015-11-18,000059,7.91,7.89,8.06,7.88,120537,96011588.0,2.27,-0.5,-0.04,1.0,0.89,1.27,0.63,1.27,4.7,8.12,7.23,3.81,2.16,3.55,8.0,8.03,7.78,7.66,1.65,2.15,2.15,5.58,5.32,5.07,4.82,-1.52,-3.3,-1.9
2015-11-19,000059,7.92,8.01,8.02,7.87,97646,77636307.0,1.9,1.52,0.12,0.81,1.4,0.76,1.4,4.83,8.26,7.37,3.94,2.29,3.68,2.41,7.95,8.05,7.81,7.7,0.62,0.62,4.0,3.75,3.5,3.25,-3.0,-4.74,-3.37,-2.87
2015-11-20,000059,8.03,8.01,8.06,7.95,116453,93219799.0,1.37,0.0,0.0,0.97,-0.25,0.38,3.77,7.17,6.29,2.89,1.26,2.64,1.38,0.88,7.98,8.06,7.84,7.72,0.62,4.0,3.75,3.5,3.25,-3.0,-4.74,-3.37,-2.87,-1.5
2015-11-23,000059,8.01,7.93,8.06,7.91,127720,102011583.0,1.87,-1.0,-0.08,1.06,0.88,4.3,7.71,6.83,3.41,1.77,3.16,1.9,1.39,1.9,7.95,8.07,7.86,7.73,5.04,4.79,4.54,4.29,-2.02,-3.78,-2.4,-1.89,-0.5,2.9
2015-11-24,000059,8.07,8.23,8.33,8.07,240523,198371735.0,3.28,3.78,0.3,2.0,2.23,5.58,4.71,1.36,-0.25,1.12,-0.12,-0.62,-0.12,-0.12,8.01,8.06,7.91,7.76,0.97,0.73,0.49,-5.59,-7.29,-5.95,-5.47,-4.13,-0.85,-1.09
2015-11-25,000059,8.16,8.22,8.31,8.15,133251,109346396.0,1.94,-0.12,-0.01,1.11,4.54,3.68,0.37,-1.23,0.12,-1.1,-1.6,-1.1,-1.1,2.21,8.08,8.04,7.95,7.79,0.85,0.61,-5.47,-7.18,-5.84,-5.35,-4.01,-0.73,-0.97,-1.82
2015-11-26,000059,8.22,8.07,8.29,8.05,145837,118448364.0,2.92,-1.82,-0.15,1.21,4.97,1.61,0.0,1.37,0.12,-0.37,0.12,0.12,3.48,3.23,8.09,8.02,7.98,7.81,2.48,-3.72,-5.45,-4.09,-3.59,-2.23,1.12,0.87,0.0,-1.61
2015-11-27,000059,8.06,7.68,8.27,7.67,214305,170354172.0,7.43,-4.83,-0.39,1.79,6.65,4.95,6.39,5.08,4.56,5.08,5.08,8.6,8.34,8.08,8.03,8.0,7.98,7.82,1.17,-0.65,0.78,1.3,2.73,6.25,5.99,5.08,3.39,3.12
2015-11-30,000059,7.68,7.54,7.77,7.3,144218,108420484.0,6.12,-1.82,-0.14,1.2,10.27,11.78,10.41,9.86,10.41,10.41,14.11,13.84,13.56,13.29,7.95,7.95,7.98,7.81,1.19,2.65,3.18,4.64,8.22,7.96,7.03,5.31,5.04,5.7
2015-12-01,000059,7.5,7.54,7.63,7.48,83022,62707807.0,1.99,0.0,0.0,0.69,9.09,7.75,7.22,7.75,7.75,11.36,11.1,10.83,10.56,3.88,7.81,7.91,7.97,7.8,2.65,3.18,4.64,8.22,7.96,7.03,5.31,5.04,5.7,6.1
2015-12-02,000059,7.55,7.63,7.74,7.45,97665,74171369.0,3.85,1.19,0.09,0.81,8.19,7.65,8.19,8.19,11.81,11.54,11.28,11.01,4.3,2.42,7.69,7.89,7.96,7.81,1.97,3.41,6.95,6.68,5.77,4.06,3.8,4.46,4.85,4.46
2015-12-03,000059,7.66,7.78,7.78,7.64,82270,63507504.0,1.83,1.97,0.15,0.69,4.97,5.5,5.5,9.03,8.77,8.51,8.25,1.7,-0.13,1.31,7.63,7.86,7.96,7.83,1.41,4.88,4.63,3.73,2.06,1.8,2.44,2.83,2.44,3.73
2015-12-04,000059,7.78,7.86,7.89,7.74,114207,89298489.0,1.93,1.03,0.08,0.95,4.13,4.13,7.62,7.36,7.11,6.85,0.39,-1.42,0.0,0.52,7.67,7.85,7.95,7.84,3.82,3.56,2.67,1.02,0.76,1.4,1.78,1.4,2.67,6.11
2015-12-07,000059,7.87,8.06,8.16,7.87,143425,115486838.0,3.69,2.54,0.2,1.19,2.41,5.84,5.59,5.34,5.08,-1.27,-3.05,-1.65,-1.14,0.25,7.77,7.86,7.96,7.86,0.99,0.12,-1.49,-1.74,-1.12,-0.74,-1.12,0.12,3.47,-0.25
2015-12-08,000059,8.08,8.02,8.14,7.91,130351,104497997.0,2.85,-0.5,-0.04,1.09,5.31,5.06,4.8,4.55,-1.77,-3.54,-2.15,-1.64,-0.25,3.16,7.87,7.84,7.95,7.88,0.62,-1.0,-1.25,-0.62,-0.25,-0.62,0.62,3.99,0.25,0.87
2015-12-09,000059,7.98,7.91,8.07,7.88,95996,76625709.0,2.37,-1.37,-0.11,0.8,5.46,5.2,4.95,-1.4,-3.17,-1.78,-1.27,0.13,3.55,3.3,7.93,7.81,7.92,7.9,0.38,0.13,0.76,1.14,0.76,2.02,5.44,1.64,2.28,3.92
2015-12-10,000059,7.87,7.73,7.94,7.63,105597,82387307.0,3.92,-2.28,-0.18,0.88,8.65,8.39,1.83,0.0,1.44,1.97,3.41,6.95,6.68,5.77,7.92,7.78,7.9,7.91,2.46,3.1,3.49,3.1,4.4,7.89,4.01,4.66,6.34,4.4
2015-12-11,000059,7.72,7.81,7.92,7.57,102131,79058528.0,4.53,1.03,0.08,0.85,9.25,2.64,0.79,2.25,2.77,4.23,7.79,7.53,6.61,4.89,7.91,7.79,7.9,7.92,2.05,2.43,2.05,3.33,6.79,2.94,3.59,5.25,3.33,4.61
2015-12-14,000059,7.63,7.93,7.97,7.63,95953,75295305.0,4.35,1.54,0.12,0.8,1.83,0.0,1.44,1.97,3.41,6.95,6.68,5.77,4.06,3.8,7.88,7.83,7.89,7.93,0.88,0.5,1.77,5.17,1.39,2.02,3.66,1.77,3.03,3.53
2015-12-15,000059,7.99,7.92,8.0,7.84,106138,84028494.0,2.02,-0.13,-0.01,0.88,-2.68,-1.28,-0.77,0.64,4.08,3.83,2.93,1.28,1.02,1.66,7.86,7.87,7.89,7.94,0.63,1.89,5.3,1.52,2.15,3.79,1.89,3.16,3.66,1.14
2015-12-16,000059,7.94,7.89,7.97,7.87,90996,72112732.0,1.26,-0.38,-0.03,0.76,-1.65,-1.14,0.25,3.68,3.43,2.54,0.89,0.64,1.27,1.65,7.86,7.89,7.89,7.94,2.28,5.7,1.9,2.53,4.18,2.28,3.55,4.06,1.52,2.66
2015-12-17,000059,7.9,8.0,8.07,7.88,168505,134197184.0,2.41,1.39,0.11,1.4,-1.27,0.13,3.55,3.3,2.41,0.76,0.51,1.14,1.52,1.14,7.91,7.91,7.89,7.94,4.25,0.5,1.12,2.75,0.88,2.12,2.63,0.12,1.25,1.63
2015-12-18,000059,8.18,8.04,8.34,8.02,187333,152831325.0,4.0,0.5,0.04,1.56,-1.62,1.75,1.5,0.62,-1.0,-1.25,-0.62,-0.25,-0.62,0.62,7.96,7.93,7.89,7.95,0.0,0.62,2.24,0.37,1.62,2.11,-0.37,0.75,1.12,-0.12
2015-12-21,000059,8.01,8.02,8.04,7.9,145083,115833216.0,1.74,-0.25,-0.02,1.21,3.29,3.04,2.15,0.51,0.25,0.89,1.27,0.89,2.15,5.57,7.97,7.93,7.89,7.95,0.87,2.49,0.62,1.87,2.37,-0.12,1.0,1.37,0.12,-7.23
2015-12-22,000059,8.0,8.08,8.09,7.95,135380,108440473.0,1.75,0.75,0.06,1.13,2.39,1.51,-0.13,-0.38,0.25,0.63,0.25,1.51,4.91,1.13,8.01,7.93,7.89,7.95,1.73,-0.12,1.11,1.61,-0.87,0.25,0.62,-0.62,-7.92,-5.32
2015-12-23,000059,8.07,8.02,8.22,8.0,164555,133258375.0,2.72,-0.74,-0.06,1.37,0.88,-0.75,-1.0,-0.38,0.0,-0.38,0.88,4.25,0.5,1.12,8.03,7.94,7.88,7.93,0.62,1.87,2.37,-0.12,1.0,1.37,0.12,-7.23,-4.61,-7.98
2015-12-24,000059,8.03,7.99,8.07,7.93,88620,70860507.0,1.75,-0.37,-0.03,0.74,0.13,-0.13,0.5,0.88,0.5,1.77,5.17,1.39,2.02,3.66,8.03,7.97,7.87,7.92,2.25,2.75,0.25,1.38,1.75,0.5,-6.88,-4.26,-7.63,-11.01
2015-12-25,000059,7.98,8.12,8.17,7.97,101962,82458852.0,2.5,1.63,0.13,0.85,-0.63,0.0,0.38,0.0,1.25,4.64,0.88,1.51,3.14,1.25,8.05,8.0,7.89,7.93,1.11,-1.35,-0.25,0.12,-1.11,-8.37,-5.79,-9.11,-12.44,-16.5
2015-12-28,000059,8.15,7.97,8.21,7.97,160107,129565133.0,2.96,-1.85,-0.15,1.33,0.0,0.38,0.0,1.25,4.64,0.88,1.51,3.14,1.25,2.51,8.04,8.01,7.92,7.93,0.5,1.63,2.01,0.75,-6.65,-4.02,-7.4,-10.79,-14.93,-21.33
2015-12-29,000059,7.96,7.98,8.01,7.77,94180,74544741.0,3.01,0.13,0.01,0.78,2.96,2.57,3.86,7.34,3.47,4.12,5.79,3.86,5.15,5.66,8.02,8.01,7.94,7.93,1.5,1.88,0.63,-6.77,-4.14,-7.52,-10.9,-15.04,-21.43,-23.31
2015-12-30,000059,7.97,8.07,8.1,7.9,122742,98624194.0,2.51,1.13,0.09,1.02,0.89,2.15,5.57,1.77,2.41,4.05,2.15,3.42,3.92,1.39,8.03,8.03,7.96,7.94,0.74,-0.5,-7.81,-5.2,-8.55,-11.9,-15.99,-22.3,-24.16,-27.39
2015-12-31,000059,8.09,8.01,8.13,7.98,104693,84146917.0,1.86,-0.74,-0.06,0.87,1.13,4.51,0.75,1.38,3.01,1.13,2.38,2.88,0.38,1.5,8.03,8.03,7.97,7.94,0.25,-7.12,-4.49,-7.87,-11.24,-15.36,-21.72,-23.6,-26.84,-26.22
2016-01-04,000059,7.98,7.61,8.03,7.61,124559,96023844.0,5.24,-4.99,-0.4,1.04,9.59,5.65,6.31,8.02,6.04,7.36,7.88,5.26,6.44,6.83,7.93,7.99,7.96,7.92,-2.23,0.53,-3.02,-6.57,-10.91,-17.61,-19.58,-23.0,-22.34,-26.54
2016-01-05,000059,7.23,7.29,7.44,7.23,210050,152903046.0,2.76,-4.2,-0.32,1.75,11.2,11.89,13.69,11.62,13.0,13.55,10.79,12.03,12.45,11.07,7.79,7.91,7.92,7.9,4.94,1.23,-2.47,-7.0,-13.99,-16.05,-19.62,-18.93,-23.32,-20.58
2016-01-06,000059,7.31,7.49,7.65,7.31,121221,90340383.0,4.66,2.74,0.2,1.01,10.67,12.45,10.4,11.76,12.31,9.58,10.81,11.22,9.85,1.78,7.69,7.86,7.89,7.88,-1.47,-5.07,-9.48,-16.29,-18.29,-21.76,-21.09,-25.37,-22.7,-21.76
2016-01-07,000059,7.38,7.12,7.38,7.12,37854,27190047.0,3.47,-4.94,-0.37,0.32,15.45,13.34,14.75,15.31,12.5,13.76,14.19,12.78,4.49,7.44,7.5,7.77,7.85,7.84,-0.14,-4.78,-11.94,-14.04,-17.7,-16.99,-21.49,-18.68,-17.7,-18.68
2016-01-08,000059,7.02,6.78,7.11,6.76,541079,367146096.0,4.92,-4.78,-0.34,3.86,19.38,20.86,21.45,18.49,19.82,20.27,18.79,10.06,13.17,9.17,7.26,7.64,7.81,7.8,0.0,-7.52,-9.73,-13.57,-12.83,-17.55,-14.6,-13.57,-14.6,-17.4
2016-01-11,000059,6.78,6.44,6.78,6.44,208621,136718472.0,5.01,-5.01,-0.34,1.49,26.86,27.48,24.38,25.78,26.24,24.69,15.53,18.79,14.6,10.4,7.02,7.48,7.74,7.76,-2.64,-4.97,-9.01,-8.23,-13.2,-10.09,-9.01,-10.09,-13.04,-10.56
2016-01-12,000059,6.16,6.12,6.27,6.12,176305,108076239.0,2.33,-4.97,-0.32,1.26,34.15,30.88,32.35,32.84,31.21,21.57,25.0,20.59,16.18,10.78,6.79,7.29,7.65,7.71,0.0,-4.25,-3.43,-8.66,-5.39,-4.25,-5.39,-8.5,-5.88,-1.96
2016-01-13,000059,6.05,5.81,6.12,5.81,271221,161380192.0,5.07,-5.07,-0.31,1.94,37.87,39.41,39.93,38.21,28.06,31.67,27.02,22.38,16.7,7.92,6.45,7.07,7.54,7.65,0.86,1.72,-3.79,-0.34,0.86,-0.34,-3.61,-0.86,3.27,-4.99
2016-01-14,000059,5.58,5.82,5.86,5.52,191315,108265894.0,5.85,0.17,0.01,1.37,46.74,47.28,45.47,34.78,38.59,33.7,28.8,22.83,13.59,10.87,6.19,6.85,7.44,7.59,1.55,-3.95,-0.52,0.69,-0.52,-3.78,-1.03,3.09,-5.15,-7.39
2016-01-15,000059,5.77,5.54,5.91,5.53,213902,121887276.0,6.53,-4.81,-0.28,1.53,47.02,45.21,34.54,38.34,33.45,28.57,22.6,13.38,10.67,5.97,5.95,6.6,7.32,7.52,0.9,4.51,5.78,4.51,1.08,3.97,8.3,-0.36,-2.71,-1.62
2016-01-18,000059,5.39,5.51,5.59,5.31,197655,107924952.0,5.05,-0.54,-0.03,1.41,51.22,40.11,44.07,38.98,33.9,27.68,18.08,15.25,10.36,11.3,5.76,6.39,7.19,7.44,5.08,6.35,5.08,1.63,4.54,8.89,0.18,-2.18,-1.09,-0.91
2016-01-19,000059,5.5,5.79,5.79,5.46,184824,104297736.0,5.99,5.08,0.28,1.32,36.26,40.11,35.16,30.22,24.18,14.84,12.09,7.33,8.24,2.38,5.69,6.24,7.08,7.36,1.21,0.0,-3.28,-0.52,3.63,-4.66,-6.91,-5.87,-5.7,-4.32
2016-01-20,000059,5.73,5.73,5.86,5.65,178822,103233701.0,3.63,-1.04,-0.06,1.28,35.4,30.62,25.84,20.0,10.97,8.32,3.72,4.6,-1.06,2.48,5.68,6.07,6.96,7.28,1.05,-2.27,0.52,4.71,-3.66,-5.93,-4.89,-4.71,-3.32,-2.97
2016-01-21,000059,5.63,5.45,5.79,5.45,154013,87035170.0,5.93,-4.89,-0.28,1.1,35.41,30.46,24.4,15.05,12.29,7.52,8.44,2.57,6.24,7.52,5.6,5.9,6.83,7.2,2.75,5.69,10.09,1.28,-1.1,0.0,0.18,1.65,2.02,4.4
2016-01-22,000059,5.52,5.58,5.6,5.36,125043,68743393.0,4.4,2.39,0.13,0.89,32.65,26.49,16.98,14.18,9.33,10.26,4.29,8.02,9.33,8.02,5.61,5.78,6.71,7.13,3.23,7.53,-1.08,-3.41,-2.33,-2.15,-0.72,-0.36,1.97,6.63
2016-01-25,000059,5.66,5.71,5.76,5.6,131138,74652363.0,2.87,2.33,0.13,0.94,21.07,11.96,9.29,4.64,5.54,-0.18,3.39,4.64,3.39,0.0,5.65,5.71,6.59,7.06,5.08,-3.33,-5.6,-4.55,-4.38,-2.98,-2.63,-0.35,4.2,1.75
2016-01-26,000059,5.71,5.44,6.0,5.42,294539,169532692.0,10.16,-4.73,-0.27,2.1,15.68,12.92,8.12,9.04,3.14,6.83,8.12,6.83,3.32,6.27,5.58,5.64,6.46,6.98,1.47,-0.92,0.18,0.37,1.84,2.21,4.6,9.38,6.8,9.93
2016-01-27,000059,5.48,5.38,5.52,5.18,182852,97041566.0,6.25,-1.1,-0.06,1.31,18.15,13.13,14.09,7.92,11.78,13.13,11.78,8.11,11.2,15.83,5.51,5.6,6.33,6.89,0.19,1.3,1.49,2.97,3.35,5.76,10.59,7.99,11.15,11.71
2016-01-28,000059,5.32,5.19,5.39,5.16,115467,61292930.0,4.28,-3.53,-0.19,0.82,13.57,14.53,8.33,12.21,13.57,12.21,8.53,11.63,16.28,6.98,5.46,5.53,6.19,6.8,5.01,5.2,6.74,7.13,9.63,14.64,11.95,15.22,15.8,15.8
2016-01-29,000059,5.21,5.37,5.45,5.15,124242,66255368.0,5.78,3.47,0.18,0.89,14.76,8.54,12.43,13.79,12.43,8.74,11.84,16.5,7.18,4.66,5.42,5.52,6.06,6.72,1.68,3.17,3.54,5.96,10.8,8.19,11.36,11.92,11.92,10.99
2016-02-01,000059,5.39,5.32,5.46,5.26,117645,63288193.0,3.72,-0.93,-0.05,0.84,6.27,10.08,11.41,10.08,6.46,9.51,14.07,4.94,2.47,3.61,5.34,5.5,5.94,6.63,4.14,4.51,6.95,11.84,9.21,12.41,12.97,12.97,12.03,13.72
2016-02-02,000059,5.34,5.5,5.54,5.34,115263,63005764.0,3.76,3.38,0.18,0.82,8.43,9.74,8.43,4.87,7.87,12.36,3.37,0.94,2.06,2.25,5.35,5.47,5.85,6.54,1.09,3.45,8.18,5.64,8.73,9.27,9.27,8.36,10.0,13.82
2016-02-03,000059,5.42,5.54,5.56,5.4,113760,62385467.0,2.91,0.73,0.04,0.81,8.52,7.22,3.7,6.67,11.11,2.22,-0.19,0.93,1.11,2.59,5.38,5.45,5.76,6.46,2.71,7.4,4.87,7.94,8.48,8.48,7.58,9.21,13.0,15.16
2016-02-04,000059,5.59,5.67,5.69,5.57,139200,78424180.0,2.17,2.35,0.13,0.99,3.95,0.54,3.41,7.72,-0.9,-3.23,-2.15,-1.97,-0.54,-0.18,5.48,5.47,5.68,6.38,4.94,2.47,5.47,6.0,6.0,5.11,6.7,10.41,12.52,17.81
2016-02-05,000059,5.73,5.84,5.95,5.65,174106,101882539.0,5.29,3.0,0.17,1.24,-0.88,1.95,6.19,-2.3,-4.6,-3.54,-3.36,-1.95,-1.59,0.71,5.57,5.5,5.64,6.31,-0.51,2.4,2.91,2.91,2.05,3.6,7.19,9.25,14.38,8.73
2016-02-15,000059,5.6,5.77,5.81,5.6,116996,66798442.0,3.6,-1.2,-0.07,0.84,2.86,7.14,-1.43,-3.75,-2.68,-2.5,-1.07,-0.71,1.61,6.25,5.66,5.5,5.6,6.23,3.64,4.16,4.16,3.29,4.85,8.49,10.57,15.77,10.05,7.11
2016-02-16,000059,5.82,5.95,5.98,5.81,145825,86142187.0,2.95,3.12,0.18,1.04,3.27,-4.99,-7.23,-6.2,-6.02,-4.65,-4.3,-2.07,2.41,0.0,5.75,5.55,5.6,6.16,1.01,1.01,0.17,1.68,5.21,7.23,12.27,6.72,3.87,-0.5
2016-02-17,000059,5.9,5.93,6.01,5.85,156856,92839296.0,2.69,-0.34,-0.02,1.12,-5.64,-7.86,-6.84,-6.67,-5.3,-4.96,-2.74,1.71,-0.68,2.22,5.83,5.61,5.6,6.09,1.35,0.51,2.02,5.56,7.59,12.65,7.08,4.22,-0.17,3.88
2016-02-18,000059,5.98,5.89,6.01,5.89,138468,82313674.0,2.02,-0.67,-0.04,0.99,-8.49,-7.47,-7.3,-5.94,-5.6,-3.4,1.02,-1.36,1.53,2.04,5.88,5.68,5.61,6.02,1.19,2.72,6.28,8.32,13.41,7.81,4.92,0.51,4.58,7.13
2016-02-19,000059,5.87,5.92,5.96,5.86,105127,62059968.0,1.7,0.51,0.03,0.75,-7.0,-6.83,-5.46,-5.12,-2.9,1.54,-0.85,2.05,2.56,2.56,5.89,5.73,5.62,5.95,2.2,5.74,7.77,12.84,7.26,4.39,0.0,4.05,6.59,6.42
2016-02-22,000059,5.98,6.03,6.05,5.93,147197,88384653.0,2.03,1.86,0.11,1.05,-7.93,-6.58,-6.24,-4.05,0.34,-2.02,0.84,1.35,1.35,0.51,5.94,5.8,5.65,5.9,3.81,5.8,10.78,5.31,2.49,-1.82,2.16,4.64,4.48,6.3
2016-02-23,000059,6.06,6.18,6.26,6.03,216238,133170892.0,3.81,2.49,0.15,1.54,-8.13,-7.79,-5.64,-1.33,-3.65,-0.83,-0.33,-0.33,-1.16,0.33,5.99,5.87,5.67,5.86,3.24,8.09,2.75,0.0,-4.21,-0.32,2.1,1.94,3.72,5.66
2016-02-24,000059,6.14,6.36,6.38,6.13,194092,120977398.0,4.05,2.91,0.18,1.39,-9.3,-7.18,-2.94,-5.22,-2.45,-1.96,-1.96,-2.77,-1.31,2.12,6.08,5.95,5.7,5.82,5.03,-0.16,-2.83,-6.92,-3.14,-0.79,-0.94,0.79,2.67,0.0
2016-02-25,000059,6.49,6.05,6.68,6.04,453957,288606080.0,10.06,-4.87,-0.31,3.24,-5.79,-1.49,-3.81,-0.99,-0.5,-0.5,-1.32,0.17,3.64,5.63,6.11,5.99,5.73,5.79,4.96,2.15,-2.15,1.82,4.3,4.13,5.95,7.93,5.12,6.12
2016-02-26,000059,6.12,6.2,6.35,5.99,351421,217573447.0,5.95,2.48,0.15,2.51,-0.67,-3.01,-0.17,0.33,0.33,-0.5,1.0,4.51,6.51,11.52,6.16,6.03,5.76,5.77,-0.32,-4.52,-0.65,1.77,1.61,3.39,5.32,2.58,3.55,1.94
2016-02-29,000059,6.18,5.89,6.18,5.89,207167,122882924.0,4.68,-5.0,-0.31,1.48,-1.36,1.53,2.04,2.04,1.19,2.72,6.28,8.32,13.41,7.81,6.14,6.04,5.77,5.75,0.51,4.58,7.13,6.96,8.83,10.87,7.98,9.0,7.3,11.54
2016-03-01,000059,5.84,5.88,5.92,5.6,208859,119700705.0,5.43,-0.17,-0.01,1.49,6.79,7.32,7.32,6.43,8.04,11.79,13.93,19.29,13.39,10.36,6.08,6.03,5.79,5.74,4.76,7.31,7.14,9.01,11.05,8.16,9.18,7.48,11.73,17.35
2016-03-02,000059,5.86,6.15,6.16,5.81,237333,143173404.0,5.95,4.59,0.27,1.7,3.44,3.44,2.58,4.13,7.75,9.81,14.97,9.29,6.37,1.89,6.03,6.06,5.83,5.75,2.6,2.44,4.23,6.18,3.41,4.39,2.76,6.83,12.2,12.03
2016-03-03,000059,6.18,6.12,6.31,6.1,222890,137576595.0,3.41,-0.49,-0.03,1.59,-1.48,-2.3,-0.82,2.62,4.59,9.51,4.1,1.31,-2.95,0.98,6.05,6.08,5.88,5.76,2.94,4.74,6.7,3.92,4.9,3.27,7.35,12.75,12.58,13.4
2016-03-04,000059,6.2,6.1,6.3,5.96,231884,142697385.0,5.56,-0.33,-0.02,1.66,0.0,1.51,5.03,7.05,12.08,6.54,3.69,-0.67,3.36,5.87,6.03,6.1,5.91,5.78,5.08,7.05,4.26,5.25,3.61,7.7,13.11,12.95,13.77,15.57
2016-03-07,000059,6.28,6.41,6.41,6.26,331682,211491443.0,2.46,5.08,0.31,2.37,-3.35,0.0,1.92,6.71,1.44,-1.28,-5.43,-1.6,0.8,0.64,6.13,6.13,5.97,5.81,1.87,-0.78,0.16,-1.4,2.5,7.64,7.49,8.27,9.98,12.32
2016-03-08,000059,6.45,6.44,6.53,6.2,310351,197545518.0,5.15,0.47,0.03,2.22,0.97,2.9,7.74,2.42,-0.32,-4.52,-0.65,1.77,1.61,3.39,6.24,6.16,6.02,5.83,-1.24,-0.31,-1.86,2.02,7.14,6.99,7.76,9.47,11.8,13.98
2016-03-09,000059,6.28,6.28,6.36,6.22,161263,101266531.0,2.17,-2.48,-0.16,1.15,2.57,7.4,2.09,-0.64,-4.82,-0.96,1.45,1.29,3.05,4.98,6.27,6.15,6.05,5.85,2.23,0.64,4.62,9.87,9.71,10.51,12.26,14.65,16.88,19.27
2016-03-10,000059,6.3,6.27,6.42,6.26,198209,125626096.0,2.55,-0.16,-0.01,1.42,6.71,1.44,-1.28,-5.43,-1.6,0.8,0.64,2.4,4.31,1.6,6.3,6.17,6.08,5.88,0.8,4.78,10.05,9.89,10.69,12.44,14.83,17.07,19.46,18.66
2016-03-11,000059,6.17,6.26,6.32,6.15,120416,75120342.0,2.71,-0.16,-0.01,0.86,3.25,0.49,-3.74,0.16,2.6,2.44,4.23,6.18,3.41,4.39,6.33,6.18,6.1,5.9,4.95,10.22,10.06,10.86,12.62,15.02,17.25,19.65,18.85,15.97
2016-03-14,000059,6.33,6.57,6.57,6.3,330899,215541830.0,4.31,4.95,0.31,2.36,-1.9,-6.03,-2.22,0.16,0.0,1.75,3.65,0.95,1.9,0.32,6.36,6.25,6.14,5.93,5.02,4.87,5.63,7.31,9.59,11.72,14.0,13.24,10.5,15.68
2016-03-15,000059,6.52,6.81,6.9,6.52,297584,200778315.0,5.78,3.65,0.24,2.13,-9.2,-5.52,-3.22,-3.37,-1.69,0.15,-2.45,-1.53,-3.07,0.77,6.44,6.34,6.19,5.98,1.17,1.91,3.52,5.73,7.78,9.99,9.25,6.61,11.6,11.45
2016-03-16,000059,6.83,6.69,6.89,6.58,157126,105676782.0,4.55,-1.76,-0.12,1.12,-6.38,-4.1,-4.26,-2.58,-0.76,-3.34,-2.43,-3.95,-0.15,4.86,6.52,6.4,6.23,6.02,3.74,5.38,7.62,9.72,11.96,11.21,8.52,13.6,13.45,17.79
2016-03-17,000059,6.72,6.89,6.94,6.72,189481,129669894.0,3.29,2.99,0.2,1.35,-6.1,-6.25,-4.61,-2.83,-5.36,-4.46,-5.95,-2.23,2.68,2.53,6.64,6.47,6.28,6.08,2.32,4.5,6.53,8.71,7.98,5.37,10.3,10.16,14.37,15.38
2016-03-18,000059,6.96,7.04,7.05,6.88,211483,147459414.0,2.47,2.18,0.15,1.51,-8.43,-6.83,-5.09,-7.56,-6.69,-8.14,-4.51,0.29,0.15,0.87,6.8,6.57,6.33,6.13,2.27,4.26,6.39,5.68,3.12,7.95,7.81,11.93,12.93,15.91
2016-03-21,000059,7.18,7.14,7.2,7.0,214193,152023094.0,2.84,1.42,0.1,1.53,-8.43,-6.71,-9.14,-8.29,-9.71,-6.14,-1.43,-1.57,-0.86,0.71,6.91,6.64,6.39,6.19,2.8,4.9,4.2,1.68,6.44,6.3,10.36,11.34,14.29,20.03
2016-03-22,000059,7.05,7.31,7.34,6.98,209345,150678349.0,5.04,2.38,0.17,1.5,-6.45,-8.88,-8.02,-9.46,-5.87,-1.15,-1.29,-0.57,1.0,3.15,7.01,6.73,6.44,6.25,2.46,1.78,-0.68,3.97,3.83,7.8,8.76,11.63,17.24,21.34
2016-03-23,000059,7.28,7.45,7.49,7.23,206733,152695490.0,3.56,1.92,0.14,1.48,-12.03,-11.2,-12.59,-9.13,-4.56,-4.7,-4.01,-2.49,-0.41,1.52,7.17,6.84,6.5,6.32,-0.13,-2.55,2.01,1.88,5.77,6.71,9.53,15.03,19.06,24.16
2016-03-24,000059,7.44,7.09,7.44,7.08,308597,224478285.0,4.83,-4.83,-0.36,2.2,-9.32,-10.73,-7.2,-2.54,-2.68,-1.98,-0.42,1.69,3.67,5.79,7.21,6.93,6.55,6.36,2.4,7.19,7.05,11.14,12.13,15.09,20.87,25.11,30.47,26.66
2016-03-25,000059,7.02,7.25,7.26,6.98,181393,129665504.0,3.95,2.26,0.16,1.3,-9.46,-5.87,-1.15,-1.29,-0.57,1.0,3.15,5.16,7.31,6.59,7.25,7.02,6.6,6.41,4.83,4.69,8.69,9.66,12.55,18.21,22.34,27.59,23.86,25.24
2016-03-28,000059,7.33,7.44,7.6,7.32,208151,155861206.0,3.86,2.62,0.19,1.49,-10.25,-5.74,-5.87,-5.19,-3.69,-1.64,0.27,2.32,1.64,-0.82,7.31,7.11,6.68,6.47,2.02,5.91,6.85,9.68,15.19,19.22,24.33,20.7,22.04,19.89
2016-03-29,000059,7.42,7.5,7.59,7.3,249465,186302385.0,3.9,0.81,0.06,1.78,-5.48,-5.62,-4.93,-3.42,-1.37,0.55,2.6,1.92,-0.55,4.11,7.35,7.18,6.76,6.52,5.07,6.0,8.8,14.27,18.27,23.33,19.73,21.07,18.93,21.6
2016-03-30,000059,7.5,7.82,7.88,7.46,299778,231889631.0,5.6,4.27,0.32,2.14,-7.64,-6.97,-5.5,-3.49,-1.61,0.4,-0.27,-2.68,1.88,1.74,7.42,7.29,6.84,6.58,1.66,4.35,9.59,13.43,18.29,14.83,16.11,14.07,16.62,15.86
2016-03-31,000059,7.83,7.77,7.95,7.7,212963,166526434.0,3.2,-0.64,-0.05,1.52,-9.87,-8.44,-6.49,-4.68,-2.73,-3.38,-5.71,-1.3,-1.43,2.34,7.56,7.38,6.93,6.64,5.02,10.3,14.16,19.05,15.57,16.86,14.8,17.37,16.6,15.57
2016-04-01,000059,7.87,8.16,8.16,7.78,372549,298496112.0,4.89,5.02,0.39,2.66,-9.38,-7.46,-5.66,-3.73,-4.37,-6.68,-2.31,-2.44,1.29,2.19,7.74,7.49,7.03,6.72,5.02,8.7,13.36,10.05,11.27,9.31,11.76,11.03,10.05,6.25
2016-04-05,000059,8.19,8.45,8.57,7.98,495743,413695184.0,7.23,3.55,0.29,3.54,-9.77,-8.02,-6.14,-6.77,-9.02,-4.76,-4.89,-1.25,-0.38,2.26,7.94,7.62,7.13,6.8,4.97,9.47,6.27,7.46,5.56,7.93,7.22,6.27,2.6,5.92
2016-04-06,000059,8.43,8.87,8.87,8.36,471440,414471360.0,6.04,4.97,0.42,3.37,-12.2,-10.41,-11.0,-13.16,-9.09,-9.21,-5.74,-4.9,-2.39,2.51,8.21,7.78,7.25,6.89,4.28,1.24,2.37,0.56,2.82,2.14,1.24,-2.25,0.9,-6.31
2016-04-07,000059,8.93,8.99,9.25,8.78,428084,385577008.0,5.3,1.35,0.12,3.06,-14.69,-15.26,-17.31,-13.44,-13.55,-10.25,-9.45,-7.06,-2.39,1.03,8.45,7.93,7.39,6.98,-0.11,1.0,-0.78,1.45,0.78,-0.11,-3.56,-0.44,-7.56,-9.23
2016-04-08,000059,8.8,8.65,8.98,8.54,428317,373531680.0,4.89,-3.78,-0.34,3.06,-12.88,-14.99,-11.01,-11.12,-7.73,-6.91,-4.45,0.35,3.86,8.31,8.62,8.09,7.51,7.06,4.97,3.12,5.43,4.74,3.82,0.23,3.47,-3.93,-5.66,-3.35
2016-04-11,000059,9.08,8.7,9.08,8.59,481290,424656720.0,5.66,0.58,0.05,3.44,-15.48,-11.53,-11.64,-8.27,-7.45,-5.01,-0.23,3.26,7.68,4.54,8.73,8.24,7.63,7.15,2.53,4.83,4.14,3.22,-0.34,2.87,-4.48,-6.21,-3.91,-3.33
2016-04-12,000059,8.79,8.78,8.92,8.65,255530,223995964.0,3.1,0.92,0.08,1.83,-12.14,-12.25,-8.9,-8.09,-5.66,-0.92,2.54,6.94,3.82,4.97,8.8,8.37,7.74,7.24,3.87,3.19,2.28,-1.25,1.94,-5.35,-7.06,-4.78,-4.21,1.59
2016-04-13,000059,8.89,8.92,9.12,8.76,379334,339936256.0,4.1,1.59,0.14,2.71,-13.36,-10.05,-9.25,-6.85,-2.17,1.26,5.59,2.51,3.65,1.83,8.81,8.51,7.85,7.34,1.57,0.67,-2.8,0.34,-6.84,-8.52,-6.28,-5.72,0.0,-1.35
2016-04-14,000059,8.93,8.97,9.06,8.81,235371,209622587.0,2.8,0.56,0.05,1.68,-10.56,-9.76,-7.38,-2.72,0.68,4.99,1.93,3.06,1.25,3.52,8.8,8.63,7.96,7.44,0.11,-3.34,-0.22,-7.36,-9.03,-6.8,-6.24,-0.56,-1.9,-3.57
2016-04-15,000059,8.97,8.85,8.98,8.78,177066,156849218.0,2.23,-1.34,-0.12,1.26,-9.45,-7.06,-2.39,1.03,5.35,2.28,3.42,1.59,3.87,3.19,8.84,8.73,8.06,7.53,-2.03,1.13,-6.1,-7.8,-5.54,-4.97,0.79,-0.56,-2.26,-2.71
2016-04-18,000059,8.67,8.41,8.67,8.41,307272,259413198.0,2.94,-4.97,-0.44,2.19,-2.97,1.9,5.47,9.99,6.78,7.97,6.06,8.44,7.73,6.78,8.79,8.76,8.13,7.61,6.42,-1.19,-2.97,-0.59,0.0,6.06,4.64,2.85,2.38,5.35
2016-04-20,000059,8.5,8.07,8.95,7.88,745995,629567792.0,12.72,-4.04,-0.34,5.33,8.76,12.56,17.39,13.96,15.23,13.2,15.74,14.97,13.96,10.03,8.64,8.72,8.17,7.66,2.97,1.12,3.59,4.21,10.53,9.05,7.19,6.69,9.79,10.53
2016-04-21,000059,8.02,7.79,8.31,7.7,408326,327748656.0,7.56,-3.47,-0.28,2.92,15.19,20.13,16.62,17.92,15.84,18.44,17.66,16.62,12.6,16.23,8.42,8.61,8.2,7.71,4.75,7.32,7.96,14.51,12.97,11.04,10.53,13.74,14.51,12.97
2016-04-22,000059,7.8,8.13,8.16,7.78,357750,287343728.0,4.88,4.36,0.34,2.56,18.89,15.42,16.71,14.65,17.22,16.45,15.42,11.44,15.04,6.81,8.25,8.53,8.23,7.77,2.83,3.44,9.72,8.24,6.4,5.9,8.98,9.72,8.24,0.25
2016-04-25,000059,8.08,8.26,8.36,7.96,249681,205122976.0,4.92,1.6,0.13,1.78,12.81,14.07,12.06,14.57,13.82,12.81,8.92,12.44,4.4,2.51,8.13,8.49,8.29,7.83,1.82,7.99,6.54,4.72,4.24,7.26,7.99,6.54,-1.33,-2.42
2016-04-26,000059,8.27,8.29,8.41,8.12,207929,171843100.0,3.51,0.36,0.03,1.49,11.82,9.85,12.32,11.58,10.59,6.77,10.22,2.34,0.49,2.96,8.11,8.45,8.34,7.9,7.6,6.15,4.34,3.86,6.88,7.6,6.15,-1.69,-2.77,-2.65
2016-04-27,000059,8.33,8.6,8.92,8.27,393407,339118736.0,7.84,3.74,0.31,2.81,7.86,10.28,9.55,8.59,4.84,8.22,0.48,-1.33,1.09,1.69,8.21,8.43,8.4,7.97,2.33,0.58,0.12,3.02,3.72,2.33,-5.23,-6.28,-6.16,-2.56
2016-04-28,000059,8.68,8.6,8.8,8.45,282952,244346467.0,4.07,0.0,0.0,2.02,7.93,7.22,6.27,2.6,5.92,-1.66,-3.43,-1.07,-0.47,5.56,8.38,8.4,8.45,8.03,0.58,0.12,3.02,3.72,2.33,-5.23,-6.28,-6.16,-2.56,-3.49
2016-04-29,000059,8.56,8.4,8.65,8.31,188262,159296566.0,3.95,-2.33,-0.2,1.34,9.03,8.06,4.33,7.7,0.0,-1.81,0.6,1.2,7.34,5.9,8.43,8.34,8.48,8.09,2.5,5.48,6.19,4.76,-2.98,-4.05,-3.93,-0.24,-1.19,-4.64
2016-05-03,000059,8.38,8.55,8.61,8.23,254368,215248753.0,4.52,1.79,0.15,1.82,9.11,5.35,8.75,0.97,-0.85,1.58,2.19,8.38,6.93,5.1,8.49,8.31,8.52,8.14,3.63,4.33,2.92,-4.68,-5.73,-5.61,-1.99,-2.92,-6.32,2.69
2016-05-04,000059,8.51,8.76,8.86,8.38,269508,231705922.0,5.61,2.46,0.21,1.93,3.46,6.8,-0.84,-2.63,-0.24,0.36,6.44,5.01,3.22,2.74,8.58,8.35,8.55,8.2,1.83,0.46,-6.96,-7.99,-7.88,-4.34,-5.25,-8.56,0.23,-1.6
2016-05-05,000059,8.75,8.76,8.92,8.66,258429,226769360.0,2.97,0.0,0.0,1.85,3.35,-4.04,-5.77,-3.46,-2.89,3.0,1.62,-0.12,-0.58,2.31,8.61,8.41,8.57,8.25,0.46,-6.96,-7.99,-7.88,-4.34,-5.25,-8.56,0.23,-1.6,1.37
2016-05-06,000059,8.71,8.21,8.8,8.19,340615,287490320.0,6.96,-6.28,-0.55,2.43,1.47,-0.37,2.08,2.69,8.91,7.45,5.62,5.13,8.18,8.91,8.54,8.46,8.53,8.28,-0.73,-1.83,-1.71,2.07,1.1,-2.44,6.94,4.99,8.16,7.19
2016-05-09,000059,8.03,7.95,8.15,7.8,301458,240832229.0,4.26,-3.17,-0.26,2.15,4.62,7.18,7.82,14.36,12.82,10.9,10.38,13.59,14.36,12.82,8.45,8.44,8.48,8.3,1.38,1.51,5.41,4.4,0.75,10.44,8.43,11.7,10.69,12.08
2016-05-10,000059,7.92,7.96,8.06,7.9,130178,103763620.0,2.01,0.13,0.01,0.93,5.82,6.46,12.91,11.39,9.49,8.99,12.15,12.91,11.39,3.16,8.33,8.41,8.45,8.33,1.38,5.28,4.27,0.63,10.3,8.29,11.56,10.55,11.93,9.55
2016-05-11,000059,8.04,8.0,8.07,7.86,104758,83538670.0,2.64,0.5,0.04,0.75,7.0,13.49,11.96,10.05,9.54,12.72,13.49,11.96,3.69,2.54,8.18,8.38,8.41,8.35,4.75,3.75,0.12,9.75,7.75,11.0,10.0,11.38,9.0,9.62
2016-05-12,000059,7.94,8.26,8.38,7.78,227823,184369569.0,7.5,3.25,0.26,1.63,14.65,13.11,11.18,10.67,13.88,14.65,13.11,4.76,3.6,3.73,8.08,8.35,8.39,8.38,0.48,-3.03,6.3,4.36,7.51,6.54,7.87,5.57,6.17,6.42
2016-05-13,000059,8.21,8.03,8.3,7.96,153219,124429963.0,4.12,-2.78,-0.23,1.09,10.55,8.67,8.17,11.31,12.06,10.55,2.39,1.26,1.38,5.28,8.04,8.29,8.34,8.4,-0.25,9.34,7.35,10.59,9.59,10.96,8.59,9.22,9.46,7.22
2016-05-16,000059,7.97,7.98,8.01,7.8,180425,142349330.0,2.62,-0.62,-0.05,1.29,10.9,10.38,13.59,14.36,12.82,4.49,3.33,3.46,7.44,6.41,8.05,8.25,8.29,8.4,10.03,8.02,11.28,10.28,11.65,9.27,9.9,10.15,7.89,8.65
2016-05-17,000059,8.1,8.4,8.78,8.04,491248,417779392.0,9.27,5.26,0.42,3.51,7.09,10.2,10.95,9.45,1.37,0.25,0.37,4.23,3.23,-0.37,8.13,8.23,8.27,8.42,2.62,5.71,4.76,6.07,3.81,4.4,4.64,2.5,3.21,5.0
2016-05-18,000059,8.38,8.43,8.62,8.21,339960,287112240.0,4.88,0.36,0.03,2.43,7.92,8.65,7.19,-0.73,-1.83,-1.71,2.07,1.1,-2.44,6.94,8.22,8.2,8.27,8.43,5.34,4.39,5.69,3.44,4.03,4.27,2.14,2.85,4.63,11.63
2016-05-19,000059,8.46,8.63,8.88,8.43,363417,315042960.0,5.34,2.37,0.2,2.6,5.81,4.39,-3.32,-4.39,-4.27,-0.59,-1.54,-4.98,4.15,2.25,8.29,8.19,8.3,8.44,1.97,3.24,1.04,1.62,1.85,-0.23,0.46,2.2,9.04,10.89
2016-05-20,000059,8.59,8.78,8.8,8.5,228752,198922769.0,3.48,1.74,0.15,1.63,3.53,-4.12,-5.18,-5.06,-1.41,-2.35,-5.76,3.29,1.41,4.47,8.44,8.24,8.35,8.44,1.48,-0.68,-0.11,0.11,-1.94,-1.25,0.46,7.18,9.0,8.2
2016-05-23,000059,8.87,8.76,8.91,8.64,232148,202793804.0,3.08,-0.23,-0.02,1.66,-5.67,-6.71,-6.6,-3.01,-3.94,-7.29,1.62,-0.23,2.78,1.85,8.6,8.32,8.38,8.43,-0.46,0.11,0.34,-1.71,-1.03,0.68,7.42,9.25,8.45,7.99
2016-05-24,000059,8.69,8.58,8.72,8.49,158201,135606913.0,2.63,-2.05,-0.18,1.13,-5.06,-4.95,-1.3,-2.24,-5.65,3.42,1.53,4.59,3.65,4.95,8.64,8.39,8.4,8.43,2.21,2.45,0.35,1.05,2.8,9.67,11.54,10.72,10.26,11.77
2016-05-25,000059,8.75,8.7,8.77,8.54,166063,144073932.0,2.68,1.4,0.12,1.19,-5.5,-1.87,-2.81,-6.21,2.81,0.94,3.98,3.04,4.33,2.11,8.69,8.46,8.42,8.43,1.03,-1.03,-0.34,1.38,8.16,10.0,9.2,8.74,10.23,9.08
2016-05-26,000059,8.7,8.6,8.79,8.42,197179,168483317.0,4.25,-1.15,-0.1,1.41,-0.48,-1.43,-4.87,4.28,2.38,5.46,4.51,5.82,3.56,4.16,8.68,8.49,8.42,8.42,0.12,0.81,2.56,9.42,11.28,10.47,10.0,11.51,10.35,6.74
2016-05-27,000059,8.55,8.6,8.61,8.45,124854,106502542.0,1.86,0.0,0.0,0.89,-1.78,-5.21,3.91,2.01,5.09,4.14,5.44,3.2,3.79,4.02,8.65,8.55,8.42,8.41,0.81,2.56,9.42,11.28,10.47,10.0,11.51,10.35,6.74,0.47
2016-05-30,000059,8.5,8.55,8.67,8.42,110537,94471505.0,2.91,-0.58,-0.05,0.79,-4.87,4.28,2.38,5.46,4.51,5.82,3.56,4.16,4.39,2.26,8.61,8.6,8.42,8.4,3.16,10.06,11.93,11.11,10.64,12.16,10.99,7.37,1.05,2.57
2016-05-31,000059,8.64,8.77,8.82,8.51,349046,303945584.0,3.63,2.57,0.22,2.49,3.17,1.29,4.35,3.41,4.7,2.47,3.06,3.29,1.18,1.88,8.64,8.64,8.44,8.39,7.3,9.12,8.32,7.87,9.35,8.21,4.68,-1.48,0.0,-1.25
2016-06-01,000059,8.77,9.27,9.41,8.77,506680,461934288.0,7.3,5.7,0.5,3.62,-1.71,1.25,0.34,1.6,-0.57,0.0,0.23,-1.82,-1.14,0.57,8.76,8.72,8.46,8.42,3.24,2.48,2.05,3.45,2.37,-0.97,-6.8,-5.39,-6.58,-7.87
2016-06-02,000059,9.34,9.29,9.57,9.22,379803,356002496.0,3.78,0.22,0.02,2.71,-3.69,-4.56,-3.36,-5.42,-4.88,-4.66,-6.62,-5.97,-4.34,2.06,8.9,8.79,8.49,8.46,2.26,1.83,3.23,2.15,-1.18,-7.0,-5.6,-6.78,-8.07,-6.57
2016-06-03,000059,9.38,9.35,9.5,9.13,279034,257947689.0,3.98,0.65,0.06,1.99,-3.61,-2.41,-4.49,-3.94,-3.72,-5.7,-5.04,-3.4,3.07,4.82,9.05,8.85,8.54,8.52,1.18,2.57,1.5,-1.82,-7.59,-6.2,-7.38,-8.66,-7.17,0.64
2016-06-06,000059,9.4,9.26,9.46,9.2,211851,197168367.0,2.78,-0.96,-0.09,1.51,-3.15,-5.22,-4.67,-4.46,-6.41,-5.76,-4.13,2.28,4.02,3.26,9.19,8.9,8.61,8.55,3.56,2.48,-0.86,-6.7,-5.29,-6.48,-7.78,-6.26,1.62,4.43
2016-06-07,000059,9.39,9.5,9.59,9.31,340898,322969920.0,3.02,2.59,0.24,2.44,-6.34,-5.8,-5.59,-7.52,-6.87,-5.26,1.07,2.79,2.04,1.61,9.33,8.99,8.69,8.59,-0.11,-3.37,-9.05,-7.68,-8.84,-10.11,-8.63,-0.95,1.79,3.05
2016-06-08,000059,9.36,9.36,9.49,9.19,241962,225201166.0,3.16,-1.47,-0.14,1.73,-4.57,-4.35,-6.31,-5.66,-4.03,2.39,4.13,3.37,2.94,4.35,9.35,9.06,8.76,8.63,-1.92,-7.69,-6.3,-7.48,-8.76,-7.26,0.53,3.31,4.59,1.6
2016-06-13,000059,9.1,8.55,9.18,8.55,370350,330007216.0,6.73,-8.65,-0.81,2.65,2.81,0.7,1.4,3.16,10.06,11.93,11.11,10.64,12.16,10.99,9.2,9.05,8.77,8.63,1.05,2.57,1.29,-0.12,1.52,10.06,13.1,14.5,11.23,13.22
2016-06-14,000059,8.42,8.53,8.64,8.38,185199,157314472.0,3.04,-0.23,-0.02,1.32,2.74,3.46,5.25,12.29,14.2,13.37,12.89,14.44,13.25,9.55,9.04,9.04,8.79,8.63,2.81,1.52,0.12,1.76,10.32,13.36,14.77,11.49,13.48,10.67
2016-06-15,000059,8.47,8.71,8.77,8.39,218182,188484497.0,4.45,2.11,0.18,1.56,3.34,5.13,12.16,14.06,13.23,12.75,14.3,13.11,9.42,2.98,8.93,9.06,8.83,8.64,-0.57,-1.95,-0.34,8.04,11.02,12.4,9.18,11.14,8.38,8.5
2016-06-16,000059,8.65,8.49,8.66,8.38,267495,227144615.0,3.21,-2.53,-0.22,1.91,5.25,12.29,14.2,13.37,12.89,14.44,13.25,9.55,3.1,4.65,8.73,9.03,8.84,8.63,0.59,2.24,10.84,13.9,15.31,12.01,14.02,11.19,11.31,11.78
2016-06-17,000059,8.42,8.44,8.54,8.34,220909,186648533.0,2.36,-0.59,-0.05,1.58,12.83,14.75,13.91,13.43,14.99,13.79,10.07,3.6,5.16,3.84,8.54,8.95,8.84,8.62,2.84,11.49,14.57,16.0,12.68,14.69,11.85,11.97,12.44,11.97
2016-06-20,000059,8.46,8.61,8.68,8.45,196402,168507854.0,2.73,2.01,0.17,1.4,13.25,12.43,11.95,13.49,12.31,8.64,2.25,3.79,2.49,1.07,8.56,8.88,8.84,8.62,9.29,12.31,13.7,10.45,12.43,9.64,9.76,10.22,9.76,16.03
2016-06-21,000059,8.66,9.11,9.41,8.66,604608,546384096.0,8.71,5.81,0.5,4.32,9.7,9.24,10.74,9.58,6.0,-0.23,1.27,0.0,-1.39,0.23,8.67,8.86,8.85,8.65,6.15,7.46,4.39,6.26,3.62,3.73,4.17,3.73,9.66,13.5
2016-06-22,000059,9.07,9.66,9.67,9.01,511085,480908016.0,7.24,6.04,0.55,3.65,4.99,6.44,5.33,1.89,-4.11,-2.66,-3.88,-5.22,-3.66,4.44,8.86,8.9,8.9,8.71,1.35,-1.55,0.21,-2.28,-2.17,-1.76,-2.17,3.42,7.04,4.45
2016-06-23,000059,9.6,9.57,9.79,9.43,276507,265056271.0,3.73,-0.93,-0.09,1.98,1.7,0.64,-2.65,-8.38,-7.0,-8.17,-9.44,-7.95,-0.21,2.55,9.08,8.9,8.95,8.76,-0.63,1.15,-1.36,-1.25,-0.84,-1.25,4.39,8.05,5.43,9.93
2016-06-24,000059,9.5,9.3,9.51,8.83,363141,334795216.0,7.11,-2.82,-0.27,2.59,7.47,3.96,-2.15,-0.68,-1.93,-3.28,-1.7,6.57,9.51,10.87,9.25,8.9,8.98,8.8,4.09,1.51,1.61,2.04,1.61,7.42,11.18,8.49,13.12,7.74
2016-06-27,000059,9.14,9.62,9.68,9.11,291686,278133712.0,6.13,3.44,0.32,2.08,0.77,-5.16,-3.73,-4.94,-6.26,-4.72,3.29,6.15,7.46,4.39,9.45,9.0,9.03,8.85,-1.87,-1.77,-1.35,-1.77,3.85,7.48,4.89,9.36,4.16,4.68
2016-06-28,000059,9.43,9.34,9.44,9.07,493445,456459328.0,3.85,-2.91,-0.28,3.52,-4.74,-3.31,-4.52,-5.84,-4.3,3.75,6.62,7.94,4.85,6.73,9.5,9.09,9.06,8.89,1.18,1.61,1.18,6.96,10.71,8.03,12.63,7.28,7.82,5.57
2016-06-29,000059,9.35,9.1,9.45,9.05,420714,385966896.0,4.28,-2.57,-0.24,3.01,-3.09,-4.31,-5.64,-4.09,3.98,6.85,8.18,5.08,6.96,4.31,9.39,9.12,9.09,8.93,4.29,3.85,9.78,13.63,10.88,15.6,10.11,10.66,8.35,5.16
2016-06-30,000059,9.2,9.3,9.49,9.15,376927,351823792.0,3.74,2.2,0.2,2.69,-5.36,-6.67,-5.14,2.84,5.68,6.99,3.93,5.79,3.17,3.28,9.33,9.21,9.12,8.96,1.61,7.42,11.18,8.49,13.12,7.74,8.28,6.02,2.9,2.15
2016-07-01,000059,9.28,9.33,9.45,9.17,204509,190622397.0,3.01,0.32,0.03,1.46,-6.87,-5.34,2.62,5.45,6.76,3.71,5.56,2.94,3.05,3.49,9.34,9.29,9.12,8.99,7.07,10.83,8.15,12.75,7.4,7.93,5.68,2.57,1.82,2.47
2016-07-04,000059,9.33,9.91,9.99,9.22,490140,478270032.0,8.25,6.22,0.58,3.5,-5.86,2.06,4.88,6.18,3.15,4.99,2.39,2.49,2.93,2.49,9.4,9.42,9.15,9.03,4.34,1.82,6.16,1.11,1.61,-0.5,-3.43,-4.14,-3.53,-3.94
2016-07-05,000059,10.0,9.97,10.34,9.87,488017,493667456.0,4.74,0.61,0.06,3.49,-4.66,-2.03,-0.81,-3.65,-1.93,-4.36,-4.26,-3.85,-4.26,1.22,9.52,9.51,9.18,9.07,1.2,5.52,0.5,1.0,-1.1,-4.01,-4.71,-4.11,-4.51,-5.32
2016-07-06,000059,9.96,9.95,10.09,9.75,416701,411247152.0,3.41,-0.2,-0.02,2.98,-0.82,0.41,-2.46,-0.72,-3.18,-3.08,-2.67,-3.08,2.46,6.05,9.69,9.54,9.22,9.11,5.73,0.7,1.21,-0.9,-3.82,-4.52,-3.92,-4.32,-5.13,-5.23
2016-07-07,000059,10.1,10.12,10.52,9.95,543413,554370320.0,5.73,1.71,0.17,3.88,-1.61,-4.42,-2.71,-5.13,-5.03,-4.62,-5.03,0.4,3.92,1.41,9.86,9.59,9.25,9.16,-0.99,-0.49,-2.57,-5.43,-6.13,-5.53,-5.93,-6.72,-6.82,-7.21
2016-07-08,000059,10.02,10.0,10.02,9.8,285801,283069488.0,2.17,-1.19,-0.12,2.04,-2.96,-1.22,-3.67,-3.57,-3.16,-3.57,1.94,5.51,2.96,7.35,9.99,9.66,9.28,9.21,0.7,-1.4,-4.3,-5.0,-4.4,-4.8,-5.6,-5.7,-6.1,-6.9
2016-07-11,000059,9.96,9.85,10.07,9.71,415649,409788400.0,3.6,-1.5,-0.15,2.97,-0.31,-2.78,-2.68,-2.27,-2.68,2.88,6.49,3.91,8.34,3.19,9.98,9.69,9.35,9.25,0.1,-2.84,-3.55,-2.94,-3.35,-4.16,-4.26,-4.67,-5.48,-5.89
2016-07-12,000059,9.86,9.5,9.86,9.17,1146785,1089852016.0,7.01,-3.55,-0.35,8.19,2.94,3.05,3.49,3.05,8.94,12.76,10.03,14.72,9.27,9.81,9.88,9.7,9.39,9.28,0.74,0.0,0.63,0.21,-0.63,-0.74,-1.16,-2.0,-2.42,-2.0
2016-07-13,000059,9.51,9.48,9.57,9.32,425762,402527984.0,2.63,-0.21,-0.02,3.04,1.39,1.82,1.39,7.19,10.94,8.26,12.88,7.51,8.05,5.79,9.79,9.74,9.43,9.31,0.21,0.84,0.42,-0.42,-0.53,-0.95,-1.79,-2.22,-1.79,-1.69
2016-07-14,000059,9.48,9.4,9.5,9.27,311251,291847760.0,2.43,-0.84,-0.08,2.22,2.37,1.94,7.77,11.54,8.85,13.48,8.09,8.63,6.36,3.24,9.65,9.75,9.48,9.33,1.7,1.28,0.43,0.32,-0.11,-0.96,-1.38,-0.96,-0.85,-4.57
2016-07-15,000059,9.42,9.54,9.56,9.37,322602,306427760.0,2.02,1.49,0.14,2.3,0.85,6.62,10.35,7.68,12.27,6.94,7.47,5.23,2.13,1.39,9.55,9.77,9.53,9.34,-0.21,-1.05,-1.15,-1.57,-2.41,-2.83,-2.41,-2.31,-5.97,-3.77
2016-07-18,000059,9.5,9.38,9.52,9.35,198947,187172597.0,1.78,-1.68,-0.16,1.42,6.84,10.59,7.91,12.51,7.17,7.7,5.45,2.35,1.6,2.25,9.46,9.72,9.57,9.34,0.64,0.53,0.11,-0.75,-1.17,-0.75,-0.64,-4.37,-2.13,-2.67
2016-07-19,000059,9.38,9.31,9.44,9.17,248159,229963821.0,2.88,-0.75,-0.07,1.77,12.76,10.03,14.72,9.27,9.81,7.52,4.36,3.6,4.25,3.82,9.42,9.65,9.58,9.34,1.29,0.86,0.0,-0.43,0.0,0.11,-3.65,-1.4,-1.93,-1.72
2016-07-20,000059,9.32,9.33,9.43,9.28,154938,144868007.0,1.61,0.21,0.02,1.11,8.73,13.36,7.97,8.51,6.25,3.12,2.37,3.02,2.59,1.72,9.39,9.59,9.57,9.34,0.64,-0.21,-0.64,-0.21,-0.11,-3.86,-1.61,-2.14,-1.93,-2.04
2016-07-21,000059,9.36,9.3,9.39,9.25,178179,165820886.0,1.5,-0.32,-0.03,1.27,13.73,8.32,8.86,6.59,3.46,2.7,3.35,2.92,2.05,1.95,9.37,9.51,9.55,9.34,0.11,-0.32,0.11,0.22,-3.55,-1.29,-1.83,-1.61,-1.72,0.54
2016-07-22,000059,9.31,9.08,9.31,9.04,280002,255887377.0,2.9,-2.37,-0.22,2.0,10.84,11.39,9.07,5.86,5.09,5.75,5.31,4.42,4.31,3.87,9.28,9.42,9.54,9.33,2.09,2.53,2.64,-1.21,1.1,0.55,0.77,0.66,2.97,1.76
2016-07-25,000059,9.07,9.25,9.27,9.04,187365,171980666.0,2.53,1.87,0.17,1.34,11.39,9.07,5.86,5.09,5.75,5.31,4.42,4.31,3.87,2.99,9.25,9.36,9.52,9.35,0.65,0.76,-3.03,-0.76,-1.3,-1.08,-1.19,1.08,-0.11,-0.32
2016-07-26,000059,9.25,9.27,9.31,9.17,154752,142951269.0,1.51,0.22,0.02,1.11,7.52,4.36,3.6,4.25,3.82,2.94,2.84,2.4,1.53,1.09,9.25,9.33,9.52,9.37,0.54,-3.24,-0.97,-1.51,-1.29,-1.4,0.86,-0.32,-0.54,-0.32
2016-07-27,000059,9.29,8.8,9.32,8.71,345498,309593840.0,6.58,-5.07,-0.47,2.47,9.87,9.07,9.76,9.3,8.38,8.27,7.81,6.89,6.43,6.89,9.14,9.27,9.5,9.38,1.93,4.32,3.75,3.98,3.86,6.25,5.0,4.77,5.0,5.11
2016-07-28,000059,8.8,8.95,8.97,8.69,215421,190605576.0,3.18,1.7,0.15,1.54,9.32,10.01,9.55,8.63,8.52,8.06,7.13,6.67,7.13,7.25,9.07,9.22,9.49,9.39,2.57,2.01,2.23,2.12,4.47,3.24,3.02,3.24,3.35,2.01
2016-07-29,000059,8.89,9.1,9.18,8.89,208282,189472824.0,3.24,1.68,0.15,1.49,7.54,7.09,6.19,6.07,5.62,4.72,4.27,4.72,4.84,0.9,9.07,9.18,9.47,9.41,0.33,0.55,0.44,2.75,1.54,1.32,1.54,1.65,0.33,0.55
2016-08-01,000059,9.05,9.09,9.13,8.86,163852,147386674.0,2.97,-0.11,-0.01,1.17,7.45,6.55,6.43,5.98,5.08,4.63,5.08,5.19,1.24,3.61,9.04,9.15,9.43,9.43,0.66,0.55,2.86,1.65,1.43,1.65,1.76,0.44,0.66,3.85
2016-08-02,000059,9.06,9.11,9.15,9.03,122486,111479519.0,1.32,0.22,0.02,0.87,4.54,4.43,3.99,3.1,2.66,3.1,3.21,-0.66,1.66,1.11,9.01,9.13,9.39,9.43,0.33,2.63,1.43,1.21,1.43,1.54,0.22,0.44,3.62,5.16
2016-08-03,000059,9.14,9.06,9.14,9.02,107102,97190396.0,1.32,-0.55,-0.05,0.77,4.55,4.1,3.22,2.77,3.22,3.33,-0.55,1.77,1.22,1.44,9.06,9.1,9.35,9.41,3.2,1.99,1.77,1.99,2.1,0.77,0.99,4.19,5.74,4.19
2016-08-04,000059,9.07,9.26,9.35,9.07,224702,207329499.0,3.09,2.21,0.2,1.61,3.53,2.65,2.21,2.65,2.76,-1.1,1.21,0.66,0.88,0.77,9.12,9.1,9.3,9.4,-0.22,-0.43,-0.22,-0.11,-1.4,-1.19,1.94,3.46,1.94,1.51
2016-08-05,000059,9.23,9.17,9.24,9.12,141660,129969428.0,1.3,-0.97,-0.09,1.01,2.08,1.64,2.08,2.19,-1.64,0.66,0.11,0.33,0.22,2.52,9.14,9.11,9.26,9.4,0.55,0.76,0.87,-0.44,-0.22,2.94,4.47,2.94,2.51,2.4
2016-08-08,000059,9.17,9.2,9.22,9.05,133363,121942350.0,1.85,0.33,0.03,0.95,2.43,2.87,2.98,-0.88,1.44,0.88,1.1,0.99,3.31,2.1,9.16,9.1,9.23,9.38,0.43,0.54,-0.76,-0.54,2.61,4.13,2.61,2.17,2.07,1.85
2016-08-09,000059,9.19,9.22,9.24,9.14,122528,112568360.0,1.09,0.22,0.02,0.88,1.86,1.97,-1.86,0.44,-0.11,0.11,0.0,2.3,1.09,0.88,9.18,9.1,9.22,9.38,0.33,-0.98,-0.76,2.39,3.9,2.39,1.95,1.84,1.63,0.33
2016-08-10,000059,9.23,9.12,9.25,9.1,135160,123855661.0,1.63,-1.08,-0.1,0.97,2.42,-1.43,0.88,0.33,0.55,0.44,2.75,1.54,1.32,1.54,9.19,9.13,9.2,9.38,0.11,0.33,3.51,5.04,3.51,3.07,2.96,2.74,1.43,1.1
2016-08-11,000059,9.12,8.99,9.13,8.98,128341,116359200.0,1.64,-1.43,-0.13,0.92,-0.11,2.23,1.67,1.89,1.78,4.12,2.9,2.67,2.9,3.01,9.14,9.13,9.18,9.37,1.78,5.01,6.56,5.01,4.56,4.45,4.23,2.89,2.56,2.22
2016-08-12,000059,9.01,9.15,9.15,8.93,120395,108637560.0,2.45,1.78,0.16,0.86,2.8,2.24,2.46,2.35,4.7,3.47,3.25,3.47,3.58,2.24,9.14,9.14,9.16,9.36,3.17,4.7,3.17,2.73,2.62,2.4,1.09,0.77,0.44,0.22
2016-08-15,000059,9.13,9.38,9.44,9.12,331354,309417360.0,3.5,2.51,0.23,2.37,0.11,0.33,0.22,2.52,1.32,1.1,1.32,1.43,0.11,0.33,9.17,9.17,9.16,9.34,2.13,0.64,0.21,0.11,-0.11,-1.39,-1.71,-2.03,-2.24,-1.81
2016-08-16,000059,9.38,9.36,9.58,9.34,259154,244616929.0,2.56,-0.21,-0.02,1.85,-2.03,-2.14,0.11,-1.07,-1.28,-1.07,-0.96,-2.25,-2.03,1.07,9.2,9.19,9.16,9.32,0.85,0.43,0.32,0.11,-1.18,-1.5,-1.82,-2.03,-1.6,-3.31
2016-08-17,000059,9.4,9.36,9.44,9.31,190630,178820101.0,1.39,0.0,0.0,1.36,-1.83,0.43,-0.75,-0.97,-0.75,-0.64,-1.93,-1.72,1.4,2.9,9.25,9.22,9.16,9.3,0.43,0.32,0.11,-1.18,-1.5,-1.82,-2.03,-1.6,-3.31,-4.59
2016-08-18,000059,9.35,9.3,9.4,9.24,181746,169292486.0,1.71,-0.64,-0.06,1.3,1.19,0.0,-0.22,0.0,0.11,-1.19,-0.97,2.16,3.68,2.16,9.31,9.23,9.16,9.28,0.97,0.75,-0.54,-0.86,-1.18,-1.4,-0.97,-2.69,-3.98,-4.19
2016-08-19,000059,9.29,9.34,9.39,9.25,135006,125702626.0,1.51,0.43,0.04,0.96,-0.11,-0.32,-0.11,0.0,-1.3,-1.08,2.05,3.57,2.05,1.62,9.35,9.24,9.17,9.26,0.32,-0.96,-1.28,-1.61,-1.82,-1.39,-3.1,-4.39,-4.6,-5.46
2016-08-22,000059,9.3,9.21,9.37,9.18,162673,150528165.0,2.03,-1.39,-0.13,1.16,0.44,0.65,0.76,-0.54,-0.33,2.83,4.36,2.83,2.4,2.29,9.31,9.24,9.17,9.23,0.43,0.11,-0.22,-0.43,0.0,-1.74,-3.04,-3.26,-4.13,-5.86
2016-08-23,000059,9.19,9.16,9.25,9.1,139528,127906117.0,1.63,-0.54,-0.05,1.0,1.54,1.65,0.33,0.55,3.74,5.27,3.74,3.3,3.19,2.97,9.27,9.24,9.17,9.22,0.66,0.33,0.11,0.55,-1.2,-2.51,-2.73,-3.6,-5.35,-3.71
2016-08-24,000059,9.19,9.19,9.22,9.14,84727,77824905.0,0.87,0.33,0.03,0.61,1.2,-0.11,0.11,3.28,4.81,3.28,2.84,2.74,2.52,1.2,9.24,9.24,9.19,9.21,0.0,-0.22,0.22,-1.52,-2.83,-3.05,-3.92,-5.66,-4.03,-3.48
2016-08-25,000059,9.19,9.07,9.19,8.97,159857,144696819.0,2.39,-1.31,-0.12,1.14,1.78,2.01,5.24,6.8,5.24,4.79,4.68,4.46,3.12,2.79,9.19,9.25,9.19,9.2,1.1,1.54,-0.22,-1.54,-1.76,-2.65,-4.41,-2.76,-2.21,-2.76
2016-08-26,000059,9.07,9.14,9.17,9.05,140431,127922844.0,1.32,0.77,0.07,1.0,1.1,4.31,5.86,4.31,3.87,3.76,3.54,2.21,1.88,1.55,9.15,9.25,9.19,9.19,0.77,-0.98,-2.3,-2.52,-3.39,-5.14,-3.5,-2.95,-3.5,-3.61
2016-08-29,000059,9.18,8.98,9.21,8.97,199665,181056269.0,2.63,-1.75,-0.16,1.43,5.24,6.8,5.24,4.79,4.68,4.46,3.12,2.79,2.45,2.23,9.11,9.21,9.19,9.18,0.78,-0.56,-0.78,-1.67,-3.45,-1.78,-1.22,-1.78,-1.89,-3.34
2016-08-30,000059,8.98,8.9,9.05,8.88,216147,193331056.0,1.89,-0.89,-0.08,1.54,7.88,6.31,5.86,5.74,5.52,4.17,3.83,3.49,3.27,3.72,9.06,9.17,9.18,9.16,0.34,0.11,-0.79,-2.58,-0.9,-0.34,-0.9,-1.01,-2.47,-4.04
2016-08-31,000059,8.82,8.91,8.93,8.82,129191,114540020.0,1.24,0.11,0.01,0.92,7.03,6.58,6.46,6.24,4.88,4.54,4.2,3.97,4.42,2.61,9.0,9.12,9.17,9.15,0.0,-0.9,-2.69,-1.01,-0.45,-1.01,-1.12,-2.58,-4.15,-5.05
2016-09-01,000059,8.9,8.77,8.91,8.75,176810,156139217.0,1.8,-1.57,-0.14,1.26,7.43,7.31,7.09,5.71,5.37,5.03,4.8,5.26,3.43,2.06,8.94,9.07,9.15,9.13,0.68,-1.14,0.57,1.14,0.57,0.46,-1.03,-2.62,-3.53,-2.74
2016-09-02,000059,8.75,8.62,8.83,8.58,197577,171554824.0,2.85,-1.71,-0.15,1.41,9.44,9.21,7.81,7.46,7.11,6.88,7.34,5.48,4.08,3.85,8.84,9.0,9.12,9.11,0.58,2.32,2.9,2.32,2.2,0.7,-0.93,-1.86,-1.04,-0.7
2016-09-05,000059,8.63,8.59,8.67,8.57,130670,112578330.0,1.16,-0.35,-0.03,0.93,9.33,7.93,7.58,7.23,7.0,7.47,5.6,4.2,3.97,3.03,8.76,8.93,9.09,9.09,2.68,3.26,2.68,2.56,1.05,-0.58,-1.51,-0.7,-0.35,-0.23
2016-09-06,000059,8.6,8.79,8.82,8.57,201602,175881386.0,2.91,2.33,0.2,1.44,7.93,7.58,7.23,7.0,7.47,5.6,4.2,3.97,3.03,1.17,8.74,8.9,9.07,9.08,0.91,0.34,0.23,-1.25,-2.84,-3.75,-2.96,-2.62,-2.5,-2.28
2016-09-07,000059,8.78,8.73,8.87,8.7,169334,148533733.0,1.93,-0.68,-0.06,1.21,5.98,5.63,5.4,5.86,4.02,2.64,2.41,1.49,-0.34,1.38,8.7,8.85,9.05,9.07,1.03,0.92,-0.57,-2.18,-3.09,-2.29,-1.95,-1.83,-1.6,-2.06
2016-09-08,000059,8.73,8.76,8.82,8.7,101968,89363207.0,1.37,0.34,0.03,0.73,5.63,5.4,5.86,4.02,2.64,2.41,1.49,-0.34,1.38,1.95,8.7,8.82,9.04,9.07,0.57,-0.91,-2.51,-3.42,-2.63,-2.28,-2.17,-1.94,-2.4,-2.97
2016-09-09,000059,8.75,8.78,8.81,8.74,126254,110762313.0,0.8,0.23,0.02,0.9,4.92,5.38,3.55,2.17,1.95,1.03,-0.8,0.92,1.49,0.92,8.73,8.78,9.02,9.06,-1.14,-2.73,-3.64,-2.85,-2.51,-2.39,-2.16,-2.62,-3.19,-5.58
2016-09-12,000059,8.61,8.45,8.68,8.4,207095,177125307.0,3.19,-3.76,-0.33,1.48,9.64,7.74,6.31,6.07,5.12,3.21,5.0,5.6,5.0,4.88,8.7,8.73,8.97,9.04,1.07,0.12,0.95,1.3,1.42,1.66,1.18,0.59,-1.89,-2.01
2016-09-13,000059,8.45,8.47,8.54,8.43,71360,60443679.0,1.3,0.24,0.02,0.51,7.35,5.93,5.69,4.74,2.85,4.63,5.22,4.63,4.51,2.97,8.64,8.69,8.93,9.01,-0.12,0.71,1.06,1.18,1.42,0.94,0.35,-2.13,-2.24,2.83
2016-09-14,000059,8.45,8.44,8.46,8.36,88431,74398960.0,1.18,-0.35,-0.03,0.63,6.82,6.58,5.62,3.71,5.5,6.1,5.5,5.38,3.83,2.15,8.58,8.64,8.88,8.99,1.07,1.42,1.54,1.78,1.3,0.71,-1.78,-1.9,3.2,5.09
2016-09-19,000059,8.44,8.5,8.53,8.42,113324,96139640.0,1.3,0.71,0.06,0.81,5.82,4.87,2.97,4.75,5.34,4.75,4.63,3.09,1.43,0.48,8.53,8.61,8.84,8.97,0.71,0.82,1.06,0.59,0.0,-2.47,-2.59,2.47,4.35,5.53
2016-09-20,000059,8.5,8.54,8.56,8.48,80224,68391452.0,0.94,0.47,0.04,0.57,4.13,2.24,4.01,4.6,4.01,3.89,2.36,0.71,-0.24,0.59,8.48,8.61,8.8,8.95,0.35,0.59,0.12,-0.47,-2.93,-3.04,1.99,3.86,5.04,7.85
2016-09-21,000059,8.54,8.54,8.57,8.49,81907,69862602.0,0.94,0.0,0.0,0.59,2.12,3.89,4.48,3.89,3.77,2.24,0.59,-0.35,0.47,0.82,8.5,8.6,8.77,8.93,0.59,0.12,-0.47,-2.93,-3.04,1.99,3.86,5.04,7.85,6.32
2016-09-22,000059,8.55,8.54,8.59,8.47,114204,97575129.0,1.41,0.0,0.0,0.82,4.13,4.72,4.13,4.01,2.48,0.83,-0.12,0.71,1.06,1.18,8.51,8.58,8.74,8.9,0.12,-0.47,-2.93,-3.04,1.99,3.86,5.04,7.85,6.32,6.56
2016-09-23,000059,8.53,8.52,8.55,8.46,85571,72692272.0,1.05,-0.23,-0.02,0.61,4.85,4.26,4.14,2.6,0.95,0.0,0.83,1.18,1.3,1.54,8.53,8.55,8.7,8.88,-0.23,-2.7,-2.82,2.23,4.11,5.28,8.1,6.57,6.81,5.52
2016-09-26,000059,8.5,8.22,8.5,8.19,149420,124814703.0,3.64,-3.52,-0.3,1.07,7.69,7.57,5.98,4.27,3.3,4.15,4.52,4.64,4.88,4.4,8.47,8.5,8.66,8.86,0.85,0.73,5.96,7.91,9.12,12.04,10.46,10.71,9.37,11.19
2016-09-27,000059,8.22,8.28,8.29,8.2,93304,76883185.0,1.09,0.73,0.06,0.67,7.44,5.85,4.15,3.17,4.02,4.39,4.51,4.76,4.27,3.66,8.42,8.45,8.62,8.83,0.0,5.19,7.13,8.33,11.23,9.66,9.9,8.57,10.39,10.14
2016-09-28,000059,8.27,8.25,8.28,8.2,73199,60264864.0,0.97,-0.36,-0.03,0.52,5.85,4.15,3.17,4.02,4.39,4.51,4.76,4.27,3.66,1.1,8.36,8.43,8.58,8.79,5.58,7.52,8.73,11.64,10.06,10.3,8.97,10.79,10.55,11.64
2016-09-29,000059,8.27,8.53,8.71,8.26,294345,252148004.0,5.45,3.39,0.28,2.1,3.39,2.42,3.27,3.63,3.75,4.0,3.51,2.91,0.36,0.24,8.36,8.44,8.56,8.76,3.99,5.16,7.97,6.45,6.68,5.39,7.15,6.92,7.97,7.39
2016-09-30,000059,8.53,8.84,8.87,8.5,311405,271477424.0,4.34,3.63,0.31,2.22,-0.47,0.35,0.71,0.82,1.06,0.59,0.0,-2.47,-2.59,2.47,8.42,8.48,8.56,8.75,1.47,4.19,2.71,2.94,1.7,3.39,3.17,4.19,3.62,2.26
2016-10-10,000059,8.9,8.93,8.97,8.75,416527,369458768.0,2.49,1.02,0.09,2.98,-2.51,-2.17,-2.06,-1.83,-2.29,-2.86,-5.26,-5.37,-0.46,1.37,8.57,8.52,8.57,8.73,3.14,1.68,1.9,0.67,2.35,2.13,3.14,2.58,1.23,1.01
2016-10-11,000059,8.92,8.94,9.21,8.92,330615,299309024.0,3.25,0.11,0.01,2.36,-4.04,-3.92,-3.7,-4.15,-4.71,-7.06,-7.17,-2.35,-0.56,0.56,8.7,8.56,8.58,8.72,1.57,1.79,0.56,2.24,2.01,3.02,2.46,1.12,0.89,0.56
2016-10-12,000059,8.9,8.94,9.08,8.86,200463,179810659.0,2.46,0.0,0.0,1.43,-3.27,-3.05,-3.5,-4.06,-6.43,-6.55,-1.69,0.11,1.24,3.95,8.84,8.6,8.6,8.71,1.79,0.56,2.24,2.01,3.02,2.46,1.12,0.89,0.56,0.11
2016-10-13,000059,8.99,8.95,9.1,8.92,198134,178253292.0,2.01,0.11,0.01,1.42,-3.7,-4.15,-4.71,-7.06,-7.17,-2.35,-0.56,0.56,3.25,1.79,8.92,8.64,8.61,8.7,0.45,2.12,1.9,2.91,2.35,1.01,0.78,0.45,0.0,-0.67
2016-10-14,000059,8.94,8.91,8.99,8.82,158670,141252884.0,1.9,-0.45,-0.04,1.13,-3.06,-3.63,-6.01,-6.12,-1.25,0.57,1.7,4.42,2.95,3.17,8.93,8.68,8.62,8.69,2.58,2.36,3.37,2.81,1.46,1.23,0.9,0.45,-0.22,0.45
2016-10-17,000059,8.94,8.98,9.14,8.93,232302,209796556.0,2.36,0.79,0.07,1.66,-4.82,-7.17,-7.28,-2.46,-0.67,0.45,3.14,1.68,1.9,0.67,8.94,8.76,8.63,8.69,1.56,2.56,2.0,0.67,0.45,0.11,-0.33,-1.0,-0.33,-1.11
2016-10-18,000059,9.04,9.12,9.12,8.98,255410,231448860.0,1.56,1.56,0.14,1.82,-7.68,-7.8,-3.01,-1.22,-0.11,2.56,1.11,1.34,0.11,1.78,8.98,8.84,8.64,8.69,0.99,0.44,-0.88,-1.1,-1.43,-1.86,-2.52,-1.86,-2.63,-2.74
2016-10-19,000059,9.18,9.12,9.21,9.04,210626,191988932.0,1.86,0.0,0.0,1.5,-8.41,-3.65,-1.88,-0.77,1.88,0.44,0.66,-0.55,1.11,0.88,9.02,8.93,8.68,8.7,0.44,-0.88,-1.1,-1.43,-1.86,-2.52,-1.86,-2.63,-2.74,-3.07
2016-10-20,000059,9.14,9.05,9.16,8.99,209194,189331866.0,1.86,-0.77,-0.07,1.49,-3.11,-1.33,-0.22,2.45,1.0,1.22,0.0,1.67,1.45,2.45,9.04,8.98,8.71,8.7,-0.11,-0.33,-0.66,-1.1,-1.77,-1.1,-1.88,-1.99,-2.32,-3.54
2016-10-21,000059,9.04,8.89,9.04,8.8,292933,260382187.0,2.65,-1.77,-0.16,2.09,0.8,1.93,4.66,3.18,3.41,2.16,3.86,3.64,4.66,4.09,9.03,8.98,8.73,8.7,1.46,1.12,0.67,0.0,0.67,-0.11,-0.22,-0.56,-1.8,0.45
2016-10-24,000059,8.89,8.96,9.02,8.82,224895,201348772.0,2.25,0.79,0.07,1.61,1.7,4.42,2.95,3.17,1.93,3.63,3.4,4.42,3.85,2.49,9.03,8.99,8.75,8.71,0.33,-0.11,-0.78,-0.11,-0.89,-1.0,-1.34,-2.57,-0.33,-0.56
2016-10-25,000059,8.96,8.96,8.99,8.91,127636,114240712.0,0.89,0.0,0.0,0.91,3.37,1.91,2.13,0.9,2.58,2.36,3.37,2.81,1.46,1.23,9.0,8.99,8.77,8.72,-0.11,-0.78,-0.11,-0.89,-1.0,-1.34,-2.57,-0.33,-0.56,-0.67
2016-10-26,000059,8.94,8.86,8.95,8.81,177623,157547121.0,1.56,-1.12,-0.1,1.27,3.06,3.29,2.04,3.75,3.52,4.54,3.97,2.61,2.38,2.04,8.94,8.98,8.79,8.73,0.34,1.02,0.23,0.11,-0.23,-1.47,0.79,0.56,0.45,0.0
2016-10-27,000059,8.86,8.85,8.89,8.78,165171,145905363.0,1.24,-0.11,-0.01,1.18,3.64,2.39,4.1,3.87,4.9,4.33,2.96,2.73,2.39,1.94,8.9,8.97,8.81,8.73,1.13,0.34,0.23,-0.11,-1.36,0.9,0.68,0.56,0.11,0.79
2016-10-28,000059,8.84,8.88,8.95,8.84,184946,164711133.0,1.24,0.34,0.03,1.32,1.7,3.39,3.17,4.19,3.62,2.26,2.04,1.7,1.24,0.57,8.9,8.97,8.82,8.73,0.0,-0.11,-0.45,-1.69,0.56,0.34,0.23,-0.23,0.45,3.83
2016-10-31,000059,8.84,8.83,8.88,8.77,131037,115532285.0,1.24,-0.56,-0.05,0.94,4.22,3.99,5.02,4.45,3.08,2.85,2.51,2.05,1.37,2.05,8.88,8.95,8.85,8.74,0.45,0.11,-1.13,1.13,0.91,0.79,0.34,1.02,4.42,4.64
2016-11-01,000059,8.82,8.85,8.87,8.76,161887,142706514.0,1.25,0.23,0.02,1.16,4.11,5.14,4.57,3.2,2.97,2.63,2.17,1.48,2.17,1.37,8.85,8.93,8.88,8.74,-0.11,-1.36,0.9,0.68,0.56,0.11,0.79,4.18,4.41,4.18
2016-11-02,000059,8.82,8.69,8.84,8.67,160446,140435882.0,1.92,-1.81,-0.16,1.15,6.23,5.65,4.27,4.04,3.69,3.23,2.54,3.23,2.42,2.31,8.82,8.88,8.9,8.75,0.46,2.76,2.53,2.42,1.96,2.65,6.1,6.33,6.1,6.21
2016-11-03,000059,8.68,8.69,8.73,8.61,152868,132539278.0,1.38,0.0,0.0,1.09,6.39,4.99,4.76,4.41,3.95,3.25,3.95,3.14,3.02,2.67,8.79,8.85,8.91,8.75,2.76,2.53,2.42,1.96,2.65,6.1,6.33,6.1,6.21,5.64
2016-11-04,000059,8.7,8.84,8.93,8.69,229590,202634213.0,2.76,1.73,0.15,1.64,4.03,3.8,3.45,2.99,2.3,2.99,2.19,2.07,1.73,0.46,8.78,8.84,8.91,8.77,0.79,0.68,0.23,0.9,4.3,4.52,4.3,4.41,3.85,4.41
2016-11-07,000059,8.86,8.83,8.91,8.78,123608,109358977.0,1.47,-0.11,-0.01,0.88,2.73,2.39,1.94,1.25,1.94,1.14,1.03,0.68,-0.57,1.71,8.78,8.83,8.91,8.78,0.79,0.34,1.02,4.42,4.64,4.42,4.53,3.96,4.53,4.42
2016-11-08,000059,8.88,8.86,8.9,8.79,135621,119892078.0,1.25,0.34,0.03,0.97,2.28,1.82,1.14,1.82,1.02,0.91,0.57,-0.68,1.59,1.37,8.78,8.82,8.9,8.79,0.0,0.68,4.06,4.29,4.06,4.18,3.61,4.18,4.06,8.47
2016-11-09,000059,8.84,8.81,8.86,8.69,163292,143376020.0,1.92,-0.56,-0.05,1.17,2.99,2.3,2.99,2.19,2.07,1.73,0.46,2.76,2.53,2.42,8.81,8.81,8.9,8.8,1.25,4.65,4.88,4.65,4.77,4.2,4.77,4.65,9.08,10.67
2016-11-10,000059,8.88,8.89,8.92,8.85,190152,168988452.0,0.79,0.91,0.08,1.36,0.45,1.13,0.34,0.23,-0.11,-1.36,0.9,0.68,0.56,0.11,8.85,8.82,8.89,8.81,3.71,3.94,3.71,3.82,3.26,3.82,3.71,8.1,9.67,7.2
2016-11-11,000059,8.88,9.2,9.22,8.86,492716,448358624.0,4.05,3.49,0.31,3.52,1.02,0.23,0.11,-0.23,-1.47,0.79,0.56,0.45,0.0,0.68,8.92,8.85,8.91,8.83,0.43,0.22,0.33,-0.22,0.33,0.22,4.46,5.98,3.59,6.2
2016-11-14,000059,9.16,9.13,9.24,9.07,271877,249045134.0,1.85,-0.76,-0.07,1.94,-2.09,-2.21,-2.54,-3.75,-1.54,-1.76,-1.87,-2.32,-1.65,1.65,8.98,8.88,8.92,8.86,0.99,1.1,0.55,1.1,0.99,5.26,6.79,4.38,7.01,9.09
2016-11-15,000059,9.12,9.15,9.22,9.09,159455,145892028.0,1.42,0.22,0.02,1.14,-2.42,-2.75,-3.96,-1.76,-1.98,-2.09,-2.53,-1.87,1.43,1.65,9.04,8.91,8.92,8.89,0.87,0.33,0.87,0.77,5.03,6.56,4.15,6.78,8.85,8.42
2016-11-16,000059,9.15,9.1,9.23,9.1,154761,141530462.0,1.42,-0.55,-0.05,1.11,-2.86,-4.07,-1.87,-2.09,-2.2,-2.64,-1.98,1.32,1.54,1.32,9.09,8.95,8.92,8.92,0.88,1.43,1.32,5.6,7.14,4.73,7.36,9.45,9.01,7.8
2016-11-17,000059,9.11,9.08,9.18,9.06,166000,151110136.0,1.32,-0.22,-0.02,1.19,-3.64,-1.43,-1.66,-1.77,-2.21,-1.55,1.77,1.99,1.77,1.88,9.13,8.99,8.92,8.94,1.65,1.54,5.84,7.38,4.96,7.6,9.69,9.25,8.04,12.33
2016-11-18,000059,9.08,9.15,9.23,9.07,268587,246393444.0,1.76,0.77,0.07,1.92,-1.54,-1.76,-1.87,-2.32,-1.65,1.65,1.87,1.65,1.76,1.21,9.12,9.02,8.93,8.95,0.77,5.03,6.56,4.15,6.78,8.85,8.42,7.21,11.48,8.42
2016-11-21,000059,9.18,9.13,9.22,9.09,179703,164507576.0,1.42,-0.22,-0.02,1.28,-1.98,-2.09,-2.53,-1.87,1.43,1.65,1.43,1.54,0.99,1.54,9.12,9.05,8.94,8.95,5.26,6.79,4.38,7.01,9.09,8.65,7.45,11.72,8.65,7.01
2016-11-22,000059,9.13,9.47,9.61,9.13,571014,537305200.0,5.26,3.72,0.34,4.08,-2.52,-2.96,-2.3,0.99,1.2,0.99,1.1,0.55,1.1,0.99,9.19,9.11,8.96,8.97,2.96,0.63,3.17,5.17,4.75,3.59,7.71,4.75,3.17,7.18
2016-11-23,000059,9.43,9.52,9.75,9.43,518881,497610976.0,3.38,0.53,0.05,3.71,-6.04,-5.41,-2.23,-2.01,-2.23,-2.12,-2.65,-2.12,-2.23,1.91,9.27,9.18,9.0,8.99,0.11,2.63,4.62,4.2,3.05,7.14,4.2,2.63,6.62,8.19
2016-11-24,000059,9.52,9.47,9.53,9.37,239464,226415054.0,1.68,-0.53,-0.05,1.71,-4.8,-1.6,-1.39,-1.6,-1.49,-2.03,-1.49,-1.6,2.56,4.06,9.35,9.24,9.03,9.01,3.17,5.17,4.75,3.59,7.71,4.75,3.17,7.18,8.76,10.88
2016-11-25,000059,9.45,9.77,9.77,9.4,439959,423770416.0,3.91,3.17,0.3,3.14,-1.91,-1.7,-1.91,-1.81,-2.34,-1.81,-1.91,2.23,3.72,1.38,9.47,9.3,9.07,9.04,1.94,1.54,0.41,4.4,1.54,0.0,3.89,5.42,7.47,7.27
2016-11-28,000059,9.77,9.73,9.96,9.7,386622,379003824.0,2.66,-0.41,-0.04,2.76,-4.74,-4.95,-4.85,-5.36,-4.85,-4.95,-0.93,0.52,-1.75,0.72,9.59,9.36,9.12,9.06,1.95,0.82,4.83,1.95,0.41,4.32,5.86,7.91,7.71,12.95
2016-11-29,000059,9.66,9.69,9.92,9.61,387989,379315184.0,3.19,-0.41,-0.04,2.77,-4.06,-3.95,-4.47,-3.95,-4.06,0.0,1.46,-0.83,1.66,3.64,9.64,9.41,9.16,9.08,1.24,5.26,2.37,0.83,4.75,6.3,8.36,8.15,13.42,13.31
2016-11-30,000059,9.69,9.55,9.81,9.47,218577,209852516.0,3.51,-1.44,-0.14,1.56,-2.53,-3.06,-2.53,-2.64,1.48,2.96,0.63,3.17,5.17,4.75,9.64,9.46,9.2,9.1,6.81,3.87,2.3,6.28,7.85,9.95,9.74,15.08,14.97,19.16
2016-12-01,000059,9.83,9.67,10.2,9.58,487239,478393712.0,6.49,1.26,0.12,3.48,-4.18,-3.65,-3.76,0.31,1.77,-0.52,1.98,3.97,3.55,2.4,9.68,9.52,9.25,9.12,2.59,1.03,4.96,6.51,8.58,8.38,13.65,13.55,17.68,13.55
2016-12-02,000059,9.72,9.7,9.92,9.61,362483,353996112.0,3.21,0.31,0.03,2.59,-3.95,-4.06,0.0,1.46,-0.83,1.66,3.64,3.23,2.08,6.14,9.67,9.57,9.3,9.14,0.72,4.64,6.19,8.25,8.04,13.3,13.2,17.32,13.2,14.02
2016-12-05,000059,9.68,9.54,9.77,9.36,303930,291178112.0,4.23,-1.65,-0.16,2.17,-1.5,2.67,4.17,1.82,4.38,6.41,5.98,4.81,8.97,5.98,9.63,9.61,9.33,9.16,6.39,7.97,10.06,9.85,15.2,15.09,19.29,15.09,15.93,18.97
2016-12-06,000059,9.54,10.08,10.15,9.54,591254,586427712.0,6.39,5.66,0.54,4.22,0.73,2.2,-0.1,2.41,4.4,3.98,2.83,6.92,3.98,2.41,9.71,9.67,9.39,9.2,2.18,4.17,3.97,9.03,8.93,12.9,8.93,9.72,12.6,7.94
2016-12-07,000059,9.88,10.25,10.3,9.71,870503,863840320.0,5.85,1.69,0.17,6.22,0.41,-1.85,0.62,2.57,2.16,1.03,5.05,2.16,0.62,4.53,9.85,9.75,9.46,9.25,2.44,2.24,7.22,7.12,11.02,7.12,7.9,10.73,6.15,8.88
2016-12-08,000059,10.16,10.18,10.5,10.13,672953,695658784.0,3.61,-0.68,-0.07,4.81,-5.92,-3.55,-1.68,-2.07,-3.16,0.69,-2.07,-3.55,0.2,1.68,9.95,9.82,9.53,9.29,2.95,7.96,7.86,11.79,7.86,8.64,11.49,6.88,9.63,13.56
2016-12-09,000059,10.18,10.31,10.48,10.16,466607,482949664.0,3.14,1.28,0.13,3.33,-3.84,-1.97,-2.36,-3.44,0.39,-2.36,-3.84,-0.1,1.38,3.35,10.07,9.87,9.58,9.34,6.6,6.5,10.38,6.5,7.27,10.09,5.53,8.24,12.12,10.48
2016-12-12,000059,10.55,10.31,10.99,10.26,745335,788377680.0,7.08,0.0,0.0,5.32,-2.92,-3.31,-4.39,-0.58,-3.31,-4.78,-1.07,0.39,2.34,2.14,10.23,9.93,9.64,9.39,6.5,10.38,6.5,7.27,10.09,5.53,8.24,12.12,10.48,8.83
2016-12-13,000059,10.13,10.98,10.98,10.03,801340,851409280.0,9.21,6.5,0.67,5.72,-1.1,-2.19,1.69,-1.1,-2.59,1.2,2.69,4.69,4.49,9.57,10.41,10.06,9.73,9.46,3.64,0.0,0.73,3.37,-0.91,1.64,5.28,3.73,2.19,4.37
2016-12-14,000059,10.9,10.7,11.38,10.66,948308,1050376576.0,6.56,-2.55,-0.28,6.77,-7.97,-4.32,-6.94,-8.35,-4.78,-3.38,-1.5,-1.69,3.1,3.0,10.5,10.17,9.81,9.53,2.62,3.36,6.07,1.68,4.3,8.04,6.45,4.86,7.1,10.47
2016-12-15,000059,10.59,10.88,10.98,10.45,584681,625795616.0,4.95,1.68,0.18,4.18,-2.39,-5.07,-6.51,-2.87,-1.44,0.48,0.29,5.17,5.07,8.9,10.64,10.29,9.9,9.6,1.65,4.32,0.0,2.57,6.25,4.69,3.12,5.33,8.64,11.21
2016-12-16,000059,10.77,10.95,11.06,10.65,402685,436142144.0,3.77,0.64,0.07,2.88,-6.85,-8.26,-4.69,-3.29,-1.41,-1.6,3.19,3.1,6.85,3.1,10.76,10.42,9.99,9.67,3.65,-0.64,1.92,5.57,4.02,2.47,4.66,7.95,10.5,10.78
2016-12-19,000059,10.98,10.92,11.35,10.81,351456,388014704.0,4.93,-0.27,-0.03,2.51,-9.62,-6.11,-4.72,-2.87,-3.05,1.67,1.57,5.27,1.57,2.31,10.89,10.56,10.08,9.74,-0.37,2.2,5.86,4.3,2.75,4.95,8.24,10.81,11.08,9.8
2016-12-20,000059,10.82,10.43,10.88,10.28,534542,560758960.0,5.49,-4.49,-0.49,3.82,-1.26,0.19,2.14,1.95,6.91,6.81,10.7,6.81,7.59,10.41,10.78,10.59,10.13,9.79,7.0,10.83,9.2,7.57,9.88,13.33,16.01,16.3,14.96,16.78
2016-12-21,000059,10.56,11.13,11.16,10.48,587426,635659712.0,6.52,6.71,0.7,4.2,-1.72,0.19,0.0,4.87,4.77,8.59,4.77,5.53,8.3,3.82,10.86,10.68,10.21,9.87,3.86,2.34,0.81,2.96,6.2,8.72,8.98,7.73,9.43,9.16
2016-12-22,000059,11.08,11.34,11.56,10.95,665871,749327504.0,5.48,1.89,0.21,4.76,-4.11,-4.29,0.37,0.27,3.93,0.27,1.0,3.65,-0.64,1.92,10.95,10.8,10.31,9.95,0.44,-1.06,1.06,4.23,6.7,6.97,5.73,7.41,7.14,15.96
2016-12-23,000059,11.25,11.15,11.39,11.04,297648,332750128.0,3.09,-1.68,-0.19,2.13,-5.07,-0.45,-0.54,3.08,-0.54,0.18,2.81,-1.45,1.09,4.71,10.99,10.88,10.37,10.02,0.63,2.78,6.01,8.52,8.79,7.53,9.24,8.97,17.94,20.9
2016-12-26,000059,11.0,11.21,11.22,10.78,322054,353651568.0,3.95,0.54,0.06,2.3,1.95,1.86,5.57,1.86,2.6,5.29,0.93,3.53,7.24,5.66,11.05,10.97,10.45,10.08,2.23,5.44,7.94,8.21,6.96,8.65,8.39,17.31,20.25,20.07
2016-12-27,000059,11.16,11.27,11.46,11.01,276172,311544192.0,4.01,0.54,0.06,1.97,-0.27,3.36,-0.27,0.45,3.09,-1.18,1.36,5.0,3.45,1.91,11.22,11.0,10.53,10.16,4.88,7.36,7.63,6.39,8.07,7.81,16.68,19.61,19.43,16.68
2016-12-28,000059,11.79,11.49,11.82,11.3,532841,615483680.0,4.61,1.95,0.22,3.81,0.71,-2.83,-2.12,0.44,-3.72,-1.24,2.3,0.8,-0.71,1.42,11.29,11.08,10.62,10.24,5.31,5.57,4.35,6.01,5.74,14.45,17.32,17.15,14.45,15.32
2016-12-29,000059,11.47,12.03,12.1,11.42,562381,667536736.0,5.92,4.7,0.54,4.02,-3.85,-3.15,-0.61,-4.73,-2.28,1.23,-0.26,-1.75,0.35,3.5,11.43,11.19,10.74,10.33,0.83,-0.33,1.25,1.0,9.31,12.05,11.89,9.31,10.14,7.9
2016-12-30,000059,12.13,11.9,12.13,11.8,345195,411188944.0,2.74,-1.08,-0.13,2.47,-6.27,-3.81,-7.8,-5.42,-2.03,-3.47,-4.92,-2.88,0.17,2.54,11.58,11.29,10.85,10.43,0.76,2.35,2.1,10.5,13.28,13.11,10.5,11.34,9.08,6.64
2017-01-03,000059,11.88,11.86,11.99,11.72,343194,406490736.0,2.27,-0.34,-0.04,2.45,-3.16,-7.17,-4.78,-1.37,-2.82,-4.27,-2.22,0.85,3.24,3.5,11.71,11.38,10.97,10.52,2.7,2.45,10.88,13.66,13.49,10.88,11.72,9.44,7.0,4.22
2017-01-04,000059,11.85,11.8,12.18,11.74,554435,662505968.0,3.71,-0.51,-0.06,3.96,-7.33,-4.94,-1.53,-2.98,-4.43,-2.39,0.68,3.07,3.32,2.13,11.82,11.52,11.05,10.59,2.97,11.44,14.24,14.07,11.44,12.29,10.0,7.54,4.75,5.51
2017-01-05,000059,11.83,12.1,12.15,11.73,445406,533648048.0,3.56,2.54,0.3,3.18,-4.86,-1.45,-2.9,-4.35,-2.3,0.77,3.15,3.41,2.22,3.84,11.94,11.62,11.15,10.68,8.68,11.4,11.24,8.68,9.5,7.27,4.88,2.15,2.89,0.58
2017-01-06,000059,12.25,12.59,13.15,12.25,836493,1058793312.0,7.44,4.05,0.49,5.98,-5.63,-7.02,-8.41,-6.45,-3.51,-1.22,-0.98,-2.12,-0.57,-0.82,12.05,11.74,11.27,10.78,7.07,6.91,4.45,5.24,3.1,0.79,-1.83,-1.11,-3.34,-1.67
2017-01-09,000059,12.5,13.4,13.48,12.5,724727,949989760.0,7.78,6.43,0.81,5.18,-8.88,-10.24,-8.32,-5.44,-3.2,-2.96,-4.08,-2.56,-2.8,5.2,12.35,11.97,11.42,10.9,0.45,-1.87,-1.12,-3.13,-5.3,-7.76,-7.09,-9.18,-7.61,-4.7
2017-01-10,000059,13.25,12.86,13.46,12.73,736500,961915376.0,5.45,-4.03,-0.54,5.26,-11.86,-9.98,-7.15,-4.95,-4.71,-5.81,-4.32,-4.56,3.3,5.89,12.55,12.13,11.55,11.01,2.26,3.03,0.93,-1.32,-3.89,-3.19,-5.37,-3.73,-0.7,1.09
2017-01-11,000059,12.75,12.96,13.15,12.52,533009,686998336.0,4.9,0.78,0.1,3.81,-8.47,-5.59,-3.35,-3.12,-4.23,-2.72,-2.96,5.03,7.67,7.51,12.78,12.3,11.65,11.12,2.24,0.15,-2.08,-4.63,-3.94,-6.1,-4.48,-1.47,0.31,-0.93
2017-01-12,000059,12.9,12.84,13.25,12.8,392896,512761232.0,3.47,-0.93,-0.12,2.81,-7.66,-5.47,-5.23,-6.33,-4.84,-5.08,2.73,5.31,5.16,2.73,12.93,12.43,11.76,11.23,1.09,-1.17,-3.74,-3.04,-5.22,-3.58,-0.55,1.25,0.0,0.7
2017-01-13,000059,12.84,12.64,12.98,12.56,347380,442558656.0,3.27,-1.56,-0.2,2.48,-3.66,-3.42,-4.54,-3.03,-3.26,4.7,7.32,7.17,4.7,5.49,12.94,12.5,11.84,11.33,0.4,-2.22,-1.5,-3.72,-2.06,1.03,2.85,1.58,2.29,2.61
2017-01-16,000059,12.6,12.05,12.69,11.39,733355,884473856.0,10.28,-4.67,-0.59,5.24,6.5,5.27,6.94,6.67,15.45,18.35,18.17,15.45,16.33,13.96,12.67,12.51,11.9,11.4,2.57,3.32,1.0,2.74,5.98,7.88,6.56,7.3,7.63,8.38
2017-01-17,000059,11.97,12.3,12.36,11.8,349262,423311056.0,4.65,2.07,0.25,2.49,1.61,3.22,2.97,11.44,14.24,14.07,11.44,12.29,10.0,7.54,12.56,12.55,11.97,11.5,1.22,-1.06,0.65,3.82,5.69,4.39,5.12,5.45,6.18,7.07
2017-01-18,000059,12.3,12.16,12.45,12.14,225880,277547360.0,2.52,-1.14,-0.14,1.61,0.33,0.08,8.32,11.04,10.87,8.32,9.14,6.92,4.53,1.81,12.4,12.59,12.05,11.57,0.08,1.81,5.02,6.91,5.59,6.33,6.66,7.4,8.31,10.44
2017-01-19,000059,12.05,11.82,12.17,11.8,272985,325435008.0,3.04,-2.8,-0.34,1.95,2.97,11.44,14.24,14.07,11.44,12.29,10.0,7.54,4.75,5.51,12.19,12.56,12.09,11.62,4.74,8.04,9.98,8.63,9.39,9.73,10.49,11.42,13.62,14.89
2017-01-20,000059,11.8,12.32,12.38,11.78,315493,384001184.0,5.08,4.23,0.5,2.25,11.63,14.43,14.26,11.63,12.48,10.19,7.72,4.92,5.69,3.31,12.13,12.54,12.14,11.69,3.65,5.52,4.22,4.95,5.28,6.01,6.9,9.01,10.23,11.36
2017-01-23,000059,12.33,12.64,12.77,12.33,261758,329441584.0,3.57,2.6,0.32,1.87,9.33,9.16,6.65,7.46,5.27,2.92,0.24,0.97,-1.3,0.41,12.25,12.46,12.21,11.77,2.85,1.58,2.29,2.61,3.32,4.19,6.25,7.44,8.54,12.58
2017-01-24,000059,12.67,12.8,13.0,12.61,299837,384863344.0,3.09,1.27,0.16,2.14,6.74,4.28,5.08,2.93,0.63,-1.98,-1.27,-3.49,-1.82,1.27,12.35,12.45,12.29,11.85,0.31,1.02,1.33,2.03,2.89,4.92,6.09,7.19,11.17,11.25
2017-01-25,000059,12.77,12.82,12.84,12.59,184910,235625675.0,1.95,0.16,0.02,1.32,4.45,5.24,3.1,0.79,-1.83,-1.11,-3.34,-1.67,1.43,3.26,12.48,12.44,12.37,11.91,0.86,1.17,1.87,2.73,4.76,5.93,7.02,11.0,11.08,11.23
2017-01-26,000059,12.85,12.89,12.93,12.73,190896,244883900.0,1.56,0.55,0.07,1.36,4.08,1.96,-0.31,-2.91,-2.2,-4.4,-2.75,0.31,2.12,0.86,12.69,12.44,12.44,11.98,0.62,1.32,2.17,4.19,5.35,6.44,10.4,10.47,10.63,10.16
2017-02-03,000059,12.93,12.69,12.97,12.6,190328,242793213.0,2.87,-1.55,-0.2,1.36,3.02,0.71,-1.9,-1.19,-3.41,-1.75,1.35,3.17,1.9,2.62,12.77,12.45,12.47,12.05,2.92,3.78,5.83,7.01,8.12,12.14,12.21,12.37,11.9,12.06
2017-02-06,000059,12.7,13.06,13.06,12.63,298848,386665584.0,3.39,2.92,0.37,2.13,0.48,-2.14,-1.43,-3.64,-1.98,1.11,2.93,1.66,2.38,2.69,12.85,12.55,12.53,12.12,0.84,2.83,3.98,5.05,8.96,9.04,9.19,8.73,8.88,11.03
2017-02-07,000059,13.13,12.91,13.17,12.85,251093,325607424.0,2.45,-1.15,-0.15,1.79,-3.81,-3.11,-5.29,-3.66,-0.62,1.17,-0.08,0.62,0.93,1.63,12.87,12.61,12.58,12.18,4.03,5.19,6.27,10.22,10.3,10.46,9.99,10.15,12.32,12.86
2017-02-08,000059,12.88,13.41,13.43,12.79,352806,462009472.0,4.96,3.87,0.5,2.52,-2.66,-4.85,-3.21,-0.16,1.64,0.39,1.09,1.41,2.11,2.97,12.99,12.74,12.66,12.28,1.27,2.31,6.11,6.19,6.34,5.89,6.04,8.13,8.65,12.3
2017-02-09,000059,13.38,13.41,13.58,13.27,269088,361345216.0,2.31,0.0,0.0,1.92,-8.29,-6.71,-3.77,-2.03,-3.24,-2.56,-2.26,-1.58,-0.75,1.21,13.1,12.9,12.73,12.36,2.31,6.11,6.19,6.34,5.89,6.04,8.13,8.65,12.3,11.86
2017-02-10,000059,13.47,13.49,13.72,13.37,320173,434880544.0,2.61,0.6,0.08,2.29,-7.4,-4.49,-2.77,-3.96,-3.29,-2.99,-2.32,-1.5,0.45,1.57,13.26,13.01,12.77,12.43,5.49,5.56,5.71,5.26,5.41,7.49,8.01,11.64,11.19,10.6
2017-02-13,000059,13.47,14.12,14.23,13.45,455563,636972608.0,5.78,4.67,0.63,3.25,-5.06,-3.35,-4.54,-3.87,-3.57,-2.9,-2.08,-0.15,0.97,2.01,13.47,13.16,12.81,12.53,0.85,0.99,0.57,0.71,2.69,3.19,6.66,6.23,5.67,5.24
2017-02-14,000059,14.16,14.17,14.24,13.87,262138,368137520.0,2.62,0.35,0.05,1.87,-6.27,-7.43,-6.78,-6.49,-5.84,-5.05,-3.17,-2.09,-1.08,2.6,13.72,13.3,12.88,12.63,0.64,0.21,0.35,2.33,2.82,6.28,5.86,5.29,4.87,-0.21
2017-02-15,000059,14.17,13.76,14.26,13.75,309827,433475744.0,3.6,-2.89,-0.41,2.21,-6.62,-5.96,-5.67,-5.02,-4.22,-2.33,-1.24,-0.22,3.49,3.56,13.79,13.39,12.92,12.71,3.2,3.34,5.38,5.89,9.45,9.01,8.43,7.99,2.76,1.53
2017-02-16,000059,13.74,14.14,14.2,13.71,297544,414709824.0,3.56,2.76,0.38,2.13,-5.69,-5.4,-4.74,-3.94,-2.04,-0.95,0.07,3.79,3.87,4.01,13.94,13.52,12.98,12.8,0.57,2.55,3.04,6.51,6.08,5.52,5.09,0.0,-1.2,-0.42
2017-02-17,000059,14.21,13.71,14.22,13.64,371364,515524448.0,4.1,-3.04,-0.43,2.65,-4.91,-4.25,-3.45,-1.54,-0.44,0.59,4.33,4.4,4.55,4.11,13.98,13.62,13.03,12.85,5.76,6.27,9.85,9.41,8.83,8.39,3.14,1.9,2.7,0.29
2017-02-20,000059,13.78,14.46,14.5,13.75,451467,640039312.0,5.47,5.47,0.75,3.22,-5.02,-4.22,-2.33,-1.24,-0.22,3.49,3.56,3.71,3.27,3.42,14.05,13.76,13.15,12.94,0.76,4.15,3.73,3.18,2.77,-2.21,-3.39,-2.63,-4.91,-2.14
2017-02-21,000059,14.46,14.48,14.57,14.31,265007,382404080.0,1.8,0.14,0.02,1.89,-7.97,-6.15,-5.1,-4.12,-0.56,-0.49,-0.35,-0.77,-0.63,1.33,14.11,13.92,13.26,13.03,4.01,3.59,3.04,2.62,-2.35,-3.52,-2.76,-5.04,-2.28,-3.87
2017-02-22,000059,14.4,14.98,15.06,14.36,465562,692088272.0,4.83,3.45,0.5,3.33,-6.48,-5.43,-4.46,-0.91,-0.84,-0.7,-1.11,-0.97,0.97,1.46,14.35,14.07,13.4,13.13,0.13,-0.4,-0.8,-5.61,-6.74,-6.01,-8.21,-5.54,-7.08,-12.35
2017-02-23,000059,14.9,14.95,15.0,14.69,309371,458635504.0,2.07,-0.2,-0.03,2.21,-7.56,-6.6,-3.13,-3.06,-2.93,-3.34,-3.2,-1.29,-0.82,2.52,14.52,14.23,13.56,13.23,-0.2,-0.6,-5.42,-6.56,-5.82,-8.03,-5.35,-6.89,-12.17,-14.72
2017-02-24,000059,14.91,14.88,14.92,14.68,276367,408369840.0,1.61,-0.47,-0.07,1.97,-6.54,-3.07,-3.0,-2.86,-3.27,-3.13,-1.23,-0.75,2.59,2.18,14.75,14.37,13.69,13.3,-0.13,-4.97,-6.12,-5.38,-7.59,-4.91,-6.45,-11.76,-14.31,-16.4
2017-02-27,000059,14.77,13.87,14.86,13.74,761343,1079151040.0,7.53,-6.79,-1.01,5.44,3.57,3.64,3.78,3.35,3.49,5.53,6.04,9.61,9.17,8.59,14.63,14.34,13.75,13.32,1.95,0.72,1.51,-0.87,2.02,0.36,-5.34,-8.07,-10.31,-10.45
2017-02-28,000059,13.87,13.97,14.14,13.81,298134,415230816.0,2.38,0.72,0.1,2.13,3.11,3.26,2.82,2.97,5.0,5.5,9.05,8.62,8.04,7.6,14.53,14.32,13.81,13.36,0.0,0.79,-1.57,1.29,-0.36,-6.01,-8.73,-10.95,-11.1,-11.24
2017-03-01,000059,13.91,13.79,13.97,13.6,406759,559385472.0,2.65,-1.29,-0.18,2.91,4.85,4.41,4.56,6.62,7.13,10.74,10.29,9.71,9.26,3.97,14.29,14.32,13.86,13.38,2.1,-0.29,2.61,0.94,-4.79,-7.54,-9.79,-9.93,-10.08,-12.11
2017-03-02,000059,13.76,13.79,14.08,13.75,329916,459306736.0,2.39,0.0,0.0,2.36,3.27,3.42,5.45,5.96,9.53,9.09,8.51,8.07,2.84,1.6,14.06,14.29,13.9,13.42,-0.29,2.61,0.94,-4.79,-7.54,-9.79,-9.93,-10.08,-12.11,-9.93
2017-03-03,000059,13.58,13.68,13.75,13.47,219815,299896544.0,2.03,-0.8,-0.11,1.57,5.57,7.65,8.17,11.8,11.36,10.76,10.32,4.97,3.71,4.53,13.82,14.29,13.95,13.45,3.44,1.75,-4.02,-6.8,-9.06,-9.21,-9.36,-11.4,-9.21,-6.21
2017-03-06,000059,13.63,13.94,14.15,13.6,308735,430302560.0,4.02,1.9,0.26,2.21,6.62,7.13,10.74,10.29,9.71,9.26,3.97,2.72,3.53,1.1,13.83,14.23,14.0,13.51,-0.14,-5.81,-8.54,-10.76,-10.9,-11.05,-13.06,-10.9,-7.96,-10.4
2017-03-07,000059,13.91,12.89,13.92,12.77,1030589,1357946368.0,8.25,-7.53,-1.05,7.36,14.1,17.93,17.46,16.84,16.37,10.73,9.4,10.26,7.67,10.81,13.62,14.07,13.99,13.53,1.86,-1.09,-3.49,-3.65,-3.8,-5.97,-3.65,-0.47,-3.1,-2.4
2017-03-08,000059,12.98,12.92,13.13,12.82,349693,453261920.0,2.4,0.23,0.03,2.5,17.47,17.0,16.38,15.91,10.3,8.97,9.83,7.25,10.37,8.58,13.44,13.87,13.97,13.56,-1.32,-3.72,-3.87,-4.02,-6.19,-3.87,-0.7,-3.33,-2.63,-3.41
2017-03-09,000059,12.71,12.34,12.75,12.22,646718,805449760.0,4.1,-4.49,-0.58,4.62,22.75,22.09,21.6,15.71,14.32,15.22,12.52,15.79,13.91,7.45,13.15,13.61,13.92,13.58,0.81,0.65,0.49,-1.78,0.65,3.97,1.22,1.94,1.13,0.24
2017-03-10,000059,12.35,12.37,12.44,12.11,347325,427081200.0,2.67,0.24,0.03,2.48,23.2,22.71,16.76,15.36,16.27,13.54,16.85,14.95,8.42,5.28,12.89,13.36,13.86,13.58,0.4,0.24,-2.02,0.4,3.72,0.97,1.7,0.89,0.0,-2.59
2017-03-13,000059,12.24,12.36,12.42,12.07,345058,423133712.0,2.83,-0.08,-0.01,2.46,23.12,17.15,15.74,16.65,13.92,17.23,15.33,8.78,5.63,3.07,12.58,13.21,13.77,13.57,0.32,-1.94,0.49,3.8,1.05,1.78,0.97,0.08,-2.51,-3.32
2017-03-14,000059,12.36,12.15,12.4,12.07,380250,464671696.0,2.67,-1.7,-0.21,2.72,17.15,15.74,16.65,13.92,17.23,15.33,8.78,5.63,3.07,2.9,12.43,13.02,13.67,13.55,-0.25,2.22,5.6,2.8,3.54,2.72,1.81,-0.82,-1.65,-2.22
2017-03-15,000059,11.99,12.06,12.12,11.85,460476,550287744.0,2.22,-0.74,-0.09,3.29,17.89,18.82,16.03,19.41,17.47,10.8,7.59,4.98,4.81,4.64,12.26,12.85,13.59,13.52,2.99,6.38,3.57,4.31,3.48,2.57,-0.08,-0.91,-1.49,-1.58
2017-03-16,000059,12.14,12.37,12.42,12.14,552469,678803920.0,2.32,2.57,0.31,3.95,15.98,13.26,16.56,14.66,8.15,5.02,2.47,2.31,2.14,-0.16,12.26,12.71,13.5,13.5,3.72,0.97,1.7,0.89,0.0,-2.59,-3.4,-3.96,-4.04,-2.43
2017-03-17,000059,12.75,12.46,12.83,12.42,675058,853890336.0,3.31,0.73,0.09,4.82,10.71,13.93,12.08,5.72,2.66,0.16,0.0,-0.16,-2.42,0.0,12.28,12.59,13.44,13.5,0.24,0.96,0.16,-0.72,-3.29,-4.09,-4.65,-4.74,-3.13,-2.97
2017-03-20,000059,12.33,12.21,12.49,12.12,376234,460336576.0,2.97,-2.01,-0.25,2.69,16.75,14.85,8.33,5.2,2.64,2.48,2.31,0.0,2.48,5.86,12.25,12.41,13.32,13.47,3.03,2.21,1.31,-1.31,-2.13,-2.7,-2.78,-1.15,-0.98,1.15
2017-03-21,000059,12.25,12.53,12.58,12.22,400888,500095664.0,2.95,2.62,0.32,2.86,13.91,7.45,4.34,1.8,1.64,1.47,-0.82,1.64,4.99,2.21,12.33,12.38,13.23,13.46,-0.4,-1.28,-3.83,-4.63,-5.19,-5.27,-3.67,-3.51,-1.44,-1.28
2017-03-22,000059,12.4,12.33,12.48,12.22,245420,302411680.0,2.08,-1.6,-0.2,1.75,7.45,4.34,1.8,1.64,1.47,-0.82,1.64,4.99,2.21,2.95,12.38,12.32,13.09,13.42,0.32,-2.27,-3.08,-3.65,-3.73,-2.11,-1.95,0.16,0.32,2.6
2017-03-23,000059,12.31,12.08,12.37,11.95,438581,531290976.0,3.41,-2.03,-0.25,3.13,6.69,4.1,3.93,3.77,1.42,3.93,7.36,4.52,5.27,4.44,12.32,12.29,12.95,13.38,-0.25,-1.08,-1.66,-1.74,-0.08,0.08,2.24,2.4,4.72,4.14
2017-03-24,000059,12.05,11.72,12.05,11.47,589120,690522032.0,4.8,-2.98,-0.36,4.21,8.46,8.28,8.11,5.67,8.28,11.86,8.89,9.68,8.81,7.85,12.17,12.23,12.79,13.32,1.96,1.37,1.28,2.99,3.16,5.38,5.55,7.94,7.34,5.29
2017-03-27,000059,11.66,11.82,11.95,11.62,271266,320894752.0,2.82,0.85,0.1,1.94,6.88,6.71,4.3,6.88,10.41,7.49,8.26,7.4,6.45,3.7,12.1,12.17,12.69,13.24,0.51,0.42,2.12,2.28,4.48,4.65,7.02,6.43,4.4,4.06
2017-03-28,000059,11.86,11.7,11.88,11.66,222115,260587117.0,1.86,-1.02,-0.12,1.59,6.35,3.95,6.52,10.03,7.12,7.89,7.03,6.09,3.34,2.49,11.93,12.13,12.58,13.16,1.45,3.16,3.33,5.56,5.73,8.12,7.52,5.47,5.13,2.74
2017-03-29,000059,11.72,11.78,11.87,11.5,313455,366595472.0,3.16,0.68,0.08,2.24,5.39,8.0,11.57,8.61,9.39,8.52,7.57,4.78,3.91,3.3,11.82,12.1,12.48,13.09,2.46,2.63,4.84,5.01,7.39,6.79,4.75,4.41,2.04,-1.19
2017-03-30,000059,11.77,11.97,12.07,11.67,383351,455893632.0,3.4,1.61,0.19,2.74,6.43,9.94,7.03,7.8,6.94,6.0,3.26,2.4,1.8,1.71,11.8,12.06,12.38,13.02,1.0,3.17,3.34,5.68,5.1,3.09,2.76,0.42,-2.76,-8.77
2017-03-31,000059,12.0,11.97,12.09,11.83,261468,311798704.0,2.17,0.0,0.0,1.87,8.45,5.58,6.34,5.49,4.56,1.86,1.01,0.42,0.34,2.03,11.85,12.01,12.3,12.96,3.17,3.34,5.68,5.1,3.09,2.76,0.42,-2.76,-8.77,-9.11
2017-04-05,000059,11.9,12.29,12.35,11.75,437647,529242544.0,5.01,2.67,0.32,3.13,6.3,7.06,6.21,5.28,2.55,1.7,1.11,1.02,2.72,2.89,11.94,12.02,12.22,12.89,0.65,2.93,2.36,0.41,0.08,-2.2,-5.29,-11.15,-11.47,-10.66
2017-04-06,000059,12.25,12.27,12.37,12.18,269275,330797216.0,1.55,-0.16,-0.02,1.92,3.28,2.46,1.56,-1.07,-1.89,-2.46,-2.55,-0.9,-0.74,1.4,12.06,11.99,12.19,12.81,3.1,2.53,0.57,0.24,-2.04,-5.13,-11.0,-11.33,-10.51,-10.84
2017-04-07,000059,12.32,12.36,12.65,12.28,424902,530961472.0,3.02,0.73,0.09,3.04,1.63,0.73,-1.87,-2.69,-3.26,-3.34,-1.71,-1.55,0.57,0.73,12.17,12.0,12.16,12.73,1.78,-0.16,-0.49,-2.75,-5.83,-11.65,-11.97,-11.17,-11.49,-12.22
2017-04-10,000059,12.38,12.16,12.58,12.1,350264,431212208.0,3.88,-1.62,-0.2,2.5,2.23,-0.41,-1.24,-1.82,-1.9,-0.25,-0.08,2.07,2.23,4.55,12.21,12.0,12.15,12.63,1.48,1.15,-1.15,-4.28,-10.2,-10.53,-9.7,-10.03,-10.77,-12.01
2017-04-11,000059,12.22,12.24,12.34,11.93,328758,398373136.0,3.37,0.66,0.08,2.35,1.01,0.17,-0.42,-0.5,1.17,1.34,3.52,3.69,6.04,5.45,12.26,12.06,12.14,12.55,0.49,-1.8,-4.9,-10.78,-11.11,-10.29,-10.62,-11.36,-12.58,-14.95
2017-04-12,000059,12.3,11.91,12.3,11.9,256793,309039120.0,3.27,-2.7,-0.33,1.83,0.42,-0.17,-0.25,1.43,1.6,3.78,3.95,6.3,5.71,3.7,12.19,12.07,12.12,12.48,0.92,-2.27,-8.31,-8.65,-7.81,-8.14,-8.9,-10.16,-12.59,-12.26
2017-04-13,000059,11.98,11.76,12.02,11.7,283620,335935600.0,2.69,-1.26,-0.15,2.03,1.54,1.45,3.16,3.33,5.56,5.73,8.12,7.52,5.47,5.13,12.09,12.07,12.1,12.41,-1.02,-7.14,-7.48,-6.63,-6.97,-7.74,-9.01,-11.48,-11.14,-10.54
2017-04-14,000059,11.55,11.0,11.64,10.9,657546,738005280.0,6.29,-6.46,-0.76,4.7,8.9,10.73,10.92,13.3,13.49,16.06,15.41,13.21,12.84,10.28,11.81,11.99,12.05,12.31,-0.73,-1.09,-0.18,-0.55,-1.36,-2.73,-5.36,-5.0,-4.36,-2.27
2017-04-17,000059,10.91,10.79,10.92,10.56,297284,319028512.0,3.27,-1.91,-0.21,2.12,14.3,14.49,16.95,17.14,19.79,19.13,16.86,16.48,13.83,10.23,11.54,11.88,11.97,12.21,0.83,1.76,1.39,0.56,-0.83,-3.52,-3.15,-2.5,-0.37,2.41
2017-04-18,000059,10.84,10.49,10.88,10.41,345373,366702560.0,4.36,-2.78,-0.3,2.47,16.14,18.64,18.83,21.52,20.85,18.54,18.16,15.47,11.82,4.9,11.19,11.73,11.87,12.11,4.67,4.29,3.43,2.0,-0.76,-0.38,0.29,2.48,5.34,4.86
2017-04-19,000059,10.5,10.92,10.98,10.41,367527,395181616.0,5.43,4.1,0.43,2.63,18.64,18.83,21.52,20.85,18.54,18.16,15.47,11.82,4.9,4.51,10.99,11.59,11.8,12.01,0.18,-0.64,-2.01,-4.67,-4.3,-3.66,-1.56,1.19,0.73,-0.37
2017-04-20,000059,10.89,10.63,10.94,10.46,325226,346978016.0,4.4,-2.66,-0.29,2.32,18.26,20.94,20.27,17.97,17.59,14.91,11.28,4.4,4.02,4.97,10.77,11.43,11.71,11.93,2.07,0.66,-2.07,-1.69,-1.03,1.13,3.95,3.48,2.35,0.19
2017-04-21,000059,10.6,10.72,10.85,10.56,209868,224439729.0,2.73,0.85,0.09,1.5,19.79,19.13,16.86,16.48,13.83,10.23,3.41,3.03,3.98,3.6,10.71,11.26,11.63,11.86,-0.19,-2.89,-2.52,-1.87,0.28,3.08,2.61,1.49,-0.65,-4.1
2017-04-24,000059,10.7,10.31,10.7,10.25,257862,268113456.0,4.2,-3.82,-0.41,1.84,22.73,20.39,20.0,17.27,13.56,6.54,6.15,7.12,6.73,5.85,10.61,11.08,11.54,11.79,0.97,1.36,2.04,4.27,7.18,6.69,5.53,3.3,-0.29,1.26
2017-04-25,000059,10.39,10.36,10.41,10.17,194629,200437051.0,2.33,0.48,0.05,1.39,21.34,20.94,18.19,14.45,7.37,6.98,7.96,7.57,6.69,5.21,10.59,10.89,11.47,11.72,0.87,1.54,3.76,6.66,6.18,5.02,2.8,-0.77,0.77,-0.1
2017-04-26,000059,10.32,10.34,10.45,10.3,144158,149512235.0,1.45,-0.19,-0.02,1.03,19.42,16.7,13.01,6.02,5.63,6.6,6.21,5.34,3.88,1.07,10.47,10.73,11.4,11.66,1.74,3.97,6.87,6.38,5.22,3.0,-0.58,0.97,0.1,-2.9
2017-04-27,000059,10.3,10.42,10.52,9.94,372192,378677104.0,5.61,0.77,0.08,2.66,20.93,17.1,9.86,9.46,10.46,10.06,9.15,7.65,4.73,5.13,10.43,10.6,11.33,11.6,3.17,6.05,5.57,4.41,2.21,-1.34,0.19,-0.67,-3.65,-3.45
2017-04-28,000059,10.4,10.67,10.75,10.3,299155,316950144.0,4.32,2.4,0.25,2.14,13.01,6.02,5.63,6.6,6.21,5.34,3.88,1.07,1.46,2.14,10.42,10.57,11.28,11.55,3.56,3.09,1.97,-0.19,-3.66,-2.16,-3.0,-5.9,-5.72,-4.87
2017-05-02,000059,10.72,10.92,11.05,10.72,347170,379170608.0,3.09,2.34,0.25,2.48,1.87,1.49,2.43,2.05,1.21,-0.19,-2.89,-2.52,-1.87,0.28,10.54,10.58,11.23,11.5,0.73,-0.37,-2.47,-5.86,-4.4,-5.22,-8.06,-7.88,-7.05,-5.68
2017-05-03,000059,11.0,10.92,11.0,10.81,199448,217190629.0,1.74,0.0,0.0,1.42,0.65,1.57,1.2,0.37,-1.02,-3.7,-3.33,-2.68,-0.56,2.22,10.65,10.62,11.17,11.45,-0.37,-2.47,-5.86,-4.4,-5.22,-8.06,-7.88,-7.05,-5.68,-2.93
2017-05-04,000059,10.8,10.69,10.88,10.66,196513,211564070.0,2.01,-2.11,-0.23,1.4,3.0,2.63,1.78,0.38,-2.35,-1.97,-1.31,0.84,3.66,3.19,10.72,10.6,11.09,11.4,-0.37,-3.84,-2.34,-3.18,-6.08,-5.89,-5.05,-3.65,-0.84,-3.55
2017-05-05,000059,10.6,10.26,10.65,10.23,276736,287900128.0,3.93,-4.02,-0.43,1.98,6.94,6.06,4.59,1.76,2.15,2.83,5.08,8.02,7.53,6.35,10.69,10.56,10.99,11.33,0.19,1.75,0.88,-2.14,-1.95,-1.07,0.39,3.31,0.49,-0.1
2017-05-08,000059,10.2,10.15,10.28,10.11,137127,139627485.0,1.66,-1.07,-0.11,0.98,7.32,5.84,2.97,3.36,4.06,6.33,9.3,8.8,7.62,5.34,10.59,10.5,10.88,11.25,2.86,1.97,-1.08,-0.89,0.0,1.48,4.43,1.58,0.99,-0.49
2017-05-09,000059,10.12,10.31,10.44,10.12,167405,172314065.0,3.15,1.58,0.16,1.2,5.73,2.87,3.26,3.95,6.23,9.19,8.7,7.51,5.24,1.58,10.47,10.5,10.79,11.2,0.39,-2.62,-2.42,-1.55,-0.1,2.81,0.0,-0.58,-2.04,-3.39
2017-05-10,000059,10.3,10.04,10.35,10.02,184730,187594081.0,3.2,-2.62,-0.27,1.32,3.89,4.29,4.99,7.29,10.28,9.78,8.58,6.29,2.59,4.19,10.29,10.47,10.68,11.14,0.0,0.2,1.1,2.59,5.58,2.69,2.09,0.6,-0.8,-2.39
2017-05-11,000059,9.97,9.96,10.04,9.61,240016,236768344.0,4.28,-0.8,-0.08,1.71,8.74,9.47,11.86,14.98,14.46,13.22,10.82,6.97,8.64,7.7,10.14,10.43,10.58,11.08,1.0,1.91,3.41,6.43,3.51,2.91,1.41,0.0,-1.61,1.2
2017-05-12,000059,9.96,10.03,10.06,9.72,191979,190371048.0,3.41,0.7,0.07,1.37,8.23,10.6,13.68,13.17,11.93,9.57,5.76,7.41,6.48,3.29,10.1,10.4,10.5,11.02,1.2,2.69,5.68,2.79,2.19,0.7,-0.7,-2.29,0.5,0.3
2017-05-15,000059,10.06,10.01,10.15,9.95,135066,135502872.0,1.99,-0.2,-0.02,0.96,8.04,11.06,10.55,9.35,7.04,3.32,4.92,4.02,0.9,1.11,10.07,10.33,10.45,10.96,2.9,5.89,3.0,2.4,0.9,-0.5,-2.1,0.7,0.5,0.8
2017-05-16,000059,10.05,10.29,10.3,9.8,258046,260112479.0,5.0,2.8,0.28,1.84,12.76,12.24,11.02,8.67,4.9,6.53,5.61,2.45,2.65,3.57,10.07,10.27,10.42,10.91,3.01,0.19,-0.39,-1.85,-3.21,-4.76,-2.04,-2.24,-1.94,-3.79
2017-05-17,000059,10.56,10.32,10.6,10.3,248829,259167482.0,2.92,0.29,0.03,1.78,6.8,5.63,3.4,-0.19,1.36,0.49,-2.52,-2.33,-1.46,0.0,10.12,10.21,10.41,10.85,-0.1,-0.68,-2.13,-3.49,-5.04,-2.33,-2.52,-2.23,-4.07,-4.55
2017-05-18,000059,10.18,10.19,10.31,10.11,162291,165475473.0,1.94,-1.26,-0.13,1.16,7.62,5.34,1.68,3.26,2.37,-0.69,-0.49,0.4,1.88,4.85,10.17,10.16,10.38,10.78,0.59,-0.88,-2.26,-3.83,-1.08,-1.28,-0.98,-2.85,-3.34,-2.36
2017-05-19,000059,10.19,10.08,10.25,10.06,134546,136376199.0,1.86,-1.08,-0.11,0.96,5.86,2.19,3.78,2.88,-0.2,0.0,0.89,2.39,5.37,2.49,10.18,10.14,10.35,10.71,0.2,-1.19,-2.78,0.0,-0.2,0.1,-1.79,-2.28,-1.29,-1.19
2017-05-22,000059,10.0,9.91,10.1,9.91,119607,119528186.0,1.88,-1.69,-0.17,0.85,3.73,5.35,4.44,1.31,1.51,2.42,3.94,6.96,4.04,3.43,10.16,10.11,10.31,10.63,0.5,-1.11,1.72,1.51,1.82,-0.1,-0.61,0.4,0.5,2.52
2017-05-23,000059,9.9,9.7,9.96,9.67,140315,137548939.0,2.93,-2.12,-0.21,1.0,7.96,7.03,3.83,4.03,4.96,6.51,9.62,6.62,6.0,4.45,10.04,10.05,10.28,10.54,1.03,3.92,3.71,4.02,2.06,1.55,2.58,2.68,4.74,5.57
2017-05-24,000059,9.6,9.75,9.8,9.5,119384,115331121.0,3.09,0.52,0.05,0.85,8.95,5.68,5.89,6.84,8.42,11.58,8.53,7.89,6.32,4.84,9.93,10.02,10.25,10.46,3.38,3.18,3.49,1.54,1.03,2.05,2.15,4.21,5.03,4.92
2017-05-25,000059,9.76,10.02,10.08,9.7,170576,169018613.0,3.9,2.77,0.27,1.22,3.51,3.71,4.64,6.19,9.28,6.29,5.67,4.12,2.68,1.03,9.89,10.03,10.23,10.4,0.4,0.7,-1.2,-1.7,-0.7,-0.6,1.4,2.2,2.1,3.59
2017-05-26,000059,9.97,9.9,10.06,9.89,155295,154651372.0,1.7,-1.2,-0.12,1.11,1.72,2.63,4.15,7.18,4.25,3.64,2.12,0.71,-0.91,1.92,9.86,10.02,10.21,10.34,1.92,0.0,-0.51,0.51,0.61,2.63,3.43,3.33,4.85,5.05
2017-05-31,000059,10.01,9.92,10.09,9.9,118776,118597887.0,1.92,0.2,0.02,0.85,2.53,4.04,7.07,4.14,3.54,2.02,0.61,-1.01,1.82,1.62,9.86,10.01,10.17,10.3,-0.2,-0.71,0.3,0.4,2.42,3.23,3.12,4.64,4.84,5.34
2017-06-01,000059,9.87,9.66,9.9,9.65,126121,122930057.0,2.52,-2.62,-0.26,0.9,6.74,9.84,6.84,6.22,4.66,3.21,1.55,4.46,4.25,4.56,9.85,9.95,10.11,10.26,1.97,3.0,3.11,5.18,6.0,5.9,7.45,7.66,8.18,7.87
2017-06-02,000059,9.65,9.84,9.85,9.5,146894,142352588.0,3.62,1.86,0.18,1.05,11.58,8.53,7.89,6.32,4.84,3.16,6.11,5.89,6.21,4.21,9.87,9.9,10.05,10.24,1.12,1.22,3.25,4.07,3.96,5.49,5.69,6.2,5.89,3.96
2017-06-05,000059,9.87,9.92,9.95,9.76,110363,108855142.0,1.93,0.81,0.08,0.79,5.64,5.02,3.48,2.05,0.41,3.28,3.07,3.38,1.43,0.92,9.85,9.87,10.01,10.21,0.4,2.42,3.23,3.12,4.64,4.84,5.34,5.04,3.12,2.22
2017-06-06,000059,9.89,9.94,9.96,9.86,81072,80410102.0,1.01,0.2,0.02,0.58,3.96,2.43,1.01,-0.61,2.23,2.03,2.33,0.41,-0.1,0.91,9.86,9.86,10.0,10.19,2.21,3.02,2.92,4.43,4.63,5.13,4.83,2.92,2.01,1.71
2017-06-07,000059,9.93,10.14,10.16,9.92,173102,174640572.0,2.41,2.01,0.2,1.24,1.81,0.4,-1.21,1.61,1.41,1.71,-0.2,-0.71,0.3,0.4,9.9,9.88,10.0,10.17,0.99,0.89,2.37,2.56,3.06,2.76,0.89,0.0,-0.3,-0.49
2017-06-08,000059,10.13,10.08,10.24,10.05,143532,145273666.0,1.87,-0.59,-0.06,1.03,-0.9,-2.49,0.3,0.1,0.4,-1.49,-1.99,-1.0,-0.9,1.09,9.98,9.92,9.99,10.16,1.49,2.98,3.17,3.67,3.37,1.49,0.6,0.3,0.1,-0.79
2017-06-09,000059,10.12,10.21,10.23,10.06,185845,188593875.0,1.69,1.29,0.13,1.33,-2.58,0.2,0.0,0.3,-1.59,-2.09,-1.09,-0.99,0.99,1.79,10.06,9.96,9.99,10.15,1.67,1.86,2.35,2.06,0.2,-0.69,-0.98,-1.18,-2.06,-3.72
2017-06-12,000059,10.17,10.32,10.38,10.12,200483,205491775.0,2.55,1.08,0.11,1.43,-0.4,-0.59,-0.3,-2.17,-2.67,-1.68,-1.58,0.4,1.19,1.09,10.14,9.99,10.01,10.15,0.78,1.26,0.97,-0.87,-1.74,-2.03,-2.23,-3.1,-4.75,-3.68
2017-06-13,000059,10.34,10.34,10.4,10.23,158357,163451529.0,1.65,0.19,0.02,1.13,-1.66,-1.37,-3.23,-3.71,-2.74,-2.64,-0.68,0.1,0.0,1.47,10.22,10.04,10.03,10.15,1.06,0.77,-1.06,-1.93,-2.22,-2.42,-3.29,-4.93,-3.87,-3.68
2017-06-14,000059,10.29,10.37,10.45,10.25,147216,152305250.0,1.93,0.29,0.03,1.05,-1.56,-3.41,-3.9,-2.93,-2.83,-0.88,-0.1,-0.2,1.27,1.46,10.26,10.08,10.05,10.14,0.48,-1.35,-2.22,-2.51,-2.7,-3.57,-5.21,-4.15,-3.95,-1.54
2017-06-15,000059,10.35,10.35,10.42,10.29,176928,183583197.0,1.25,-0.19,-0.02,1.26,-3.79,-4.28,-3.3,-3.21,-1.26,-0.49,-0.58,0.87,1.07,1.55,10.32,10.15,10.05,10.12,-1.16,-2.03,-2.32,-2.51,-3.38,-5.02,-3.96,-3.77,-1.35,-1.45
2017-06-16,000059,10.15,10.14,10.23,10.09,132689,134715598.0,1.35,-2.03,-0.21,0.95,-2.38,-1.39,-1.29,0.69,1.49,1.39,2.87,3.07,3.57,3.27,10.3,10.18,10.04,10.09,0.0,-0.3,-0.49,-1.38,-3.06,-1.97,-1.78,0.69,0.59,-0.2
2017-06-19,000059,10.11,10.07,10.14,9.98,131867,132524221.0,1.58,-0.69,-0.07,0.94,-0.3,-0.2,1.8,2.61,2.51,4.01,4.21,4.71,4.41,2.51,10.25,10.2,10.03,10.07,0.4,0.2,-0.7,-2.38,-1.29,-1.09,1.39,1.29,0.5,4.57
2017-06-20,000059,10.09,9.97,10.11,9.96,142501,142883838.0,1.49,-0.99,-0.1,1.02,0.0,2.01,2.81,2.71,4.22,4.42,4.92,4.62,2.71,1.81,10.18,10.2,10.03,10.06,1.2,0.3,-1.4,-0.3,-0.1,2.41,2.31,1.5,5.62,9.73
2017-06-21,000059,9.98,10.02,10.09,9.9,124828,124832707.0,1.91,0.5,0.05,0.89,2.63,3.43,3.33,4.85,5.05,5.56,5.25,3.33,2.42,2.12,10.11,10.19,10.03,10.06,-0.2,-1.9,-0.8,-0.6,1.9,1.8,1.0,5.09,9.18,7.09
2017-06-22,000059,9.98,9.77,10.0,9.76,289972,286332336.0,2.4,-2.5,-0.25,2.07,4.92,4.82,6.35,6.56,7.07,6.76,4.82,3.89,3.59,3.38,9.99,10.16,10.04,10.04,0.61,1.74,1.94,4.5,4.4,3.58,7.78,11.98,9.83,10.44
2017-06-23,000059,9.75,9.77,9.83,9.67,125821,122378862.0,1.64,0.0,0.0,0.9,5.79,7.34,7.55,8.07,7.76,5.79,4.86,4.55,4.34,3.41,9.92,10.11,10.04,10.03,1.74,1.94,4.5,4.4,3.58,7.78,11.98,9.83,10.44,9.83
2017-06-26,000059,9.73,9.93,9.94,9.73,176552,174194587.0,2.15,1.64,0.16,1.26,6.68,6.89,7.4,7.09,5.14,4.21,3.91,3.7,2.77,1.03,9.89,10.07,10.03,10.03,0.3,2.82,2.72,1.91,6.04,10.17,8.06,8.66,8.06,11.38
2017-06-27,000059,9.95,9.85,9.96,9.85,122374,121025200.0,1.11,-0.81,-0.08,0.87,5.58,6.09,5.79,3.86,2.94,2.64,2.44,1.52,-0.2,0.91,9.87,10.02,10.03,10.03,3.65,3.55,2.74,6.9,11.07,8.93,9.54,8.93,12.28,12.59
2017-06-28,000059,9.85,10.14,10.21,9.78,329647,329668336.0,4.37,2.94,0.29,2.35,6.85,6.54,4.6,3.68,3.37,3.17,2.25,0.51,1.64,1.84,9.89,10.0,10.04,10.03,0.59,-0.2,3.85,7.89,5.82,6.41,5.82,9.07,9.37,9.96
2017-06-29,000059,10.08,10.12,10.2,10.07,196105,198814083.0,1.28,-0.2,-0.02,1.4,3.48,1.59,0.7,0.4,0.2,-0.7,-2.38,-1.29,-1.09,1.39,9.96,9.98,10.06,10.02,0.0,4.05,8.1,6.03,6.62,6.03,9.29,9.58,10.18,13.14
2017-06-30,000059,10.1,10.01,10.12,9.92,149353,149448975.0,1.98,-1.09,-0.11,1.07,3.12,2.22,1.92,1.71,0.81,-0.91,0.2,0.4,2.92,2.82,10.01,9.97,10.07,10.01,5.19,9.29,7.19,7.79,7.19,10.49,10.79,11.39,14.39,13.79
2017-07-03,000059,10.04,10.51,10.53,10.04,535101,554418928.0,4.9,5.0,0.5,3.82,1.0,0.7,0.5,-0.4,-2.09,-1.0,-0.8,1.69,1.59,0.8,10.13,10.01,10.1,10.02,4.09,2.09,2.66,2.09,5.23,5.52,6.09,8.94,8.37,8.37
2017-07-04,000059,10.49,10.63,10.94,10.44,444446,474916320.0,4.76,1.14,0.12,3.17,-3.16,-3.35,-4.21,-5.84,-4.79,-4.6,-2.2,-2.3,-3.07,0.86,10.28,10.08,10.14,10.04,0.94,1.51,0.94,4.05,4.33,4.89,7.71,7.15,7.15,3.01
2017-07-05,000059,10.65,10.72,10.73,10.54,251592,268177201.0,1.79,0.85,0.09,1.8,-4.27,-5.12,-6.74,-5.69,-5.5,-3.13,-3.23,-3.98,-0.09,3.8,10.4,10.15,10.17,10.07,0.65,0.09,3.17,3.45,4.01,6.81,6.25,6.25,2.15,8.96
2017-07-06,000059,10.67,10.68,10.79,10.57,244068,259669410.0,2.05,-0.37,-0.04,1.74,-5.39,-7.0,-5.96,-5.77,-3.41,-3.5,-4.26,-0.38,3.5,1.51,10.51,10.24,10.2,10.1,0.47,3.56,3.84,4.4,7.21,6.65,6.65,2.53,9.36,20.04
2017-07-07,000059,10.62,10.65,10.73,10.59,179283,190786700.0,1.31,-0.28,-0.03,1.28,-7.18,-6.14,-5.95,-3.59,-3.68,-4.44,-0.57,3.31,1.32,1.89,10.64,10.32,10.22,10.13,3.85,4.13,4.69,7.51,6.95,6.95,2.82,9.67,20.38,17.75
2017-07-10,000059,10.62,11.02,11.06,10.56,463236,503040832.0,4.69,3.47,0.37,3.31,-5.87,-5.68,-3.31,-3.41,-4.17,-0.28,3.6,1.61,2.18,1.61,10.74,10.43,10.25,10.17,0.64,1.18,3.9,3.36,3.36,-0.64,5.99,16.33,13.79,15.61
2017-07-11,000059,10.97,10.78,11.09,10.77,371337,406032544.0,2.9,-2.18,-0.24,2.65,-7.52,-5.2,-5.29,-6.04,-2.23,1.58,-0.37,0.19,-0.37,2.69,10.77,10.53,10.28,10.2,3.43,6.22,5.66,5.66,1.58,8.35,18.92,16.33,18.18,17.35
2017-07-12,000059,10.8,11.15,11.15,10.73,457044,501639584.0,3.9,3.43,0.37,3.26,-4.85,-4.94,-5.68,-1.86,1.96,0.0,0.56,0.0,3.08,3.36,10.86,10.63,10.31,10.24,2.69,2.15,2.15,-1.79,4.75,14.98,12.47,14.26,13.45,16.41
2017-07-13,000059,11.1,11.38,11.45,11.02,556467,628278256.0,3.86,2.06,0.23,3.97,-7.44,-8.17,-4.45,-0.73,-2.63,-2.09,-2.63,0.36,0.64,1.18,11.0,10.75,10.37,10.29,0.09,0.09,-3.78,2.64,12.65,10.19,11.95,11.16,14.06,15.47
2017-07-14,000059,11.3,11.36,11.39,11.17,303250,341878080.0,1.93,-0.18,-0.02,2.17,-9.4,-5.73,-2.06,-3.94,-3.4,-3.94,-0.98,-0.72,-0.18,2.51,11.14,10.89,10.43,10.34,0.26,-3.61,2.82,12.85,10.39,12.15,11.36,14.26,15.67,11.36
2017-07-17,000059,11.37,10.57,11.39,10.31,470288,509381136.0,9.51,-6.95,-0.79,3.36,2.13,6.11,4.07,4.66,4.07,7.27,7.57,8.15,11.06,10.48,11.05,10.89,10.45,10.37,3.6,10.5,21.29,18.64,20.53,19.68,22.8,24.31,19.68,21.29
2017-07-18,000059,10.57,10.95,10.95,10.57,317174,341153424.0,3.6,3.6,0.38,2.27,3.5,1.51,2.08,1.51,4.64,4.92,5.49,8.33,7.76,7.76,11.08,10.93,10.5,10.4,6.67,17.08,14.52,16.35,15.53,18.54,20.0,15.53,17.08,19.18
2017-07-19,000059,10.92,11.65,11.68,10.88,705067,798050432.0,7.31,6.39,0.7,5.04,-1.38,-0.83,-1.38,1.65,1.93,2.48,5.24,4.69,4.69,0.64,11.18,11.02,10.58,10.45,10.04,7.64,9.36,8.58,11.42,12.79,8.58,10.04,12.02,6.7
2017-07-20,000059,12.35,11.86,12.82,11.75,1268456,1544355280.0,9.18,1.8,0.21,9.06,-8.17,-8.68,-5.87,-5.62,-5.11,-2.55,-3.06,-3.06,-6.81,-0.6,11.28,11.14,10.69,10.51,5.73,7.42,6.66,9.44,10.79,6.66,8.09,10.03,4.81,1.6
2017-07-21,000059,11.75,12.26,12.54,11.75,1001893,1221551984.0,6.66,3.37,0.4,7.16,-8.68,-5.87,-5.62,-5.11,-2.55,-3.06,-3.06,-6.81,-0.6,9.11,11.46,11.3,10.81,10.58,3.92,3.18,5.87,7.18,3.18,4.57,6.44,1.39,-1.71,0.98
2017-07-24,000059,12.2,12.25,12.74,12.1,1048568,1302587280.0,5.22,-0.08,-0.01,7.49,-8.6,-8.35,-7.85,-5.37,-5.87,-5.87,-9.5,-3.47,5.95,3.64,11.79,11.42,10.93,10.64,3.27,5.96,7.27,3.27,4.65,6.53,1.47,-1.63,1.06,0.16
2017-07-25,000059,12.35,12.56,12.65,12.07,803575,992892176.0,4.73,2.53,0.31,5.74,-8.12,-7.62,-5.14,-5.63,-5.63,-9.28,-3.23,6.21,3.89,5.55,12.12,11.6,11.06,10.72,3.34,4.62,0.72,2.07,3.9,-1.04,-4.06,-1.43,-2.31,-3.58
2017-07-26,000059,12.67,12.87,12.98,12.34,1085922,1377493392.0,5.1,2.47,0.31,7.76,-9.64,-7.21,-7.7,-7.7,-11.26,-5.35,3.89,1.62,3.24,2.51,12.36,11.77,11.2,10.8,2.1,-1.71,-0.39,1.4,-3.42,-6.37,-3.81,-4.66,-5.91,-6.37
2017-07-27,000059,12.8,12.4,13.14,12.38,959526,1219109312.0,5.91,-3.65,-0.47,6.85,-7.51,-8.0,-8.0,-11.55,-5.65,3.55,1.29,2.91,2.18,4.85,12.47,11.87,11.31,10.87,2.02,3.39,5.24,0.24,-2.82,-0.16,-1.05,-2.34,-2.82,-3.15
2017-07-28,000059,12.2,12.39,12.65,12.12,582635,725279280.0,4.27,-0.08,-0.01,4.16,-6.02,-6.02,-9.65,-3.63,5.78,3.47,5.12,4.37,7.1,8.42,12.49,11.98,11.43,10.94,3.47,5.33,0.32,-2.74,-0.08,-0.97,-2.26,-2.74,-3.07,-2.74
2017-07-31,000059,12.31,12.82,12.82,12.22,778482,977309248.0,4.84,3.47,0.43,5.56,-6.79,-10.39,-4.42,4.91,2.62,4.26,3.52,6.22,7.53,3.52,12.61,12.2,11.55,11.03,1.79,-3.04,-6.01,-3.43,-4.29,-5.54,-6.01,-6.32,-6.01,-9.52
2017-08-01,000059,12.83,12.44,13.05,12.37,644616,811877776.0,5.3,-2.96,-0.38,4.6,-11.48,-5.58,3.64,1.37,2.99,2.26,4.93,6.22,2.26,3.64,12.58,12.35,11.64,11.12,-0.08,-3.14,-0.48,-1.37,-2.65,-3.14,-3.46,-3.14,-6.75,-6.43
2017-08-02,000059,12.31,11.97,12.43,11.94,724189,880010064.0,3.94,-3.78,-0.47,5.17,-2.18,7.37,5.03,6.7,5.95,8.71,10.05,5.95,7.37,9.3,12.4,12.38,11.7,11.18,0.67,3.43,2.51,1.17,0.67,0.33,0.67,-3.09,-2.76,-2.59
2017-08-03,000059,11.94,11.9,12.05,11.8,435607,518805600.0,2.09,-0.58,-0.07,3.11,8.64,6.27,7.97,7.2,10.0,11.36,7.2,8.64,10.59,5.34,12.3,12.39,11.76,11.25,4.03,3.11,1.76,1.26,0.92,1.26,-2.52,-2.18,-2.02,-4.12
2017-08-04,000059,11.86,12.1,12.38,11.85,572299,695445152.0,4.45,1.68,0.2,4.09,5.82,7.51,6.75,9.54,10.89,6.75,8.19,10.13,4.89,1.69,12.25,12.37,11.83,11.33,1.4,0.08,-0.41,-0.74,-0.41,-4.13,-3.8,-3.64,-5.7,-4.46
2017-08-07,000059,12.08,11.84,12.27,11.74,480918,570102672.0,4.38,-2.15,-0.26,3.44,8.52,7.75,10.56,11.93,7.75,9.2,11.16,5.88,2.64,5.45,12.05,12.33,11.88,11.39,2.28,1.77,1.44,1.77,-2.03,-1.69,-1.52,-3.63,-2.36,0.25
2017-08-08,000059,11.84,11.87,12.11,11.68,397120,472821216.0,3.63,0.25,0.03,2.84,8.3,11.13,12.5,8.3,9.76,11.73,6.42,3.17,5.99,5.05,11.94,12.26,11.93,11.46,1.52,1.18,1.52,-2.27,-1.94,-1.77,-3.88,-2.61,0.0,-1.01
2017-08-09,000059,11.86,12.04,12.05,11.65,388258,459895024.0,3.37,1.43,0.17,2.77,11.42,12.79,8.58,10.04,12.02,6.7,3.43,6.27,5.32,3.95,11.95,12.18,11.97,11.52,-0.25,0.08,-3.65,-3.32,-3.16,-5.23,-3.99,-1.41,-2.41,-1.99
2017-08-10,000059,11.86,11.88,12.01,11.73,286911,340741808.0,2.33,-1.33,-0.16,2.05,12.02,7.84,9.29,11.25,5.97,2.73,5.54,4.6,3.24,2.73,11.95,12.13,12.0,11.58,1.43,-2.36,-2.02,-1.85,-3.96,-2.69,-0.08,-1.09,-0.67,-1.94
2017-08-11,000059,11.92,11.32,12.05,11.27,420214,491990976.0,6.57,-4.71,-0.56,3.0,12.24,13.75,15.79,10.29,6.92,9.85,8.87,7.45,6.92,6.57,11.79,12.02,12.0,11.63,2.47,2.83,3.0,0.8,2.12,4.86,3.8,4.24,2.92,1.59
2017-08-14,000059,11.28,11.57,11.6,11.22,268864,307764576.0,3.36,2.21,0.25,1.92,14.26,16.31,10.78,7.4,10.34,9.36,7.93,7.4,7.04,7.4,11.74,11.89,12.05,11.66,0.61,0.78,-1.38,-0.09,2.59,1.56,1.99,0.69,-0.61,0.43
2017-08-15,000059,11.5,11.54,11.64,11.47,220164,254006385.0,1.47,-0.26,-0.03,1.57,13.78,8.37,5.06,7.93,6.97,5.58,5.06,4.71,5.06,1.13,11.67,11.8,12.08,11.69,1.04,-1.13,0.17,2.86,1.82,2.25,0.95,-0.35,0.69,1.3
2017-08-16,000059,11.48,11.22,11.66,11.14,375635,425488688.0,4.51,-2.77,-0.32,2.68,11.58,8.17,11.13,10.14,8.71,8.17,7.81,8.17,4.13,4.49,11.51,11.73,12.06,11.71,1.69,3.03,5.79,4.72,5.17,3.83,2.5,3.57,4.19,5.61
2017-08-17,000059,11.22,11.36,11.41,11.21,230611,260850641.0,1.78,1.25,0.14,1.65,7.49,10.44,9.46,8.03,7.49,7.14,7.49,3.48,3.84,4.01,11.4,11.67,12.03,11.73,1.76,4.49,3.43,3.87,2.55,1.23,2.29,2.9,4.31,4.58
2017-08-18,000059,11.25,11.52,11.56,11.21,300476,342693440.0,3.08,1.41,0.16,2.15,10.44,9.46,8.03,7.49,7.14,7.49,3.48,3.84,4.01,1.78,11.44,11.62,11.99,11.76,3.04,2.0,2.43,1.13,-0.17,0.87,1.48,2.86,3.12,3.56
2017-08-21,000059,11.55,11.69,11.87,11.55,321196,376861328.0,2.78,1.48,0.17,2.29,6.23,4.85,4.33,3.98,4.33,0.43,0.78,0.95,-1.21,0.09,11.47,11.6,11.97,11.78,0.51,0.94,-0.34,-1.63,-0.6,0.0,1.37,1.63,2.05,4.19
2017-08-22,000059,11.65,11.62,11.75,11.51,187616,217948029.0,2.05,-0.6,-0.07,1.34,5.21,4.69,4.34,4.69,0.78,1.13,1.3,-0.87,0.43,3.13,11.48,11.58,11.92,11.81,1.55,0.26,-1.03,0.0,0.6,1.98,2.24,2.67,4.82,4.13
2017-08-23,000059,11.62,11.65,11.8,11.57,184853,215774024.0,1.98,0.26,0.03,1.32,4.15,3.8,4.15,0.26,0.61,0.78,-1.38,-0.09,2.59,1.56,11.57,11.54,11.86,11.83,0.0,-1.29,-0.26,0.34,1.72,1.97,2.4,4.55,3.86,3.26
2017-08-24,000059,11.61,11.29,11.65,11.25,246134,280709920.0,3.43,-3.09,-0.36,1.76,6.76,7.11,3.11,3.47,3.64,1.42,2.76,5.51,4.44,4.89,11.55,11.48,11.8,11.83,1.86,2.92,3.54,4.96,5.23,5.67,7.88,7.17,6.55,5.4
2017-08-25,000059,11.27,11.44,11.5,11.27,163820,187007395.0,2.04,1.33,0.15,1.17,6.92,2.93,3.28,3.46,1.24,2.57,5.32,4.26,4.7,3.37,11.54,11.49,11.75,11.83,1.57,2.19,3.58,3.85,4.28,6.47,5.77,5.16,4.02,1.92
2017-08-28,000059,11.49,11.58,11.62,11.43,218862,252304129.0,1.66,1.22,0.14,1.56,1.49,1.84,2.01,-0.17,1.14,3.85,2.8,3.24,1.92,0.61,11.52,11.49,11.69,11.86,0.95,2.33,2.59,3.02,5.18,4.49,3.89,2.76,0.69,0.6
2017-08-29,000059,11.55,11.52,11.69,11.48,171806,198729448.0,1.81,-0.52,-0.06,1.23,1.39,1.57,-0.61,0.7,3.4,2.35,2.79,1.48,0.17,1.22,11.5,11.49,11.65,11.88,2.86,3.12,3.56,5.73,5.03,4.43,3.3,1.22,1.13,5.47
2017-08-30,000059,11.52,11.78,11.85,11.49,390564,458443840.0,3.13,2.26,0.26,2.79,1.48,-0.7,0.61,3.31,2.26,2.7,1.39,0.09,1.13,1.74,11.52,11.55,11.64,11.89,0.85,1.27,3.4,2.72,2.12,1.02,-1.02,-1.1,3.14,2.8
2017-08-31,000059,11.8,11.72,11.88,11.68,230639,271276464.0,1.7,-0.51,-0.06,1.65,-2.31,-1.03,1.63,0.6,1.03,-0.26,-1.54,-0.51,0.09,1.46,11.61,11.58,11.63,11.88,1.79,3.92,3.24,2.65,1.54,-0.51,-0.6,3.67,3.33,2.73
2017-09-01,000059,11.85,11.81,11.93,11.74,350659,414648896.0,1.62,0.77,0.09,2.5,-1.53,1.11,0.09,0.51,-0.77,-2.04,-1.02,-0.43,0.94,1.19,11.68,11.61,11.61,11.87,3.13,2.46,1.86,0.76,-1.27,-1.35,2.88,2.54,1.95,2.37
2017-09-04,000059,11.88,12.15,12.18,11.77,534880,642130032.0,3.47,2.88,0.34,3.82,0.85,-0.17,0.25,-1.02,-2.29,-1.27,-0.68,0.68,0.93,1.36,11.8,11.66,11.63,11.86,-0.41,-0.99,-2.06,-4.03,-4.12,0.0,-0.33,-0.91,-0.49,-1.81
2017-09-05,000059,12.1,12.03,12.1,11.95,263283,316276384.0,1.23,-0.99,-0.12,1.88,-1.67,-1.26,-2.51,-3.77,-2.76,-2.18,-0.84,-0.59,-0.17,1.92,11.9,11.7,11.64,11.84,0.0,-1.08,-3.08,-3.16,1.0,0.67,0.08,0.5,-0.83,-2.83
2017-09-06,000059,12.03,11.85,12.03,11.77,246240,292249888.0,2.16,-1.5,-0.18,1.76,0.25,-1.02,-2.29,-1.27,-0.68,0.68,0.93,1.36,3.48,2.8,11.91,11.72,11.63,11.81,0.42,-1.6,-1.69,2.53,2.19,1.6,2.03,0.68,-1.35,-3.04
2017-09-07,000059,11.82,11.6,11.9,11.58,282934,331709952.0,2.7,-2.11,-0.25,2.02,0.6,-0.69,0.35,0.95,2.33,2.59,3.02,5.18,4.49,3.89,11.89,11.75,11.61,11.78,0.52,0.43,4.74,4.4,3.79,4.22,2.84,0.78,-0.95,-0.6
2017-09-08,000059,11.58,11.56,11.66,11.46,183470,212388290.0,1.72,-0.34,-0.04,1.31,0.35,1.4,2.01,3.4,3.66,4.1,6.28,5.58,4.97,3.84,11.84,11.76,11.63,11.76,0.78,5.1,4.76,4.15,4.58,3.2,1.12,-0.61,-0.26,-2.68
2017-09-11,000059,11.57,11.64,11.65,11.49,172575,199822972.0,1.38,0.69,0.08,1.23,1.13,1.74,3.13,3.39,3.83,6.01,5.31,4.7,3.57,1.48,11.74,11.77,11.63,11.72,4.38,4.04,3.44,3.87,2.49,0.43,-1.29,-0.95,-3.35,-4.55
2017-09-12,000059,11.66,12.06,12.15,11.62,618166,739090032.0,4.55,3.61,0.42,4.42,0.6,1.98,2.24,2.67,4.82,4.13,3.53,2.41,0.34,0.26,11.74,11.82,11.65,11.7,0.41,-0.17,0.25,-1.08,-3.07,-4.73,-4.39,-6.72,-7.88,-7.21
2017-09-13,000059,12.03,12.0,12.11,11.9,233484,279327632.0,1.74,-0.5,-0.06,1.67,-0.42,-0.17,0.25,2.35,1.68,1.09,0.0,-2.02,-2.1,2.1,11.77,11.84,11.69,11.71,0.33,0.75,-0.58,-2.58,-4.25,-3.92,-6.25,-7.42,-6.75,-6.67
2017-09-14,000059,11.97,11.86,12.04,11.83,214853,255398460.0,1.75,-1.17,-0.14,1.53,0.42,0.85,2.96,2.28,1.69,0.59,-1.44,-1.52,2.7,2.37,11.82,11.86,11.72,11.7,1.94,0.59,-1.43,-3.12,-2.78,-5.14,-6.32,-5.65,-5.56,-5.9
2017-09-15,000059,11.85,11.89,12.09,11.75,254832,304301344.0,2.87,0.25,0.03,1.82,1.53,3.66,2.98,2.38,1.28,-0.77,-0.85,3.4,3.06,2.47,11.89,11.86,11.74,11.7,0.34,-1.68,-3.36,-3.03,-5.38,-6.56,-5.89,-5.8,-6.14,-7.4
2017-09-18,000059,11.88,11.7,11.93,11.58,326380,384368096.0,2.94,-1.6,-0.19,2.33,5.18,4.49,3.89,2.76,0.69,0.6,4.92,4.58,3.97,4.4,11.9,11.82,11.74,11.69,-0.09,-1.79,-1.45,-3.85,-5.04,-4.36,-4.27,-4.62,-5.9,-4.62
2017-09-19,000059,11.69,11.44,11.69,11.39,247761,286368416.0,2.56,-2.22,-0.26,1.77,6.23,5.62,4.48,2.37,2.28,6.67,6.32,5.71,6.15,4.74,11.78,11.76,11.73,11.68,0.44,0.79,-1.66,-2.88,-2.19,-2.1,-2.45,-3.76,-2.45,-2.71
2017-09-20,000059,11.43,11.49,11.49,11.32,175435,200233014.0,1.49,0.44,0.05,1.25,6.27,5.12,3.0,2.92,7.33,6.98,6.36,6.8,5.39,3.27,11.68,11.72,11.72,11.66,0.35,-2.09,-3.31,-2.61,-2.52,-2.87,-4.18,-2.87,-3.13,-2.79
2017-09-21,000059,11.47,11.26,11.53,11.26,203624,231698923.0,2.35,-2.0,-0.23,1.45,5.68,3.55,3.46,7.9,7.55,6.93,7.37,5.95,3.82,2.04,11.56,11.69,11.72,11.64,-0.09,-1.33,-0.62,-0.53,-0.89,-2.22,-0.89,-1.15,-0.8,-1.51
2017-09-22,000059,11.24,10.95,11.25,10.94,252428,278845904.0,2.75,-2.75,-0.31,1.8,6.58,6.49,11.06,10.69,10.05,10.51,9.05,6.86,5.03,5.39,11.37,11.63,11.69,11.63,1.46,2.19,2.28,1.92,0.55,1.92,1.64,2.01,1.28,-0.46
2017-09-25,000059,10.95,10.86,11.11,10.84,118931,130467460.0,2.47,-0.82,-0.09,0.85,7.47,12.08,11.72,11.07,11.53,10.06,7.84,6.0,6.37,3.78,11.2,11.55,11.66,11.6,3.04,3.13,2.76,1.38,2.76,2.49,2.85,2.12,0.37,0.18
2017-09-26,000059,10.89,11.07,11.19,10.89,168811,187092822.0,2.76,1.93,0.21,1.21,11.57,11.2,10.56,11.02,9.55,7.35,5.51,5.88,3.31,2.02,11.13,11.45,11.64,11.59,1.17,0.81,-0.54,0.81,0.54,0.9,0.18,-1.54,-1.72,-4.52
2017-09-27,000059,11.08,11.17,11.2,11.0,116465,129509015.0,1.81,0.9,0.1,0.83,10.09,9.45,9.91,8.45,6.27,4.45,4.82,2.27,1.0,1.73,11.06,11.37,11.61,11.59,-0.09,-1.43,-0.09,-0.36,0.0,-0.72,-2.42,-2.6,-5.37,-5.01
2017-09-28,000059,11.16,10.96,11.16,10.95,145510,160259037.0,1.88,-1.88,-0.21,1.04,9.95,10.41,8.95,6.76,4.93,5.3,2.74,1.46,2.19,2.28,11.0,11.28,11.57,11.57,0.46,1.82,1.55,1.92,1.19,-0.55,-0.73,-3.56,-3.19,-6.2
2017-09-29,000059,10.91,10.96,11.01,10.91,102559,112388465.0,0.91,0.0,0.0,0.73,10.82,9.35,7.15,5.32,5.68,3.12,1.83,2.57,2.66,2.29,11.0,11.19,11.53,11.55,1.82,1.55,1.92,1.19,-0.55,-0.73,-3.56,-3.19,-6.2,-7.03
2017-10-09,000059,10.98,11.08,11.16,10.98,147976,163824570.0,1.64,1.09,0.12,1.06,8.65,6.47,4.64,5.01,2.46,1.18,1.91,2.0,1.64,0.27,11.05,11.12,11.47,11.53,0.45,0.81,0.09,-1.62,-1.81,-4.6,-4.24,-7.22,-8.03,-6.68
2017-10-10,000059,11.06,11.1,11.13,11.03,102121,113072667.0,0.9,0.18,0.02,0.73,5.98,4.17,4.53,1.99,0.73,1.45,1.54,1.18,-0.18,1.18,11.05,11.09,11.43,11.52,0.63,-0.09,-1.8,-1.98,-4.77,-4.41,-7.39,-8.2,-6.85,-6.58
2017-10-11,000059,11.13,11.03,11.17,10.98,157940,174189730.0,1.71,-0.63,-0.07,1.13,4.64,5.01,2.46,1.18,1.91,2.0,1.64,0.27,1.64,1.37,11.03,11.04,11.38,11.5,0.54,-1.18,-1.36,-4.17,-3.81,-6.8,-7.62,-6.26,-5.98,-5.8
2017-10-12,000059,11.0,10.85,11.09,10.78,188846,206994639.0,2.81,-1.63,-0.18,1.35,6.96,4.36,3.06,3.8,3.9,3.53,2.13,3.53,3.25,3.62,11.0,11.0,11.35,11.48,0.46,0.28,-2.58,-2.21,-5.25,-6.08,-4.7,-4.42,-4.24,-1.01
2017-10-13,000059,10.84,10.81,10.9,10.78,151269,163744427.0,1.11,-0.37,-0.04,1.08,4.36,3.06,3.8,3.9,3.53,2.13,3.53,3.25,3.62,2.88,10.97,10.99,11.31,11.46,0.65,-2.22,-1.85,-4.9,-5.74,-4.35,-4.07,-3.89,-0.65,0.09
2017-10-16,000059,10.79,10.51,10.88,10.49,216635,230776013.0,3.61,-2.78,-0.3,1.55,5.91,6.67,6.77,6.39,4.96,6.39,6.1,6.48,5.72,3.91,10.86,10.95,11.25,11.42,0.57,0.95,-2.19,-3.04,-1.62,-1.33,-1.14,2.19,2.95,3.24
2017-10-17,000059,10.51,10.53,10.57,10.45,86279,90659298.0,1.14,0.19,0.02,0.62,7.08,7.18,6.79,5.36,6.79,6.51,6.89,6.12,4.31,4.11,10.75,10.9,11.18,11.39,0.76,-2.37,-3.23,-1.8,-1.52,-1.33,1.99,2.75,3.04,1.61
2017-10-18,000059,10.51,10.26,10.61,10.19,171127,177685701.0,3.99,-2.56,-0.27,1.22,9.91,9.52,8.05,9.52,9.22,9.62,8.83,6.97,6.77,3.73,10.59,10.81,11.09,11.34,0.19,-0.68,0.78,1.07,1.27,4.68,5.46,5.75,4.29,3.51
2017-10-19,000059,10.28,10.08,10.28,10.01,142232,143657472.0,2.63,-1.75,-0.18,1.02,11.49,9.99,11.49,11.19,11.59,10.79,8.89,8.69,5.59,5.99,10.44,10.72,11.0,11.29,1.09,2.58,2.88,3.08,6.55,7.34,7.64,6.15,5.36,4.76
2017-10-20,000059,10.07,10.17,10.19,10.03,95306,96447442.0,1.59,0.89,0.09,0.68,9.77,11.27,10.97,11.37,10.57,8.67,8.47,5.38,5.78,2.49,10.31,10.64,10.91,11.23,1.67,1.97,2.16,5.6,6.39,6.69,5.21,4.42,3.83,1.08
2017-10-23,000059,10.17,10.32,10.34,10.12,102535,105066302.0,2.16,1.47,0.15,0.73,10.28,9.98,10.38,9.58,7.71,7.51,4.45,4.84,1.58,0.69,10.27,10.57,10.85,11.17,0.48,0.68,4.07,4.84,5.14,3.68,2.91,2.33,-0.39,-0.29
2017-10-24,000059,10.33,10.24,10.37,10.15,107896,110582035.0,2.13,-0.78,-0.08,0.77,9.66,10.05,9.26,7.39,7.19,4.14,4.53,1.28,0.39,1.87,10.21,10.48,10.79,11.11,1.46,4.88,5.66,5.96,4.49,3.71,3.12,0.39,0.49,5.37
2017-10-25,000059,10.2,10.34,10.39,10.2,84725,87505815.0,1.86,0.98,0.1,0.61,9.51,8.73,6.86,6.67,3.63,4.02,0.78,-0.1,1.37,1.67,10.23,10.41,10.73,11.06,3.87,4.64,4.93,3.48,2.71,2.13,-0.58,-0.48,4.35,4.16
2017-10-26,000059,10.48,10.67,10.74,10.4,250593,264806102.0,3.29,3.19,0.33,1.79,6.63,4.81,4.62,1.63,2.02,-1.15,-2.02,-0.58,-0.29,-0.1,10.35,10.39,10.7,11.03,1.41,1.69,0.28,-0.47,-1.03,-3.66,-3.56,1.12,0.94,0.37
2017-10-27,000059,10.67,10.64,10.82,10.62,199173,213955135.0,1.87,-0.28,-0.03,1.42,2.64,2.45,-0.47,-0.09,-3.2,-4.05,-2.64,-2.35,-2.17,1.13,10.44,10.38,10.68,11.0,1.97,0.56,-0.19,-0.75,-3.38,-3.29,1.41,1.22,0.66,0.75
2017-10-30,000059,10.58,10.72,10.85,10.5,241205,258587418.0,3.29,0.75,0.08,1.72,3.62,0.67,1.05,-2.1,-2.95,-1.52,-1.24,-1.05,2.29,3.05,10.52,10.4,10.68,10.97,-0.19,-0.93,-1.49,-4.1,-4.01,0.65,0.47,-0.09,0.0,0.19
2017-10-31,000059,10.65,10.59,10.7,10.45,189422,199526908.0,2.33,-1.21,-0.13,1.35,1.15,1.53,-1.63,-2.49,-1.05,-0.77,-0.57,2.78,3.54,3.83,10.59,10.4,10.65,10.92,0.28,-0.28,-2.93,-2.83,1.89,1.7,1.13,1.23,1.42,1.32
2017-11-01,000059,10.57,10.49,10.62,10.46,130621,137611017.0,1.51,-0.94,-0.1,0.93,1.43,-1.72,-2.58,-1.15,-0.86,-0.67,2.68,3.44,3.73,2.29,10.62,10.43,10.62,10.87,0.67,-2.0,-1.91,2.86,2.67,2.1,2.19,2.38,2.29,1.05
2017-11-02,000059,10.45,10.23,10.56,10.23,139831,145340190.0,3.15,-2.48,-0.26,1.0,0.49,-0.39,1.08,1.37,1.56,4.99,5.77,6.06,4.59,3.81,10.53,10.44,10.58,10.81,0.49,0.59,5.47,5.28,4.69,4.79,4.99,4.89,3.62,1.86
2017-11-03,000059,10.2,10.06,10.28,10.0,194027,195863261.0,2.74,-1.66,-0.17,1.39,1.9,3.4,3.7,3.9,7.4,8.2,8.5,7.0,6.2,5.6,10.42,10.43,10.54,10.75,2.29,7.26,7.06,6.46,6.56,6.76,6.66,5.37,3.58,3.58
2017-11-06,000059,10.09,10.29,10.29,10.06,144566,146991791.0,2.29,2.29,0.23,1.03,2.78,3.08,3.28,6.76,7.55,7.85,6.36,5.57,4.97,2.19,10.33,10.43,10.5,10.71,4.86,4.66,4.08,4.18,4.37,4.28,3.01,1.26,1.26,-2.92
2017-11-07,000059,10.3,10.65,10.79,10.3,304497,323196064.0,4.76,3.5,0.36,2.18,0.68,0.87,4.27,5.05,5.34,3.88,3.11,2.52,-0.19,-0.1,10.34,10.47,10.47,10.68,1.13,0.56,0.66,0.85,0.75,-0.47,-2.16,-2.16,-6.2,-5.92
2017-11-08,000059,10.65,10.61,10.77,10.53,187856,200162833.0,2.25,-0.38,-0.04,1.34,-1.33,1.99,2.75,3.04,1.61,0.85,0.28,-2.37,-2.28,2.47,10.37,10.5,10.45,10.65,0.94,1.04,1.23,1.13,-0.09,-1.79,-1.79,-5.84,-5.56,-4.24
2017-11-09,000059,10.58,10.62,10.71,10.51,162833,172965828.0,1.89,0.09,0.01,1.16,2.19,2.95,3.24,1.81,1.05,0.48,-2.19,-2.09,2.66,2.47,10.45,10.49,10.44,10.63,0.94,1.13,1.04,-0.19,-1.88,-1.88,-5.93,-5.65,-4.33,-4.43
2017-11-10,000059,10.56,10.64,10.72,10.54,197248,209813023.0,1.69,0.19,0.02,1.41,2.66,2.94,1.52,0.76,0.19,-2.47,-2.37,2.37,2.18,1.61,10.56,10.49,10.43,10.62,0.94,0.85,-0.38,-2.07,-2.07,-6.11,-5.83,-4.51,-4.61,-6.58
2017-11-13,000059,10.68,10.71,10.74,10.55,191565,204263831.0,1.79,0.66,0.07,1.37,2.84,1.42,0.66,0.09,-2.56,-2.46,2.27,2.09,1.52,1.61,10.65,10.49,10.44,10.61,0.19,-1.03,-2.71,-2.71,-6.72,-6.44,-5.14,-5.23,-7.19,-6.44
2017-11-14,000059,10.72,10.55,10.73,10.51,164646,174593142.0,2.05,-1.49,-0.16,1.18,1.81,1.05,0.48,-2.19,-2.09,2.66,2.47,1.9,2.0,2.19,10.63,10.49,10.44,10.6,0.47,-1.23,-1.23,-5.31,-5.02,-3.7,-3.79,-5.78,-5.02,-4.17
2017-11-15,000059,10.52,10.31,10.6,10.28,150132,156493066.0,3.03,-2.27,-0.24,1.07,3.31,2.72,0.0,0.1,4.96,4.77,4.18,4.28,4.47,4.38,10.57,10.47,10.45,10.57,1.07,1.07,-3.1,-2.81,-1.45,-1.55,-3.59,-2.81,-1.94,0.78
2017-11-16,000059,10.31,10.33,10.42,10.26,121834,125985799.0,1.55,0.19,0.02,0.87,2.92,0.19,0.29,5.17,4.97,4.39,4.48,4.68,4.58,3.31,10.51,10.48,10.46,10.55,0.87,-3.29,-3.0,-1.65,-1.74,-3.78,-3.0,-2.13,0.58,-0.58
2017-11-17,000059,10.33,10.01,10.42,9.99,209589,212670139.0,4.16,-3.1,-0.32,1.5,2.9,3.0,8.01,7.81,7.21,7.31,7.51,7.41,6.11,4.3,10.38,10.47,10.45,10.51,-0.2,0.1,1.5,1.4,-0.7,0.1,1.0,3.8,2.6,2.0
2017-11-20,000059,9.98,9.93,9.99,9.65,136426,134270698.0,3.4,-0.8,-0.08,0.97,6.63,11.81,11.61,10.98,11.09,11.3,11.19,9.84,7.98,7.98,10.23,10.44,10.43,10.48,0.91,2.32,2.22,0.1,0.91,1.81,4.63,3.42,2.82,2.42
2017-11-21,000059,9.92,9.9,10.02,9.82,153075,151565972.0,2.01,-0.3,-0.03,1.09,9.88,9.67,9.06,9.16,9.37,9.27,7.94,6.11,6.11,1.73,10.1,10.36,10.41,10.44,2.63,2.53,0.4,1.21,2.12,4.95,3.74,3.13,2.73,2.02
2017-11-22,000059,9.93,10.06,10.16,9.87,176735,177381830.0,2.93,1.62,0.16,1.26,9.12,8.51,8.61,8.81,8.71,7.4,5.57,5.57,1.22,1.52,10.05,10.31,10.4,10.4,0.89,-1.19,-0.4,0.5,3.28,2.09,1.49,1.09,0.4,-2.68
2017-11-23,000059,10.14,9.86,10.15,9.84,150586,150593931.0,3.08,-1.99,-0.2,1.08,8.84,8.94,9.15,9.04,7.72,5.89,5.89,1.52,1.83,3.25,9.95,10.23,10.36,10.37,0.81,1.62,2.54,5.38,4.16,3.55,3.14,2.43,-0.71,0.1
2017-11-24,000059,9.85,9.94,9.94,9.72,115545,113425417.0,2.23,0.81,0.08,0.83,10.29,10.49,10.39,9.05,7.2,7.2,2.78,3.09,4.53,4.42,9.94,10.16,10.33,10.34,0.8,1.71,4.53,3.32,2.72,2.31,1.61,-1.51,-0.7,-2.11
2017-11-27,000059,9.96,9.9,10.02,9.83,111296,110612049.0,1.91,-0.4,-0.04,0.79,9.26,9.16,7.83,6.0,6.0,1.63,1.93,3.36,3.26,1.12,9.93,10.08,10.28,10.32,2.12,4.95,3.74,3.13,2.73,2.02,-1.11,-0.3,-1.72,-0.51
2017-11-28,000059,9.91,10.09,10.11,9.85,115017,114765915.0,2.63,1.92,0.19,0.82,8.93,7.61,5.79,5.79,1.42,1.73,3.15,3.05,0.91,1.73,9.97,10.03,10.26,10.31,2.97,1.78,1.19,0.79,0.1,-2.97,-2.18,-3.57,-2.38,-2.18
2017-11-29,000059,10.08,10.3,10.39,10.08,315535,323268608.0,3.07,2.08,0.21,2.25,5.16,3.37,3.37,-0.89,-0.6,0.79,0.69,-1.39,-0.6,0.3,10.02,10.03,10.25,10.31,-0.29,-0.87,-1.26,-1.94,-4.95,-4.17,-5.53,-4.37,-4.17,-5.83
2017-11-30,000059,10.27,10.16,10.27,10.11,163803,166652929.0,1.55,-1.36,-0.14,1.17,3.07,3.07,-1.19,-0.89,0.49,0.4,-1.68,-0.89,0.0,2.77,10.08,10.02,10.25,10.31,0.49,0.1,-0.59,-3.64,-2.85,-4.23,-3.05,-2.85,-4.53,-4.63
2017-12-01,000059,10.15,10.13,10.21,10.07,100117,101436307.0,1.38,-0.3,-0.03,0.72,3.48,-0.79,-0.5,0.89,0.79,-1.29,-0.5,0.4,3.18,1.99,10.12,10.03,10.25,10.31,0.39,-0.3,-3.36,-2.57,-3.95,-2.76,-2.57,-4.24,-4.34,-4.94
2017-12-04,000059,10.12,10.1,10.17,10.06,123363,124698672.0,1.09,-0.3,-0.03,0.88,-0.7,-0.4,0.99,0.89,-1.19,-0.4,0.5,3.28,2.09,1.49,10.16,10.04,10.24,10.3,0.0,-3.07,-2.28,-3.66,-2.48,-2.28,-3.96,-4.06,-4.65,-6.83
2017-12-05,000059,10.1,9.72,10.1,9.68,202318,199194001.0,4.16,-3.76,-0.38,1.45,3.51,4.96,4.86,2.69,3.51,4.44,7.33,6.1,5.48,5.06,10.08,10.03,10.19,10.29,0.72,1.54,0.1,1.34,1.54,-0.21,-0.31,-0.93,-3.19,-2.67
2017-12-06,000059,9.71,9.75,9.79,9.55,147334,142654288.0,2.47,0.31,0.03,1.05,6.39,6.28,4.08,4.92,5.86,8.8,7.54,6.91,6.49,5.76,9.97,10.0,10.15,10.27,1.23,-0.21,1.03,1.23,-0.51,-0.62,-1.23,-3.49,-2.97,-2.97
2017-12-07,000059,9.74,9.79,9.87,9.67,108581,106492799.0,2.05,0.41,0.04,0.78,4.96,2.79,3.62,4.55,7.45,6.2,5.58,5.17,4.45,1.24,9.9,9.99,10.11,10.24,-0.61,0.61,0.82,-0.92,-1.02,-1.63,-3.88,-3.37,-3.37,-3.47
2017-12-08,000059,9.64,9.68,9.73,9.55,191344,184386611.0,1.84,-1.12,-0.11,1.37,4.08,4.92,5.86,8.8,7.54,6.91,6.49,5.76,2.51,3.35,9.81,9.96,10.06,10.2,1.76,1.96,0.21,0.1,-0.52,-2.79,-2.27,-2.27,-2.38,-0.93
2017-12-11,000059,9.68,9.85,9.85,9.65,128063,124634998.0,2.07,1.76,0.17,0.91,3.83,4.77,7.67,6.42,5.8,5.39,4.66,1.45,2.28,0.83,9.76,9.96,10.02,10.18,0.2,-1.52,-1.62,-2.23,-4.47,-3.96,-3.96,-4.06,-2.64,-3.25
2017-12-12,000059,9.82,9.68,9.87,9.67,102381,99797313.0,2.03,-1.73,-0.17,0.73,4.55,7.45,6.2,5.58,5.17,4.45,1.24,2.07,0.62,1.86,9.75,9.92,9.97,10.14,0.21,0.1,-0.52,-2.79,-2.27,-2.27,-2.38,-0.93,-1.55,-3.2
2017-12-13,000059,9.68,9.69,9.7,9.58,89173,86036781.0,1.24,0.1,0.01,0.64,8.46,7.2,6.58,6.16,5.43,2.19,3.03,1.57,2.82,3.03,9.74,9.86,9.94,10.12,0.0,-0.62,-2.89,-2.37,-2.37,-2.48,-1.03,-1.65,-3.3,-1.75
2017-12-14,000059,9.66,9.59,9.69,9.54,112775,108316420.0,1.55,-1.03,-0.1,0.81,7.65,7.02,6.6,5.87,2.62,3.46,1.99,3.25,3.46,1.68,9.7,9.8,9.91,10.1,0.42,-1.88,-1.36,-1.36,-1.46,0.0,-0.63,-2.29,-0.73,-1.15
2017-12-15,000059,9.58,9.38,9.63,9.35,151669,143400465.0,2.92,-2.19,-0.21,1.08,9.2,8.77,8.02,4.71,5.56,4.06,5.35,5.56,3.74,3.64,9.64,9.72,9.88,10.07,0.32,0.85,0.85,0.75,2.24,1.6,-0.11,1.49,1.07,2.03
2017-12-18,000059,9.39,9.33,9.41,9.25,121384,112942017.0,1.71,-0.53,-0.05,0.87,9.95,9.19,5.84,6.7,5.19,6.49,6.7,4.86,4.76,4.11,9.53,9.65,9.85,10.04,1.39,1.39,1.29,2.79,2.14,0.43,2.04,1.61,2.57,9.22
2017-12-19,000059,9.35,9.45,9.46,9.32,105503,99193648.0,1.5,1.29,0.12,0.75,8.37,5.04,5.9,4.4,5.69,5.9,4.08,3.97,3.33,0.97,9.49,9.62,9.82,10.0,0.11,0.0,1.48,0.85,-0.85,0.74,0.32,1.27,7.83,11.43
2017-12-20,000059,9.46,9.29,9.46,9.28,73496,68665021.0,1.9,-1.69,-0.16,0.52,5.5,6.36,4.85,6.14,6.36,4.53,4.42,3.77,1.4,1.94,9.41,9.57,9.78,9.96,1.72,3.23,2.58,0.86,2.48,2.05,3.01,9.69,13.35,18.19
2017-12-21,000059,9.26,9.35,9.45,9.21,102985,96279180.0,2.58,0.65,0.06,0.74,7.17,5.65,6.95,7.17,5.32,5.21,4.56,2.17,2.71,2.71,9.36,9.53,9.76,9.92,2.57,1.93,0.21,1.82,1.39,2.35,8.98,12.62,17.43,16.36
2017-12-22,000059,9.36,9.46,9.59,9.3,139934,132146918.0,3.1,1.18,0.11,1.0,4.62,5.91,6.13,4.3,4.19,3.55,1.18,1.72,1.72,1.61,9.38,9.51,9.73,9.88,0.74,-0.95,0.63,0.21,1.16,7.72,11.31,16.07,15.01,16.81
2017-12-25,000059,9.45,9.17,9.53,9.1,144646,134811256.0,4.55,-3.07,-0.29,1.03,8.24,8.46,6.59,6.48,5.82,3.41,3.96,3.96,3.85,5.38,9.34,9.44,9.7,9.83,2.18,3.82,3.38,4.36,11.12,14.83,19.74,18.65,20.5,20.39
2017-12-26,000059,9.16,9.34,9.37,9.14,102016,94846207.0,2.51,1.85,0.17,0.73,7.99,6.13,6.02,5.36,2.95,3.5,3.5,3.39,4.92,4.27,9.32,9.41,9.66,9.78,1.93,1.5,2.46,9.1,12.74,17.56,16.49,18.31,18.2,19.49
2017-12-27,000059,9.33,9.35,9.52,9.32,126761,119385581.0,2.14,0.11,0.01,0.91,4.08,3.97,3.33,0.97,1.5,1.5,1.39,2.9,2.25,0.54,9.33,9.37,9.61,9.75,1.39,2.35,8.98,12.62,17.43,16.36,18.18,18.07,19.36,16.04
2017-12-28,000059,9.33,9.38,9.48,9.26,127806,120112251.0,2.35,0.32,0.03,0.91,4.64,4.0,1.62,2.16,2.16,2.05,3.56,2.92,1.19,2.81,9.34,9.35,9.57,9.72,2.03,8.64,12.26,17.06,15.99,17.8,17.7,18.98,15.67,15.57
2017-12-29,000059,9.45,9.53,9.57,9.41,169845,161324026.0,1.71,1.6,0.15,1.21,2.34,0.0,0.53,0.53,0.43,1.91,1.28,-0.43,1.17,0.74,9.35,9.37,9.54,9.71,6.93,10.49,15.22,14.17,15.95,15.84,17.1,13.85,13.75,12.17
2018-01-02,000059,9.58,10.14,10.19,9.54,584835,583842016.0,6.82,6.4,0.61,3.66,-1.36,-0.84,-0.84,-0.94,0.52,-0.1,-1.78,-0.21,-0.63,0.31,9.55,9.45,9.55,9.71,3.85,8.28,7.3,8.97,8.88,10.06,7.0,6.9,5.42,3.25
2018-01-03,000059,10.11,10.38,10.53,10.08,554248,574792384.0,4.44,2.37,0.24,3.47,-6.15,-6.15,-6.25,-4.86,-5.46,-7.04,-5.56,-5.95,-5.06,1.09,9.76,9.54,9.58,9.73,5.78,4.82,6.45,6.36,7.51,4.53,4.43,2.99,0.87,0.19
2018-01-04,000059,10.47,10.8,10.98,10.42,714468,766234208.0,5.39,4.05,0.42,4.47,-9.21,-9.31,-7.97,-8.54,-10.08,-8.64,-9.02,-8.16,-2.21,1.06,10.05,9.69,9.63,9.75,0.74,2.31,2.22,3.33,0.46,0.37,-1.02,-3.06,-3.7,-1.67
2018-01-05,000059,10.78,10.74,10.88,10.58,376800,404383952.0,2.78,-0.56,-0.06,2.36,-10.68,-9.36,-9.92,-11.44,-10.02,-10.4,-9.55,-3.69,-0.47,3.78,10.32,9.83,9.68,9.78,2.89,2.79,3.91,1.02,0.93,-0.47,-2.51,-3.17,-1.12,-1.3
2018-01-08,000059,10.69,10.88,11.05,10.69,470531,513672384.0,3.35,1.3,0.14,2.94,-10.29,-10.85,-12.35,-10.94,-11.32,-10.48,-4.68,-1.5,2.71,1.78,10.59,9.97,9.74,9.81,1.47,2.57,-0.28,-0.37,-1.75,-3.77,-4.41,-2.39,-2.57,-3.95
2018-01-09,000059,10.85,10.88,11.04,10.62,321837,349594928.0,3.86,0.0,0.0,2.01,-10.26,-11.77,-10.36,-10.73,-9.89,-4.05,-0.85,3.39,2.45,4.05,10.74,10.14,9.79,9.85,2.57,-0.28,-0.37,-1.75,-3.77,-4.41,-2.39,-2.57,-3.95,-3.03
2018-01-10,000059,11.08,10.68,11.16,10.59,441751,479626272.0,5.24,-1.84,-0.2,2.76,-11.52,-10.1,-10.48,-9.63,-3.78,-0.57,3.68,2.74,4.34,4.25,10.8,10.28,9.84,9.87,1.59,1.5,0.09,-1.97,-2.62,-0.56,-0.75,-2.15,-1.22,-0.75
2018-01-11,000059,10.74,10.54,10.85,10.44,342411,362198512.0,3.84,-1.31,-0.14,2.14,-8.81,-9.2,-8.33,-2.39,0.86,5.17,4.21,5.84,5.75,6.9,10.74,10.4,9.88,9.87,2.85,1.42,-0.66,-1.33,0.76,0.57,-0.85,0.09,0.57,4.46
2018-01-12,000059,10.65,10.59,10.84,10.54,324208,345991328.0,2.85,0.47,0.05,2.03,-10.06,-9.2,-3.32,-0.09,4.17,3.23,4.84,4.74,5.88,2.94,10.71,10.52,9.93,9.89,0.94,-1.13,-1.79,0.28,0.09,-1.32,-0.38,0.09,3.97,2.64
2018-01-15,000059,10.66,10.37,10.69,10.18,374816,391056912.0,4.82,-2.08,-0.22,2.34,-5.99,0.1,3.44,7.86,6.88,8.55,8.45,9.63,6.58,6.48,10.61,10.6,9.98,9.9,0.96,0.29,2.41,2.22,0.77,1.74,2.22,6.17,4.82,5.79
2018-01-16,000059,10.3,10.46,10.47,10.23,237238,244852509.0,2.31,0.87,0.09,1.48,-0.39,2.93,7.33,6.35,8.02,7.92,9.09,6.06,5.96,4.5,10.53,10.63,10.04,9.91,-0.57,1.53,1.34,-0.1,0.86,1.34,5.26,3.92,4.88,5.54
2018-01-17,000059,10.4,10.3,10.4,10.17,294301,301962768.0,2.2,-1.53,-0.16,1.84,3.54,7.96,6.98,8.65,8.55,9.73,6.69,6.59,5.11,2.95,10.45,10.62,10.08,9.93,3.11,2.91,1.46,2.43,2.91,6.89,5.53,6.5,7.18,5.73
2018-01-18,000059,10.28,10.61,10.62,10.23,325451,340023120.0,3.79,3.01,0.31,2.03,7.33,6.35,8.02,7.92,9.09,6.06,5.96,4.5,2.35,1.66,10.47,10.61,10.15,9.96,-0.09,-1.51,-0.57,-0.09,3.77,2.45,3.39,4.05,2.64,0.85
2018-01-19,000059,10.6,10.26,10.6,10.18,371856,386561328.0,3.96,-3.3,-0.35,2.32,6.88,8.55,8.45,9.63,6.58,6.48,5.01,2.85,2.16,4.32,10.4,10.56,10.19,9.97,1.85,2.83,3.31,7.31,5.95,6.92,7.6,6.14,4.29,1.56
2018-01-22,000059,10.27,10.45,10.45,10.23,202452,209504486.0,2.14,1.85,0.19,1.27,8.02,7.92,9.09,6.06,5.96,4.5,2.35,1.66,3.81,3.62,10.42,10.51,10.24,10.0,0.96,1.44,5.36,4.02,4.98,5.65,4.21,2.39,-0.29,0.57
2018-01-23,000059,10.46,10.51,10.55,10.37,216522,226504523.0,1.72,0.57,0.06,1.35,6.46,7.62,4.63,4.53,3.09,0.96,0.29,2.41,2.22,0.77,10.43,10.48,10.31,10.02,0.86,4.76,3.43,4.38,5.04,3.62,1.81,-0.86,0.0,-1.62
2018-01-24,000059,10.52,10.59,10.6,10.43,238605,251084837.0,1.62,0.76,0.08,1.49,7.0,4.03,3.93,2.49,0.38,-0.29,1.82,1.63,0.19,1.15,10.48,10.47,10.37,10.05,3.97,2.64,3.59,4.25,2.83,1.04,-1.61,-0.76,-2.36,-3.49
2018-01-25,000059,10.61,10.85,11.01,10.61,466653,505699888.0,3.78,2.46,0.26,2.92,2.26,2.17,0.75,-1.32,-1.98,0.09,-0.09,-1.51,-0.57,-0.09,10.53,10.5,10.45,10.09,0.18,1.11,1.75,0.37,-1.38,-3.96,-3.13,-4.7,-5.81,-6.73
2018-01-26,000059,10.77,10.76,10.87,10.64,263264,282300480.0,2.12,-0.83,-0.09,1.65,1.88,0.47,-1.6,-2.26,-0.19,-0.38,-1.79,-0.85,-0.38,3.48,10.63,10.52,10.52,10.13,1.95,2.6,1.21,-0.56,-3.16,-2.32,-3.9,-5.02,-5.95,-10.04
2018-01-29,000059,10.77,10.8,10.97,10.7,298987,324109536.0,2.51,0.37,0.04,1.87,-0.09,-2.15,-2.8,-0.75,-0.93,-2.34,-1.4,-0.93,2.9,1.59,10.7,10.56,10.58,10.17,2.22,0.83,-0.93,-3.52,-2.69,-4.26,-5.37,-6.3,-10.37,-13.06
2018-01-30,000059,10.73,10.87,11.04,10.67,340889,371178464.0,3.43,0.65,0.07,2.13,-1.87,-2.53,-0.47,-0.66,-2.06,-1.12,-0.66,3.19,1.87,2.81,10.77,10.6,10.62,10.23,0.18,-1.56,-4.14,-3.31,-4.88,-5.98,-6.9,-10.95,-13.62,-12.14
2018-01-31,000059,10.8,10.63,10.89,10.57,261313,279222160.0,2.94,-2.21,-0.24,1.63,-1.61,0.47,0.28,-1.14,-0.19,0.28,4.16,2.84,3.78,4.45,10.78,10.63,10.63,10.27,0.66,-1.98,-1.13,-2.73,-3.86,-4.8,-8.94,-11.67,-10.16,-11.19
2018-02-01,000059,10.58,10.16,10.7,10.01,311735,322659184.0,6.49,-4.42,-0.47,1.95,6.09,5.89,4.4,5.39,5.89,9.99,8.59,9.59,10.29,8.79,10.64,10.59,10.6,10.29,2.56,3.44,1.77,0.59,-0.39,-4.72,-7.58,-6.0,-7.09,-4.92
2018-02-02,000059,10.05,10.36,10.42,9.86,214763,219361685.0,5.51,1.97,0.2,1.34,7.51,5.98,7.0,7.51,11.66,10.24,11.26,11.97,10.45,8.52,10.56,10.6,10.58,10.33,1.45,-0.19,-1.35,-2.32,-6.56,-9.36,-7.82,-8.88,-6.76,-5.69
2018-02-05,000059,10.19,10.45,10.51,10.11,184409,190559848.0,3.86,0.87,0.09,1.15,3.36,4.35,4.85,8.9,7.52,8.51,9.2,7.72,5.84,3.07,10.49,10.6,10.56,10.36,-1.05,-2.2,-3.16,-7.37,-10.14,-8.61,-9.67,-7.56,-6.51,-5.55
2018-02-06,000059,10.24,9.81,10.34,9.8,258266,260367535.0,5.17,-6.12,-0.64,1.61,7.65,8.16,12.35,10.92,11.94,12.65,11.12,9.18,6.33,7.24,10.28,10.53,10.5,10.38,4.18,3.16,-1.33,-4.28,-2.65,-3.77,-1.53,-0.41,0.61,0.2
2018-02-07,000059,10.06,9.99,10.22,9.88,222163,223467756.0,3.47,1.83,0.18,1.39,7.29,11.44,10.02,11.03,11.74,10.22,8.3,5.47,6.38,4.66,10.15,10.47,10.47,10.4,1.3,-3.1,-6.01,-4.4,-5.51,-3.3,-2.2,-1.2,-1.6,-2.7
2018-02-08,000059,9.9,9.94,10.12,9.86,125297,124741997.0,2.6,-0.5,-0.05,0.78,11.66,10.24,11.26,11.97,10.45,8.52,5.68,6.59,4.87,3.65,10.11,10.38,10.44,10.42,-2.62,-5.53,-3.92,-5.03,-2.82,-1.71,-0.7,-1.11,-2.21,-2.72
2018-02-09,000059,9.55,9.31,9.68,9.15,213629,200943033.0,5.33,-6.34,-0.63,1.34,18.8,19.89,20.66,19.02,16.94,13.88,14.86,13.01,11.69,10.6,9.9,10.23,10.37,10.42,0.86,2.58,1.4,3.76,4.94,6.02,5.59,4.4,3.87,3.44
2018-02-12,000059,9.34,9.36,9.39,9.21,129639,121024096.0,1.93,0.54,0.05,0.81,19.11,19.87,18.24,16.18,13.14,14.12,12.27,10.97,9.88,5.1,9.68,10.09,10.32,10.42,2.03,0.85,3.21,4.38,5.45,5.02,3.85,3.31,2.88,1.92
2018-02-13,000059,9.42,9.42,9.55,9.35,117932,111433498.0,2.14,0.64,0.06,0.74,18.07,16.47,14.44,11.44,12.41,10.59,9.3,8.24,3.53,0.43,9.6,9.94,10.27,10.39,0.21,2.55,3.72,4.78,4.35,3.18,2.65,2.23,1.27,2.34
2018-02-14,000059,9.42,9.39,9.44,9.3,97612,91526823.0,1.49,-0.32,-0.03,0.61,17.1,15.05,12.04,13.01,11.18,9.89,8.82,4.09,0.97,2.69,9.48,9.82,10.23,10.36,2.88,4.05,5.11,4.69,3.51,2.98,2.56,1.6,2.66,2.66
2018-02-22,000059,9.53,9.6,9.66,9.43,124429,118960164.0,2.45,2.24,0.21,0.78,13.47,10.5,11.45,9.65,8.38,7.32,2.65,-0.42,1.27,0.11,9.42,9.76,10.18,10.32,1.77,2.81,2.4,1.25,0.73,0.31,-0.63,0.42,0.42,-0.42
2018-02-23,000059,9.64,9.67,9.77,9.58,118601,114627951.0,1.98,0.73,0.07,0.74,8.77,9.71,7.93,6.68,5.64,1.04,-1.98,-0.31,-1.46,0.84,9.49,9.69,10.15,10.28,2.07,1.65,0.52,0.0,-0.41,-1.34,-0.31,-0.31,-1.14,-0.93
2018-02-26,000059,9.71,9.86,9.87,9.61,159967,155775730.0,2.69,1.96,0.19,1.0,9.37,7.6,6.35,5.31,0.73,-2.29,-0.62,-1.77,0.52,1.66,9.59,9.64,10.12,10.25,-0.3,-1.42,-1.93,-2.33,-3.25,-2.23,-2.23,-3.04,-2.84,-0.41
2018-02-27,000059,9.83,9.7,9.83,9.65,124307,120934281.0,1.83,-1.62,-0.16,0.78,7.15,5.91,4.87,0.31,-2.69,-1.04,-2.18,0.1,1.24,2.28,9.64,9.62,10.08,10.21,0.21,-0.31,-0.72,-1.65,-0.62,-0.62,-1.44,-1.24,1.24,0.72
2018-02-28,000059,9.67,9.61,9.72,9.5,159601,152998184.0,2.27,-0.93,-0.09,1.0,7.58,6.53,1.89,-1.16,0.53,-0.63,1.68,2.84,3.89,3.47,9.69,9.59,10.03,10.17,0.62,0.21,-0.73,0.31,0.31,-0.52,-0.31,2.19,1.66,2.39
2018-03-01,000059,9.52,9.66,9.67,9.49,159315,153046028.0,1.87,0.52,0.05,1.0,6.64,2.0,-1.05,0.63,-0.53,1.79,2.95,4.0,3.58,2.42,9.7,9.56,9.97,10.14,-0.31,-1.24,-0.21,-0.21,-1.04,-0.83,1.66,1.14,1.86,0.72
2018-03-02,000059,9.63,9.5,9.63,9.49,117073,111797620.0,1.45,-1.66,-0.16,0.73,2.0,-1.05,0.63,-0.53,1.79,2.95,4.0,3.58,2.42,1.9,9.67,9.58,9.9,10.11,0.42,1.47,1.47,0.63,0.84,3.37,2.84,3.58,2.42,1.37
2018-03-05,000059,9.54,9.44,9.54,9.41,110137,104369712.0,1.37,-0.63,-0.06,0.69,-0.21,1.49,0.32,2.66,3.83,4.89,4.46,3.29,2.76,2.34,9.58,9.59,9.84,10.08,2.12,2.12,1.27,1.48,4.03,3.5,4.24,3.07,2.01,0.95
2018-03-06,000059,9.45,9.64,9.64,9.36,219278,208125489.0,2.97,2.12,0.2,1.37,2.03,0.85,3.21,4.38,5.45,5.02,3.85,3.31,2.88,1.92,9.57,9.61,9.78,10.05,0.0,-0.83,-0.62,1.87,1.35,2.07,0.93,-0.1,-1.14,-0.73
2018-03-07,000059,9.59,9.48,9.64,9.44,167769,160056668.0,2.07,-1.66,-0.16,1.05,0.0,2.33,3.5,4.56,4.13,2.97,2.44,2.01,1.06,2.12,9.54,9.62,9.72,10.02,0.84,1.05,3.59,3.06,3.8,2.64,1.58,0.53,0.95,2.95
2018-03-08,000059,9.48,9.54,9.56,9.43,116912,111075365.0,1.37,0.63,0.06,0.73,2.44,3.61,4.67,4.24,3.08,2.55,2.12,1.17,2.23,2.23,9.52,9.61,9.69,9.99,0.42,2.94,2.41,3.14,1.99,0.94,-0.1,0.31,2.31,1.47
2018-03-09,000059,9.56,9.57,9.58,9.47,168034,159973221.0,1.15,0.31,0.03,1.05,3.17,4.22,3.8,2.64,2.11,1.69,0.74,1.8,1.8,0.95,9.53,9.6,9.65,9.96,2.61,2.09,2.82,1.67,0.63,-0.42,0.0,1.99,1.15,-2.82
2018-03-12,000059,9.6,9.8,9.82,9.6,233919,227585717.0,2.3,2.4,0.23,1.46,2.81,2.4,1.25,0.73,0.31,-0.63,0.42,0.42,-0.42,-0.21,9.61,9.59,9.61,9.94,-0.31,0.41,-0.71,-1.73,-2.76,-2.35,-0.41,-1.22,-5.1,-7.86
2018-03-13,000059,9.76,9.66,9.77,9.65,163834,158954284.0,1.22,-1.43,-0.14,1.02,1.87,0.73,0.21,-0.21,-1.14,-0.1,-0.1,-0.93,-0.73,1.76,9.61,9.59,9.61,9.91,1.86,0.72,-0.31,-1.35,-0.93,1.04,0.21,-3.73,-6.52,-4.87
2018-03-14,000059,9.64,9.72,9.84,9.6,139691,135841753.0,2.48,0.62,0.06,0.87,1.25,0.73,0.31,-0.63,0.42,0.42,-0.42,-0.21,2.29,1.77,9.66,9.6,9.59,9.89,0.1,-0.93,-1.95,-1.54,0.41,-0.41,-4.32,-7.1,-5.45,-7.0
2018-03-15,000059,9.71,9.63,9.73,9.59,122875,118371660.0,1.44,-0.93,-0.09,0.77,0.83,0.42,-0.52,0.52,0.52,-0.31,-0.1,2.4,1.88,2.61,9.68,9.6,9.58,9.84,0.0,-1.04,-0.62,1.35,0.52,-3.43,-6.23,-4.57,-6.13,-5.82
2018-03-16,000059,9.59,9.47,9.63,9.47,124842,119196641.0,1.66,-1.66,-0.16,0.78,1.69,0.74,1.8,1.8,0.95,1.16,3.7,3.17,3.91,2.75,9.66,9.6,9.59,9.8,0.63,1.06,3.06,2.22,-1.8,-4.65,-2.96,-4.54,-4.22,-4.22
2018-03-19,000059,9.49,9.51,9.53,9.41,79351,75217759.0,1.27,0.42,0.04,0.5,1.38,2.44,2.44,1.59,1.81,4.36,3.83,4.57,3.4,2.34,9.6,9.6,9.59,9.76,0.63,2.63,1.79,-2.21,-5.05,-3.36,-4.94,-4.63,-4.63,-4.0
2018-03-20,000059,9.46,9.56,9.57,9.32,116965,110489108.0,2.63,0.53,0.05,0.73,3.43,3.43,2.58,2.79,5.36,4.83,5.58,4.4,3.33,2.25,9.58,9.59,9.6,9.71,2.09,1.26,-2.72,-5.54,-3.87,-5.44,-5.13,-5.13,-4.5,-6.49
2018-03-21,000059,9.58,9.54,9.76,9.52,171327,165398056.0,2.51,-0.21,-0.02,1.07,1.26,0.42,0.63,3.15,2.63,3.36,2.21,1.16,0.11,0.53,9.54,9.6,9.61,9.68,1.47,-2.52,-5.35,-3.67,-5.24,-4.93,-4.93,-4.3,-6.29,-3.98
2018-03-22,000059,9.64,9.55,9.68,9.51,118013,113160065.0,1.78,0.1,0.01,0.74,0.53,0.74,3.26,2.73,3.47,2.31,1.26,0.21,0.63,2.63,9.53,9.6,9.61,9.66,-2.62,-5.45,-3.77,-5.34,-5.03,-5.03,-4.4,-6.39,-4.08,-4.4
2018-03-23,000059,9.3,9.03,9.3,8.79,276692,251280819.0,5.34,-5.45,-0.52,1.73,8.99,11.72,11.15,11.95,10.69,9.56,8.42,8.87,11.04,10.13,9.44,9.55,9.57,9.61,0.0,1.77,0.11,0.44,0.44,1.11,-1.0,1.44,1.11,0.44
2018-03-26,000059,8.97,9.02,9.03,8.82,130554,116673016.0,2.33,-0.11,-0.01,0.82,11.34,10.77,11.56,10.32,9.18,8.05,8.5,10.66,9.75,5.44,9.34,9.47,9.53,9.57,1.88,0.22,0.55,0.55,1.22,-0.89,1.55,1.22,0.55,2.11
2018-03-27,000059,9.13,9.1,9.19,9.03,131201,119612628.0,1.77,0.89,0.08,0.82,8.19,8.97,7.75,6.64,5.54,5.98,8.08,7.2,2.99,0.0,9.25,9.41,9.5,9.54,-0.66,-0.33,-0.33,0.33,-1.76,0.66,0.33,-0.33,1.21,0.22
2018-03-28,000059,9.0,8.9,9.04,8.86,135805,121183726.0,1.98,-2.2,-0.2,0.85,11.06,9.82,8.69,7.56,8.01,10.16,9.26,4.97,1.92,3.72,9.12,9.33,9.47,9.51,1.91,1.91,2.58,0.45,2.92,2.58,1.91,3.48,2.47,-1.12
2018-03-29,000059,8.94,9.05,9.07,8.87,125983,113083120.0,2.25,1.69,0.15,0.79,9.7,8.57,7.44,7.89,10.03,9.13,4.85,1.8,3.61,1.92,9.02,9.27,9.44,9.48,0.22,0.88,-1.22,1.22,0.88,0.22,1.77,0.77,-2.76,-7.85
2018-03-30,000059,9.05,9.04,9.07,9.0,92246,83290473.0,0.77,-0.11,-0.01,0.58,7.0,5.89,6.33,8.44,7.56,3.33,0.33,2.11,0.44,0.78,9.02,9.23,9.41,9.47,1.0,-1.11,1.33,1.0,0.33,1.88,0.88,-2.65,-7.74,-9.18
2018-04-02,000059,9.03,9.02,9.13,8.97,105272,95231694.0,1.77,-0.22,-0.02,0.66,6.24,6.69,8.81,7.92,3.68,0.67,2.45,0.78,1.11,1.11,9.02,9.18,9.39,9.46,-0.89,1.55,1.22,0.55,2.11,1.11,-2.44,-7.54,-8.98,-11.86
2018-04-03,000059,8.88,8.89,8.94,8.82,100073,88814982.0,1.33,-1.44,-0.13,0.63,8.5,10.66,9.75,5.44,2.38,4.2,2.49,2.83,2.83,3.51,8.98,9.11,9.35,9.44,3.04,2.7,2.02,3.6,2.59,-1.01,-6.19,-7.65,-10.57,-10.01
2018-04-04,000059,8.92,9.03,9.16,8.9,141343,127700122.0,2.92,1.57,0.14,0.88,9.66,8.76,4.49,1.46,3.26,1.57,1.91,1.91,2.58,0.45,9.01,9.06,9.33,9.43,1.11,0.44,1.99,1.0,-2.55,-7.64,-9.08,-11.96,-11.41,-12.4
2018-04-09,000059,9.04,9.1,9.13,9.01,122833,111465323.0,1.33,0.78,0.07,0.77,7.44,3.22,0.22,2.0,0.33,0.67,0.67,1.33,-0.78,1.66,9.02,9.02,9.31,9.41,-0.33,1.21,0.22,-3.3,-8.35,-9.78,-12.64,-12.09,-13.08,-14.51
2018-04-10,000059,9.04,9.05,9.07,8.9,192752,173133683.0,1.87,-0.55,-0.05,1.21,4.49,1.46,3.26,1.57,1.91,1.91,2.58,0.45,2.92,2.58,9.02,9.02,9.28,9.39,1.77,0.77,-2.76,-7.85,-9.28,-12.15,-11.6,-12.6,-14.03,-12.71
2018-04-11,000059,9.14,9.09,9.21,9.06,194461,177510611.0,1.66,0.44,0.04,1.22,-0.33,1.43,-0.22,0.11,0.11,0.77,-1.32,1.1,0.77,0.11,9.03,9.03,9.25,9.36,0.33,-3.19,-8.25,-9.68,-12.54,-11.99,-12.98,-14.41,-13.09,-13.53
2018-04-12,000059,9.1,8.99,9.12,8.98,107852,97659904.0,1.54,-1.1,-0.1,0.67,2.34,0.67,1.0,1.0,1.67,-0.45,2.0,1.67,1.0,2.56,9.05,9.02,9.21,9.34,-2.11,-7.23,-8.68,-11.57,-11.01,-12.01,-13.46,-12.12,-12.57,-13.13
2018-04-13,000059,8.8,8.32,8.8,8.21,569107,480835952.0,6.56,-7.45,-0.67,3.56,10.11,10.48,10.48,11.21,8.89,11.57,11.21,10.48,12.18,11.08,8.91,8.96,9.14,9.3,0.24,-1.32,-4.45,-3.85,-4.93,-6.49,-5.05,-5.53,-6.13,-8.17
2018-04-16,000059,8.32,8.18,8.34,8.11,226364,185594102.0,2.76,-1.68,-0.14,1.42,11.84,11.84,12.58,10.23,12.95,12.58,11.84,13.56,12.45,8.51,8.73,8.87,9.07,9.25,0.37,-2.81,-2.2,-3.3,-4.89,-3.42,-3.91,-4.52,-6.6,-5.75
2018-04-17,000059,8.2,7.88,8.21,7.85,263262,210672858.0,4.4,-3.67,-0.3,1.65,15.54,16.31,13.89,16.69,16.31,15.54,17.32,16.18,12.1,6.24,8.49,8.76,8.99,9.19,0.89,1.52,0.38,-1.27,0.25,-0.25,-0.89,-3.05,-2.16,-1.52
2018-04-18,000059,7.94,7.85,7.95,7.76,178604,140271478.0,2.41,-0.38,-0.03,1.12,17.65,15.21,18.04,17.65,16.88,18.69,17.53,13.4,7.47,5.8,8.24,8.64,8.91,9.14,1.91,0.76,-0.89,0.64,0.13,-0.51,-2.68,-1.78,-1.15,0.0
2018-04-19,000059,7.87,7.92,8.0,7.84,170444,135196593.0,2.04,0.89,0.07,1.07,14.03,16.84,16.45,15.69,17.47,16.33,12.24,6.38,4.72,1.4,8.03,8.54,8.83,9.08,-0.13,-1.77,-0.25,-0.76,-1.39,-3.54,-2.65,-2.02,-0.88,0.51
2018-04-20,000059,7.9,7.64,7.91,7.63,180454,140004087.0,3.54,-3.54,-0.28,1.13,20.05,19.66,18.87,20.71,19.53,15.33,9.31,7.6,4.19,4.85,7.89,8.4,8.73,9.02,1.83,3.4,2.88,2.23,0.0,0.92,1.57,2.75,4.19,3.93
2018-04-23,000059,7.64,7.71,7.78,7.61,139961,107849445.0,2.23,0.92,0.07,0.88,19.97,19.19,21.02,19.84,15.64,9.59,7.88,4.47,5.12,3.94,7.8,8.26,8.64,8.96,2.46,1.95,1.3,-0.91,0.0,0.65,1.82,3.24,2.98,4.15
2018-04-24,000059,7.74,7.88,7.9,7.7,180059,140940515.0,2.59,2.2,0.17,1.13,17.79,19.61,18.44,14.29,8.31,6.62,3.25,3.9,2.73,1.04,7.8,8.15,8.58,8.9,-0.25,-0.89,-3.05,-2.16,-1.52,-0.38,1.02,0.76,1.9,2.28
2018-04-25,000059,7.8,7.79,7.86,7.74,133930,104524821.0,1.52,-1.14,-0.09,0.84,18.99,17.83,13.7,7.75,6.07,2.71,3.36,2.2,0.52,2.07,7.79,8.02,8.52,8.84,0.26,-1.93,-1.03,-0.39,0.77,2.18,1.93,3.08,3.47,4.11
2018-04-26,000059,7.78,7.49,7.81,7.47,214030,162207442.0,4.36,-3.85,-0.3,1.34,22.09,17.8,11.65,9.91,6.43,7.1,5.89,4.15,5.76,5.22,7.7,7.87,8.44,8.77,2.0,2.94,3.6,4.81,6.28,6.01,7.21,7.61,8.28,6.14
2018-04-27,000059,7.55,7.6,7.64,7.48,146860,111051335.0,2.14,1.47,0.11,0.92,17.65,11.5,9.76,6.28,6.95,5.75,4.01,5.61,5.08,4.41,7.69,7.79,8.38,8.69,1.45,2.11,3.29,4.74,4.47,5.66,6.05,6.71,4.61,4.47
2018-05-02,000059,7.61,7.66,7.71,7.57,119681,91503052.0,1.84,0.79,0.06,0.75,10.17,8.45,5.02,5.68,4.49,2.77,4.36,3.83,3.17,0.92,7.68,7.74,8.31,8.63,1.31,2.48,3.92,3.66,4.83,5.22,5.87,3.79,3.66,3.52
2018-05-03,000059,7.62,7.74,7.76,7.61,115946,89200956.0,1.96,1.04,0.08,0.72,7.88,4.47,5.12,3.94,2.23,3.81,3.29,2.63,0.39,1.31,7.66,7.73,8.24,8.57,1.42,2.84,2.58,3.75,4.13,4.78,2.71,2.58,2.45,6.33
2018-05-04,000059,7.7,7.81,7.85,7.7,123680,96456885.0,1.94,0.9,0.07,0.77,3.25,3.9,2.73,1.04,2.6,2.08,1.43,-0.78,0.13,0.78,7.66,7.72,8.18,8.51,1.92,1.66,2.82,3.2,3.84,1.79,1.66,1.54,5.38,8.71
2018-05-07,000059,7.84,7.92,7.96,7.79,171754,135758619.0,2.18,1.41,0.11,1.07,2.7,1.54,-0.13,1.41,0.9,0.26,-1.93,-1.03,-0.39,0.77,7.75,7.72,8.13,8.46,0.25,1.39,1.77,2.4,0.38,0.25,0.13,3.91,7.2,7.2
2018-05-08,000059,7.9,7.91,7.94,7.85,127063,100449712.0,1.14,-0.13,-0.01,0.79,0.76,-0.89,0.64,0.13,-0.51,-2.68,-1.78,-1.15,0.0,1.4,7.81,7.75,8.08,8.41,1.52,1.9,2.53,0.51,0.38,0.25,4.05,7.33,7.33,7.08
2018-05-09,000059,7.92,7.94,8.03,7.91,122443,97524188.0,1.52,0.38,0.03,0.77,-1.64,-0.13,-0.63,-1.26,-3.41,-2.53,-1.9,-0.76,0.63,0.38,7.86,7.77,8.02,8.35,1.51,2.14,0.13,0.0,-0.13,3.65,6.93,6.93,6.68,5.16
2018-05-10,000059,7.95,8.02,8.06,7.95,128950,103335450.0,1.39,1.01,0.08,0.81,-0.63,-1.13,-1.76,-3.9,-3.02,-2.39,-1.26,0.13,-0.13,1.01,7.92,7.79,7.97,8.32,1.12,-0.87,-1.0,-1.12,2.62,5.86,5.86,5.61,4.11,1.87
2018-05-11,000059,8.06,7.93,8.11,7.91,125365,100375316.0,2.49,-1.12,-0.09,0.78,-0.63,-1.26,-3.41,-2.53,-1.9,-0.76,0.63,0.38,1.52,1.9,7.94,7.8,7.91,8.28,0.25,0.13,0.0,3.78,7.06,7.06,6.81,5.3,3.03,1.39
2018-05-14,000059,7.91,7.83,7.95,7.78,133474,104791184.0,2.14,-1.26,-0.1,0.83,0.39,-1.8,-0.9,-0.26,0.9,2.31,2.06,3.21,3.6,4.24,7.93,7.84,7.85,8.24,1.4,1.28,5.11,8.43,8.43,8.17,6.64,4.34,2.68,2.04
2018-05-15,000059,7.85,7.93,7.94,7.81,108995,85814462.0,1.66,1.28,0.1,0.68,-2.18,-1.28,-0.64,0.51,1.92,1.66,2.82,3.2,3.84,1.79,7.93,7.87,7.83,8.21,0.0,3.78,7.06,7.06,6.81,5.3,3.03,1.39,0.76,-0.88
2018-05-16,000059,7.88,7.86,7.93,7.83,100673,79380956.0,1.26,-0.88,-0.07,0.63,-1.53,-0.89,0.26,1.66,1.4,2.55,2.94,3.58,1.53,1.4,7.91,7.89,7.82,8.17,4.71,8.02,8.02,7.76,6.23,3.94,2.29,1.65,0.0,-1.65
2018-05-17,000059,7.86,8.17,8.23,7.86,356786,288832800.0,4.71,3.94,0.31,2.23,-1.27,-0.13,1.27,1.02,2.16,2.54,3.18,1.15,1.02,0.89,7.94,7.93,7.83,8.14,3.92,3.92,3.67,2.2,0.0,-1.59,-2.2,-3.79,-5.39,-6.0
2018-05-18,000059,8.2,8.43,8.49,8.12,456042,379628000.0,4.53,3.18,0.26,2.85,-3.33,-1.97,-2.22,-1.11,-0.74,-0.12,-2.09,-2.22,-2.34,1.35,8.04,7.99,7.86,8.12,0.71,0.47,-0.95,-3.08,-4.63,-5.22,-6.76,-8.3,-8.9,-8.78
2018-05-21,000059,8.49,8.4,8.49,8.27,290798,243525926.0,2.61,-0.36,-0.03,1.82,-3.75,-3.99,-2.9,-2.54,-1.93,-3.87,-3.99,-4.11,-0.48,2.66,8.16,8.04,7.88,8.1,0.83,-0.6,-2.74,-4.29,-4.88,-6.43,-7.98,-8.57,-8.45,-8.93
2018-05-22,000059,8.38,8.33,8.47,8.28,215614,180174041.0,2.26,-0.83,-0.07,1.35,-4.11,-3.02,-2.66,-2.05,-3.99,-4.11,-4.23,-0.6,2.54,2.54,8.24,8.08,7.92,8.08,0.24,-1.92,-3.48,-4.08,-5.64,-7.2,-7.8,-7.68,-8.16,-6.24
2018-05-23,000059,8.35,8.1,8.35,8.05,201113,164188569.0,3.6,-2.76,-0.23,1.26,-0.25,0.12,0.75,-1.24,-1.37,-1.49,2.24,5.47,5.47,5.22,8.29,8.1,7.94,8.05,0.86,-0.74,-1.36,-2.96,-4.57,-5.19,-5.06,-5.56,-3.58,-2.96
2018-05-24,000059,8.09,8.05,8.17,8.0,112301,90827942.0,2.1,-0.62,-0.05,0.7,0.75,1.37,-0.62,-0.75,-0.88,2.88,6.13,6.13,5.88,4.37,8.26,8.1,7.95,8.01,-0.12,-0.75,-2.36,-3.98,-4.6,-4.47,-4.97,-2.98,-2.36,-2.73
2018-05-25,000059,8.0,7.8,8.04,7.79,177327,139801569.0,3.11,-3.11,-0.25,1.11,4.11,2.05,1.93,1.8,5.65,8.99,8.99,8.73,7.19,4.88,8.14,8.09,7.95,7.97,2.44,0.77,-0.9,-1.54,-1.41,-1.92,0.13,0.77,0.38,-0.13
2018-05-28,000059,7.72,7.86,7.99,7.7,151216,118608841.0,3.72,0.77,0.06,0.95,3.25,3.12,2.99,6.88,10.26,10.26,10.0,8.44,6.1,4.42,8.03,8.09,7.96,7.93,0.0,-1.65,-2.29,-2.16,-2.67,-0.64,0.0,-0.38,-0.89,-3.18
2018-05-29,000059,7.8,7.78,7.86,7.75,84703,66105198.0,1.4,-1.02,-0.08,0.53,2.45,2.32,6.19,9.55,9.55,9.29,7.74,5.42,3.74,3.1,7.92,8.08,7.97,7.91,-0.64,-1.29,-1.16,-1.67,0.39,1.03,0.64,0.13,-2.19,-0.77
2018-05-30,000059,7.68,7.57,7.73,7.53,127108,96885317.0,2.57,-2.7,-0.21,0.79,5.31,9.3,12.75,12.75,12.48,10.89,8.5,6.77,6.11,4.38,7.81,8.05,7.97,7.89,1.45,1.59,1.06,3.17,3.83,3.43,2.91,0.53,1.98,2.25
2018-05-31,000059,7.64,7.65,7.68,7.56,104207,79436658.0,1.59,1.06,0.08,0.65,8.86,12.3,12.3,12.04,10.45,8.07,6.35,5.69,3.97,2.25,7.73,8.0,7.96,7.89,0.52,0.0,2.09,2.75,2.35,1.83,-0.52,0.92,1.18,0.52
2018-06-01,000059,7.64,7.57,7.69,7.52,96283,73334643.0,2.22,-1.05,-0.08,0.6,12.9,12.9,12.63,11.04,8.64,6.91,6.25,4.52,2.79,2.13,7.69,7.91,7.95,7.88,1.06,3.17,3.83,3.43,2.91,0.53,1.98,2.25,1.59,1.72
2018-06-04,000059,7.6,7.59,7.65,7.56,93978,71383072.0,1.19,0.26,0.02,0.59,12.3,12.04,10.45,8.07,6.35,5.69,3.97,2.25,1.59,1.72,7.63,7.83,7.94,7.87,2.9,3.56,3.16,2.64,0.26,1.71,1.98,1.32,1.45,-1.45
2018-06-05,000059,7.6,7.79,7.81,7.58,146416,112184156.0,3.03,2.64,0.2,0.92,11.74,10.16,7.78,6.07,5.41,3.69,1.98,1.32,1.45,0.92,7.63,7.78,7.93,7.87,0.9,0.51,0.0,-2.31,-0.9,-0.64,-1.28,-1.16,-3.98,-10.91
2018-06-06,000059,7.74,7.82,7.86,7.7,100580,78056690.0,2.05,0.39,0.03,0.63,8.44,6.1,4.42,3.77,2.08,0.39,-0.26,-0.13,-0.65,1.43,7.68,7.75,7.92,7.87,0.13,-0.38,-2.69,-1.28,-1.02,-1.66,-1.53,-4.35,-11.25,-10.87
2018-06-07,000059,7.82,7.73,7.83,7.73,100000,77777149.0,1.28,-1.15,-0.09,0.63,5.69,4.01,3.36,1.68,0.0,-0.65,-0.52,-1.03,1.03,1.68,7.7,7.72,7.91,7.87,0.78,-1.55,-0.13,0.13,-0.52,-0.39,-3.23,-10.22,-9.83,-9.96
2018-06-08,000059,7.72,7.57,7.79,7.52,86610,65937888.0,3.49,-2.07,-0.16,0.54,6.91,6.25,4.52,2.79,2.13,2.26,1.73,3.86,4.52,4.12,7.7,7.69,7.89,7.86,0.53,1.98,2.25,1.59,1.72,-1.19,-8.32,-7.93,-8.06,-7.27
2018-06-11,000059,7.57,7.57,7.61,7.49,47372,35872784.0,1.59,0.0,0.0,0.3,6.68,4.94,3.2,2.54,2.67,2.14,4.27,4.94,4.54,4.01,7.7,7.66,7.88,7.86,1.98,2.25,1.59,1.72,-1.19,-8.32,-7.93,-8.06,-7.27,-9.64
2018-06-12,000059,7.58,7.7,7.72,7.54,61605,47052087.0,2.38,1.72,0.13,0.39,4.24,2.52,1.86,1.99,1.46,3.58,4.24,3.85,3.32,0.93,7.68,7.66,7.87,7.87,0.52,-0.13,0.0,-2.86,-9.87,-9.48,-9.61,-8.83,-11.17,-10.0
2018-06-13,000059,7.69,7.62,7.74,7.61,59904,45866558.0,1.69,-1.04,-0.08,0.37,1.58,0.92,1.05,0.53,2.63,3.29,2.89,2.37,0.0,1.45,7.64,7.66,7.86,7.87,0.92,1.05,-1.84,-8.92,-8.53,-8.66,-7.87,-10.24,-9.06,-9.19
2018-06-14,000059,7.6,7.64,7.69,7.56,62359,47693618.0,1.71,0.26,0.02,0.39,1.59,1.72,1.19,3.31,3.97,3.57,3.04,0.66,2.12,2.38,7.62,7.66,7.83,7.86,0.79,-2.09,-9.16,-8.77,-8.9,-8.12,-10.47,-9.29,-9.42,-9.29
2018-06-15,000059,7.66,7.53,7.7,7.46,107647,81236702.0,3.14,-1.44,-0.11,0.67,3.08,2.55,4.69,5.36,4.96,4.42,2.01,3.49,3.75,3.08,7.61,7.66,7.78,7.85,-0.66,-7.84,-7.44,-7.57,-6.77,-9.16,-7.97,-8.1,-7.97,-8.37
2018-06-19,000059,7.43,6.78,7.48,6.78,224296,158110665.0,9.3,-9.96,-0.75,1.4,12.83,15.19,15.93,15.49,14.9,12.24,13.86,14.16,13.42,13.57,7.45,7.58,7.7,7.82,2.36,2.8,2.65,3.54,0.88,2.21,2.06,2.21,1.77,-0.74
2018-06-20,000059,6.8,6.89,6.94,6.73,115818,79532326.0,3.1,1.62,0.11,0.72,16.05,16.79,16.34,15.75,13.08,14.71,15.01,14.26,14.41,11.14,7.29,7.49,7.63,7.78,1.16,1.02,1.89,-0.73,0.58,0.44,0.58,0.15,-2.32,-2.9
2018-06-21,000059,6.92,6.83,6.97,6.79,96929,66852165.0,2.61,-0.87,-0.06,0.61,15.76,15.32,14.73,12.08,13.7,13.99,13.25,13.4,10.16,2.21,7.13,7.39,7.57,7.74,1.9,2.78,0.15,1.46,1.32,1.46,1.02,-1.46,-2.05,-3.37
2018-06-22,000059,6.79,6.91,6.96,6.73,85314,58696484.0,3.37,1.17,0.08,0.53,16.34,15.75,13.08,14.71,15.01,14.26,14.41,11.14,3.12,3.57,6.99,7.3,7.51,7.71,1.59,-1.01,0.29,0.14,0.29,-0.14,-2.6,-3.18,-4.49,-7.24
2018-06-25,000059,6.96,6.79,7.02,6.76,108858,75184107.0,3.76,-1.74,-0.12,0.68,15.24,12.57,14.2,14.5,13.76,13.91,10.65,2.66,3.11,2.96,6.84,7.23,7.46,7.67,0.74,2.06,1.91,2.06,1.62,-0.88,-1.47,-2.8,-5.6,-2.95
2018-06-26,000059,6.73,6.8,6.84,6.59,85513,57474503.0,3.68,0.15,0.01,0.53,15.48,17.15,17.45,16.69,16.84,13.51,5.31,5.77,5.61,6.53,6.84,7.15,7.41,7.64,1.91,1.76,1.91,1.47,-1.03,-1.62,-2.94,-5.74,-3.09,0.74
2018-06-27,000059,6.84,6.82,6.93,6.79,105287,72169619.0,2.06,0.29,0.02,0.66,13.7,13.99,13.25,13.4,10.16,2.21,2.65,2.5,3.39,0.74,6.83,7.06,7.36,7.6,1.47,1.61,1.17,-1.32,-1.91,-3.23,-6.01,-3.37,0.44,-1.47
2018-06-28,000059,6.83,6.8,6.92,6.79,85984,58935706.0,1.91,-0.29,-0.02,0.54,13.99,13.25,13.4,10.16,2.21,2.65,2.5,3.39,0.74,2.06,6.82,6.98,7.32,7.56,1.91,1.47,-1.03,-1.62,-2.94,-5.74,-3.09,0.74,-1.18,0.74
2018-06-29,000059,6.82,6.89,6.93,6.73,110646,75803303.0,2.94,1.32,0.09,0.69,14.26,14.41,11.14,3.12,3.57,3.42,4.31,1.63,2.97,2.82,6.82,6.9,7.28,7.52,0.15,-2.32,-2.9,-4.21,-6.97,-4.35,-0.58,-2.47,-0.58,-0.29
2018-07-02,000059,6.89,6.67,6.9,6.61,109960,74453309.0,4.21,-3.19,-0.22,0.69,16.49,13.16,4.99,5.45,5.3,6.2,3.48,4.84,4.69,4.84,6.8,6.82,7.24,7.46,0.9,0.3,-1.05,-3.9,-1.2,2.7,0.75,2.7,3.0,3.6
2018-07-03,000059,6.67,6.71,6.73,6.49,100280,66544301.0,3.6,0.6,0.04,0.63,15.25,6.93,7.4,7.24,8.17,5.39,6.78,6.63,6.78,6.32,6.78,6.81,7.19,7.41,-0.3,-1.64,-4.47,-1.79,2.09,0.15,2.09,2.38,2.98,2.09
2018-07-04,000059,6.68,6.56,6.69,6.54,91562,60537109.0,2.24,-2.24,-0.15,0.57,6.12,6.57,6.42,7.34,4.59,5.96,5.81,5.96,5.5,2.91,6.73,6.78,7.13,7.35,0.61,-2.29,0.46,4.42,2.44,4.42,4.73,5.34,4.42,5.95
2018-07-05,000059,6.56,6.29,6.6,6.25,88393,56714140.0,5.34,-4.12,-0.27,0.55,11.52,11.36,12.32,9.44,10.88,10.72,10.88,10.4,7.68,7.04,6.62,6.72,7.06,7.29,1.91,4.77,8.9,6.84,8.9,9.22,9.86,8.9,10.49,12.72
2018-07-06,000059,6.32,6.27,6.41,6.18,97409,61564896.0,3.66,-0.32,-0.02,0.61,12.62,13.59,10.68,12.14,11.97,12.14,11.65,8.9,8.25,6.8,6.5,6.66,6.98,7.23,5.1,9.25,7.18,9.25,9.57,10.21,9.25,10.85,13.08,11.64
2018-07-09,000059,6.3,6.59,6.59,6.3,146724,94955438.0,4.63,5.1,0.32,0.92,11.43,8.57,10.0,9.84,10.0,9.52,6.83,6.19,4.76,1.75,6.48,6.64,6.93,7.19,3.95,1.97,3.95,4.25,4.86,3.95,5.46,7.59,6.22,7.44
2018-07-10,000059,6.66,6.76,6.85,6.63,168423,113689199.0,3.34,2.58,0.17,1.05,3.17,4.52,4.37,4.52,4.07,1.51,0.9,-0.45,-3.32,-0.6,6.49,6.64,6.89,7.15,-0.59,1.33,1.63,2.22,1.33,2.81,4.88,3.55,4.73,7.4
2018-07-11,000059,6.65,6.69,6.72,6.57,124757,82910533.0,2.22,-1.04,-0.07,0.78,5.48,5.33,5.48,5.02,2.44,1.83,0.46,-2.44,0.3,4.26,6.52,6.62,6.84,7.11,2.39,2.69,3.29,2.39,3.89,5.98,4.63,5.83,8.52,8.07
2018-07-12,000059,6.65,6.81,6.85,6.65,121443,82437176.0,2.99,1.79,0.12,0.76,4.06,4.21,3.76,1.2,0.6,-0.75,-3.61,-0.9,3.01,1.05,6.62,6.62,6.8,7.09,0.88,1.47,0.59,2.06,4.11,2.79,3.96,6.61,6.17,5.14
2018-07-13,000059,6.81,6.87,6.87,6.77,89299,60886461.0,1.47,0.88,0.06,0.56,2.36,1.92,-0.59,-1.18,-2.51,-5.32,-2.66,1.18,-0.74,1.18,6.74,6.62,6.76,7.06,0.58,-0.29,1.16,3.2,1.89,3.06,5.68,5.24,4.22,5.09
2018-07-16,000059,6.85,6.81,6.91,6.78,80100,54652758.0,1.89,-0.87,-0.06,0.5,1.77,-0.74,-1.33,-2.65,-5.46,-2.8,1.03,-0.88,1.03,1.33,6.79,6.64,6.73,7.04,0.59,2.06,4.11,2.79,3.96,6.61,6.17,5.14,6.02,6.75
2018-07-17,000059,6.79,6.8,6.85,6.73,85811,58290228.0,1.76,-0.15,-0.01,0.54,0.0,-0.59,-1.93,-4.75,-2.08,1.78,-0.15,1.78,2.08,2.67,6.8,6.65,6.73,7.01,2.21,4.26,2.94,4.12,6.76,6.32,5.29,6.18,6.91,6.91
2018-07-18,000059,6.83,6.84,6.95,6.8,97346,66815794.0,2.21,0.59,0.04,0.61,-1.62,-2.94,-5.74,-3.09,0.74,-1.18,0.74,1.03,1.62,0.74,6.83,6.67,6.73,6.98,3.65,2.34,3.51,6.14,5.7,4.68,5.56,6.29,6.29,7.46
2018-07-19,000059,6.9,6.98,7.09,6.87,194699,135795193.0,3.22,2.05,0.14,1.22,-3.93,-6.7,-4.08,-0.29,-2.18,-0.29,0.0,0.58,-0.29,1.16,6.86,6.74,6.73,6.95,0.29,1.43,4.01,3.58,2.58,3.44,4.15,4.15,5.3,7.45
2018-07-20,000059,6.93,6.95,7.0,6.8,149031,102822691.0,2.87,-0.43,-0.03,0.93,-5.74,-3.09,0.74,-1.18,0.74,1.03,1.62,0.74,2.21,4.26,6.88,6.81,6.74,6.92,1.87,4.46,4.03,3.02,3.88,4.6,4.6,5.76,7.91,7.63
2018-07-23,000059,6.93,7.08,7.08,6.9,138662,97246435.0,2.59,1.87,0.13,0.87,-4.49,-0.72,-2.61,-0.72,-0.43,0.14,-0.72,0.72,2.75,1.45,6.93,6.86,6.75,6.91,2.54,2.12,1.13,1.98,2.68,2.68,3.81,5.93,5.65,2.97
2018-07-24,000059,7.07,7.23,7.26,7.04,163149,117432471.0,3.11,2.12,0.15,1.02,-2.7,-4.55,-2.7,-2.41,-1.85,-2.7,-1.28,0.71,-0.57,0.57,7.02,6.91,6.77,6.9,0.0,-0.97,-0.14,0.55,0.55,1.66,3.73,3.46,0.83,4.29
2018-07-25,000059,7.17,7.14,7.23,7.12,127935,91657531.0,1.52,-1.24,-0.09,0.8,-5.62,-3.79,-3.51,-2.95,-3.79,-2.39,-0.42,-1.69,-0.56,1.97,7.08,6.95,6.79,6.88,0.28,1.12,1.82,1.82,2.94,5.04,4.76,2.1,5.6,6.16
2018-07-26,000059,7.14,7.1,7.16,7.06,82336,58464750.0,1.4,-0.56,-0.04,0.51,-2.97,-2.69,-2.12,-2.97,-1.56,0.42,-0.85,0.28,2.83,2.41,7.1,6.98,6.8,6.86,1.69,2.39,2.39,3.52,5.63,5.35,2.68,6.2,6.76,5.92
2018-07-27,000059,7.1,7.13,7.22,7.08,94254,67466548.0,1.97,0.42,0.03,0.59,-2.97,-2.4,-3.25,-1.84,0.14,-1.13,0.0,2.54,2.12,1.13,7.14,7.01,6.81,6.84,1.96,1.96,3.09,5.19,4.91,2.24,5.75,6.31,5.47,5.19
2018-07-30,000059,6.73,7.17,7.27,6.73,161666,115165575.0,7.57,0.56,0.04,1.01,2.67,1.78,3.27,5.35,4.01,5.2,7.88,7.43,6.39,7.28,7.15,7.04,6.84,6.83,1.39,2.51,4.6,4.32,1.67,5.16,5.72,4.88,4.6,3.21
2018-07-31,000059,7.24,7.23,7.27,7.14,113947,82114570.0,1.81,0.84,0.06,0.71,-4.06,-2.66,-0.7,-1.96,-0.84,1.68,1.26,0.28,1.12,1.82,7.15,7.09,6.87,6.85,1.66,3.73,3.46,0.83,4.29,4.84,4.01,3.73,2.35,3.04
2018-08-01,000059,7.22,7.26,7.35,7.18,178984,130215488.0,2.35,0.41,0.03,1.12,-3.2,-1.25,-2.51,-1.39,1.11,0.7,-0.28,0.56,1.25,1.25,7.18,7.13,6.9,6.86,3.31,3.03,0.41,3.86,4.41,3.58,3.31,1.93,2.62,1.65
2018-08-02,000059,7.28,7.45,7.5,7.22,359190,264775340.0,3.86,2.62,0.19,2.25,-1.8,-3.05,-1.94,0.55,0.14,-0.83,0.0,0.69,0.69,1.8,7.25,7.17,6.96,6.88,0.4,-2.15,1.21,1.74,0.94,0.67,-0.67,0.0,-0.94,-4.7
2018-08-03,000059,7.39,7.18,7.48,7.16,231362,169634714.0,4.3,-3.62,-0.27,1.45,-2.23,-1.12,1.4,0.98,0.0,0.84,1.54,1.54,2.65,4.75,7.26,7.2,7.0,6.89,1.53,5.01,5.57,4.74,4.46,3.06,3.76,2.79,-1.11,-1.95
2018-08-06,000059,7.18,7.16,7.29,7.05,131878,94508775.0,3.34,-0.28,-0.02,0.82,0.43,2.98,2.55,1.56,2.41,3.12,3.12,4.26,6.38,6.1,7.26,7.21,7.03,6.9,5.31,5.87,5.03,4.75,3.35,4.05,3.07,-0.84,-1.68,-4.47
2018-08-07,000059,7.15,7.52,7.54,7.15,282659,209256462.0,5.45,5.03,0.36,1.77,1.54,1.12,0.14,0.98,1.68,1.68,2.8,4.9,4.62,1.96,7.31,7.23,7.07,6.93,0.8,0.0,-0.27,-1.6,-0.93,-1.86,-5.59,-6.38,-9.04,-6.78
2018-08-08,000059,7.48,7.41,7.58,7.36,255515,191144049.0,2.93,-1.46,-0.11,1.6,-1.77,-2.72,-1.9,-1.22,-1.22,-0.14,1.9,1.63,-0.95,2.45,7.34,7.26,7.11,6.95,1.48,1.21,-0.13,0.54,-0.4,-4.18,-4.99,-7.69,-5.4,-5.53
2018-08-09,000059,7.36,7.48,7.52,7.31,214788,159681718.0,2.83,0.94,0.07,1.34,-2.05,-1.23,-0.55,-0.55,0.55,2.6,2.33,-0.27,3.15,3.69,7.35,7.3,7.14,6.97,0.27,-1.07,-0.4,-1.34,-5.08,-5.88,-8.56,-6.28,-6.42,-6.55
2018-08-10,000059,7.45,7.43,7.5,7.38,118758,88206379.0,1.6,-0.67,-0.05,0.74,-2.17,-1.49,-1.49,-0.41,1.63,1.36,-1.22,2.17,2.71,1.9,7.4,7.33,7.17,6.99,-0.4,0.27,-0.67,-4.44,-5.25,-7.94,-5.65,-5.79,-5.92,-5.65
2018-08-13,000059,7.39,7.35,7.4,7.25,148717,108755059.0,2.02,-1.08,-0.08,0.93,0.28,0.28,1.38,3.45,3.17,0.55,4.0,4.55,3.72,3.45,7.44,7.35,7.19,7.01,1.36,0.41,-3.4,-4.22,-6.94,-4.63,-4.76,-4.9,-4.63,-3.67
2018-08-14,000059,7.34,7.35,7.45,7.31,100353,74084913.0,1.9,0.0,0.0,0.63,-0.55,0.55,2.6,2.33,-0.27,3.15,3.69,2.87,2.6,1.23,7.4,7.36,7.22,7.03,0.41,-3.4,-4.22,-6.94,-4.63,-4.76,-4.9,-4.63,-3.67,-3.27
2018-08-15,000059,7.33,7.16,7.38,7.15,119023,86257296.0,3.13,-2.59,-0.19,0.74,2.8,4.9,4.62,1.96,5.45,6.01,5.17,4.9,3.5,4.2,7.35,7.35,7.24,7.05,-0.84,-1.68,-4.47,-2.09,-2.23,-2.37,-2.09,-1.12,-0.7,-1.4
2018-08-16,000059,7.1,6.95,7.1,6.9,140028,97963454.0,2.79,-2.93,-0.21,0.88,8.7,8.41,5.65,9.28,9.86,8.99,8.7,7.25,7.97,6.96,7.25,7.3,7.24,7.07,1.29,-1.58,0.86,0.72,0.58,0.86,1.87,2.3,1.58,1.01
2018-08-17,000059,6.99,6.81,7.04,6.77,94032,64953222.0,3.88,-2.01,-0.14,0.59,10.49,7.68,11.37,11.96,11.08,10.78,9.31,10.04,9.01,4.87,7.12,7.26,7.23,7.09,0.44,2.94,2.79,2.64,2.94,3.96,4.41,3.67,3.08,1.32
2018-08-20,000059,6.82,6.84,6.84,6.68,81924,55380843.0,2.35,0.44,0.03,0.51,9.13,12.87,13.47,12.57,12.28,10.78,11.53,10.48,6.29,5.39,7.02,7.23,7.22,7.1,2.49,2.34,2.19,2.49,3.51,3.95,3.22,2.63,0.88,0.29
2018-08-21,000059,6.84,7.0,7.01,6.81,95194,65941112.0,2.92,2.34,0.16,0.6,10.72,11.31,10.43,10.13,8.66,9.4,8.37,4.26,3.38,0.44,6.95,7.18,7.21,7.11,0.0,-0.14,0.14,1.14,1.57,0.86,0.29,-1.43,-2.0,-1.0
2018-08-22,000059,6.98,6.89,7.0,6.86,73206,50716622.0,2.0,-1.57,-0.11,0.46,10.5,9.62,9.33,7.87,8.6,7.58,3.5,2.62,-0.29,2.19,6.9,7.13,7.19,7.11,1.45,1.74,2.76,3.19,2.47,1.89,0.15,-0.44,0.58,0.0
2018-08-23,000059,6.91,6.95,6.99,6.86,69793,48387548.0,1.89,0.87,0.06,0.44,9.62,9.33,7.87,8.6,7.58,3.5,2.62,-0.29,2.19,2.04,6.9,7.07,7.19,7.12,0.86,1.87,2.3,1.58,1.01,-0.72,-1.29,-0.29,-0.86,-2.01
2018-08-24,000059,6.96,6.96,7.01,6.91,58364,40635991.0,1.44,0.14,0.01,0.36,8.54,7.09,7.81,6.8,2.75,1.88,-1.01,1.45,1.3,1.16,6.93,7.03,7.18,7.12,1.72,2.16,1.44,0.86,-0.86,-1.44,-0.43,-1.01,-2.16,-1.29
2018-08-27,000059,6.99,7.06,7.08,6.97,87933,61818388.0,1.58,1.44,0.1,0.55,6.17,6.89,5.88,1.87,1.0,-1.87,0.57,0.43,0.29,0.57,6.97,7.0,7.17,7.13,0.71,0.0,-0.57,-2.27,-2.83,-1.84,-2.41,-3.54,-2.69,-4.25
2018-08-28,000059,7.06,7.06,7.11,7.03,71583,50583591.0,1.13,0.0,0.0,0.45,5.97,4.98,1.0,0.14,-2.7,-0.28,-0.43,-0.57,-0.28,0.71,6.98,6.97,7.16,7.14,0.0,-0.57,-2.27,-2.83,-1.84,-2.41,-3.54,-2.69,-4.25,-4.96
2018-08-29,000059,7.06,6.98,7.06,6.95,64371,44991414.0,1.56,-1.13,-0.08,0.4,6.19,2.16,1.29,-1.58,0.86,0.72,0.58,0.86,1.87,2.3,7.0,6.95,7.15,7.14,0.57,-1.15,-1.72,-0.72,-1.29,-2.44,-1.58,-3.15,-3.87,-4.3
2018-08-30,000059,6.98,6.84,7.02,6.82,59235,41006442.0,2.87,-2.01,-0.14,0.37,4.11,3.23,0.29,2.79,2.64,2.49,2.79,3.81,4.25,3.52,6.98,6.94,7.12,7.14,0.88,0.29,1.32,0.73,-0.44,0.44,-1.17,-1.9,-2.34,0.29
2018-08-31,000059,6.83,6.84,6.9,6.8,56592,38814271.0,1.46,0.0,0.0,0.35,3.53,0.59,3.09,2.94,2.79,3.09,4.12,4.56,3.82,3.24,6.96,6.94,7.1,7.13,0.29,1.32,0.73,-0.44,0.44,-1.17,-1.9,-2.34,0.29,1.75
2018-09-03,000059,6.84,6.78,6.86,6.67,75310,50777667.0,2.78,-0.88,-0.06,0.47,2.55,5.1,4.95,4.8,5.1,6.15,6.6,5.85,5.25,3.45,6.9,6.94,7.08,7.12,2.21,1.62,0.44,1.33,-0.29,-1.03,-1.47,1.18,2.65,2.21
2018-09-04,000059,6.77,6.9,6.93,6.74,66978,45821740.0,2.8,1.77,0.12,0.42,4.01,3.86,3.71,4.01,5.04,5.49,4.75,4.15,2.37,1.78,6.87,6.93,7.05,7.11,-0.14,-1.3,-0.43,-2.03,-2.75,-3.19,-0.58,0.87,0.43,0.58
2018-09-05,000059,6.89,6.73,6.89,6.73,62914,42856973.0,2.32,-2.46,-0.17,0.39,4.01,3.86,4.16,5.2,5.65,4.9,4.31,2.53,1.93,2.97,6.82,6.91,7.02,7.1,1.19,2.08,0.45,-0.3,-0.74,1.93,3.42,2.97,3.12,5.2
2018-09-06,000059,6.75,6.74,6.81,6.69,54822,37055526.0,1.78,0.15,0.01,0.34,4.48,4.78,5.83,6.28,5.53,4.93,3.14,2.54,3.59,2.99,6.8,6.89,6.98,7.09,1.93,0.3,-0.45,-0.89,1.78,3.26,2.82,2.97,5.04,5.04
2018-09-07,000059,6.75,6.74,6.87,6.69,74419,50409377.0,2.67,0.0,0.0,0.47,4.78,5.83,6.28,5.53,4.93,3.14,2.54,3.59,2.99,1.79,6.78,6.87,6.95,7.07,0.3,-0.45,-0.89,1.78,3.26,2.82,2.97,5.04,5.04,5.93
2018-09-10,000059,6.72,6.67,6.76,6.66,47220,31617517.0,1.48,-1.04,-0.07,0.3,6.31,6.76,6.01,5.41,3.6,3.0,4.05,3.45,2.25,3.15,6.76,6.83,6.91,7.06,0.6,0.15,2.85,4.35,3.9,4.05,6.15,6.15,7.05,7.8
2018-09-11,000059,6.67,6.62,6.71,6.59,60831,40415714.0,1.8,-0.75,-0.05,0.38,7.89,7.13,6.53,4.7,4.1,5.16,4.55,3.34,4.25,2.58,6.7,6.78,6.88,7.04,0.91,3.63,5.14,4.68,4.83,6.95,6.95,7.85,8.61,9.37
2018-09-12,000059,6.64,6.64,6.68,6.62,49335,32812189.0,0.91,0.3,0.02,0.31,6.65,6.04,4.23,3.63,4.68,4.08,2.87,3.78,2.11,1.36,6.68,6.75,6.85,7.02,3.31,4.82,4.37,4.52,6.63,6.63,7.53,8.28,9.04,8.28
2018-09-13,000059,6.72,6.86,6.86,6.68,118207,80058640.0,2.71,3.31,0.22,0.74,5.09,3.29,2.69,3.74,3.14,1.95,2.84,1.2,0.45,0.0,6.71,6.75,6.85,7.0,1.46,1.02,1.17,3.21,3.21,4.08,4.81,5.54,4.81,5.1
2018-09-14,000059,6.84,6.84,6.96,6.81,100306,69059812.0,2.19,-0.29,-0.02,0.63,1.32,0.73,1.76,1.17,0.0,0.88,-0.73,-1.47,-1.91,0.73,6.73,6.75,6.85,6.99,1.32,1.46,3.51,3.51,4.39,5.12,5.85,5.12,5.41,5.85
2018-09-17,000059,6.84,6.81,6.93,6.75,92329,63103706.0,2.63,-0.44,-0.03,0.58,1.63,2.67,2.07,0.89,1.78,0.15,-0.59,-1.04,1.63,3.11,6.75,6.76,6.85,6.97,1.91,3.96,3.96,4.85,5.58,6.31,5.58,5.87,6.31,5.29
2018-09-18,000059,6.81,6.94,6.94,6.7,108758,74250701.0,3.52,1.91,0.13,0.68,3.43,2.84,1.64,2.54,0.9,0.15,-0.3,2.39,3.88,3.43,6.82,6.76,6.84,6.95,2.02,2.02,2.88,3.6,4.32,3.6,3.89,4.32,3.31,2.88
2018-09-19,000059,6.9,7.04,7.08,6.87,152566,106900410.0,3.03,1.44,0.1,0.95,0.29,-0.87,0.0,-1.6,-2.33,-2.77,-0.15,1.31,0.87,1.02,6.9,6.79,6.85,6.94,0.57,1.42,2.13,2.84,2.13,2.41,2.84,1.85,1.42,-2.7
2018-09-20,000059,7.02,7.01,7.08,6.97,86295,60556782.0,1.56,-0.43,-0.03,0.54,-2.3,-1.43,-3.01,-3.73,-4.16,-1.58,-0.14,-0.57,-0.43,1.58,6.93,6.82,6.85,6.93,1.85,2.57,3.28,2.57,2.85,3.28,2.28,1.85,-2.28,-7.85
2018-09-21,000059,7.01,7.12,7.14,6.98,119158,84285841.0,2.28,1.57,0.11,0.75,-1.58,-3.15,-3.87,-4.3,-1.72,-0.29,-0.72,-0.57,1.43,1.43,6.98,6.86,6.86,6.92,0.98,1.69,0.98,1.26,1.69,0.7,0.28,-3.79,-9.27,-7.87
2018-09-25,000059,7.08,7.14,7.19,7.05,87786,62611345.0,1.97,0.28,0.02,0.55,-4.11,-4.82,-5.25,-2.7,-1.28,-1.7,-1.56,0.43,0.43,1.28,7.05,6.9,6.87,6.91,1.4,0.7,0.98,1.4,0.42,0.0,-4.06,-9.52,-8.12,-9.66
2018-09-26,000059,7.14,7.16,7.24,7.1,93849,67290299.0,1.96,0.28,0.02,0.59,-5.49,-5.92,-3.38,-1.97,-2.39,-2.25,-0.28,-0.28,0.56,1.27,7.09,6.96,6.87,6.9,0.42,0.7,1.12,0.14,-0.28,-4.33,-9.78,-8.38,-9.92,-11.17
2018-09-27,000059,7.14,7.08,7.19,7.06,93654,66738006.0,1.82,-1.12,-0.08,0.59,-5.38,-2.83,-1.42,-1.84,-1.7,0.28,0.28,1.13,1.84,2.55,7.1,7.0,6.88,6.9,1.84,2.26,1.27,0.85,-3.25,-8.76,-7.34,-8.9,-10.17,-11.58
2018-09-28,000059,7.12,7.18,7.21,7.07,91879,65738473.0,1.98,1.41,0.1,0.57,-2.97,-1.56,-1.98,-1.84,0.14,0.14,0.99,1.7,2.4,1.7,7.14,7.03,6.89,6.91,0.84,-0.14,-0.56,-4.6,-10.03,-8.64,-10.17,-11.42,-12.81,-13.23
2018-10-08,000059,7.05,7.05,7.24,7.05,122949,87664922.0,2.65,-1.81,-0.13,0.77,-1.28,-1.7,-1.56,0.43,0.43,1.28,1.99,2.7,1.99,2.27,7.12,7.05,6.9,6.92,1.7,1.28,-2.84,-8.37,-6.95,-8.51,-9.79,-11.21,-11.63,-6.67
2018-10-09,000059,7.1,7.09,7.17,7.02,126899,89919926.0,2.13,0.57,0.04,0.79,-1.28,-1.14,0.85,0.85,1.71,2.42,3.13,2.42,2.71,3.13,7.11,7.08,6.92,6.92,0.71,-3.39,-8.89,-7.48,-9.03,-10.3,-11.71,-12.13,-7.19,-9.59
2018-10-10,000059,7.08,7.09,7.14,7.04,72486,51360347.0,1.41,0.0,0.0,0.45,-1.42,0.57,0.57,1.42,2.13,2.84,2.13,2.41,2.84,1.85,7.1,7.1,6.93,6.93,-3.39,-8.89,-7.48,-9.03,-10.3,-11.71,-12.13,-7.19,-9.59,-12.13
2018-10-11,000059,6.79,6.41,6.85,6.38,267687,176307541.0,6.63,-9.59,-0.68,1.67,10.97,10.97,11.91,12.7,13.48,12.7,13.01,13.48,12.38,11.91,6.96,7.03,6.91,6.91,0.78,2.34,0.62,-0.78,-2.34,-2.81,2.65,0.0,-2.81,-4.52
2018-10-12,000059,6.34,6.44,6.46,6.12,144545,91289804.0,5.3,0.47,0.03,0.9,15.69,16.67,17.48,18.3,17.48,17.81,18.3,17.16,16.67,11.93,6.82,6.98,6.9,6.89,1.86,0.16,-1.24,-2.8,-3.26,2.17,-0.47,-3.26,-4.97,-3.57
2018-10-15,000059,6.42,6.41,6.56,6.39,132472,85808972.0,2.64,-0.47,-0.03,0.83,11.74,12.52,13.3,12.52,12.83,13.3,12.21,11.74,7.2,1.1,6.69,6.91,6.88,6.88,0.62,-0.78,-2.34,-2.81,2.65,0.0,-2.81,-4.52,-3.12,-4.68
2018-10-16,000059,6.39,6.25,6.45,6.2,89411,56441694.0,3.9,-2.5,-0.16,0.56,15.97,16.77,15.97,16.29,16.77,15.65,15.16,10.48,4.19,5.81,6.52,6.82,6.86,6.85,1.76,0.16,-0.32,5.28,2.56,-0.32,-2.08,-0.64,-2.24,-2.72
2018-10-17,000059,6.36,6.32,6.36,6.13,80948,50762213.0,3.68,1.12,0.07,0.51,18.11,17.29,17.62,18.11,16.97,16.48,11.75,5.38,7.01,5.22,6.37,6.73,6.84,6.82,-0.95,-1.42,4.11,1.42,-1.42,-3.16,-1.74,-3.32,-3.8,-2.53
2018-10-18,000059,6.26,6.13,6.26,6.1,77698,48015714.0,2.53,-3.01,-0.19,0.49,17.87,18.2,18.69,17.54,17.05,12.3,5.9,7.54,5.74,4.26,6.31,6.64,6.82,6.8,1.63,7.34,4.57,1.63,-0.16,1.31,-0.33,-0.82,0.49,1.47
2018-10-19,000059,6.06,6.19,6.23,5.98,109625,67027653.0,4.08,0.98,0.06,0.69,20.57,21.07,19.9,19.4,14.55,8.03,9.7,7.86,6.35,4.68,6.26,6.54,6.79,6.77,6.3,3.55,0.65,-1.13,0.32,-1.29,-1.78,-0.48,0.48,2.1
2018-10-22,000059,6.24,6.5,6.58,6.21,156638,100838131.0,5.98,5.01,0.31,0.98,16.59,15.46,14.98,10.31,4.03,5.64,3.86,2.42,0.81,0.32,6.28,6.48,6.77,6.76,-1.38,-4.15,-5.85,-4.46,-6.0,-6.46,-5.23,-4.31,-2.77,-2.0
2018-10-23,000059,6.37,6.16,6.41,6.12,255169,159834553.0,4.46,-5.23,-0.34,1.6,17.16,16.67,11.93,5.56,7.19,5.39,3.92,2.29,1.8,7.52,6.26,6.39,6.74,6.74,1.14,-0.65,0.81,-0.81,-1.3,0.0,0.97,2.6,3.41,3.41
2018-10-24,000059,6.14,6.16,6.23,6.08,94480,58178852.0,2.44,0.0,0.0,0.59,17.43,12.66,6.25,7.89,6.09,4.61,2.96,2.47,8.22,5.43,6.23,6.3,6.7,6.72,-0.65,0.81,-0.81,-1.3,0.0,0.97,2.6,3.41,3.41,3.9
2018-10-25,000059,6.02,6.1,6.12,5.99,112492,67881919.0,2.11,-0.97,-0.06,0.7,14.36,7.85,9.52,7.68,6.18,4.51,4.01,9.85,7.01,4.01,6.22,6.27,6.65,6.7,1.8,0.16,-0.33,0.98,1.97,3.61,4.43,4.43,4.92,3.93
2018-10-26,000059,6.14,6.14,6.21,6.07,114374,70280639.0,2.3,0.66,0.04,0.72,6.43,8.07,6.26,4.78,3.13,2.64,8.4,5.6,2.64,0.82,6.21,6.24,6.61,6.68,-0.49,-0.98,0.33,1.3,2.93,3.75,3.75,4.23,3.26,1.95
2018-10-29,000059,6.1,5.99,6.11,5.96,99235,59879025.0,2.44,-2.44,-0.15,0.62,10.07,8.22,6.71,5.03,4.53,10.4,7.55,4.53,2.68,4.19,6.11,6.19,6.55,6.65,1.5,2.84,3.84,5.51,6.34,6.34,6.84,5.84,4.51,6.34
2018-10-30,000059,6.01,6.07,6.08,5.93,93890,56556840.0,2.5,1.34,0.08,0.59,8.77,7.25,5.56,5.06,10.96,8.09,5.06,3.2,4.72,3.04,6.09,6.18,6.5,6.63,1.48,2.47,4.12,4.94,4.94,5.44,4.45,3.13,4.94,7.25
2018-10-31,000059,6.07,6.13,6.16,6.04,101375,61963551.0,1.98,0.99,0.06,0.63,5.3,3.64,3.15,8.94,6.13,3.15,1.32,2.81,1.16,0.66,6.09,6.16,6.44,6.62,1.47,3.1,3.92,3.92,4.4,3.43,2.12,3.92,6.2,7.01
2018-11-01,000059,6.15,6.14,6.22,6.11,139606,86174873.0,1.79,0.16,0.01,0.87,2.45,1.96,7.69,4.91,1.96,0.16,1.64,0.0,-0.49,0.82,6.09,6.16,6.4,6.6,2.93,3.75,3.75,4.23,3.26,1.95,3.75,6.03,6.84,6.68
2018-11-02,000059,6.19,6.31,6.32,6.18,161975,101225328.0,2.28,2.77,0.17,1.01,0.81,6.47,3.72,0.81,-0.97,0.49,-1.13,-1.62,-0.32,0.65,6.13,6.17,6.35,6.58,0.95,0.95,1.43,0.48,-0.79,0.95,3.17,3.96,3.8,4.91
2018-11-05,000059,6.3,6.32,6.37,6.23,133145,83819556.0,2.22,0.16,0.01,0.83,5.62,2.89,0.0,-1.77,-0.32,-1.93,-2.41,-1.12,-0.16,1.44,6.19,6.15,6.32,6.56,0.79,1.27,0.32,-0.95,0.79,3.01,3.8,3.64,4.75,5.38
2018-11-06,000059,6.3,6.33,6.37,6.27,108467,68572085.0,1.58,0.16,0.01,0.68,2.23,-0.64,-2.39,-0.96,-2.55,-3.03,-1.75,-0.8,0.8,1.59,6.25,6.17,6.28,6.55,1.11,0.16,-1.11,0.63,2.84,3.63,3.48,4.58,5.21,5.69
2018-11-07,000059,6.34,6.27,6.4,6.26,123069,77993531.0,2.21,-0.95,-0.06,0.77,-0.48,-2.24,-0.8,-2.4,-2.88,-1.6,-0.64,0.96,1.76,1.76,6.27,6.18,6.24,6.52,1.12,-0.16,1.59,3.83,4.63,4.47,5.58,6.22,6.7,3.51
2018-11-08,000059,6.3,6.25,6.34,6.22,91063,57264774.0,1.91,-0.32,-0.02,0.57,-1.61,-0.16,-1.77,-2.25,-0.96,0.0,1.61,2.41,2.41,2.89,6.3,6.2,6.23,6.5,0.16,1.92,4.16,4.96,4.8,5.92,6.56,7.04,3.84,4.32
2018-11-09,000059,6.23,6.19,6.26,6.18,70320,43735545.0,1.28,-0.96,-0.06,0.44,0.49,-1.13,-1.62,-0.32,0.65,2.27,3.07,3.07,3.56,2.59,6.27,6.2,6.22,6.47,2.91,5.17,5.98,5.82,6.95,7.59,8.08,4.85,5.33,4.52
2018-11-12,000059,6.16,6.35,6.37,6.16,116978,73562241.0,3.39,2.58,0.16,0.73,-0.81,-1.3,0.0,0.97,2.6,3.41,3.41,3.9,2.92,1.62,6.28,6.24,6.22,6.45,2.52,3.31,3.15,4.25,4.88,5.35,2.2,2.68,1.89,-2.05
2018-11-13,000059,6.28,6.47,6.51,6.25,185992,119276704.0,4.09,1.89,0.12,1.16,-2.72,-1.44,-0.48,1.12,1.92,1.92,2.4,1.44,0.16,1.92,6.31,6.28,6.23,6.42,1.39,1.24,2.32,2.94,3.4,0.31,0.77,0.0,-3.86,-3.86
2018-11-14,000059,6.45,6.48,6.56,6.43,170558,110661714.0,2.01,0.15,0.01,1.07,-4.2,-3.27,-1.71,-0.93,-0.93,-0.47,-1.4,-2.64,-0.93,1.24,6.35,6.31,6.23,6.4,1.08,2.16,2.78,3.24,0.15,0.62,-0.15,-4.01,-4.01,-4.48
2018-11-15,000059,6.45,6.54,6.55,6.45,151270,98169096.0,1.54,0.93,0.06,0.95,-3.57,-2.02,-1.24,-1.24,-0.78,-1.71,-2.95,-1.24,0.93,1.71,6.41,6.35,6.25,6.38,1.22,1.83,2.29,-0.76,-0.31,-1.07,-4.89,-4.89,-5.35,-4.28
2018-11-16,000059,6.52,6.59,6.62,6.51,174414,114546334.0,1.68,0.76,0.05,1.09,-2.92,-2.15,-2.15,-1.69,-2.61,-3.84,-2.15,0.0,0.77,0.61,6.49,6.38,6.27,6.36,1.06,1.52,-1.52,-1.06,-1.82,-5.61,-5.61,-6.07,-5.01,-6.53
2018-11-19,000059,6.57,6.66,6.66,6.54,164078,108344758.0,1.82,1.06,0.07,1.03,-2.6,-2.6,-2.14,-3.06,-4.28,-2.6,-0.46,0.31,0.15,1.22,6.55,6.41,6.28,6.35,0.45,-2.55,-2.1,-2.85,-6.61,-6.61,-7.06,-6.01,-7.51,-4.65
2018-11-20,000059,6.61,6.49,6.69,6.46,166593,109603683.0,3.45,-2.55,-0.17,1.04,-1.39,-0.93,-1.86,-3.1,-1.39,0.77,1.55,1.39,2.48,3.1,6.55,6.43,6.3,6.33,0.0,0.46,-0.31,-4.16,-4.16,-4.62,-3.54,-5.08,-2.16,-2.16
2018-11-21,000059,6.41,6.48,6.49,6.36,120679,77571195.0,2.0,-0.15,-0.01,0.75,0.63,-0.31,-1.57,0.16,2.36,3.14,2.99,4.09,4.72,5.19,6.55,6.45,6.32,6.31,0.62,-0.15,-4.01,-4.01,-4.48,-3.4,-4.94,-2.01,-2.01,-2.62
2018-11-22,000059,6.46,6.46,6.52,6.4,78636,50872876.0,1.85,-0.31,-0.02,0.49,-0.94,-2.19,-0.47,1.72,2.5,2.34,3.44,4.06,4.53,1.41,6.54,6.47,6.33,6.31,0.15,-3.72,-3.72,-4.18,-3.1,-4.64,-1.7,-1.7,-2.32,-2.94
2018-11-23,000059,6.47,6.2,6.47,6.16,120479,75821333.0,4.8,-4.02,-0.26,0.75,1.62,3.41,5.68,6.49,6.33,7.47,8.12,8.6,5.36,5.84,6.46,6.47,6.34,6.3,0.32,0.32,-0.16,0.97,-0.65,2.42,2.42,1.77,1.13,0.16
2018-11-26,000059,6.17,6.12,6.22,6.08,92228,56614437.0,2.26,-1.29,-0.08,0.58,4.77,7.07,7.89,7.73,8.88,9.54,10.03,6.74,7.24,6.41,6.35,6.45,6.34,6.29,1.63,1.14,2.29,0.65,3.76,3.76,3.1,2.45,1.47,1.96
2018-11-27,000059,6.15,6.14,6.22,6.12,79468,48992971.0,1.63,0.33,0.02,0.5,6.37,7.19,7.03,8.17,8.82,9.31,6.05,6.54,5.72,1.63,6.28,6.42,6.35,6.29,0.81,1.95,0.33,3.42,3.42,2.77,2.12,1.14,1.63,1.79
2018-11-28,000059,6.08,6.18,6.19,6.08,94677,58124413.0,1.79,0.65,0.04,0.59,7.89,7.73,8.88,9.54,10.03,6.74,7.24,6.41,2.3,2.3,6.22,6.39,6.35,6.28,1.29,-0.32,2.75,2.75,2.1,1.46,0.49,0.97,1.13,1.13
2018-11-29,000059,6.2,6.11,6.26,6.11,111466,69120362.0,2.43,-1.13,-0.07,0.7,7.2,8.35,9.0,9.49,6.22,6.71,5.89,1.8,1.8,1.31,6.15,6.34,6.35,6.28,0.82,3.93,3.93,3.27,2.62,1.64,2.13,2.29,2.29,2.95
2018-11-30,000059,6.11,6.16,6.16,6.04,94078,57444371.0,1.96,0.82,0.05,0.59,9.6,10.26,10.76,7.45,7.95,7.12,2.98,2.98,2.48,3.64,6.14,6.3,6.34,6.28,3.08,3.08,2.44,1.79,0.81,1.3,1.46,1.46,2.11,1.46
2018-12-03,000059,6.27,6.32,6.35,6.24,153344,96628147.0,1.79,2.6,0.16,0.96,6.73,7.21,4.01,4.49,3.69,-0.32,-0.32,-0.8,0.32,-1.28,6.18,6.27,6.34,6.28,0.47,-0.16,-0.79,-1.74,-1.27,-1.11,-1.11,-0.47,-1.11,-2.53
2018-12-04,000059,6.33,6.35,6.35,6.28,92246,58329627.0,1.11,0.47,0.03,0.58,6.53,3.34,3.82,3.03,-0.96,-0.96,-1.43,-0.32,-1.91,1.11,6.22,6.25,6.34,6.28,-0.63,-1.26,-2.2,-1.73,-1.57,-1.57,-0.94,-1.57,-2.99,-3.31
2018-12-05,000059,6.25,6.28,6.31,6.22,69880,43759276.0,1.42,-1.1,-0.07,0.44,4.34,4.82,4.02,0.0,0.0,-0.48,0.64,-0.96,2.09,2.09,6.24,6.23,6.34,6.29,-0.16,-1.11,-0.64,-0.48,-0.48,0.16,-0.48,-1.91,-2.23,-2.87
2018-12-06,000059,6.27,6.18,6.27,6.17,71744,44524604.0,1.59,-1.59,-0.1,0.45,5.67,4.86,0.81,0.81,0.32,1.46,-0.16,2.92,2.92,2.27,6.26,6.2,6.34,6.29,0.49,0.97,1.13,1.13,1.78,1.13,-0.32,-0.65,-1.29,-1.62
2018-12-07,000059,6.2,6.2,6.21,6.16,43628,26996989.0,0.81,0.32,0.02,0.27,5.03,0.97,0.97,0.49,1.62,0.0,3.08,3.08,2.44,1.79,6.27,6.2,6.34,6.29,0.65,0.81,0.81,1.45,0.81,-0.65,-0.97,-1.61,-1.94,-2.58
2018-12-10,000059,6.16,6.2,6.24,6.12,64615,39980245.0,1.94,0.0,0.0,0.4,1.63,1.63,1.14,2.29,0.65,3.76,3.76,3.1,2.45,1.47,6.24,6.21,6.33,6.3,0.81,0.81,1.45,0.81,-0.65,-0.97,-1.61,-1.94,-2.58,-2.26
2018-12-11,000059,6.24,6.19,6.25,6.17,52182,32350760.0,1.29,-0.16,-0.01,0.33,0.81,0.32,1.46,-0.16,2.92,2.92,2.27,1.62,0.65,1.13,6.21,6.22,6.32,6.3,0.97,1.62,0.97,-0.48,-0.81,-1.45,-1.78,-2.42,-2.1,-3.07
2018-12-12,000059,6.21,6.19,6.25,6.17,53379,33169232.0,1.29,0.0,0.0,0.33,0.32,1.46,-0.16,2.92,2.92,2.27,1.62,0.65,1.13,1.3,6.19,6.22,6.3,6.31,1.62,0.97,-0.48,-0.81,-1.45,-1.78,-2.42,-2.1,-3.07,-3.55
2018-12-13,000059,6.21,6.25,6.29,6.15,82134,51256469.0,2.26,0.97,0.06,0.51,1.79,0.16,3.25,3.25,2.6,1.95,0.98,1.46,1.63,1.63,6.21,6.23,6.29,6.31,0.0,-1.44,-1.76,-2.4,-2.72,-3.36,-3.04,-4.0,-4.48,-2.72
2018-12-14,000059,6.25,6.15,6.25,6.14,73497,45453643.0,1.76,-1.6,-0.1,0.46,0.33,3.42,3.42,2.77,2.12,1.14,1.63,1.79,1.79,2.44,6.2,6.23,6.27,6.3,0.16,-0.16,-0.81,-1.14,-1.79,-1.46,-2.44,-2.93,-1.14,-2.76
2018-12-17,000059,6.11,6.14,6.16,6.09,48673,29784490.0,1.14,-0.16,-0.01,0.3,4.27,4.27,3.61,2.96,1.97,2.46,2.63,2.63,3.28,2.63,6.18,6.21,6.24,6.3,0.0,-0.65,-0.98,-1.63,-1.3,-2.28,-2.77,-0.98,-2.61,-2.93
2018-12-18,000059,6.1,6.08,6.14,6.06,70426,42874428.0,1.3,-0.98,-0.06,0.44,4.79,4.13,3.47,2.48,2.97,3.14,3.14,3.8,3.14,1.65,6.16,6.19,6.22,6.29,0.33,0.0,-0.66,-0.33,-1.32,-1.81,0.0,-1.64,-1.97,-2.8
2018-12-19,000059,6.09,6.05,6.1,6.03,35318,21404028.0,1.15,-0.49,-0.03,0.22,4.64,3.98,2.99,3.48,3.65,3.65,4.31,3.65,2.16,1.82,6.13,6.16,6.2,6.28,0.5,-0.17,0.17,-0.83,-1.32,0.5,-1.16,-1.49,-2.31,-1.16
2018-12-20,000059,6.06,6.07,6.08,6.03,37969,22985209.0,0.83,0.33,0.02,0.24,3.98,2.99,3.48,3.65,3.65,4.31,3.65,2.16,1.82,1.16,6.1,6.15,6.18,6.28,-0.49,-0.16,-1.15,-1.65,0.16,-1.48,-1.81,-2.64,-1.48,0.16
2018-12-21,000059,6.03,6.01,6.04,5.99,52789,31723869.0,0.82,-0.99,-0.06,0.33,3.67,4.17,4.34,4.34,5.01,4.34,2.84,2.5,1.84,1.5,6.07,6.13,6.17,6.27,0.83,-0.17,-0.67,1.16,-0.5,-0.83,-1.66,-0.5,1.16,0.67
2018-12-24,000059,6.0,6.05,6.06,5.99,39853,24004688.0,1.16,0.67,0.04,0.25,4.17,4.34,4.34,5.01,4.34,2.84,2.5,1.84,1.5,0.83,6.05,6.12,6.17,6.26,-0.83,-1.32,0.5,-1.16,-1.49,-2.31,-1.16,0.5,0.0,1.16
2018-12-25,000059,6.0,5.94,6.0,5.87,77635,46015513.0,2.15,-1.82,-0.11,0.49,6.47,6.47,7.16,6.47,4.94,4.6,3.92,3.58,2.9,3.24,6.02,6.09,6.16,6.24,0.51,2.36,0.67,0.34,-0.51,0.67,2.36,1.85,3.03,2.53
2018-12-26,000059,5.95,5.94,5.97,5.92,36046,21419369.0,0.84,0.0,0.0,0.23,5.57,6.25,5.57,4.05,3.72,3.04,2.7,2.03,2.36,1.35,6.0,6.07,6.14,6.22,2.36,0.67,0.34,-0.51,0.67,2.36,1.85,3.03,2.53,2.19
2018-12-27,000059,6.05,5.94,6.08,5.92,80346,48220103.0,2.69,0.0,0.0,0.5,6.25,5.57,4.05,3.72,3.04,2.7,2.03,2.36,1.35,0.84,5.98,6.04,6.13,6.2,0.67,0.34,-0.51,0.67,2.36,1.85,3.03,2.53,2.19,3.03
2018-12-28,000059,5.92,5.94,5.98,5.92,46566,27721515.0,1.01,0.0,0.0,0.29,5.57,4.05,3.72,3.04,2.7,2.03,2.36,1.35,0.84,2.7,5.96,6.02,6.12,6.18,0.34,-0.51,0.67,2.36,1.85,3.03,2.53,2.19,3.03,2.53
2019-01-02,000059,5.94,5.84,5.96,5.83,71600,42154179.0,2.19,-1.68,-0.1,0.45,5.66,5.32,4.63,4.29,3.6,3.95,2.92,2.4,4.29,2.57,5.92,5.99,6.1,6.16,1.2,2.4,4.11,3.6,4.79,4.28,3.94,4.79,4.28,4.62
2019-01-03,000059,5.84,5.85,5.91,5.83,41963,24592917.0,1.37,0.17,0.01,0.26,5.32,4.63,4.29,3.6,3.95,2.92,2.4,4.29,2.57,2.23,5.9,5.96,6.07,6.13,2.22,3.93,3.42,4.62,4.1,3.76,4.62,4.1,4.44,4.1
2019-01-04,000059,5.81,5.97,5.98,5.78,75246,44547731.0,3.42,2.05,0.12,0.47,5.54,5.19,4.5,4.84,3.81,3.29,5.19,3.46,3.11,2.25,5.91,5.96,6.06,6.12,1.84,1.34,2.51,2.01,1.68,2.51,2.01,2.35,2.01,1.34
2019-01-07,000059,6.03,6.04,6.08,5.97,78560,47323984.0,1.84,1.17,0.07,0.49,1.84,1.17,1.51,0.5,0.0,1.84,0.17,-0.17,-1.01,0.17,5.93,5.95,6.05,6.1,0.17,1.32,0.83,0.5,1.32,0.83,1.16,0.83,0.17,-2.32
2019-01-08,000059,6.04,6.01,6.05,5.99,45672,27479353.0,0.99,-0.5,-0.03,0.29,0.83,1.17,0.17,-0.33,1.5,-0.17,-0.5,-1.34,-0.17,1.5,5.94,5.95,6.04,6.1,1.83,1.33,1.0,1.83,1.33,1.66,1.33,0.67,-1.83,-2.5
2019-01-09,000059,6.03,6.05,6.12,6.01,91702,55715432.0,1.83,0.67,0.04,0.57,0.83,-0.17,-0.67,1.16,-0.5,-0.83,-1.66,-0.5,1.16,0.67,5.98,5.95,6.04,6.09,0.66,0.33,1.16,0.66,0.99,0.66,0.0,-2.48,-3.14,-3.97
2019-01-10,000059,6.05,6.03,6.09,6.02,56652,34249043.0,1.16,-0.33,-0.02,0.35,-0.33,-0.83,1.0,-0.66,-1.0,-1.83,-0.66,1.0,0.5,1.66,6.02,5.96,6.03,6.09,0.66,1.49,1.0,1.33,1.0,0.33,-2.16,-2.82,-3.65,-3.32
2019-01-11,000059,6.02,6.07,6.07,6.0,58554,35416077.0,1.16,0.66,0.04,0.37,-0.5,1.33,-0.33,-0.67,-1.5,-0.33,1.33,0.83,2.0,1.5,6.04,5.97,6.02,6.09,0.82,0.33,0.66,0.33,-0.33,-2.8,-3.46,-4.28,-3.95,-2.97
2019-01-14,000059,6.07,6.06,6.12,6.04,69388,42137801.0,1.32,-0.16,-0.01,0.43,0.66,-0.99,-1.32,-2.15,-0.99,0.66,0.17,1.32,0.83,0.5,6.04,5.99,6.01,6.09,0.5,0.83,0.5,-0.17,-2.64,-3.3,-4.13,-3.8,-2.81,-2.97
2019-01-15,000059,6.06,6.09,6.09,6.03,62842,38111160.0,0.99,0.5,0.03,0.39,-0.83,-1.16,-1.99,-0.83,0.83,0.33,1.49,1.0,0.66,1.49,6.06,6.0,6.01,6.08,0.33,0.0,-0.66,-3.12,-3.78,-4.6,-4.27,-3.28,-3.45,-4.27
2019-01-16,000059,6.11,6.06,6.11,6.03,68438,41517067.0,1.31,-0.49,-0.03,0.43,-1.16,-1.99,-0.83,0.83,0.33,1.49,1.0,0.66,1.49,1.0,6.06,6.02,6.0,6.07,0.5,-0.17,-2.64,-3.3,-4.13,-3.8,-2.81,-2.97,-3.8,-4.13
2019-01-17,000059,6.05,6.0,6.09,6.0,74864,45233920.0,1.49,-0.99,-0.06,0.47,-1.5,-0.33,1.33,0.83,2.0,1.5,1.17,2.0,1.5,1.83,6.06,6.04,6.0,6.06,0.83,-1.67,-2.33,-3.17,-2.83,-1.83,-2.0,-2.83,-3.17,-2.33
2019-01-18,000059,6.0,6.01,6.05,5.99,198098,119339401.0,1.0,0.17,0.01,1.24,-0.17,1.5,1.0,2.17,1.67,1.34,2.17,1.67,2.0,1.67,6.04,6.04,6.0,6.05,-1.83,-2.5,-3.33,-3.0,-2.0,-2.16,-3.0,-3.33,-2.5,-2.66
2019-01-21,000059,5.89,5.83,5.9,5.75,324099,188571391.0,2.5,-3.0,-0.18,2.03,5.74,5.22,6.43,5.91,5.57,6.43,5.91,6.26,5.91,5.22,6.0,6.02,5.99,6.04,0.51,-0.34,0.0,1.03,0.86,0.0,-0.34,0.51,0.34,1.89
2019-01-22,000059,5.8,5.81,5.86,5.77,121228,70584749.0,1.54,-0.34,-0.02,0.76,4.85,6.07,5.55,5.2,6.07,5.55,5.89,5.55,4.85,2.25,5.94,6.0,5.98,6.03,0.0,0.34,1.38,1.2,0.34,0.0,0.86,0.69,2.24,4.65
2019-01-23,000059,5.81,5.77,5.81,5.74,101696,58709195.0,1.2,-0.69,-0.04,0.64,6.62,6.1,5.75,6.62,6.1,6.45,6.1,5.4,2.79,2.09,5.88,5.97,5.96,6.01,1.04,2.08,1.91,1.04,0.69,1.56,1.39,2.95,5.37,5.72
2019-01-24,000059,5.78,5.78,5.83,5.73,94564,54757632.0,1.73,0.17,0.01,0.59,6.28,5.93,6.81,6.28,6.63,6.28,5.58,2.97,2.27,1.4,5.84,5.95,5.95,6.0,1.9,1.73,0.87,0.52,1.38,1.21,2.77,5.19,5.54,6.06
2019-01-25,000059,5.78,5.84,5.89,5.77,139999,81660267.0,2.08,1.04,0.06,0.88,5.2,6.07,5.55,5.89,5.55,4.85,2.25,1.56,0.69,1.04,5.81,5.93,5.95,5.99,0.68,-0.17,-0.51,0.34,0.17,1.71,4.11,4.45,4.97,4.79
2019-01-28,000059,5.85,5.8,5.88,5.78,87772,51167960.0,1.71,-0.68,-0.04,0.55,5.88,5.36,5.71,5.36,4.67,2.08,1.38,0.52,0.87,1.9,5.8,5.9,5.94,5.97,0.52,0.17,1.03,0.86,2.41,4.83,5.17,5.69,5.52,7.59
2019-01-29,000059,5.79,5.77,5.83,5.68,89813,51669227.0,2.59,-0.52,-0.03,0.56,7.22,7.57,7.22,6.51,3.87,3.17,2.29,2.64,3.7,3.52,5.79,5.87,5.93,5.96,0.69,1.56,1.39,2.95,5.37,5.72,6.24,6.07,8.15,9.71
2019-01-30,000059,5.77,5.73,5.81,5.72,53410,30800303.0,1.56,-0.69,-0.04,0.33,6.82,6.47,5.77,3.15,2.45,1.57,1.92,2.97,2.8,1.92,5.78,5.83,5.93,5.95,2.27,2.09,3.66,6.11,6.46,6.98,6.81,8.9,10.47,9.6
2019-01-31,000059,5.75,5.75,5.86,5.71,113386,65617441.0,2.62,0.35,0.02,0.71,6.65,5.95,3.33,2.63,1.75,2.1,3.15,2.98,2.1,1.75,5.78,5.81,5.92,5.94,1.74,3.3,5.74,6.09,6.61,6.43,8.52,10.09,9.22,9.74
2019-02-01,000059,5.77,5.83,5.85,5.77,91425,53180314.0,1.39,1.39,0.08,0.57,4.85,2.25,1.56,0.69,1.04,2.08,1.91,1.04,0.69,1.56,5.78,5.79,5.92,5.93,1.89,4.29,4.63,5.15,4.97,7.03,8.58,7.72,8.23,7.55
2019-02-11,000059,5.84,5.93,5.94,5.83,153896,90795396.0,1.89,1.72,0.1,0.96,1.2,0.51,-0.34,0.0,1.03,0.86,0.0,-0.34,0.51,0.34,5.8,5.8,5.91,5.92,2.53,2.87,3.37,3.2,5.23,6.75,5.9,6.41,5.73,15.51
2019-02-12,000059,5.92,6.01,6.08,5.9,133739,79997093.0,3.04,1.35,0.08,0.84,-0.68,-1.53,-1.19,-0.17,-0.34,-1.19,-1.53,-0.68,-0.85,0.68,5.85,5.82,5.91,5.92,1.5,2.0,1.83,3.83,5.32,4.49,4.99,4.33,13.98,13.98
2019-02-13,000059,6.03,6.08,6.1,5.99,154427,93514361.0,1.83,1.16,0.07,0.97,-3.01,-2.67,-1.67,-1.84,-2.67,-3.01,-2.17,-2.34,-0.83,1.5,5.92,5.85,5.91,5.93,0.82,0.66,2.63,4.11,3.29,3.78,3.12,12.66,12.66,12.99
2019-02-14,000059,6.08,6.09,6.13,6.05,113369,68989147.0,1.32,0.16,0.01,0.71,-3.64,-2.64,-2.81,-3.64,-3.97,-3.14,-3.31,-1.82,0.5,0.83,5.99,5.88,5.92,5.93,0.49,2.46,3.94,3.12,3.61,2.96,12.48,12.48,12.81,11.99
2019-02-15,000059,6.09,6.05,6.12,6.03,105763,64279441.0,1.48,-0.66,-0.04,0.66,-2.32,-2.49,-3.32,-3.65,-2.82,-2.99,-1.49,0.83,1.16,1.66,6.03,5.9,5.91,5.93,3.14,4.63,3.8,4.3,3.64,13.22,13.22,13.55,12.73,11.24
2019-02-18,000059,6.1,6.21,6.24,6.09,188420,116045441.0,2.48,2.64,0.16,1.18,-3.45,-4.27,-4.6,-3.78,-3.94,-2.46,-0.16,0.16,0.66,0.49,6.09,5.95,5.92,5.94,1.93,1.13,1.61,0.97,10.31,10.31,10.63,9.82,8.37,10.63
2019-02-19,000059,6.25,6.26,6.33,6.2,161377,100843647.0,2.09,0.81,0.05,1.01,-5.97,-6.29,-5.48,-5.65,-4.19,-1.94,-1.61,-1.13,-1.29,0.65,6.14,5.99,5.93,5.95,0.32,0.8,0.16,9.42,9.42,9.74,8.95,7.51,9.74,10.54
2019-02-20,000059,6.25,6.25,6.28,6.2,91086,56851625.0,1.28,-0.16,-0.01,0.57,-6.29,-5.48,-5.65,-4.19,-1.94,-1.61,-1.13,-1.29,0.65,2.1,6.17,6.05,5.94,5.97,0.96,0.32,9.6,9.6,9.92,9.12,7.68,9.92,10.72,14.72
2019-02-21,000059,6.25,6.22,6.31,6.21,133574,83546367.0,1.6,-0.48,-0.03,0.84,-5.64,-5.8,-4.35,-2.09,-1.77,-1.29,-1.45,0.48,1.93,1.13,6.2,6.09,5.95,5.98,0.8,10.13,10.13,10.45,9.65,8.2,10.45,11.25,15.27,16.88
2019-02-22,000059,6.23,6.26,6.27,6.15,151217,93899744.0,1.93,0.64,0.04,0.95,-4.88,-3.41,-1.14,-0.81,-0.33,-0.49,1.46,2.93,2.11,2.6,6.24,6.14,5.96,5.99,9.42,9.42,9.74,8.95,7.51,9.74,10.54,14.54,16.13,14.7
2019-02-25,000059,6.76,6.8,6.85,6.49,524844,349492992.0,5.75,8.63,0.54,3.28,-8.47,-6.32,-6.01,-5.55,-5.7,-3.85,-2.47,-3.24,-2.77,-3.39,6.36,6.22,6.01,6.02,0.74,1.03,0.29,-1.03,1.03,1.76,5.44,6.91,5.59,3.24
2019-02-26,000059,6.79,6.68,6.85,6.68,376341,254010995.0,2.5,-1.76,-0.12,2.35,-8.98,-8.68,-8.23,-8.38,-6.59,-5.24,-5.99,-5.54,-6.14,2.54,6.44,6.29,6.06,6.04,2.84,2.1,0.75,2.84,3.59,7.34,8.83,7.49,5.09,8.23
2019-02-27,000059,6.65,6.75,6.87,6.63,290645,195596849.0,3.59,1.05,0.07,1.82,-7.99,-7.54,-7.69,-5.88,-4.52,-5.28,-4.83,-5.43,3.32,3.32,6.54,6.36,6.1,6.06,1.04,-0.3,1.78,2.52,6.22,7.7,6.37,4.0,7.11,6.22
2019-02-28,000059,6.76,6.69,6.82,6.67,195659,131916644.0,2.22,-0.89,-0.06,1.22,-8.1,-8.25,-6.45,-5.1,-5.85,-5.4,-6.0,2.7,2.7,3.0,6.64,6.42,6.15,6.08,0.6,2.69,3.44,7.17,8.67,7.32,4.93,8.07,7.17,5.83
2019-03-01,000059,6.71,6.7,6.73,6.61,161678,107809698.0,1.79,0.15,0.01,1.01,-7.41,-5.6,-4.24,-4.99,-4.54,-5.14,3.63,3.63,3.93,3.18,6.72,6.48,6.19,6.1,2.54,3.28,7.01,8.51,7.16,4.78,7.91,7.01,5.67,4.48
2019-03-04,000059,6.72,6.77,6.87,6.68,320365,217321245.0,2.84,1.04,0.07,2.0,-6.59,-5.24,-5.99,-5.54,-6.14,2.54,2.54,2.84,2.1,0.75,6.72,6.54,6.24,6.13,2.22,5.91,7.39,6.06,3.69,6.79,5.91,4.58,3.4,4.87
2019-03-05,000059,6.76,6.92,6.92,6.72,293020,200492722.0,2.95,2.22,0.15,1.83,-5.8,-6.55,-6.1,-6.7,1.93,1.93,2.23,1.49,0.15,2.23,6.77,6.6,6.3,6.16,3.61,5.06,3.76,1.45,4.48,3.61,2.31,1.16,2.6,5.06
2019-03-06,000059,6.93,7.13,7.17,6.92,359653,253854023.0,3.61,3.03,0.21,2.25,-9.25,-8.82,-9.39,-1.01,-1.01,-0.72,-1.45,-2.75,-0.72,0.0,6.84,6.69,6.37,6.19,1.96,0.7,-1.54,1.4,0.56,-0.7,-1.82,-0.42,1.96,3.23
2019-03-07,000059,7.1,7.17,7.27,7.07,270835,194041227.0,2.81,0.56,0.04,1.69,-10.75,-11.32,-3.11,-3.11,-2.83,-3.54,-4.81,-2.83,-2.12,1.41,6.94,6.79,6.44,6.23,0.14,-2.09,0.84,0.0,-1.26,-2.37,-0.98,1.39,2.65,0.98
2019-03-08,000059,7.12,6.79,7.18,6.78,282287,197467372.0,5.58,-5.3,-0.38,1.76,-7.52,1.03,1.03,1.33,0.59,-0.74,1.33,2.06,5.75,7.23,6.96,6.84,6.49,6.26,3.39,6.48,5.6,4.27,3.09,4.57,7.07,8.39,6.63,5.89
2019-03-11,000059,6.76,7.0,7.02,6.75,186722,129115782.0,3.98,3.09,0.21,1.17,1.48,1.48,1.78,1.04,-0.3,1.78,2.52,6.22,7.7,6.37,7.0,6.86,6.54,6.29,3.29,2.43,1.14,0.0,1.43,3.86,5.14,3.43,2.71,6.14
2019-03-12,000059,7.02,7.16,7.23,7.02,278806,198632885.0,3.0,2.29,0.16,1.74,-2.42,-2.14,-2.85,-4.13,-2.14,-1.42,2.14,3.56,2.28,0.0,7.05,6.91,6.6,6.34,0.14,-1.12,-2.23,-0.84,1.54,2.79,1.12,0.42,3.77,2.79
2019-03-13,000059,7.17,6.97,7.17,6.93,215647,152221382.0,3.35,-2.65,-0.19,1.35,-0.87,-1.59,-2.89,-0.87,-0.14,3.46,4.91,3.61,1.3,4.33,7.02,6.93,6.64,6.38,1.58,0.43,1.87,4.3,5.6,3.87,3.16,6.6,5.6,1.58
2019-03-14,000059,6.96,6.84,7.08,6.76,164519,113478751.0,4.59,-1.87,-0.13,1.03,0.89,-0.44,1.63,2.37,6.07,7.54,6.21,3.85,6.95,6.07,6.95,6.95,6.68,6.42,2.34,3.8,6.29,7.6,5.85,5.12,8.63,7.6,3.51,2.92
2019-03-15,000059,6.9,6.91,7.0,6.84,150606,104292319.0,2.34,1.02,0.07,0.94,-1.61,0.44,1.17,4.82,6.29,4.97,2.63,5.7,4.82,3.51,6.98,6.97,6.72,6.45,2.75,5.21,6.51,4.78,4.05,7.53,6.51,2.46,1.88,1.88
2019-03-18,000059,6.92,7.1,7.1,6.87,202171,141857182.0,3.33,2.75,0.19,1.26,0.0,0.73,4.37,5.82,4.51,2.18,5.24,4.37,3.06,1.89,7.0,7.0,6.77,6.49,2.39,3.66,1.97,1.27,4.65,3.66,-0.28,-0.85,-0.85,2.25
2019-03-19,000059,7.1,7.24,7.27,7.06,348903,250229666.0,2.96,1.97,0.14,2.18,-1.98,1.56,2.97,1.7,-0.57,2.41,1.56,0.28,-0.85,0.57,7.01,7.03,6.82,6.54,1.66,0.0,-0.69,2.62,1.66,-2.21,-2.76,-2.76,0.28,2.21
2019-03-20,000059,7.27,7.2,7.36,7.07,295119,212588424.0,4.01,-0.55,-0.04,1.85,1.41,2.83,1.56,-0.71,2.26,1.41,0.14,-0.99,0.42,2.83,7.06,7.04,6.87,6.59,0.56,-0.14,3.19,2.22,-1.67,-2.22,-2.22,0.83,2.78,3.47
2019-03-21,000059,7.16,7.17,7.24,7.13,197902,142207100.0,1.53,-0.42,-0.03,1.24,1.96,0.7,-1.54,1.4,0.56,-0.7,-1.82,-0.42,1.96,3.23,7.12,7.04,6.91,6.64,0.28,3.63,2.65,-1.26,-1.81,-1.81,1.26,3.21,3.91,8.79
2019-03-22,000059,7.16,7.17,7.19,7.04,175727,125161793.0,2.09,0.0,0.0,1.1,1.99,-0.28,2.7,1.85,0.57,-0.57,0.85,3.27,4.55,2.84,7.18,7.08,6.96,6.68,3.63,2.65,-1.26,-1.81,-1.81,1.26,3.21,3.91,8.79,14.37
2019-03-25,000059,7.1,7.35,7.43,7.06,396966,289233184.0,5.16,2.51,0.18,2.48,-0.57,2.41,1.56,0.28,-0.85,0.57,2.97,4.25,2.55,1.84,7.23,7.11,6.99,6.73,0.14,-3.67,-4.22,-4.22,-1.22,0.68,1.36,6.12,11.56,7.62
2019-03-26,000059,7.36,7.01,7.36,6.98,281799,201396196.0,5.17,-4.63,-0.34,1.76,3.58,2.72,1.43,0.29,1.72,4.15,5.44,3.72,3.01,6.45,7.18,7.1,7.0,6.76,1.0,0.43,0.43,3.57,5.56,6.28,11.27,16.98,12.84,8.84
2019-03-27,000059,7.03,7.03,7.08,6.93,135947,95419714.0,2.14,0.29,0.02,0.85,3.46,2.16,1.01,2.45,4.91,6.2,4.47,3.75,7.22,6.2,7.15,7.1,7.02,6.8,0.14,0.14,3.27,5.26,5.97,10.95,16.64,12.52,8.53,7.68
2019-03-28,000059,6.99,6.85,7.04,6.84,157397,109190241.0,2.84,-2.56,-0.18,0.98,3.51,2.34,3.8,6.29,7.6,5.85,5.12,8.63,7.6,3.51,7.08,7.1,7.02,6.82,2.77,5.99,8.03,8.76,13.87,19.71,15.47,11.39,10.51,9.2
2019-03-29,000059,6.87,7.02,7.04,6.77,203590,140847315.0,3.94,2.48,0.17,1.27,3.4,4.87,7.39,8.71,6.94,6.2,9.75,8.71,4.58,3.99,7.05,7.11,7.04,6.85,3.42,5.41,6.13,11.11,16.81,12.68,8.69,7.83,6.55,8.83
2019-04-01,000059,7.05,7.25,7.26,7.04,289732,208404023.0,3.13,3.28,0.23,1.81,0.85,3.27,4.55,2.84,2.13,5.54,4.55,0.57,0.0,0.0,7.03,7.13,7.06,6.89,2.07,2.76,7.59,13.1,9.1,5.24,4.41,3.17,5.38,3.59
2019-04-02,000059,7.3,7.36,7.4,7.24,375144,275191872.0,2.21,1.52,0.11,2.35,0.41,1.66,0.0,-0.69,2.62,1.66,-2.21,-2.76,-2.76,0.28,7.1,7.14,7.09,6.93,1.22,5.98,11.41,7.47,3.67,2.85,1.63,3.8,2.04,2.85
2019-04-03,000059,7.31,7.43,7.45,7.27,313869,232060939.0,2.45,0.95,0.07,1.96,1.24,-0.41,-1.1,2.2,1.24,-2.61,-3.16,-3.16,-0.14,1.79,7.18,7.16,7.1,6.96,4.98,10.36,6.46,2.69,1.88,0.67,2.83,1.08,1.88,1.62
2019-04-04,000059,7.44,7.71,7.8,7.43,563256,432055456.0,4.98,3.77,0.28,3.52,-2.56,-3.23,0.0,-0.94,-4.71,-5.25,-5.25,-2.29,-0.4,0.27,7.35,7.22,7.13,7.01,6.36,2.59,-1.04,-1.82,-2.98,-0.91,-2.59,-1.82,-2.08,-2.33
2019-04-08,000059,8.02,7.86,8.2,7.7,662020,525772976.0,6.49,1.95,0.15,4.14,-6.62,-3.51,-4.42,-8.05,-8.57,-8.57,-5.71,-3.9,-3.25,1.3,7.52,7.29,7.18,7.07,0.64,-2.93,-3.69,-4.83,-2.8,-4.45,-3.69,-3.94,-4.2,-0.38
2019-04-09,000059,7.9,7.67,7.91,7.61,370329,285129280.0,3.82,-2.42,-0.19,2.32,-2.37,-3.29,-6.96,-7.49,-7.49,-4.6,-2.76,-2.1,2.5,7.75,7.61,7.32,7.22,7.1,-0.52,-1.3,-2.48,-0.39,-2.09,-1.3,-1.56,-1.83,2.09,1.43
2019-04-10,000059,7.57,7.52,7.63,7.42,333392,250665453.0,2.74,-1.96,-0.15,2.08,-0.81,-4.58,-5.12,-5.12,-2.16,-0.27,0.4,5.12,10.51,6.6,7.64,7.37,7.23,7.12,0.66,-0.53,1.6,-0.13,0.66,0.4,0.13,4.12,3.46,6.65
2019-04-11,000059,7.53,7.36,7.57,7.32,249018,185178073.0,3.32,-2.13,-0.16,1.56,-3.28,-3.83,-3.83,-0.82,1.09,1.78,6.56,12.02,8.06,4.23,7.62,7.4,7.25,7.15,1.63,3.8,2.04,2.85,2.58,2.31,6.39,5.71,8.97,9.51
2019-04-12,000059,7.36,7.47,7.48,7.35,234808,173921890.0,1.77,1.49,0.11,1.47,-4.22,-4.22,-1.22,0.68,1.36,6.12,11.56,7.62,3.81,2.99,7.58,7.47,7.28,7.17,2.28,0.54,1.34,1.07,0.8,4.82,4.15,7.36,7.9,0.8
2019-04-15,000059,7.51,7.42,7.64,7.41,251869,189541143.0,3.08,-0.67,-0.05,1.57,-4.99,-2.02,-0.13,0.54,5.26,10.66,6.75,2.97,2.16,0.94,7.49,7.51,7.31,7.2,1.21,2.02,1.75,1.48,5.53,4.85,8.09,8.63,1.48,-2.43
2019-04-16,000059,7.4,7.51,7.51,7.33,213097,158263240.0,2.43,1.21,0.09,1.33,-0.95,0.95,1.64,6.41,11.87,7.91,4.09,3.27,2.05,4.23,7.46,7.53,7.33,7.22,0.8,0.53,0.27,4.26,3.6,6.79,7.32,0.27,-3.6,-3.6
2019-04-17,000059,7.52,7.54,7.57,7.45,213909,160795946.0,1.6,0.4,0.03,1.34,-0.67,0.0,4.7,10.07,6.17,2.42,1.61,0.4,2.55,0.81,7.46,7.55,7.35,7.24,0.13,-0.13,3.85,3.18,6.37,6.9,-0.13,-3.98,-3.98,-6.5
2019-04-18,000059,7.53,7.47,7.55,7.46,148896,111847554.0,1.19,-0.93,-0.07,0.93,-0.13,4.56,9.92,6.03,2.28,1.47,0.27,2.41,0.67,1.47,7.48,7.55,7.36,7.25,0.8,4.82,4.15,7.36,7.9,0.8,-3.08,-3.08,-5.62,-6.69
2019-04-19,000059,7.48,7.53,7.53,7.4,170038,126851464.0,1.74,0.8,0.06,1.06,5.41,10.81,6.89,3.11,2.3,1.08,3.24,1.49,2.3,2.03,7.49,7.54,7.38,7.26,3.98,3.32,6.51,7.04,0.0,-3.85,-3.85,-6.37,-7.44,-7.44
2019-04-22,000059,7.55,7.65,7.83,7.49,363321,277857008.0,4.52,1.59,0.12,2.27,9.48,5.61,1.87,1.07,-0.13,2.0,0.27,1.07,0.8,0.53,7.54,7.51,7.4,7.29,1.7,4.84,5.36,-1.57,-5.36,-5.36,-7.84,-8.89,-8.89,-10.07
2019-04-23,000059,7.74,7.65,7.78,7.55,344583,264623348.0,3.01,0.0,0.0,2.15,4.77,1.06,0.26,-0.93,1.19,-0.53,0.26,0.0,-0.26,3.71,7.57,7.51,7.42,7.31,4.84,5.36,-1.57,-5.36,-5.36,-7.84,-8.89,-8.89,-10.07,-8.5
2019-04-24,000059,7.68,7.95,8.02,7.61,524740,410081760.0,5.36,3.92,0.3,3.28,0.26,-0.53,-1.71,0.39,-1.31,-0.53,-0.79,-1.05,2.89,2.23,7.65,7.56,7.46,7.34,1.38,-5.28,-8.93,-8.93,-11.32,-12.33,-12.33,-13.46,-11.95,-12.33
2019-04-25,000059,7.9,7.53,8.06,7.5,527791,414027120.0,7.04,-5.28,-0.42,3.3,0.93,-0.27,1.87,0.13,0.93,0.67,0.4,4.4,3.73,6.93,7.66,7.57,7.49,7.36,0.0,-3.85,-3.85,-6.37,-7.44,-7.44,-8.63,-7.04,-7.44,-8.1
2019-04-26,000059,7.49,7.2,7.53,7.18,364964,268356285.0,4.65,-4.38,-0.33,2.28,4.18,6.41,4.6,5.43,5.15,4.87,9.05,8.36,11.7,12.26,7.6,7.55,7.51,7.37,0.56,0.56,-2.08,-3.19,-3.19,-4.44,-2.78,-3.19,-3.89,-3.19
2019-04-29,000059,7.22,7.03,7.24,6.95,249203,176359004.0,4.03,-2.36,-0.17,1.56,9.93,8.06,8.92,8.63,8.35,12.66,11.94,15.4,15.97,8.35,7.47,7.51,7.51,7.38,2.99,0.28,-0.85,-0.85,-2.13,-0.43,-0.85,-1.56,-0.85,0.0
2019-04-30,000059,7.01,7.18,7.24,7.01,161115,115369035.0,3.27,2.13,0.15,1.01,7.13,7.99,7.7,7.42,11.7,10.98,14.41,14.98,7.42,3.28,7.38,7.47,7.5,7.38,-1.81,-2.92,-2.92,-4.18,-2.51,-2.92,-3.62,-2.92,-2.09,-2.65
2019-05-06,000059,7.01,6.67,7.05,6.57,272625,186784463.0,6.69,-7.1,-0.51,1.7,15.22,14.92,14.61,19.18,18.42,22.07,22.68,14.61,10.2,10.2,7.12,7.39,7.47,7.36,4.5,4.5,3.15,4.95,4.5,3.75,4.5,5.4,4.8,1.35
2019-05-07,000059,6.78,6.91,6.97,6.75,192262,132105293.0,3.3,3.6,0.24,1.2,11.85,11.56,16.0,15.26,18.81,19.41,11.56,7.26,7.26,4.44,7.0,7.33,7.44,7.35,0.87,-0.43,1.3,0.87,0.14,0.87,1.74,1.16,-2.17,-1.45
2019-05-08,000059,6.78,6.85,6.97,6.73,122590,84257849.0,3.47,-0.87,-0.06,0.77,11.89,16.34,15.6,19.17,19.76,11.89,7.58,7.58,4.75,3.57,6.93,7.26,7.4,7.34,0.44,2.19,1.75,1.02,1.75,2.63,2.04,-1.31,-0.58,-0.29
2019-05-09,000059,6.78,6.8,6.88,6.77,90869,62010960.0,1.61,-0.73,-0.05,0.57,15.66,14.92,18.46,19.05,11.23,6.94,6.94,4.14,2.95,2.95,6.88,7.18,7.35,7.33,2.94,2.5,1.76,2.5,3.38,2.79,-0.59,0.15,0.44,-1.32
2019-05-10,000059,6.84,6.95,7.0,6.72,168423,116346134.0,4.12,2.21,0.15,1.05,15.77,19.35,19.94,12.05,7.74,7.74,4.91,3.72,3.72,2.38,6.84,7.11,7.31,7.31,0.29,-0.43,0.29,1.15,0.58,-2.73,-2.01,-1.73,-3.45,-4.75
2019-05-13,000059,6.92,6.9,6.97,6.86,92258,63836142.0,1.58,-0.72,-0.05,0.58,16.91,17.49,9.77,5.54,5.54,2.77,1.6,1.6,0.29,2.04,6.88,7.0,7.28,7.31,0.29,1.01,1.88,1.3,-2.03,-1.3,-1.01,-2.75,-4.06,-4.2
2019-05-14,000059,6.85,6.85,6.92,6.76,102853,70510359.0,2.32,-0.72,-0.05,0.64,19.23,11.39,7.1,7.1,4.29,3.11,3.11,1.78,3.55,3.11,6.87,6.93,7.25,7.3,1.75,2.63,2.04,-1.31,-0.58,-0.29,-2.04,-3.36,-3.5,-2.63
2019-05-15,000059,6.9,6.97,6.97,6.86,140524,97255772.0,1.61,1.75,0.12,0.88,9.77,5.54,5.54,2.77,1.6,1.6,0.29,2.04,1.6,0.87,6.89,6.91,7.23,7.31,0.86,0.29,-3.01,-2.3,-2.01,-3.73,-5.02,-5.16,-4.3,-3.87
2019-05-16,000059,6.96,6.96,7.03,6.93,119621,83420762.0,1.43,-0.14,-0.01,0.75,4.47,4.47,1.73,0.58,0.58,-0.72,1.01,0.58,-0.14,0.58,6.93,6.9,7.21,7.31,0.43,-2.87,-2.16,-1.87,-3.59,-4.89,-5.03,-4.17,-3.74,-2.73
2019-05-17,000059,6.97,6.72,6.99,6.71,143494,98062550.0,4.02,-3.45,-0.24,0.9,7.9,5.07,3.87,3.87,2.53,4.32,3.87,3.13,3.87,4.77,6.88,6.86,7.17,7.29,0.6,1.34,1.64,-0.15,-1.49,-1.64,-0.74,-0.3,0.74,1.19
2019-05-20,000059,6.75,6.7,6.76,6.58,103322,68771907.0,2.68,-0.3,-0.02,0.65,7.14,5.93,5.93,4.56,6.38,5.93,5.17,5.93,6.84,6.23,6.84,6.86,7.12,7.27,1.64,1.94,0.15,-1.19,-1.34,-0.45,0.0,1.04,1.49,-0.6
2019-05-21,000059,6.7,6.78,6.81,6.68,100815,68057422.0,1.94,1.19,0.08,0.63,4.34,4.34,2.99,4.79,4.34,3.59,4.34,5.24,4.64,1.2,6.83,6.85,7.09,7.24,0.74,-1.03,-2.36,-2.51,-1.62,-1.18,-0.15,0.29,-1.77,-4.28
2019-05-22,000059,6.76,6.69,6.83,6.67,73403,49530531.0,2.36,-1.33,-0.09,0.46,4.5,3.15,4.95,4.5,3.75,4.5,5.4,4.8,1.35,2.1,6.77,6.83,7.05,7.21,0.3,-1.05,-1.2,-0.3,0.15,1.2,1.64,-0.45,-2.99,-3.29
2019-05-23,000059,6.71,6.6,6.71,6.6,83712,55476830.0,1.64,-1.35,-0.09,0.52,4.24,6.06,5.61,4.85,5.61,6.52,5.91,2.42,3.18,3.48,6.7,6.81,6.99,7.17,0.3,0.15,1.06,1.52,2.58,3.03,0.91,-1.67,-1.97,-2.58
2019-05-24,000059,6.52,6.43,6.62,6.42,99664,64628047.0,3.03,-2.58,-0.17,0.62,9.03,8.57,7.79,8.57,9.5,8.88,5.3,6.07,6.39,4.52,6.64,6.76,6.93,7.13,2.8,3.73,4.2,5.29,5.75,3.58,0.93,0.62,0.0,0.0
2019-05-27,000059,6.45,6.59,6.61,6.42,83083,54295404.0,2.95,2.49,0.16,0.52,8.57,7.79,8.57,9.5,8.88,5.3,6.07,6.39,4.52,3.12,6.62,6.73,6.87,7.1,1.21,1.67,2.73,3.19,1.06,-1.52,-1.82,-2.43,-2.43,-0.15
2019-05-28,000059,6.61,6.59,6.67,6.53,96316,63647809.0,2.12,0.0,0.0,0.6,5.97,6.74,7.66,7.04,3.52,4.29,4.59,2.76,1.38,1.23,6.58,6.7,6.82,7.07,1.67,2.73,3.19,1.06,-1.52,-1.82,-2.43,-2.43,-0.15,0.0
2019-05-29,000059,6.55,6.63,6.7,6.55,73759,49048258.0,2.28,0.61,0.04,0.46,6.41,7.33,6.72,3.21,3.97,4.27,2.44,1.07,0.92,1.83,6.57,6.67,6.79,7.04,2.11,2.56,0.45,-2.11,-2.41,-3.02,-3.02,-0.75,-0.6,-1.66
2019-05-30,000059,6.62,6.72,6.77,6.61,120814,80835692.0,2.41,1.36,0.09,0.76,6.35,5.75,2.27,3.03,3.33,1.51,0.15,0.0,0.91,1.36,6.59,6.65,6.77,7.02,1.19,-0.89,-3.42,-3.72,-4.32,-4.32,-2.08,-1.93,-2.98,-2.83
2019-05-31,000059,6.68,6.65,6.8,6.62,117551,78945407.0,2.68,-1.04,-0.07,0.73,5.59,2.11,2.87,3.17,1.36,0.0,-0.15,0.76,1.21,2.27,6.64,6.64,6.75,6.99,0.15,-2.41,-2.71,-3.31,-3.31,-1.05,-0.9,-1.95,-1.8,-3.61
2019-06-03,000059,6.65,6.49,6.66,6.46,123313,80660552.0,3.01,-2.41,-0.16,0.77,4.64,5.42,5.73,3.87,2.48,2.32,3.25,3.72,4.8,5.26,6.62,6.62,6.74,6.95,0.0,-0.31,-0.92,-0.92,1.39,1.54,0.46,0.62,-1.23,-0.31
2019-06-04,000059,6.47,6.37,6.49,6.36,89561,57489158.0,2.0,-1.85,-0.12,0.56,7.08,7.39,5.5,4.09,3.93,4.87,5.35,6.45,6.92,4.72,6.57,6.58,6.71,6.92,1.57,0.94,0.94,3.3,3.45,2.35,2.51,0.63,1.57,2.83
2019-06-05,000059,6.43,6.4,6.47,6.4,63208,40660989.0,1.1,0.47,0.03,0.4,6.72,4.84,3.44,3.28,4.22,4.69,5.78,6.25,4.06,1.41,6.53,6.55,6.69,6.88,0.47,0.47,2.81,2.97,1.87,2.03,0.16,1.09,2.34,3.59
2019-06-06,000059,6.39,6.29,6.43,6.29,66408,42075784.0,2.19,-1.72,-0.11,0.42,6.68,5.25,5.09,6.04,6.52,7.63,8.11,5.88,3.18,2.86,6.44,6.52,6.66,6.84,2.23,4.61,4.77,3.66,3.82,1.91,2.86,4.13,5.41,8.27
2019-06-10,000059,6.32,6.43,6.43,6.3,73956,47143090.0,2.07,2.23,0.14,0.46,5.08,4.92,5.87,6.35,7.46,7.94,5.71,3.02,2.7,2.06,6.4,6.52,6.64,6.79,2.33,2.49,1.4,1.56,-0.31,0.62,1.87,3.11,5.91,6.07
2019-06-11,000059,6.43,6.58,6.58,6.4,102065,66576875.0,2.8,2.33,0.15,0.64,3.28,4.22,4.69,5.78,6.25,4.06,1.41,1.09,0.47,0.47,6.41,6.52,6.62,6.75,0.15,-0.91,-0.76,-2.58,-1.67,-0.46,0.76,3.5,3.65,3.19
2019-06-12,000059,6.57,6.51,6.59,6.5,74721,48867527.0,1.37,-1.06,-0.07,0.47,2.62,3.08,4.15,4.62,2.46,-0.15,-0.46,-1.08,-1.08,1.23,6.44,6.51,6.61,6.71,0.15,0.31,-1.54,-0.61,0.61,1.84,4.61,4.76,4.3,-0.31
2019-06-13,000059,6.48,6.52,6.52,6.43,84489,54771455.0,1.38,0.15,0.01,0.53,4.2,5.29,5.75,3.58,0.93,0.62,0.0,0.0,2.33,2.49,6.47,6.5,6.58,6.69,0.15,-1.69,-0.77,0.46,1.69,4.45,4.6,4.14,-0.46,0.46
2019-06-14,000059,6.52,6.36,6.53,6.35,92229,59392051.0,2.76,-2.45,-0.16,0.58,6.61,7.09,4.88,2.2,1.89,1.26,1.26,3.62,3.78,2.68,6.48,6.46,6.55,6.67,0.79,1.73,2.99,4.25,7.08,7.23,6.76,2.04,2.99,2.2
2019-06-17,000059,6.37,6.37,6.41,6.33,53567,34091330.0,1.26,0.16,0.01,0.33,7.42,5.21,2.53,2.21,1.58,1.58,3.95,4.11,3.0,3.16,6.47,6.43,6.54,6.64,1.57,2.83,4.08,6.91,7.06,6.59,1.88,2.83,2.04,3.92
2019-06-18,000059,6.41,6.4,6.47,6.38,93955,60294505.0,1.41,0.47,0.03,0.59,4.39,1.72,1.41,0.78,0.78,3.13,3.29,2.19,2.35,0.47,6.43,6.42,6.52,6.63,2.34,3.59,6.41,6.56,6.09,1.41,2.34,1.56,3.44,3.91
2019-06-19,000059,6.52,6.5,6.55,6.49,94007,61303797.0,0.94,1.56,0.1,0.59,0.0,-0.31,-0.92,-0.92,1.39,1.54,0.46,0.62,-1.23,-0.31,6.43,6.44,6.51,6.62,2.0,4.77,4.92,4.46,-0.15,0.77,0.0,1.85,2.31,1.69
2019-06-20,000059,6.47,6.62,6.63,6.47,117269,77041681.0,2.46,1.85,0.12,0.73,0.0,-0.62,-0.62,1.7,1.85,0.77,0.93,-0.93,0.0,1.24,6.45,6.46,6.5,6.61,2.87,3.02,2.57,-1.96,-1.06,-1.81,0.0,0.45,-0.15,0.15
2019-06-21,000059,6.66,6.75,6.81,6.64,164988,111130335.0,2.57,1.96,0.13,1.03,-3.16,-3.16,-0.9,-0.75,-1.81,-1.66,-3.46,-2.56,-1.36,-0.15,6.53,6.5,6.51,6.61,1.04,0.59,-3.85,-2.96,-3.7,-1.93,-1.48,-2.07,-1.78,-2.22
2019-06-24,000059,6.75,6.77,6.82,6.72,96598,65343818.0,1.48,0.3,0.02,0.6,-4.32,-2.08,-1.93,-2.98,-2.83,-4.61,-3.72,-2.53,-1.34,1.34,6.61,6.54,6.53,6.6,0.3,-4.14,-3.25,-3.99,-2.22,-1.77,-2.36,-2.07,-2.51,-3.1
2019-06-25,000059,6.73,6.73,6.79,6.65,122128,82045515.0,2.07,-0.59,-0.04,0.76,-1.05,-0.9,-1.95,-1.8,-3.61,-2.71,-1.5,-0.3,2.41,2.56,6.67,6.55,6.53,6.6,-3.57,-2.67,-3.42,-1.63,-1.19,-1.78,-1.49,-1.93,-2.53,-5.05
2019-06-26,000059,6.49,6.47,6.49,6.4,90557,58425879.0,1.34,-3.86,-0.26,0.57,2.97,1.87,2.03,0.16,1.09,2.34,3.59,6.41,6.56,6.09,6.67,6.55,6.53,6.59,1.24,0.46,2.32,2.78,2.16,2.47,2.01,1.39,-1.24,-0.93
2019-06-27,000059,6.49,6.49,6.55,6.47,95148,61933066.0,1.24,0.31,0.02,0.59,0.77,0.93,-0.93,0.0,1.24,2.47,5.26,5.41,4.95,0.31,6.64,6.55,6.52,6.57,0.15,2.0,2.47,1.85,2.16,1.69,1.08,-1.54,-1.23,-0.77
2019-06-28,000059,6.5,6.4,6.5,6.37,72773,46667620.0,2.0,-1.39,-0.09,0.45,2.51,0.63,1.57,2.83,4.08,6.91,7.06,6.59,1.88,2.83,6.57,6.55,6.51,6.55,3.44,3.91,3.28,3.59,3.12,2.5,-0.16,0.16,0.63,0.78
2019-07-01,000059,6.5,6.6,6.62,6.47,134707,88210513.0,2.34,3.13,0.2,0.84,-0.93,0.0,1.24,2.47,5.26,5.41,4.95,0.31,1.24,0.46,6.54,6.57,6.5,6.55,0.76,0.15,0.45,0.0,-0.61,-3.18,-2.88,-2.42,-2.27,-1.52
2019-07-02,000059,6.59,6.64,6.65,6.57,93911,62138349.0,1.21,0.61,0.04,0.59,-1.52,-0.3,0.91,3.65,3.81,3.35,-1.22,-0.3,-1.07,0.76,6.52,6.6,6.51,6.55,-0.45,-0.15,-0.6,-1.2,-3.77,-3.46,-3.01,-2.86,-2.11,-1.96
2019-07-03,000059,6.6,6.54,6.61,6.52,81539,53467973.0,1.36,-1.51,-0.1,0.51,0.46,1.69,4.45,4.6,4.14,-0.46,0.46,-0.31,1.53,1.99,6.53,6.6,6.52,6.54,1.38,0.92,0.31,-2.29,-1.99,-1.53,-1.38,-0.61,-0.46,1.38
2019-07-04,000059,6.55,6.56,6.63,6.54,65842,43286390.0,1.38,0.31,0.02,0.41,1.38,4.13,4.28,3.82,-0.76,0.15,-0.61,1.22,1.68,1.07,6.55,6.6,6.53,6.53,0.61,0.0,-2.59,-2.29,-1.83,-1.68,-0.91,-0.76,1.07,0.3
2019-07-05,000059,6.6,6.57,6.6,6.52,51115,33526591.0,1.22,0.15,0.01,0.32,4.45,4.6,4.14,-0.46,0.46,-0.31,1.53,1.99,1.38,1.69,6.58,6.58,6.54,6.53,-0.15,-2.74,-2.44,-1.98,-1.83,-1.07,-0.91,0.91,0.15,0.15
2019-07-08,000059,6.54,6.36,6.56,6.34,97371,62413468.0,3.35,-3.2,-0.21,0.61,7.57,7.1,2.37,3.31,2.52,4.42,4.89,4.26,4.57,4.1,6.53,6.54,6.54,6.53,0.47,0.79,1.26,1.42,2.2,2.36,4.25,3.46,3.46,2.83
2019-07-09,000059,6.33,6.37,6.39,6.32,52316,33244910.0,1.1,0.16,0.01,0.33,7.44,2.69,3.64,2.85,4.75,5.22,4.59,4.91,4.43,3.8,6.48,6.5,6.53,6.52,0.63,1.1,1.26,2.04,2.2,4.08,3.3,3.3,2.67,0.63
2019-07-10,000059,6.36,6.31,6.41,6.31,46575,29601267.0,1.57,-0.94,-0.06,0.29,2.85,3.8,3.01,4.91,5.39,4.75,5.07,4.6,3.96,1.27,6.43,6.48,6.52,6.51,2.06,2.22,3.01,3.17,5.07,4.28,4.28,3.65,1.58,3.17
2019-07-11,000059,6.34,6.38,6.44,6.33,59004,37694495.0,1.74,1.11,0.07,0.37,3.48,2.69,4.58,5.06,4.42,4.74,4.27,3.63,0.95,1.26,6.4,6.47,6.51,6.51,1.1,1.88,2.04,3.92,3.13,3.13,2.51,0.47,2.04,1.25
2019-07-12,000059,6.37,6.42,6.45,6.35,52712,33807221.0,1.57,0.63,0.04,0.33,2.36,4.25,4.72,4.09,4.41,3.94,3.31,0.63,0.94,1.42,6.37,6.48,6.51,6.5,1.25,1.4,3.27,2.49,2.49,1.87,-0.16,1.4,0.62,0.16
2019-07-15,000059,6.44,6.48,6.5,6.34,74174,47756296.0,2.49,0.93,0.06,0.46,4.42,4.89,4.26,4.57,4.1,3.47,0.79,1.1,1.58,1.74,6.39,6.46,6.52,6.49,0.46,2.31,1.54,1.54,0.93,-1.08,0.46,-0.31,-0.77,-1.23
2019-07-16,000059,6.45,6.5,6.51,6.44,57993,37646031.0,1.08,0.31,0.02,0.36,3.26,2.64,2.95,2.48,1.86,-0.78,-0.47,0.0,0.16,0.93,6.42,6.45,6.52,6.49,2.0,1.23,1.23,0.62,-1.38,0.15,-0.62,-1.08,-1.54,-1.69
2019-07-17,000059,6.5,6.58,6.63,6.47,101214,66298502.0,2.46,1.23,0.08,0.63,2.16,2.47,2.01,1.39,-1.24,-0.93,-0.46,-0.31,0.46,0.62,6.47,6.45,6.53,6.5,0.0,0.0,-0.61,-2.58,-1.06,-1.82,-2.28,-2.74,-2.89,-3.19
2019-07-18,000059,6.54,6.45,6.58,6.45,60328,39153575.0,1.98,-1.98,-0.13,0.38,2.79,2.33,1.71,-0.93,-0.62,-0.16,0.0,0.78,0.93,2.79,6.49,6.44,6.52,6.5,2.02,1.4,-0.62,0.93,0.16,-0.31,-0.78,-0.93,-1.24,-1.09
2019-07-19,000059,6.49,6.51,6.58,6.46,72996,47641437.0,1.86,0.93,0.06,0.46,2.17,1.55,-1.08,-0.77,-0.31,-0.15,0.62,0.77,2.63,1.86,6.5,6.44,6.51,6.51,0.46,-1.54,0.0,-0.77,-1.23,-1.69,-1.84,-2.15,-2.0,-3.99
2019-07-22,000059,6.54,6.36,6.54,6.32,84720,54090347.0,3.38,-2.3,-0.15,0.53,3.8,1.11,1.42,1.9,2.06,2.85,3.01,4.91,4.11,4.11,6.48,6.44,6.49,6.5,0.79,2.36,1.57,1.1,0.63,0.47,0.16,0.31,-1.73,-3.93
2019-07-23,000059,6.37,6.37,6.41,6.3,49327,31388434.0,1.73,0.16,0.01,0.31,1.43,1.75,2.22,2.38,3.17,3.33,5.24,4.44,4.44,3.81,6.45,6.44,6.47,6.5,2.2,1.41,0.94,0.47,0.31,0.0,0.16,-1.88,-4.08,-6.75
2019-07-24,000059,6.39,6.45,6.51,6.38,68968,44488857.0,2.04,1.26,0.08,0.43,0.47,0.94,1.1,1.88,2.04,3.92,3.13,3.13,2.51,0.47,6.43,6.45,6.47,6.49,0.16,-0.31,-0.78,-0.93,-1.24,-1.09,-3.1,-5.27,-7.91,-8.06
2019-07-25,000059,6.43,6.43,6.46,6.4,47140,30270582.0,0.93,-0.31,-0.02,0.29,0.63,0.78,1.56,1.72,3.59,2.81,2.81,2.19,0.16,1.72,6.42,6.46,6.46,6.49,0.0,-0.47,-0.62,-0.93,-0.78,-2.8,-4.98,-7.62,-7.78,-7.31
2019-07-26,000059,6.42,6.4,6.43,6.37,51012,32638590.0,0.93,-0.47,-0.03,0.32,1.26,2.04,2.2,4.08,3.3,3.3,2.67,0.63,2.2,1.41,6.4,6.45,6.46,6.49,0.0,-0.16,-0.47,-0.31,-2.34,-4.53,-7.19,-7.34,-6.88,-7.19
2019-07-29,000059,6.4,6.32,6.4,6.29,85686,54267522.0,1.72,-1.25,-0.08,0.54,3.34,3.5,5.41,4.61,4.61,3.97,1.91,3.5,2.7,2.23,6.39,6.44,6.45,6.49,1.11,0.79,0.95,-1.11,-3.32,-6.01,-6.17,-5.7,-6.01,-6.49
2019-07-30,000059,6.32,6.35,6.39,6.31,54957,34963348.0,1.27,0.47,0.03,0.34,3.17,5.07,4.28,4.28,3.65,1.58,3.17,2.38,1.9,1.43,6.39,6.42,6.44,6.49,0.31,0.47,-1.57,-3.78,-6.46,-6.61,-6.14,-6.46,-6.93,-6.93
2019-07-31,000059,6.35,6.32,6.37,6.31,39378,24949798.0,0.94,-0.47,-0.03,0.25,5.07,4.28,4.28,3.65,1.58,3.17,2.38,1.9,1.43,1.27,6.36,6.4,6.42,6.48,0.95,-1.11,-3.32,-6.01,-6.17,-5.7,-6.01,-6.49,-6.49,-5.7
2019-08-01,000059,6.3,6.37,6.38,6.26,92632,58380965.0,1.9,0.79,0.05,0.58,5.11,5.11,4.47,2.4,3.99,3.19,2.72,2.24,2.08,1.76,6.35,6.39,6.42,6.48,-1.88,-4.08,-6.75,-6.91,-6.44,-6.75,-7.22,-7.22,-6.44,-8.48
2019-08-02,000059,6.25,6.12,6.25,6.08,137176,84333457.0,2.67,-3.92,-0.25,0.86,8.22,7.57,5.43,7.07,6.25,5.76,5.26,5.1,4.77,4.93,6.3,6.35,6.39,6.45,-0.16,-2.94,-3.1,-2.61,-2.94,-3.43,-3.43,-2.61,-4.74,-4.41
2019-08-05,000059,6.1,6.01,6.11,6.0,82996,50148409.0,1.8,-1.8,-0.11,0.52,9.0,6.83,8.5,7.67,7.17,6.67,6.5,6.17,6.33,4.17,6.23,6.31,6.38,6.43,-1.16,-1.33,-0.83,-1.16,-1.66,-1.66,-0.83,-3.0,-2.66,-0.33
2019-08-06,000059,5.93,5.9,5.94,5.75,94320,55275866.0,3.16,-1.83,-0.11,0.59,11.48,13.22,12.35,11.83,11.3,11.13,10.78,10.96,8.7,6.26,6.14,6.27,6.35,6.4,0.51,1.02,0.68,0.17,0.17,1.02,-1.19,-0.85,1.53,3.22
2019-08-07,000059,5.93,5.88,5.93,5.84,75167,44208045.0,1.53,-0.34,-0.02,0.47,11.47,10.62,10.1,9.59,9.42,9.08,9.25,7.02,4.62,1.71,6.06,6.21,6.33,6.38,1.36,1.02,0.51,0.51,1.36,-0.85,-0.51,1.87,3.57,0.34
2019-08-08,000059,5.88,5.89,5.96,5.86,61903,36590364.0,1.7,0.17,0.01,0.39,10.24,9.73,9.22,9.04,8.7,8.87,6.66,4.27,1.37,1.19,5.96,6.16,6.31,6.36,0.85,0.34,0.34,1.19,-1.02,-0.68,1.7,3.4,0.17,0.0
2019-08-09,000059,5.92,5.78,5.94,5.78,54789,32086964.0,2.72,-1.87,-0.11,0.34,11.25,10.73,10.55,10.21,10.38,8.13,5.71,2.77,2.6,3.11,5.89,6.09,6.27,6.34,2.25,2.25,3.11,0.87,1.21,3.63,5.36,2.08,1.9,1.21
2019-08-12,000059,5.8,5.88,5.91,5.78,66407,38924981.0,2.25,1.73,0.1,0.42,10.73,10.55,10.21,10.38,8.13,5.71,2.77,2.6,3.11,2.77,5.87,6.05,6.24,6.32,0.51,1.36,-0.85,-0.51,1.87,3.57,0.34,0.17,-0.51,-3.23
2019-08-13,000059,5.86,5.87,5.91,5.83,41794,24537259.0,1.36,-0.17,-0.01,0.26,9.61,9.26,9.43,7.2,4.8,1.89,1.72,2.23,1.89,1.37,5.86,6.0,6.21,6.29,1.53,-0.68,-0.34,2.04,3.75,0.51,0.34,-0.34,-3.07,-0.85
2019-08-14,000059,5.93,5.87,5.96,5.85,64592,38138327.0,1.87,0.0,0.0,0.4,8.89,9.06,6.84,4.44,1.54,1.37,1.88,1.54,1.03,1.03,5.86,5.96,6.18,6.27,-0.68,-0.34,2.04,3.75,0.51,0.34,-0.34,-3.07,-0.85,-1.02
2019-08-15,000059,5.75,5.81,5.83,5.7,76263,43976219.0,2.21,-1.02,-0.06,0.48,11.93,9.65,7.19,4.21,4.04,4.56,4.21,3.68,3.68,4.56,5.84,5.9,6.14,6.24,0.69,3.1,4.82,1.55,1.38,0.69,-2.07,0.17,0.0,-0.52
2019-08-16,000059,5.78,5.82,5.85,5.78,91840,53516039.0,1.2,0.17,0.01,0.57,8.13,5.71,2.77,2.6,3.11,2.77,2.25,2.25,3.11,0.87,5.85,5.87,6.11,6.22,2.92,4.64,1.37,1.2,0.52,-2.23,0.0,-0.17,-0.69,-0.52
2019-08-19,000059,5.85,5.99,5.99,5.84,128753,76181498.0,2.58,2.92,0.17,0.8,4.62,1.71,1.54,2.05,1.71,1.2,1.2,2.05,-0.17,0.17,5.87,5.87,6.09,6.21,1.67,-1.5,-1.67,-2.34,-5.01,-2.84,-3.01,-3.51,-3.34,-2.17
2019-08-20,000059,6.0,6.05,6.09,5.98,96338,58290934.0,1.84,1.0,0.06,0.6,-0.67,-0.84,-0.33,-0.67,-1.17,-1.17,-0.33,-2.51,-2.17,0.17,5.91,5.88,6.08,6.2,-2.48,-2.64,-3.31,-5.95,-3.8,-3.97,-4.46,-4.3,-3.14,-3.14
2019-08-21,000059,5.9,5.87,5.9,5.83,197019,115495810.0,1.16,-2.98,-0.18,1.23,1.72,2.23,1.89,1.37,1.37,2.23,0.0,0.34,2.74,4.46,5.91,5.88,6.05,6.18,0.34,-0.34,-3.07,-0.85,-1.02,-1.53,-1.36,-0.17,-0.17,-0.34
2019-08-22,000059,5.88,5.85,5.89,5.81,118313,69073231.0,1.36,-0.34,-0.02,0.74,2.58,2.24,1.72,1.72,2.58,0.34,0.69,3.1,4.82,1.55,5.92,5.88,6.02,6.16,0.0,-2.74,-0.51,-0.68,-1.2,-1.03,0.17,0.17,0.0,1.88
2019-08-23,000059,5.85,5.77,5.85,5.75,147869,85556265.0,1.71,-1.37,-0.08,0.92,3.3,2.78,2.78,3.65,1.39,1.74,4.17,5.91,2.61,2.43,5.91,5.88,5.99,6.14,-1.39,0.87,0.69,0.17,0.35,1.56,1.56,1.39,3.29,2.95
2019-08-26,000059,5.67,5.66,5.69,5.63,135392,76580964.0,1.04,-1.91,-0.11,0.85,4.97,4.97,5.86,3.55,3.91,6.39,8.17,4.8,4.62,3.91,5.84,5.86,5.95,6.11,2.83,2.65,2.12,2.3,3.53,3.53,3.36,5.3,4.95,6.36
2019-08-27,000059,5.68,5.8,5.82,5.68,153160,88272508.0,2.47,2.47,0.14,0.96,4.05,4.93,2.64,2.99,5.46,7.22,3.87,3.7,2.99,0.18,5.79,5.85,5.93,6.09,0.17,-0.34,-0.17,1.03,1.03,0.86,2.76,2.41,3.79,3.79
2019-08-28,000059,5.8,5.75,5.81,5.72,95344,54815343.0,1.55,-0.86,-0.05,0.6,4.2,1.92,2.27,4.72,6.47,3.15,2.97,2.27,-0.52,1.75,5.77,5.84,5.9,6.06,0.52,0.7,1.91,1.91,1.74,3.65,3.3,4.7,4.7,5.04
2019-08-29,000059,5.76,5.74,5.78,5.72,69046,39647234.0,1.04,-0.17,-0.01,0.43,1.92,2.27,4.72,6.47,3.15,2.97,2.27,-0.52,1.75,1.57,5.74,5.83,5.87,6.04,0.87,2.09,2.09,1.92,3.83,3.48,4.88,4.88,5.23,4.7
2019-08-30,000059,5.76,5.71,5.79,5.67,108628,62237428.0,2.09,-0.52,-0.03,0.68,3.17,5.64,7.41,4.06,3.88,3.17,0.35,2.65,2.47,1.94,5.73,5.82,5.85,6.01,2.63,2.63,2.45,4.38,4.03,5.43,5.43,5.78,5.25,9.28
2019-09-02,000059,5.72,5.83,5.86,5.69,179921,103943058.0,2.98,2.1,0.12,1.12,5.27,7.03,3.69,3.51,2.81,0.0,2.28,2.11,1.58,1.76,5.77,5.8,5.84,6.0,0.51,0.34,2.23,1.89,3.26,3.26,3.6,3.09,7.03,4.46
2019-09-03,000059,5.84,5.83,5.86,5.8,114472,66661265.0,1.03,0.0,0.0,0.72,5.0,1.72,1.55,0.86,-1.9,0.34,0.17,-0.34,-0.17,1.03,5.77,5.78,5.83,5.98,0.34,2.23,1.89,3.26,3.26,3.6,3.09,7.03,4.46,2.06
2019-09-04,000059,5.8,5.85,5.85,5.79,121356,70619306.0,1.03,0.34,0.02,0.76,1.9,1.73,1.04,-1.73,0.52,0.35,-0.17,0.0,1.21,1.21,5.79,5.78,5.83,5.96,1.88,1.54,2.91,2.91,3.25,2.74,6.67,4.1,1.71,1.71
2019-09-05,000059,5.87,5.9,5.96,5.87,208940,123719890.0,1.54,0.85,0.05,1.31,0.34,-0.34,-3.07,-0.85,-1.02,-1.53,-1.36,-0.17,-0.17,-0.34,5.82,5.78,5.83,5.94,0.68,2.03,2.03,2.37,1.86,5.76,3.22,0.85,0.85,0.68
2019-09-06,000059,5.92,5.9,5.94,5.87,99062,58460659.0,1.19,0.0,0.0,0.62,-0.34,-3.07,-0.85,-1.02,-1.53,-1.36,-0.17,-0.17,-0.34,1.53,5.86,5.8,5.84,5.92,2.03,2.03,2.37,1.86,5.76,3.22,0.85,0.85,0.68,0.51
2019-09-09,000059,5.93,6.02,6.02,5.92,163973,97624769.0,1.69,2.03,0.12,1.03,-3.89,-1.69,-1.86,-2.36,-2.2,-1.01,-1.01,-1.18,0.68,0.34,5.9,5.83,5.84,5.91,0.0,0.33,-0.17,3.65,1.16,-1.16,-1.16,-1.33,-1.5,-1.99
2019-09-10,000059,5.99,6.01,6.02,5.96,131900,79042355.0,1.0,-0.17,-0.01,0.82,-2.35,-2.52,-3.02,-2.85,-1.68,-1.68,-1.85,0.0,-0.34,1.01,5.94,5.85,5.85,5.9,0.5,0.0,3.83,1.33,-1.0,-1.0,-1.16,-1.33,-1.83,-2.83
2019-09-11,000059,6.03,5.97,6.04,5.96,108640,65147572.0,1.33,-0.67,-0.04,0.68,-2.52,-3.02,-2.85,-1.68,-1.68,-1.85,0.0,-0.34,1.01,1.01,5.96,5.88,5.86,5.89,0.67,4.52,2.01,-0.34,-0.34,-0.5,-0.67,-1.17,-2.18,-2.68
2019-09-12,000059,5.98,5.99,6.01,5.93,100827,60201457.0,1.34,0.34,0.02,0.63,-2.53,-2.36,-1.18,-1.18,-1.35,0.51,0.17,1.52,1.52,1.85,5.98,5.9,5.87,5.88,4.17,1.67,-0.67,-0.67,-0.83,-1.0,-1.5,-2.5,-3.01,-3.67
2019-09-16,000059,6.16,6.08,6.24,6.04,357210,219681739.0,3.34,1.5,0.09,2.23,-4.14,-2.98,-2.98,-3.15,-1.32,-1.66,-0.33,-0.33,0.0,-0.5,6.01,5.94,5.88,5.88,0.16,-2.14,-2.14,-2.3,-2.47,-2.96,-3.95,-4.44,-5.1,-4.93
2019-09-17,000059,6.08,5.95,6.09,5.9,144830,86762186.0,3.13,-2.14,-0.13,0.91,-0.68,-0.68,-0.85,1.02,0.68,2.03,2.03,2.37,1.86,5.76,6.0,5.95,5.88,5.87,0.0,0.0,-0.17,-0.34,-0.84,-1.85,-2.35,-3.03,-2.86,-2.35
2019-09-18,000059,5.91,5.92,5.95,5.89,93296,55197795.0,1.01,-0.5,-0.03,0.58,-0.51,-0.68,1.19,0.85,2.21,2.21,2.55,2.04,5.94,3.4,5.98,5.96,5.87,5.87,0.51,0.34,0.17,-0.34,-1.35,-1.86,-2.53,-2.36,-1.86,-2.36
2019-09-19,000059,5.95,5.93,5.95,5.89,67445,39892348.0,1.01,0.17,0.01,0.42,-0.68,1.19,0.85,2.21,2.21,2.55,2.04,5.94,3.4,1.02,5.97,5.97,5.87,5.88,0.17,0.0,-0.51,-1.52,-2.02,-2.7,-2.53,-2.02,-2.53,-1.85
2019-09-20,000059,5.91,5.93,5.94,5.9,84765,50163344.0,0.67,0.0,0.0,0.53,1.02,0.68,2.03,2.03,2.37,1.86,5.76,3.22,0.85,0.85,5.96,5.97,5.88,5.88,0.0,-0.51,-1.52,-2.02,-2.7,-2.53,-2.02,-2.53,-1.85,-0.84
2019-09-23,000059,5.93,5.86,5.93,5.83,80703,47441872.0,1.69,-1.18,-0.07,0.5,1.89,3.26,3.26,3.6,3.09,7.03,4.46,2.06,2.06,1.89,5.92,5.97,5.88,5.88,0.68,-0.34,-0.85,-1.54,-1.37,-0.85,-1.37,-0.68,0.34,1.54
2019-09-24,000059,5.84,5.84,5.9,5.83,68114,39944215.0,1.19,-0.34,-0.02,0.43,3.26,3.26,3.6,3.09,7.03,4.46,2.06,2.06,1.89,1.72,5.9,5.95,5.89,5.88,0.0,-0.51,-1.2,-1.03,-0.51,-1.03,-0.34,0.68,1.88,1.2
2019-09-25,000059,5.83,5.78,5.84,5.75,71056,41190136.0,1.54,-1.03,-0.06,0.44,4.7,5.04,4.52,8.52,5.91,3.48,3.48,3.3,3.13,2.61,5.87,5.93,5.89,5.88,0.52,-0.17,0.0,0.52,0.0,0.69,1.73,2.94,2.25,2.08
2019-09-26,000059,5.79,5.74,5.81,5.73,48043,27679061.0,1.38,-0.69,-0.04,0.3,5.41,4.89,8.9,6.28,3.84,3.84,3.66,3.49,2.97,1.92,5.83,5.9,5.89,5.87,0.52,0.7,1.22,0.7,1.39,2.44,3.66,2.96,2.79,2.09
2019-09-27,000059,5.74,5.74,5.77,5.74,39030,22458791.0,0.52,0.0,0.0,0.24,4.7,8.71,6.1,3.66,3.66,3.48,3.31,2.79,1.74,1.22,5.79,5.88,5.89,5.87,0.7,1.22,0.7,1.39,2.44,3.66,2.96,2.79,2.09,1.74
2019-09-30,000059,5.75,5.74,5.78,5.74,40498,23313472.0,0.7,0.0,0.0,0.25,8.71,6.1,3.66,3.66,3.48,3.31,2.79,1.74,1.22,0.52,5.77,5.84,5.89,5.87,1.22,0.7,1.39,2.44,3.66,2.96,2.79,2.09,1.74,0.52
2019-10-08,000059,5.72,5.77,5.81,5.72,36417,21031300.0,1.57,0.52,0.03,0.23,6.47,4.02,4.02,3.85,3.67,3.15,2.1,1.57,0.87,1.05,5.75,5.83,5.89,5.86,0.17,0.87,1.91,3.12,2.43,2.25,1.56,1.21,0.0,2.08
2019-10-09,000059,5.76,5.78,5.78,5.72,35969,20691892.0,1.04,0.17,0.01,0.22,4.02,4.02,3.85,3.67,3.15,2.1,1.57,0.87,1.05,1.57,5.75,5.81,5.89,5.85,0.69,1.73,2.94,2.25,2.08,1.38,1.04,-0.17,1.9,2.08
2019-10-10,000059,5.78,5.81,5.82,5.76,43903,25457095.0,1.04,0.52,0.03,0.27,3.3,3.12,2.95,2.43,1.39,0.87,0.17,0.35,0.87,0.35,5.77,5.8,5.88,5.85,1.2,2.41,1.72,1.55,0.86,0.52,-0.69,1.38,1.55,0.86
2019-10-11,000059,5.83,5.87,5.88,5.79,55897,32640748.0,1.55,1.03,0.06,0.35,2.59,2.42,1.9,0.86,0.35,-0.35,-0.17,0.35,-0.17,0.52,5.79,5.79,5.88,5.85,1.36,0.68,0.51,-0.17,-0.51,-1.7,0.34,0.51,-0.17,0.51
2019-10-14,000059,5.9,5.93,5.95,5.88,90756,53743175.0,1.19,1.02,0.06,0.57,0.85,0.34,-0.68,-1.19,-1.87,-1.7,-1.19,-1.7,-1.02,0.0,5.83,5.8,5.88,5.85,-0.34,-0.51,-1.18,-1.52,-2.7,-0.67,-0.51,-1.18,-0.51,0.0
2019-10-15,000059,5.9,5.87,5.91,5.85,56651,33282953.0,1.01,-1.01,-0.06,0.35,0.85,-0.17,-0.68,-1.37,-1.2,-0.68,-1.2,-0.51,0.51,1.71,5.85,5.8,5.88,5.86,0.51,-0.17,-0.51,-1.7,0.34,0.51,-0.17,0.51,1.02,1.02
2019-10-16,000059,5.87,5.83,5.9,5.82,54410,31874625.0,1.36,-0.68,-0.04,0.34,0.34,-0.17,-0.86,-0.69,-0.17,-0.69,0.0,1.03,2.23,1.55,5.86,5.81,5.87,5.86,0.51,0.17,-1.03,1.03,1.2,0.51,1.2,1.72,1.72,0.51
2019-10-17,000059,5.84,5.82,5.86,5.81,33660,19646440.0,0.86,-0.17,-0.01,0.21,0.0,-0.69,-0.52,0.0,-0.52,0.17,1.2,2.41,1.72,1.55,5.86,5.82,5.86,5.86,0.34,-0.86,1.2,1.37,0.69,1.37,1.89,1.89,0.69,0.0
2019-10-18,000059,5.82,5.75,5.84,5.72,58813,33982405.0,2.06,-1.2,-0.07,0.37,0.87,1.05,1.57,1.05,1.75,2.8,4.02,3.32,3.15,2.45,5.84,5.82,5.85,5.87,0.35,2.43,2.61,1.91,2.61,3.13,3.13,1.91,1.22,1.22
2019-10-21,000059,5.75,5.75,5.77,5.7,38980,22317674.0,1.22,0.0,0.0,0.24,1.4,1.93,1.4,2.11,3.16,4.39,3.68,3.51,2.81,2.46,5.8,5.82,5.83,5.87,2.43,2.61,1.91,2.61,3.13,3.13,1.91,1.22,1.22,2.26
2019-10-22,000059,5.82,5.88,5.89,5.81,92022,53886928.0,1.39,2.26,0.13,0.58,0.0,-0.52,0.17,1.2,2.41,1.72,1.55,0.86,0.52,-0.69,5.81,5.83,5.83,5.87,0.34,-0.34,0.34,0.85,0.85,-0.34,-1.02,-1.02,0.0,0.68
2019-10-23,000059,5.87,5.83,5.9,5.81,60866,35638308.0,1.53,-0.85,-0.05,0.38,-0.52,0.17,1.2,2.41,1.72,1.55,0.86,0.52,-0.69,1.38,5.81,5.83,5.82,5.87,0.51,1.2,1.72,1.72,0.51,-0.17,-0.17,0.86,1.54,1.72
2019-10-24,000059,5.84,5.84,5.86,5.8,53141,30981649.0,1.03,0.17,0.01,0.33,0.34,1.38,2.59,1.9,1.72,1.03,0.69,-0.52,1.55,1.72,5.81,5.84,5.82,5.87,1.03,1.54,1.54,0.34,-0.34,-0.34,0.68,1.37,1.54,2.05
2019-10-25,000059,5.86,5.89,5.9,5.82,62428,36606771.0,1.37,0.86,0.05,0.39,1.03,2.23,1.55,1.37,0.69,0.34,-0.86,1.2,1.37,0.69,5.84,5.84,5.82,5.87,0.68,0.68,-0.51,-1.19,-1.19,-0.17,0.51,0.68,1.19,1.36
2019-10-28,000059,5.89,5.92,5.93,5.87,94727,55891772.0,1.02,0.51,0.03,0.59,1.36,0.68,0.51,-0.17,-0.51,-1.7,0.34,0.51,-0.17,0.51,5.87,5.84,5.82,5.87,0.17,-1.01,-1.69,-1.69,-0.68,0.0,0.17,0.68,0.84,-0.34
2019-10-29,000059,5.91,5.84,5.93,5.83,60403,35527987.0,1.69,-1.35,-0.08,0.38,1.37,1.2,0.51,0.17,-1.03,1.03,1.2,0.51,1.2,1.72,5.86,5.84,5.82,5.86,0.34,-0.34,-0.34,0.68,1.37,1.54,2.05,2.23,1.03,-1.54
2019-10-30,000059,5.84,5.79,5.86,5.78,47478,27562157.0,1.37,-0.86,-0.05,0.3,2.08,1.38,1.04,-0.17,1.9,2.08,1.38,2.08,2.6,2.6,5.86,5.83,5.82,5.85,0.52,0.52,1.55,2.25,2.42,2.94,3.11,1.9,-0.69,-0.86
2019-10-31,000059,5.79,5.73,5.82,5.73,58662,33808490.0,1.55,-1.04,-0.06,0.37,2.27,1.92,0.7,2.79,2.97,2.27,2.97,3.49,3.49,2.27,5.83,5.82,5.82,5.85,1.57,2.62,3.32,3.49,4.01,4.19,2.97,0.35,0.17,0.7
2019-11-01,000059,5.74,5.81,5.82,5.71,55253,31887398.0,1.92,1.4,0.08,0.35,2.28,1.05,3.15,3.33,2.63,3.33,3.85,3.85,2.63,1.93,5.82,5.83,5.82,5.84,1.2,1.89,2.07,2.58,2.75,1.55,-1.03,-1.2,-0.69,-0.86
2019-11-04,000059,5.83,5.86,5.88,5.82,67666,39620380.0,1.03,0.86,0.05,0.42,-0.86,1.2,1.37,0.69,1.37,1.89,1.89,0.69,0.0,0.0,5.81,5.84,5.83,5.83,1.02,1.19,1.71,1.88,0.68,-1.88,-2.05,-1.54,-1.71,-1.71
2019-11-05,000059,5.86,5.88,5.92,5.86,80738,47572318.0,1.02,0.34,0.02,0.5,0.51,0.68,0.0,0.68,1.19,1.19,0.0,-0.68,-0.68,0.34,5.81,5.84,5.83,5.83,0.85,1.36,1.53,0.34,-2.21,-2.38,-1.87,-2.04,-2.04,-1.53
2019-11-06,000059,5.88,5.89,5.93,5.87,94223,55691472.0,1.02,0.17,0.01,0.59,0.51,-0.17,0.51,1.02,1.02,-0.17,-0.85,-0.85,0.17,0.85,5.83,5.85,5.84,5.83,1.19,1.36,0.17,-2.38,-2.55,-2.04,-2.21,-2.21,-1.7,-2.04
2019-11-07,000059,5.89,5.92,5.96,5.86,75692,44770010.0,1.7,0.51,0.03,0.47,0.0,0.68,1.19,1.19,0.0,-0.68,-0.68,0.34,1.02,1.19,5.87,5.85,5.85,5.83,0.84,-0.34,-2.87,-3.04,-2.53,-2.7,-2.7,-2.2,-2.53,-3.04
2019-11-08,000059,5.96,5.9,5.97,5.88,65729,38895804.0,1.52,-0.34,-0.02,0.41,0.34,0.85,0.85,-0.34,-1.02,-1.02,0.0,0.68,0.85,1.36,5.89,5.85,5.85,5.83,0.0,-2.54,-2.71,-2.2,-2.37,-2.37,-1.86,-2.2,-2.71,-1.86
2019-11-11,000059,5.86,5.73,5.9,5.71,101792,58688282.0,3.22,-2.88,-0.17,0.64,3.85,3.85,2.63,1.93,1.93,2.98,3.68,3.85,4.38,4.55,5.86,5.84,5.84,5.82,0.35,0.17,0.7,0.52,0.52,1.05,0.7,0.17,1.05,2.97
2019-11-12,000059,5.74,5.73,5.75,5.7,58220,33313685.0,0.87,0.0,0.0,0.36,4.04,2.81,2.11,2.11,3.16,3.86,4.04,4.56,4.74,3.51,5.83,5.82,5.83,5.82,0.17,0.7,0.52,0.52,1.05,0.7,0.17,1.05,2.97,2.97
2019-11-13,000059,5.74,5.7,5.74,5.68,38538,21977688.0,1.05,-0.52,-0.03,0.24,3.17,2.46,2.46,3.52,4.23,4.4,4.93,5.11,3.87,1.23,5.8,5.82,5.82,5.82,1.23,1.05,1.05,1.58,1.23,0.7,1.58,3.51,3.51,3.16
2019-11-14,000059,5.7,5.76,5.77,5.7,44509,25555398.0,1.23,1.05,0.06,0.28,2.11,2.11,3.16,3.86,4.04,4.56,4.74,3.51,0.88,0.7,5.76,5.82,5.82,5.82,0.0,0.0,0.52,0.17,-0.35,0.52,2.43,2.43,2.08,1.91
2019-11-15,000059,5.76,5.7,5.76,5.7,38393,21966874.0,1.04,-1.04,-0.06,0.24,2.11,3.16,3.86,4.04,4.56,4.74,3.51,0.88,0.7,1.23,5.72,5.81,5.82,5.82,1.05,1.58,1.23,0.7,1.58,3.51,3.51,3.16,2.98,1.4
2019-11-18,000059,5.68,5.74,5.76,5.67,36123,20677142.0,1.58,0.7,0.04,0.23,3.7,4.41,4.59,5.11,5.29,4.06,1.41,1.23,1.76,1.59,5.73,5.8,5.82,5.82,0.87,0.52,0.0,0.87,2.79,2.79,2.44,2.26,0.7,0.87
2019-11-19,000059,5.74,5.78,5.79,5.72,49836,28701535.0,1.22,0.7,0.04,0.31,3.5,3.67,4.2,4.37,3.15,0.52,0.35,0.87,0.7,0.7,5.74,5.79,5.81,5.82,-0.17,-0.69,0.17,2.08,2.08,1.73,1.56,0.0,0.17,0.87
2019-11-20,000059,5.76,5.71,5.77,5.7,45207,25931599.0,1.21,-1.21,-0.07,0.28,4.04,4.56,4.74,3.51,0.88,0.7,1.23,1.05,1.05,1.58,5.74,5.77,5.81,5.82,0.53,1.4,3.33,3.33,2.98,2.8,1.23,1.4,2.1,3.15
2019-11-21,000059,5.7,5.74,5.74,5.68,33975,19413336.0,1.05,0.53,0.03,0.21,4.93,5.11,3.87,1.23,1.06,1.58,1.41,1.41,1.94,1.58,5.73,5.75,5.8,5.81,0.87,2.79,2.79,2.44,2.26,0.7,0.87,1.57,2.61,3.31
2019-11-22,000059,5.74,5.73,5.79,5.7,62219,35706899.0,1.57,-0.17,-0.01,0.39,4.74,3.51,0.88,0.7,1.23,1.05,1.05,1.58,1.23,0.7,5.74,5.73,5.79,5.81,2.97,2.97,2.62,2.44,0.87,1.05,1.75,2.79,3.49,3.14
2019-11-25,000059,5.74,5.88,5.9,5.71,142753,83179178.0,3.32,2.62,0.15,0.89,3.33,0.7,0.53,1.05,0.88,0.88,1.4,1.05,0.53,1.4,5.77,5.75,5.79,5.81,0.34,0.0,-0.17,-1.7,-1.53,-0.85,0.17,0.85,0.51,0.85
2019-11-26,000059,5.88,5.83,5.9,5.82,76392,44710885.0,1.36,-0.85,-0.05,0.48,-1.2,-1.37,-0.86,-1.03,-1.03,-0.52,-0.86,-1.37,-0.52,1.37,5.78,5.76,5.79,5.81,0.86,0.69,-0.86,-0.69,0.0,1.03,1.72,1.37,1.72,1.2
2019-11-27,000059,5.83,5.83,5.88,5.81,63602,37149650.0,1.2,0.0,0.0,0.4,-1.2,-0.69,-0.86,-0.86,-0.34,-0.69,-1.2,-0.34,1.55,1.55,5.8,5.77,5.79,5.81,0.69,-0.86,-0.69,0.0,1.03,1.72,1.37,1.72,1.2,1.2
2019-11-28,000059,5.85,5.78,5.87,5.76,60564,35196558.0,1.89,-0.86,-0.05,0.38,0.17,0.0,0.0,0.52,0.17,-0.35,0.52,2.43,2.43,2.08,5.81,5.77,5.8,5.8,0.0,0.17,0.87,1.9,2.6,2.25,2.6,2.08,2.08,2.08
2019-11-29,000059,5.76,5.77,5.78,5.71,64400,36991372.0,1.21,-0.17,-0.01,0.4,0.88,0.88,1.4,1.05,0.53,1.4,3.33,3.33,2.98,2.8,5.82,5.78,5.79,5.8,0.35,1.04,2.08,2.77,2.43,2.77,2.25,2.25,2.25,2.6
2019-12-02,000059,5.77,5.76,5.79,5.74,46400,26766897.0,0.87,-0.17,-0.01,0.29,0.35,0.87,0.52,0.0,0.87,2.79,2.79,2.44,2.26,0.7,5.79,5.78,5.79,5.81,1.22,2.26,2.95,2.6,2.95,2.43,2.43,2.43,2.78,4.34
2019-12-03,000059,5.74,5.83,5.83,5.73,55398,32050797.0,1.74,1.22,0.07,0.35,1.05,0.7,0.17,1.05,2.97,2.97,2.62,2.44,0.87,1.05,5.79,5.79,5.79,5.8,1.03,1.72,1.37,1.72,1.2,1.2,1.2,1.54,3.09,4.12
2019-12-04,000059,5.8,5.85,5.89,5.79,71638,41842112.0,1.72,0.34,0.02,0.45,-0.35,-0.86,0.0,1.9,1.9,1.55,1.38,-0.17,0.0,0.69,5.8,5.8,5.78,5.8,1.37,1.03,1.37,0.85,0.85,0.85,1.2,2.74,3.76,4.1
2019-12-05,000059,5.9,5.88,5.93,5.84,86497,50757310.0,1.54,0.51,0.03,0.54,-1.71,-0.86,1.03,1.03,0.68,0.51,-1.03,-0.86,-0.17,0.86,5.82,5.81,5.78,5.81,0.51,0.85,0.34,0.34,0.34,0.68,2.21,3.23,3.57,2.72
2019-12-06,000059,5.86,5.89,5.91,5.84,63773,37462415.0,1.19,0.17,0.01,0.4,-0.86,1.03,1.03,0.68,0.51,-1.03,-0.86,-0.17,0.86,1.54,5.84,5.83,5.78,5.81,0.68,0.17,0.17,0.17,0.51,2.04,3.06,3.4,2.55,2.72
2019-12-09,000059,5.88,5.88,5.93,5.87,53858,31717252.0,1.02,-0.17,-0.01,0.34,0.51,0.51,0.17,0.0,-1.53,-1.36,-0.68,0.34,1.02,0.68,5.87,5.83,5.79,5.8,0.34,0.34,0.34,0.68,2.21,3.23,3.57,2.72,2.89,2.21
2019-12-10,000059,5.89,5.88,5.9,5.85,59470,34939002.0,0.85,0.0,0.0,0.37,0.85,0.51,0.34,-1.2,-1.03,-0.34,0.68,1.37,1.03,1.37,5.88,5.84,5.8,5.81,0.34,0.34,0.68,2.21,3.23,3.57,2.72,2.89,2.21,1.02
2019-12-11,000059,5.88,5.86,5.9,5.85,49906,29284212.0,0.85,-0.34,-0.02,0.31,0.51,0.34,-1.2,-1.03,-0.34,0.68,1.37,1.03,1.37,0.85,5.88,5.84,5.8,5.81,0.68,1.02,2.56,3.58,3.92,3.07,3.24,2.56,1.37,2.39
2019-12-12,000059,5.88,5.86,5.9,5.84,56283,33058197.0,1.02,0.0,0.0,0.35,0.51,-1.03,-0.86,-0.17,0.86,1.54,1.2,1.54,1.03,1.03,5.87,5.85,5.81,5.81,1.02,2.56,3.58,3.92,3.07,3.24,2.56,1.37,2.39,2.39
2019-12-13,000059,5.91,5.91,5.92,5.86,93473,55106317.0,1.02,0.85,0.05,0.58,-1.37,-1.19,-0.51,0.51,1.19,0.85,1.19,0.68,0.68,0.68,5.88,5.86,5.82,5.82,1.69,2.71,3.05,2.2,2.37,1.69,0.51,1.52,1.52,2.37
2019-12-16,000059,5.92,6.0,6.01,5.91,142832,85292959.0,1.69,1.52,0.09,0.89,-2.03,-1.35,-0.34,0.34,0.0,0.34,-0.17,-0.17,-0.17,0.17,5.9,5.88,5.83,5.82,1.17,1.5,0.67,0.83,0.17,-1.0,0.0,0.0,0.83,1.67
2019-12-17,000059,6.0,6.04,6.07,5.95,133122,80089971.0,2.0,0.67,0.04,0.83,-2.02,-1.01,-0.34,-0.67,-0.34,-0.84,-0.84,-0.84,-0.5,1.01,5.93,5.91,5.85,5.83,0.83,0.0,0.17,-0.5,-1.66,-0.66,-0.66,0.17,0.99,0.99
2019-12-18,000059,6.05,5.99,6.09,5.98,109753,66168113.0,1.82,-0.83,-0.05,0.69,-1.51,-0.84,-1.17,-0.84,-1.34,-1.34,-1.34,-1.0,0.5,1.51,5.96,5.92,5.86,5.83,0.83,1.0,0.33,-0.83,0.17,0.17,1.0,1.84,1.84,2.84
2019-12-19,000059,6.02,6.02,6.04,5.97,74681,44807765.0,1.17,0.5,0.03,0.47,-0.67,-1.01,-0.67,-1.17,-1.17,-1.17,-0.84,0.67,1.68,2.01,5.99,5.93,5.87,5.83,0.5,-0.17,-1.33,-0.33,-0.33,0.5,1.33,1.33,2.33,3.49
2019-12-20,000059,6.03,5.98,6.05,5.97,84991,51058268.0,1.33,-0.66,-0.04,0.53,-1.01,-0.67,-1.17,-1.17,-1.17,-0.84,0.67,1.68,2.01,1.17,6.01,5.94,5.89,5.83,0.5,-0.67,0.33,0.33,1.17,2.01,2.01,3.01,4.18,7.86
2019-12-23,000059,6.0,5.89,6.01,5.87,99354,59050514.0,2.34,-1.51,-0.09,0.62,1.02,0.51,0.51,0.51,0.85,2.39,3.41,3.75,2.9,3.07,5.98,5.94,5.89,5.84,0.85,1.87,1.87,2.72,3.57,3.57,4.58,5.77,9.51,7.81
2019-12-24,000059,5.89,5.93,5.94,5.88,56189,33211783.0,1.02,0.68,0.04,0.35,0.34,0.34,0.34,0.68,2.21,3.23,3.57,2.72,2.89,2.21,5.96,5.95,5.89,5.85,1.18,1.18,2.02,2.87,2.87,3.88,5.06,8.77,7.08,9.27
2019-12-25,000059,5.92,6.0,6.0,5.88,105920,62876060.0,2.02,1.18,0.07,0.66,0.34,0.34,0.68,2.21,3.23,3.57,2.72,2.89,2.21,1.02,5.96,5.96,5.9,5.86,0.0,0.83,1.67,1.67,2.67,3.83,7.5,5.83,8.0,3.83
2019-12-26,000059,5.99,5.99,6.0,5.95,76834,45911812.0,0.83,-0.17,-0.01,0.48,-0.84,-0.5,1.01,2.02,2.35,1.51,1.68,1.01,-0.17,0.84,5.96,5.98,5.91,5.86,1.0,1.84,1.84,2.84,4.01,7.68,6.01,8.18,4.01,3.67
2019-12-27,000059,5.98,5.98,6.05,5.97,97524,58588155.0,1.34,-0.17,-0.01,0.61,-0.84,0.67,1.68,2.01,1.17,1.34,0.67,-0.5,0.5,0.5,5.96,5.98,5.92,5.87,2.01,2.01,3.01,4.18,7.86,6.19,8.36,4.18,3.85,3.34
2019-12-30,000059,5.96,6.09,6.1,5.95,139241,84152084.0,2.51,1.84,0.11,0.87,1.01,2.02,2.35,1.51,1.68,1.01,-0.17,0.84,0.84,1.68,6.0,5.99,5.94,5.89,0.16,1.15,2.3,5.91,4.27,6.4,2.3,1.97,1.48,1.64
2019-12-31,000059,6.07,6.09,6.1,6.04,86637,52635083.0,0.99,0.0,0.0,0.54,0.5,0.83,0.0,0.17,-0.5,-1.66,-0.66,-0.66,0.17,0.99,6.03,6.0,5.95,5.9,1.15,2.3,5.91,4.27,6.4,2.3,1.97,1.48,1.64,1.31
2020-01-02,000059,6.11,6.11,6.16,6.1,138109,84616514.0,0.99,0.33,0.02,0.86,-0.16,-0.98,-0.82,-1.48,-2.62,-1.64,-1.64,-0.82,0.0,0.0,6.05,6.01,5.96,5.91,1.96,5.56,3.93,6.06,1.96,1.64,1.15,1.31,0.98,0.82
2020-01-03,000059,6.11,6.18,6.23,6.1,198514,122467336.0,2.13,1.15,0.07,1.24,-0.98,-0.82,-1.48,-2.62,-1.64,-1.64,-0.82,0.0,0.0,0.98,6.09,6.02,5.98,5.92,4.37,2.75,4.85,0.81,0.49,0.0,0.16,-0.16,-0.32,-0.49
2020-01-06,000059,6.25,6.4,6.45,6.24,367279,233315998.0,3.4,3.56,0.22,2.3,-3.04,-3.69,-4.81,-3.85,-3.85,-3.04,-2.24,-2.24,-1.28,-0.16,6.17,6.07,6.0,5.95,-0.78,1.25,-2.66,-2.97,-3.44,-3.28,-3.59,-3.75,-3.91,-4.53
2020-01-07,000059,6.32,6.34,6.35,6.28,179481,113324292.0,1.09,-0.94,-0.06,1.12,-4.3,-5.41,-4.46,-4.46,-3.66,-2.87,-2.87,-1.91,-0.8,2.71,6.22,6.11,6.03,5.96,2.21,-1.74,-2.05,-2.52,-2.37,-2.68,-2.84,-3.0,-3.63,-4.42
2020-01-08,000059,6.41,6.28,6.48,6.27,217779,138337723.0,3.31,-0.95,-0.06,1.36,-5.26,-4.31,-4.31,-3.51,-2.71,-2.71,-1.75,-0.64,2.87,1.28,6.26,6.15,6.05,5.98,-0.8,-1.11,-1.59,-1.43,-1.75,-1.91,-2.07,-2.71,-3.5,-4.46
2020-01-09,000059,6.22,6.2,6.23,6.14,188077,116419645.0,1.43,-1.27,-0.08,1.18,-2.28,-2.28,-1.47,-0.65,-0.65,0.33,1.47,5.05,3.42,5.54,6.28,6.17,6.06,5.99,0.16,-0.32,-0.16,-0.48,-0.65,-0.81,-1.45,-2.26,-3.23,-3.39
2020-01-10,000059,6.2,6.15,6.21,6.11,115280,70881956.0,1.61,-0.81,-0.05,0.72,-1.8,-0.98,-0.16,-0.16,0.82,1.96,5.56,3.93,6.06,1.96,6.27,6.18,6.08,6.0,0.49,0.65,0.33,0.16,0.0,-0.65,-1.46,-2.44,-2.6,-13.82
2020-01-13,000059,6.15,6.17,6.18,6.1,102928,63170718.0,1.3,0.33,0.02,0.64,-0.82,0.0,0.0,0.98,2.13,5.74,4.1,6.23,2.13,1.8,6.23,6.2,6.09,6.01,0.32,0.0,-0.16,-0.32,-0.97,-1.78,-2.76,-2.92,-14.1,-13.78
2020-01-14,000059,6.15,6.16,6.19,6.15,89288,55062725.0,0.65,-0.16,-0.01,0.56,-0.81,-0.81,0.16,1.3,4.88,3.25,5.37,1.3,0.98,0.49,6.19,6.21,6.1,6.03,0.16,0.0,-0.16,-0.81,-1.62,-2.6,-2.76,-13.96,-13.64,-12.99
2020-01-15,000059,6.17,6.13,6.17,6.11,77858,47724188.0,0.97,-0.49,-0.03,0.49,-0.16,0.82,1.96,5.56,3.93,6.06,1.96,1.64,1.15,1.31,6.16,6.21,6.1,6.04,0.49,0.33,-0.33,-1.14,-2.12,-2.28,-13.54,-13.21,-12.56,-11.91
2020-01-16,000059,6.13,6.12,6.16,6.11,58270,35725152.0,0.82,-0.16,-0.01,0.36,0.82,1.96,5.56,3.93,6.06,1.96,1.64,1.15,1.31,0.98,6.15,6.21,6.11,6.05,0.49,-0.16,-0.98,-1.96,-2.12,-13.4,-13.07,-12.42,-11.76,-12.09
2020-01-17,000059,6.12,6.1,6.15,6.09,52773,32291810.0,0.98,-0.33,-0.02,0.33,2.3,5.91,4.27,6.4,2.3,1.97,1.48,1.64,1.31,1.15,6.14,6.21,6.11,6.05,0.16,-0.66,-1.64,-1.8,-13.11,-12.79,-12.13,-11.48,-11.8,-9.67
2020-01-20,000059,6.09,6.06,6.11,6.03,95501,57784530.0,1.31,-0.66,-0.04,0.6,6.97,5.31,7.46,3.32,2.99,2.49,2.65,2.32,2.16,1.99,6.11,6.17,6.12,6.06,0.0,-0.99,-1.16,-12.54,-12.21,-11.55,-10.89,-11.22,-9.08,-9.24
2020-01-21,000059,6.06,5.94,6.06,5.93,121543,72516889.0,2.15,-1.98,-0.12,0.76,7.08,9.27,5.06,4.72,4.22,4.38,4.05,3.88,3.71,3.04,6.07,6.13,6.12,6.06,1.01,0.84,-10.77,-10.44,-9.76,-9.09,-9.43,-7.24,-7.41,-7.91
2020-01-22,000059,5.93,6.0,6.0,5.9,74728,44493847.0,1.68,1.01,0.06,0.47,9.83,5.59,5.25,4.75,4.92,4.58,4.41,4.24,3.56,2.71,6.04,6.1,6.12,6.07,-0.17,-11.67,-11.33,-10.67,-10.0,-10.33,-8.17,-8.33,-8.83,-7.33
2020-01-23,000059,5.95,5.83,5.99,5.81,121136,71356652.0,3.0,-2.83,-0.17,0.76,7.23,6.88,6.37,6.54,6.2,6.02,5.85,5.16,4.3,3.27,5.99,6.07,6.12,6.06,-9.09,-8.75,-8.06,-7.38,-7.72,-5.49,-5.66,-6.17,-4.63,-6.35
2020-02-03,000059,5.25,5.25,5.3,5.25,112759,59213174.0,0.86,-9.95,-0.58,0.7,18.29,17.71,17.9,17.52,17.33,17.14,16.38,15.43,14.29,14.1,5.82,5.98,6.08,6.04,1.33,2.1,2.86,2.48,4.95,4.76,4.19,5.9,4.0,6.1
2020-02-04,000059,5.05,5.27,5.32,5.05,151780,79319481.0,5.14,0.38,0.02,0.95,22.38,22.57,22.18,21.98,21.78,20.99,20.0,18.81,18.61,4.95,5.66,5.89,6.04,6.02,1.71,2.47,2.09,4.55,4.36,3.8,5.5,3.61,5.69,6.07
2020-02-05,000059,5.28,5.31,5.36,5.24,114650,60897347.0,2.28,0.76,0.04,0.72,18.13,17.75,17.56,17.37,16.6,15.65,14.5,14.31,1.15,1.53,5.53,5.8,6.0,6.0,1.69,1.32,3.77,3.58,3.01,4.71,2.82,4.9,5.27,8.47
2020-02-06,000059,5.34,5.4,5.4,5.29,152891,81799941.0,2.07,1.69,0.09,0.96,16.64,16.45,16.26,15.5,14.56,13.42,13.23,0.19,0.57,1.32,5.41,5.73,5.97,5.98,-0.37,2.04,1.85,1.3,2.96,1.11,3.15,3.52,6.67,7.59
2020-02-07,000059,5.37,5.35,5.38,5.28,134931,71845033.0,1.85,-0.93,-0.05,0.84,16.67,16.48,15.72,14.77,13.64,13.45,0.38,0.76,1.52,2.27,5.32,5.65,5.93,5.96,2.99,2.8,2.24,3.93,2.06,4.11,4.49,7.66,8.6,11.78
2020-02-10,000059,5.32,5.49,5.51,5.3,186824,100926864.0,3.93,2.62,0.14,1.17,16.04,15.28,14.34,13.21,13.02,0.0,0.38,1.13,1.89,1.51,5.36,5.59,5.9,5.94,0.18,-0.36,1.28,-0.55,1.46,1.82,4.92,5.83,8.93,15.48
2020-02-11,000059,5.47,5.42,5.5,5.42,114311,62344161.0,1.46,-1.28,-0.07,0.71,12.73,11.81,10.7,10.52,-2.21,-1.85,-1.11,-0.37,-0.74,1.66,5.39,5.53,5.85,5.92,0.92,2.58,0.74,2.77,3.14,6.27,7.2,10.33,16.97,11.44
2020-02-12,000059,5.42,5.46,5.47,5.41,92683,50444410.0,1.11,0.74,0.04,0.58,12.01,10.91,10.72,-2.03,-1.66,-0.92,-0.18,-0.55,1.85,1.66,5.42,5.48,5.8,5.91,1.83,0.0,2.01,2.38,5.49,6.41,9.52,16.12,10.62,10.99
2020-02-13,000059,5.45,5.4,5.56,5.39,109731,59853561.0,3.11,-1.1,-0.06,0.69,11.32,11.13,-1.67,-1.3,-0.56,0.19,-0.19,2.23,2.04,1.48,5.42,5.42,5.76,5.89,1.11,3.15,3.52,6.67,7.59,10.74,17.41,11.85,12.22,10.74
2020-02-14,000059,5.39,5.42,5.46,5.38,75366,40809213.0,1.48,0.37,0.02,0.47,11.34,-1.49,-1.12,-0.37,0.37,0.0,2.42,2.23,1.67,3.35,5.44,5.38,5.72,5.87,2.77,3.14,6.27,7.2,10.33,16.97,11.44,11.81,10.33,12.55
2020-02-17,000059,5.44,5.56,5.57,5.43,144501,79797096.0,2.58,2.58,0.14,0.9,-2.39,-2.03,-1.29,-0.55,-0.92,1.47,1.29,0.74,2.39,0.55,5.45,5.41,5.69,5.86,0.54,3.6,4.5,7.55,14.03,8.63,8.99,7.55,9.71,11.87
2020-02-18,000059,5.57,5.58,5.59,5.52,124872,69366667.0,1.26,0.36,0.02,0.78,-3.62,-2.9,-2.17,-2.54,-0.18,-0.36,-0.91,0.72,-1.09,0.91,5.48,5.44,5.66,5.84,3.23,4.12,7.17,13.62,8.24,8.6,7.17,9.32,11.47,11.11
2020-02-19,000059,5.59,5.68,5.76,5.56,168983,95705098.0,3.58,1.79,0.1,1.06,-3.6,-2.88,-3.24,-0.9,-1.08,-1.62,0.0,-1.8,0.18,0.54,5.53,5.48,5.64,5.83,2.29,5.28,11.62,6.34,6.69,5.28,7.39,9.51,9.15,6.51
2020-02-20,000059,5.73,5.78,5.81,5.63,190296,108971826.0,3.17,1.76,0.1,1.19,-4.09,-4.44,-2.13,-2.31,-2.84,-1.24,-3.02,-1.07,-0.71,2.31,5.6,5.51,5.62,5.82,3.46,9.69,4.5,4.84,3.46,5.54,7.61,7.27,4.67,6.06
2020-02-21,000059,5.77,5.96,5.98,5.71,298255,174051943.0,4.67,3.11,0.18,1.86,-5.78,-3.5,-3.68,-4.2,-2.63,-4.38,-2.45,-2.1,0.88,1.75,5.71,5.58,5.61,5.81,6.38,1.34,1.68,0.34,2.35,4.36,4.03,1.51,2.85,8.05
2020-02-24,000059,6.15,6.16,6.34,6.02,459278,283342960.0,5.37,3.36,0.2,2.87,-8.47,-8.64,-9.14,-7.64,-9.3,-7.48,-7.14,-4.32,-3.49,-0.66,5.83,5.64,5.62,5.81,-1.95,-1.62,-2.92,-0.97,0.97,0.65,-1.79,-0.49,4.55,10.06
2020-02-25,000059,6.04,5.98,6.04,5.84,326280,194128805.0,3.25,-2.92,-0.18,2.04,-5.82,-6.34,-4.79,-6.51,-4.62,-4.28,-1.37,-0.51,2.4,8.56,5.91,5.7,5.61,5.8,1.34,0.0,2.01,4.01,3.68,1.17,2.51,7.69,13.38,9.36
2020-02-26,000059,5.87,5.91,6.06,5.83,205282,122131090.0,3.85,-1.17,-0.07,1.28,-6.17,-4.63,-6.35,-4.46,-4.12,-1.2,-0.34,2.57,8.75,3.6,5.96,5.74,5.61,5.78,1.18,3.21,5.25,4.91,2.37,3.72,8.97,14.72,10.66,9.81
2020-02-27,000059,5.96,5.88,5.98,5.86,113317,66950510.0,2.03,-0.51,-0.03,0.71,-5.12,-6.83,-4.95,-4.61,-1.71,-0.85,2.05,8.19,3.07,3.41,5.98,5.79,5.6,5.77,3.74,5.78,5.44,2.89,4.25,9.52,15.31,11.22,10.37,6.12
2020-02-28,000059,5.75,5.98,6.1,5.68,408757,241748458.0,7.14,1.7,0.1,2.56,-3.87,-1.94,-1.58,1.41,2.29,5.28,11.62,6.34,6.69,5.28,5.98,5.85,5.61,5.76,4.01,3.68,1.17,2.51,7.69,13.38,9.36,8.53,4.35,-0.33
2020-03-02,000059,6.07,6.16,6.22,5.92,320467,196154199.0,5.02,3.01,0.18,2.0,-5.91,-5.57,-2.7,-1.86,1.01,7.09,2.03,2.36,1.01,3.04,5.98,5.91,5.66,5.76,0.65,-1.79,-0.49,4.55,10.06,6.17,5.36,1.3,-3.25,4.71
2020-03-03,000059,6.2,6.09,6.2,6.05,271474,166113709.0,2.44,-1.14,-0.07,1.7,-7.6,-4.79,-3.97,-1.16,4.79,-0.17,0.17,-1.16,0.83,2.81,6.0,5.96,5.7,5.76,-0.66,0.66,5.75,11.33,7.39,6.57,2.46,-2.13,5.91,1.81
2020-03-04,000059,6.0,6.0,6.05,5.93,190282,113930748.0,1.97,-1.48,-0.09,1.19,-2.87,-2.02,0.84,6.91,1.85,2.19,0.84,2.87,4.89,4.55,6.02,5.99,5.73,5.76,2.17,7.33,13.0,9.0,8.17,4.0,-0.67,7.5,3.33,0.0
2020-03-05,000059,6.07,6.12,6.13,6.0,225068,136527741.0,2.17,2.0,0.12,1.41,-3.17,-0.33,5.67,0.67,1.0,-0.33,1.67,3.67,3.33,0.83,6.07,6.02,5.77,5.76,5.23,10.78,6.86,6.05,1.96,-2.61,5.39,1.31,-1.96,-6.7
2020-03-06,000059,6.05,6.3,6.44,6.02,487817,305889968.0,6.86,2.94,0.18,3.05,-0.66,5.32,0.33,0.66,-0.66,1.33,3.32,2.99,0.5,1.83,6.13,6.06,5.82,5.76,7.62,3.81,3.02,-0.95,-5.4,2.38,-1.59,-4.76,-9.37,-9.84
2020-03-09,000059,6.31,6.61,6.78,6.31,832937,544837280.0,7.46,4.92,0.31,5.21,0.48,-4.28,-3.96,-5.23,-3.33,-1.43,-1.74,-4.12,-2.85,2.06,6.22,6.1,5.87,5.78,-1.06,-1.82,-5.6,-9.83,-2.42,-6.2,-9.23,-13.62,-14.07,-15.89
2020-03-10,000059,6.5,6.44,6.54,6.2,515438,327688480.0,5.14,-2.57,-0.17,3.22,-2.58,-2.26,-3.55,-1.61,0.32,0.0,-2.42,-1.13,3.87,9.35,6.29,6.15,5.92,5.79,0.78,-3.11,-7.45,0.16,-3.73,-6.83,-11.34,-11.8,-13.66,-13.51
2020-03-11,000059,6.36,6.25,6.49,6.25,341384,216633115.0,3.73,-2.95,-0.19,2.13,-3.04,-4.32,-2.4,-0.48,-0.8,-3.2,-1.92,3.04,8.48,4.64,6.34,6.18,5.96,5.8,-0.16,-4.64,3.2,-0.8,-4.0,-8.64,-9.12,-11.04,-10.88,-9.76
2020-03-12,000059,6.2,6.03,6.24,5.98,285532,173792447.0,4.16,-3.52,-0.22,1.79,0.0,2.01,4.01,3.68,1.17,2.51,7.69,13.38,9.36,8.53,6.33,6.2,5.99,5.8,-1.16,6.97,2.82,-0.5,-5.31,-5.8,-7.79,-7.63,-6.47,-4.98
2020-03-13,000059,5.71,5.92,5.96,5.62,258445,149240615.0,5.64,-1.82,-0.11,1.62,8.54,10.68,10.32,7.65,9.07,14.59,20.64,16.37,15.48,11.03,6.25,6.19,6.02,5.81,8.95,4.73,1.35,-3.55,-4.05,-6.08,-5.91,-4.73,-3.21,-3.55
2020-03-16,000059,5.98,6.07,6.45,5.92,475201,293488128.0,8.95,2.53,0.15,2.97,5.07,4.73,2.2,3.55,8.78,14.53,10.47,9.63,5.41,0.68,6.14,6.18,6.05,5.83,2.14,-1.15,-5.93,-6.43,-8.4,-8.24,-7.08,-5.6,-5.93,-7.74
2020-03-17,000059,6.13,5.88,6.2,5.76,315826,186496658.0,7.25,-3.13,-0.19,1.97,7.64,5.03,6.42,11.81,17.71,13.54,12.67,8.33,3.47,11.98,6.03,6.16,6.06,5.85,2.04,-2.89,-3.4,-5.44,-5.27,-4.08,-2.55,-2.89,-4.76,-4.08
2020-03-18,000059,5.93,5.7,6.0,5.69,282116,164545742.0,5.27,-3.06,-0.18,1.76,6.33,7.73,13.18,19.16,14.94,14.06,9.67,4.75,13.36,8.96,5.92,6.13,6.06,5.87,0.18,-0.35,-2.46,-2.28,-1.05,0.53,0.18,-1.75,-1.05,0.53
2020-03-19,000059,5.59,5.58,5.71,5.45,211802,118136690.0,4.56,-2.11,-0.12,1.32,12.48,18.17,24.4,20.0,19.08,14.5,9.36,18.35,13.76,10.09,5.83,6.08,6.05,5.87,1.79,-0.36,-0.18,1.08,2.69,2.33,0.36,1.08,2.69,4.84
2020-03-20,000059,5.61,5.65,5.68,5.58,131734,74104833.0,1.79,1.25,0.07,0.82,15.41,21.51,17.2,16.31,11.83,6.81,15.59,11.11,7.53,2.33,5.78,6.01,6.04,5.88,-1.59,-1.42,-0.18,1.42,1.06,-0.88,-0.18,1.42,3.54,1.95
2020-03-23,000059,5.52,5.46,5.56,5.43,102804,56474316.0,2.3,-3.36,-0.19,0.64,24.86,20.44,19.52,14.92,9.76,18.78,14.18,10.5,5.16,4.6,5.65,5.9,6.0,5.88,2.01,3.3,4.95,4.58,2.56,3.3,4.95,7.14,5.49,5.86
2020-03-24,000059,5.55,5.53,5.57,5.39,93488,51355699.0,3.3,1.28,0.07,0.58,21.34,20.41,15.77,10.58,19.67,15.03,11.32,5.94,5.38,3.15,5.58,5.81,5.98,5.88,1.99,3.62,3.25,1.27,1.99,3.62,5.79,4.16,4.52,3.07
2020-03-25,000059,5.62,5.59,5.64,5.56,133582,74879128.0,1.45,1.08,0.06,0.84,16.73,12.23,7.19,16.01,11.51,7.91,2.7,2.16,0.0,0.18,5.56,5.74,5.96,5.89,2.5,2.15,0.18,0.89,2.5,4.65,3.04,3.4,1.97,1.97
2020-03-26,000059,5.57,5.63,5.73,5.55,153595,86902955.0,3.22,0.72,0.04,0.96,12.43,7.39,16.22,11.71,8.11,2.88,2.34,0.18,0.36,1.62,5.57,5.7,5.95,5.9,1.42,-0.53,0.18,1.78,3.91,2.31,2.66,1.24,1.24,-1.6
2020-03-27,000059,5.71,5.64,5.71,5.63,100580,57031648.0,1.42,0.18,0.01,0.63,5.86,14.56,10.12,6.57,1.42,0.89,-1.24,-1.07,0.18,1.78,5.57,5.67,5.93,5.9,-0.71,0.0,1.6,3.72,2.13,2.48,1.06,1.06,-1.77,-4.08
2020-03-30,000059,5.6,5.55,5.6,5.47,96662,53378174.0,2.3,-1.6,-0.09,0.6,17.92,13.35,9.69,4.39,3.84,1.65,1.83,3.11,4.75,4.39,5.59,5.62,5.9,5.9,1.62,3.24,5.41,3.78,4.14,2.7,2.7,-0.18,-2.52,-4.68
2020-03-31,000059,5.59,5.63,5.64,5.57,82878,46528950.0,1.26,1.44,0.08,0.52,11.31,7.72,2.51,1.97,-0.18,0.0,1.26,2.87,2.51,0.54,5.61,5.6,5.88,5.91,1.78,3.91,2.31,2.66,1.24,1.24,-1.6,-3.91,-6.04,-3.55
2020-04-01,000059,5.61,5.62,5.73,5.61,94455,53555705.0,2.13,-0.18,-0.01,0.59,6.95,1.78,1.25,-0.89,-0.71,0.53,2.14,1.78,-0.18,0.53,5.61,5.59,5.86,5.9,4.09,2.49,2.85,1.42,1.42,-1.42,-3.74,-5.87,-3.38,-6.76
2020-04-02,000059,5.6,5.8,5.85,5.59,175348,100440394.0,4.63,3.2,0.18,1.1,2.15,1.61,-0.54,-0.36,0.89,2.5,2.15,0.18,0.89,2.5,5.65,5.61,5.84,5.9,-0.69,-0.34,-1.72,-1.72,-4.48,-6.72,-8.79,-6.38,-9.66,-10.34
2020-04-03,000059,5.75,5.63,5.76,5.59,175078,99187888.0,2.93,-2.93,-0.17,1.09,1.61,-0.54,-0.36,0.89,2.5,2.15,0.18,0.89,2.5,4.65,5.65,5.61,5.81,5.89,2.66,1.24,1.24,-1.6,-3.91,-6.04,-3.55,-6.93,-7.64,-9.24
2020-04-07,000059,5.71,5.71,5.78,5.63,176288,100479700.0,2.66,1.42,0.08,1.1,-1.24,-1.07,0.18,1.78,1.42,-0.53,0.18,1.78,3.91,2.31,5.68,5.63,5.77,5.88,-0.18,-0.18,-2.98,-5.25,-7.36,-4.9,-8.23,-8.93,-10.51,-11.56
2020-04-08,000059,5.66,5.67,5.7,5.64,125544,71136274.0,1.05,-0.7,-0.04,0.78,-1.24,0.0,1.6,1.24,-0.71,0.0,1.6,3.72,2.13,2.48,5.69,5.65,5.73,5.87,0.53,-2.29,-4.59,-6.7,-4.23,-7.58,-8.29,-9.88,-10.93,-10.93
2020-04-09,000059,5.65,5.55,5.7,5.55,265906,149462137.0,2.65,-2.12,-0.12,1.66,1.62,3.24,2.88,0.9,1.62,3.24,5.41,3.78,4.14,2.7,5.67,5.64,5.69,5.86,-0.18,-2.52,-4.68,-2.16,-5.59,-6.31,-7.93,-9.01,-9.01,-5.95
2020-04-10,000059,5.54,5.32,5.54,5.31,285911,154600423.0,4.14,-4.14,-0.23,1.79,7.91,7.53,5.46,6.21,7.91,10.17,8.47,8.85,7.34,7.34,5.58,5.61,5.66,5.84,1.69,-0.56,2.07,-1.5,-2.26,-3.95,-5.08,-5.08,-1.88,-3.38
2020-04-13,000059,5.35,5.4,5.41,5.31,286692,153725009.0,1.88,1.5,0.08,1.79,7.53,5.46,6.21,7.91,10.17,8.47,8.85,7.34,7.34,4.33,5.53,5.59,5.63,5.82,-2.04,0.56,-2.96,-3.7,-5.37,-6.48,-6.48,-3.33,-4.81,-6.67
2020-04-14,000059,5.13,5.28,5.29,5.05,541399,280585904.0,4.44,-2.22,-0.12,3.38,10.89,11.68,13.47,15.84,14.06,14.46,12.87,12.87,9.7,7.13,5.44,5.56,5.59,5.79,2.84,-0.76,-1.52,-3.22,-4.36,-4.36,-1.14,-2.65,-4.55,-5.87
2020-04-15,000059,5.26,5.24,5.43,5.2,249517,132210933.0,4.36,-0.76,-0.04,1.56,8.46,10.19,12.5,10.77,11.15,9.62,9.62,6.54,4.04,1.73,5.36,5.52,5.56,5.76,0.0,-0.76,-2.48,-3.63,-3.63,-0.38,-1.91,-3.82,-5.15,-8.4
2020-04-16,000059,5.2,5.17,5.24,5.14,136889,70850164.0,1.91,-1.34,-0.07,0.86,11.48,13.81,12.06,12.45,10.89,10.89,7.78,5.25,2.92,5.64,5.28,5.48,5.53,5.73,0.58,-1.16,-2.32,-2.32,0.97,-0.58,-2.51,-3.87,-7.16,-5.42
2020-04-17,000059,5.17,5.09,5.2,5.08,235629,120715134.0,2.32,-1.55,-0.08,1.47,15.16,13.39,13.78,12.2,12.2,9.06,6.5,4.13,6.89,3.15,5.24,5.41,5.51,5.7,0.39,-0.79,-0.79,2.55,0.98,-0.98,-2.36,-5.7,-3.93,-3.54
2020-04-20,000059,5.1,4.97,5.11,4.96,246774,123351573.0,2.95,-2.36,-0.12,1.54,16.13,16.53,14.92,14.92,11.69,9.07,6.65,9.48,5.65,4.84,5.15,5.34,5.47,5.65,1.61,1.61,5.03,3.42,1.41,0.0,-3.42,-1.61,-1.21,-0.8
2020-04-21,000059,4.96,4.99,5.05,4.91,185910,92880861.0,2.82,0.4,0.02,1.16,17.72,16.09,16.09,12.83,10.18,7.74,10.59,6.72,5.91,4.07,5.09,5.27,5.45,5.6,1.2,4.61,3.01,1.0,-0.4,-3.81,-2.0,-1.6,-1.2,-1.2
2020-04-22,000059,5.0,5.03,5.05,4.94,145302,72778424.0,2.2,0.8,0.04,0.91,15.38,15.38,12.15,9.51,7.09,9.92,6.07,5.26,3.44,2.23,5.05,5.2,5.43,5.55,3.78,2.19,0.2,-1.19,-4.57,-2.78,-2.39,-1.99,-1.99,-0.99
2020-04-23,000059,5.04,5.14,5.22,5.02,226602,116197220.0,3.98,2.19,0.11,1.42,13.55,10.36,7.77,5.38,8.17,4.38,3.59,1.79,0.6,0.6,5.04,5.16,5.4,5.52,0.0,-1.95,-3.31,-6.61,-4.86,-4.47,-4.09,-4.09,-3.11,-3.7
2020-04-24,000059,5.14,5.03,5.14,5.01,152450,77242252.0,2.53,-2.14,-0.11,0.95,10.58,7.98,5.59,8.38,4.59,3.79,2.0,0.8,0.8,4.19,5.03,5.13,5.37,5.48,0.2,-1.19,-4.57,-2.78,-2.39,-1.99,-1.99,-0.99,-1.59,-1.19
2020-04-27,000059,5.03,4.96,5.04,4.95,93973,46914910.0,1.79,-1.39,-0.07,0.59,9.29,6.87,9.7,5.86,5.05,3.23,2.02,2.02,5.45,3.84,5.03,5.09,5.34,5.45,0.2,-3.23,-1.41,-1.01,-0.6,-0.6,0.4,-0.2,0.2,3.43
2020-04-28,000059,4.95,4.8,4.97,4.72,164734,79330644.0,5.04,-3.23,-0.16,1.03,12.08,15.04,11.02,10.17,8.26,6.99,6.99,10.59,8.9,6.78,4.99,5.04,5.3,5.41,0.0,1.88,2.29,2.71,2.71,3.75,3.12,3.54,6.88,4.58
2020-04-29,000059,4.8,4.74,4.8,4.72,99270,47203131.0,1.67,-1.25,-0.06,0.62,15.04,11.02,10.17,8.26,6.99,6.99,10.59,8.9,6.78,5.3,4.93,4.99,5.26,5.37,3.16,3.59,4.01,4.01,5.06,4.43,4.85,8.23,5.91,6.54
2020-04-30,000059,4.76,4.86,4.89,4.76,92252,44730301.0,2.74,2.53,0.12,0.58,10.08,9.24,7.35,6.09,6.09,9.66,7.98,5.88,4.41,0.84,4.88,4.96,5.22,5.34,1.03,1.44,1.44,2.47,1.85,2.26,5.56,3.29,3.91,0.0
2020-05-06,000059,4.85,4.9,4.91,4.83,93782,45711428.0,1.65,0.82,0.04,0.59,7.66,5.8,4.55,4.55,8.07,6.42,4.35,2.9,-0.62,1.24,4.85,4.94,5.17,5.32,0.61,0.61,1.63,1.02,1.43,4.69,2.45,3.06,-0.82,-1.63
2020-05-07,000059,4.89,4.88,4.93,4.85,93423,45726635.0,1.63,-0.41,-0.02,0.58,5.36,4.12,4.12,7.63,5.98,3.92,2.47,-1.03,0.82,1.24,4.84,4.93,5.14,5.29,1.02,2.05,1.43,1.84,5.12,2.87,3.48,-0.41,-1.23,-2.87
2020-05-08,000059,4.89,4.92,4.93,4.87,65228,31992706.0,1.23,0.82,0.04,0.41,3.7,3.7,7.19,5.54,3.49,2.05,-1.44,0.41,0.82,1.23,4.86,4.93,5.1,5.28,1.22,0.61,1.02,4.27,2.03,2.64,-1.22,-2.03,-3.66,-4.67
2020-05-11,000059,4.93,4.94,4.98,4.9,74815,36986705.0,1.63,0.41,0.02,0.47,3.06,6.53,4.9,2.86,1.43,-2.04,-0.2,0.2,0.61,0.61,4.9,4.92,5.06,5.26,0.2,0.61,3.85,1.62,2.23,-1.62,-2.43,-4.05,-5.06,-7.49
2020-05-12,000059,4.95,4.91,4.95,4.85,60692,29729650.0,2.02,-0.61,-0.03,0.38,7.63,5.98,3.92,2.47,-1.03,0.82,1.24,1.65,1.65,2.68,4.91,4.89,5.03,5.23,1.22,4.48,2.24,2.85,-1.02,-1.83,-3.46,-4.48,-6.92,-6.11
2020-05-13,000059,4.95,4.95,4.97,4.9,71236,35183566.0,1.43,0.81,0.04,0.45,4.9,2.86,1.43,-2.04,-0.2,0.2,0.61,0.61,1.63,1.02,4.92,4.89,5.01,5.21,3.64,1.41,2.02,-1.82,-2.63,-4.24,-5.25,-7.68,-6.87,-6.87
2020-05-14,000059,4.98,5.0,5.13,4.96,134464,67769923.0,3.43,1.01,0.05,0.84,1.61,0.2,-3.23,-1.41,-1.01,-0.6,-0.6,0.4,-0.2,0.2,4.94,4.89,4.99,5.19,0.4,1.0,-2.8,-3.6,-5.2,-6.2,-8.6,-7.8,-7.8,-7.6
2020-05-15,000059,5.01,5.0,5.02,4.97,61777,30823703.0,1.0,0.0,0.0,0.39,0.0,-3.42,-1.61,-1.21,-0.8,-0.8,0.2,-0.4,0.0,3.22,4.96,4.91,4.98,5.17,1.0,-2.8,-3.6,-5.2,-6.2,-8.6,-7.8,-7.8,-7.6,-8.2
2020-05-18,000059,5.03,5.0,5.05,4.97,85265,42588596.0,1.6,0.0,0.0,0.53,-3.42,-1.61,-1.21,-0.8,-0.8,0.2,-0.4,0.0,3.22,1.01,4.97,4.94,4.96,5.15,-2.8,-3.6,-5.2,-6.2,-8.6,-7.8,-7.8,-7.6,-8.2,-7.2
2020-05-19,000059,4.8,4.81,4.86,4.78,104473,50302668.0,1.6,-3.8,-0.19,0.65,2.3,2.72,3.14,3.14,4.18,3.56,3.97,7.32,5.02,5.65,4.95,4.93,4.95,5.12,0.21,-1.46,-2.49,-4.99,-4.16,-4.16,-3.95,-4.57,-3.53,-1.46
2020-05-20,000059,4.8,4.74,4.82,4.73,66189,31532508.0,1.87,-1.46,-0.07,0.41,3.81,4.23,4.23,5.29,4.65,5.07,8.46,6.13,6.77,2.75,4.91,4.92,4.93,5.09,0.0,-1.05,-3.59,-2.74,-2.74,-2.53,-3.16,-2.11,0.0,1.27
2020-05-21,000059,4.74,4.7,4.74,4.67,56480,26588215.0,1.48,-0.84,-0.04,0.35,5.57,5.57,6.64,6.0,6.42,9.85,7.49,8.14,4.07,3.21,4.85,4.9,4.92,5.06,-0.21,-2.77,-1.91,-1.91,-1.7,-2.34,-1.28,0.85,2.13,1.49
2020-05-22,000059,4.66,4.57,4.69,4.55,87941,40406956.0,2.98,-2.77,-0.13,0.55,8.35,9.45,8.79,9.23,12.75,10.33,10.99,6.81,5.93,4.18,4.76,4.86,4.89,5.02,0.0,0.88,0.88,1.09,0.44,1.53,3.72,5.03,4.38,3.06
2020-05-25,000059,4.57,4.55,4.57,4.51,44771,20328659.0,1.31,-0.44,-0.02,0.28,10.42,9.76,10.2,13.75,11.31,11.97,7.76,6.87,5.1,3.99,4.67,4.82,4.87,4.98,1.32,1.32,1.54,0.88,1.98,4.18,5.49,4.84,3.52,5.93
2020-05-26,000059,4.57,4.61,4.61,4.55,41703,19127059.0,1.32,1.32,0.06,0.26,8.79,9.23,12.75,10.33,10.99,6.81,5.93,4.18,3.08,0.44,4.63,4.79,4.84,4.95,0.0,0.22,-0.43,0.65,2.82,4.12,3.47,2.17,4.56,3.04
2020-05-27,000059,4.61,4.58,4.61,4.56,32828,15025647.0,1.08,-0.65,-0.03,0.21,8.99,12.5,10.09,10.75,6.58,5.7,3.95,2.85,0.22,1.1,4.6,4.76,4.82,4.93,0.87,0.22,1.31,3.49,4.8,4.15,2.84,5.24,3.71,3.06
2020-05-28,000059,4.59,4.58,4.62,4.55,35058,16052229.0,1.53,0.0,0.0,0.22,12.75,10.33,10.99,6.81,5.93,4.18,3.08,0.44,1.32,1.32,4.58,4.71,4.8,4.9,0.22,1.31,3.49,4.8,4.15,2.84,5.24,3.71,3.06,1.97
2020-05-29,000059,4.57,4.55,4.59,4.54,34136,15565164.0,1.09,-0.66,-0.03,0.21,10.57,11.23,7.05,6.17,4.41,3.3,0.66,1.54,1.54,1.76,4.57,4.67,4.79,4.87,1.98,4.18,5.49,4.84,3.52,5.93,4.4,3.74,2.64,1.1
2020-06-01,000059,4.55,4.64,4.64,4.55,70172,32353712.0,1.98,1.98,0.09,0.44,10.99,6.81,5.93,4.18,3.08,0.44,1.32,1.32,1.54,0.88,4.59,4.63,4.78,4.85,2.16,3.45,2.8,1.51,3.88,2.37,1.72,0.65,-0.86,0.0
2020-06-02,000059,4.62,4.72,4.74,4.62,68612,32237298.0,2.59,1.72,0.08,0.43,5.19,4.33,2.6,1.52,-1.08,-0.22,-0.22,0.0,-0.65,0.43,4.61,4.62,4.78,4.84,1.69,1.06,-0.21,2.12,0.64,0.0,-1.06,-2.54,-1.69,-2.33
2020-06-03,000059,4.75,4.74,4.8,4.73,99701,47567752.0,1.48,0.42,0.02,0.62,1.9,0.21,-0.85,-3.38,-2.54,-2.54,-2.33,-2.96,-1.9,0.21,4.65,4.62,4.77,4.83,0.63,-0.63,1.69,0.21,-0.42,-1.48,-2.95,-2.11,-2.74,-1.69
2020-06-04,000059,4.76,4.7,4.77,4.68,46954,22118112.0,1.9,-0.84,-0.04,0.29,1.28,0.21,-2.35,-1.5,-1.5,-1.28,-1.92,-0.85,1.28,2.56,4.67,4.62,4.76,4.82,0.21,2.55,1.06,0.43,-0.64,-2.13,-1.28,-1.91,-0.85,0.0
2020-06-05,000059,4.71,4.7,4.71,4.65,44561,20846656.0,1.28,0.0,0.0,0.28,0.86,-1.72,-0.86,-0.86,-0.65,-1.29,-0.22,1.94,3.23,2.58,4.7,4.64,4.75,4.81,2.55,1.06,0.43,-0.64,-2.13,-1.28,-1.91,-0.85,0.0,-0.21
2020-06-08,000059,4.76,4.75,4.82,4.74,60225,28728869.0,1.7,1.06,0.05,0.38,-3.59,-2.74,-2.74,-2.53,-3.16,-2.11,0.0,1.27,0.63,-0.63,4.72,4.66,4.74,4.8,0.0,-0.63,-1.68,-3.16,-2.32,-2.95,-1.89,-1.05,-1.26,-1.68
2020-06-09,000059,4.75,4.74,4.75,4.7,63131,29797178.0,1.05,-0.21,-0.01,0.39,-1.91,-1.91,-1.7,-2.34,-1.28,0.85,2.13,1.49,0.21,2.55,4.73,4.67,4.73,4.79,-0.42,-1.48,-2.95,-2.11,-2.74,-1.69,-0.84,-1.05,-1.48,-2.32
2020-06-10,000059,4.72,4.67,4.72,4.66,44245,20740771.0,1.27,-1.48,-0.07,0.28,-1.07,-0.86,-1.5,-0.43,1.72,3.0,2.36,1.07,3.43,1.93,4.71,4.68,4.72,4.77,0.0,-1.5,-0.64,-1.28,-0.21,0.64,0.43,0.0,-0.86,-1.93
2020-06-11,000059,4.67,4.61,4.67,4.6,54374,25200697.0,1.5,-1.28,-0.06,0.34,0.43,-0.22,0.87,3.04,4.35,3.7,2.39,4.78,3.26,2.61,4.69,4.68,4.7,4.76,-0.22,0.65,0.0,1.08,1.95,1.74,1.3,0.43,-0.65,-1.52
2020-06-12,000059,4.55,4.59,4.6,4.5,59828,27285096.0,2.17,-0.43,-0.02,0.37,2.0,3.11,5.33,6.67,6.0,4.67,7.11,5.56,4.89,3.78,4.67,4.69,4.68,4.76,1.09,0.44,1.53,2.4,2.18,1.74,0.87,-0.22,-1.09,-1.09
2020-06-15,000059,4.57,4.55,4.64,4.54,48860,22399826.0,2.18,-0.87,-0.04,0.31,2.2,4.41,5.73,5.07,3.74,6.17,4.63,3.96,2.86,1.32,4.63,4.68,4.66,4.75,1.32,2.42,3.3,3.08,2.64,1.76,0.66,-0.22,-0.22,0.66
2020-06-16,000059,4.56,4.61,4.61,4.56,48592,22335598.0,1.1,1.32,0.06,0.3,3.95,5.26,4.61,3.29,5.7,4.17,3.51,2.41,0.88,1.75,4.61,4.67,4.65,4.74,1.08,1.95,1.74,1.3,0.43,-0.65,-1.52,-1.52,-0.65,1.74
2020-06-17,000059,4.6,4.65,4.66,4.6,77637,35970664.0,1.3,0.87,0.04,0.49,4.35,3.7,2.39,4.78,3.26,2.61,1.52,0.0,0.87,0.22,4.6,4.66,4.64,4.73,1.08,0.86,0.43,-0.43,-1.51,-2.37,-2.37,-1.51,0.86,2.37
2020-06-18,000059,4.64,4.65,4.7,4.6,91777,42782998.0,2.15,0.0,0.0,0.57,3.7,2.39,4.78,3.26,2.61,1.52,0.0,0.87,0.22,1.3,4.61,4.65,4.64,4.72,0.86,0.43,-0.43,-1.51,-2.37,-2.37,-1.51,0.86,2.37,7.53
2020-06-19,000059,4.65,4.67,4.69,4.61,83918,38990597.0,1.72,0.43,0.02,0.52,2.17,4.56,3.04,2.39,1.3,-0.22,0.65,0.0,1.08,1.95,4.63,4.65,4.64,4.72,0.0,-0.86,-1.93,-2.78,-2.78,-1.93,0.43,1.93,7.07,9.64
2020-06-22,000059,4.66,4.63,4.67,4.62,58352,27077668.0,1.07,-0.86,-0.04,0.36,4.33,2.81,2.16,1.08,-0.43,0.43,-0.22,0.87,1.73,1.52,4.64,4.64,4.65,4.71,0.0,-1.08,-1.94,-1.94,-1.08,1.3,2.81,7.99,10.58,10.15
2020-06-23,000059,4.63,4.57,4.63,4.56,68065,31192217.0,1.51,-1.3,-0.06,0.43,4.17,3.51,2.41,0.88,1.75,1.1,2.19,3.07,2.85,2.41,4.63,4.62,4.65,4.69,0.22,-0.66,-0.66,0.22,2.63,4.16,9.41,12.04,11.6,14.44
2020-06-24,000059,4.57,4.53,4.58,4.52,70353,31962977.0,1.31,-0.88,-0.04,0.44,4.42,3.32,1.77,2.65,1.99,3.1,3.98,3.76,3.32,2.43,4.61,4.61,4.64,4.68,0.22,0.22,1.1,3.53,5.08,10.38,13.02,12.58,15.45,14.35
2020-06-29,000059,4.53,4.51,4.54,4.49,69733,31472451.0,1.1,-0.44,-0.02,0.44,4.01,2.45,3.34,2.67,3.79,4.68,4.45,4.01,3.12,2.0,4.58,4.6,4.64,4.66,0.67,1.55,3.99,5.54,10.86,13.53,13.08,15.96,14.86,14.41
2020-06-30,000059,4.53,4.52,4.54,4.49,67913,30677752.0,1.11,0.22,0.01,0.42,2.45,3.34,2.67,3.79,4.68,4.45,4.01,3.12,2.0,1.11,4.55,4.59,4.64,4.65,1.33,3.76,5.31,10.62,13.27,12.83,15.71,14.6,14.16,14.38
2020-07-01,000059,4.53,4.57,4.58,4.51,57548,26163271.0,1.55,1.11,0.05,0.36,2.88,2.22,3.33,4.21,3.99,3.55,2.66,1.55,0.67,0.67,4.54,4.59,4.63,4.63,2.63,4.16,9.41,12.04,11.6,14.44,13.35,12.91,13.13,13.13
2020-07-02,000059,4.56,4.67,4.69,4.56,110430,51135232.0,2.84,2.19,0.1,0.69,1.1,2.19,3.07,2.85,2.41,1.54,0.44,-0.44,-0.44,0.44,4.56,4.6,4.63,4.63,1.93,7.07,9.64,9.21,11.99,10.92,10.49,10.71,10.71,8.35
2020-07-03,000059,4.68,4.74,4.76,4.68,153608,72594644.0,1.71,1.5,0.07,0.96,-0.43,0.43,0.21,-0.21,-1.07,-2.14,-2.99,-2.99,-2.14,0.21,4.6,4.61,4.63,4.63,5.49,8.02,7.59,10.34,9.28,8.86,9.07,9.07,6.75,3.59
2020-07-06,000059,4.79,5.0,5.0,4.79,274406,134690012.0,4.43,5.49,0.26,1.72,-1.88,-2.09,-2.51,-3.34,-4.38,-5.22,-5.22,-4.38,-2.09,-0.63,4.7,4.64,4.65,4.64,2.4,2.0,4.6,3.6,3.2,3.4,3.4,1.2,-1.8,1.2
2020-07-07,000059,5.09,4.98,5.12,4.95,259781,130750512.0,3.4,-0.4,-0.02,1.62,-5.25,-5.66,-6.46,-7.47,-8.28,-8.28,-7.47,-5.25,-3.84,1.01,4.79,4.67,4.66,4.65,2.41,5.02,4.02,3.61,3.82,3.82,1.61,-1.41,1.61,3.21
2020-07-08,000059,4.95,5.08,5.1,4.94,189499,95082158.0,3.21,2.01,0.1,1.18,-5.47,-6.28,-7.29,-8.1,-8.1,-7.29,-5.06,-3.64,1.21,3.64,4.89,4.72,4.68,4.67,2.95,1.97,1.57,1.77,1.77,-0.39,-3.35,-0.39,1.18,2.56
2020-07-09,000059,5.06,5.17,5.23,5.04,260419,133821719.0,3.74,1.77,0.09,1.63,-8.13,-9.13,-9.92,-9.92,-9.13,-6.94,-5.56,-0.79,1.59,1.19,4.99,4.78,4.7,4.69,0.19,-0.19,0.0,0.0,-2.13,-5.03,-2.13,-0.58,0.77,-1.55
2020-07-10,000059,5.15,5.05,5.18,5.03,177689,90763529.0,2.9,-2.32,-0.12,1.11,-8.95,-9.74,-9.74,-8.95,-6.76,-5.37,-0.6,1.79,1.39,3.98,5.06,4.83,4.72,4.7,2.18,2.38,2.38,0.2,-2.77,0.2,1.78,3.17,0.79,1.98
2020-07-13,000059,5.0,5.13,5.16,4.98,289044,147296161.0,3.56,1.58,0.08,1.81,-8.84,-8.84,-8.03,-5.82,-4.42,0.4,2.81,2.41,5.02,4.02,5.08,4.89,4.74,4.72,0.78,0.78,-1.36,-4.29,-1.36,0.19,1.56,-0.78,0.39,-3.51
2020-07-14,000059,5.12,5.06,5.17,5.0,208420,105995088.0,3.31,-1.36,-0.07,1.3,-9.2,-8.4,-6.2,-4.8,0.0,2.4,2.0,4.6,3.6,3.2,5.1,4.95,4.77,4.74,2.17,0.0,-2.96,0.0,1.58,2.96,0.59,1.78,-2.17,-2.96
2020-07-15,000059,5.1,5.04,5.17,5.03,235340,119832021.0,2.77,-0.4,-0.02,1.47,-8.95,-6.76,-5.37,-0.6,1.79,1.39,3.98,2.98,2.58,2.78,5.09,4.99,4.79,4.75,0.4,-2.58,0.4,1.98,3.37,0.99,2.18,-1.79,-2.58,-2.38
2020-07-16,000059,5.04,4.87,5.06,4.85,205905,102393773.0,4.17,-3.37,-0.17,1.29,-3.3,-1.86,3.09,5.57,5.15,7.84,6.8,6.39,6.6,6.6,5.03,5.01,4.8,4.76,0.82,3.9,5.54,6.98,4.52,5.75,1.64,0.82,1.03,5.54
2020-07-17,000059,4.88,4.84,4.91,4.8,108845,52876201.0,2.26,-0.62,-0.03,0.68,-0.83,4.17,6.67,6.25,8.96,7.92,7.5,7.71,7.71,5.42,4.99,5.02,4.81,4.76,4.55,6.2,7.64,5.17,6.4,2.27,1.45,1.65,6.2,7.44
2020-07-20,000059,4.85,5.05,5.06,4.85,173016,86383711.0,4.34,4.34,0.21,1.08,3.09,5.57,5.15,7.84,6.8,6.39,6.6,6.6,4.33,1.24,4.97,5.03,4.83,4.77,1.78,3.17,0.79,1.98,-1.98,-2.77,-2.57,1.78,2.97,4.75
2020-07-21,000059,5.09,5.13,5.14,5.04,187193,95337248.0,1.98,1.58,0.08,1.17,1.59,1.19,3.77,2.78,2.38,2.58,2.58,0.4,-2.58,0.4,4.99,5.04,4.86,4.79,1.56,-0.78,0.39,-3.51,-4.29,-4.09,0.19,1.36,3.12,3.31
2020-07-22,000059,5.15,5.09,5.21,5.08,258392,132905048.0,2.53,-0.78,-0.04,1.62,0.39,2.95,1.97,1.57,1.77,1.77,-0.39,-3.35,-0.39,1.18,5.0,5.04,4.88,4.8,0.0,1.18,-2.75,-3.54,-3.34,0.98,2.16,3.93,4.13,12.57
2020-07-23,000059,5.08,5.0,5.09,4.92,153690,76752859.0,3.34,-1.77,-0.09,0.96,6.3,5.28,4.88,5.08,5.08,2.85,-0.2,2.85,4.47,5.89,5.02,5.03,4.9,4.81,3.0,-1.0,-1.8,-1.6,2.8,4.0,5.8,6.0,14.6,21.2
2020-07-24,000059,4.93,4.91,5.15,4.87,313326,157628508.0,5.6,-1.8,-0.09,1.96,6.37,5.95,6.16,6.16,3.9,0.82,3.9,5.54,6.98,4.52,5.04,5.01,4.92,4.82,0.81,0.0,0.2,4.68,5.91,7.74,7.94,16.7,23.42,16.9
2020-07-27,000059,4.92,4.85,4.95,4.82,159181,77357553.0,2.65,-1.22,-0.06,1.0,7.05,7.26,7.26,4.98,1.87,4.98,6.64,8.09,5.6,6.85,5.0,4.98,4.94,4.82,1.24,1.44,5.98,7.22,9.07,9.28,18.14,24.95,18.35,15.05
2020-07-28,000059,4.88,4.86,4.91,4.83,109149,53115916.0,1.65,0.21,0.01,0.68,7.04,7.04,4.76,1.66,4.76,6.42,7.87,5.38,6.63,2.48,4.94,4.96,4.95,4.83,1.23,5.76,7.0,8.85,9.05,17.9,24.69,18.11,14.81,13.17
2020-07-29,000059,4.85,4.91,4.92,4.77,124658,60536226.0,3.09,1.03,0.05,0.78,8.39,6.08,2.94,6.08,7.76,9.22,6.71,7.97,3.77,2.94,4.91,4.95,4.97,4.84,4.68,5.91,7.74,7.94,16.7,23.42,16.9,13.65,12.02,10.39
2020-07-30,000059,4.92,5.07,5.14,4.91,287208,145449899.0,4.68,3.26,0.16,1.8,3.05,0.0,3.05,4.68,6.11,3.67,4.89,0.81,0.0,0.2,4.92,4.97,4.99,4.86,2.56,4.34,4.54,13.02,19.53,13.21,10.06,8.48,6.9,9.07
2020-07-31,000059,5.02,5.16,5.2,5.01,291170,149965659.0,3.75,1.78,0.09,1.82,-2.0,1.0,2.59,3.99,1.6,2.79,-1.2,-2.0,-1.8,2.59,4.97,5.0,5.01,4.88,2.52,2.71,11.05,17.44,11.24,8.14,6.59,5.04,7.17,5.43
2020-08-03,000059,5.19,5.28,5.29,5.17,342947,179234455.0,2.33,2.33,0.12,2.14,-2.13,-0.58,0.77,-1.55,-0.39,-4.26,-5.03,-4.84,-0.58,0.58,5.06,5.03,5.03,4.9,0.38,8.52,14.77,8.71,5.68,4.17,2.65,4.73,3.03,3.6
2020-08-04,000059,5.3,5.21,5.3,5.1,227655,118853014.0,3.79,-1.33,-0.07,1.42,0.78,2.16,-0.2,0.98,-2.94,-3.73,-3.53,0.78,1.96,3.73,5.13,5.03,5.04,4.92,9.98,16.31,10.17,7.1,5.57,4.03,6.14,4.41,4.99,4.99
2020-08-05,000059,5.22,5.57,5.73,5.14,689620,380169952.0,11.32,6.91,0.36,4.31,1.36,-0.97,0.19,-3.7,-4.47,-4.28,0.0,1.17,2.92,3.11,5.26,5.08,5.06,4.95,8.8,3.05,0.18,-1.26,-2.69,-0.72,-2.33,-1.8,-1.8,-0.36
2020-08-06,000059,5.67,5.74,6.06,5.66,709484,414793568.0,7.18,3.05,0.17,4.44,-10.07,-9.01,-12.54,-13.25,-13.07,-9.19,-8.13,-6.54,-6.36,1.24,5.39,5.16,5.09,4.99,0.0,-2.79,-4.18,-5.57,-3.66,-5.23,-4.7,-4.7,-3.31,-6.1
2020-08-07,000059,5.63,5.49,5.74,5.46,449611,250645695.0,4.88,-4.36,-0.25,2.81,-5.68,-9.34,-10.07,-9.89,-5.86,-4.76,-3.11,-2.93,4.95,10.99,5.46,5.21,5.11,5.02,1.64,0.18,-1.28,0.73,-0.91,-0.36,-0.36,1.09,-1.82,-2.73
2020-08-10,000059,5.48,5.46,5.58,5.43,239001,131262461.0,2.73,-0.55,-0.03,1.49,-8.84,-9.58,-9.39,-5.34,-4.24,-2.58,-2.39,5.52,11.6,5.71,5.49,5.28,5.13,5.05,0.73,-0.73,1.28,-0.37,0.18,0.18,1.65,-1.28,-2.2,-3.11
2020-08-11,000059,5.49,5.32,5.5,5.31,212706,114982685.0,3.48,-2.56,-0.14,1.33,-7.53,-7.34,-3.2,-2.07,-0.38,-0.19,7.91,14.12,8.1,5.08,5.52,5.32,5.14,5.08,1.88,3.95,2.26,2.82,2.82,4.32,1.32,0.38,-0.56,-0.75
2020-08-12,000059,5.28,5.35,5.42,5.23,186987,99212702.0,3.57,0.56,0.03,1.17,-5.93,-1.72,-0.57,1.15,1.34,9.56,15.87,9.75,6.69,5.16,5.47,5.37,5.16,5.1,3.36,1.68,2.24,2.24,3.74,0.75,-0.19,-1.12,-1.31,-3.18
2020-08-13,000059,5.38,5.45,5.53,5.37,198016,108023681.0,2.99,1.87,0.1,1.24,-4.28,-3.17,-1.49,-1.3,6.7,12.85,6.89,3.91,2.42,0.93,5.41,5.4,5.19,5.13,-0.18,0.37,0.37,1.83,-1.1,-2.02,-2.94,-3.12,-4.95,-5.87
2020-08-14,000059,5.43,5.39,5.44,5.3,153755,82322491.0,2.57,-1.1,-0.06,0.96,-1.89,-0.19,0.0,8.11,14.34,8.3,5.28,3.77,2.26,4.34,5.39,5.43,5.21,5.15,1.48,1.48,2.97,0.0,-0.93,-1.86,-2.04,-3.9,-4.82,-4.64
2020-08-17,000059,5.4,5.47,5.47,5.35,187861,101688753.0,2.23,1.48,0.08,1.17,-1.12,-0.93,7.1,13.27,7.29,4.3,2.8,1.31,3.36,1.68,5.4,5.45,5.24,5.17,0.0,1.46,-1.46,-2.38,-3.29,-3.47,-5.3,-6.22,-6.03,-4.94
2020-08-18,000059,5.45,5.4,5.47,5.32,305669,164534627.0,2.74,-1.28,-0.07,1.91,-0.38,7.71,13.91,7.89,4.89,3.38,1.88,3.95,2.26,2.82,5.41,5.46,5.25,5.18,2.78,-0.19,-1.11,-2.04,-2.22,-4.07,-5.0,-4.81,-3.7,-4.26
2020-08-19,000059,5.4,5.44,5.55,5.37,277427,151666369.0,3.33,0.74,0.04,1.73,6.7,12.85,6.89,3.91,2.42,0.93,2.98,1.3,1.86,1.86,5.43,5.45,5.27,5.19,-0.92,-1.84,-2.76,-2.94,-4.78,-5.7,-5.51,-4.41,-4.96,-4.96
2020-08-20,000059,5.36,5.28,5.39,5.27,195451,104120003.0,2.21,-2.94,-0.16,1.22,14.99,8.92,5.88,4.36,2.85,4.93,3.23,3.8,3.8,5.31,5.4,5.41,5.28,5.2,1.14,0.19,0.0,-1.89,-2.84,-2.65,-1.52,-2.08,-2.08,-2.27
2020-08-21,000059,5.31,5.27,5.34,5.22,167454,88236682.0,2.27,-0.19,-0.01,1.05,9.96,6.9,5.36,3.83,5.94,4.21,4.79,4.79,6.32,3.26,5.37,5.38,5.3,5.2,0.38,0.19,-1.71,-2.66,-2.47,-1.33,-1.9,-1.9,-2.09,-3.42
2020-08-24,000059,5.23,5.24,5.29,5.22,120210,63188676.0,1.33,-0.57,-0.03,0.75,6.9,5.36,3.83,5.94,4.21,4.79,4.79,6.32,3.26,2.3,5.33,5.36,5.32,5.21,0.76,-1.15,-2.1,-1.91,-0.76,-1.34,-1.34,-1.53,-2.86,-2.29
2020-08-25,000059,5.25,5.19,5.28,5.13,214566,111436015.0,2.86,-0.95,-0.05,1.34,7.21,5.65,7.8,6.04,6.63,6.63,8.19,5.07,4.09,3.12,5.28,5.35,5.33,5.21,-0.19,-1.16,-0.96,0.19,-0.39,-0.39,-0.58,-1.93,-1.35,-2.7
2020-08-26,000059,5.17,5.08,5.18,5.06,133498,68260043.0,2.31,-2.12,-0.11,0.83,7.11,9.29,7.51,8.1,8.1,9.68,6.52,5.53,4.55,4.35,5.21,5.32,5.34,5.21,0.98,1.18,2.36,1.77,1.77,1.57,0.2,0.79,-0.59,0.0
2020-08-27,000059,5.09,5.09,5.13,5.06,81784,41634880.0,1.38,0.2,0.01,0.51,9.29,7.51,8.1,8.1,9.68,6.52,5.53,4.55,4.35,2.37,5.17,5.29,5.34,5.22,0.98,2.16,1.57,1.57,1.38,0.0,0.59,-0.79,-0.2,-1.18
2020-08-28,000059,5.09,5.13,5.14,5.08,90084,45983784.0,1.18,0.79,0.04,0.56,7.09,7.68,7.68,9.25,6.1,5.12,4.13,3.94,1.97,0.98,5.15,5.26,5.34,5.23,1.36,0.78,0.78,0.58,-0.78,-0.19,-1.56,-0.97,-1.95,-5.26
2020-08-31,000059,5.15,5.16,5.2,5.15,101793,52681611.0,0.97,0.58,0.03,0.64,6.21,6.21,7.77,4.66,3.69,2.72,2.52,0.58,-0.39,-0.19,5.13,5.23,5.34,5.23,0.19,0.19,0.0,-1.36,-0.78,-2.13,-1.55,-2.52,-5.81,-4.46
2020-09-01,000059,5.16,5.15,5.17,5.13,65467,33675454.0,0.78,-0.19,-0.01,0.41,6.63,8.19,5.07,4.09,3.12,2.92,0.97,0.0,0.19,1.36,5.12,5.2,5.33,5.23,0.39,0.19,-1.17,-0.58,-1.94,-1.36,-2.33,-5.63,-4.27,-4.85
2020-09-02,000059,5.15,5.1,5.17,5.07,98834,50492072.0,1.94,-0.97,-0.05,0.62,9.47,6.31,5.33,4.34,4.14,2.17,1.18,1.38,2.56,1.97,5.13,5.17,5.31,5.23,1.18,-0.2,0.39,-0.98,-0.39,-1.37,-4.71,-3.33,-3.92,-2.35
2020-09-03,000059,5.11,5.1,5.16,5.08,83492,42787574.0,1.57,0.0,0.0,0.52,6.1,5.12,4.13,3.94,1.97,0.98,1.18,2.36,1.77,1.77,5.13,5.15,5.28,5.24,-0.2,0.39,-0.98,-0.39,-1.37,-4.71,-3.33,-3.92,-2.35,-3.14
2020-09-04,000059,5.08,5.07,5.09,5.04,89134,45136208.0,0.98,-0.59,-0.03,0.56,5.95,4.96,4.76,2.78,1.79,1.98,3.17,2.58,2.58,2.38,5.12,5.13,5.26,5.24,0.99,-0.39,0.2,-0.79,-4.14,-2.76,-3.35,-1.78,-2.56,-1.58
2020-09-07,000059,5.07,4.99,5.12,4.97,127757,64431911.0,2.96,-1.58,-0.08,0.8,6.44,6.24,4.23,3.22,3.42,4.63,4.02,4.02,3.82,2.41,5.08,5.11,5.23,5.25,1.2,1.8,0.8,-2.61,-1.2,-1.8,-0.2,-1.0,0.0,0.4
2020-09-08,000059,5.01,5.05,5.05,4.94,95940,47920819.0,2.2,1.2,0.06,0.6,6.88,4.86,3.85,4.05,5.26,4.66,4.66,4.45,3.04,3.64,5.06,5.09,5.22,5.25,0.59,-0.4,-3.76,-2.38,-2.97,-1.39,-2.18,-1.19,-0.79,-0.79
2020-09-09,000059,4.99,5.0,5.08,4.96,103797,52090170.0,2.38,-0.99,-0.05,0.65,4.44,3.43,3.63,4.84,4.23,4.23,4.03,2.62,3.23,1.81,5.04,5.08,5.2,5.26,0.6,-2.8,-1.4,-2.0,-0.4,-1.2,-0.2,0.2,0.2,-0.2
2020-09-10,000059,4.99,4.83,5.03,4.82,178610,87726685.0,4.2,-3.4,-0.17,1.12,6.43,6.64,7.88,7.26,7.26,7.05,5.6,6.22,4.77,5.39,4.99,5.06,5.17,5.25,0.62,2.07,1.45,3.11,2.28,3.31,3.73,3.73,3.31,0.83
2020-09-11,000059,4.78,4.84,4.86,4.78,75644,36432534.0,1.66,0.21,0.01,0.47,7.53,8.79,8.16,8.16,7.95,6.49,7.11,5.65,6.28,5.23,4.94,5.03,5.14,5.24,1.86,1.24,2.89,2.07,3.1,3.51,3.51,3.1,0.62,0.0
2020-09-14,000059,4.86,4.88,4.93,4.81,62384,30413482.0,2.48,0.83,0.04,0.39,8.11,7.48,7.48,7.28,5.82,6.44,4.99,5.61,4.57,1.04,4.92,5.0,5.11,5.22,0.41,2.05,1.23,2.25,2.66,2.66,2.25,-0.2,-0.82,-0.82
2020-09-15,000059,4.85,4.88,4.9,4.82,55963,27171785.0,1.64,0.0,0.0,0.35,7.26,7.26,7.05,5.6,6.22,4.77,5.39,4.36,0.83,2.28,4.89,4.97,5.09,5.21,2.05,1.23,2.25,2.66,2.66,2.25,-0.2,-0.82,-0.82,-0.82
2020-09-16,000059,4.87,4.9,4.98,4.87,85148,41961798.0,2.25,0.41,0.02,0.53,6.16,5.95,4.52,5.13,3.7,4.31,3.29,-0.21,1.23,0.62,4.87,4.95,5.06,5.19,0.82,1.84,2.24,2.24,1.84,-0.61,-1.22,-1.22,-1.22,-0.82
2020-09-17,000059,4.91,4.92,4.94,4.88,46071,22632536.0,1.22,0.41,0.02,0.29,5.74,4.3,4.92,3.48,4.1,3.07,-0.41,1.02,0.41,2.05,4.88,4.94,5.04,5.16,1.42,1.83,1.83,1.42,-1.02,-1.63,-1.63,-1.63,-1.22,-0.2
2020-09-18,000059,4.92,4.99,4.99,4.9,77383,38265943.0,1.83,1.42,0.07,0.48,3.88,4.49,3.06,3.67,2.65,-0.82,0.61,0.0,1.63,0.82,4.91,4.93,5.03,5.15,0.4,0.4,0.0,-2.4,-3.01,-3.01,-3.01,-2.61,-1.6,0.0
2020-09-21,000059,4.99,4.89,5.01,4.89,106479,52561160.0,2.4,-2.0,-0.1,0.67,4.7,3.27,3.89,2.86,-0.61,0.82,0.2,1.84,1.02,2.04,4.92,4.92,5.01,5.13,2.45,2.04,-0.41,-1.02,-1.02,-1.02,-0.61,0.41,2.04,1.64
2020-09-22,000059,4.86,4.99,5.01,4.83,124515,61199014.0,3.68,2.04,0.1,0.78,4.55,5.18,4.14,0.62,2.07,1.45,3.11,2.28,3.31,3.73,4.94,4.91,5.0,5.12,0.0,-2.4,-3.01,-3.01,-3.01,-2.61,-1.6,0.0,-0.4,2.61
2020-09-23,000059,4.95,4.91,4.99,4.89,133241,65775959.0,2.0,-1.6,-0.08,0.83,3.89,2.86,-0.61,0.82,0.2,1.84,1.02,2.04,2.45,2.45,4.94,4.9,4.99,5.1,-0.81,-1.43,-1.43,-1.43,-1.02,0.0,1.63,1.22,4.28,6.11
2020-09-24,000059,4.85,4.79,4.87,4.79,88873,42840653.0,1.63,-2.44,-0.12,0.56,5.01,1.46,2.92,2.3,3.97,3.13,4.18,4.59,4.59,4.18,4.91,4.9,4.98,5.08,1.04,1.04,1.04,1.46,2.51,4.18,3.76,6.89,8.77,8.98
2020-09-25,000059,4.82,4.8,4.84,4.79,38532,18548022.0,1.04,0.21,0.01,0.24,1.46,2.92,2.3,3.97,3.13,4.18,4.59,4.59,4.18,1.67,4.88,4.9,4.96,5.06,0.83,0.83,1.25,2.29,3.96,3.54,6.67,8.54,8.75,8.75
2020-09-28,000059,4.8,4.79,4.84,4.78,47168,22663919.0,1.25,-0.21,-0.01,0.29,3.14,2.51,4.18,3.35,4.39,4.81,4.81,4.39,1.88,1.26,4.86,4.89,4.94,5.04,1.04,1.46,2.51,4.18,3.76,6.89,8.77,8.98,8.98,8.14
2020-09-29,000059,4.82,4.83,4.84,4.8,30902,14912492.0,0.84,0.84,0.04,0.19,2.08,3.75,2.92,3.96,4.37,4.37,3.96,1.46,0.83,0.83,4.82,4.88,4.93,5.02,0.62,1.66,3.31,2.9,6.0,7.87,8.07,8.07,7.25,7.87
2020-09-30,000059,4.83,4.8,4.86,4.8,35602,17177712.0,1.24,-0.62,-0.03,0.22,3.75,2.92,3.96,4.37,4.37,3.96,1.46,0.83,0.83,0.83,4.8,4.87,4.91,5.0,2.29,3.96,3.54,6.67,8.54,8.75,8.75,7.92,8.54,8.96
2020-10-09,000059,4.87,4.9,4.91,4.86,63671,31120215.0,1.04,2.08,0.1,0.4,1.65,2.67,3.09,3.09,2.67,0.21,-0.41,-0.41,-0.41,0.0,4.82,4.87,4.9,4.99,1.84,1.43,4.49,6.33,6.53,6.53,5.71,6.33,6.73,5.92
2020-10-12,000059,4.89,4.98,4.99,4.88,82941,41063423.0,2.24,1.63,0.08,0.52,2.25,2.66,2.66,2.25,-0.2,-0.82,-0.82,-0.82,-0.41,0.61,4.86,4.87,4.9,4.98,-0.2,2.81,4.62,4.82,4.82,4.02,4.62,5.02,4.22,3.61
2020-10-13,000059,4.97,4.95,4.97,4.93,52860,26155751.0,0.8,-0.6,-0.03,0.33,1.62,1.62,1.22,-1.22,-1.83,-1.83,-1.83,-1.42,-0.41,1.22,4.89,4.87,4.9,4.97,3.43,5.25,5.45,5.45,4.65,5.25,5.66,4.85,4.24,2.63
2020-10-14,000059,5.05,5.0,5.12,4.99,154923,78076815.0,2.63,1.01,0.05,0.97,0.4,0.0,-2.4,-3.01,-3.01,-3.01,-2.61,-1.6,0.0,-0.4,4.93,4.88,4.89,4.96,4.2,4.4,4.4,3.6,4.2,4.6,3.8,3.2,1.6,2.4
2020-10-15,000059,5.01,5.15,5.21,5.0,195906,100513726.0,4.2,3.0,0.15,1.22,-0.2,-2.6,-3.2,-3.2,-3.2,-2.8,-1.8,-0.2,-0.6,2.4,5.0,4.9,4.9,4.96,1.36,1.36,0.58,1.17,1.55,0.78,0.19,-1.36,-0.58,-1.17
2020-10-16,000059,5.15,5.17,5.22,5.1,100958,52112783.0,2.33,0.39,0.02,0.63,-4.51,-5.1,-5.1,-5.1,-4.71,-3.73,-2.16,-2.55,0.39,2.16,5.05,4.94,4.92,4.96,0.97,0.19,0.77,1.16,0.39,-0.19,-1.74,-0.97,-1.55,-1.35
2020-10-19,000059,5.21,5.12,5.22,5.1,83109,42787219.0,2.32,-0.97,-0.05,0.52,-5.1,-5.1,-5.1,-4.71,-3.73,-2.16,-2.55,0.39,2.16,2.35,5.08,4.97,4.93,4.96,1.17,1.76,2.15,1.37,0.78,-0.78,0.0,-0.59,-0.39,-0.59
2020-10-20,000059,5.11,5.15,5.18,5.08,77803,40008321.0,1.95,0.59,0.03,0.49,-4.72,-4.72,-4.33,-3.35,-1.77,-2.17,0.79,2.56,2.76,2.76,5.12,5.01,4.95,4.96,1.17,1.55,0.78,0.19,-1.36,-0.58,-1.17,-0.97,-1.17,-0.39
2020-10-21,000059,5.15,5.2,5.21,5.14,98210,50878108.0,1.36,0.97,0.05,0.61,-5.84,-5.45,-4.47,-2.92,-3.31,-0.39,1.36,1.56,1.56,0.78,5.16,5.04,4.96,4.97,0.58,-0.19,-0.77,-2.31,-1.54,-2.12,-1.92,-2.12,-1.35,-0.77
2020-10-22,000059,5.17,5.17,5.23,5.15,106903,55399434.0,1.54,-0.58,-0.03,0.67,-5.63,-4.66,-3.11,-3.5,-0.58,1.17,1.36,1.36,0.58,1.17,5.16,5.08,4.98,4.97,0.39,-0.19,-1.74,-0.97,-1.55,-1.35,-1.55,-0.77,-0.19,-0.19
2020-10-23,000059,5.19,5.11,5.19,5.11,65234,33516899.0,1.55,-1.16,-0.06,0.41,-3.91,-2.35,-2.74,0.2,1.96,2.15,2.15,1.37,1.96,2.35,5.15,5.1,4.98,4.97,0.98,-0.59,0.2,-0.39,-0.2,-0.39,0.39,0.98,0.98,1.37
2020-10-26,000059,5.16,5.08,5.16,5.04,67121,34100015.0,2.35,-0.59,-0.03,0.42,-0.99,-1.39,1.59,3.37,3.57,3.57,2.78,3.37,3.77,2.98,5.14,5.11,4.99,4.97,0.0,0.79,0.2,0.39,0.2,0.98,1.57,1.57,1.97,3.94
2020-10-27,000059,5.05,5.06,5.08,5.01,48278,24374548.0,1.38,-0.39,-0.02,0.3,-0.8,2.2,3.99,4.19,4.19,3.39,3.99,4.39,3.59,2.99,5.12,5.12,5.0,4.97,1.19,0.59,0.79,0.59,1.38,1.98,1.98,2.37,4.35,5.93
2020-10-28,000059,5.05,5.11,5.12,5.01,83053,42242989.0,2.17,0.99,0.05,0.52,2.2,3.99,4.19,4.19,3.39,3.99,4.39,3.59,2.99,1.4,5.11,5.13,5.0,4.97,-0.39,-0.2,-0.39,0.39,0.98,0.98,1.37,3.33,4.89,6.65
2020-10-29,000059,5.04,5.07,5.09,5.03,62719,31764662.0,1.17,-0.78,-0.04,0.39,3.58,3.78,3.78,2.98,3.58,3.98,3.18,2.58,0.99,1.79,5.09,5.12,5.01,4.98,0.59,0.39,1.18,1.78,1.78,2.17,4.14,5.72,7.5,11.44
2020-10-30,000059,5.05,4.98,5.1,4.97,115985,58461959.0,2.56,-1.78,-0.09,0.73,5.03,5.03,4.23,4.83,5.23,4.43,3.82,2.21,3.02,2.41,5.06,5.11,5.02,4.98,2.21,3.01,3.61,3.61,4.02,6.02,7.63,9.44,13.45,12.65
2020-11-02,000059,5.0,5.07,5.09,4.97,84784,42841162.0,2.41,1.81,0.09,0.53,5.03,4.23,4.83,5.23,4.43,3.82,2.21,3.02,2.41,2.62,5.06,5.1,5.03,4.99,1.18,1.78,1.78,2.17,4.14,5.72,7.5,11.44,10.65,18.15
2020-11-03,000059,5.08,5.12,5.13,5.07,94411,48135364.0,1.18,0.99,0.05,0.59,2.17,2.76,3.16,2.37,1.78,0.2,0.99,0.39,0.59,0.39,5.07,5.1,5.05,5.0,0.78,0.78,1.17,3.12,4.69,6.45,10.35,9.57,16.99,17.77
2020-11-04,000059,5.15,5.12,5.16,5.1,75610,38733527.0,1.17,0.0,0.0,0.47,2.16,2.55,1.76,1.18,-0.39,0.39,-0.2,0.0,-0.2,0.59,5.07,5.09,5.07,5.0,0.78,1.17,3.12,4.69,6.45,10.35,9.57,16.99,17.77,17.77
2020-11-05,000059,5.14,5.15,5.16,5.09,80099,41072748.0,1.37,0.59,0.03,0.5,2.75,1.96,1.38,-0.2,0.59,0.0,0.2,0.0,0.79,1.38,5.09,5.09,5.08,5.01,0.58,2.52,4.08,5.83,9.71,8.93,16.31,17.09,17.09,18.83
2020-11-06,000059,5.16,5.17,5.18,5.12,74950,38610091.0,1.17,0.39,0.02,0.47,1.37,0.78,-0.78,0.0,-0.59,-0.39,-0.59,0.2,0.78,0.78,5.13,5.09,5.1,5.02,2.13,3.68,5.42,9.28,8.51,15.86,16.63,16.63,18.38,15.09
2020-11-09,000059,5.2,5.21,5.28,5.18,103781,54303722.0,1.93,0.77,0.04,0.65,-0.39,-1.93,-1.16,-1.74,-1.54,-1.74,-0.97,-0.39,-0.39,0.0,5.15,5.11,5.11,5.03,2.88,4.61,8.45,7.68,14.97,15.74,15.74,17.47,14.2,17.85
2020-11-10,000059,5.26,5.28,5.36,5.25,158921,84257143.0,2.11,1.34,0.07,0.99,-3.24,-2.48,-3.05,-2.86,-3.05,-2.29,-1.71,-1.71,-1.33,0.57,5.19,5.13,5.12,5.04,3.22,7.01,6.25,13.45,14.2,14.2,15.91,12.69,16.29,16.1
2020-11-11,000059,5.29,5.4,5.45,5.26,221277,119211761.0,3.6,2.27,0.12,1.38,-2.66,-3.23,-3.04,-3.23,-2.47,-1.9,-1.9,-1.52,0.38,1.9,5.24,5.16,5.14,5.05,4.63,3.89,10.93,11.67,11.67,13.33,10.19,13.7,13.52,16.67
2020-11-12,000059,5.41,5.61,5.65,5.38,317412,176776850.0,5.0,3.89,0.21,1.98,-5.39,-5.2,-5.39,-4.65,-4.09,-4.09,-3.72,-1.86,-0.37,1.3,5.33,5.21,5.17,5.08,0.0,6.77,7.49,7.49,9.09,6.06,9.45,9.27,12.3,7.49
2020-11-13,000059,5.57,5.6,5.61,5.48,190235,105681799.0,2.32,-0.18,-0.01,1.19,-6.93,-7.12,-6.39,-5.84,-5.84,-5.47,-3.65,-2.19,-0.55,3.1,5.42,5.27,5.19,5.11,6.96,7.68,7.68,9.29,6.25,9.64,9.46,12.5,7.68,5.18
2020-11-16,000059,5.65,5.97,5.99,5.65,457232,268611712.0,6.07,6.61,0.37,2.86,-9.91,-9.2,-8.67,-8.67,-8.32,-6.55,-5.13,-3.54,0.0,-0.71,5.57,5.36,5.23,5.14,1.01,1.01,2.51,-0.34,2.85,2.68,5.53,1.01,-1.34,1.01
2020-11-17,000059,5.93,5.99,6.03,5.82,259267,153466377.0,3.52,0.34,0.02,1.62,-11.86,-11.34,-11.34,-11.0,-9.28,-7.9,-6.36,-2.92,-3.61,2.92,5.71,5.45,5.27,5.18,0.67,2.17,-0.67,2.5,2.34,5.18,0.67,-1.67,0.67,-2.0
2020-11-18,000059,5.95,5.99,6.03,5.9,235782,140693227.0,2.17,0.0,0.0,1.47,-12.54,-12.54,-12.2,-10.51,-9.15,-7.63,-4.24,-4.92,1.53,2.2,5.83,5.54,5.31,5.22,2.17,-0.67,2.5,2.34,5.18,0.67,-1.67,0.67,-2.0,-1.84
2020-11-19,000059,6.0,5.91,6.12,5.82,307932,182741741.0,5.01,-1.34,-0.08,1.93,-11.34,-11.0,-9.28,-7.9,-6.36,-2.92,-3.61,2.92,3.61,3.61,5.89,5.61,5.35,5.26,0.68,3.89,3.72,6.6,2.03,-0.34,2.03,-0.68,-0.51,-1.69
2020-11-20,000059,5.93,5.93,5.95,5.82,202609,119578151.0,2.2,0.34,0.02,1.27,-11.0,-9.28,-7.9,-6.36,-2.92,-3.61,2.92,3.61,3.61,5.15,5.96,5.69,5.39,5.29,3.54,3.37,6.24,1.69,-0.67,1.69,-1.01,-0.84,-2.02,-3.37
2020-11-23,000059,5.95,6.06,6.14,5.92,312568,189832044.0,3.71,2.19,0.13,1.95,-10.81,-9.46,-7.94,-4.56,-5.24,1.18,1.86,1.86,3.38,0.51,5.98,5.77,5.44,5.33,1.16,3.96,-0.5,-2.81,-0.5,-3.14,-2.97,-4.13,-5.45,-5.45
2020-11-24,000059,6.08,6.09,6.13,6.02,181103,110004669.0,1.82,0.5,0.03,1.13,-10.96,-9.47,-6.15,-6.81,-0.5,0.17,0.17,1.66,-1.16,1.99,6.0,5.86,5.49,5.37,3.45,-0.99,-3.28,-0.99,-3.61,-3.45,-4.6,-5.91,-5.91,-7.39
2020-11-25,000059,6.18,5.96,6.3,5.95,276981,168597862.0,5.75,-2.13,-0.13,1.73,-8.4,-5.04,-5.71,0.67,1.34,1.34,2.86,0.0,3.19,3.03,5.99,5.91,5.53,5.4,1.17,-1.17,1.17,-1.51,-1.34,-2.52,-3.86,-3.86,-5.37,-6.04
2020-11-26,000059,5.96,5.84,6.03,5.81,192711,113551221.0,3.69,-2.01,-0.12,1.2,-2.75,-3.44,3.1,3.79,3.79,5.34,2.41,5.68,5.51,8.43,5.98,5.93,5.57,5.42,0.86,3.25,0.51,0.68,-0.51,-1.88,-1.88,-3.42,-4.11,-5.48
2020-11-27,000059,5.88,5.82,5.89,5.73,148628,86081707.0,2.74,-0.34,-0.02,0.93,-2.09,4.54,5.24,5.24,6.81,3.84,7.16,6.98,9.95,5.24,5.95,5.96,5.61,5.44,3.61,0.86,1.03,-0.17,-1.55,-1.55,-3.09,-3.78,-5.15,-3.44
2020-11-30,000059,5.83,5.8,6.03,5.8,179025,105865281.0,3.95,-0.34,-0.02,1.12,3.28,3.97,3.97,5.52,2.59,5.86,5.69,8.62,3.97,1.55,5.9,5.94,5.65,5.47,1.21,1.38,0.17,-1.21,-1.21,-2.76,-3.45,-4.83,-3.1,-6.55
2020-12-01,000059,5.8,5.85,5.87,5.74,162772,94535137.0,2.24,0.86,0.05,1.02,5.05,5.05,6.62,3.66,6.97,6.79,9.76,5.05,2.61,5.05,5.85,5.93,5.69,5.49,0.51,-0.68,-2.05,-2.05,-3.59,-4.27,-5.64,-3.93,-7.35,-8.03
2020-12-02,000059,5.88,5.77,5.88,5.75,164922,95785746.0,2.22,-1.37,-0.08,1.03,4.87,6.43,3.48,6.78,6.61,9.57,4.87,2.43,4.87,2.09,5.82,5.9,5.72,5.51,0.69,-0.69,-0.69,-2.25,-2.95,-4.33,-2.6,-6.07,-6.76,-5.55
2020-12-03,000059,5.8,5.7,5.81,5.67,142315,81578558.0,2.43,-1.21,-0.07,0.89,7.94,4.94,8.29,8.11,11.11,6.35,3.88,6.35,3.53,3.7,5.79,5.88,5.75,5.53,0.53,0.53,-1.05,-1.75,-3.16,-1.4,-4.91,-5.61,-4.39,2.11
2020-12-04,000059,5.68,5.72,5.73,5.6,139288,78918791.0,2.28,0.35,0.02,0.87,6.25,9.64,9.46,12.5,7.68,5.18,7.68,4.82,5.0,3.75,5.77,5.86,5.78,5.55,0.17,-1.4,-2.1,-3.5,-1.75,-5.24,-5.94,-4.72,1.75,0.7
2020-12-07,000059,5.72,5.59,5.73,5.57,129937,73099914.0,2.8,-2.27,-0.13,0.81,10.23,10.05,13.11,8.26,5.75,8.26,5.39,5.57,4.31,2.87,5.73,5.81,5.79,5.56,0.89,0.18,-1.25,0.54,-3.04,-3.76,-2.5,4.11,3.04,2.33
2020-12-08,000059,5.6,5.59,5.64,5.56,79959,44740257.0,1.43,0.0,0.0,0.5,10.25,13.31,8.45,5.94,8.45,5.58,5.76,4.5,3.06,3.06,5.67,5.76,5.81,5.58,0.18,-1.25,0.54,-3.04,-3.76,-2.5,4.11,3.04,2.33,1.97
2020-12-09,000059,5.59,5.43,5.6,5.4,149090,81822587.0,3.58,-2.86,-0.16,0.93,16.67,11.67,9.07,11.67,8.7,8.89,7.59,6.11,6.11,4.44,5.61,5.71,5.81,5.59,1.66,3.5,-0.18,-0.92,0.37,7.18,6.08,5.34,4.97,3.87
2020-12-10,000059,5.42,5.49,5.52,5.38,87871,47957449.0,2.58,1.1,0.06,0.55,12.08,9.48,12.08,9.11,9.29,7.99,6.51,6.51,4.83,4.09,5.56,5.68,5.81,5.61,2.37,-1.28,-2.0,-0.73,6.01,4.92,4.19,3.83,2.73,1.46
2020-12-11,000059,5.53,5.34,5.62,5.32,181163,98563362.0,5.46,-2.73,-0.15,1.13,10.71,13.35,10.34,10.53,9.21,7.71,7.71,6.02,5.26,3.76,5.49,5.63,5.79,5.62,1.5,0.75,2.06,8.99,7.87,7.12,6.74,5.62,4.31,8.8
2020-12-14,000059,5.33,5.37,5.42,5.29,98834,52933589.0,2.43,0.56,0.03,0.62,13.99,10.96,11.15,9.83,8.32,8.32,6.62,5.86,4.35,6.24,5.44,5.59,5.76,5.63,0.19,1.49,8.38,7.26,6.52,6.15,5.03,3.72,8.19,7.26
2020-12-15,000059,5.36,5.35,5.38,5.28,59148,31511681.0,1.86,-0.37,-0.02,0.37,11.17,11.36,10.04,8.52,8.52,6.82,6.06,4.55,6.44,2.65,5.4,5.54,5.73,5.64,1.87,8.79,7.66,6.92,6.54,5.42,4.11,8.6,7.66,5.23
2020-12-16,000059,5.34,5.38,5.45,5.32,90842,48925344.0,2.43,0.56,0.03,0.57,10.53,9.21,7.71,7.71,6.02,5.26,3.76,5.64,1.88,1.13,5.39,5.5,5.7,5.65,8.18,7.06,6.32,5.95,4.83,3.53,7.99,7.06,4.65,3.16
2020-12-17,000059,5.38,5.67,5.82,5.38,247573,139225043.0,8.18,5.39,0.29,1.55,7.99,6.51,6.51,4.83,4.09,2.6,4.46,0.74,0.0,1.3,5.42,5.49,5.69,5.66,1.59,0.88,0.53,-0.53,-1.76,2.47,1.59,-0.71,-2.12,-0.53
2020-12-18,000059,5.67,5.68,5.76,5.65,123337,70260150.0,1.94,0.18,0.01,0.77,1.42,1.42,-0.18,-0.88,-2.3,-0.53,-4.07,-4.78,-3.54,3.01,5.49,5.49,5.68,5.68,0.7,0.35,-0.7,-1.94,2.29,1.41,-0.88,-2.29,-0.7,1.58
2020-12-21,000059,5.68,5.68,5.72,5.63,108839,61824941.0,1.58,0.0,0.0,0.68,1.78,0.18,-0.53,-1.95,-0.18,-3.73,-4.44,-3.2,3.37,2.31,5.55,5.5,5.66,5.7,0.35,-0.7,-1.94,2.29,1.41,-0.88,-2.29,-0.7,1.58,-0.18
2020-12-22,000059,5.68,5.48,5.7,5.48,154909,86365653.0,3.87,-3.52,-0.2,0.97,2.92,2.19,0.73,2.55,-1.09,-1.82,-0.55,6.2,5.11,4.38,5.58,5.49,5.63,5.7,2.92,1.64,6.02,5.11,2.74,1.28,2.92,5.29,3.47,5.66
2020-12-23,000059,5.52,5.47,5.64,5.45,127217,70249964.0,3.47,-0.18,-0.01,0.8,2.75,1.28,3.12,-0.55,-1.28,0.0,6.79,5.69,4.95,4.59,5.6,5.49,5.6,5.7,1.83,6.22,5.3,2.93,1.46,3.11,5.48,3.66,5.85,4.75
2020-12-24,000059,5.51,5.43,5.57,5.42,95669,52432513.0,2.74,-0.73,-0.04,0.6,1.85,3.69,0.0,-0.74,0.55,7.38,6.27,5.54,5.17,4.06,5.55,5.49,5.58,5.7,7.0,6.08,3.68,2.21,3.87,6.26,4.42,6.63,5.52,3.87
2020-12-25,000059,5.42,5.7,5.81,5.41,187499,106387319.0,7.37,4.97,0.27,1.17,3.88,0.18,-0.55,0.74,7.58,6.47,5.73,5.36,4.25,2.96,5.55,5.52,5.57,5.7,1.05,-1.23,-2.63,-1.05,1.23,-0.53,1.58,0.53,-1.05,-1.93
2020-12-28,000059,5.74,5.53,5.76,5.52,160843,90194468.0,4.21,-2.98,-0.17,1.01,-1.81,-2.54,-1.27,5.43,4.35,3.62,3.26,2.17,0.91,5.25,5.52,5.54,5.56,5.69,1.81,0.36,1.99,4.34,2.53,4.7,3.62,1.99,1.08,-1.27
2020-12-29,000059,5.59,5.49,5.63,5.47,102771,56848197.0,2.89,-0.72,-0.04,0.64,-1.65,-0.37,6.4,5.3,4.57,4.2,3.11,1.83,6.22,5.3,5.52,5.55,5.54,5.67,1.09,2.73,5.1,3.28,5.46,4.37,2.73,1.82,-0.55,1.09
2020-12-30,000059,5.54,5.53,5.55,5.46,98436,54301899.0,1.64,0.73,0.04,0.62,-0.18,6.59,5.49,4.76,4.4,3.3,2.01,6.41,5.49,3.11,5.54,5.57,5.53,5.66,1.99,4.34,2.53,4.7,3.62,1.99,1.08,-1.27,0.36,-0.18
2020-12-31,000059,5.58,5.52,5.64,5.42,212233,117370879.0,3.98,-0.18,-0.01,1.33,7.38,6.27,5.54,5.17,4.06,2.77,7.2,6.27,3.87,2.4,5.55,5.55,5.52,5.64,4.53,2.72,4.89,3.8,2.17,1.27,-1.09,0.54,0.0,-0.54
2021-01-04,000059,5.5,5.65,5.77,5.5,195747,110829760.0,4.89,2.36,0.13,1.22,4.73,4.0,3.64,2.55,1.27,5.64,4.73,2.36,0.91,2.55,5.54,5.55,5.52,5.63,0.35,2.48,1.42,-0.18,-1.06,-3.36,-1.77,-2.3,-2.83,0.71
2021-01-05,000059,5.58,5.64,5.67,5.53,156587,87683247.0,2.48,-0.18,-0.01,0.98,3.44,3.07,1.99,0.72,5.06,4.16,1.81,0.36,1.99,4.34,5.57,5.54,5.52,5.62,2.66,1.6,0.0,-0.89,-3.19,-1.6,-2.13,-2.66,0.89,5.14
2021-01-06,000059,5.71,5.63,5.79,5.59,159874,90701416.0,3.55,-0.18,-0.01,1.0,1.97,0.89,-0.36,3.94,3.04,0.72,-0.72,0.89,3.22,1.43,5.59,5.56,5.52,5.6,1.78,0.18,-0.71,-3.02,-1.42,-1.95,-2.49,1.07,5.33,5.15
2021-01-07,000059,5.62,5.64,5.73,5.55,191185,107627746.0,3.2,0.18,0.01,1.2,1.62,0.36,4.68,3.78,1.44,0.0,1.62,3.96,2.16,4.32,5.62,5.58,5.53,5.59,0.0,-0.89,-3.19,-1.6,-2.13,-2.66,0.89,5.14,4.96,4.08
2021-01-08,000059,5.61,5.54,5.64,5.44,174614,96457409.0,3.55,-1.77,-0.1,1.09,2.39,6.8,5.88,3.49,2.02,3.68,6.07,4.23,6.43,5.33,5.62,5.59,5.54,5.58,0.9,-1.44,0.18,-0.36,-0.9,2.71,7.04,6.86,5.96,4.87
2021-01-11,000059,5.54,5.37,5.59,5.34,175012,95649596.0,4.51,-3.07,-0.17,1.09,8.8,7.87,5.43,3.93,5.62,8.05,6.18,8.43,7.3,5.62,5.56,5.55,5.54,5.57,1.68,3.35,2.79,2.23,5.96,10.43,10.24,9.31,8.19,8.57
2021-01-12,000059,5.35,5.42,5.46,5.32,90547,48792958.0,2.61,0.93,0.05,0.57,8.27,5.83,4.32,6.02,8.46,6.58,8.83,7.71,6.02,5.08,5.52,5.54,5.54,5.56,2.4,1.85,1.29,4.98,9.41,9.23,8.3,7.2,7.56,6.64
2021-01-13,000059,5.45,5.49,5.55,5.34,117203,63929738.0,3.87,1.29,0.07,0.73,5.43,3.93,5.62,8.05,6.18,8.43,7.3,5.62,4.68,2.25,5.49,5.54,5.55,5.54,0.55,0.0,3.64,8.01,7.83,6.92,5.83,6.19,5.28,6.74
2021-01-14,000059,5.44,5.45,5.52,5.43,91650,50065074.0,1.64,-0.73,-0.04,0.57,2.21,3.87,6.26,4.42,6.63,5.52,3.87,2.95,0.55,2.21,5.45,5.54,5.55,5.53,0.73,4.4,8.81,8.62,7.71,6.61,6.97,6.06,7.52,11.19
2021-01-15,000059,5.45,5.45,5.49,5.4,76605,41687220.0,1.65,0.0,0.0,0.48,4.44,6.85,5.0,7.22,6.11,4.44,3.52,1.11,2.78,2.22,5.44,5.53,5.54,5.52,4.4,8.81,8.62,7.71,6.61,6.97,6.06,7.52,11.19,8.07
2021-01-18,000059,5.44,5.65,5.69,5.41,172493,96443154.0,5.14,3.67,0.2,1.08,6.65,4.81,7.02,5.91,4.25,3.33,0.92,2.59,2.03,1.48,5.49,5.53,5.54,5.52,4.96,4.78,3.89,2.83,3.19,2.3,3.72,7.26,4.25,-5.31
2021-01-19,000059,5.62,5.86,5.93,5.62,245764,143399353.0,5.49,3.72,0.21,1.54,0.89,3.02,1.96,0.36,-0.53,-2.85,-1.25,-1.78,-2.31,1.25,5.58,5.55,5.55,5.53,1.02,0.17,-0.85,-0.51,-1.37,0.0,3.41,0.51,-8.7,-12.63
2021-01-20,000059,5.88,5.87,5.92,5.75,141770,82623156.0,2.9,0.17,0.01,0.89,0.7,-0.35,-1.91,-2.78,-5.04,-3.48,-4.0,-4.52,-1.04,3.13,5.66,5.57,5.57,5.54,0.0,-1.02,-0.68,-1.53,-0.17,3.24,0.34,-8.86,-12.78,-13.46
2021-01-21,000059,5.83,5.8,5.87,5.77,123731,71820974.0,1.7,-1.19,-0.07,0.77,-0.69,-2.25,-3.12,-5.37,-3.81,-4.33,-4.85,-1.39,2.77,2.6,5.73,5.59,5.58,5.55,0.17,0.52,-0.34,1.03,4.48,1.55,-7.76,-11.72,-12.41,-13.1
2021-01-22,000059,5.78,5.74,5.81,5.65,126540,72515110.0,2.76,-1.03,-0.06,0.79,-0.18,-1.06,-3.36,-1.77,-2.3,-2.83,0.71,4.96,4.78,3.89,5.78,5.61,5.6,5.56,1.57,0.7,2.09,5.57,2.61,-6.79,-10.8,-11.5,-12.2,-12.02
2021-01-25,000059,5.73,5.81,5.83,5.64,199787,114649350.0,3.31,1.22,0.07,1.25,-0.89,-3.19,-1.6,-2.13,-2.66,0.89,5.14,4.96,4.08,3.01,5.82,5.65,5.6,5.58,-0.52,0.86,4.3,1.38,-7.92,-11.88,-12.56,-13.25,-13.08,-12.05
2021-01-26,000059,5.76,5.61,5.78,5.57,141459,79890803.0,3.61,-3.44,-0.2,0.88,-1.97,-0.36,-0.9,-1.44,2.15,6.46,6.28,5.39,4.31,4.67,5.77,5.67,5.61,5.58,4.46,8.02,4.99,-4.63,-8.73,-9.45,-10.16,-9.98,-8.91,-8.73
2021-01-27,000059,5.58,5.74,5.86,5.58,195055,111975149.0,4.99,2.32,0.13,1.22,-0.54,-1.08,-1.61,1.97,6.27,6.09,5.2,4.12,4.48,3.58,5.74,5.7,5.62,5.6,5.57,2.61,-6.79,-10.8,-11.5,-12.2,-12.02,-10.98,-10.8,-8.71
2021-01-28,000059,5.69,6.0,6.06,5.61,385242,226360476.0,7.84,4.53,0.26,2.41,-1.6,-2.14,1.43,5.7,5.53,4.63,3.57,3.92,3.03,4.46,5.78,5.75,5.64,5.62,-1.83,-10.83,-14.67,-15.33,-16.0,-15.83,-14.83,-14.67,-12.67,-4.83
2021-01-29,000059,5.82,5.4,5.89,5.4,496603,273667296.0,8.17,-10.0,-0.6,3.1,1.67,5.37,9.81,9.63,8.7,7.59,7.96,7.04,8.52,12.22,5.71,5.75,5.64,5.61,-0.93,-5.19,-5.93,-6.67,-6.48,-5.37,-5.19,-2.96,5.74,12.78
2021-02-01,000059,5.31,5.02,5.35,5.0,439671,223659904.0,6.48,-7.04,-0.38,2.75,13.8,18.6,18.4,17.4,16.2,16.6,15.6,17.2,21.2,17.8,5.55,5.69,5.61,5.59,1.99,1.2,0.4,0.6,1.79,1.99,4.38,13.75,21.31,28.49
2021-02-02,000059,5.07,5.05,5.12,5.01,172798,87440200.0,2.19,0.6,0.03,1.08,18.36,18.16,17.17,15.97,16.37,15.37,16.97,20.96,17.56,6.79,5.44,5.6,5.58,5.57,0.59,-0.2,0.0,1.19,1.39,3.76,13.07,20.59,27.72,26.73
2021-02-03,000059,5.08,4.96,5.08,4.94,143072,71291092.0,2.77,-1.78,-0.09,0.89,19.84,18.83,17.61,18.02,17.0,18.62,22.67,19.23,8.3,3.64,5.29,5.51,5.54,5.55,1.61,1.81,3.02,3.23,5.65,15.12,22.78,30.04,29.03,28.02
2021-02-04,000059,4.96,5.0,5.04,4.93,110478,54958211.0,2.22,0.81,0.04,0.69,19.07,17.85,18.26,17.24,18.86,22.92,19.47,8.52,3.85,3.04,5.09,5.43,5.51,5.53,1.0,2.2,2.4,4.8,14.2,21.8,29.0,28.0,27.0,31.0
2021-02-05,000059,5.02,4.83,5.05,4.8,149526,73726412.0,5.0,-3.4,-0.17,0.93,21.04,21.46,20.42,22.08,26.25,22.71,11.46,6.67,5.83,5.0,4.97,5.34,5.48,5.51,5.8,6.0,8.49,18.22,26.09,33.54,32.51,31.47,35.61,27.95
2021-02-08,000059,4.85,5.03,5.11,4.81,145919,72706601.0,6.21,4.14,0.2,0.91,21.21,20.17,21.83,25.99,22.45,11.23,6.44,5.61,4.78,4.99,4.97,5.26,5.46,5.49,1.79,4.17,13.52,21.07,28.23,27.24,26.24,30.22,22.86,24.06
2021-02-09,000059,5.06,5.12,5.12,5.04,125039,63591591.0,1.59,1.79,0.09,0.78,14.68,16.27,20.24,16.87,6.15,1.59,0.79,0.0,0.2,1.39,4.99,5.22,5.44,5.48,2.34,11.52,18.95,25.98,25.0,24.02,27.93,20.7,21.88,20.9
2021-02-10,000059,5.11,5.19,5.24,5.09,127393,65775905.0,2.93,1.37,0.07,0.8,15.13,19.06,15.72,5.11,0.59,-0.2,-0.98,-0.79,0.39,0.59,5.03,5.16,5.43,5.47,10.02,17.34,24.28,23.31,22.35,26.2,19.08,20.23,19.27,16.96
2021-02-18,000059,5.41,5.66,5.71,5.38,423378,233898244.0,6.36,9.06,0.47,2.65,12.64,9.48,-0.56,-4.83,-5.58,-6.32,-6.13,-5.02,-4.83,-2.6,5.17,5.13,5.44,5.47,7.6,13.96,13.07,12.19,15.72,9.19,10.25,9.36,7.24,8.13
2021-02-19,000059,5.64,6.04,6.09,5.59,483253,286559568.0,8.83,6.71,0.38,3.02,5.37,-4.29,-8.41,-9.12,-9.84,-9.66,-8.59,-8.41,-6.26,2.15,5.41,5.19,5.47,5.49,6.79,5.96,5.13,8.44,2.32,3.31,2.48,0.5,1.32,2.32
2021-02-22,000059,6.21,6.27,6.45,6.13,584992,369501248.0,5.3,3.81,0.23,3.66,-12.72,-16.48,-17.13,-17.78,-17.62,-16.64,-16.48,-14.52,-6.85,-0.65,5.66,5.32,5.5,5.51,2.07,1.28,4.47,-1.44,-0.48,-1.28,-3.19,-2.39,-1.44,-0.16
2021-02-23,000059,6.31,6.3,6.4,6.21,428204,270539776.0,3.03,0.48,0.03,2.68,-17.55,-18.2,-18.84,-18.68,-17.71,-17.55,-15.62,-8.05,-1.93,3.86,5.89,5.44,5.52,5.53,0.79,3.97,-1.9,-0.95,-1.75,-3.65,-2.86,-1.9,-0.63,-3.65
2021-02-24,000059,6.26,6.15,6.35,6.07,405960,250696398.0,4.44,-2.38,-0.15,2.54,-16.31,-16.97,-16.8,-15.82,-15.65,-13.67,-5.93,0.33,6.26,5.44,6.08,5.56,5.54,5.55,6.5,0.49,1.46,0.65,-1.3,-0.49,0.49,1.79,-1.3,-3.9
2021-02-25,000059,6.26,6.15,6.55,6.15,373361,234631455.0,6.5,0.0,0.0,2.33,-18.05,-17.89,-16.91,-16.75,-14.8,-7.15,-0.98,4.88,4.07,3.25,6.18,5.67,5.55,5.57,0.49,1.46,0.65,-1.3,-0.49,0.49,1.79,-1.3,-3.9,-0.33
2021-02-26,000059,6.0,6.02,6.18,5.9,313907,190413871.0,4.55,-2.11,-0.13,1.96,-14.41,-13.39,-13.22,-11.19,-3.22,3.22,9.32,8.47,7.63,11.02,6.18,5.79,5.57,5.58,3.65,2.82,0.83,1.66,2.66,3.99,0.83,-1.83,1.83,1.5
2021-03-01,000059,6.06,6.23,6.24,6.05,255988,157786333.0,3.16,3.49,0.21,1.6,-15.54,-15.37,-13.39,-5.62,0.66,6.61,5.79,4.96,8.26,2.15,6.17,5.91,5.59,5.61,-0.64,-2.57,-1.77,-0.8,0.48,-2.57,-5.14,-1.61,-1.93,-0.96
2021-03-02,000059,6.19,5.91,6.19,5.84,343372,204876569.0,5.62,-5.14,-0.32,2.15,-12.33,-10.27,-2.23,4.28,10.45,9.59,8.73,12.16,5.82,6.85,6.09,5.99,5.6,5.63,2.71,3.55,4.57,5.92,2.71,0.0,3.72,3.38,4.4,3.72
2021-03-03,000059,5.91,6.03,6.07,5.84,310790,185327372.0,3.89,2.03,0.12,1.94,-10.27,-2.23,4.28,10.45,9.59,8.73,12.16,5.82,6.85,5.99,6.07,6.08,5.62,5.64,1.49,2.49,3.81,0.66,-1.99,1.66,1.33,2.32,1.66,-0.17
2021-03-04,000059,6.07,6.0,6.12,5.95,228162,137548391.0,2.82,-0.5,-0.03,1.43,-4.03,2.35,8.4,7.56,6.72,10.08,3.87,4.87,4.03,2.02,6.04,6.11,5.62,5.66,3.0,4.33,1.17,-1.5,2.17,1.83,2.83,2.17,0.33,3.33
2021-03-05,000059,6.14,6.06,6.18,5.89,255503,153863063.0,4.83,1.0,0.06,1.6,3.4,9.51,8.66,7.81,11.21,4.92,5.94,5.09,3.06,3.9,6.05,6.11,5.65,5.68,3.3,0.17,-2.48,1.16,0.83,1.82,1.16,-0.66,2.31,-0.17
2021-03-08,000059,6.2,6.02,6.26,6.02,212965,130542282.0,3.96,-0.66,-0.04,1.33,7.14,6.31,5.48,8.8,2.66,3.65,2.82,0.83,1.66,2.66,6.0,6.09,5.7,5.7,0.83,-1.83,1.83,1.5,2.49,1.83,0.0,2.99,0.5,4.49
2021-03-09,000059,5.96,5.88,6.07,5.8,235768,140025298.0,4.49,-2.33,-0.14,1.47,10.34,9.48,12.93,6.55,7.59,6.72,4.66,5.52,6.55,7.93,6.0,6.05,5.74,5.7,0.51,4.25,3.91,4.93,4.25,2.38,5.44,2.89,6.97,5.44
2021-03-10,000059,5.85,5.77,5.91,5.77,154853,90467736.0,2.38,-1.87,-0.11,0.97,10.05,13.52,7.11,8.15,7.28,5.2,6.07,7.11,8.49,5.2,5.95,6.01,5.78,5.69,6.24,5.89,6.93,6.24,4.33,7.45,4.85,9.01,7.45,1.39
2021-03-11,000059,5.81,6.0,6.13,5.76,242675,145015083.0,6.41,3.99,0.23,1.52,13.72,7.29,8.33,7.47,5.38,6.25,7.29,8.68,5.38,2.6,5.95,5.99,5.83,5.7,1.83,2.83,2.17,0.33,3.33,0.83,4.83,3.33,-2.5,-5.83
2021-03-12,000059,6.01,6.03,6.11,5.95,178470,107578061.0,2.67,0.5,0.03,1.12,3.87,4.87,4.03,2.02,2.86,3.87,5.21,2.02,-0.67,3.03,5.94,5.99,5.89,5.71,2.32,1.66,-0.17,2.82,0.33,4.31,2.82,-2.99,-6.3,-6.97
2021-03-15,000059,6.03,6.14,6.17,6.03,194572,118790669.0,2.32,1.82,0.11,1.22,3.48,2.65,0.66,1.49,2.49,3.81,0.66,-1.99,1.66,1.33,5.96,5.98,5.95,5.72,-0.16,-1.95,0.98,-1.47,2.44,0.98,-4.72,-7.98,-8.63,-5.86
2021-03-16,000059,6.1,6.0,6.13,5.98,207296,124975149.0,2.44,-2.28,-0.14,1.3,3.51,1.51,2.34,3.34,4.68,1.51,-1.17,2.51,2.17,3.18,5.99,5.99,5.99,5.73,0.33,3.33,0.83,4.83,3.33,-2.5,-5.83,-6.5,-3.67,-3.17
2021-03-17,000059,6.0,6.0,6.02,5.9,115664,68985883.0,2.0,0.0,0.0,0.72,2.88,3.73,4.75,6.1,2.88,0.17,3.9,3.56,4.58,3.9,6.03,5.99,6.03,5.74,3.33,0.83,4.83,3.33,-2.5,-5.83,-6.5,-3.67,-3.17,-3.33
2021-03-18,000059,5.97,6.04,6.2,5.95,239326,145360870.0,4.17,0.67,0.04,1.5,2.86,3.87,5.21,2.02,-0.67,3.03,2.69,3.7,3.03,1.18,6.04,5.99,6.05,5.74,0.17,4.14,2.65,-3.15,-6.46,-7.12,-4.3,-3.81,-3.97,-0.83
2021-03-19,000059,5.9,5.9,6.05,5.83,224230,132487168.0,3.64,-2.32,-0.14,1.4,6.0,7.38,4.12,1.37,5.15,4.8,5.83,5.15,3.26,6.35,6.02,5.98,6.05,5.76,6.61,5.08,-0.85,-4.24,-4.92,-2.03,-1.53,-1.69,1.53,2.37
2021-03-22,000059,5.93,6.18,6.29,5.93,295216,181552224.0,6.1,4.75,0.28,1.85,5.56,2.36,-0.34,3.37,3.04,4.05,3.37,1.52,4.55,2.02,6.02,5.99,6.04,5.8,0.32,-5.34,-8.58,-9.22,-6.47,-5.99,-6.15,-3.07,-2.27,-3.24
2021-03-23,000059,6.19,5.81,6.2,5.8,324142,192593448.0,6.47,-5.99,-0.37,2.03,4.66,1.9,5.69,5.34,6.38,5.69,3.79,6.9,4.31,8.45,5.99,5.99,6.02,5.82,0.69,-2.75,-3.44,-0.52,0.0,-0.17,3.1,3.96,2.93,4.65
2021-03-24,000059,5.75,5.6,5.85,5.57,230002,130328403.0,4.82,-3.61,-0.21,1.44,6.1,10.05,9.69,10.77,10.05,8.08,11.31,8.62,12.93,11.31,5.91,5.97,5.99,5.85,0.89,0.18,3.21,3.75,3.57,6.96,7.86,6.79,8.57,11.07
2021-03-25,000059,5.63,5.5,5.65,5.47,152872,84742150.0,3.21,-1.79,-0.1,0.96,12.07,11.7,12.8,12.07,10.05,13.35,10.6,14.99,13.35,6.95,5.8,5.92,5.96,5.86,2.0,5.09,5.64,5.45,8.91,9.82,8.73,10.55,13.09,13.82
2021-03-26,000059,5.5,5.57,5.61,5.48,106523,59212037.0,2.36,1.27,0.07,0.67,11.5,12.59,11.86,9.85,13.14,10.4,14.78,13.14,6.75,3.1,5.73,5.87,5.93,5.89,3.77,4.31,4.13,7.54,8.44,7.36,9.16,11.67,12.39,13.11
2021-03-29,000059,5.61,5.74,5.78,5.61,169359,96534117.0,3.05,3.05,0.17,1.06,9.98,9.27,7.31,10.52,7.84,12.12,10.52,4.28,0.71,0.0,5.64,5.83,5.91,5.91,1.22,1.05,4.36,5.23,4.18,5.92,8.36,9.06,9.76,9.76
2021-03-30,000059,5.77,5.74,5.81,5.72,109005,62795000.0,1.57,0.0,0.0,0.68,7.17,5.24,8.39,5.77,9.97,8.39,2.27,-1.22,-1.92,1.05,5.63,5.81,5.9,5.93,1.05,4.36,5.23,4.18,5.92,8.36,9.06,9.76,9.76,8.71
2021-03-31,000059,5.75,5.76,5.8,5.7,90361,51957659.0,1.74,0.35,0.02,0.56,5.61,8.77,6.14,10.35,8.77,2.63,-0.88,-1.58,1.4,1.93,5.66,5.78,5.89,5.95,3.99,4.86,3.82,5.56,7.99,8.68,9.38,9.38,8.33,10.07
2021-04-01,000059,5.76,5.96,5.99,5.72,163115,95600340.0,4.69,3.47,0.2,1.02,8.39,5.77,9.97,8.39,2.27,-1.22,-1.92,1.05,1.57,1.4,5.75,5.78,5.89,5.96,1.34,0.34,2.01,4.36,5.03,5.7,5.7,4.7,6.38,8.89
2021-04-02,000059,5.94,5.87,6.04,5.83,131674,77954186.0,3.52,-1.51,-0.09,0.82,3.77,7.89,6.35,0.34,-3.09,-3.77,-0.86,-0.34,-0.51,2.74,5.81,5.77,5.88,5.95,1.87,3.58,5.96,6.64,7.33,7.33,6.3,8.01,10.56,10.39
2021-04-06,000059,5.87,5.97,5.98,5.82,121132,71578084.0,2.73,1.7,0.1,0.76,8.08,6.53,0.52,-2.92,-3.61,-0.69,-0.17,-0.34,2.92,3.78,5.86,5.75,5.87,5.94,1.84,4.19,4.86,5.53,5.53,4.52,6.2,8.71,8.54,7.2
2021-04-07,000059,5.96,6.07,6.08,5.96,154511,92992364.0,2.01,1.68,0.1,0.97,4.03,-1.85,-5.2,-5.87,-3.02,-2.52,-2.68,0.5,1.34,0.34,5.93,5.78,5.88,5.94,2.47,3.13,3.79,3.79,2.8,4.45,6.92,6.75,5.44,4.28
2021-04-08,000059,6.07,6.19,6.22,6.07,227092,139651046.0,2.47,1.98,0.12,1.42,-3.62,-6.92,-7.58,-4.78,-4.28,-4.45,-1.32,-0.49,-1.48,0.16,6.01,5.84,5.9,5.94,1.13,1.78,1.78,0.81,2.42,4.85,4.68,3.39,2.26,3.07
2021-04-09,000059,6.19,6.24,6.26,6.14,212648,131995024.0,1.94,0.81,0.05,1.33,-7.98,-8.63,-5.86,-5.37,-5.54,-2.44,-1.63,-2.61,-0.98,1.3,6.07,5.91,5.92,5.94,0.96,0.96,0.0,1.6,4.01,3.85,2.56,1.44,2.24,0.8
2021-04-12,000059,6.17,6.15,6.3,6.12,339332,210545329.0,2.88,-1.44,-0.09,2.12,-8.33,-5.56,-5.07,-5.23,-2.12,-1.31,-2.29,-0.65,1.63,2.29,6.12,5.97,5.92,5.95,2.44,1.46,3.09,5.53,5.37,4.07,2.93,3.74,2.28,2.76
2021-04-13,000059,6.21,6.24,6.3,6.19,293189,183042983.0,1.79,1.46,0.09,1.83,-6.62,-6.14,-6.3,-3.23,-2.42,-3.39,-1.78,0.48,1.13,1.78,6.18,6.02,5.93,5.95,0.0,1.6,4.01,3.85,2.56,1.44,2.24,0.8,1.28,0.8
2021-04-14,000059,6.2,6.2,6.24,5.62,388944,237359448.0,9.94,-0.64,-0.04,2.43,3.38,3.2,6.58,7.47,6.41,8.19,10.68,11.39,12.1,12.1,6.2,6.07,5.94,5.96,2.26,4.68,4.52,3.23,2.1,2.9,1.45,1.94,1.45,4.03
2021-04-15,000059,6.28,6.25,6.34,6.19,272924,170971531.0,2.42,0.81,0.05,1.71,-6.3,-3.23,-2.42,-3.39,-1.78,0.48,1.13,1.78,1.78,0.81,6.22,6.11,5.95,5.96,3.84,3.68,2.4,1.28,2.08,0.64,1.12,0.64,3.2,3.2
2021-04-16,000059,6.28,6.4,6.49,6.25,296471,190095235.0,3.84,2.4,0.15,1.85,-4.16,-3.36,-4.32,-2.72,-0.48,0.16,0.8,0.8,-0.16,1.44,6.25,6.16,5.97,5.98,1.25,0.0,-1.09,-0.31,-1.72,-1.25,-1.72,0.78,0.78,0.16
2021-04-19,000059,6.44,6.36,6.48,6.34,207832,132981570.0,2.19,-0.63,-0.04,1.3,-4.73,-5.68,-4.1,-1.89,-1.26,-0.63,-0.63,-1.58,0.0,2.37,6.29,6.21,5.99,5.99,0.63,-0.47,0.31,-1.1,-0.63,-1.1,1.42,1.42,0.79,5.03
2021-04-20,000059,6.36,6.35,6.4,6.3,177985,112949077.0,1.57,-0.16,-0.01,1.11,-5.08,-3.49,-1.27,-0.63,0.0,0.0,-0.95,0.63,3.02,2.86,6.31,6.25,6.0,6.0,-0.31,0.47,-0.94,-0.47,-0.94,1.57,1.57,0.94,5.2,14.65
2021-04-21,000059,6.32,6.2,6.33,6.17,182902,113766710.0,2.52,-2.36,-0.15,1.14,-1.46,0.81,1.46,2.11,2.11,1.13,2.76,5.19,5.02,3.73,6.31,6.26,6.02,6.01,2.9,1.45,1.94,1.45,4.03,4.03,3.39,7.74,17.42,22.1
2021-04-22,000059,6.28,6.25,6.38,6.22,172993,109035201.0,2.58,0.81,0.05,1.08,0.0,0.64,1.29,1.29,0.32,1.93,4.34,4.18,2.89,1.77,6.31,6.26,6.05,6.02,0.64,1.12,0.64,3.2,3.2,2.56,6.88,16.48,21.12,24.0
2021-04-23,000059,6.25,6.23,6.29,6.13,128349,79724248.0,2.56,-0.32,-0.02,0.8,2.12,2.77,2.77,1.79,3.43,5.87,5.71,4.4,3.26,4.08,6.28,6.26,6.09,6.03,1.44,0.96,3.53,3.53,2.89,7.22,16.85,21.51,24.4,29.21
2021-04-26,000059,6.24,6.25,6.32,6.2,235264,147022487.0,1.93,0.32,0.02,1.47,1.61,1.61,0.65,2.26,4.68,4.52,3.23,2.1,2.9,1.45,6.26,6.27,6.12,6.04,0.64,3.2,3.2,2.56,6.88,16.48,21.12,24.0,28.8,31.04
2021-04-27,000059,6.25,6.18,6.29,6.06,260459,161312081.0,3.68,-1.12,-0.07,1.63,3.96,2.97,4.62,7.1,6.93,5.61,4.46,5.28,3.8,4.29,6.22,6.27,6.14,6.04,4.37,4.37,3.72,8.09,17.8,22.49,25.4,30.26,32.52,28.32
2021-04-28,000059,6.21,6.42,6.45,6.13,268012,169918593.0,5.18,3.88,0.24,1.68,1.79,3.43,5.87,5.71,4.4,3.26,4.08,2.61,3.1,2.61,6.27,6.29,6.18,6.05,0.47,-0.16,4.05,13.4,17.91,20.72,25.39,27.57,23.52,20.09
2021-04-29,000059,6.41,6.33,6.45,6.25,191110,120907122.0,3.12,-1.4,-0.09,1.19,1.44,3.84,3.68,2.4,1.28,2.08,0.64,1.12,0.64,3.2,6.28,6.3,6.21,6.07,1.26,5.53,15.01,19.59,22.43,27.17,29.38,25.28,21.8,29.86
2021-04-30,000059,6.36,6.25,6.41,6.23,179866,113312354.0,2.84,-1.26,-0.08,1.12,4.17,4.01,2.73,1.61,2.41,0.96,1.44,0.96,3.53,3.53,6.29,6.28,6.22,6.07,6.88,16.48,21.12,24.0,28.8,31.04,26.88,23.36,31.52,30.24
2021-05-06,000059,6.28,6.62,6.68,6.26,424256,277151488.0,6.72,5.92,0.37,2.65,3.51,2.24,1.12,1.92,0.48,0.96,0.48,3.04,3.04,2.4,6.36,6.31,6.26,6.1,9.97,14.35,17.07,21.6,23.72,19.79,16.47,24.17,22.96,16.77
2021-05-07,000059,6.69,7.21,7.28,6.6,1064988,757485920.0,10.27,8.91,0.59,6.66,-3.03,-4.09,-3.33,-4.7,-4.24,-4.7,-2.27,-2.27,-2.88,1.21,6.57,6.39,6.32,6.13,4.99,7.49,11.65,13.59,9.99,6.93,14.01,12.9,7.21,8.32
2021-05-10,000059,7.08,7.42,7.57,7.08,1076443,791375344.0,6.8,2.91,0.21,6.73,-10.59,-9.89,-11.16,-10.73,-11.16,-8.9,-8.9,-9.46,-5.65,2.82,6.77,6.52,6.39,6.18,4.45,8.49,10.38,6.87,3.91,10.78,9.7,4.18,5.26,6.06
2021-05-11,000059,7.42,7.53,7.75,7.4,857457,650491712.0,4.72,1.48,0.11,5.36,-13.78,-15.0,-14.59,-15.0,-12.84,-12.84,-13.38,-9.73,-1.62,2.3,7.01,6.64,6.45,6.25,6.91,8.76,5.31,2.39,9.16,8.1,2.66,3.72,4.52,3.05
2021-05-12,000059,7.53,8.0,8.05,7.52,777317,614284816.0,7.04,6.24,0.47,4.86,-16.36,-15.96,-16.36,-14.23,-14.23,-14.76,-11.17,-3.19,0.66,3.06,7.36,6.82,6.54,6.33,2.37,-0.88,-3.63,2.75,1.75,-3.37,-2.38,-1.62,-3.0,-2.88
2021-05-13,000059,7.87,7.82,8.19,7.68,601280,475752032.0,6.38,-2.25,-0.18,3.76,-17.71,-18.1,-16.02,-16.02,-16.54,-13.02,-5.21,-1.43,0.91,4.82,7.6,6.98,6.63,6.41,1.41,-1.41,5.12,4.09,-1.15,-0.13,0.64,-0.77,-0.64,0.38
2021-05-14,000059,7.73,7.54,7.93,7.45,587343,447915008.0,6.14,-3.58,-0.28,3.67,-15.57,-13.42,-13.42,-13.96,-10.34,-2.28,1.61,4.03,8.05,9.93,7.66,7.11,6.69,6.47,2.25,9.02,7.96,2.52,3.58,4.38,2.92,3.05,4.11,3.45
2021-05-17,000059,7.64,7.6,7.71,7.42,405479,307848080.0,3.85,0.8,0.06,2.54,-13.07,-13.07,-13.61,-9.97,-1.89,2.02,4.45,8.49,10.38,6.87,7.7,7.23,6.76,6.53,8.16,7.11,1.71,2.76,3.55,2.11,2.24,3.29,2.63,4.08
2021-05-18,000059,7.67,8.05,8.22,7.51,681441,548007360.0,9.34,5.92,0.45,4.26,-14.11,-14.65,-11.05,-3.06,0.8,3.2,7.19,9.05,5.59,2.66,7.8,7.4,6.85,6.61,1.12,-3.98,-2.98,-2.24,-3.6,-3.48,-2.48,-3.11,-1.74,-3.73
2021-05-19,000059,8.03,7.8,8.14,7.68,480889,380025360.0,5.71,-3.11,-0.25,3.01,-16.54,-13.02,-5.21,-1.43,0.91,4.82,6.64,3.26,0.39,7.03,7.76,7.56,6.92,6.67,-0.9,0.13,0.9,-0.51,-0.38,0.64,0.0,1.41,-0.64,1.79
2021-05-20,000059,7.6,7.59,7.73,7.38,435564,328852320.0,4.49,-2.69,-0.21,2.72,-9.49,-1.36,2.57,5.01,9.08,10.98,7.45,4.47,11.38,10.3,7.72,7.66,6.98,6.72,2.9,3.69,2.24,2.37,3.43,2.77,4.22,2.11,4.61,7.11
2021-05-21,000059,7.61,7.68,7.81,7.54,248203,190607829.0,3.56,1.19,0.09,1.55,-3.45,0.4,2.79,6.76,8.62,5.17,2.25,9.02,7.96,2.52,7.74,7.7,7.05,6.78,2.47,1.04,1.17,2.21,1.56,2.99,0.91,3.39,5.86,-1.04
2021-05-24,000059,7.67,7.58,7.87,7.52,239756,183152022.0,4.56,-1.3,-0.1,1.5,0.66,3.06,7.05,8.91,5.45,2.53,9.31,8.24,2.79,3.86,7.74,7.72,7.12,6.83,2.37,2.51,3.56,2.9,4.35,2.24,4.75,7.26,0.26,-2.64
2021-05-25,000059,7.72,7.57,7.76,7.35,306882,231203814.0,5.41,-0.13,-0.01,1.92,5.44,9.52,11.43,7.89,4.9,11.84,10.75,5.17,6.26,7.07,7.64,7.72,7.18,6.88,2.64,3.7,3.04,4.49,2.38,4.89,7.4,0.4,-2.51,-1.19
2021-05-26,000059,7.6,7.64,7.77,7.49,306260,233407824.0,3.7,0.92,0.07,1.91,7.48,9.35,5.87,2.94,9.75,8.68,3.2,4.27,5.07,3.6,7.61,7.69,7.25,6.92,2.75,2.09,3.53,1.44,3.93,6.41,-0.52,-3.4,-2.09,6.15
2021-05-27,000059,7.59,7.58,7.85,7.5,299588,228951470.0,4.58,-0.79,-0.06,1.87,9.2,5.73,2.8,9.6,8.53,3.07,4.13,4.93,3.47,3.6,7.61,7.66,7.32,6.97,2.9,4.35,2.24,4.75,7.26,0.26,-2.64,-1.32,6.99,4.22
2021-05-28,000059,7.62,7.68,7.8,7.56,319925,245348197.0,3.17,1.32,0.1,2.0,4.89,1.98,8.73,7.67,2.25,3.31,4.1,2.65,2.78,3.84,7.61,7.68,7.4,7.02,2.99,0.91,3.39,5.86,-1.04,-3.91,-2.6,5.6,2.86,4.17
2021-05-31,000059,7.77,7.6,7.91,7.55,368274,283375280.0,4.69,-1.04,-0.08,2.3,2.12,8.87,7.81,2.38,3.44,4.24,2.78,2.91,3.97,3.31,7.61,7.68,7.45,7.07,1.97,4.47,6.97,0.0,-2.89,-1.58,6.71,3.95,5.26,5.66
2021-06-01,000059,7.62,7.69,7.75,7.31,465211,349597600.0,5.79,1.18,0.09,2.91,12.45,11.35,5.75,6.84,7.66,6.16,6.29,7.39,6.7,8.21,7.64,7.64,7.52,7.11,3.25,5.72,-1.17,-4.03,-2.73,5.46,2.73,4.03,4.42,3.12
2021-06-02,000059,7.72,7.73,7.94,7.63,433284,337298384.0,4.03,0.52,0.04,2.71,6.68,1.31,2.36,3.15,1.7,1.83,2.88,2.23,3.67,1.57,7.66,7.63,7.6,7.16,5.17,-1.68,-4.53,-3.23,4.92,2.2,3.49,3.88,2.59,-0.39
2021-06-03,000059,7.78,7.64,8.13,7.64,589910,465368304.0,6.34,-1.16,-0.09,3.69,1.18,2.23,3.01,1.57,1.7,2.75,2.09,3.53,1.44,3.93,7.67,7.64,7.65,7.2,-0.52,-3.4,-2.09,6.15,3.4,4.71,5.1,3.8,0.79,-0.26
2021-06-04,000059,7.45,6.98,7.6,6.91,832861,598109072.0,9.03,-8.64,-0.66,5.21,13.02,13.89,12.3,12.45,13.6,12.88,14.47,12.16,14.91,17.66,7.53,7.57,7.64,7.22,5.73,7.16,16.19,13.18,14.61,15.04,13.61,10.32,9.17,8.17
2021-06-07,000059,7.04,7.26,7.38,7.01,504720,365311904.0,5.3,4.01,0.28,3.16,12.27,10.7,10.84,11.98,11.27,12.84,10.56,13.27,15.98,8.42,7.46,7.54,7.63,7.26,3.03,11.71,8.82,10.19,10.61,9.23,6.06,4.96,3.99,3.58
2021-06-08,000059,7.34,7.38,7.48,7.16,392899,288910272.0,4.41,1.65,0.12,2.46,8.38,8.52,9.64,8.94,10.47,8.24,10.89,13.55,6.15,3.07,7.4,7.52,7.62,7.3,9.89,7.05,8.4,8.81,7.45,4.34,3.25,2.3,1.9,0.54
2021-06-09,000059,7.48,7.91,8.11,7.26,603354,468471056.0,11.52,7.18,0.53,3.77,7.02,8.13,7.44,8.95,6.75,9.37,11.98,4.68,1.65,3.03,7.43,7.55,7.62,7.35,-0.13,1.14,1.52,0.25,-2.65,-3.67,-4.55,-4.93,-6.19,-5.44
2021-06-10,000059,7.87,7.75,7.9,7.68,368958,286486944.0,2.78,-2.02,-0.16,2.31,2.21,1.56,2.99,0.91,3.39,5.86,-1.04,-3.91,-2.6,5.6,7.46,7.56,7.61,7.4,3.23,3.61,2.32,-0.65,-1.68,-2.58,-2.97,-4.26,-3.48,-2.97
2021-06-11,000059,7.74,7.78,8.0,7.65,401481,313684656.0,4.52,0.39,0.03,2.51,1.96,3.4,1.31,3.79,6.27,-0.65,-3.53,-2.22,6.01,3.27,7.62,7.57,7.62,7.45,3.21,1.93,-1.03,-2.06,-2.96,-3.34,-4.63,-3.86,-3.34,-2.06
2021-06-15,000059,7.79,7.76,8.03,7.68,421974,330037280.0,4.5,-0.26,-0.02,2.64,2.99,0.91,3.39,5.86,-1.04,-3.91,-2.6,5.6,2.86,4.17,7.72,7.59,7.63,7.5,2.19,-0.77,-1.8,-2.71,-3.09,-4.38,-3.61,-3.09,-1.8,4.25
2021-06-16,000059,7.87,7.68,7.93,7.64,330875,257629601.0,3.74,-1.03,-0.08,2.07,1.44,3.93,6.41,-0.52,-3.4,-2.09,6.15,3.4,4.71,5.1,7.78,7.59,7.61,7.54,0.26,-0.78,-1.69,-2.08,-3.39,-2.6,-2.08,-0.78,5.34,7.94
2021-06-17,000059,7.58,7.57,7.7,7.47,283874,215199603.0,2.99,-1.43,-0.11,1.77,6.29,8.84,1.74,-1.2,0.13,8.57,5.76,7.1,7.5,6.16,7.71,7.57,7.6,7.59,0.66,-0.26,-0.66,-1.98,-1.19,-0.66,0.66,6.87,9.51,7.4
2021-06-18,000059,7.51,7.48,7.62,7.29,320053,238455526.0,4.36,-1.19,-0.09,2.0,11.52,4.25,1.23,2.61,11.25,8.37,9.74,10.15,8.78,5.62,7.65,7.56,7.6,7.62,0.94,0.53,-0.8,0.0,0.53,1.87,8.16,10.83,8.69,4.81
2021-06-21,000059,7.49,7.2,7.55,7.17,260101,189821110.0,5.08,-3.74,-0.28,1.63,6.0,2.93,4.32,13.11,10.18,11.58,11.99,10.6,7.39,6.28,7.54,7.58,7.57,7.62,4.44,3.06,3.89,4.44,5.83,12.36,15.14,12.92,8.89,6.39
2021-06-22,000059,7.26,7.35,7.52,7.25,232869,171945477.0,3.75,2.08,0.15,1.46,1.79,3.17,11.86,8.97,10.34,10.76,9.38,6.21,5.1,4.14,7.46,7.59,7.56,7.61,0.95,1.77,2.31,3.67,10.07,12.79,10.61,6.67,4.22,5.99
2021-06-23,000059,7.35,7.37,7.42,7.22,160580,117740522.0,2.72,0.27,0.02,1.0,3.6,12.33,9.42,10.8,11.22,9.83,6.65,5.54,4.57,4.16,7.39,7.59,7.55,7.61,1.49,2.04,3.39,9.77,12.48,10.31,6.38,3.93,5.7,7.6
2021-06-24,000059,7.37,7.31,7.48,7.27,181572,133561626.0,2.85,-0.81,-0.06,1.14,11.55,8.67,10.04,10.45,9.08,5.91,4.81,3.85,3.44,2.06,7.34,7.53,7.53,7.59,2.87,4.24,10.67,13.41,11.22,7.25,4.79,6.57,8.48,8.62
2021-06-25,000059,7.39,7.41,7.52,7.31,230802,171174119.0,2.87,1.37,0.1,1.44,8.07,9.44,9.85,8.48,5.34,4.24,3.28,2.87,1.5,2.33,7.33,7.49,7.53,7.57,2.83,9.18,11.88,9.72,5.8,3.37,5.13,7.02,7.15,7.42
2021-06-28,000059,7.41,7.35,7.62,7.3,218470,162274275.0,4.32,-0.81,-0.06,1.37,9.59,10.0,8.63,5.48,4.38,3.42,3.01,1.64,2.47,3.01,7.36,7.45,7.51,7.57,10.07,12.79,10.61,6.67,4.22,5.99,7.89,8.03,8.3,9.12
2021-06-29,000059,7.43,8.09,8.09,7.42,563557,441730080.0,9.12,10.07,0.74,3.52,8.22,6.87,3.77,2.7,1.75,1.35,0.0,0.81,1.35,2.7,7.51,7.48,7.53,7.58,2.47,0.49,-3.09,-5.32,-3.71,-1.98,-1.85,-1.61,-0.87,-0.25
2021-06-30,000059,8.27,8.16,8.29,8.0,606644,493934016.0,3.58,0.87,0.07,3.79,-0.88,-3.75,-4.75,-5.63,-6.0,-7.25,-6.5,-6.0,-4.75,1.12,7.66,7.53,7.56,7.59,-0.37,-3.92,-6.13,-4.53,-2.82,-2.7,-2.45,-1.72,-1.1,3.68
2021-07-01,000059,8.13,7.66,8.13,7.56,391310,305442128.0,6.99,-6.13,-0.5,2.45,1.85,0.79,-0.13,-0.53,-1.85,-1.06,-0.53,0.79,7.01,9.66,7.73,7.54,7.55,7.58,2.35,0.0,1.7,3.52,3.66,3.92,4.7,5.35,10.44,-1.04
2021-07-02,000059,7.73,7.64,7.84,7.59,311307,240040525.0,3.26,-0.26,-0.02,1.95,0.4,-0.53,-0.92,-2.24,-1.45,-0.92,0.4,6.59,9.22,7.11,7.78,7.55,7.55,7.58,0.26,1.96,3.8,3.93,4.19,4.97,5.63,10.73,-0.79,-3.66
2021-07-05,000059,7.61,7.57,7.66,7.46,259887,195710137.0,2.62,-0.92,-0.07,1.62,1.21,0.8,-0.54,0.27,0.8,2.14,8.45,11.13,8.98,5.09,7.82,7.59,7.58,7.58,2.91,4.76,4.89,5.15,5.94,6.61,11.76,0.13,-2.77,-6.08
2021-07-06,000059,7.58,7.68,7.79,7.51,304557,233218737.0,3.7,1.45,0.11,1.9,0.13,-1.2,-0.4,0.13,1.46,7.72,10.39,8.26,4.39,2.0,7.74,7.62,7.6,7.58,3.26,3.39,3.65,4.43,5.08,10.16,-1.3,-4.17,-7.42,-10.55
2021-07-07,000059,7.55,7.92,7.93,7.33,352371,272333968.0,7.81,3.13,0.24,2.2,1.23,2.05,2.59,3.96,10.37,13.1,10.91,6.96,4.5,6.28,7.69,7.68,7.63,7.59,0.25,0.51,1.26,1.89,6.82,-4.29,-7.07,-10.23,-13.26,-12.75
2021-07-08,000059,7.84,7.74,7.94,7.71,242724,188896492.0,2.9,-2.27,-0.18,1.52,-2.98,-2.46,-1.17,4.93,7.52,5.45,1.69,-0.65,1.04,2.85,7.71,7.72,7.62,7.6,2.84,3.62,4.26,9.3,-2.07,-4.91,-8.14,-11.24,-10.72,-10.98
2021-07-09,000059,7.66,7.88,7.96,7.55,321658,250371425.0,5.3,1.81,0.14,2.01,-0.4,0.93,7.15,9.8,7.68,3.84,1.46,3.18,5.03,5.17,7.76,7.77,7.63,7.61,1.78,2.41,7.36,-3.81,-6.6,-9.77,-12.82,-12.31,-12.56,-12.06
2021-07-12,000059,7.88,7.54,8.02,7.54,524573,403926608.0,6.09,-4.31,-0.34,3.28,1.06,7.29,9.95,7.82,3.98,1.59,3.32,5.17,5.31,5.57,7.75,7.79,7.62,7.6,7.03,12.2,0.53,-2.39,-5.7,-8.89,-8.36,-8.62,-8.09,-9.95
2021-07-13,000059,7.54,7.96,8.07,7.52,599656,468461936.0,7.29,5.57,0.42,3.75,7.58,10.24,8.11,4.26,1.86,3.59,5.45,5.59,5.85,6.65,7.81,7.78,7.63,7.61,6.28,-4.77,-7.54,-10.68,-13.69,-13.19,-13.44,-12.94,-14.7,-15.2
2021-07-14,000059,8.06,8.09,8.46,7.94,895770,732859232.0,6.53,1.63,0.13,5.6,4.41,2.39,-1.26,-3.53,-1.89,-0.13,0.0,0.25,1.01,1.64,7.84,7.77,7.65,7.63,-6.3,-9.02,-12.11,-15.08,-14.59,-14.83,-14.34,-16.07,-16.56,-19.41
2021-07-15,000059,7.55,7.28,7.58,7.28,869248,636399296.0,3.71,-10.01,-0.81,5.43,11.68,7.69,5.22,7.01,8.93,9.07,9.34,10.16,10.85,16.21,7.75,7.73,7.63,7.61,1.1,-2.34,-5.63,-5.08,-5.36,-4.81,-6.73,-7.28,-10.44,-10.3
2021-07-16,000059,7.31,7.03,7.36,7.02,777820,558404736.0,4.67,-3.43,-0.25,4.86,11.68,9.12,10.97,12.96,13.11,13.39,14.25,14.96,20.51,7.98,7.58,7.67,7.61,7.59,1.14,-2.28,-1.71,-1.99,-1.42,-3.41,-3.98,-7.25,-7.11,-8.82
2021-07-19,000059,7.07,6.94,7.11,6.92,381466,266696891.0,2.7,-1.28,-0.09,2.39,10.69,12.57,14.6,14.74,15.03,15.9,16.62,22.25,9.54,6.36,7.46,7.61,7.6,7.59,-1.01,-0.43,-0.72,-0.14,-2.16,-2.74,-6.05,-5.91,-7.64,-6.05
2021-07-20,000059,6.82,6.84,6.87,6.61,358794,242212661.0,3.75,-1.44,-0.1,2.24,17.85,19.97,20.12,20.42,21.33,22.09,27.99,14.67,11.35,7.56,7.24,7.52,7.57,7.58,1.02,0.73,1.32,-0.73,-1.32,-4.68,-4.53,-6.29,-4.68,-5.99
2021-07-21,000059,6.84,6.77,6.91,6.71,248457,168863892.0,2.92,-1.02,-0.07,1.55,18.18,18.33,18.63,19.52,20.27,26.08,12.97,9.69,5.96,2.38,6.97,7.41,7.54,7.56,1.77,2.36,0.3,-0.3,-3.69,-3.55,-5.32,-3.69,-5.02,-5.02
2021-07-22,000059,6.83,6.84,6.89,6.79,260104,178001457.0,1.48,1.03,0.07,1.63,16.94,17.23,18.11,18.85,24.59,11.63,8.39,4.71,1.18,1.77,6.88,7.32,7.52,7.52,1.32,-0.73,-1.32,-4.68,-4.53,-6.29,-4.68,-5.99,-5.99,-5.56
2021-07-23,000059,6.85,6.72,6.93,6.7,290635,198210992.0,3.36,-1.75,-0.12,1.82,18.81,19.7,20.45,26.27,13.13,9.85,6.12,2.54,3.13,2.84,6.82,7.2,7.49,7.49,1.04,0.45,-2.98,-2.83,-4.61,-2.98,-4.32,-4.32,-3.87,-3.12
2021-07-26,000059,6.7,6.66,6.79,6.52,258824,172251308.0,4.02,-0.89,-0.06,1.62,23.01,23.77,29.75,16.26,12.88,9.05,5.37,5.98,5.67,6.29,6.77,7.11,7.45,7.45,1.35,-2.1,-1.95,-3.75,-2.1,-3.45,-3.45,-3.0,-2.25,-0.6
2021-07-27,000059,6.69,6.4,6.75,6.38,267614,175794010.0,5.56,-3.9,-0.26,1.67,26.49,32.6,18.81,15.36,11.44,7.68,8.31,7.99,8.62,6.43,6.68,6.96,7.37,7.4,1.87,2.03,0.16,1.87,0.47,0.47,0.94,1.72,3.44,3.75
2021-07-28,000059,6.41,6.46,6.52,6.23,270780,173474891.0,4.53,0.94,0.06,1.69,35.79,21.67,18.14,14.13,10.27,10.91,10.59,11.24,8.99,8.35,6.62,6.79,7.28,7.36,1.08,-0.77,0.93,-0.46,-0.46,0.0,0.77,2.48,2.79,4.8
2021-07-29,000059,6.5,6.4,6.53,6.35,205591,131736298.0,2.79,-0.93,-0.06,1.29,19.37,15.91,11.97,8.19,8.82,8.5,9.13,6.93,6.3,2.68,6.53,6.71,7.22,7.32,0.16,1.87,0.47,0.47,0.94,1.72,3.44,3.75,5.78,7.66
2021-07-30,000059,6.4,6.34,6.41,6.28,197759,125406307.0,2.03,-0.94,-0.06,1.24,17.2,13.22,9.39,10.03,9.71,10.35,8.12,7.48,3.82,3.98,6.45,6.64,7.15,7.29,2.84,1.42,1.42,1.89,2.68,4.42,4.73,6.78,8.68,11.2
2021-08-02,000059,6.33,6.45,6.52,6.18,220566,140334861.0,5.36,1.74,0.11,1.38,15.05,11.17,11.81,11.49,12.14,9.87,9.22,5.5,5.66,3.72,6.41,6.59,7.1,7.26,-0.31,-0.31,0.16,0.93,2.64,2.95,4.96,6.82,9.3,10.39
2021-08-03,000059,6.43,6.29,6.43,6.26,163164,103487475.0,2.64,-2.48,-0.16,1.02,9.74,10.38,10.06,10.7,8.47,7.83,4.15,4.31,2.4,4.15,6.39,6.53,7.03,7.23,2.23,2.7,3.5,5.25,5.56,7.63,9.54,12.08,13.2,11.76
2021-08-04,000059,6.29,6.39,6.43,6.27,171604,109052415.0,2.54,1.59,0.1,1.07,10.21,9.89,10.53,8.29,7.66,3.99,4.15,2.23,3.99,2.55,6.37,6.5,6.95,7.19,1.1,1.88,3.6,3.91,5.95,7.82,10.33,11.42,10.02,10.95
2021-08-05,000059,6.37,6.4,6.46,6.28,192358,122885445.0,2.82,0.16,0.01,1.2,9.71,10.35,8.12,7.48,3.82,3.98,2.07,3.82,2.39,2.39,6.37,6.45,6.88,7.16,1.72,3.44,3.75,5.78,7.66,10.16,11.25,9.84,10.78,9.84
2021-08-06,000059,6.41,6.5,6.51,6.35,180829,116621216.0,2.5,1.56,0.1,1.13,9.13,6.93,6.3,2.68,2.83,0.94,2.68,1.26,1.26,1.73,6.41,6.43,6.82,7.13,1.85,2.15,4.15,6.0,8.46,9.54,8.15,9.08,8.15,8.15
2021-08-09,000059,6.5,6.6,6.62,6.46,227346,148769609.0,2.46,1.54,0.1,1.42,5.11,4.49,0.93,1.08,-0.77,0.93,-0.46,-0.46,0.0,0.77,6.44,6.42,6.77,7.11,0.61,2.58,4.39,6.82,7.88,6.52,7.42,6.52,6.52,8.18
2021-08-10,000059,6.57,6.59,6.64,6.55,158888,104649629.0,1.36,-0.15,-0.01,0.99,3.05,-0.46,-0.31,-2.14,-0.46,-1.83,-1.83,-1.37,-0.61,1.07,6.5,6.44,6.7,7.06,2.73,4.55,6.98,8.04,6.68,7.59,6.68,6.68,8.35,8.35
2021-08-11,000059,6.61,6.76,6.77,6.6,210525,140913748.0,2.58,2.58,0.17,1.32,-1.21,-1.06,-2.88,-1.21,-2.58,-2.58,-2.12,-1.36,0.3,0.61,6.57,6.47,6.63,7.01,1.92,4.29,5.33,3.99,4.88,3.99,3.99,5.62,5.62,7.99
2021-08-12,000059,6.78,6.86,6.89,6.72,199726,136342951.0,2.51,1.48,0.1,1.25,-2.83,-4.61,-2.98,-4.32,-4.32,-3.87,-3.12,-1.49,-1.19,0.74,6.66,6.52,6.61,6.98,2.77,3.79,2.48,3.35,2.48,2.48,4.08,4.08,6.41,10.06
2021-08-13,000059,6.91,6.97,7.05,6.86,256797,179067148.0,2.77,1.6,0.11,1.61,-6.56,-4.96,-6.27,-6.27,-5.83,-5.1,-3.5,-3.21,-1.31,0.44,6.76,6.58,6.61,6.96,2.15,0.86,1.72,0.86,0.86,2.44,2.44,4.73,8.32,7.32
2021-08-16,000059,7.06,7.02,7.12,6.91,205124,143371916.0,3.01,0.72,0.05,1.28,-5.64,-6.95,-6.95,-6.51,-5.79,-4.2,-3.91,-2.03,-0.29,2.03,6.84,6.64,6.61,6.94,0.14,1.0,0.14,0.14,1.71,1.71,3.99,7.55,6.55,7.69
2021-08-17,000059,7.01,6.81,7.03,6.8,236466,163202914.0,3.28,-2.99,-0.21,1.48,-5.44,-5.44,-5.0,-4.26,-2.65,-2.35,-0.44,1.32,3.68,4.71,6.88,6.69,6.61,6.92,4.11,3.23,3.23,4.85,4.85,7.2,10.87,9.84,11.01,13.66
2021-08-18,000059,6.8,7.02,7.09,6.78,211530,147805977.0,4.55,3.08,0.21,1.32,-5.16,-4.72,-3.98,-2.36,-2.06,-0.15,1.62,3.98,5.01,3.69,6.94,6.75,6.62,6.89,0.14,0.14,1.71,1.71,3.99,7.55,6.55,7.69,10.26,9.54
2021-08-19,000059,7.03,6.94,7.03,6.87,120688,83764858.0,2.28,-1.14,-0.08,0.75,-5.97,-5.24,-3.64,-3.35,-1.46,0.29,2.62,3.64,2.33,3.2,6.95,6.81,6.63,6.86,1.3,2.88,2.88,5.19,8.79,7.78,8.93,11.53,10.81,11.53
2021-08-20,000059,6.89,7.01,7.03,6.78,148888,103304406.0,3.6,1.01,0.07,0.93,-3.98,-2.36,-2.06,-0.15,1.62,3.98,5.01,3.69,4.57,3.69,6.96,6.86,6.64,6.83,1.85,1.85,4.14,7.7,6.7,7.85,10.41,9.7,10.41,11.98
2021-08-23,000059,7.01,7.05,7.14,6.96,204631,144364894.0,2.57,0.57,0.04,1.28,-4.89,-4.6,-2.73,-1.01,1.29,2.3,1.01,1.87,1.01,1.01,6.97,6.9,6.66,6.81,1.28,3.55,7.09,6.1,7.23,9.79,9.08,9.79,11.35,8.65
2021-08-24,000059,7.04,7.13,7.14,7.02,167278,118775797.0,1.7,1.13,0.08,1.05,-5.41,-3.56,-1.85,0.43,1.42,0.14,1.0,0.14,0.14,1.71,7.03,6.96,6.7,6.79,2.38,5.89,4.91,6.03,8.56,7.85,8.56,10.1,7.43,12.48
2021-08-25,000059,7.16,7.28,7.3,7.1,250012,180479154.0,2.81,2.1,0.15,1.56,-4.65,-2.96,-0.7,0.28,-0.99,-0.14,-0.99,-0.99,0.56,0.56,7.08,7.01,6.74,6.76,3.71,2.75,3.85,6.32,5.63,6.32,7.83,5.22,10.16,10.03
2021-08-26,000059,7.27,7.36,7.55,7.24,313753,231813580.0,4.26,1.1,0.08,1.96,-4.83,-2.62,-1.66,-2.9,-2.07,-2.9,-2.9,-1.38,-1.38,0.83,7.17,7.06,6.79,6.76,1.63,2.72,5.16,4.48,5.16,6.66,4.08,8.97,8.83,14.54
2021-08-27,000059,7.37,7.43,7.48,7.25,256061,188772134.0,3.13,0.95,0.07,1.6,-2.76,-1.79,-3.03,-2.21,-3.03,-3.03,-1.52,-1.52,0.69,4.14,7.25,7.11,6.84,6.77,1.75,4.17,3.5,4.17,5.65,3.1,7.94,7.81,13.46,15.61
2021-08-30,000059,7.38,7.44,7.56,7.32,308766,229245984.0,3.23,0.13,0.01,1.93,-2.73,-3.96,-3.14,-3.96,-3.96,-2.46,-2.46,-0.27,3.14,2.19,7.33,7.15,6.89,6.79,4.03,3.36,4.03,5.51,2.96,7.8,7.66,13.31,15.46,18.15
2021-08-31,000059,7.45,7.7,7.74,7.27,406181,307679648.0,6.32,3.49,0.26,2.54,-3.3,-2.48,-3.3,-3.3,-1.79,-1.79,0.41,3.85,2.89,3.99,7.44,7.24,6.96,6.82,-0.13,0.52,1.95,-0.52,4.16,4.03,9.48,11.56,14.16,14.29
2021-09-01,000059,7.69,7.2,7.69,7.14,546270,400531216.0,7.14,-6.49,-0.5,3.42,-0.7,-1.54,-1.54,0.0,0.0,2.24,5.74,4.76,5.88,8.4,7.43,7.25,7.0,6.83,7.5,9.03,6.39,11.39,11.25,17.08,19.31,22.08,22.22,20.83
2021-09-02,000059,7.18,7.66,7.74,7.17,531411,400101232.0,7.92,6.39,0.46,3.32,-1.95,-1.95,-0.42,-0.42,1.81,5.3,4.32,5.44,7.95,7.25,7.49,7.33,7.07,6.86,2.48,0.0,4.7,4.57,10.05,12.14,14.75,14.88,13.58,17.23
2021-09-03,000059,7.65,7.57,7.85,7.53,302638,231315060.0,4.18,-1.17,-0.09,1.89,-6.64,-5.18,-5.18,-3.05,0.27,-0.66,0.4,2.79,2.12,2.79,7.51,7.38,7.12,6.89,1.19,5.94,5.81,11.36,13.47,16.12,16.25,14.93,18.63,23.25
2021-09-06,000059,7.57,7.49,7.66,7.27,254386,188824562.0,5.15,-1.06,-0.08,1.59,-1.79,-1.79,0.41,3.85,2.89,3.99,6.46,5.78,6.46,7.98,7.52,7.43,7.16,6.92,7.08,6.94,12.55,14.69,17.36,17.49,16.15,19.89,24.57,21.9
2021-09-07,000059,7.6,8.01,8.02,7.51,482609,378811616.0,6.81,6.94,0.52,3.02,-4.93,-2.8,0.53,-0.4,0.67,3.06,2.4,3.06,4.53,2.0,7.59,7.51,7.24,6.97,0.0,5.24,7.24,9.74,9.86,8.61,12.11,16.48,13.98,14.36
2021-09-08,000059,7.98,7.97,8.01,7.84,313515,248505728.0,2.12,-0.5,-0.04,1.96,-6.89,-3.7,-4.59,-3.57,-1.28,-1.91,-1.28,0.13,-2.3,2.3,7.74,7.58,7.3,7.02,5.77,7.78,10.29,10.41,9.16,12.67,17.06,14.55,14.93,10.41
2021-09-09,000059,7.95,8.37,8.43,7.91,722914,595682192.0,6.52,5.02,0.4,4.52,-4.55,-5.44,-4.42,-2.15,-2.78,-2.15,-0.76,-3.16,1.39,1.26,7.88,7.68,7.37,7.09,2.63,5.02,5.14,3.94,7.29,11.47,9.08,9.44,5.14,-0.72
2021-09-10,000059,8.44,8.22,8.59,8.2,605122,506626608.0,4.66,-1.79,-0.15,3.78,-8.78,-7.8,-5.61,-6.22,-5.61,-4.27,-6.59,-2.2,-2.32,2.8,8.01,7.76,7.43,7.15,6.93,7.06,5.84,9.25,13.5,11.07,11.44,7.06,1.09,-3.77
2021-09-13,000059,8.19,8.74,8.79,8.19,663833,567035424.0,7.3,6.33,0.52,4.15,-7.69,-5.49,-6.11,-5.49,-4.15,-6.47,-2.08,-2.2,2.93,4.88,8.26,7.89,7.52,7.23,0.69,-0.46,2.75,6.75,4.46,4.81,0.69,-4.92,-9.5,-11.44
2021-09-14,000059,8.77,8.63,8.8,8.33,735095,629522960.0,5.38,-1.26,-0.11,4.6,-7.08,-7.68,-7.08,-5.76,-8.04,-3.72,-3.84,1.2,3.12,5.52,8.39,7.99,7.61,7.3,0.81,4.06,8.11,5.79,6.14,1.97,-3.71,-8.34,-10.31,-15.64
2021-09-15,000059,8.46,8.56,8.7,8.37,511066,437734704.0,3.82,-0.81,-0.07,3.2,-8.12,-7.53,-6.21,-8.48,-4.18,-4.3,0.72,2.63,5.02,5.14,8.5,8.12,7.69,7.38,4.91,9.0,6.66,7.01,2.8,-2.92,-7.59,-9.58,-14.95,-14.72
2021-09-16,000059,8.77,8.84,8.98,8.64,926692,820421664.0,3.97,3.27,0.28,5.79,-10.42,-9.14,-11.34,-7.18,-7.29,-2.43,-0.58,1.74,1.85,0.69,8.6,8.24,7.78,7.46,5.54,3.28,3.62,-0.45,-6.0,-10.52,-12.44,-17.65,-17.42,-17.65
2021-09-17,000059,8.71,8.78,9.33,8.3,771781,685983392.0,11.65,-0.68,-0.06,4.83,-5.42,-7.71,-3.37,-3.49,1.57,3.49,5.9,6.02,4.82,8.19,8.71,8.36,7.87,7.53,3.99,4.33,0.23,-5.35,-9.91,-11.85,-17.08,-16.86,-17.08,-18.0
2021-09-22,000059,8.66,9.13,9.13,8.49,527500,466759232.0,7.29,3.99,0.35,3.3,-9.78,-5.54,-5.65,-0.71,1.18,3.53,3.65,2.47,5.77,9.89,8.79,8.53,7.98,7.62,0.33,-3.61,-8.98,-13.36,-15.22,-20.26,-20.04,-20.26,-21.14,-25.08
2021-09-23,000059,9.13,8.73,9.16,8.63,596314,524715152.0,5.81,-4.38,-0.4,3.73,-7.07,-7.18,-2.32,-0.46,1.85,1.97,0.81,4.06,8.11,5.79,8.81,8.6,8.06,7.69,0.8,-4.81,-9.39,-11.34,-16.61,-16.38,-16.61,-17.53,-21.65,-21.65
2021-09-24,000059,8.73,8.24,8.8,8.19,585624,491683424.0,6.99,-5.61,-0.49,3.66,-2.2,2.93,4.88,7.33,7.45,6.23,9.65,13.92,11.48,11.84,8.74,8.62,8.1,7.74,0.85,-4.0,-6.07,-11.65,-11.41,-11.65,-12.62,-16.99,-16.99,-19.17
2021-09-27,000059,8.29,7.57,8.31,7.42,622834,480336496.0,10.8,-8.13,-0.67,3.89,13.61,15.77,18.46,18.6,17.25,21.02,25.74,23.05,23.45,18.6,8.49,8.54,8.11,7.76,4.49,2.25,-3.83,-3.57,-3.83,-4.89,-9.64,-9.64,-12.02,-9.91
2021-09-28,000059,7.55,7.85,7.91,7.5,418500,323996752.0,5.42,3.7,0.28,2.62,14.53,17.2,17.33,16.0,19.73,24.4,21.73,22.13,17.33,10.8,8.3,8.51,8.14,7.79,-1.4,-7.26,-7.01,-7.26,-8.28,-12.87,-12.87,-15.16,-13.12,-12.48
2021-09-29,000059,7.72,7.2,7.74,7.18,403561,297269936.0,7.13,-8.28,-0.65,2.52,22.42,22.56,21.17,25.07,29.94,27.16,27.58,22.56,15.74,10.17,7.92,8.35,8.12,7.8,1.11,1.39,1.11,0.0,-5.0,-5.0,-7.5,-5.28,-4.58,-5.69
2021-09-30,000059,7.22,7.0,7.28,6.98,515917,364481696.0,4.17,-2.78,-0.2,3.23,26.07,24.64,28.65,33.67,30.8,31.23,26.07,19.05,13.32,10.89,7.57,8.19,8.09,7.8,4.29,4.0,2.86,-2.29,-2.29,-4.86,-2.57,-1.86,-3.0,2.29
2021-10-08,000059,7.16,7.15,7.3,7.05,341834,244216417.0,3.57,2.14,0.15,2.14,23.4,27.38,32.34,29.5,29.93,24.82,17.87,12.2,9.79,3.26,7.35,8.05,8.09,7.81,1.82,0.7,-4.34,-4.34,-6.85,-4.62,-3.92,-5.03,0.14,-2.24
2021-10-11,000059,7.14,7.16,7.28,6.96,266641,190018601.0,4.48,0.14,0.01,1.67,29.02,34.05,31.18,31.61,26.44,19.4,13.65,11.21,4.6,4.89,7.27,7.88,8.06,7.82,0.56,-4.47,-4.47,-6.98,-4.75,-4.05,-5.17,0.0,-2.37,-1.68
2021-10-12,000059,7.07,6.81,7.2,6.65,444618,305136048.0,7.68,-4.89,-0.35,2.78,40.3,37.29,37.74,32.33,24.96,18.95,16.39,9.47,9.77,9.47,7.06,7.68,8.02,7.81,0.44,0.44,-2.2,0.15,0.88,-0.29,5.14,2.64,3.38,1.76
2021-10-13,000059,6.82,6.7,6.84,6.58,230420,153809856.0,3.82,-1.62,-0.11,1.44,38.75,39.21,33.74,26.29,20.21,17.63,10.64,10.94,10.64,9.42,6.96,7.44,7.98,7.8,2.09,-0.6,1.79,2.54,1.34,6.87,4.33,5.07,3.43,1.49
2021-10-14,000059,6.7,6.73,6.84,6.6,211714,142269830.0,3.58,0.45,0.03,1.32,38.79,33.33,25.91,19.85,17.27,10.3,10.61,10.3,9.09,3.64,6.91,7.24,7.92,7.78,-1.04,1.34,2.08,0.89,6.39,3.86,4.61,2.97,1.04,-2.67
2021-10-15,000059,6.48,6.58,6.66,6.4,314308,206114013.0,3.86,-2.23,-0.15,1.97,37.5,29.84,23.59,20.94,13.75,14.06,13.75,12.5,6.87,6.87,6.8,7.08,7.85,7.76,3.65,4.41,3.19,8.81,6.23,6.99,5.32,3.34,-0.46,-7.6
2021-10-18,000059,6.55,6.77,6.82,6.5,238397,159888937.0,4.86,2.89,0.19,1.49,27.85,21.69,19.08,12.0,12.31,12.0,10.77,5.23,5.23,2.46,6.72,7.0,7.77,7.74,1.48,0.3,5.76,3.25,3.99,2.36,0.44,-3.25,-10.19,-9.75
2021-10-19,000059,6.74,6.8,6.87,6.7,214481,145834932.0,2.51,0.44,0.03,1.34,18.06,15.52,8.66,8.96,8.66,7.46,2.09,2.09,-0.6,1.79,6.72,6.89,7.7,7.72,-0.15,5.29,2.79,3.53,1.91,0.0,-3.68,-10.59,-10.15,-10.29
2021-10-20,000059,6.73,6.73,6.79,6.65,165703,111456423.0,2.06,-1.03,-0.07,1.04,16.39,9.47,9.77,9.47,8.27,2.86,2.86,0.15,2.56,3.31,6.72,6.84,7.6,7.7,6.39,3.86,4.61,2.97,1.04,-2.67,-9.66,-9.21,-9.36,-10.7
2021-10-21,000059,6.74,6.99,7.16,6.72,375763,261499517.0,6.54,3.86,0.26,2.35,8.33,8.63,8.33,7.14,1.79,1.79,-0.89,1.49,2.23,1.04,6.77,6.84,7.52,7.67,0.0,0.72,-0.86,-2.72,-6.29,-13.02,-12.59,-12.73,-14.02,-14.59
2021-10-22,000059,6.97,6.79,6.99,6.76,250095,171445916.0,3.29,-2.86,-0.2,1.56,7.99,7.69,6.51,1.18,1.18,-1.48,0.89,1.63,0.44,5.92,6.82,6.81,7.43,7.66,3.68,2.06,0.15,-3.53,-10.46,-10.01,-10.16,-11.49,-12.08,-12.52
2021-10-25,000059,6.78,6.88,7.04,6.74,195804,134982909.0,4.42,1.33,0.09,1.22,8.01,6.82,1.48,1.48,-1.19,1.19,1.93,0.74,6.23,3.71,6.84,6.78,7.33,7.63,0.73,-1.16,-4.8,-11.63,-11.19,-11.34,-12.65,-13.23,-13.66,-14.68
2021-10-26,000059,6.88,6.78,6.93,6.71,180668,123077536.0,3.2,-1.45,-0.1,1.13,7.3,1.94,1.94,-0.75,1.64,2.38,1.19,6.71,4.17,4.92,6.83,6.78,7.23,7.61,0.29,-3.39,-10.32,-9.88,-10.03,-11.36,-11.95,-12.39,-13.42,-12.83
2021-10-27,000059,6.73,6.51,6.8,6.47,248184,163031248.0,4.87,-3.98,-0.27,1.55,5.72,5.72,2.94,5.41,6.18,4.95,10.66,8.04,8.81,7.11,6.79,6.76,7.1,7.57,0.61,-6.61,-6.14,-6.3,-7.68,-8.29,-8.76,-9.83,-9.22,-9.06
2021-10-28,000059,6.48,5.95,6.55,5.86,507087,307941120.0,10.6,-8.6,-0.56,3.17,16.72,13.65,16.38,17.24,15.87,22.18,19.28,20.14,18.26,16.04,6.58,6.68,6.96,7.51,2.18,2.69,2.52,1.01,0.34,-0.17,-1.34,-0.67,-0.5,0.17
2021-10-29,000059,6.03,5.9,6.08,5.88,268370,159685666.0,3.36,-0.84,-0.05,1.68,13.27,15.99,16.84,15.48,21.77,18.88,19.73,17.86,15.65,11.39,6.4,6.61,6.84,7.44,3.56,3.39,1.86,1.19,0.68,-0.51,0.17,0.34,1.02,3.05
2021-11-01,000059,5.93,6.03,6.11,5.88,216251,130274586.0,3.9,2.2,0.13,1.35,15.99,16.84,15.48,21.77,18.88,19.73,17.86,15.65,11.39,3.4,6.23,6.54,6.77,7.36,1.16,-0.33,-1.0,-1.49,-2.65,-1.99,-1.82,-1.16,0.83,0.83
2021-11-02,000059,6.07,5.92,6.1,5.81,293554,175752113.0,4.81,-1.82,-0.11,1.84,18.24,16.87,23.24,20.31,21.17,19.28,17.04,12.74,4.65,5.16,6.06,6.45,6.67,7.28,1.52,0.84,0.34,-0.84,-0.17,0.0,0.68,2.7,2.7,2.36
2021-11-03,000059,5.92,5.95,6.01,5.84,122686,72752291.0,2.87,0.51,0.03,0.77,16.27,22.6,19.69,20.55,18.66,16.44,12.16,4.11,4.62,4.45,5.95,6.37,6.61,7.19,0.34,-0.17,-1.34,-0.67,-0.5,0.17,2.18,2.18,1.85,1.68
2021-11-04,000059,5.94,5.94,5.97,5.83,153327,90494328.0,2.35,-0.17,-0.01,0.96,22.81,19.9,20.75,18.87,16.64,12.35,4.29,4.8,4.63,3.09,5.95,6.27,6.55,7.1,0.0,-1.18,-0.51,-0.34,0.34,2.36,2.36,2.02,1.85,3.37
2021-11-05,000059,5.94,5.7,5.94,5.69,191165,110614230.0,4.21,-4.04,-0.24,1.2,22.85,23.73,21.79,19.51,15.11,6.85,7.38,7.21,5.62,4.92,5.91,6.16,6.48,7.0,2.98,3.68,3.86,4.56,6.67,6.67,6.32,6.14,7.72,13.33
2021-11-08,000059,5.71,5.83,5.87,5.65,222769,128727828.0,3.86,2.28,0.13,1.39,24.6,22.65,20.35,15.93,7.61,8.14,7.96,6.37,5.66,5.13,5.87,6.05,6.41,6.9,1.37,1.54,2.23,4.29,4.29,3.95,3.77,5.32,10.81,15.44
2021-11-09,000059,5.78,5.89,5.91,5.72,171502,99509213.0,3.26,1.03,0.06,1.07,21.15,18.88,14.51,6.29,6.82,6.64,5.07,4.37,3.85,2.62,5.86,5.96,6.37,6.81,0.51,1.19,3.23,3.23,2.89,2.72,4.24,9.68,14.26,24.62
2021-11-10,000059,5.85,5.9,5.92,5.78,163575,95614757.0,2.38,0.17,0.01,1.02,17.65,13.32,5.19,5.71,5.54,3.98,3.29,2.77,1.56,2.25,5.85,5.9,6.33,6.7,1.02,3.05,3.05,2.71,2.54,4.07,9.49,14.07,24.41,31.86
2021-11-11,000059,5.88,5.93,5.96,5.85,181018,107147911.0,1.86,0.51,0.03,1.13,11.97,3.93,4.44,4.27,2.74,2.05,1.54,0.34,1.03,1.2,5.85,5.9,6.29,6.61,2.53,2.53,2.19,2.02,3.54,8.94,13.49,23.78,31.2,30.52
2021-11-12,000059,5.94,6.06,6.08,5.91,179287,107516764.0,2.87,2.19,0.13,1.12,2.88,3.38,3.21,1.69,1.02,0.51,-0.68,0.0,0.17,0.85,5.92,5.92,6.26,6.53,0.33,0.0,-0.17,1.32,6.6,11.06,21.12,28.38,27.72,25.41
2021-11-15,000059,6.06,6.04,6.08,5.96,150629,90460123.0,1.98,-0.33,-0.02,0.94,2.52,2.35,0.84,0.17,-0.34,-1.51,-0.84,-0.67,0.0,2.01,5.96,5.92,6.23,6.48,0.33,0.17,1.66,6.95,11.42,21.52,28.81,28.15,25.83,27.48
2021-11-16,000059,6.04,5.91,6.06,5.91,126306,75649898.0,2.48,-2.15,-0.13,0.79,3.21,1.69,1.02,0.51,-0.68,0.0,0.17,0.85,2.88,2.88,5.97,5.92,6.18,6.42,2.37,3.89,9.31,13.87,24.2,31.64,30.96,28.6,30.29,30.29
2021-11-17,000059,5.92,6.04,6.05,5.9,143652,85808327.0,2.54,2.2,0.13,0.9,1.86,1.19,0.68,-0.51,0.17,0.34,1.02,3.05,3.05,2.71,6.0,5.92,6.15,6.38,1.66,6.95,11.42,21.52,28.81,28.15,25.83,27.48,27.48,24.34
2021-11-18,000059,6.01,6.09,6.14,6.0,181398,110491343.0,2.32,0.83,0.05,1.13,-0.5,-1.0,-2.17,-1.5,-1.33,-0.67,1.33,1.33,1.0,0.83,6.03,5.94,6.1,6.35,6.08,10.51,20.53,27.75,27.09,24.79,26.44,26.44,23.32,21.35
2021-11-19,000059,6.15,6.37,6.46,6.03,313192,197291649.0,7.06,4.6,0.28,1.96,-1.49,-2.65,-1.99,-1.82,-1.16,0.83,0.83,0.5,0.33,1.82,6.09,6.01,6.08,6.32,5.65,15.23,22.14,21.51,19.31,20.88,20.88,17.9,16.01,13.5
2021-11-22,000059,6.35,6.67,6.73,6.31,352677,231925984.0,6.59,4.71,0.3,2.21,-6.97,-6.34,-6.18,-5.55,-3.65,-3.65,-3.96,-4.12,-2.69,2.38,6.22,6.09,6.07,6.31,10.04,16.64,16.04,13.94,15.44,15.44,12.59,10.79,8.4,9.45
2021-11-23,000059,6.74,7.34,7.34,6.72,597710,433199488.0,9.3,10.04,0.67,3.74,-12.05,-11.9,-11.31,-9.52,-9.52,-9.82,-9.97,-8.63,-3.87,0.15,6.5,6.24,6.1,6.32,5.99,5.45,3.54,4.9,4.9,2.32,0.68,-1.5,-0.54,-3.54
2021-11-24,000059,7.14,7.66,7.78,7.11,982705,742976352.0,9.13,4.36,0.32,6.14,-16.74,-16.17,-14.49,-14.49,-14.77,-14.91,-13.64,-9.14,-5.34,3.23,6.83,6.41,6.16,6.36,1.04,-0.78,0.52,0.52,-1.96,-3.52,-5.61,-4.7,-7.57,-7.44
2021-11-25,000059,7.62,7.39,7.74,7.3,587997,440308336.0,5.74,-3.52,-0.27,3.68,-18.36,-16.71,-16.71,-16.99,-17.12,-15.89,-11.51,-7.81,0.55,6.58,7.09,6.56,6.23,6.38,2.84,4.19,4.19,1.62,0.0,-2.17,-1.22,-4.19,-4.06,-1.49
2021-11-26,000059,7.42,7.53,7.6,7.29,486961,362377120.0,4.19,1.89,0.14,3.04,-16.6,-16.6,-16.87,-17.01,-15.78,-11.39,-7.68,0.69,6.72,6.17,7.32,6.7,6.31,6.41,2.26,2.26,-0.27,-1.86,-3.98,-3.05,-5.98,-5.84,-3.32,-4.91
2021-11-29,000059,7.38,7.5,7.7,7.15,669415,496235488.0,7.3,-0.4,-0.03,4.19,-14.97,-15.24,-15.38,-14.13,-9.65,-5.87,2.66,8.81,8.25,6.29,7.48,6.85,6.38,6.43,2.67,0.13,-1.47,-3.6,-2.67,-5.6,-5.47,-2.93,-4.53,3.2
2021-11-30,000059,7.51,7.45,7.7,7.35,433665,324645488.0,4.67,-0.67,-0.05,2.71,-17.55,-17.69,-16.46,-12.11,-8.44,-0.14,5.85,5.31,3.4,4.76,7.51,7.0,6.46,6.46,0.81,-0.81,-2.95,-2.01,-4.97,-4.83,-2.28,-3.89,3.89,0.13
2021-12-01,000059,7.44,7.34,7.51,7.25,305265,224018155.0,3.49,-1.48,-0.11,1.91,-16.55,-15.31,-10.9,-7.17,1.24,7.31,6.76,4.83,6.21,6.21,7.44,7.13,6.53,6.48,0.68,-1.5,-0.54,-3.54,-3.41,-0.82,-2.45,5.45,1.63,0.41
2021-12-02,000059,7.38,7.19,7.39,7.07,357910,256818727.0,4.36,-2.04,-0.15,2.24,-13.15,-8.63,-4.81,3.82,10.04,9.48,7.5,8.91,8.91,6.22,7.4,7.24,6.59,6.48,0.56,1.53,-1.53,-1.39,1.25,-0.42,7.65,3.76,2.5,3.76
2021-12-03,000059,7.17,7.12,7.23,7.07,181385,129611027.0,2.23,-0.97,-0.07,1.13,-8.63,-4.81,3.82,10.04,9.48,7.5,8.91,8.91,6.22,4.53,7.32,7.32,6.66,6.49,2.53,-0.56,-0.42,2.25,0.56,8.71,4.78,3.51,4.78,4.21
2021-12-06,000059,7.16,7.02,7.3,6.99,281814,200973765.0,4.35,-1.4,-0.1,1.76,-3.72,5.01,11.3,10.73,8.73,10.16,10.16,7.44,5.72,3.43,7.22,7.35,6.72,6.5,0.85,1.0,3.7,1.99,10.26,6.27,4.99,6.27,5.7,3.85
2021-12-07,000059,7.08,6.87,7.08,6.76,309689,212879613.0,4.56,-2.14,-0.15,1.94,8.58,15.09,14.5,12.43,13.91,13.91,11.09,9.32,6.95,7.99,7.11,7.31,6.77,6.5,3.2,5.97,4.22,12.66,8.59,7.28,8.59,8.01,6.11,4.22
2021-12-08,000059,6.89,7.07,7.09,6.86,216755,151706070.0,3.35,2.91,0.2,1.36,13.41,12.83,10.79,12.24,12.24,9.48,7.73,5.39,6.41,3.21,7.05,7.25,6.83,6.52,2.97,1.27,9.48,5.52,4.24,5.52,4.95,3.11,1.27,2.4
2021-12-09,000059,7.07,7.05,7.28,7.01,294211,209339360.0,3.82,-0.28,-0.02,1.84,10.41,8.42,9.84,9.84,7.13,5.42,3.14,4.14,1.0,1.14,7.03,7.21,6.89,6.56,1.56,9.79,5.82,4.54,5.82,5.25,3.4,1.56,2.7,2.13
2021-12-10,000059,7.01,7.04,7.16,7.0,169200,119324854.0,2.27,-0.14,-0.01,1.06,8.57,10.0,10.0,7.29,5.57,3.29,4.29,1.14,1.29,4.0,7.01,7.17,6.93,6.59,9.94,5.97,4.69,5.97,5.4,3.55,1.7,2.84,2.27,2.56
2021-12-13,000059,7.04,7.49,7.74,7.01,801683,603072368.0,10.37,6.39,0.45,5.01,9.84,9.84,7.13,5.42,3.14,4.14,1.0,1.14,3.85,2.14,7.1,7.16,7.01,6.64,-0.4,-1.6,-0.4,-0.93,-2.67,-4.41,-3.34,-3.87,-3.6,-4.94
2021-12-14,000059,7.46,7.37,7.46,7.19,457101,333928592.0,3.6,-1.6,-0.12,2.86,7.09,4.45,2.78,0.56,1.53,-1.53,-1.39,1.25,-0.42,7.65,7.2,7.16,7.08,6.69,0.0,1.22,0.68,-1.09,-2.85,-1.76,-2.31,-2.04,-3.39,-1.63
2021-12-15,000059,7.37,7.3,7.37,7.21,200653,146275361.0,2.17,-0.95,-0.07,1.25,4.16,2.5,0.28,1.25,-1.8,-1.66,0.97,-0.69,7.35,3.47,7.25,7.15,7.14,6.74,2.19,1.64,-0.14,-1.92,-0.82,-1.37,-1.1,-2.47,-0.68,-1.92
2021-12-16,000059,7.31,7.44,7.46,7.3,185057,136675893.0,2.19,1.92,0.14,1.16,1.23,-0.96,0.0,-3.01,-2.88,-0.27,-1.92,6.03,2.19,0.96,7.33,7.18,7.21,6.79,-0.27,-2.02,-3.76,-2.69,-3.23,-2.96,-4.3,-2.55,-3.76,-3.49
2021-12-17,000059,7.42,7.32,7.42,7.26,158326,115991797.0,2.15,-1.61,-0.12,0.99,-0.41,0.55,-2.48,-2.34,0.28,-1.38,6.61,2.75,1.52,2.75,7.38,7.2,7.26,6.84,-0.41,-2.19,-1.09,-1.64,-1.37,-2.73,-0.96,-2.19,-1.91,0.14
2021-12-20,000059,7.25,7.11,7.29,7.08,154922,110583216.0,2.87,-2.87,-0.21,0.97,3.11,0.0,0.14,2.82,1.13,9.32,5.37,4.1,5.37,4.8,7.31,7.21,7.28,6.88,0.7,1.83,1.27,1.55,0.14,1.97,0.7,0.98,3.09,3.38
2021-12-21,000059,7.08,7.15,7.16,7.01,108774,77226427.0,2.11,0.56,0.04,0.68,1.0,1.14,3.85,2.14,10.41,6.42,5.14,6.42,5.85,3.99,7.26,7.23,7.27,6.93,1.26,0.7,0.98,-0.42,1.4,0.14,0.42,2.52,2.8,2.8
2021-12-22,000059,7.22,7.07,7.24,7.07,123517,88251814.0,2.38,-1.12,-0.08,0.77,0.28,2.97,1.27,9.48,5.52,4.24,5.52,4.95,3.11,1.27,7.22,7.23,7.24,6.96,1.84,2.12,0.71,2.55,1.27,1.56,3.68,3.96,3.96,10.89
2021-12-23,000059,7.1,7.13,7.2,7.04,140097,99971845.0,2.26,0.85,0.06,0.88,3.41,1.7,9.94,5.97,4.69,5.97,5.4,3.55,1.7,2.84,7.16,7.24,7.23,7.0,1.26,-0.14,1.68,0.42,0.7,2.81,3.09,3.09,9.96,9.26
2021-12-24,000059,7.19,7.09,7.22,7.08,151277,108207168.0,1.96,-0.56,-0.04,0.95,1.13,9.32,5.37,4.1,5.37,4.8,2.97,1.13,2.26,1.69,7.11,7.25,7.21,7.04,0.42,2.26,0.99,1.27,3.39,3.67,3.67,10.58,9.87,11.71
2021-12-27,000059,7.02,6.97,7.12,6.89,202551,141738315.0,3.24,-1.69,-0.12,1.27,12.34,8.27,6.97,8.27,7.69,5.81,3.92,5.08,4.5,4.79,7.08,7.2,7.18,7.07,4.02,2.73,3.01,5.16,5.45,5.45,12.48,11.76,13.63,11.76
2021-12-28,000059,7.01,7.14,7.25,7.01,178414,127680508.0,3.44,2.44,0.17,1.12,6.42,5.14,6.42,5.85,3.99,2.14,3.28,2.71,3.0,1.57,7.08,7.17,7.16,7.11,0.28,0.56,2.66,2.94,2.94,9.8,9.1,10.92,9.1,9.52
2021-12-29,000059,7.09,7.07,7.16,7.04,127217,90116306.0,1.68,-0.98,-0.07,0.8,4.69,5.97,5.4,3.55,1.7,2.84,2.27,2.56,1.14,2.98,7.08,7.15,7.15,7.15,1.56,3.68,3.96,3.96,10.89,10.18,12.02,10.18,10.61,19.8
2021-12-30,000059,7.07,7.13,7.18,7.04,134826,96204322.0,1.98,0.85,0.06,0.84,5.97,5.4,3.55,1.7,2.84,2.27,2.56,1.14,2.98,1.7,7.08,7.12,7.15,7.18,2.81,3.09,3.09,9.96,9.26,11.08,9.26,9.68,18.79,12.9
2021-12-31,000059,7.16,7.28,7.33,7.04,197203,141882928.0,4.07,2.1,0.15,1.23,5.4,3.55,1.7,2.84,2.27,2.56,1.14,2.98,1.7,1.99,7.12,7.11,7.16,7.21,0.96,0.96,7.69,7.01,8.79,7.01,7.42,16.35,10.58,8.38
2022-01-04,000059,7.25,7.3,7.35,7.17,156142,113577023.0,2.47,0.27,0.02,0.98,1.67,-0.14,0.98,0.42,0.7,-0.7,1.12,-0.14,0.14,2.23,7.18,7.13,7.17,7.23,0.68,7.4,6.71,8.49,6.71,7.12,16.03,10.27,8.08,11.64
2022-01-05,000059,7.32,7.34,7.35,7.19,159641,116175224.0,2.19,0.55,0.04,1.0,-0.42,0.7,0.14,0.42,-0.97,0.83,-0.42,-0.14,1.95,2.23,7.22,7.15,7.19,7.23,6.81,6.13,7.9,6.13,6.54,15.4,9.67,7.49,11.04,10.35
2022-01-06,000059,7.3,7.66,7.84,7.3,431818,329405584.0,7.36,4.36,0.32,2.7,-0.82,-1.37,-1.1,-2.47,-0.68,-1.92,-1.64,0.41,0.68,0.68,7.34,7.21,7.22,7.23,1.7,3.39,1.7,2.09,10.57,5.09,3.0,6.4,5.74,2.22
2022-01-07,000059,7.66,7.63,7.79,7.54,235741,181052354.0,3.26,-0.39,-0.03,1.47,-4.51,-4.24,-5.57,-3.85,-5.04,-4.77,-2.79,-2.52,-2.52,3.98,7.44,7.26,7.25,7.24,3.8,2.1,2.49,11.01,5.5,3.41,6.82,6.16,2.62,-1.31
2022-01-10,000059,7.57,7.72,7.92,7.56,247330,191007254.0,4.72,1.18,0.09,1.55,-4.5,-5.82,-4.1,-5.29,-5.03,-3.04,-2.78,-2.78,3.7,3.04,7.53,7.32,7.29,7.25,0.91,1.3,9.72,4.27,2.2,5.57,4.92,1.42,-2.46,-5.96
2022-01-11,000059,7.75,7.68,7.79,7.65,162011,125216810.0,1.81,-0.52,-0.04,1.01,-6.93,-5.23,-6.41,-6.14,-4.18,-3.92,-3.92,2.48,1.83,3.53,7.61,7.4,7.3,7.25,1.82,10.29,4.82,2.73,6.12,5.47,1.95,-1.95,-5.47,-5.99
2022-01-12,000059,7.7,7.77,7.82,7.59,190088,146596647.0,2.99,1.17,0.09,1.19,-4.48,-5.67,-5.4,-3.43,-3.16,-3.16,3.29,2.64,4.35,2.64,7.69,7.46,7.32,7.26,9.01,3.6,1.54,4.89,4.25,0.77,-3.09,-6.56,-7.08,-7.08
2022-01-13,000059,7.76,8.02,8.47,7.74,466780,380964848.0,9.4,3.22,0.25,2.92,-7.49,-7.24,-5.3,-5.04,-5.04,1.29,0.65,2.33,0.65,1.03,7.76,7.55,7.35,7.28,0.37,-1.62,1.62,1.0,-2.37,-6.11,-9.48,-9.98,-9.98,-8.85
2022-01-14,000059,8.03,7.81,8.05,7.76,234773,184760524.0,3.62,-2.62,-0.21,1.47,-7.47,-5.54,-5.28,-5.28,1.03,0.39,2.06,0.39,0.77,9.15,7.8,7.62,7.37,7.31,1.02,4.35,3.71,0.26,-3.59,-7.04,-7.55,-7.55,-6.4,-6.53
2022-01-17,000059,7.8,7.87,7.89,7.62,167875,130274202.0,3.46,0.77,0.06,1.05,-3.81,-3.54,-3.54,2.89,2.23,3.94,2.23,2.62,11.15,5.64,7.83,7.68,7.4,7.33,3.56,2.92,-0.51,-4.32,-7.75,-8.26,-8.26,-7.12,-7.24,-6.1
2022-01-18,000059,7.87,7.83,8.15,7.8,246309,196714399.0,4.45,-0.51,-0.04,1.54,-5.77,-5.77,0.51,-0.13,1.54,-0.13,0.26,8.59,3.21,1.15,7.86,7.73,7.43,7.36,3.45,0.0,-3.83,-7.28,-7.79,-7.79,-6.64,-6.77,-5.62,-3.19
2022-01-19,000059,7.8,7.75,8.1,7.73,197356,155879307.0,4.73,-1.02,-0.08,1.23,-4.92,1.42,0.78,2.46,0.78,1.16,9.57,4.14,2.07,5.43,7.86,7.77,7.46,7.39,1.03,-2.84,-6.32,-6.84,-6.84,-5.68,-5.81,-4.65,-2.19,1.55
2022-01-20,000059,7.75,7.47,7.83,7.46,213536,161784565.0,4.77,-3.61,-0.28,1.34,5.09,4.42,6.17,4.42,4.83,13.54,7.91,5.76,9.25,8.58,7.75,7.76,7.48,7.4,0.8,-2.81,-3.35,-3.35,-2.14,-2.28,-1.07,1.47,5.35,4.15
2022-01-21,000059,7.48,7.21,7.53,7.18,228934,166822898.0,4.69,-3.48,-0.26,1.43,8.5,10.31,8.5,8.91,17.97,12.12,9.89,13.51,12.81,9.05,7.63,7.71,7.49,7.41,0.69,0.14,0.14,1.39,1.25,2.5,5.13,9.15,7.91,7.63
2022-01-24,000059,7.25,7.22,7.26,7.12,115850,83436446.0,1.94,0.14,0.01,0.72,11.24,9.41,9.83,18.96,13.06,10.81,14.47,13.76,9.97,5.76,7.5,7.66,7.49,7.41,0.0,0.0,1.25,1.11,2.35,4.99,9.0,7.76,7.48,6.23
2022-01-25,000059,7.21,6.79,7.22,6.74,193520,134713825.0,6.65,-5.96,-0.43,1.21,15.58,16.02,25.67,19.44,17.06,20.92,20.18,16.17,11.72,7.72,7.29,7.57,7.48,7.39,6.33,7.66,7.51,8.84,11.63,15.91,14.58,14.29,12.96,10.01
2022-01-26,000059,6.87,7.13,7.22,6.87,223767,158366163.0,5.15,5.01,0.34,1.4,13.83,23.29,17.18,14.85,18.63,17.9,13.97,9.61,5.68,5.09,7.16,7.51,7.48,7.38,2.52,2.38,3.65,6.31,10.38,9.12,8.84,7.57,4.77,4.35
2022-01-27,000059,7.18,7.11,7.31,6.93,254544,181906237.0,5.33,-0.28,-0.02,1.59,22.22,16.16,13.85,17.6,16.88,12.99,8.66,4.76,4.18,4.18,7.09,7.42,7.49,7.37,2.67,3.94,6.61,10.69,9.42,9.14,7.88,5.06,4.64,4.08
2022-01-28,000059,7.3,7.01,7.3,6.87,226252,159098663.0,6.05,-1.41,-0.1,1.41,17.18,14.85,18.63,17.9,13.97,9.61,5.68,5.09,5.09,6.4,7.05,7.34,7.48,7.36,5.42,8.13,12.27,10.98,10.7,9.42,6.56,6.13,5.56,4.56
2022-02-07,000059,7.17,7.37,7.39,7.07,227666,165517741.0,4.56,5.14,0.36,1.42,11.6,15.28,14.57,10.75,6.51,2.69,2.12,2.12,3.39,3.25,7.08,7.29,7.48,7.36,2.85,6.78,5.56,5.29,4.07,1.36,0.95,0.41,-0.54,0.14
2022-02-08,000059,7.3,7.57,7.58,7.26,213262,159140458.0,4.34,2.71,0.2,1.33,12.26,11.57,7.85,3.72,0.0,-0.55,-0.55,0.69,0.55,1.79,7.24,7.26,7.5,7.38,3.96,2.77,2.51,1.32,-1.32,-1.72,-2.25,-3.17,-2.51,-1.32
2022-02-09,000059,7.59,7.66,7.87,7.55,210852,162011546.0,4.23,1.19,0.09,1.32,7.28,3.71,-0.26,-3.84,-4.37,-4.37,-3.18,-3.31,-2.12,0.4,7.34,7.25,7.51,7.39,1.57,1.31,0.13,-2.48,-2.87,-3.39,-4.31,-3.66,-2.48,-4.57
2022-02-10,000059,7.66,7.61,7.78,7.55,172309,131834565.0,3.0,-0.65,-0.05,1.08,3.71,-0.26,-3.84,-4.37,-4.37,-3.18,-3.31,-2.12,0.4,4.24,7.44,7.27,7.51,7.41,1.97,0.79,-1.84,-2.23,-2.76,-3.68,-3.02,-1.84,-3.94,-3.15
2022-02-11,000059,7.56,7.38,7.76,7.36,184374,138740086.0,5.26,-3.02,-0.23,1.15,2.31,-1.36,-1.9,-1.9,-0.68,-0.82,0.41,2.99,6.93,5.71,7.52,7.29,7.5,7.42,3.93,1.22,0.81,0.27,-0.68,0.0,1.22,-0.95,-0.14,-1.08
2022-02-14,000059,7.49,7.45,7.67,7.41,219814,165957262.0,3.52,0.95,0.07,1.37,-2.02,-2.56,-2.56,-1.35,-1.48,-0.27,2.29,6.21,4.99,4.72,7.53,7.31,7.49,7.43,0.27,-0.13,-0.67,-1.61,-0.94,0.27,-1.88,-1.07,-2.01,1.34
2022-02-15,000059,7.39,7.36,7.47,7.26,104868,77125277.0,2.82,-1.21,-0.09,0.66,-0.55,-0.55,0.69,0.55,1.79,4.41,8.4,7.16,6.89,5.65,7.49,7.37,7.47,7.44,1.09,0.54,-0.41,0.27,1.49,-0.68,0.14,-0.82,2.58,-1.36
2022-02-16,000059,7.33,7.42,7.44,7.27,92528,68184981.0,2.31,0.82,0.06,0.58,-0.69,0.55,0.41,1.65,4.26,8.25,7.02,6.74,5.5,2.75,7.44,7.39,7.45,7.45,-0.27,-1.21,-0.54,0.67,-1.48,-0.67,-1.62,1.75,-2.16,-0.94
2022-02-17,000059,7.35,7.25,7.4,7.19,121492,88182281.0,2.83,-2.29,-0.17,0.76,1.67,1.53,2.78,5.42,9.46,8.21,7.93,6.68,3.89,3.48,7.37,7.41,7.41,7.46,1.1,1.79,3.03,0.83,1.66,0.69,4.14,0.14,1.38,3.86
2022-02-18,000059,7.17,7.28,7.33,7.14,122425,88532875.0,2.62,0.41,0.03,0.77,2.24,3.5,6.16,10.22,8.96,8.68,7.42,4.62,4.2,3.64,7.35,7.44,7.39,7.47,1.37,2.61,0.41,1.24,0.27,3.71,-0.27,0.96,3.43,2.2
2022-02-21,000059,7.32,7.35,7.38,7.23,93619,68269685.0,2.06,0.96,0.07,0.59,2.21,4.84,8.85,7.61,7.33,6.09,3.32,2.9,2.35,1.38,7.33,7.43,7.36,7.47,1.63,-0.54,0.27,-0.68,2.72,-1.22,0.0,2.45,1.22,-1.5
2022-02-22,000059,7.42,7.27,7.47,7.22,115623,84703514.0,3.4,-1.09,-0.08,0.72,4.99,9.0,7.76,7.48,6.23,3.46,3.05,2.49,1.52,2.22,7.31,7.4,7.33,7.47,0.55,1.38,0.41,3.85,-0.14,1.1,3.58,2.34,-0.41,-6.74
2022-02-23,000059,7.2,7.26,7.31,7.17,134110,96944632.0,1.93,-0.14,-0.01,0.84,9.76,8.51,8.23,6.97,4.18,3.77,3.21,2.23,2.93,4.18,7.28,7.36,7.31,7.46,1.52,0.55,3.99,0.0,1.24,3.72,2.48,-0.28,-6.61,-8.95
2022-02-24,000059,7.24,7.1,7.37,6.99,229897,165404625.0,5.23,-2.2,-0.16,1.44,11.3,11.02,9.73,6.87,6.44,5.87,4.86,5.58,6.87,4.58,7.25,7.31,7.29,7.45,2.82,6.34,2.25,3.52,6.06,4.79,1.97,-4.51,-6.9,-7.18
2022-02-25,000059,7.15,7.19,7.3,7.11,202683,146028063.0,2.68,1.27,0.09,1.27,9.14,7.88,5.06,4.64,4.08,3.09,3.8,5.06,2.81,3.66,7.23,7.29,7.29,7.43,5.01,0.97,2.23,4.73,3.48,0.7,-5.7,-8.07,-8.34,-0.97
2022-02-28,000059,7.3,7.21,7.55,7.17,223581,163211960.0,5.29,0.28,0.02,1.4,6.97,4.18,3.77,3.21,2.23,2.93,4.18,1.95,2.79,1.81,7.21,7.27,7.29,7.41,0.69,1.94,4.44,3.19,0.42,-5.96,-8.32,-8.6,-1.25,8.04
2022-03-01,000059,7.11,7.09,7.26,6.99,210332,148424143.0,3.74,-1.66,-0.12,1.32,6.87,6.44,5.87,4.86,5.58,6.87,4.58,5.44,4.43,8.01,7.17,7.24,7.3,7.39,3.67,6.21,4.94,2.12,-4.37,-6.77,-7.05,0.42,9.87,-0.85
2022-03-02,000059,7.2,7.24,7.35,7.1,307184,221742617.0,3.53,2.12,0.15,1.92,4.79,4.23,3.24,3.94,5.21,2.96,3.8,2.82,6.34,2.25,7.17,7.22,7.31,7.38,4.01,2.76,0.0,-6.35,-8.7,-8.98,-1.66,7.6,-2.9,-8.01
2022-03-03,000059,7.29,7.52,7.53,7.25,545453,405227328.0,3.87,3.87,0.28,3.41,2.07,1.1,1.79,3.03,0.83,1.66,0.69,4.14,0.14,1.38,7.25,7.25,7.33,7.36,-1.06,-3.72,-9.84,-12.1,-12.37,-5.32,3.59,-6.52,-11.44,-11.84
2022-03-04,000059,7.43,7.17,7.44,7.07,434669,312226384.0,4.92,-4.65,-0.35,2.72,3.68,4.38,5.66,3.39,4.24,3.25,6.79,2.69,3.96,6.51,7.25,7.24,7.34,7.34,0.98,-5.44,-7.81,-8.09,-0.7,8.65,-1.95,-7.11,-7.53,-7.95
2022-03-07,000059,7.24,6.83,7.24,6.76,468466,323040560.0,6.69,-4.74,-0.34,2.93,9.17,10.5,8.14,9.02,7.99,11.69,7.4,8.73,11.39,10.06,7.17,7.19,7.31,7.3,-0.73,-3.22,-3.51,4.25,14.06,2.93,-2.49,-2.93,-3.37,-3.81
2022-03-08,000059,6.78,6.4,6.78,6.35,297368,193157939.0,6.3,-6.3,-0.43,1.86,17.64,15.12,16.06,14.96,18.9,14.33,15.75,18.58,17.17,14.02,7.03,7.1,7.25,7.26,3.28,2.97,11.25,21.72,9.84,4.06,3.59,3.12,2.66,3.91
2022-03-09,000059,6.48,6.4,6.61,6.1,200740,128185042.0,7.97,0.0,0.0,1.26,19.84,20.82,19.67,23.77,19.02,20.49,23.44,21.97,18.69,11.15,6.86,7.02,7.19,7.21,2.97,11.25,21.72,9.84,4.06,3.59,3.12,2.66,3.91,2.5
2022-03-10,000059,6.52,6.47,6.59,6.37,108878,70298794.0,3.44,1.09,0.07,0.68,15.7,14.6,18.52,13.97,15.38,18.21,16.8,13.66,6.44,3.77,6.65,6.95,7.13,7.18,10.05,20.4,8.66,2.94,2.47,2.01,1.55,2.78,1.39,1.39
2022-03-11,000059,6.33,7.12,7.12,6.17,471998,320759088.0,14.68,10.05,0.65,2.95,18.31,22.37,17.67,19.12,22.04,20.58,17.34,9.89,7.13,6.81,6.64,6.95,7.12,7.17,9.41,-1.26,-6.46,-6.88,-7.3,-7.72,-6.6,-7.87,-7.87,-9.27
2022-03-14,000059,7.42,6.95,7.79,6.81,1245505,926414000.0,13.76,-2.39,-0.17,7.79,10.87,6.61,7.93,10.57,9.25,6.31,-0.44,-2.94,-3.23,4.55,6.67,6.92,7.09,7.17,1.15,-4.17,-4.6,-5.04,-5.47,-4.32,-5.61,-5.61,-7.05,-7.48
2022-03-15,000059,6.95,6.26,7.03,6.26,634269,419619376.0,11.08,-9.93,-0.69,3.97,15.97,17.41,20.29,18.85,15.65,8.31,5.59,5.27,13.74,24.44,6.64,6.84,7.04,7.15,6.39,5.91,5.43,4.95,6.23,4.79,4.79,3.19,2.72,2.24
2022-03-16,000059,6.4,6.51,6.66,6.12,493570,317200800.0,8.63,3.99,0.25,3.09,20.1,23.04,21.57,18.3,10.78,8.01,7.68,16.34,27.29,14.87,6.66,6.76,6.99,7.13,1.84,1.38,0.92,2.15,0.77,0.77,-0.77,-1.23,-1.69,-2.76
2022-03-17,000059,6.5,6.58,6.63,6.42,357580,232680830.0,3.23,1.08,0.07,2.24,17.29,15.89,12.77,5.61,2.96,2.65,10.9,21.34,9.5,3.74,6.68,6.67,6.96,7.11,0.3,-0.15,1.06,-0.3,-0.3,-1.82,-2.28,-2.74,-3.8,-3.34
2022-03-18,000059,6.58,6.54,6.6,6.44,278727,181824350.0,2.43,-0.61,-0.04,1.74,15.53,12.42,5.28,2.64,2.33,10.56,20.96,9.16,3.42,2.95,6.57,6.61,6.92,7.09,0.46,1.68,0.31,0.31,-1.22,-1.68,-2.14,-3.21,-2.75,-1.53
2022-03-21,000059,6.54,6.5,6.57,6.41,245303,159360452.0,2.45,-0.61,-0.04,1.53,12.95,5.77,3.12,2.81,11.08,21.53,9.67,3.9,3.43,2.96,6.48,6.57,6.88,7.06,2.31,0.92,0.92,-0.62,-1.08,-1.54,-2.62,-2.15,-0.92,-0.31
2022-03-22,000059,6.54,6.56,6.65,6.48,262691,172570383.0,2.62,0.92,0.06,1.64,4.63,2.01,1.7,9.88,20.22,8.49,2.78,2.31,1.85,1.39,6.54,6.59,6.85,7.03,0.0,0.0,-1.52,-1.98,-2.44,-3.51,-3.05,-1.83,-1.22,-0.91
2022-03-23,000059,6.52,6.51,6.56,6.43,207930,135116024.0,1.98,-0.76,-0.05,1.3,2.8,2.49,10.73,21.15,9.33,3.58,3.11,2.64,2.18,3.42,6.54,6.6,6.81,6.99,0.77,-0.77,-1.23,-1.69,-2.76,-2.3,-1.08,-0.46,-0.15,1.23
2022-03-24,000059,6.54,6.44,6.56,6.43,153718,99863064.0,2.0,-1.08,-0.07,0.96,2.49,10.73,21.15,9.33,3.58,3.11,2.64,2.18,3.42,2.02,6.51,6.6,6.77,6.95,0.31,-0.16,-0.62,-1.71,-1.24,0.0,0.62,0.93,2.33,3.42
2022-03-25,000059,6.41,6.35,6.46,6.35,145182,93086502.0,1.71,-1.4,-0.09,0.91,12.13,22.68,10.71,4.88,4.41,3.94,3.46,4.72,3.31,3.31,6.47,6.52,6.73,6.92,1.26,0.79,-0.31,0.16,1.42,2.05,2.36,3.78,4.88,2.99
2022-03-28,000059,6.33,6.38,6.43,6.2,117952,74452459.0,3.62,0.47,0.03,0.74,25.65,13.39,7.42,6.94,6.45,5.97,7.26,5.81,5.81,4.19,6.45,6.46,6.69,6.88,0.31,-0.78,-0.31,0.94,1.57,1.88,3.29,4.39,2.51,5.49
2022-03-29,000059,6.4,6.25,6.4,6.23,134147,84196241.0,2.66,-2.04,-0.13,0.84,12.84,6.9,6.42,5.94,5.46,6.74,5.3,5.3,3.69,3.21,6.39,6.46,6.65,6.85,1.28,1.76,3.04,3.68,4.0,5.44,6.56,4.64,7.68,7.36
2022-03-30,000059,6.28,6.3,6.33,6.23,109899,69036680.0,1.6,0.8,0.05,0.69,6.9,6.42,5.94,5.46,6.74,5.3,5.3,3.69,3.21,2.73,6.34,6.44,6.6,6.81,0.95,2.22,2.86,3.17,4.6,5.71,3.81,6.83,6.51,6.51
2022-03-31,000059,6.28,6.26,6.36,6.25,130754,82467745.0,1.75,-0.63,-0.04,0.82,6.08,5.6,5.12,6.4,4.96,4.96,3.36,2.88,2.4,1.28,6.31,6.41,6.54,6.78,2.88,3.51,3.83,5.27,6.39,4.47,7.51,7.19,7.19,4.47
2022-04-01,000059,6.26,6.36,6.44,6.19,201960,128523856.0,3.99,1.6,0.1,1.26,6.62,6.14,7.43,5.98,5.98,4.36,3.88,3.39,2.26,2.75,6.31,6.39,6.5,6.75,1.89,2.2,3.62,4.72,2.83,5.82,5.5,5.5,2.83,5.5
2022-04-06,000059,6.34,6.48,6.48,6.31,141562,90818110.0,2.67,1.89,0.12,0.89,4.12,5.39,3.96,3.96,2.38,1.9,1.43,0.32,0.79,2.06,6.33,6.39,6.48,6.72,0.31,1.7,2.78,0.93,3.86,3.55,3.55,0.93,3.55,5.4
2022-04-07,000059,6.43,6.39,6.5,6.37,103949,66722226.0,2.01,-1.39,-0.09,0.65,4.4,2.98,2.98,1.41,0.94,0.47,-0.63,-0.16,1.1,1.73,6.36,6.37,6.48,6.69,3.13,4.23,2.35,5.32,5.01,5.01,2.35,5.01,6.89,4.85
2022-04-08,000059,6.41,6.56,6.59,6.39,268468,175369545.0,3.13,2.66,0.17,1.68,2.66,2.66,1.1,0.63,0.16,-0.94,-0.47,0.78,1.41,1.72,6.41,6.38,6.49,6.66,1.52,-0.3,2.59,2.29,2.29,-0.3,2.29,4.12,2.13,0.3
2022-04-11,000059,6.59,6.48,6.66,6.38,263955,172651302.0,4.27,-1.22,-0.08,1.65,2.82,1.25,0.78,0.31,-0.78,-0.31,0.94,1.57,1.88,3.29,6.45,6.38,6.49,6.64,0.93,3.86,3.55,3.55,0.93,3.55,5.4,3.4,1.54,-2.01
2022-04-12,000059,6.41,6.53,6.54,6.28,180056,115386449.0,4.01,0.77,0.05,1.13,2.87,2.39,1.91,0.8,1.27,2.55,3.18,3.5,4.94,6.05,6.49,6.4,6.46,6.62,3.06,2.76,2.76,0.15,2.76,4.59,2.6,0.77,-2.76,-6.43
2022-04-13,000059,6.55,6.62,6.73,6.51,244645,162229207.0,3.37,1.38,0.09,1.53,-1.23,-1.69,-2.76,-2.3,-1.08,-0.46,-0.15,1.23,2.3,0.46,6.52,6.42,6.44,6.6,1.36,1.36,-1.21,1.36,3.17,1.21,-0.6,-4.08,-7.7,-9.37
2022-04-14,000059,6.65,6.6,6.71,6.53,182555,120535292.0,2.72,-0.3,-0.02,1.14,-1.99,-3.06,-2.6,-1.38,-0.77,-0.46,0.92,1.99,0.15,3.06,6.56,6.46,6.46,6.59,1.67,-0.91,1.67,3.48,1.52,-0.3,-3.79,-7.42,-9.09,-10.15
2022-04-15,000059,6.6,6.55,6.71,6.5,223223,147779312.0,3.18,-0.76,-0.05,1.4,-2.62,-2.15,-0.92,-0.31,0.0,1.38,2.46,0.62,3.54,3.23,6.56,6.48,6.46,6.56,-0.15,2.44,4.27,2.29,0.46,-3.05,-6.72,-8.4,-9.47,-8.09
2022-04-18,000059,6.54,6.35,6.54,6.29,146509,93128322.0,3.82,-3.05,-0.2,0.92,1.11,2.38,3.02,3.34,4.77,5.88,3.97,7.0,6.68,6.68,6.53,6.49,6.45,6.52,5.67,7.56,5.51,3.62,0.0,-3.78,-5.51,-6.61,-5.2,-3.62
2022-04-19,000059,6.37,6.64,6.71,6.33,216178,141915620.0,5.98,4.57,0.29,1.35,1.74,2.37,2.69,4.11,5.21,3.32,6.32,6.0,6.0,3.32,6.55,6.52,6.46,6.51,2.86,0.9,-0.9,-4.37,-7.98,-9.64,-10.69,-9.34,-7.83,-8.73
2022-04-20,000059,6.64,6.69,6.83,6.61,312313,210109487.0,3.31,0.75,0.05,1.95,-1.97,-1.66,-0.3,0.76,-1.06,1.82,1.51,1.51,-1.06,1.51,6.57,6.54,6.46,6.5,0.15,-1.64,-5.08,-8.67,-10.31,-11.36,-10.01,-8.52,-9.42,-10.46
2022-04-21,000059,6.7,6.56,6.7,6.32,246661,159740539.0,5.68,-1.94,-0.13,1.54,2.85,4.27,5.38,3.48,6.49,6.17,6.17,3.48,6.17,8.07,6.56,6.56,6.46,6.51,0.3,-3.2,-6.86,-8.54,-9.6,-8.23,-6.71,-7.62,-8.69,-9.15
2022-04-22,000059,6.49,6.44,6.58,6.28,139766,90035054.0,4.57,-1.83,-0.12,0.87,4.94,6.05,4.14,7.17,6.85,6.85,4.14,6.85,8.76,6.69,6.54,6.55,6.46,6.51,-1.4,-5.12,-6.83,-7.92,-6.52,-4.97,-5.9,-6.99,-7.45,-6.21
2022-04-25,000059,6.33,6.04,6.35,5.99,174149,108032259.0,5.59,-6.21,-0.4,1.09,11.19,9.18,12.35,12.02,12.02,9.18,12.02,14.02,11.85,9.85,6.47,6.5,6.44,6.49,1.16,-0.66,-1.82,-0.33,1.32,0.33,-0.83,-1.32,0.0,-0.5
2022-04-26,000059,6.04,5.8,6.11,5.77,148295,88658196.0,5.63,-3.97,-0.24,0.93,13.34,16.64,16.29,16.29,13.34,16.29,18.37,16.12,14.04,10.05,6.31,6.43,6.41,6.45,3.45,2.24,3.79,5.52,4.48,3.28,2.76,4.14,3.62,4.66
2022-04-27,000059,5.5,5.91,6.0,5.33,227167,127680138.0,11.55,1.9,0.11,1.42,26.27,25.89,25.89,22.7,25.89,28.14,25.7,23.45,19.14,14.63,6.15,6.36,6.39,6.41,0.34,1.86,3.55,2.54,1.35,0.85,2.2,1.69,2.71,3.55
2022-04-28,000059,5.83,5.74,5.93,5.68,126466,72948294.0,4.23,-2.88,-0.17,0.79,18.13,18.13,15.14,18.13,20.25,17.96,15.85,11.8,7.57,5.63,5.99,6.27,6.36,6.4,4.88,6.62,5.57,4.36,3.83,5.23,4.7,5.75,6.62,7.49
2022-04-29,000059,5.74,5.91,6.02,5.73,132132,78164540.0,5.05,2.96,0.17,0.83,17.1,14.14,17.1,19.2,16.93,14.83,10.82,6.63,4.71,3.49,5.88,6.21,6.35,6.38,3.55,2.54,1.35,0.85,2.2,1.69,2.71,3.55,4.4,3.72
2022-05-05,000059,5.9,6.06,6.12,5.85,126801,76597520.0,4.57,2.54,0.15,0.79,11.79,14.7,16.75,14.53,12.48,8.55,4.44,2.56,1.37,2.91,5.88,6.18,6.34,6.36,0.0,-1.16,-1.65,-0.33,-0.83,0.17,0.99,1.82,1.16,-0.83
2022-05-06,000059,5.98,5.95,6.06,5.88,77057,45939290.0,2.97,-1.82,-0.11,0.48,14.12,16.16,13.95,11.9,7.99,3.91,2.04,0.85,2.38,4.08,5.91,6.11,6.32,6.34,0.67,0.17,1.51,1.01,2.02,2.86,3.7,3.03,1.01,4.87
2022-05-09,000059,5.92,5.97,5.99,5.91,60031,35752819.0,1.34,0.34,0.02,0.38,15.57,13.37,11.34,7.45,3.38,1.52,0.34,1.86,3.55,2.54,5.93,6.04,6.29,6.32,-0.17,1.17,0.67,1.68,2.51,3.35,2.68,0.67,4.52,5.19
2022-05-10,000059,5.9,5.95,5.96,5.76,87796,51565223.0,3.35,-0.34,-0.02,0.55,16.32,14.24,10.24,6.08,4.17,2.95,4.51,6.25,5.21,3.99,5.97,5.98,6.27,6.3,1.51,1.01,2.02,2.86,3.7,3.03,1.01,4.87,5.55,6.22
2022-05-11,000059,5.93,5.92,6.04,5.9,111347,66637708.0,2.35,-0.5,-0.03,0.7,11.53,7.63,3.56,1.69,0.51,2.03,3.73,2.71,1.53,1.02,5.97,5.93,6.24,6.28,1.52,2.53,3.38,4.22,3.55,1.52,5.41,6.08,6.76,4.39
2022-05-12,000059,5.91,5.94,6.01,5.86,73316,43576208.0,2.53,0.34,0.02,0.46,8.36,4.27,2.39,1.19,2.73,4.44,3.41,2.22,1.71,3.07,5.95,5.92,6.21,6.27,2.19,3.03,3.87,3.2,1.18,5.05,5.72,6.4,4.04,6.73
2022-05-13,000059,6.0,6.05,6.07,5.95,103298,62303192.0,2.02,1.85,0.11,0.65,2.69,0.84,-0.34,1.18,2.86,1.85,0.67,0.17,1.51,1.01,5.97,5.94,6.18,6.26,1.16,1.98,1.32,-0.66,3.14,3.8,4.46,2.15,4.79,7.6
2022-05-16,000059,6.08,6.11,6.12,6.04,83611,50904257.0,1.32,0.99,0.06,0.52,-0.66,-1.82,-0.33,1.32,0.33,-0.83,-1.32,0.0,-0.5,0.5,5.99,5.96,6.16,6.25,0.98,0.33,-1.64,2.13,2.78,3.44,1.15,3.76,6.55,7.69
2022-05-17,000059,6.12,6.12,6.17,6.06,76084,46492684.0,1.8,0.16,0.01,0.48,-2.15,-0.66,0.99,0.0,-1.16,-1.65,-0.33,-0.83,0.17,0.99,6.03,6.0,6.14,6.24,0.16,-1.8,1.96,2.61,3.27,0.98,3.59,6.37,7.52,8.17
2022-05-18,000059,6.12,6.05,6.13,6.05,67351,40942940.0,1.31,-1.14,-0.07,0.42,-0.5,1.16,0.17,-0.99,-1.49,-0.17,-0.66,0.33,1.16,1.98,6.05,6.01,6.11,6.23,-0.66,3.14,3.8,4.46,2.15,4.79,7.6,8.76,9.42,8.76
2022-05-19,000059,5.97,6.01,6.01,5.9,83395,49649506.0,1.82,-0.66,-0.04,0.52,3.73,2.71,1.53,1.02,2.37,1.86,2.88,3.73,4.58,3.9,6.07,6.01,6.09,6.23,3.83,4.49,5.16,2.83,5.49,8.32,9.48,10.15,9.48,8.65
2022-05-20,000059,5.99,6.18,6.24,5.99,132315,81440264.0,4.16,2.83,0.17,0.83,1.17,0.0,-0.5,0.83,0.33,1.34,2.17,3.01,2.34,0.33,6.09,6.03,6.07,6.22,1.62,2.27,0.0,2.59,5.34,6.47,7.12,6.47,5.66,5.83
2022-05-23,000059,6.2,6.28,6.28,6.18,102450,63947155.0,1.62,1.62,0.1,0.64,-3.07,-3.56,-2.27,-2.75,-1.78,-0.97,-0.16,-0.81,-2.75,0.97,6.13,6.06,6.05,6.21,0.64,-1.59,0.96,3.66,4.78,5.41,4.78,3.98,4.14,4.94
2022-05-24,000059,6.3,6.01,6.32,6.0,121851,74833085.0,5.1,-4.3,-0.27,0.76,-0.67,0.67,0.17,1.17,2.0,2.83,2.17,0.17,4.0,4.67,6.11,6.07,6.02,6.2,2.83,5.49,8.32,9.48,10.15,9.48,8.65,8.82,9.65,10.32
2022-05-25,000059,6.03,6.15,6.18,5.98,81002,49443305.0,3.33,2.33,0.14,0.51,1.0,0.5,1.51,2.34,3.18,2.51,0.5,4.35,5.02,5.69,6.13,6.09,6.01,6.19,3.09,5.85,6.99,7.64,6.99,6.18,6.34,7.15,7.8,9.27
2022-05-26,000059,6.19,6.33,6.34,6.1,156332,97861302.0,3.9,2.93,0.18,0.98,-1.48,-0.49,0.33,1.15,0.49,-1.48,2.3,2.95,3.61,1.31,6.19,6.13,6.02,6.18,2.84,3.95,4.58,3.95,3.16,3.32,4.11,4.74,6.16,6.32
2022-05-27,000059,6.38,6.4,6.51,6.29,167202,107141880.0,3.48,1.11,0.07,1.05,-3.5,-2.7,-1.91,-2.54,-4.45,-0.79,-0.16,0.48,-1.75,0.79,6.23,6.16,6.05,6.18,2.81,3.44,2.81,2.03,2.19,2.97,3.59,5.0,5.16,6.72
2022-05-30,000059,6.45,6.54,6.58,6.36,132708,86136639.0,3.44,2.19,0.14,0.83,-3.77,-2.99,-3.62,-5.5,-1.89,-1.26,-0.63,-2.83,-0.31,2.36,6.29,6.21,6.08,6.18,1.22,0.61,-0.15,0.0,0.76,1.38,2.75,2.91,4.43,3.82
2022-05-31,000059,6.57,6.53,6.62,6.5,119095,77936939.0,1.83,-0.15,-0.01,0.74,-5.08,-5.69,-7.54,-4.0,-3.38,-2.77,-4.92,-2.46,0.15,1.23,6.39,6.25,6.12,6.17,0.77,0.0,0.15,0.92,1.53,2.91,3.06,4.59,3.98,4.59
2022-06-01,000059,6.57,6.53,6.58,6.45,112413,73396562.0,1.99,0.0,0.0,0.7,-4.96,-6.82,-3.26,-2.64,-2.02,-4.19,-1.71,0.93,2.02,2.64,6.47,6.3,6.15,6.17,0.0,0.15,0.92,1.53,2.91,3.06,4.59,3.98,4.59,2.3
2022-06-02,000059,6.52,6.46,6.53,6.45,80299,51968306.0,1.23,-1.07,-0.07,0.5,-6.82,-3.26,-2.64,-2.02,-4.19,-1.71,0.93,2.02,2.64,2.02,6.49,6.34,6.17,6.18,1.24,2.01,2.63,4.02,4.18,5.73,5.11,5.73,3.41,-2.17
2022-06-06,000059,6.51,6.51,6.54,6.46,97502,63326655.0,1.24,0.77,0.05,0.61,-3.41,-2.79,-2.17,-4.33,-1.86,0.77,1.86,2.48,1.86,1.08,6.51,6.37,6.2,6.17,1.23,1.84,3.23,3.38,4.92,4.3,4.92,2.61,-2.92,-3.84
2022-06-07,000059,6.51,6.52,6.59,6.42,97068,63214527.0,2.61,0.15,0.01,0.61,-2.18,-1.56,-3.74,-1.25,1.4,2.49,3.12,2.49,1.71,1.87,6.51,6.4,6.23,6.17,1.69,3.07,3.22,4.75,4.14,4.75,2.45,-3.07,-3.99,-4.91
2022-06-08,000059,6.54,6.63,6.63,6.44,137267,89869221.0,2.91,1.69,0.11,0.86,-1.86,-4.04,-1.55,1.09,2.17,2.8,2.17,1.4,1.55,2.33,6.53,6.46,6.26,6.17,1.36,1.51,3.02,2.41,3.02,0.75,-4.68,-5.58,-6.49,-7.69
2022-06-09,000059,6.59,6.65,6.72,6.56,158399,105418368.0,2.41,0.3,0.02,0.99,-5.79,-3.35,-0.76,0.3,0.91,0.3,-0.46,-0.3,0.46,1.07,6.55,6.51,6.3,6.18,1.2,2.71,2.11,2.71,0.45,-4.96,-5.86,-6.77,-7.97,-9.02
2022-06-10,000059,6.61,6.7,6.73,6.54,122978,82117899.0,2.86,0.75,0.05,0.77,-3.06,-0.46,0.61,1.22,0.61,-0.15,0.0,0.76,1.38,2.75,6.6,6.55,6.34,6.2,1.94,1.34,1.94,-0.3,-5.67,-6.57,-7.46,-8.66,-9.7,-9.7
2022-06-13,000059,6.71,6.76,6.83,6.66,168858,113798266.0,2.54,0.9,0.06,1.06,-2.25,-1.2,-0.6,-1.2,-1.95,-1.8,-1.05,-0.45,0.9,1.05,6.65,6.58,6.37,6.23,0.44,1.04,-1.18,-6.51,-7.4,-8.28,-9.47,-10.5,-10.5,-10.95
2022-06-14,000059,6.72,6.79,6.79,6.56,190627,127462748.0,3.4,0.44,0.03,1.19,0.3,0.91,0.3,-0.46,-0.3,0.46,1.07,2.44,2.59,4.12,6.71,6.61,6.41,6.26,0.59,-1.62,-6.92,-7.81,-8.69,-9.87,-10.9,-10.9,-11.34,-11.34
2022-06-15,000059,6.78,6.7,6.83,6.69,186391,125985393.0,2.06,-1.33,-0.09,1.17,-1.05,-1.64,-2.39,-2.24,-1.49,-0.9,0.45,0.6,2.09,1.49,6.72,6.63,6.44,6.29,-0.3,-5.67,-6.57,-7.46,-8.66,-9.7,-9.7,-10.15,-10.15,-10.3
2022-06-16,000059,6.67,6.49,6.68,6.43,248935,162218124.0,3.73,-3.13,-0.21,1.56,2.33,1.56,1.71,2.49,3.11,4.51,4.67,6.22,5.6,6.22,6.69,6.62,6.46,6.31,-2.62,-3.54,-4.47,-5.7,-6.78,-6.78,-7.24,-7.24,-7.4,-8.01
2022-06-17,000059,6.28,6.26,6.32,6.17,137716,86075053.0,2.31,-3.54,-0.23,0.86,5.83,6.0,6.81,7.46,8.91,9.08,10.7,10.05,10.7,8.27,6.6,6.6,6.47,6.32,0.0,-0.96,-2.24,-3.35,-3.35,-3.83,-3.83,-3.99,-4.63,-4.95
2022-06-20,000059,6.24,6.15,6.26,6.15,145940,90365313.0,1.76,-1.76,-0.11,0.91,6.34,7.15,7.8,9.27,9.43,11.06,10.41,11.06,8.62,2.76,6.48,6.57,6.47,6.32,0.81,-0.49,-1.63,-1.63,-2.11,-2.11,-2.28,-2.93,-3.25,-3.09
2022-06-21,000059,6.2,6.08,6.2,6.05,133170,81468495.0,2.44,-1.14,-0.07,0.83,8.93,9.59,11.07,11.24,12.89,12.23,12.89,10.41,4.46,3.47,6.34,6.52,6.46,6.33,0.66,-0.49,-0.49,-0.99,-0.99,-1.15,-1.81,-2.14,-1.97,-0.82
2022-06-22,000059,6.09,6.01,6.12,6.01,97129,58846730.0,1.81,-1.15,-0.07,0.61,10.32,11.81,11.98,13.64,12.98,13.64,11.15,5.16,4.16,3.16,6.2,6.46,6.46,6.33,0.67,0.67,0.17,0.17,0.0,-0.67,-1.0,-0.83,0.33,-0.67
2022-06-23,000059,6.0,6.04,6.05,5.97,94216,56690320.0,1.33,0.5,0.03,0.59,12.56,12.73,14.41,13.74,14.41,11.89,5.86,4.86,3.85,2.51,6.11,6.4,6.45,6.33,0.17,-0.33,-0.33,-0.5,-1.16,-1.49,-1.32,-0.17,-1.16,-2.48
2022-06-24,000059,6.03,5.95,6.05,5.91,218641,130288168.0,2.32,-1.49,-0.09,1.37,13.87,15.57,14.89,15.57,13.03,6.94,5.92,4.91,3.55,2.37,6.05,6.32,6.44,6.33,1.18,1.18,1.01,0.34,0.0,0.17,1.34,0.34,-1.01,-0.34
2022-06-27,000059,5.96,6.0,6.02,5.94,111546,66651648.0,1.34,0.84,0.05,0.7,14.98,14.31,14.98,12.46,6.4,5.39,4.38,3.03,1.85,1.85,6.02,6.25,6.41,6.33,0.33,0.17,-0.5,-0.83,-0.67,0.5,-0.5,-1.83,-1.17,-2.83
2022-06-28,000059,6.01,6.02,6.02,5.95,189802,113570284.0,1.17,0.33,0.02,1.19,14.12,14.79,12.27,6.22,5.21,4.2,2.86,1.68,1.68,1.18,6.0,6.17,6.39,6.33,-0.17,-0.83,-1.16,-1.0,0.17,-0.83,-2.16,-1.5,-3.16,-4.15
2022-06-29,000059,6.01,5.93,6.01,5.93,139792,83515736.0,1.33,-1.5,-0.09,0.87,15.18,12.65,6.58,5.56,4.55,3.2,2.02,2.02,1.52,1.52,5.99,6.09,6.36,6.32,0.67,0.34,0.51,1.69,0.67,-0.67,0.0,-1.69,-2.7,-3.37
2022-06-30,000059,5.92,5.92,5.97,5.92,98291,58359918.0,0.84,-0.17,-0.01,0.61,12.84,6.76,5.74,4.73,3.38,2.2,2.2,1.69,1.69,1.52,5.96,6.04,6.33,6.32,0.51,0.68,1.86,0.84,-0.51,0.17,-1.52,-2.53,-3.21,-2.87
2022-07-01,000059,5.94,5.89,5.95,5.87,110532,65245013.0,1.35,-0.51,-0.03,0.69,7.67,6.64,5.62,4.26,3.07,3.07,2.56,2.56,2.39,1.7,5.95,6.0,6.3,6.31,1.19,2.38,1.36,0.0,0.68,-1.02,-2.04,-2.72,-2.38,-3.06
2022-07-04,000059,5.9,5.96,5.96,5.86,102104,60373609.0,1.7,1.19,0.07,0.64,6.83,5.8,4.44,3.24,3.24,2.73,2.73,2.56,1.88,1.54,5.94,5.98,6.27,6.31,1.17,0.17,-1.17,-0.5,-2.18,-3.19,-3.86,-3.52,-4.19,-4.53
2022-07-05,000059,5.95,6.03,6.03,5.92,153803,91989004.0,1.85,1.17,0.07,0.96,4.73,3.38,2.2,2.2,1.69,1.69,1.52,0.84,0.51,0.68,5.95,5.98,6.25,6.3,-1.0,-2.32,-1.66,-3.32,-4.31,-4.98,-4.64,-5.31,-5.64,-4.48
2022-07-06,000059,5.97,5.85,5.97,5.83,125917,74026662.0,2.32,-2.99,-0.18,0.79,4.97,3.77,3.77,3.26,3.26,3.09,2.4,2.06,2.23,3.43,5.93,5.96,6.21,6.29,0.68,1.37,-0.34,-1.37,-2.05,-1.71,-2.39,-2.74,-1.54,-1.03
2022-07-07,000059,5.84,5.88,5.89,5.82,69721,40886957.0,1.2,0.51,0.03,0.44,3.95,3.95,3.44,3.44,3.26,2.58,2.23,2.41,3.61,2.58,5.92,5.94,6.17,6.28,0.85,-0.85,-1.87,-2.55,-2.21,-2.89,-3.23,-2.04,-1.53,-1.19
2022-07-08,000059,5.9,5.79,5.93,5.79,118172,69051645.0,2.38,-1.53,-0.09,0.74,4.49,3.97,3.97,3.8,3.11,2.76,2.94,4.15,3.11,1.73,5.9,5.93,6.12,6.27,0.69,-0.35,-1.04,-0.69,-1.38,-1.73,-0.52,0.0,0.35,0.17
2022-07-11,000059,5.78,5.74,5.83,5.7,92050,52796221.0,2.25,-0.86,-0.05,0.58,5.61,5.61,5.44,4.74,4.39,4.56,5.79,4.74,3.33,4.04,5.86,5.9,6.07,6.24,0.52,-0.17,0.17,-0.52,-0.87,0.35,0.87,1.22,1.05,1.22
2022-07-12,000059,5.76,5.68,5.77,5.67,98310,56042873.88,1.74,-1.05,-0.06,0.61,6.17,6.0,5.29,4.94,5.11,6.35,5.29,3.88,4.59,2.82,5.79,5.87,6.02,6.22,0.88,1.23,0.53,0.18,1.41,1.94,2.29,2.11,2.29,3.17
2022-07-13,000059,5.66,5.72,5.73,5.66,75330,42988863.18,1.23,0.7,0.04,0.47,6.18,5.48,5.12,5.3,6.54,5.48,4.06,4.77,3.0,1.94,5.76,5.85,5.97,6.19,0.52,-0.17,-0.52,0.7,1.22,1.57,1.4,1.57,2.45,2.8
2022-07-14,000059,5.72,5.72,5.75,5.69,91545,52342419.77,1.05,0.0,0.0,0.57,4.92,4.57,4.75,5.98,4.92,3.51,4.22,2.46,1.41,0.7,5.73,5.83,5.93,6.16,-0.17,-0.52,0.7,1.22,1.57,1.4,1.57,2.45,2.8,3.85
2022-07-15,000059,5.7,5.53,5.71,5.52,145016,81117604.51,3.32,-3.32,-0.19,0.91,7.79,7.97,9.24,8.15,6.7,7.43,5.62,4.53,3.8,4.17,5.68,5.79,5.89,6.13,2.89,4.16,4.7,5.06,4.88,5.06,5.97,6.33,7.41,7.41
2022-07-18,000059,5.53,5.69,5.69,5.52,135918,76583099.26,3.07,2.89,0.16,0.85,7.97,9.24,8.15,6.7,7.43,5.62,4.53,3.8,4.17,3.44,5.67,5.76,5.87,6.1,1.23,1.76,2.11,1.93,2.11,2.99,3.34,4.39,4.39,3.69
2022-07-19,000059,5.7,5.76,5.76,5.68,87418,50088943.05,1.41,1.23,0.07,0.55,6.16,5.11,3.7,4.4,2.64,1.58,0.88,1.23,0.53,0.18,5.68,5.74,5.86,6.08,0.52,0.87,0.69,0.87,1.74,2.08,3.12,3.12,2.43,1.56
2022-07-20,000059,5.76,5.79,5.79,5.75,110974,64086230.24,0.69,0.52,0.03,0.69,3.83,2.43,3.13,1.39,0.35,-0.35,0.0,-0.7,-1.04,0.17,5.7,5.73,5.84,6.05,0.35,0.17,0.35,1.21,1.55,2.59,2.59,1.9,1.04,-0.17
2022-07-21,000059,5.8,5.77,5.81,5.74,84194,48549142.19,1.21,-0.35,-0.02,0.53,2.61,3.31,1.57,0.52,-0.17,0.17,-0.52,-0.87,0.35,0.87,5.71,5.72,5.83,6.02,0.52,0.69,1.56,1.91,2.95,2.95,2.25,1.39,0.17,-1.21
2022-07-22,000059,5.75,5.76,5.8,5.71,94768,54586925.3,1.56,-0.17,-0.01,0.59,3.85,2.1,1.05,0.35,0.7,0.0,-0.35,0.88,1.4,1.75,5.75,5.72,5.82,5.99,0.87,1.74,2.08,3.12,3.12,2.43,1.56,0.35,-1.04,-0.17
2022-07-25,000059,5.75,5.74,5.81,5.72,74944,43146806.45,1.56,-0.35,-0.02,0.47,1.92,0.87,0.17,0.52,-0.17,-0.52,0.7,1.22,1.57,1.4,5.76,5.72,5.81,5.95,2.09,2.44,3.48,3.48,2.79,1.92,0.7,-0.7,0.17,2.26
2022-07-26,000059,5.77,5.86,5.86,5.73,104497,60670962.49,2.26,2.09,0.12,0.65,0.7,0.0,0.35,-0.35,-0.7,0.52,1.05,1.4,1.22,1.4,5.78,5.73,5.8,5.92,0.34,1.37,1.37,0.68,-0.17,-1.37,-2.73,-1.88,0.17,2.56
2022-07-27,000059,5.83,5.86,5.88,5.82,81533,47714734.5,1.02,0.0,0.0,0.51,-1.55,-1.2,-1.89,-2.23,-1.03,-0.52,-0.17,-0.34,-0.17,0.69,5.8,5.75,5.8,5.9,1.37,1.37,0.68,-0.17,-1.37,-2.73,-1.88,0.17,2.56,3.41
2022-07-28,000059,5.89,5.94,5.94,5.87,134058,79213209.45,1.19,1.37,0.08,0.84,-2.04,-2.73,-3.07,-1.87,-1.36,-1.02,-1.19,-1.02,-0.17,0.17,5.83,5.77,5.8,5.88,0.0,-0.67,-1.52,-2.69,-4.04,-3.2,-1.18,1.18,2.02,2.19
2022-07-29,000059,5.94,5.86,5.94,5.86,90246,53228495.19,1.35,-1.35,-0.08,0.56,-2.56,-2.9,-1.71,-1.19,-0.85,-1.02,-0.85,0.0,0.34,1.37,5.85,5.8,5.8,5.86,0.68,-0.17,-1.37,-2.73,-1.88,0.17,2.56,3.41,3.58,12.97
2022-08-01,000059,5.85,5.88,5.9,5.82,87831,51481200.68,1.37,0.34,0.02,0.55,-2.23,-1.03,-0.52,-0.17,-0.34,-0.17,0.69,1.03,2.06,2.06,5.88,5.82,5.79,5.86,-0.51,-1.7,-3.06,-2.21,-0.17,2.21,3.06,3.23,12.59,23.81
2022-08-02,000059,5.84,5.69,5.85,5.57,199545,113005208.84,4.76,-3.23,-0.19,1.25,3.41,3.95,4.31,4.13,4.31,5.21,5.57,6.64,6.64,5.92,5.85,5.82,5.78,5.84,1.58,0.18,1.05,3.16,5.62,6.5,6.68,16.34,27.94,39.54
2022-08-03,000059,5.66,5.65,5.78,5.65,109815,62638024.22,2.28,-0.7,-0.04,0.69,2.48,2.83,2.65,2.83,3.72,4.07,5.13,5.13,4.42,3.54,5.8,5.8,5.77,5.83,0.88,1.77,3.89,6.37,7.26,7.43,17.17,28.85,40.53,35.93
2022-08-04,000059,5.66,5.66,5.7,5.62,102017,57686463.63,1.42,0.18,0.01,0.64,3.38,3.2,3.38,4.27,4.63,5.69,5.69,4.98,4.09,2.85,5.75,5.79,5.75,5.82,1.59,3.71,6.18,7.07,7.24,16.96,28.62,40.28,35.69,41.52
2022-08-05,000059,5.65,5.74,5.75,5.62,99348,56390502.55,2.3,1.41,0.08,0.62,3.2,3.38,4.27,4.63,5.69,5.69,4.98,4.09,2.85,1.42,5.72,5.79,5.75,5.81,2.26,4.7,5.57,5.75,15.33,26.83,38.33,33.8,39.55,26.83
2022-08-08,000059,5.72,5.86,5.87,5.71,99340,57711001.94,2.79,2.09,0.12,0.62,1.75,2.63,2.98,4.03,4.03,3.33,2.45,1.23,-0.18,0.7,5.72,5.8,5.76,5.81,2.56,3.41,3.58,12.97,24.23,35.49,31.06,36.69,24.23,23.55
2022-08-09,000059,5.84,5.98,6.01,5.81,179028,106329028.3,3.41,2.05,0.12,1.12,0.86,1.2,2.24,2.24,1.55,0.69,-0.52,-1.89,-1.03,1.03,5.78,5.81,5.77,5.8,1.34,1.51,10.7,21.74,32.78,28.43,33.95,21.74,21.07,20.9
2022-08-10,000059,5.98,5.98,6.06,5.93,146396,87638174.6,2.17,0.0,0.0,0.92,-0.84,0.17,0.17,-0.51,-1.35,-2.53,-3.88,-3.04,-1.01,1.35,5.84,5.82,5.79,5.81,1.51,10.7,21.74,32.78,28.43,33.95,21.74,21.07,20.9,22.41
2022-08-11,000059,6.05,6.02,6.07,5.99,96783,58234722.54,1.34,0.67,0.04,0.61,-0.83,-0.83,-1.5,-2.34,-3.51,-4.84,-4.01,-2.0,0.33,1.17,5.92,5.83,5.8,5.81,9.97,20.93,31.89,27.57,33.06,20.93,20.27,20.1,21.59,28.07
2022-08-12,000059,6.03,6.62,6.62,5.99,847564,544955581.54,10.47,9.97,0.6,5.3,-0.83,-1.5,-2.34,-3.51,-4.84,-4.01,-2.0,0.33,1.17,1.34,6.09,5.91,5.86,5.83,9.97,19.94,16.01,21.0,9.97,9.37,9.21,10.57,16.47,20.85
2022-08-15,000059,6.63,7.28,7.28,6.5,1303670,924937196.02,11.78,9.97,0.66,8.15,-9.23,-10.0,-11.08,-12.31,-11.54,-9.69,-7.54,-6.77,-6.62,1.85,6.38,6.05,5.93,5.88,9.07,5.49,10.03,0.0,-0.55,-0.69,0.55,5.91,9.89,9.07
2022-08-16,000059,7.17,7.5,7.94,6.93,1531238,1130446442.48,13.87,3.02,0.22,9.57,-15.58,-16.59,-17.75,-17.03,-15.3,-13.28,-12.55,-12.41,-4.47,5.05,6.68,6.23,6.02,5.93,2.4,6.8,-2.93,-3.47,-3.6,-2.4,2.8,6.67,5.87,6.67
2022-08-17,000059,7.66,7.37,7.68,7.13,663544,488486452.77,7.33,-1.73,-0.13,4.15,-18.93,-20.06,-19.35,-17.67,-15.71,-15.01,-14.87,-7.15,2.1,11.36,6.96,6.4,6.1,5.98,8.68,-1.22,-1.76,-1.9,-0.68,4.61,8.55,7.73,8.55,3.66
2022-08-18,000059,8.01,7.1,8.01,6.98,845719,608269322.03,13.98,-3.66,-0.27,5.29,-18.34,-17.62,-15.9,-13.9,-13.18,-13.04,-5.16,4.3,13.75,10.03,7.17,6.55,6.17,6.02,2.54,1.97,1.83,3.1,8.59,12.68,11.83,12.68,7.61,6.76
2022-08-19,000059,7.1,7.15,7.28,6.94,512860,365297758.96,4.79,0.7,0.05,3.21,-17.15,-15.42,-13.4,-12.68,-12.54,-4.61,4.9,14.41,10.66,15.42,7.28,6.69,6.24,6.06,1.26,1.12,2.38,7.83,11.89,11.05,11.89,6.85,6.01,7.69
2022-08-22,000059,7.06,7.05,7.24,6.84,477721,333861623.37,5.59,-1.4,-0.1,2.99,-14.18,-12.13,-11.4,-11.26,-3.22,6.43,16.08,12.28,17.11,6.43,7.23,6.81,6.3,6.11,2.55,3.83,9.36,13.48,12.62,13.48,8.37,7.52,9.22,10.78
2022-08-23,000059,6.96,7.1,7.23,6.96,546676,389963160.02,3.83,0.71,0.05,3.42,-13.65,-12.93,-12.79,-4.89,4.6,14.08,10.34,15.09,4.6,4.02,7.15,6.92,6.36,6.15,3.1,8.59,12.68,11.83,12.68,7.61,6.76,8.45,10.0,11.55
2022-08-24,000059,7.04,7.01,7.32,6.87,564593,399284157.56,6.34,-1.27,-0.09,3.53,-11.79,-11.64,-3.64,5.97,15.57,11.79,16.59,5.97,5.39,5.24,7.08,7.02,6.42,6.2,9.99,14.12,13.27,14.12,8.99,8.13,9.84,11.41,12.98,23.25
2022-08-25,000059,6.96,7.71,7.71,6.95,797883,593222989.66,10.84,9.99,0.7,4.99,-12.66,-4.75,4.75,14.24,10.5,15.25,4.75,4.17,4.03,5.32,7.2,7.19,6.51,6.26,3.76,2.98,3.76,-0.91,-1.69,-0.13,1.3,2.72,12.06,7.0
2022-08-26,000059,7.8,7.6,8.0,7.51,777097,600287563.27,6.36,-1.43,-0.11,4.86,-11.85,-3.06,5.73,2.26,6.66,-3.06,-3.6,-3.73,-2.53,2.66,7.29,7.29,6.6,6.33,4.47,5.26,0.53,-0.26,1.32,2.76,4.21,13.68,8.55,11.58
2022-08-29,000059,7.67,7.74,7.94,7.48,606041,467661587.0,6.05,1.84,0.14,3.79,-2.67,6.15,2.67,7.09,-2.67,-3.21,-3.34,-2.14,3.07,6.95,7.43,7.33,6.69,6.4,3.36,-1.29,-2.07,-0.52,0.9,2.33,11.63,6.59,9.56,11.24
2022-08-30,000059,7.82,7.61,8.0,7.57,484450,376256280.93,5.56,-1.68,-0.13,3.03,4.89,1.45,5.81,-3.83,-4.36,-4.49,-3.3,1.85,5.68,4.89,7.53,7.34,6.79,6.46,0.39,-0.39,1.18,2.63,4.07,13.53,8.41,11.43,13.14,12.09
2022-08-31,000059,7.63,7.12,7.64,7.07,493597,359941953.11,7.49,-6.44,-0.49,3.09,8.63,13.3,2.97,2.4,2.26,3.54,9.05,13.15,12.31,13.15,7.56,7.32,6.86,6.51,6.46,8.15,9.69,11.24,21.35,15.87,19.1,20.93,19.8,18.68
2022-09-01,000059,7.1,7.5,7.58,7.08,430875,319671765.32,7.02,5.34,0.38,2.69,13.14,2.82,2.26,2.12,3.39,8.9,12.99,12.15,12.99,7.91,7.51,7.36,6.95,6.56,2.67,4.13,5.6,15.2,10.0,13.07,14.8,13.73,12.67,8.27
2022-09-02,000059,7.44,7.58,7.7,7.3,302532,227868954.24,5.33,1.07,0.08,1.89,-0.27,-0.82,-0.96,0.27,5.62,9.59,8.77,9.59,4.66,3.84,7.51,7.4,7.04,6.63,3.03,4.49,13.98,8.84,11.87,13.59,12.53,11.48,7.12,1.85
2022-09-05,000059,7.56,7.65,7.81,7.55,251475,193066509.74,3.43,0.92,0.07,1.57,-4.11,-4.24,-3.05,2.12,5.96,5.17,5.96,1.19,0.4,1.99,7.49,7.46,7.13,6.69,3.53,12.94,7.84,10.85,12.55,11.5,10.46,6.14,0.92,5.49
2022-09-06,000059,7.6,7.85,7.92,7.57,422832,329390993.8,4.58,2.61,0.2,2.64,-4.49,-3.3,1.85,5.68,4.89,5.68,0.92,0.13,1.72,3.17,7.54,7.54,7.23,6.76,10.06,5.1,8.03,9.68,8.66,7.64,3.44,-1.66,2.8,3.06
2022-09-07,000059,7.87,8.14,8.64,7.81,1096638,911953565.96,10.57,3.69,0.29,6.86,-6.27,-1.28,2.43,1.66,2.43,-2.18,-2.94,-1.41,0.0,1.41,7.74,7.65,7.33,6.83,1.35,4.18,5.77,4.79,3.81,-0.25,-5.16,-0.86,-0.61,0.74
2022-09-08,000059,8.12,8.14,8.25,7.82,595215,481758905.09,5.28,0.0,0.0,3.72,-1.41,2.3,1.53,2.3,-2.3,-3.07,-1.53,-0.13,1.28,10.49,7.87,7.69,7.44,6.9,4.18,5.77,4.79,3.81,-0.25,-5.16,-0.86,-0.61,0.74,1.6
2022-09-09,000059,8.25,8.19,8.48,8.1,494274,408099835.2,4.67,0.61,0.05,3.09,-1.23,-1.98,-1.23,-5.68,-6.42,-4.94,-3.58,-2.22,6.67,1.85,7.99,7.75,7.52,6.98,5.13,4.15,3.17,-0.85,-5.74,-1.47,-1.22,0.12,0.98,-0.49
2022-09-13,000059,8.19,8.39,8.61,7.86,706538,583054291.31,9.16,2.44,0.2,4.42,1.02,1.78,-2.8,-3.56,-2.04,-0.64,0.76,9.92,4.96,7.89,8.14,7.82,7.57,7.07,1.67,0.72,-3.22,-7.99,-3.81,-3.58,-2.26,-1.43,-2.86,-6.67
2022-09-14,000059,8.19,8.43,8.53,7.99,581214,480379285.08,6.44,0.48,0.04,3.63,0.13,-4.38,-5.13,-3.63,-2.25,-0.88,8.14,3.25,6.13,7.76,8.26,7.9,7.62,7.16,0.24,-3.68,-8.42,-4.27,-4.03,-2.73,-1.9,-3.32,-7.12,-6.88
2022-09-15,000059,8.45,7.95,8.45,7.8,535211,430294565.58,7.71,-5.69,-0.48,3.35,-2.05,-2.82,-1.28,0.13,1.54,10.77,5.77,8.72,10.38,9.36,8.22,7.98,7.65,7.23,2.14,-2.89,1.51,1.76,3.14,4.03,2.52,-1.51,-1.26,-5.53
2022-09-16,000059,7.93,7.68,8.12,7.61,413080,322296248.82,6.42,-3.4,-0.27,2.58,-0.39,1.18,2.63,4.07,13.53,8.41,11.43,13.14,12.09,11.04,8.13,8.0,7.68,7.3,0.52,5.08,5.34,6.77,7.68,6.12,1.95,2.21,-2.21,-5.99
2022-09-19,000059,7.55,7.57,7.72,7.48,305793,231486166.61,3.13,-1.43,-0.11,1.91,2.94,4.41,5.88,15.51,10.29,13.37,15.11,14.04,12.97,8.56,8.0,8.0,7.7,7.36,6.61,6.87,8.32,9.25,7.66,3.43,3.7,-0.79,-4.62,-2.51
2022-09-20,000059,7.6,7.94,8.07,7.57,343538,271635717.76,6.61,4.89,0.37,2.15,3.17,4.62,14.13,8.98,12.02,13.74,12.68,11.62,7.27,1.98,7.91,8.03,7.74,7.43,1.89,3.27,4.16,2.64,-1.39,-1.13,-5.42,-9.07,-7.05,-9.95
2022-09-21,000059,7.89,8.0,8.09,7.69,269957,215103072.23,5.04,0.76,0.06,1.69,2.99,12.35,7.28,10.27,11.96,10.92,9.88,5.59,0.39,4.94,7.83,8.04,7.79,7.5,2.5,3.37,1.88,-2.12,-1.88,-6.13,-9.75,-7.75,-10.62,-11.62
2022-09-22,000059,8.03,8.1,8.2,7.77,286326,229899495.88,5.38,1.25,0.1,1.79,11.2,6.18,9.14,10.81,9.78,8.75,4.5,-0.64,3.86,4.12,7.86,8.04,7.84,7.57,2.1,0.62,-3.33,-3.09,-7.28,-10.86,-8.89,-11.73,-12.72,-13.83
2022-09-23,000059,8.08,8.07,8.27,7.9,290019,234520863.32,4.57,-0.37,-0.03,1.81,4.43,7.34,8.99,7.97,6.96,2.78,-2.28,2.15,2.41,3.8,7.94,8.03,7.86,7.64,0.99,-2.97,-2.73,-6.94,-10.53,-8.55,-11.4,-12.39,-13.51,-12.14
2022-09-26,000059,7.92,7.73,8.15,7.64,290844,229613002.35,6.32,-4.21,-0.34,1.82,10.99,12.7,11.65,10.6,6.28,1.05,5.63,5.89,7.33,8.25,7.97,7.99,7.87,7.68,1.29,1.55,-2.85,-6.6,-4.53,-7.5,-8.54,-9.7,-8.28,-9.31
2022-09-27,000059,7.69,7.48,7.83,7.21,389354,288482479.59,8.02,-3.23,-0.25,2.43,19.42,18.31,17.2,12.62,7.07,11.93,12.21,13.73,14.7,13.04,7.88,7.9,7.86,7.68,4.95,0.4,-3.48,-1.34,-4.41,-5.48,-6.68,-5.21,-6.28,-4.01
2022-09-28,000059,7.57,7.36,7.85,7.33,268877,201685020.3,6.95,-1.6,-0.12,1.68,16.37,15.28,10.78,5.32,10.1,10.37,11.87,12.82,11.19,6.82,7.75,7.79,7.84,7.68,2.04,-1.9,0.27,-2.85,-3.94,-5.16,-3.67,-4.76,-2.45,-3.8
2022-09-29,000059,7.44,6.9,7.51,6.86,600150,425256351.74,8.83,-6.25,-0.46,3.75,23.18,18.37,12.54,17.64,17.93,19.53,20.55,18.8,14.14,14.43,7.51,7.68,7.83,7.66,4.64,6.96,3.62,2.46,1.16,2.75,1.59,4.06,2.61,1.16
2022-09-30,000059,6.95,7.12,7.22,6.81,421585,298221788.68,5.94,3.19,0.22,2.64,19.24,13.36,18.5,18.8,20.41,21.44,19.68,14.98,15.27,10.28,7.32,7.63,7.81,7.66,3.65,0.42,-0.7,-1.97,-0.42,-1.54,0.84,-0.56,-1.97,-1.26
2022-10-10,000059,7.17,7.05,7.38,6.99,299405,214505300.63,5.48,-0.98,-0.07,1.87,10.44,15.45,15.74,17.31,18.31,16.6,12.02,12.3,7.44,3.29,7.18,7.58,7.79,7.66,1.42,0.28,-0.99,0.57,-0.57,1.84,0.43,-0.99,-0.28,9.08
2022-10-11,000059,7.08,7.02,7.15,6.85,221519,154602490.82,4.26,-0.43,-0.03,1.38,17.81,18.1,19.71,20.73,18.98,14.31,14.6,9.64,5.4,7.74,7.09,7.48,7.76,7.66,0.71,-0.57,1.0,-0.14,2.28,0.85,-0.57,0.14,9.54,13.11
2022-10-12,000059,7.07,6.98,7.07,6.7,218997,150631164.37,5.27,-0.57,-0.04,1.37,20.75,22.39,23.43,21.64,16.87,17.16,12.09,7.76,10.15,6.72,7.01,7.38,7.71,7.65,0.0,1.58,0.43,2.87,1.43,0.0,0.72,10.17,13.75,12.46
2022-10-13,000059,6.97,6.71,6.98,6.66,275672,185649425.27,4.58,-3.87,-0.27,1.72,23.12,24.17,22.37,17.57,17.87,12.76,8.41,10.81,7.36,6.16,6.98,7.24,7.64,7.64,5.66,4.47,7.0,5.51,4.02,4.77,14.61,18.33,16.99,11.48
2022-10-14,000059,6.73,7.02,7.09,6.7,342842,238434032.02,5.81,4.62,0.31,2.14,23.43,21.64,16.87,17.16,12.09,7.76,10.15,6.72,5.52,4.18,6.96,7.14,7.58,7.62,-0.14,2.28,0.85,-0.57,0.14,9.54,13.11,11.82,6.55,2.56
2022-10-17,000059,6.97,6.97,7.01,6.69,270597,185156930.72,4.56,-0.71,-0.05,1.69,21.82,17.04,17.34,12.26,7.92,10.31,6.88,5.68,4.33,5.98,6.94,7.06,7.52,7.6,3.01,1.58,0.14,0.86,10.33,13.92,12.63,7.32,3.3,-1.43
2022-10-18,000059,6.94,7.03,7.18,6.87,272921,192109341.04,4.45,0.86,0.06,1.71,13.97,14.26,9.32,5.09,7.42,4.08,2.91,1.6,3.2,2.04,6.94,7.02,7.46,7.58,0.71,-0.71,0.0,9.39,12.94,11.66,6.4,2.42,-2.28,-3.27
2022-10-19,000059,6.98,6.89,7.08,6.87,178597,124411716.08,2.99,-1.99,-0.14,1.12,14.26,9.32,5.09,7.42,4.08,2.91,1.6,3.2,2.04,4.51,6.92,6.97,7.38,7.55,1.31,2.03,11.61,15.24,13.93,8.56,4.5,-0.29,-1.31,-0.73
2022-10-20,000059,6.8,6.8,6.98,6.79,154037,105710207.98,2.76,-1.31,-0.09,0.96,10.6,6.33,8.69,5.3,4.12,2.8,4.42,3.24,5.74,4.27,6.94,6.96,7.32,7.54,3.38,13.09,16.76,15.44,10.0,5.88,1.03,0.0,0.59,0.15
2022-10-21,000059,6.8,6.99,7.03,6.78,212799,148286249.86,3.68,2.79,0.19,1.33,6.49,8.85,5.46,4.28,2.95,4.57,3.39,5.9,4.42,2.95,6.94,6.95,7.29,7.52,10.01,13.59,12.3,7.01,3.0,-1.72,-2.72,-2.15,-2.58,2.0
2022-10-24,000059,7.0,7.69,7.69,6.92,591524,446082174.07,11.02,10.01,0.7,3.7,6.65,3.32,2.17,0.87,2.46,1.3,3.76,2.31,0.87,1.59,7.08,7.01,7.29,7.53,3.25,2.08,-2.73,-6.37,-10.66,-11.57,-11.05,-11.44,-7.28,-0.39
2022-10-25,000059,7.69,7.69,7.94,7.51,581596,449561535.92,5.59,0.0,0.0,3.64,-4.79,-5.86,-7.06,-5.59,-6.66,-4.39,-5.73,-7.06,-6.39,2.4,7.21,7.08,7.28,7.53,2.08,-2.73,-6.37,-10.66,-11.57,-11.05,-11.44,-7.28,-0.39,1.43
2022-10-26,000059,7.74,7.4,7.85,7.35,477274,360640440.28,6.5,-3.77,-0.29,2.98,-3.81,-5.03,-3.54,-4.63,-2.31,-3.67,-5.03,-4.35,4.63,8.03,7.31,7.12,7.25,7.51,1.08,-2.7,-7.16,-8.11,-7.57,-7.97,-3.65,3.51,5.41,2.7
2022-10-27,000059,7.46,7.12,7.48,6.97,508792,366202943.59,6.89,-3.78,-0.28,3.18,0.14,1.72,0.57,3.01,1.58,0.14,0.86,10.33,13.92,12.63,7.38,7.16,7.2,7.48,1.12,-3.51,-4.49,-3.93,-4.35,0.14,7.58,9.55,6.74,7.58
2022-10-28,000059,7.1,6.76,7.2,6.7,349909,242953505.37,7.02,-5.06,-0.36,2.19,5.82,4.63,7.16,5.67,4.18,4.93,14.78,18.51,17.16,11.64,7.33,7.13,7.14,7.43,1.63,0.59,1.18,0.74,5.47,13.31,15.38,12.43,13.31,15.68
2022-10-31,000059,6.81,6.72,6.87,6.64,292471,197070100.31,3.4,-0.59,-0.04,1.83,5.57,8.13,6.63,5.12,5.87,15.81,19.58,18.22,12.65,8.43,7.14,7.11,7.08,7.39,1.19,1.79,1.34,6.1,13.99,16.07,13.1,13.99,16.37,17.41
2022-11-01,000059,6.72,6.79,6.8,6.41,363777,240565268.91,5.8,1.04,0.07,2.27,12.01,10.45,8.89,9.67,19.97,23.87,22.46,16.69,12.32,7.18,6.96,7.09,7.05,7.33,0.74,0.29,5.01,12.81,14.87,11.93,12.81,15.17,16.2,12.22
2022-11-02,000059,6.76,6.66,6.84,6.52,368051,243905092.82,4.71,-1.91,-0.13,2.3,8.59,7.06,7.82,17.94,21.78,20.4,14.72,10.43,5.37,4.29,6.81,7.06,7.02,7.27,2.25,7.06,15.02,17.12,14.11,15.02,17.42,18.47,14.41,23.72
2022-11-03,000059,6.58,6.71,6.81,6.53,289927,193781781.13,4.2,0.75,0.05,1.81,6.89,7.66,17.76,21.59,20.21,14.55,10.26,5.21,4.13,4.75,6.73,7.05,7.01,7.23,6.26,14.16,16.24,13.26,14.16,16.54,17.59,13.56,22.8,19.08
2022-11-04,000059,6.68,7.09,7.13,6.67,448993,310567987.23,6.86,5.66,0.38,2.81,5.4,15.29,19.04,17.69,12.14,7.95,3.0,1.95,2.55,2.1,6.79,7.06,7.0,7.21,8.04,10.01,7.19,8.04,10.3,11.28,7.48,16.22,12.69,14.95
2022-11-07,000059,7.16,7.58,7.66,7.08,482455,358287151.2,8.18,6.91,0.49,3.02,8.62,12.15,10.88,5.65,1.69,-2.97,-3.95,-3.39,-3.81,0.71,6.97,7.05,7.03,7.21,2.9,0.26,1.06,3.17,4.09,0.53,8.71,5.41,7.52,6.86
2022-11-08,000059,7.66,7.59,7.8,7.52,444770,340524213.48,3.69,0.13,0.01,2.78,5.59,4.39,-0.53,-4.26,-8.64,-9.57,-9.04,-9.44,-5.19,1.86,7.13,7.04,7.06,7.2,0.13,0.92,3.03,3.95,0.4,8.56,5.27,7.38,6.72,8.7
2022-11-09,000059,7.36,7.33,7.6,7.28,303541,225011446.54,4.22,-3.43,-0.26,1.9,7.83,2.75,-1.1,-5.63,-6.59,-6.04,-6.46,-2.06,5.22,7.14,7.26,7.04,7.08,7.18,4.5,6.68,7.64,3.96,12.41,9.0,11.19,10.5,12.55,10.23
2022-11-10,000059,7.36,7.47,7.66,7.19,305152,227250565.98,6.41,1.91,0.14,1.91,4.03,0.14,-4.45,-5.42,-4.87,-5.29,-0.83,6.54,8.48,5.7,7.41,7.07,7.11,7.16,4.69,5.62,2.01,10.31,6.96,9.1,8.43,10.44,8.17,11.38
2022-11-11,000059,7.6,7.62,7.82,7.56,351546,269657424.33,3.48,2.01,0.15,2.2,-4.76,-9.13,-10.05,-9.52,-9.92,-5.69,1.32,3.17,0.53,1.32,7.52,7.16,7.14,7.14,3.54,0.0,8.14,4.86,6.96,6.3,8.27,6.04,9.19,9.71
2022-11-14,000059,7.64,7.4,7.89,7.31,373906,282765483.16,7.61,-2.89,-0.22,2.34,-6.02,-6.98,-6.43,-6.84,-2.46,4.79,6.7,3.97,4.79,6.98,7.48,7.22,7.17,7.13,2.97,11.35,7.97,10.14,9.46,11.49,9.19,12.43,12.97,14.05
2022-11-15,000059,7.4,7.58,7.62,7.34,293402,218724393.06,3.78,2.43,0.18,1.83,-7.36,-6.81,-7.22,-2.86,4.36,6.27,3.54,4.36,6.54,7.49,7.48,7.3,7.19,7.13,8.71,5.41,7.52,6.86,8.84,6.6,9.76,10.29,11.35,10.16
2022-11-16,000059,7.58,8.02,8.24,7.5,539940,425530217.56,9.76,5.8,0.44,3.38,-8.8,-9.2,-4.93,2.13,4.0,1.33,2.13,4.27,5.2,1.6,7.62,7.44,7.25,7.16,-0.37,1.62,1.0,2.87,0.75,3.74,4.24,5.24,4.11,4.99
2022-11-17,000059,7.99,7.79,7.99,7.67,405333,314965519.16,3.99,-2.87,-0.23,2.53,-11.21,-7.04,-0.13,1.69,-0.91,-0.13,1.96,2.87,-0.65,7.43,7.68,7.55,7.3,7.19,4.62,3.98,5.91,3.72,6.8,7.32,8.34,7.19,8.09,6.55
2022-11-18,000059,7.72,7.86,8.15,7.61,580834,459571795.77,6.93,0.9,0.07,3.63,-6.31,0.66,2.5,-0.13,0.66,2.76,3.68,0.13,8.28,4.99,7.73,7.62,7.34,7.21,3.05,4.96,2.8,5.85,6.36,7.38,6.23,7.12,5.6,14.25
2022-11-21,000059,7.83,8.0,8.1,7.66,352445,277447442.76,5.6,1.78,0.14,2.2,0.0,1.83,-0.78,0.0,2.09,3.0,-0.52,7.57,4.31,6.4,7.85,7.67,7.36,7.24,3.12,1.0,4.0,4.5,5.5,4.37,5.25,3.75,12.25,14.75
2022-11-22,000059,7.98,7.95,8.25,7.89,377273,303294334.55,4.5,-0.63,-0.05,2.36,-1.14,-3.68,-2.92,-0.89,0.0,-3.42,4.44,1.27,3.3,2.66,7.92,7.7,7.37,7.27,1.64,4.65,5.16,6.16,5.03,5.91,4.4,12.96,15.47,12.96
2022-11-23,000059,7.92,7.95,8.08,7.76,273145,216762208.83,4.03,0.0,0.0,1.71,-2.06,-1.29,0.77,1.68,-1.8,6.19,2.96,5.03,4.38,6.31,7.91,7.76,7.4,7.31,4.65,5.16,6.16,5.03,5.91,4.4,12.96,15.47,12.96,8.55
2022-11-24,000059,7.92,8.17,8.32,7.88,379603,309134447.91,5.53,2.77,0.22,2.37,-2.79,-0.76,0.13,-3.3,4.57,1.4,3.43,2.79,4.7,2.54,7.99,7.83,7.45,7.35,2.33,3.3,2.2,3.06,1.59,9.91,12.36,9.91,5.63,-1.47
2022-11-25,000059,8.16,8.27,8.36,8.04,470988,386805444.05,3.92,1.22,0.1,2.94,-2.74,-1.87,-5.22,2.49,-0.62,1.37,0.75,2.61,0.5,3.48,8.07,7.9,7.53,7.4,2.06,0.97,1.81,0.36,8.59,11.0,8.59,4.35,-2.66,-3.75
2022-11-28,000059,8.27,8.23,8.44,7.91,355294,293004242.03,6.41,-0.48,-0.04,2.22,-0.25,-3.67,4.17,1.01,3.03,2.4,4.3,2.15,5.18,5.69,8.11,7.98,7.6,7.44,1.46,2.31,0.85,9.11,11.54,9.11,4.86,-2.19,-3.28,-5.22
2022-11-29,000059,8.15,8.2,8.35,8.11,289420,238469792.17,2.92,-0.36,-0.03,1.81,-6.04,1.6,-1.48,0.49,-0.12,1.73,-0.37,2.59,3.08,4.07,8.16,8.04,7.67,7.48,2.68,1.22,9.51,11.95,9.51,5.24,-1.83,-2.93,-4.88,-7.56
2022-11-30,000059,8.17,8.23,8.42,8.12,213004,176915525.3,3.66,0.37,0.03,1.33,1.48,-1.6,0.37,-0.25,1.6,-0.49,2.46,2.96,3.94,2.83,8.22,8.07,7.75,7.52,0.85,9.11,11.54,9.11,4.86,-2.19,-3.28,-5.22,-7.9,-8.02
2022-12-01,000059,8.19,8.21,8.3,8.11,219798,180017397.24,2.31,-0.24,-0.02,1.37,-1.48,0.49,-0.12,1.73,-0.37,2.59,3.08,4.07,2.96,3.82,8.23,8.11,7.83,7.57,9.38,11.81,9.38,5.12,-1.95,-3.05,-4.99,-7.67,-7.8,-9.01
2022-12-02,000059,8.24,8.72,8.98,8.24,607585,531244889.54,9.01,6.21,0.51,3.8,-1.09,-1.7,0.12,-1.94,0.97,1.46,2.43,1.33,2.18,0.73,8.32,8.19,7.91,7.63,5.28,2.98,-1.03,-7.68,-8.72,-10.55,-13.07,-13.19,-14.33,-15.94
2022-12-05,000059,8.78,8.87,9.18,8.58,432402,385077220.54,6.88,1.72,0.15,2.7,-5.59,-3.85,-5.83,-3.03,-2.56,-1.63,-2.68,-1.86,-3.26,4.66,8.45,8.28,7.97,7.67,1.24,-2.71,-9.24,-10.26,-12.06,-14.54,-14.66,-15.78,-17.36,-18.04
2022-12-06,000059,8.92,8.67,8.98,8.51,329721,287479772.48,5.3,-2.25,-0.2,2.06,-3.06,-5.05,-2.23,-1.76,-0.82,-1.88,-1.06,-2.47,5.52,7.87,8.54,8.35,8.03,7.7,-0.46,-7.15,-8.19,-10.03,-12.57,-12.69,-13.84,-15.46,-16.15,-16.84
2022-12-07,000059,8.63,7.94,8.63,7.8,787853,636086352.2,9.57,-8.42,-0.73,4.93,3.59,6.67,7.18,8.21,7.05,7.95,6.41,15.13,17.69,15.13,8.48,8.35,8.06,7.72,1.39,0.25,-1.76,-4.53,-4.66,-5.92,-7.68,-8.44,-9.19,-9.07
2022-12-08,000059,8.0,7.88,8.05,7.77,320354,252277797.81,3.53,-0.76,-0.06,2.0,7.08,7.59,8.62,7.46,8.37,6.82,15.57,18.15,15.57,11.07,8.42,8.32,8.08,7.74,1.02,-1.02,-3.81,-3.93,-5.2,-6.98,-7.74,-8.5,-8.38,-9.26
2022-12-09,000059,7.86,7.71,7.96,7.6,345255,266603291.92,4.57,-2.16,-0.17,2.16,10.0,11.05,9.87,10.79,9.21,18.16,20.79,18.16,13.55,5.92,8.21,8.27,8.08,7.77,1.17,-1.69,-1.82,-3.11,-4.93,-5.71,-6.49,-6.36,-7.26,-10.51
2022-12-12,000059,7.64,7.55,7.8,7.47,253761,192222395.55,4.28,-2.08,-0.16,1.59,12.99,11.78,12.72,11.11,20.21,22.89,20.21,15.53,7.76,6.56,7.95,8.2,8.09,7.8,0.4,0.26,-1.06,-2.91,-3.71,-4.5,-4.37,-5.3,-8.61,-7.81
2022-12-13,000059,7.58,7.43,7.58,7.38,185255,138044423.38,2.65,-1.59,-0.12,1.16,13.14,14.09,12.47,21.68,24.39,21.68,16.94,9.08,7.86,5.69,7.7,8.12,8.08,7.82,1.88,0.54,-1.35,-2.15,-2.96,-2.83,-3.77,-7.13,-6.33,-6.33
2022-12-14,000059,7.45,7.45,7.57,7.34,189305,141232115.76,3.1,0.27,0.02,1.18,14.71,13.08,22.34,25.07,22.34,17.57,9.67,8.45,6.27,3.27,7.6,8.04,8.05,7.85,0.27,-1.61,-2.42,-3.22,-3.09,-4.03,-7.38,-6.58,-6.58,-6.71
2022-12-15,000059,7.45,7.32,7.47,7.29,127282,93442233.42,2.42,-1.74,-0.13,0.8,13.85,23.18,25.93,23.18,18.38,10.43,9.19,7.0,3.98,3.84,7.49,7.95,8.03,7.87,0.14,-0.68,-1.5,-1.37,-2.32,-5.74,-4.92,-4.92,-5.05,-5.74
2022-12-16,000059,7.3,7.24,7.33,7.23,112145,81471765.76,1.37,-1.09,-0.08,0.7,24.2,26.97,24.2,19.36,11.34,10.1,7.88,4.84,4.7,3.32,7.4,7.81,8.0,7.87,0.41,-0.41,-0.28,-1.24,-4.7,-3.87,-3.87,-4.01,-4.7,-5.25
2022-12-19,000059,7.25,7.18,7.27,7.14,117211,84365588.37,1.8,-0.83,-0.06,0.73,28.57,25.77,20.87,12.75,11.48,9.24,6.16,6.02,4.62,2.66,7.32,7.64,7.96,7.86,0.42,0.56,-0.42,-3.9,-3.06,-3.06,-3.2,-3.9,-4.46,-1.67
2022-12-20,000059,7.19,7.18,7.21,7.09,100735,72108771.83,1.67,0.0,0.0,0.63,26.66,21.72,13.54,12.27,10.01,6.91,6.77,5.36,3.39,2.54,7.27,7.49,7.92,7.85,0.56,-0.42,-3.9,-3.06,-3.06,-3.2,-3.9,-4.46,-1.67,-1.67
2022-12-21,000059,7.16,7.07,7.22,7.02,170303,121011383.66,2.79,-1.53,-0.11,1.06,22.93,14.67,13.39,11.11,7.98,7.83,6.41,4.42,3.56,2.71,7.2,7.4,7.88,7.84,1.13,-2.4,-1.56,-1.56,-1.7,-2.4,-2.97,-0.14,-0.14,-0.57
2022-12-22,000059,7.13,6.83,7.15,6.79,332595,230759147.69,5.09,-3.39,-0.24,2.08,18.56,17.23,14.87,11.63,11.49,10.01,7.95,7.07,6.19,6.33,7.1,7.3,7.81,7.82,1.02,1.9,1.9,1.76,1.02,0.44,3.37,3.37,2.93,3.66
2022-12-23,000059,6.88,6.74,6.9,6.68,175374,118747083.9,3.22,-1.32,-0.09,1.1,19.16,16.77,13.47,13.32,11.83,9.73,8.83,7.93,8.08,7.04,7.0,7.2,7.73,7.79,3.26,3.26,3.12,2.37,1.78,4.75,4.75,4.3,5.04,4.15
2022-12-26,000059,6.84,6.89,6.96,6.77,131006,90126228.05,2.82,2.23,0.15,0.82,15.21,11.96,11.82,10.34,8.27,7.39,6.5,6.65,5.61,1.92,6.94,7.13,7.67,7.77,1.02,0.87,0.15,-0.44,2.47,2.47,2.03,2.76,1.89,1.31
2022-12-27,000059,6.89,6.9,6.96,6.86,99798,68928699.2,1.45,0.15,0.01,0.62,10.5,10.35,8.89,6.85,5.98,5.1,5.25,4.23,0.58,1.46,6.89,7.08,7.6,7.75,0.72,0.0,-0.58,2.32,2.32,1.88,2.61,1.74,1.16,-1.01
2022-12-28,000059,6.88,6.91,6.95,6.83,123140,84857602.0,1.74,0.14,0.01,0.77,10.83,9.37,7.32,6.44,5.56,5.71,4.69,1.02,1.9,1.9,6.85,7.03,7.53,7.71,-0.14,-0.72,2.17,2.17,1.74,2.46,1.59,1.01,-1.16,-1.3
2022-12-29,000059,6.9,6.78,6.9,6.77,139341,94962258.7,1.88,-1.88,-0.13,0.87,10.34,8.27,7.39,6.5,6.65,5.61,1.92,2.81,2.81,2.66,6.84,6.97,7.46,7.68,1.18,4.13,4.13,3.69,4.42,3.54,2.95,0.74,0.59,0.44
2022-12-30,000059,6.78,6.8,6.86,6.77,81820,55639783.68,1.33,0.29,0.02,0.51,8.27,7.39,6.5,6.65,5.61,1.92,2.81,2.81,2.66,1.92,6.86,6.93,7.37,7.64,3.82,3.82,3.38,4.12,3.24,2.65,0.44,0.29,0.15,0.59
2023-01-03,000059,6.85,7.03,7.06,6.74,171910,119300399.14,4.71,3.38,0.23,1.07,7.86,6.97,7.12,6.08,2.37,3.26,3.26,3.12,2.37,1.78,6.88,6.91,7.27,7.61,0.43,0.0,0.71,-0.14,-0.71,-2.84,-2.99,-3.13,-2.7,-2.7
2023-01-04,000059,6.99,6.99,7.06,6.94,120843,84777429.99,1.71,-0.57,-0.04,0.76,3.89,4.03,3.03,-0.58,0.29,0.29,0.14,-0.58,-1.15,1.73,6.9,6.89,7.19,7.58,0.57,1.29,0.43,-0.14,-2.29,-2.43,-2.58,-2.15,-2.15,-0.14
2023-01-05,000059,7.0,7.01,7.03,6.87,208483,144824493.34,2.29,0.29,0.02,1.3,5.09,4.08,0.44,1.31,1.31,1.16,0.44,-0.15,2.77,2.77,6.92,6.89,7.14,7.55,1.0,0.14,-0.43,-2.57,-2.71,-2.85,-2.43,-2.43,-0.43,1.57
2023-01-06,000059,6.98,6.91,7.08,6.86,228398,159032871.04,3.14,-1.43,-0.1,1.43,4.23,0.58,1.46,1.46,1.31,0.58,0.0,2.92,2.92,2.48,6.95,6.9,7.1,7.5,1.59,1.01,-1.16,-1.3,-1.45,-1.01,-1.01,1.01,3.04,3.62
2023-01-09,000059,6.95,6.96,7.02,6.88,160363,111611592.04,2.03,0.72,0.05,1.0,0.29,1.16,1.16,1.02,0.29,-0.29,2.62,2.62,2.18,2.91,6.98,6.92,7.06,7.46,0.29,-1.87,-2.01,-2.16,-1.72,-1.72,0.29,2.3,2.87,4.17
2023-01-10,000059,6.95,6.8,6.98,6.78,176040,120488065.55,2.87,-2.3,-0.16,1.1,2.65,2.65,2.51,1.77,1.18,4.13,4.13,3.69,4.42,3.54,6.93,6.91,7.02,7.41,0.44,0.29,0.15,0.59,0.59,2.65,4.71,5.29,6.62,7.65
2023-01-11,000059,6.8,6.79,6.83,6.69,182252,123552685.16,2.06,-0.15,-0.01,1.14,4.04,3.89,3.14,2.54,5.53,5.53,5.08,5.83,4.93,4.33,6.89,6.9,6.99,7.37,0.44,0.29,0.74,0.74,2.8,4.86,5.45,6.77,7.81,8.25
2023-01-12,000059,6.79,6.73,6.82,6.69,120432,81116543.0,1.91,-0.88,-0.06,0.75,3.89,3.14,2.54,5.53,5.53,5.08,5.83,4.93,4.33,2.09,6.84,6.88,6.95,7.32,1.19,1.63,1.63,3.71,5.79,6.39,7.73,8.77,9.21,9.36
2023-01-13,000059,6.73,6.67,6.81,6.61,184654,123552374.8,2.97,-0.89,-0.06,1.15,4.39,3.78,6.81,6.81,6.35,7.11,6.2,5.6,3.33,3.18,6.79,6.87,6.92,7.27,2.55,2.55,4.65,6.75,7.35,8.7,9.75,10.19,10.34,8.55
2023-01-16,000059,6.68,6.76,6.84,6.68,248043,167920907.33,2.4,1.35,0.09,1.55,2.69,5.69,5.69,5.24,5.99,5.09,4.49,2.25,2.1,1.95,6.75,6.87,6.9,7.2,1.18,3.25,5.33,5.92,7.25,8.28,8.73,8.88,7.1,7.25
2023-01-17,000059,6.79,6.79,6.84,6.73,167323,113659423.67,1.63,0.44,0.03,1.05,4.9,4.9,4.46,5.2,4.31,3.71,1.49,1.34,1.19,1.63,6.75,6.84,6.88,7.13,2.8,4.86,5.45,6.77,7.81,8.25,8.39,6.63,6.77,6.77
2023-01-18,000059,6.79,6.94,6.98,6.79,237925,164702169.42,2.8,2.21,0.15,1.49,3.98,3.53,4.27,3.39,2.8,0.59,0.44,0.29,0.74,0.74,6.78,6.84,6.86,7.07,2.59,3.17,4.47,5.48,5.91,6.05,4.32,4.47,4.47,3.89
2023-01-19,000059,6.92,7.05,7.12,6.88,189012,132646385.03,3.46,1.59,0.11,1.18,2.18,2.91,2.03,1.45,-0.73,-0.87,-1.02,-0.58,-0.58,1.45,6.84,6.84,6.86,7.04,1.56,2.84,3.83,4.26,4.4,2.7,2.84,2.84,2.27,1.42
2023-01-20,000059,7.02,7.14,7.16,7.02,255723,181319499.49,1.99,1.28,0.09,1.6,0.85,0.0,-0.57,-2.71,-2.85,-2.99,-2.56,-2.56,-0.57,1.42,6.94,6.86,6.88,7.02,1.54,2.52,2.94,3.08,1.4,1.54,1.54,0.98,0.14,0.0
2023-01-30,000059,7.22,7.21,7.25,7.16,364882,262625718.45,1.26,0.98,0.07,2.28,-1.96,-2.51,-4.61,-4.75,-4.89,-4.47,-4.47,-2.51,-0.56,0.0,7.03,6.89,6.9,7.0,1.53,1.94,2.08,0.42,0.55,0.55,0.0,-0.83,-0.97,4.58
2023-01-31,000059,7.08,7.25,7.32,7.07,262169,187967462.7,3.47,0.55,0.04,1.64,-1.27,-3.39,-3.54,-3.68,-3.25,-3.25,-1.27,0.71,1.27,2.55,7.12,6.93,6.92,6.99,1.38,1.52,-0.14,0.0,0.0,-0.55,-1.38,-1.52,4.0,8.0
2023-02-01,000059,7.24,7.35,7.35,7.22,190845,139290886.6,1.79,1.38,0.1,1.19,-5.4,-5.54,-5.68,-5.26,-5.26,-3.32,-1.39,-0.83,0.42,1.39,7.2,6.99,6.94,6.99,0.14,-1.5,-1.36,-1.36,-1.9,-2.72,-2.86,2.59,6.53,6.67
2023-02-02,000059,7.35,7.21,7.36,7.17,218832,158552587.03,2.59,-1.9,-0.14,1.37,-4.88,-5.02,-4.6,-4.6,-2.65,-0.7,-0.14,1.12,2.09,2.51,7.23,7.04,6.96,6.98,0.42,0.55,0.55,0.0,-0.83,-0.97,4.58,8.6,8.74,6.1
2023-02-03,000059,7.2,7.18,7.24,7.06,166428,119033379.18,2.5,-0.42,-0.03,1.04,-3.54,-3.12,-3.12,-1.13,0.85,1.42,2.69,3.68,4.11,4.25,7.24,7.09,6.98,6.98,0.97,0.97,0.42,-0.42,-0.56,5.01,9.05,9.19,6.55,4.46
2023-02-06,000059,7.18,7.21,7.25,7.12,185278,133081227.33,1.81,0.42,0.03,1.16,-3.93,-3.93,-1.97,0.0,0.56,1.83,2.81,3.23,3.37,1.69,7.24,7.13,7.0,6.98,0.55,0.0,-0.83,-0.97,4.58,8.6,8.74,6.1,4.02,12.07
2023-02-07,000059,7.23,7.14,7.25,7.12,117853,84476047.68,1.8,-0.97,-0.07,0.74,-3.93,-1.97,0.0,0.56,1.83,2.81,3.23,3.37,1.69,1.83,7.22,7.17,7.0,6.97,0.98,0.14,0.0,5.6,9.66,9.8,7.14,5.04,13.17,11.9
2023-02-08,000059,7.19,7.14,7.21,7.12,117208,83948509.77,1.26,0.0,0.0,0.73,-1.97,0.0,0.56,1.83,2.81,3.23,3.37,1.69,1.83,1.83,7.18,7.19,7.01,6.97,0.14,0.0,5.6,9.66,9.8,7.14,5.04,13.17,11.9,11.34
2023-02-09,000059,7.13,7.1,7.15,7.08,167649,119100810.76,0.98,-0.56,-0.04,1.05,0.56,1.13,2.4,3.39,3.81,3.95,2.26,2.4,2.4,1.84,7.15,7.19,7.02,6.97,0.56,6.2,10.28,10.42,7.75,5.63,13.8,12.54,11.97,11.27
2023-02-10,000059,7.11,7.08,7.14,7.02,171273,121188932.16,1.69,-0.28,-0.02,1.07,1.99,3.28,4.27,4.7,4.84,3.13,3.28,3.28,2.71,1.85,7.13,7.19,7.02,6.98,6.5,10.59,10.73,8.05,5.93,14.12,12.85,12.29,11.58,10.45
2023-02-13,000059,7.12,7.52,7.54,7.07,523020,384919165.78,6.64,6.21,0.44,3.27,2.55,3.54,3.96,4.1,2.4,2.55,2.55,1.98,1.13,0.99,7.2,7.22,7.05,7.01,4.12,4.26,1.73,-0.27,7.45,6.25,5.72,5.05,3.99,3.99
2023-02-14,000059,7.54,7.69,7.83,7.5,480968,369230232.72,4.39,2.26,0.17,3.01,-2.4,-2.0,-1.87,-3.47,-3.33,-3.33,-3.87,-4.67,-4.8,0.53,7.31,7.26,7.1,7.03,1.95,-0.52,-2.47,5.07,3.9,3.38,2.73,1.69,1.69,6.24
2023-02-15,000059,7.66,7.59,7.84,7.53,414040,316736086.18,4.03,-1.3,-0.1,2.59,-2.39,-2.26,-3.85,-3.72,-3.72,-4.25,-5.05,-5.18,0.13,3.98,7.4,7.29,7.14,7.06,0.79,-1.19,6.46,5.27,4.74,4.08,3.03,3.03,7.64,6.72
2023-02-16,000059,7.61,7.37,7.65,7.33,295832,221950631.23,4.22,-2.9,-0.22,1.85,0.41,-1.23,-1.09,-1.09,-1.64,-2.46,-2.59,2.86,6.82,6.96,7.45,7.3,7.17,7.07,1.76,9.63,8.41,7.87,7.19,6.11,6.11,10.85,9.91,11.26
2023-02-17,000059,7.36,7.38,7.5,7.34,180570,133922488.95,2.17,0.14,0.01,1.13,-1.36,-1.23,-1.23,-1.77,-2.59,-2.72,2.72,6.68,6.81,4.22,7.51,7.32,7.2,7.09,9.49,8.27,7.72,7.05,5.96,5.96,10.7,9.76,11.11,9.21
2023-02-20,000059,7.45,7.94,8.08,7.38,592254,465183488.86,9.49,7.59,0.56,3.7,-1.76,-1.76,-2.3,-3.12,-3.25,2.17,6.1,6.23,3.66,1.63,7.59,7.4,7.26,7.13,0.63,0.13,-0.5,-1.51,-1.51,2.9,2.02,3.27,1.51,2.39
2023-02-21,000059,7.94,7.88,7.99,7.77,257500,202508072.75,2.77,-0.76,-0.06,1.61,-6.69,-7.21,-7.98,-8.11,-2.96,0.77,0.9,-1.54,-3.47,3.99,7.63,7.47,7.32,7.16,0.89,0.25,-0.76,-0.76,3.68,2.79,4.06,2.28,3.17,5.2
2023-02-22,000059,7.82,7.85,7.95,7.75,175010,137223436.09,2.54,-0.38,-0.03,1.09,-6.97,-7.74,-7.87,-2.71,1.03,1.16,-1.29,-3.23,4.26,3.1,7.68,7.54,7.36,7.19,0.64,-0.38,-0.38,4.08,3.18,4.46,2.68,3.57,5.61,2.29
2023-02-23,000059,7.86,7.79,7.9,7.7,149350,116463619.34,2.55,-0.76,-0.06,0.93,-7.14,-7.27,-2.08,1.69,1.82,-0.65,-2.6,4.94,3.77,3.25,7.77,7.61,7.4,7.21,0.39,0.39,4.88,3.98,5.26,3.47,4.36,6.42,3.08,3.85
2023-02-24,000059,7.77,7.8,7.82,7.67,179620,139016122.82,1.93,0.13,0.01,1.12,-6.91,-1.69,2.09,2.22,-0.26,-2.22,5.35,4.17,3.65,3.0,7.85,7.68,7.43,7.24,0.26,4.74,3.85,5.13,3.33,4.23,6.28,2.95,3.72,1.15
2023-02-27,000059,7.81,7.67,7.82,7.64,180243,138694599.12,2.31,-1.67,-0.13,1.13,-1.31,2.49,2.62,0.13,-1.83,5.76,4.58,4.06,3.4,2.36,7.8,7.7,7.46,7.27,6.52,5.61,6.91,5.08,6.0,8.08,4.69,5.48,2.87,7.43
2023-02-28,000059,7.89,7.99,8.17,7.89,351269,280840048.37,3.65,4.17,0.32,2.2,-0.76,-0.63,-3.04,-4.94,2.41,1.27,0.76,0.13,-0.89,-0.89,7.82,7.73,7.49,7.31,1.38,2.63,0.88,1.75,3.75,0.5,1.25,-1.25,3.13,-0.13
2023-03-01,000059,7.95,7.99,8.1,7.9,283924,227461667.77,2.5,0.0,0.0,1.78,-0.76,-3.16,-5.06,2.28,1.14,0.63,0.0,-1.01,-1.01,3.42,7.85,7.77,7.53,7.35,2.63,0.88,1.75,3.75,0.5,1.25,-1.25,3.13,-0.13,2.25
2023-03-02,000059,8.03,7.96,8.2,7.93,279405,225297682.42,3.38,-0.38,-0.03,1.75,-3.53,-5.42,1.89,0.76,0.25,-0.38,-1.39,-1.39,3.03,2.14,7.88,7.83,7.56,7.39,1.26,2.14,4.15,0.88,1.63,-0.88,3.52,0.25,2.64,2.64
2023-03-03,000059,8.0,8.02,8.06,7.88,192492,153491383.13,2.26,0.75,0.06,1.2,-4.82,2.54,1.4,0.89,0.25,-0.76,-0.76,3.68,2.79,4.06,7.93,7.89,7.61,7.43,1.37,3.37,0.12,0.87,-1.62,2.74,-0.5,1.87,1.87,2.24
2023-03-06,000059,8.03,7.98,8.13,7.93,179274,143757173.41,2.49,-0.5,-0.04,1.12,1.89,0.76,0.25,-0.38,-1.39,-1.39,3.03,2.14,3.4,1.64,7.99,7.89,7.64,7.47,3.88,0.63,1.38,-1.13,3.26,0.0,2.38,2.38,2.76,3.76
2023-03-07,000059,8.0,8.09,8.29,7.97,435935,356109949.45,4.01,1.38,0.11,2.73,0.25,-0.25,-0.88,-1.88,-1.88,2.51,1.63,2.89,1.13,2.01,8.01,7.91,7.69,7.52,-0.74,0.0,-2.47,1.85,-1.36,0.99,0.99,1.36,2.35,6.67
2023-03-08,000059,8.03,8.01,8.03,7.8,244333,193519741.73,2.84,-0.99,-0.08,1.53,1.92,1.28,0.26,0.26,4.74,3.85,5.13,3.33,4.23,6.28,8.01,7.93,7.73,7.55,1.0,-1.5,2.87,-0.37,2.0,2.0,2.37,3.37,7.74,6.87
2023-03-09,000059,8.01,7.86,8.09,7.82,147323,116644804.68,3.37,-1.87,-0.15,0.92,1.02,0.0,0.0,4.48,3.58,4.86,3.07,3.96,6.01,2.69,7.99,7.94,7.77,7.58,0.38,4.83,1.53,3.94,3.94,4.33,5.34,9.8,8.91,10.18
2023-03-10,000059,7.88,7.68,7.89,7.64,130703,100764248.15,3.18,-2.29,-0.18,0.82,2.36,2.36,6.94,6.02,7.33,5.5,6.41,8.51,5.1,5.89,7.92,7.93,7.8,7.6,7.29,3.91,6.38,6.38,6.77,7.81,12.37,11.46,12.76,11.72
2023-03-13,000059,7.97,8.08,8.24,7.71,454927,363862707.19,6.9,5.21,0.4,2.84,1.43,5.97,5.06,6.36,4.54,5.45,7.52,4.15,4.93,2.33,7.94,7.97,7.83,7.63,-1.24,1.11,1.11,1.49,2.48,6.81,5.94,7.18,6.19,7.18
2023-03-14,000059,7.96,7.8,7.98,7.62,296092,231180503.75,4.46,-3.47,-0.28,1.85,7.22,6.3,7.61,5.77,6.69,8.79,5.38,6.17,3.54,8.14,7.89,7.95,7.84,7.65,4.74,4.74,5.13,6.15,10.64,9.74,11.03,10.0,11.03,11.41
2023-03-15,000059,7.77,8.17,8.17,7.77,426394,343600289.19,5.13,4.74,0.37,2.67,4.25,5.53,3.73,4.63,6.69,3.35,4.12,1.54,6.05,2.7,7.92,7.97,7.87,7.67,0.0,0.37,1.35,5.63,4.77,6.0,5.02,6.0,6.36,17.01
2023-03-16,000059,8.12,7.88,8.17,7.87,250032,199722905.6,3.67,-3.55,-0.29,1.56,4.19,2.41,3.3,5.34,2.03,2.8,0.25,4.7,1.4,3.81,7.92,7.96,7.89,7.69,4.06,5.08,9.52,8.63,9.9,8.88,9.9,10.28,21.32,2.16
2023-03-17,000059,7.94,8.16,8.2,7.93,313085,254636204.8,3.43,3.55,0.28,1.96,1.64,2.52,4.54,1.26,2.02,-0.5,3.91,0.63,3.03,3.03,8.02,7.97,7.93,7.73,1.47,5.76,4.9,6.13,5.15,6.13,6.5,17.16,-1.35,-4.41
2023-03-20,000059,8.19,8.26,8.28,8.06,280927,229900927.4,2.7,1.23,0.1,1.76,0.87,2.85,-0.37,0.37,-2.11,2.23,-0.99,1.36,1.36,1.74,8.05,8.0,7.95,7.76,4.48,3.63,4.84,3.87,4.84,5.21,15.74,-2.54,-5.57,-6.78
2023-03-21,000059,8.32,8.58,8.63,8.07,442868,371169454.05,6.78,3.87,0.32,2.77,2.73,-0.5,0.25,-2.23,2.11,-1.12,1.24,1.24,1.61,2.6,8.21,8.05,7.98,7.81,-0.23,0.93,0.0,0.93,1.28,11.42,-6.18,-9.09,-10.26,-11.54
2023-03-22,000059,8.55,8.41,8.56,8.34,183221,154598583.62,2.56,-1.98,-0.17,1.15,-3.72,-3.0,-5.4,-1.2,-4.32,-2.04,-2.04,-1.68,-0.72,3.48,8.26,8.09,8.01,7.85,2.97,2.02,2.97,3.33,13.67,-4.28,-7.25,-8.44,-9.75,-11.3
2023-03-23,000059,8.42,8.61,8.66,8.21,206753,173568166.66,5.35,2.38,0.2,1.29,-1.46,-3.9,0.37,-2.8,-0.49,-0.49,-0.12,0.85,5.12,4.26,8.4,8.16,8.05,7.9,-0.35,0.58,0.93,11.03,-6.5,-9.41,-10.57,-11.85,-13.36,-10.8
2023-03-24,000059,8.54,8.37,8.58,8.27,230210,192137095.56,3.6,-2.79,-0.24,1.44,-4.59,-0.36,-3.51,-1.21,-1.21,-0.85,0.12,4.35,3.51,4.72,8.45,8.23,8.08,7.95,3.46,3.82,14.22,-3.82,-6.81,-8.0,-9.32,-10.87,-8.24,-9.08
2023-03-27,000059,8.57,7.9,8.66,7.54,510112,404716212.76,13.38,-5.62,-0.47,3.19,9.28,5.84,8.36,8.36,8.75,9.81,14.46,13.53,14.85,13.79,8.37,8.21,8.09,7.96,10.0,21.01,1.9,-1.27,-2.53,-3.92,-5.57,-2.78,-3.67,-5.44
2023-03-28,000059,8.5,8.69,8.69,8.35,371511,320957304.99,4.3,10.0,0.79,2.32,-4.43,-2.16,-2.16,-1.8,-0.84,3.35,2.51,3.71,2.75,3.71,8.4,8.3,8.12,7.99,10.01,-7.36,-10.24,-11.39,-12.66,-14.15,-11.62,-12.43,-14.04,-14.38
2023-03-29,000059,9.56,8.39,9.56,7.98,1198310,1038111506.56,18.18,-3.45,-0.3,7.49,2.38,2.38,2.76,3.76,8.15,7.27,8.52,7.52,8.52,8.9,8.39,8.33,8.14,8.02,-4.05,-7.03,-8.22,-9.54,-11.08,-8.46,-9.3,-10.97,-11.32,-10.01
2023-03-30,000059,8.02,7.73,8.05,7.7,597793,469711522.54,4.17,-7.87,-0.66,3.74,6.1,6.49,7.53,12.08,11.17,12.47,11.43,12.47,12.86,24.16,8.22,8.31,8.13,8.03,0.91,-0.39,-1.81,-3.49,-0.65,-1.55,-3.36,-3.75,-2.33,-3.23
2023-03-31,000059,7.8,7.44,7.8,7.41,498689,378777955.98,5.05,-3.75,-0.29,3.12,10.66,11.74,16.46,15.52,16.87,15.79,16.87,17.27,29.01,8.64,8.03,8.24,8.1,8.03,3.49,2.02,0.27,3.23,2.28,0.4,0.0,1.48,0.54,-1.21
2023-04-03,000059,7.49,7.53,7.7,7.47,382997,290547772.82,3.09,1.21,0.09,2.39,10.84,15.53,14.59,15.93,14.86,15.93,16.33,27.98,7.76,4.42,7.96,8.17,8.08,8.02,0.8,-0.93,1.99,1.06,-0.8,-1.2,0.27,-0.66,-2.39,-2.52
2023-04-04,000059,7.56,7.36,7.59,7.35,357830,265205333.87,3.19,-2.26,-0.17,2.24,17.41,16.46,17.82,16.73,17.82,18.23,30.07,9.52,6.12,4.76,7.69,8.04,8.05,8.0,1.36,4.35,3.4,1.49,1.09,2.58,1.63,-0.14,-0.27,-0.27
2023-04-06,000059,7.35,7.4,7.46,7.26,237722,175270341.52,2.72,0.54,0.04,1.49,17.91,19.28,18.18,19.28,19.7,31.68,10.88,7.44,6.06,4.55,7.49,7.94,8.01,7.99,3.78,2.84,0.95,0.54,2.03,1.08,-0.68,-0.81,-0.81,-2.57
2023-04-07,000059,7.4,7.62,7.68,7.39,278438,210245427.06,3.92,2.97,0.22,1.74,17.19,16.1,17.19,17.59,29.36,8.93,5.55,4.19,2.71,0.95,7.47,7.84,8.0,7.98,-0.13,-1.97,-2.36,-0.92,-1.84,-3.54,-3.67,-3.67,-5.38,-6.43
2023-04-10,000059,7.57,7.42,7.61,7.4,239968,179647631.94,2.76,-2.62,-0.2,1.5,15.95,17.03,17.43,29.19,8.78,5.41,4.05,2.57,0.81,3.78,7.47,7.75,7.99,7.97,0.67,0.27,1.75,0.81,-0.94,-1.08,-1.08,-2.83,-3.91,-5.39
2023-04-11,000059,7.47,7.38,7.47,7.33,151946,112083994.56,1.89,-0.54,-0.04,0.95,18.14,18.55,30.42,9.82,6.41,5.05,3.55,1.77,4.77,3.82,7.44,7.7,7.95,7.96,0.81,2.3,1.36,-0.41,-0.54,-0.54,-2.3,-3.39,-4.88,-6.23
2023-04-12,000059,7.37,7.35,7.44,7.3,181182,133245671.52,1.9,-0.41,-0.03,1.13,19.04,30.96,10.27,6.85,5.48,3.97,2.19,5.21,4.25,2.33,7.43,7.56,7.93,7.94,2.72,1.77,0.0,-0.14,-0.14,-1.9,-2.99,-4.49,-5.85,-4.63
2023-04-13,000059,7.36,7.43,7.55,7.33,208549,155324062.72,2.99,1.09,0.08,1.3,30.42,9.82,6.41,5.05,3.55,1.77,4.77,3.82,1.91,1.5,7.44,7.47,7.9,7.92,0.67,-1.08,-1.21,-1.21,-2.96,-4.04,-5.52,-6.86,-5.65,-6.06
2023-04-14,000059,7.48,7.39,7.48,7.32,158764,117058200.52,2.15,-0.54,-0.04,0.99,9.97,6.56,5.19,3.69,1.91,4.92,3.96,2.05,1.64,3.14,7.39,7.43,7.87,7.9,-0.54,-0.68,-0.68,-2.44,-3.52,-5.01,-6.36,-5.14,-5.55,-5.28
2023-04-17,000059,7.06,7.3,7.35,6.91,327290,234944448.47,5.95,-1.22,-0.09,2.05,12.88,11.43,9.84,7.96,11.14,10.13,8.1,7.67,9.26,8.25,7.37,7.42,7.83,7.88,0.55,0.55,-1.23,-2.33,-3.84,-5.21,-3.97,-4.38,-4.11,-3.15
2023-04-18,000059,7.29,7.31,7.34,7.18,132903,96558889.92,2.19,0.14,0.01,0.83,7.24,5.71,3.9,6.96,5.99,4.04,3.62,5.15,4.18,2.37,7.36,7.4,7.78,7.85,0.41,-1.37,-2.46,-3.97,-5.34,-4.1,-4.51,-4.24,-3.28,-3.56
2023-04-19,000059,7.29,7.21,7.34,7.17,118491,85687282.09,2.33,-1.37,-0.1,0.74,5.86,4.04,7.11,6.14,4.18,3.77,5.3,4.32,2.51,2.37,7.33,7.38,7.71,7.82,0.0,-1.11,-2.64,-4.02,-2.77,-3.19,-2.91,-1.94,-2.22,-1.53
2023-04-20,000059,7.19,7.06,7.21,7.04,150501,106720963.29,2.36,-2.08,-0.15,0.94,5.97,9.09,8.1,6.11,5.68,7.24,6.25,4.4,4.26,4.26,7.25,7.35,7.64,7.79,0.99,-0.57,-1.98,-0.71,-1.13,-0.85,0.14,-0.14,0.57,-0.71
2023-04-21,000059,7.06,6.95,7.13,6.93,184703,129061013.95,2.83,-1.56,-0.11,1.15,10.82,9.81,7.79,7.36,8.95,7.94,6.06,5.92,5.92,4.04,7.17,7.28,7.56,7.76,1.01,-0.43,0.86,0.43,0.72,1.73,1.44,2.16,0.86,0.14
2023-04-24,000059,6.92,6.87,7.02,6.8,145474,100170704.2,3.17,-1.15,-0.08,0.91,11.91,9.85,9.41,11.03,10.0,8.09,7.94,7.94,6.03,4.85,7.08,7.23,7.49,7.74,0.73,2.04,1.6,1.89,2.91,2.62,3.35,2.04,1.31,0.73
2023-04-25,000059,6.85,6.8,6.92,6.7,144555,98262573.93,3.2,-1.02,-0.07,0.9,11.49,11.04,12.69,11.64,9.7,9.55,9.55,7.61,6.42,4.78,6.98,7.17,7.43,7.69,3.09,2.65,2.94,3.97,3.68,4.41,3.09,2.35,1.76,0.88
2023-04-26,000059,6.78,6.99,7.01,6.72,113925,78902639.0,4.26,2.79,0.19,0.71,10.71,12.35,11.31,9.38,9.23,9.23,7.29,6.1,4.46,2.98,6.93,7.13,7.35,7.67,-0.14,0.14,1.14,0.86,1.57,0.29,-0.43,-1.0,-1.86,-2.72
2023-04-27,000059,6.95,6.9,6.98,6.85,93961,64829201.84,1.86,-1.29,-0.09,0.59,10.22,9.2,7.3,7.15,7.15,5.26,4.09,2.48,1.02,2.34,6.9,7.08,7.27,7.62,1.45,2.46,2.17,2.9,1.59,0.87,0.29,-0.58,-1.45,-1.01
2023-04-28,000059,6.9,6.99,7.0,6.89,95928,66881277.27,1.59,1.3,0.09,0.6,8.56,6.68,6.53,6.53,4.64,3.48,1.89,0.44,1.74,1.31,6.91,7.04,7.23,7.59,1.14,0.86,1.57,0.29,-0.43,-1.0,-1.86,-2.72,-2.29,-4.72
2023-05-04,000059,6.94,7.02,7.07,6.88,113853,79510275.0,2.72,0.43,0.03,0.71,6.83,6.69,6.69,4.8,3.63,2.03,0.58,1.89,1.45,1.74,6.94,7.01,7.21,7.56,0.43,1.14,-0.14,-0.85,-1.42,-2.28,-3.13,-2.71,-5.13,-6.7
2023-05-05,000059,7.03,6.91,7.05,6.87,114938,79702698.72,2.56,-1.57,-0.11,0.72,6.84,6.84,4.95,3.78,2.18,0.73,2.04,1.6,1.89,2.91,6.96,6.97,7.18,7.51,2.75,1.45,0.72,0.14,-0.72,-1.59,-1.16,-3.62,-5.21,-7.81
2023-05-08,000059,6.91,6.97,7.1,6.91,118572,83043430.47,2.75,0.87,0.06,0.74,6.22,4.34,3.18,1.59,0.14,1.45,1.01,1.3,2.32,2.03,6.96,6.95,7.16,7.46,0.57,-0.14,-0.72,-1.58,-2.44,-2.01,-4.45,-6.03,-8.61,-8.03
2023-05-09,000059,6.97,6.81,7.01,6.8,177926,122273212.04,3.01,-2.3,-0.16,1.11,6.03,4.85,3.24,1.76,3.09,2.65,2.94,3.97,3.68,4.41,6.94,6.92,7.13,7.4,2.2,1.62,0.73,-0.15,0.29,-2.2,-3.82,-6.46,-5.87,-6.46
2023-05-10,000059,6.81,6.93,6.96,6.76,142755,98092221.46,2.94,1.76,0.12,0.89,5.47,3.85,2.37,3.7,3.25,3.55,4.59,4.29,5.03,3.7,6.93,6.92,7.1,7.35,-0.14,-1.01,-1.88,-1.44,-3.9,-5.48,-8.08,-7.5,-8.08,-9.96
2023-05-11,000059,6.92,6.85,6.92,6.82,113712,77978986.64,1.44,-1.15,-0.08,0.71,2.93,1.47,2.79,2.35,2.64,3.67,3.37,4.11,2.79,2.05,6.89,6.92,7.07,7.3,0.15,-0.73,-0.29,-2.77,-4.38,-7.01,-6.42,-7.01,-8.91,-9.49
2023-05-12,000059,6.83,6.7,6.86,6.66,152963,103258278.31,2.92,-2.19,-0.15,0.96,3.9,5.26,4.8,5.11,6.16,5.86,6.61,5.26,4.5,3.9,6.85,6.91,7.04,7.26,1.49,1.94,-0.6,-2.24,-4.93,-4.33,-4.93,-6.87,-7.46,-7.01
2023-05-15,000059,6.7,6.79,6.8,6.64,146929,98983173.56,2.39,1.34,0.09,0.92,5.57,5.12,5.42,6.48,6.17,6.93,5.57,4.82,4.22,3.31,6.82,6.89,7.01,7.19,0.59,-1.91,-3.53,-6.19,-5.6,-6.19,-8.1,-8.69,-8.25,-7.22
2023-05-16,000059,6.83,6.63,6.83,6.61,123571,82768672.82,3.24,-2.36,-0.16,0.77,5.6,5.9,6.96,6.66,7.41,6.05,5.3,4.69,3.78,2.87,6.78,6.86,6.97,7.13,0.45,-1.21,-3.92,-3.32,-3.92,-5.88,-6.49,-6.03,-4.98,-4.37
2023-05-17,000059,6.63,6.51,6.66,6.48,174557,114261176.35,2.71,-1.81,-0.12,1.09,8.02,9.1,8.8,9.57,8.18,7.41,6.79,5.86,4.94,5.4,6.7,6.81,6.92,7.09,0.61,-2.15,-1.54,-2.15,-4.15,-4.76,-4.3,-3.23,-2.61,-2.15
2023-05-18,000059,6.51,6.38,6.55,6.35,206316,132500338.6,3.07,-2.0,-0.13,1.29,11.34,11.02,11.81,10.39,9.61,8.98,8.03,7.09,7.56,4.88,6.6,6.75,6.88,7.06,-0.16,0.47,-0.16,-2.19,-2.82,-2.35,-1.25,-0.63,-0.16,0.31
2023-05-19,000059,6.36,6.27,6.37,6.25,158445,99444100.57,1.88,-1.72,-0.11,0.99,12.8,13.6,12.16,11.36,10.72,9.76,8.8,9.28,6.56,4.8,6.52,6.68,6.83,7.02,2.23,1.59,-0.48,-1.12,-0.64,0.48,1.12,1.59,2.07,3.67
2023-05-22,000059,6.24,6.35,6.41,6.21,181613,115164629.06,3.19,1.28,0.08,1.14,14.33,12.88,12.08,11.43,10.47,9.5,9.98,7.25,5.48,2.58,6.43,6.62,6.78,6.98,0.31,-1.73,-2.36,-1.89,-0.79,-0.16,0.31,0.79,2.36,2.83
2023-05-23,000059,6.33,6.15,6.37,6.15,177699,110507204.27,3.46,-3.15,-0.2,1.11,13.98,13.17,12.52,11.54,10.57,11.06,8.29,6.5,3.58,4.23,6.33,6.56,6.74,6.94,1.46,0.81,1.3,2.44,3.09,3.58,4.07,5.69,6.18,4.88
2023-05-24,000059,6.15,6.15,6.24,6.1,100709,62143481.82,2.28,0.0,0.0,0.63,14.1,13.44,12.46,11.48,11.97,9.18,7.38,4.43,5.08,4.43,6.26,6.48,6.7,6.89,0.81,1.3,2.44,3.09,3.58,4.07,5.69,6.18,4.88,3.41
2023-05-25,000059,6.13,6.19,6.2,6.09,101581,62434437.66,1.79,0.65,0.04,0.64,13.63,12.64,11.66,12.15,9.36,7.55,4.6,5.25,4.6,2.46,6.22,6.41,6.66,6.85,0.65,1.78,2.42,2.91,3.39,5.01,5.49,4.2,2.75,2.1
2023-05-26,000059,6.17,6.22,6.23,6.12,88710,54759433.44,1.78,0.48,0.03,0.55,12.09,11.11,11.6,8.82,7.03,4.08,4.74,4.08,1.96,1.31,6.21,6.36,6.64,6.81,1.29,1.93,2.41,2.89,4.5,4.98,3.7,2.25,1.61,0.8
2023-05-29,000059,6.23,6.25,6.3,6.22,97588,61030876.56,1.29,0.48,0.03,0.61,9.32,9.81,7.07,5.31,2.41,3.05,2.41,0.32,-0.32,0.16,6.19,6.31,6.6,6.78,1.44,1.92,2.4,4.0,4.48,3.2,1.76,1.12,0.32,-0.16
2023-05-30,000059,6.22,6.33,6.34,6.18,103690,64996452.67,2.56,1.28,0.08,0.65,10.52,7.77,5.99,3.07,3.72,3.07,0.97,0.32,0.81,1.94,6.23,6.28,6.57,6.74,0.63,1.11,2.69,3.16,1.9,0.47,-0.16,-0.95,-1.42,-1.9
2023-05-31,000059,6.35,6.34,6.37,6.26,77595,49016196.08,1.74,0.16,0.01,0.49,6.39,4.63,1.76,2.4,1.76,-0.32,-0.96,-0.48,0.64,1.28,6.27,6.26,6.54,6.7,0.95,2.52,3.0,1.74,0.32,-0.32,-1.1,-1.58,-2.05,-3.79
2023-06-01,000059,6.3,6.34,6.4,6.28,67097,42618810.93,1.89,0.0,0.0,0.42,4.3,1.43,2.07,1.43,-0.64,-1.27,-0.8,0.32,0.96,1.43,6.3,6.26,6.5,6.67,2.52,3.0,1.74,0.32,-0.32,-1.1,-1.58,-2.05,-3.79,-3.63
2023-06-02,000059,6.36,6.46,6.5,6.35,99006,63784347.84,2.37,1.89,0.12,0.62,0.31,0.94,0.31,-1.73,-2.36,-1.89,-0.79,-0.16,0.31,0.79,6.34,6.28,6.48,6.64,1.08,-0.15,-1.55,-2.17,-2.94,-3.41,-3.87,-5.57,-5.42,-3.56
2023-06-05,000059,6.47,6.42,6.53,6.41,89131,57534056.15,1.86,-0.62,-0.04,0.56,0.0,-0.62,-2.65,-3.28,-2.81,-1.72,-1.09,-0.62,-0.16,1.4,6.38,6.29,6.45,6.62,0.47,-0.93,-1.56,-2.34,-2.8,-3.27,-4.98,-4.83,-2.96,-3.89
2023-06-06,000059,6.44,6.28,6.45,6.27,87833,55705038.17,2.8,-2.18,-0.14,0.55,1.59,-0.48,-1.12,-0.64,0.48,1.12,1.59,2.07,3.67,4.15,6.37,6.3,6.43,6.59,1.27,0.64,-0.16,-0.64,-1.11,-2.87,-2.71,-0.8,-1.75,-3.03
2023-06-07,000059,6.28,6.29,6.36,6.26,51387,32344851.22,1.59,0.16,0.01,0.32,-0.32,-0.96,-0.48,0.64,1.28,1.76,2.24,3.83,4.31,3.04,6.36,6.31,6.39,6.57,0.48,-0.32,-0.79,-1.27,-3.02,-2.86,-0.95,-1.91,-3.18,-3.5
2023-06-08,000059,6.27,6.25,6.32,6.24,53715,33704800.44,1.27,-0.64,-0.04,0.34,-0.64,-0.16,0.96,1.6,2.08,2.56,4.17,4.65,3.37,1.92,6.34,6.32,6.36,6.55,0.32,-0.16,-0.64,-2.4,-2.24,-0.32,-1.28,-2.56,-2.88,-3.52
2023-06-09,000059,6.25,6.22,6.27,6.2,60343,37553558.94,1.12,-0.48,-0.03,0.38,0.48,1.61,2.26,2.74,3.23,4.84,5.32,4.03,2.58,1.94,6.29,6.32,6.34,6.53,0.32,-0.16,-1.93,-1.77,0.16,-0.8,-2.09,-2.41,-3.05,-2.09
2023-06-12,000059,6.22,6.19,6.24,6.15,72036,44606810.43,1.45,-0.48,-0.03,0.45,2.44,3.09,3.58,4.07,5.69,6.18,4.88,3.41,2.76,1.95,6.25,6.31,6.31,6.5,0.32,-1.45,-1.29,0.65,-0.32,-1.62,-1.94,-2.58,-1.62,0.32
2023-06-13,000059,6.2,6.11,6.21,6.1,91345,56049474.11,1.78,-1.29,-0.08,0.57,3.93,4.43,4.92,6.56,7.05,5.74,4.26,3.61,2.79,2.3,6.21,6.29,6.28,6.48,-0.16,0.0,1.96,0.98,-0.33,-0.65,-1.31,-0.33,1.64,3.76
2023-06-14,000059,6.06,6.08,6.1,5.98,90904,54977683.17,1.96,-0.49,-0.03,0.57,6.52,7.02,8.7,9.2,7.86,6.35,5.69,4.85,4.35,3.85,6.17,6.26,6.26,6.45,0.49,2.47,1.48,0.16,-0.16,-0.82,0.16,2.14,4.28,4.61
2023-06-15,000059,6.07,6.05,6.11,6.0,87716,53047708.77,1.81,-0.49,-0.03,0.55,6.67,8.33,8.83,7.5,6.0,5.33,4.5,4.0,3.5,1.67,6.13,6.24,6.25,6.41,2.98,1.98,0.66,0.33,-0.33,0.66,2.64,4.79,5.12,5.79
2023-06-16,000059,6.06,6.18,6.23,6.05,133841,82631685.87,2.98,2.15,0.13,0.84,7.44,7.93,6.61,5.12,4.46,3.64,3.14,2.64,0.83,0.99,6.12,6.21,6.24,6.39,-0.16,-1.46,-1.78,-2.43,-1.46,0.49,2.59,2.91,3.56,3.24
2023-06-19,000059,6.16,6.06,6.17,6.06,97299,59350532.08,1.78,-1.94,-0.12,0.61,7.76,6.44,4.95,4.29,3.47,2.97,2.48,0.66,0.83,2.81,6.1,6.17,6.23,6.36,0.5,0.17,-0.5,0.5,2.48,4.62,4.95,5.61,5.28,6.27
2023-06-20,000059,6.06,6.04,6.09,6.0,72269,43595865.0,1.49,-0.33,-0.02,0.45,7.5,6.0,5.33,4.5,4.0,3.5,1.67,1.83,3.83,2.83,6.08,6.15,6.22,6.33,0.5,-0.17,0.83,2.81,4.97,5.3,5.96,5.63,6.62,5.46
2023-06-21,000059,6.04,6.01,6.07,6.0,63953,38471578.24,1.16,-0.5,-0.03,0.4,6.0,5.33,4.5,4.0,3.5,1.67,1.83,3.83,2.83,1.5,6.07,6.12,6.22,6.3,0.33,1.33,3.33,5.49,5.82,6.49,6.16,7.15,5.99,5.99
2023-06-26,000059,6.0,5.95,6.03,5.93,83582,49783437.57,1.66,-1.0,-0.06,0.52,6.58,5.73,5.23,4.72,2.87,3.04,5.06,4.05,2.7,2.36,6.05,6.09,6.2,6.27,2.35,4.37,6.55,6.89,7.56,7.23,8.24,7.06,7.06,7.23
2023-06-27,000059,5.98,6.07,6.09,5.96,93250,56431198.82,2.18,2.02,0.12,0.58,5.2,4.7,4.19,2.35,2.52,4.53,3.52,2.18,1.85,1.17,6.03,6.07,6.2,6.25,2.31,4.45,4.78,5.44,5.11,6.1,4.94,4.94,5.11,5.77
2023-06-28,000059,6.06,6.2,6.21,6.0,132247,80540819.33,3.46,2.14,0.13,0.83,4.0,3.5,1.67,1.83,3.83,2.83,1.5,1.17,0.5,1.5,6.05,6.08,6.19,6.23,2.26,2.58,3.23,2.9,3.87,2.74,2.74,2.9,3.55,3.06
2023-06-29,000059,6.19,6.17,6.34,6.14,155843,97297687.78,3.23,-0.48,-0.03,0.97,1.14,-0.65,-0.49,1.47,0.49,-0.81,-1.14,-1.79,-0.81,1.14,6.08,6.08,6.19,6.22,3.08,3.73,3.4,4.38,3.24,3.24,3.4,4.05,3.57,3.4
2023-06-30,000059,6.2,6.29,6.36,6.17,164873,103908522.68,3.08,1.94,0.12,1.03,-1.13,-0.97,0.97,0.0,-1.3,-1.62,-2.27,-1.3,0.65,2.76,6.14,6.1,6.18,6.21,1.75,1.43,2.38,1.27,1.27,1.43,2.07,1.59,1.43,1.27
2023-07-03,000059,6.28,6.35,6.4,6.27,106926,68024703.96,2.07,0.95,0.06,0.67,-2.55,-0.64,-1.59,-2.87,-3.19,-3.83,-2.87,-0.96,1.12,1.44,6.22,6.13,6.18,6.21,0.47,1.42,0.31,0.31,0.47,1.1,0.63,0.47,0.31,-1.1
2023-07-04,000059,6.35,6.33,6.38,6.3,70358,44603365.58,1.26,-0.31,-0.02,0.44,-1.11,-2.06,-3.33,-3.65,-4.29,-3.33,-1.43,0.63,0.95,1.59,6.27,6.15,6.18,6.21,1.74,0.63,0.63,0.79,1.42,0.95,0.79,0.63,-0.79,-1.26
2023-07-05,000059,6.33,6.38,6.44,6.31,82405,52695535.38,2.05,0.79,0.05,0.52,-2.22,-3.49,-3.8,-4.44,-3.49,-1.58,0.48,0.79,1.43,1.11,6.3,6.18,6.17,6.21,-0.16,-0.16,0.0,0.63,0.16,0.0,-0.16,-1.57,-2.04,-2.04
2023-07-06,000059,6.37,6.33,6.37,6.27,76629,48366695.89,1.57,-0.78,-0.05,0.48,-2.87,-3.19,-3.83,-2.87,-0.96,1.12,1.44,2.07,1.75,2.71,6.34,6.21,6.18,6.22,0.63,0.79,1.42,0.95,0.79,0.63,-0.79,-1.26,-1.26,-1.26
2023-07-07,000059,6.34,6.32,6.37,6.27,53806,34004956.48,1.58,-0.16,-0.01,0.34,-3.19,-3.83,-2.87,-0.96,1.12,1.44,2.07,1.75,2.71,1.59,6.34,6.24,6.18,6.22,0.95,1.58,1.11,0.95,0.79,-0.63,-1.11,-1.11,-1.11,-0.95
2023-07-10,000059,6.33,6.33,6.38,6.3,52410,33220345.68,1.27,0.16,0.01,0.33,-4.29,-3.33,-1.43,0.63,0.95,1.59,1.27,2.22,1.11,1.11,6.34,6.28,6.18,6.23,1.42,0.95,0.79,0.63,-0.79,-1.26,-1.26,-1.26,-1.11,-1.9
2023-07-11,000059,6.36,6.39,6.42,6.3,52940,33670296.4,1.9,0.95,0.06,0.33,-3.33,-1.43,0.63,0.95,1.59,1.27,2.22,1.11,1.11,1.27,6.35,6.31,6.19,6.23,0.0,-0.16,-0.31,-1.72,-2.19,-2.19,-2.19,-2.03,-2.82,-1.1
2023-07-12,000059,6.39,6.31,6.39,6.3,51278,32530723.0,1.41,-1.25,-0.08,0.32,-1.43,0.63,0.95,1.59,1.27,2.22,1.11,1.11,1.27,1.9,6.34,6.32,6.2,6.24,1.11,0.95,-0.48,-0.95,-0.95,-0.95,-0.79,-1.58,0.16,0.79
2023-07-13,000059,6.31,6.33,6.38,6.29,72640,45948381.75,1.43,0.32,0.02,0.45,0.79,1.11,1.75,1.43,2.38,1.27,1.27,1.43,2.07,1.59,6.34,6.34,6.21,6.24,0.63,-0.79,-1.26,-1.26,-1.26,-1.11,-1.9,-0.16,0.47,1.58
2023-07-14,000059,6.33,6.33,6.37,6.25,92808,58668255.52,1.9,0.0,0.0,0.58,1.76,2.4,2.08,3.04,1.92,1.92,2.08,2.72,2.24,2.08,6.34,6.34,6.22,6.24,-0.79,-1.26,-1.26,-1.26,-1.11,-1.9,-0.16,0.47,1.58,0.95
2023-07-17,000059,6.28,6.2,6.28,6.11,138896,85768924.48,2.69,-2.05,-0.13,0.87,4.75,4.42,5.4,4.26,4.26,4.42,5.07,4.58,4.42,4.26,6.31,6.33,6.23,6.23,0.81,0.81,0.81,0.97,0.16,1.94,2.58,3.71,3.06,7.1
2023-07-18,000059,6.22,6.23,6.25,6.13,67110,41515846.58,1.94,0.48,0.03,0.42,4.08,5.06,3.92,3.92,4.08,4.73,4.24,4.08,3.92,2.45,6.28,6.32,6.23,6.22,0.32,0.32,0.48,-0.32,1.44,2.09,3.21,2.57,6.58,6.9
2023-07-19,000059,6.23,6.19,6.25,6.17,37544,23285398.0,1.28,-0.64,-0.04,0.23,4.38,3.24,3.24,3.4,4.05,3.57,3.4,3.24,1.78,1.3,6.26,6.3,6.24,6.22,0.97,1.13,0.32,2.1,2.75,3.88,3.23,7.27,7.59,7.11
2023-07-20,000059,6.19,6.14,6.25,6.11,74676,46273483.0,2.26,-0.81,-0.05,0.47,4.26,4.26,4.42,5.07,4.58,4.42,4.26,2.78,2.29,2.29,6.22,6.28,6.24,6.21,1.95,1.14,2.93,3.58,4.72,4.07,8.14,8.47,7.98,7.49
2023-07-21,000059,6.15,6.19,6.26,6.11,53933,33466449.79,2.44,0.81,0.05,0.34,4.26,4.42,5.07,4.58,4.42,4.26,2.78,2.29,2.29,2.29,6.19,6.26,6.25,6.21,0.32,2.1,2.75,3.88,3.23,7.27,7.59,7.11,6.62,7.59
2023-07-24,000059,6.19,6.16,6.21,6.14,45356,27973546.18,1.13,-0.48,-0.03,0.28,3.91,4.56,4.07,3.91,3.75,2.28,1.79,1.79,1.79,1.95,6.18,6.25,6.26,6.2,2.6,3.25,4.38,3.73,7.79,8.12,7.63,7.14,8.12,5.52
2023-07-25,000059,6.21,6.29,6.32,6.21,72511,45499445.83,1.79,2.11,0.13,0.45,3.38,2.9,2.74,2.58,1.13,0.64,0.64,0.64,0.81,0.0,6.19,6.24,6.27,6.21,1.11,2.23,1.59,5.56,5.88,5.41,4.93,5.88,3.34,2.86
2023-07-26,000059,6.27,6.34,6.36,6.26,71559,45301590.69,1.59,0.79,0.05,0.45,2.08,1.92,1.76,0.32,-0.16,-0.16,-0.16,0.0,-0.8,0.96,6.22,6.24,6.28,6.21,1.42,0.79,4.73,5.05,4.57,4.1,5.05,2.52,2.05,1.89
2023-07-27,000059,6.37,6.31,6.43,6.3,76507,48684294.48,2.05,-0.47,-0.03,0.48,1.27,1.11,-0.32,-0.79,-0.79,-0.79,-0.63,-1.43,0.32,0.95,6.26,6.24,6.29,6.22,1.27,5.23,5.55,5.07,4.6,5.55,3.01,2.54,2.38,3.33
2023-07-28,000059,6.31,6.36,6.39,6.24,92013,58290663.1,2.38,0.79,0.05,0.58,2.08,0.64,0.16,0.16,0.16,0.32,-0.48,1.28,1.92,3.04,6.29,6.24,6.29,6.23,4.4,4.72,4.25,3.77,4.72,2.2,1.73,1.57,2.52,1.57
2023-07-31,000059,6.36,6.51,6.64,6.36,185788,121144011.01,4.4,2.36,0.15,1.16,-1.26,-1.73,-1.73,-1.73,-1.57,-2.36,-0.63,0.0,1.1,0.47,6.36,6.27,6.3,6.24,2.3,1.84,1.38,2.3,-0.15,-0.61,-0.77,0.15,-0.77,-2.92
2023-08-01,000059,6.51,6.62,6.66,6.49,143050,94294195.93,2.61,1.69,0.11,0.89,-3.7,-3.7,-3.7,-3.54,-4.31,-2.62,-2.0,-0.92,-1.54,2.31,6.43,6.31,6.31,6.26,0.15,-0.3,0.6,-1.81,-2.27,-2.42,-1.51,-2.42,-4.53,-4.38
2023-08-02,000059,6.62,6.58,6.63,6.51,88561,58086333.93,1.81,-0.6,-0.04,0.55,-3.99,-3.99,-3.84,-4.61,-2.92,-2.3,-1.23,-1.84,2.0,2.3,6.48,6.35,6.32,6.28,0.3,1.22,-1.22,-1.67,-1.82,-0.91,-1.82,-3.95,-3.8,-3.65
2023-08-03,000059,6.57,6.56,6.6,6.52,66854,43831146.14,1.22,-0.3,-0.02,0.42,-4.14,-3.99,-4.75,-3.07,-2.45,-1.38,-1.99,1.84,2.15,1.69,6.53,6.39,6.33,6.29,1.52,-0.91,-1.37,-1.52,-0.61,-1.52,-3.66,-3.51,-3.35,-5.03
2023-08-04,000059,6.62,6.47,6.66,6.46,114407,74611746.73,3.05,-1.37,-0.09,0.72,-3.1,-3.87,-2.17,-1.55,-0.46,-1.08,2.79,3.1,2.63,2.17,6.55,6.42,6.34,6.31,0.46,0.0,-0.15,0.77,-0.15,-2.32,-2.16,-2.01,-3.71,-3.4
2023-08-07,000059,6.48,6.41,6.5,6.37,81677,52304764.66,2.01,-0.93,-0.06,0.51,-2.51,-0.78,-0.16,0.94,0.31,4.24,4.55,4.08,3.61,4.55,6.53,6.45,6.35,6.32,0.94,0.78,1.72,0.78,-1.4,-1.25,-1.09,-2.81,-2.5,-3.9
2023-08-08,000059,6.42,6.45,6.47,6.34,77618,49779308.52,2.03,0.62,0.04,0.49,-0.32,0.32,1.42,0.79,4.73,5.05,4.57,4.1,5.05,2.52,6.49,6.46,6.35,6.34,0.16,1.09,0.16,-2.02,-1.86,-1.71,-3.41,-3.1,-4.5,-5.58
2023-08-09,000059,6.45,6.39,6.46,6.37,58020,37178205.9,1.4,-0.93,-0.06,0.36,-0.16,0.94,0.31,4.24,4.55,4.08,3.61,4.55,2.04,1.57,6.46,6.47,6.35,6.34,2.03,1.1,-1.1,-0.94,-0.78,-2.5,-2.19,-3.6,-4.69,-4.54
2023-08-10,000059,6.48,6.43,6.52,6.41,90130,58134341.97,1.72,0.63,0.04,0.56,0.31,-0.31,3.59,3.9,3.43,2.96,3.9,1.4,0.94,0.78,6.43,6.48,6.36,6.35,0.47,-1.71,-1.56,-1.4,-3.11,-2.8,-4.2,-5.29,-5.13,-5.44
2023-08-11,000059,6.45,6.27,6.46,6.27,109158,69224150.84,2.95,-2.49,-0.16,0.68,1.91,5.9,6.22,5.74,5.26,6.22,3.67,3.19,3.03,3.99,6.39,6.47,6.35,6.35,0.8,0.96,1.12,-0.64,-0.32,-1.75,-2.87,-2.71,-3.03,-3.99
2023-08-14,000059,6.25,6.3,6.32,6.18,89950,56309048.0,2.23,0.48,0.03,0.56,7.44,7.77,7.28,6.8,7.77,5.18,4.69,4.53,5.5,4.53,6.37,6.45,6.36,6.35,0.48,0.63,-1.11,-0.79,-2.22,-3.33,-3.17,-3.49,-4.44,-1.27
2023-08-15,000059,6.31,6.3,6.33,6.22,82556,51889013.48,1.75,0.0,0.0,0.52,7.07,6.59,6.11,7.07,4.5,4.02,3.86,4.82,3.86,1.61,6.34,6.42,6.36,6.35,0.63,-1.11,-0.79,-2.22,-3.33,-3.17,-3.49,-4.44,-1.27,-3.33
2023-08-16,000059,6.26,6.18,6.34,6.18,105363,65883510.86,2.54,-1.9,-0.12,0.66,7.28,6.8,7.77,5.18,4.69,4.53,5.5,4.53,2.27,2.43,6.3,6.38,6.36,6.34,0.81,1.13,-0.32,-1.46,-1.29,-1.62,-2.59,0.65,-1.46,-3.24
2023-08-17,000059,6.16,6.22,6.23,6.12,78918,48729481.0,1.78,0.65,0.04,0.49,7.84,8.82,6.21,5.72,5.56,6.54,5.56,3.27,3.43,3.59,6.25,6.34,6.37,6.34,0.48,-0.96,-2.09,-1.93,-2.25,-3.22,0.0,-2.09,-3.86,-5.79
2023-08-18,000059,6.21,6.08,6.25,6.08,91677,56287301.0,2.73,-2.25,-0.14,0.57,9.54,6.91,6.41,6.25,7.24,6.25,3.95,4.11,4.28,2.47,6.22,6.3,6.36,6.33,1.32,0.16,0.33,0.0,-0.99,2.3,0.16,-1.64,-3.62,-2.63
2023-08-21,000059,6.09,6.05,6.16,6.03,77135,46834053.03,2.14,-0.49,-0.03,0.48,7.79,7.3,7.13,8.13,7.13,4.81,4.98,5.14,3.32,3.65,6.17,6.27,6.36,6.32,0.66,0.83,0.5,-0.5,2.81,0.66,-1.16,-3.14,-2.15,4.3
2023-08-22,000059,6.06,6.05,6.09,5.98,70676,42663105.6,1.82,0.0,0.0,0.44,8.19,8.03,9.03,8.03,5.69,5.85,6.02,4.18,4.52,3.01,6.12,6.23,6.34,6.31,0.83,0.5,-0.5,2.81,0.66,-1.16,-3.14,-2.15,4.3,3.64
2023-08-23,000059,6.04,6.01,6.1,6.01,68261,41317270.78,1.49,-0.66,-0.04,0.43,7.49,8.49,7.49,5.16,5.32,5.49,3.66,3.99,2.5,1.33,6.08,6.19,6.33,6.3,1.16,0.17,3.49,1.33,-0.5,-2.5,-1.5,4.99,4.33,3.16
2023-08-24,000059,6.0,5.95,6.08,5.95,94823,56749470.5,2.16,-1.0,-0.06,0.59,9.58,8.57,6.22,6.39,6.55,4.71,5.04,3.53,2.35,2.52,6.03,6.14,6.31,6.29,1.18,4.54,2.35,0.5,-1.51,-0.5,6.05,5.38,4.2,4.37
2023-08-25,000059,5.93,5.88,6.02,5.75,104034,61395803.24,4.54,-1.18,-0.07,0.65,12.35,9.91,10.09,10.26,8.35,8.7,7.13,5.91,6.09,5.74,5.99,6.1,6.29,6.27,5.78,3.57,1.7,-0.34,0.68,7.31,6.63,5.44,5.61,3.74
2023-08-28,000059,6.11,6.04,6.22,6.01,144432,88175446.0,3.57,2.72,0.16,0.9,5.16,5.32,5.49,3.66,3.99,2.5,1.33,1.5,1.16,0.17,5.99,6.08,6.26,6.27,0.83,-0.99,-2.98,-1.99,4.47,3.81,2.65,2.81,0.99,0.99
2023-08-29,000059,6.05,5.96,6.09,5.94,142572,85639139.78,2.48,-1.32,-0.08,0.89,6.57,6.73,4.88,5.22,3.7,2.53,2.69,2.36,1.35,4.71,5.97,6.04,6.23,6.26,0.34,-1.68,-0.67,5.87,5.2,4.03,4.19,2.35,2.35,2.68
2023-08-30,000059,5.97,5.78,5.98,5.78,211743,123792452.81,3.36,-3.02,-0.18,1.32,9.69,7.79,8.13,6.57,5.36,5.54,5.19,4.15,7.61,5.36,5.92,6.0,6.19,6.24,1.38,2.42,9.17,8.48,7.27,7.44,5.54,5.54,5.88,8.82
2023-08-31,000059,5.81,5.73,5.86,5.72,130374,75368747.09,2.42,-0.87,-0.05,0.82,8.92,9.27,7.69,6.47,6.64,6.29,5.24,8.74,6.47,4.55,5.88,5.95,6.15,6.23,3.32,10.12,9.42,8.2,8.38,6.46,6.46,6.81,9.77,9.08
2023-09-01,000059,5.77,5.89,5.92,5.75,144005,84421532.0,2.97,2.79,0.16,0.9,8.7,7.13,5.91,6.09,5.74,4.7,8.17,5.91,4.0,1.91,5.88,5.93,6.12,6.22,7.13,6.45,5.26,5.43,3.57,3.57,3.9,6.79,6.11,6.11
2023-09-04,000059,5.93,6.25,6.31,5.93,335269,206976672.32,6.45,6.11,0.36,2.1,3.88,2.7,2.87,2.53,1.52,4.89,2.7,0.84,-1.18,-0.17,5.92,5.95,6.11,6.22,0.32,-0.8,-0.64,-2.4,-2.4,-2.08,0.64,0.0,0.0,-1.6
2023-09-05,000059,6.26,6.16,6.27,6.12,136580,84250787.75,2.4,-1.44,-0.09,0.85,-0.49,-0.33,-0.65,-1.63,1.63,-0.49,-2.29,-4.25,-3.27,3.1,5.96,5.97,6.1,6.22,0.65,0.81,-0.97,-0.97,-0.65,2.11,1.46,1.46,-0.16,0.81
2023-09-06,000059,6.18,6.18,6.2,6.12,66471,40960012.88,1.3,0.32,0.02,0.42,-0.33,-0.65,-1.63,1.63,-0.49,-2.29,-4.25,-3.27,3.1,2.45,6.04,5.98,6.09,6.21,0.49,-1.29,-1.29,-0.97,1.78,1.13,1.13,-0.49,0.49,0.0
2023-09-07,000059,6.18,6.08,6.21,6.08,71418,43778904.0,2.1,-1.62,-0.1,0.45,0.0,-0.99,2.3,0.16,-1.64,-3.62,-2.63,3.78,3.12,1.97,6.11,6.0,6.07,6.2,0.33,0.33,0.66,3.45,2.8,2.8,1.15,2.14,1.64,0.99
2023-09-08,000059,6.06,6.03,6.1,6.02,58269,35222134.0,1.32,-0.82,-0.05,0.36,0.0,3.32,1.16,-0.66,-2.66,-1.66,4.82,4.15,2.99,3.16,6.14,6.01,6.06,6.19,1.16,1.49,4.31,3.65,3.65,1.99,2.99,2.49,1.82,1.49
2023-09-11,000059,6.02,6.03,6.1,6.0,103592,62634380.0,1.66,0.0,0.0,0.65,3.67,1.5,-0.33,-2.33,-1.33,5.17,4.5,3.33,3.5,1.67,6.1,6.01,6.04,6.18,1.49,4.31,3.65,3.65,1.99,2.99,2.49,1.82,1.49,1.82
2023-09-12,000059,6.01,6.1,6.12,6.01,84976,51633178.0,1.82,1.16,0.07,0.53,1.33,-0.5,-2.5,-1.5,4.99,4.33,3.16,3.33,1.5,1.5,6.08,6.02,6.03,6.16,3.11,2.46,2.46,0.82,1.8,1.31,0.66,0.33,0.66,-1.48
2023-09-13,000059,6.08,6.17,6.29,6.08,170720,105807628.59,3.44,1.15,0.07,1.07,-1.64,-3.62,-2.63,3.78,3.12,1.97,2.14,0.33,0.33,0.66,6.08,6.06,6.03,6.15,1.3,1.3,-0.32,0.65,0.16,-0.49,-0.81,-0.49,-2.59,-3.4
2023-09-14,000059,6.14,6.17,6.25,6.12,116455,71894806.0,2.11,0.0,0.0,0.73,-4.25,-3.27,3.1,2.45,1.31,1.47,-0.33,-0.33,0.0,2.78,6.1,6.11,6.03,6.13,1.3,-0.32,0.65,0.16,-0.49,-0.81,-0.49,-2.59,-3.4,-3.57
2023-09-15,000059,6.23,6.13,6.25,6.12,71751,44211884.0,2.11,-0.65,-0.04,0.45,-3.27,3.1,2.45,1.31,1.47,-0.33,-0.33,0.0,2.78,2.12,6.12,6.13,6.03,6.12,0.33,1.31,0.82,0.16,-0.16,0.16,-1.96,-2.77,-2.94,-3.59
2023-09-18,000059,6.13,6.12,6.15,6.06,69646,42461367.73,1.47,-0.16,-0.01,0.44,4.13,3.47,2.31,2.48,0.66,0.66,0.99,3.8,3.14,3.14,6.14,6.12,6.04,6.11,1.47,0.98,0.33,0.0,0.33,-1.8,-2.61,-2.78,-3.43,-4.58
2023-09-19,000059,6.11,6.15,6.21,6.11,67784,41748390.35,1.63,0.49,0.03,0.42,2.62,1.47,1.64,-0.16,-0.16,0.16,2.95,2.29,2.29,0.65,6.15,6.12,6.04,6.1,0.49,-0.16,-0.49,-0.16,-2.28,-3.09,-3.25,-3.9,-5.04,-4.39
2023-09-20,000059,6.13,6.11,6.18,6.09,53667,32879023.68,1.46,-0.65,-0.04,0.34,1.81,1.97,0.16,0.16,0.49,3.28,2.63,2.63,0.99,1.97,6.14,6.11,6.05,6.09,0.49,0.16,0.49,-1.64,-2.45,-2.62,-3.27,-4.42,-3.76,-3.44
2023-09-21,000059,6.11,6.06,6.14,6.05,59627,36272334.29,1.47,-0.82,-0.05,0.37,2.64,0.83,0.83,1.16,3.97,3.31,3.31,1.65,2.64,2.15,6.11,6.11,6.05,6.08,0.99,1.32,-0.83,-1.65,-1.82,-2.48,-3.63,-2.97,-2.64,-3.8
2023-09-22,000059,6.06,6.1,6.12,6.03,63163,38363485.68,1.49,0.66,0.04,0.39,1.16,1.16,1.49,4.31,3.65,3.65,1.99,2.99,2.49,1.82,6.11,6.11,6.06,6.08,0.66,-1.48,-2.3,-2.46,-3.11,-4.26,-3.61,-3.28,-4.43,-2.3
2023-09-25,000059,6.1,5.99,6.14,5.98,82256,49751380.8,2.62,-1.8,-0.11,0.51,2.01,2.34,5.18,4.52,4.52,2.84,3.85,3.34,2.68,2.34,6.08,6.11,6.06,6.07,0.33,-0.5,-0.67,-1.34,-2.5,-1.84,-1.5,-2.67,-0.5,0.67
2023-09-26,000059,5.98,5.91,6.01,5.91,77992,46304606.11,1.67,-1.34,-0.08,0.49,3.55,6.43,5.75,5.75,4.06,5.08,4.57,3.89,3.55,3.89,6.03,6.09,6.06,6.05,0.85,0.68,0.0,-1.18,-0.51,-0.17,-1.35,0.85,2.03,2.71
2023-09-27,000059,5.91,5.89,5.96,5.88,52236,30896136.1,1.35,-0.34,-0.02,0.33,6.97,6.29,6.29,4.59,5.61,5.1,4.42,4.08,4.42,2.21,5.99,6.06,6.06,6.04,1.02,0.34,-0.85,-0.17,0.17,-1.02,1.19,2.38,3.06,-1.87
2023-09-28,000059,5.93,5.89,5.95,5.87,66750,39338744.12,1.36,0.0,0.0,0.42,6.47,6.47,4.77,5.79,5.28,4.6,4.26,4.6,2.39,1.53,5.96,6.04,6.07,6.03,0.34,-0.85,-0.17,0.17,-1.02,1.19,2.38,3.06,-1.87,-2.04
2023-10-09,000059,5.89,5.76,5.91,5.73,126719,73065060.73,3.06,-2.21,-0.13,0.79,9.08,7.33,8.38,7.85,7.16,6.81,7.16,4.89,4.01,3.84,5.89,6.0,6.06,6.02,1.39,2.08,2.43,1.22,3.47,4.69,5.38,0.35,0.17,-1.22
2023-10-10,000059,5.79,5.75,5.84,5.73,101104,58337892.0,1.91,-0.17,-0.01,0.63,7.33,8.38,7.85,7.16,6.81,7.16,4.89,4.01,3.84,3.14,5.84,5.96,6.04,6.01,2.26,2.61,1.39,3.65,4.87,5.57,0.52,0.35,-1.04,-1.57
2023-10-11,000059,5.78,5.81,5.88,5.72,113665,65845411.8,2.78,1.04,0.06,0.71,8.57,8.04,7.34,6.99,7.34,5.07,4.2,4.02,3.32,2.1,5.82,5.93,6.02,6.0,1.55,0.34,2.58,3.79,4.48,-0.52,-0.69,-2.07,-2.58,0.52
2023-10-12,000059,5.83,5.84,5.9,5.8,82912,48427352.6,1.72,0.52,0.03,0.52,6.55,5.86,5.52,5.86,3.62,2.76,2.59,1.9,0.69,1.38,5.81,5.9,6.0,6.0,-0.17,2.05,3.25,3.94,-1.03,-1.2,-2.57,-3.08,0.0,-1.88
2023-10-13,000059,5.81,5.78,5.83,5.75,67903,39219587.0,1.37,-1.03,-0.06,0.42,6.78,6.43,6.78,4.52,3.65,3.48,2.78,1.57,2.26,2.61,5.79,5.87,5.99,5.99,3.11,4.33,5.02,0.0,-0.17,-1.56,-2.08,1.04,-0.87,-1.04
2023-10-16,000059,5.91,5.88,5.96,5.82,186195,109648677.72,2.42,1.73,0.1,1.16,5.15,5.5,3.26,2.41,2.23,1.55,0.34,1.03,1.37,0.17,5.81,5.85,5.98,5.99,2.55,3.23,-1.7,-1.87,-3.23,-3.74,-0.68,-2.55,-2.72,-1.7
2023-10-17,000059,5.91,6.01,6.03,5.86,163305,97265399.81,2.89,2.21,0.13,1.02,4.78,2.56,1.71,1.54,0.85,-0.34,0.34,0.68,-0.51,1.71,5.86,5.85,5.98,5.99,1.0,-3.83,-3.99,-5.32,-5.82,-2.83,-4.66,-4.83,-3.83,-2.5
2023-10-18,000059,6.06,5.78,6.07,5.77,172699,101419120.65,4.99,-3.83,-0.23,1.08,4.16,3.29,3.12,2.43,1.21,1.91,2.25,1.04,3.29,4.51,5.86,5.84,5.96,5.98,0.0,-0.17,-1.56,-2.08,1.04,-0.87,-1.04,0.0,1.38,2.77
2023-10-19,000059,5.75,5.68,5.78,5.64,116631,66504987.73,2.42,-1.73,-0.1,0.73,5.67,5.5,4.79,3.55,4.26,4.61,3.37,5.67,6.91,7.62,5.83,5.82,5.94,5.98,1.58,0.18,-0.35,2.82,0.88,0.7,1.76,3.17,4.58,4.4
2023-10-20,000059,5.68,5.7,5.77,5.66,79660,45490806.36,1.94,0.35,0.02,0.5,5.12,4.42,3.18,3.89,4.24,3.0,5.3,6.54,7.24,2.12,5.81,5.8,5.92,5.98,-0.18,-0.7,2.46,0.53,0.35,1.4,2.81,4.21,4.04,3.68
2023-10-23,000059,5.69,5.52,5.69,5.49,97164,54160394.61,3.51,-3.16,-0.18,0.61,7.65,6.38,7.1,7.47,6.19,8.56,9.84,10.56,5.28,5.1,5.74,5.78,5.89,5.97,2.54,5.8,3.8,3.62,4.71,6.16,7.61,7.43,7.07,6.88
2023-10-24,000059,5.51,5.65,5.66,5.51,83537,46711897.3,2.72,2.36,0.13,0.52,5.99,6.72,7.08,5.81,8.17,9.44,10.16,4.9,4.72,3.27,5.67,5.77,5.86,5.95,3.36,1.42,1.24,2.3,3.72,5.13,4.96,4.6,4.42,5.13
2023-10-25,000059,5.65,5.74,5.84,5.61,125402,72355887.93,4.07,1.59,0.09,0.78,4.81,5.17,3.92,6.24,7.49,8.2,3.03,2.85,1.43,0.89,5.66,5.76,5.84,5.93,-0.17,-0.35,0.7,2.09,3.48,3.31,2.96,2.79,3.48,3.31
2023-10-26,000059,5.7,5.62,5.73,5.53,186294,104423894.0,3.48,-2.09,-0.12,1.16,6.69,5.42,7.78,9.04,9.76,4.52,4.34,2.89,2.35,5.61,5.65,5.74,5.82,5.92,1.78,2.85,4.27,5.69,5.52,5.16,4.98,5.69,5.52,4.98
2023-10-27,000059,5.6,5.69,5.72,5.54,111735,63209322.41,3.2,1.25,0.07,0.7,5.23,7.58,8.84,9.57,4.33,4.15,2.71,2.17,5.42,3.43,5.64,5.73,5.8,5.9,1.58,2.99,4.39,4.22,3.87,3.69,4.39,4.22,3.69,3.34
2023-10-30,000059,5.71,5.77,5.78,5.66,96183,55212723.9,2.11,1.41,0.08,0.6,5.3,6.54,7.24,2.12,1.94,0.53,0.0,3.18,1.24,1.06,5.69,5.72,5.78,5.89,1.56,2.95,2.77,2.43,2.25,2.95,2.77,2.25,1.91,3.12
2023-10-31,000059,5.77,5.85,5.86,5.77,104888,61172580.29,1.56,1.39,0.08,0.66,4.51,5.2,0.17,0.0,-1.39,-1.91,1.21,-0.69,-0.87,0.17,5.73,5.7,5.78,5.89,1.54,1.37,1.03,0.85,1.54,1.37,0.85,0.51,1.71,1.88
2023-11-01,000059,5.86,5.91,5.94,5.84,103252,60842267.0,1.71,1.03,0.06,0.65,3.94,-1.03,-1.2,-2.57,-3.08,0.0,-1.88,-2.05,-1.03,0.34,5.77,5.71,5.78,5.88,0.34,0.0,-0.17,0.51,0.34,-0.17,-0.51,0.68,0.85,1.69
2023-11-02,000059,5.91,5.87,5.93,5.84,93382,54857725.1,1.52,-0.68,-0.04,0.58,-1.03,-1.2,-2.57,-3.08,0.0,-1.88,-2.05,-1.03,0.34,1.71,5.82,5.73,5.77,5.87,0.68,0.51,1.19,1.02,0.51,0.17,1.36,1.53,2.39,2.39
2023-11-03,000059,5.89,5.83,5.91,5.83,70919,41543943.0,1.36,-0.68,-0.04,0.44,-1.03,-2.4,-2.92,0.17,-1.72,-1.89,-0.86,0.51,1.89,1.72,5.85,5.75,5.77,5.86,1.2,1.89,1.72,1.2,0.86,2.06,2.23,3.09,3.09,2.74
2023-11-06,000059,5.86,5.9,5.9,5.85,124656,73296452.04,0.86,1.2,0.07,0.78,-2.74,-3.25,-0.17,-2.05,-2.22,-1.2,0.17,1.54,1.37,1.03,5.87,5.78,5.78,5.85,0.68,0.51,0.0,-0.34,0.85,1.02,1.86,1.86,1.53,1.69
2023-11-07,000059,5.9,5.91,5.94,5.83,77409,45607904.12,1.86,0.17,0.01,0.48,-2.92,0.17,-1.72,-1.89,-0.86,0.51,1.89,1.72,1.37,1.2,5.88,5.81,5.79,5.85,0.34,-0.17,-0.51,0.68,0.85,1.69,1.69,1.35,1.52,2.2
2023-11-08,000059,5.93,5.85,5.93,5.83,57143,33561333.0,1.69,-1.02,-0.06,0.36,0.17,-1.72,-1.89,-0.86,0.51,1.89,1.72,1.37,1.2,1.89,5.87,5.82,5.79,5.84,0.85,0.51,1.71,1.88,2.74,2.74,2.39,2.56,3.25,2.56
2023-11-09,000059,5.89,5.86,5.9,5.83,63274,37130469.9,1.2,0.17,0.01,0.4,-1.72,-1.89,-0.86,0.51,1.89,1.72,1.37,1.2,1.89,1.72,5.87,5.84,5.79,5.83,0.34,1.54,1.71,2.56,2.56,2.22,2.39,3.07,2.39,2.56
2023-11-10,000059,5.85,5.87,5.88,5.79,64561,37731683.81,1.54,0.17,0.01,0.4,-1.21,-0.17,1.21,2.59,2.42,2.07,1.9,2.59,2.42,1.9,5.88,5.86,5.79,5.82,1.36,1.53,2.39,2.39,2.04,2.21,2.9,2.21,2.39,2.9
2023-11-13,000059,5.88,5.93,5.95,5.84,87332,51541098.8,1.87,1.02,0.06,0.55,-1.03,0.34,1.71,1.54,1.2,1.03,1.71,1.54,1.03,0.68,5.88,5.88,5.8,5.81,0.51,1.35,1.35,1.01,1.18,1.85,1.18,1.35,1.85,0.84
2023-11-14,000059,5.95,5.9,5.96,5.88,70242,41501127.0,1.35,-0.51,-0.03,0.44,-0.34,1.02,0.85,0.51,0.34,1.02,0.85,0.34,0.0,1.19,5.88,5.88,5.79,5.81,1.86,1.86,1.53,1.69,2.37,1.69,1.86,2.37,1.36,0.85
2023-11-15,000059,5.92,5.99,6.01,5.91,92327,55194339.0,1.69,1.53,0.09,0.58,0.51,0.34,0.0,-0.17,0.51,0.34,-0.17,-0.51,0.68,0.85,5.91,5.89,5.8,5.81,0.33,0.0,0.17,0.83,0.17,0.33,0.83,-0.17,-0.67,-0.33
2023-11-16,000059,5.98,5.98,6.01,5.94,73902,44240972.0,1.17,-0.17,-0.01,0.46,-0.17,-0.51,-0.67,0.0,-0.17,-0.67,-1.01,0.17,0.34,1.18,5.93,5.9,5.82,5.82,0.17,0.33,1.0,0.33,0.5,1.0,0.0,-0.5,-0.17,-1.34
2023-11-17,000059,5.97,5.95,5.99,5.92,61973,36907742.38,1.17,-0.5,-0.03,0.39,-0.17,-0.34,0.34,0.17,-0.34,-0.68,0.51,0.68,1.52,1.52,5.95,5.91,5.83,5.82,0.84,1.51,0.84,1.01,1.51,0.5,0.0,0.34,-0.84,-1.18
2023-11-20,000059,5.96,5.98,6.0,5.93,67429,40217043.0,1.18,0.5,0.03,0.42,-0.51,0.17,0.0,-0.51,-0.84,0.34,0.51,1.35,1.35,1.01,5.96,5.92,5.85,5.83,1.0,0.33,0.5,1.0,0.0,-0.5,-0.17,-1.34,-1.67,-1.84
2023-11-21,000059,5.98,5.95,6.04,5.94,64002,38364528.19,1.67,-0.5,-0.03,0.4,0.0,-0.17,-0.67,-1.01,0.17,0.34,1.18,1.18,0.84,1.01,5.97,5.93,5.87,5.83,0.84,1.01,1.51,0.5,0.0,0.34,-0.84,-1.18,-1.34,-2.02
2023-11-22,000059,5.95,5.94,6.0,5.93,65623,39149556.35,1.18,-0.17,-0.01,0.41,0.0,-0.51,-0.84,0.34,0.51,1.35,1.35,1.01,1.18,1.85,5.96,5.94,5.88,5.84,1.18,1.68,0.67,0.17,0.51,-0.67,-1.01,-1.18,-1.85,-1.85
2023-11-23,000059,5.94,6.0,6.01,5.9,74419,44365326.16,1.85,1.01,0.06,0.47,0.0,-0.34,0.85,1.02,1.86,1.86,1.53,1.69,2.37,1.69,5.96,5.95,5.9,5.84,0.67,-0.33,-0.83,-0.5,-1.67,-2.0,-2.17,-2.83,-2.83,-3.17
2023-11-24,000059,6.0,5.96,6.04,5.94,64183,38410359.0,1.67,-0.67,-0.04,0.4,-1.01,0.17,0.34,1.18,1.18,0.84,1.01,1.68,1.01,1.18,5.97,5.96,5.91,5.85,0.34,-0.17,0.17,-1.01,-1.34,-1.51,-2.18,-2.18,-2.52,-3.36
2023-11-27,000059,5.97,5.92,5.98,5.89,85177,50462420.0,1.51,-0.67,-0.04,0.53,1.02,1.19,2.04,2.04,1.7,1.87,2.55,1.87,2.04,2.55,5.95,5.96,5.92,5.85,0.51,0.84,-0.34,-0.68,-0.84,-1.52,-1.52,-1.86,-2.7,-3.72
2023-11-28,000059,5.92,5.94,5.95,5.82,69844,41209966.0,2.2,0.34,0.02,0.44,2.41,3.26,3.26,2.92,3.09,3.78,3.09,3.26,3.78,2.75,5.95,5.96,5.92,5.85,0.51,-0.67,-1.01,-1.18,-1.85,-1.85,-2.19,-3.03,-4.04,-3.37
2023-11-29,000059,5.94,5.87,5.97,5.86,74284,43935013.56,1.85,-1.18,-0.07,0.46,2.56,2.56,2.22,2.39,3.07,2.39,2.56,3.07,2.05,1.54,5.94,5.95,5.92,5.85,0.51,0.17,0.0,-0.68,-0.68,-1.02,-1.87,-2.9,-2.21,-2.39
2023-11-30,000059,5.9,5.84,5.9,5.81,83676,48906523.26,1.53,-0.51,-0.03,0.52,3.44,3.1,3.27,3.96,3.27,3.44,3.96,2.93,2.41,2.75,5.91,5.94,5.92,5.86,0.68,0.51,-0.17,-0.17,-0.51,-1.37,-2.4,-1.71,-1.88,-1.2
2023-12-01,000059,5.86,5.77,5.88,5.76,113434,66034268.43,2.05,-1.2,-0.07,0.71,3.99,4.17,4.86,4.17,4.34,4.86,3.82,3.3,3.65,2.43,5.87,5.92,5.92,5.86,1.73,1.04,1.04,0.69,-0.17,-1.21,-0.52,-0.69,0.0,0.52
2023-12-04,000059,5.79,5.83,5.87,5.77,104494,60855638.33,1.73,1.04,0.06,0.65,3.99,4.68,3.99,4.16,4.68,3.64,3.12,3.47,2.25,1.91,5.85,5.9,5.91,5.87,0.0,0.0,-0.34,-1.2,-2.23,-1.54,-1.72,-1.03,-0.51,-2.57
2023-12-05,000059,5.81,5.73,5.83,5.73,76789,44434396.0,1.72,-1.72,-0.1,0.48,5.41,4.71,4.89,5.41,4.36,3.84,4.19,2.97,2.62,2.44,5.81,5.88,5.9,5.87,1.75,1.4,0.52,-0.52,0.17,0.0,0.7,1.22,-0.87,-2.27
2023-12-06,000059,5.73,5.8,5.83,5.68,63262,36549637.0,2.62,1.22,0.07,0.4,5.63,5.81,6.34,5.28,4.75,5.11,3.87,3.52,3.35,2.64,5.79,5.87,5.9,5.87,0.17,-0.69,-1.72,-1.03,-1.21,-0.52,0.0,-2.07,-3.45,-2.93
2023-12-07,000059,5.76,5.75,5.81,5.72,67282,38711956.0,1.55,-0.86,-0.05,0.42,5.07,5.59,4.55,4.02,4.37,3.15,2.8,2.62,1.92,1.92,5.78,5.84,5.89,5.88,0.17,-0.87,-0.17,-0.35,0.35,0.87,-1.22,-2.61,-2.09,-3.65
2023-12-08,000059,5.74,5.63,5.76,5.62,97710,55558836.89,2.43,-2.09,-0.12,0.61,7.47,6.41,5.87,6.23,4.98,4.63,4.45,3.74,3.74,3.38,5.75,5.81,5.88,5.88,1.24,1.95,1.78,2.49,3.02,0.89,-0.53,0.0,-1.6,-1.42
2023-12-11,000059,5.63,5.69,5.7,5.56,110911,62538117.93,2.49,1.07,0.06,0.69,7.55,7.01,7.37,6.12,5.76,5.58,4.86,4.86,4.5,3.6,5.72,5.79,5.87,5.87,0.88,0.7,1.41,1.93,-0.18,-1.58,-1.05,-2.64,-2.46,-2.28
2023-12-12,000059,5.72,5.71,5.74,5.63,88858,50435851.92,1.93,0.35,0.02,0.56,5.68,6.04,4.8,4.44,4.26,3.55,3.55,3.2,2.31,1.24,5.72,5.76,5.86,5.87,0.35,1.05,1.58,-0.53,-1.93,-1.4,-2.98,-2.8,-2.63,-3.15
2023-12-13,000059,5.68,5.68,5.73,5.65,91600,52154695.16,1.4,-0.53,-0.03,0.57,5.66,4.42,4.07,3.89,3.19,3.19,2.83,1.95,0.88,1.59,5.69,5.74,5.85,5.86,1.58,2.11,0.0,-1.41,-0.88,-2.46,-2.29,-2.11,-2.64,-3.87
2023-12-14,000059,5.68,5.72,5.77,5.66,84368,48295201.88,1.94,0.7,0.04,0.53,4.24,3.89,3.71,3.0,3.0,2.65,1.77,0.71,1.41,1.24,5.69,5.73,5.83,5.86,1.4,-0.7,-2.1,-1.57,-3.15,-2.97,-2.8,-3.32,-4.55,-4.2
2023-12-15,000059,5.73,5.67,5.8,5.66,76616,43829973.11,2.45,-0.87,-0.05,0.48,3.89,3.71,3.0,3.0,2.65,1.77,0.71,1.41,1.24,1.94,5.69,5.72,5.82,5.85,0.18,-1.23,-0.71,-2.29,-2.12,-1.94,-2.47,-3.7,-3.35,-2.65
2023-12-18,000059,5.68,5.56,5.68,5.53,108533,60613010.61,2.65,-1.94,-0.11,0.68,6.15,5.42,5.42,5.06,4.16,3.07,3.8,3.62,4.34,4.88,5.67,5.69,5.8,5.84,0.72,1.26,-0.36,-0.18,0.0,-0.54,-1.8,-1.44,-0.72,1.98
2023-12-19,000059,5.57,5.57,5.6,5.53,58111,32338998.02,1.26,0.18,0.01,0.36,5.42,5.42,5.06,4.16,3.07,3.8,3.62,4.34,4.88,2.71,5.64,5.68,5.78,5.83,1.08,-0.54,-0.36,-0.18,-0.72,-1.97,-1.62,-0.9,1.8,3.95
2023-12-20,000059,5.6,5.54,5.63,5.53,87075,48640599.05,1.8,-0.54,-0.03,0.54,5.42,5.06,4.16,3.07,3.8,3.62,4.34,4.88,2.71,1.27,5.61,5.65,5.76,5.82,0.0,0.18,0.36,-0.18,-1.44,-1.08,-0.36,2.35,4.51,5.78
2023-12-21,000059,5.51,5.52,5.54,5.44,81538,44780860.79,1.81,-0.36,-0.02,0.51,6.8,5.88,4.78,5.51,5.33,6.07,6.62,4.41,2.94,3.49,5.57,5.63,5.73,5.81,0.54,0.72,0.18,-1.09,-0.72,0.0,2.72,4.89,6.16,5.62
2023-12-22,000059,5.55,5.51,5.55,5.45,88089,48443055.28,1.81,-0.18,-0.01,0.55,5.69,4.59,5.32,5.14,5.87,6.42,4.22,2.75,3.3,1.65,5.54,5.62,5.71,5.79,0.91,0.36,-0.91,-0.54,0.18,2.9,5.08,6.35,5.81,3.99
2023-12-25,000059,5.53,5.47,5.56,5.44,75337,41278593.11,2.18,-0.73,-0.04,0.47,4.78,5.51,5.33,6.07,6.62,4.41,2.94,3.49,1.84,2.02,5.52,5.6,5.69,5.78,1.1,-0.18,0.18,0.91,3.66,5.85,7.13,6.58,4.75,2.74
2023-12-26,000059,5.52,5.42,5.53,5.4,61957,33868467.0,2.38,-0.91,-0.05,0.39,6.3,6.11,6.85,7.41,5.19,3.7,4.26,2.59,2.78,2.96,5.49,5.57,5.66,5.76,0.74,1.11,1.85,4.61,6.83,8.12,7.56,5.72,3.69,2.58
2023-12-27,000059,5.45,5.43,5.46,5.35,85216,46055754.0,2.03,0.18,0.01,0.53,7.1,7.85,8.41,6.17,4.67,5.23,3.55,3.74,3.93,3.36,5.47,5.54,5.64,5.74,0.92,1.66,4.42,6.63,7.92,7.37,5.52,3.5,2.39,2.21
2023-12-28,000059,5.4,5.46,5.48,5.35,133874,72396516.7,2.39,0.55,0.03,0.84,7.85,8.41,6.17,4.67,5.23,3.55,3.74,3.93,3.36,2.06,5.46,5.52,5.62,5.73,1.1,3.85,6.04,7.33,6.78,4.95,2.93,1.83,1.65,1.47
2023-12-29,000059,5.43,5.49,5.52,5.41,108173,59171284.4,2.01,0.55,0.03,0.68,7.21,4.99,3.51,4.07,2.4,2.59,2.77,2.22,0.92,1.29,5.45,5.5,5.61,5.71,3.28,5.46,6.74,6.19,4.37,2.37,1.28,1.09,0.91,-0.36
2024-01-02,000059,5.49,5.61,5.67,5.48,148723,83173402.65,3.46,2.19,0.12,0.93,3.65,2.19,2.74,1.09,1.28,1.46,0.91,-0.36,0.0,0.73,5.48,5.5,5.6,5.7,3.21,4.46,3.92,2.14,0.18,-0.89,-1.07,-1.25,-2.5,-3.21
2024-01-03,000059,5.61,5.78,5.79,5.59,154780,88826000.85,3.57,3.03,0.17,0.97,0.18,0.72,-0.89,-0.72,-0.54,-1.07,-2.33,-1.97,-1.25,1.43,5.55,5.52,5.6,5.69,1.38,0.87,-0.87,-2.77,-3.81,-3.98,-4.15,-5.36,-6.06,-8.3
2024-01-04,000059,5.77,5.79,5.86,5.74,116701,67523344.64,2.08,0.17,0.01,0.73,-1.92,-3.48,-3.31,-3.14,-3.66,-4.88,-4.53,-3.83,-1.22,0.87,5.63,5.55,5.6,5.69,0.69,-1.04,-2.94,-3.97,-4.15,-4.32,-5.53,-6.22,-8.46,-10.36
2024-01-05,000059,5.75,5.73,5.83,5.69,111216,64040968.46,2.42,-1.04,-0.06,0.7,-2.64,-2.46,-2.28,-2.81,-4.04,-3.69,-2.99,-0.35,1.76,2.99,5.68,5.57,5.6,5.68,0.0,-1.92,-2.97,-3.14,-3.32,-4.54,-5.24,-7.5,-9.42,-10.65
2024-01-08,000059,5.73,5.56,5.73,5.55,93108,52336651.24,3.14,-2.97,-0.17,0.58,0.0,0.18,-0.36,-1.62,-1.26,-0.54,2.16,4.32,5.59,5.05,5.69,5.57,5.6,5.67,1.08,0.0,-0.18,-0.36,-1.62,-2.34,-4.68,-6.65,-7.91,-9.17
2024-01-09,000059,5.56,5.54,5.62,5.48,102812,56814058.38,2.52,-0.36,-0.02,0.64,1.46,0.91,-0.36,0.0,0.73,3.47,5.66,6.93,6.39,4.56,5.68,5.58,5.59,5.65,0.36,0.18,0.0,-1.26,-1.99,-4.33,-6.32,-7.58,-8.84,-13.0
2024-01-10,000059,5.54,5.52,5.56,5.48,95432,52703601.0,1.44,-0.36,-0.02,0.6,0.91,-0.36,0.0,0.73,3.47,5.66,6.93,6.39,4.56,2.55,5.63,5.59,5.58,5.64,0.54,0.36,-0.91,-1.63,-3.99,-5.98,-7.25,-8.51,-12.68,-10.87
2024-01-11,000059,5.52,5.46,5.55,5.44,124203,68045063.0,1.99,-1.09,-0.06,0.78,0.37,0.74,1.47,4.23,6.43,7.72,7.17,5.33,3.31,2.21,5.56,5.59,5.57,5.63,1.47,0.18,-0.55,-2.93,-4.95,-6.23,-7.51,-11.72,-9.89,-3.66
2024-01-12,000059,5.47,5.42,5.54,5.41,132323,72332439.0,2.38,-0.73,-0.04,0.83,1.29,2.03,4.81,7.02,8.32,7.76,5.91,3.88,2.77,2.59,5.5,5.59,5.55,5.61,0.92,0.18,-2.21,-4.24,-5.54,-6.83,-11.07,-9.23,-2.95,1.66
2024-01-15,000059,5.4,5.4,5.47,5.32,119136,64330984.75,2.77,-0.37,-0.02,0.74,3.76,6.58,8.83,10.15,9.59,7.71,5.64,4.51,4.32,4.14,5.47,5.58,5.54,5.6,0.56,-1.85,-3.89,-5.19,-6.48,-10.74,-8.89,-2.59,2.04,0.74
2024-01-16,000059,5.4,5.29,5.43,5.22,170559,90445589.42,3.89,-2.04,-0.11,1.07,8.62,10.92,12.26,11.69,9.77,7.66,6.51,6.32,6.13,4.79,5.42,5.55,5.53,5.58,0.19,-1.89,-3.21,-4.54,-8.88,-6.99,-0.57,4.16,2.84,-0.38
2024-01-17,000059,5.29,5.15,5.3,5.15,110842,57982500.04,2.84,-2.65,-0.14,0.69,12.43,13.79,13.2,11.26,9.13,7.96,7.77,7.57,6.21,5.44,5.34,5.49,5.5,5.56,0.78,-0.58,-1.94,-6.41,-4.47,2.14,6.99,5.63,2.33,2.72
2024-01-18,000059,5.17,5.06,5.19,4.92,173216,87103934.84,5.24,-1.75,-0.09,1.08,19.11,18.5,16.46,14.23,13.01,12.8,12.6,11.18,10.37,7.72,5.26,5.41,5.48,5.54,1.19,-0.2,-4.74,-2.77,3.95,8.89,7.51,4.15,4.55,-1.78
2024-01-19,000059,5.05,5.02,5.12,4.99,120602,60871816.38,2.57,-0.79,-0.04,0.75,16.83,14.83,12.63,11.42,11.22,11.02,9.62,8.82,6.21,4.01,5.18,5.34,5.46,5.51,0.6,-3.98,-1.99,4.78,9.76,8.37,4.98,5.38,-1.0,-1.79
2024-01-22,000059,5.02,4.73,5.05,4.73,182806,89613203.21,6.37,-5.78,-0.29,1.14,21.14,18.82,17.55,17.34,17.12,15.64,14.8,12.05,9.73,8.25,5.05,5.26,5.42,5.48,1.9,4.02,11.21,16.49,15.01,11.42,11.84,5.07,4.23,-4.23
2024-01-23,000059,4.74,4.81,4.82,4.67,150245,71555556.19,3.17,1.69,0.08,0.94,20.34,19.06,18.84,18.63,17.13,16.27,13.49,11.13,9.64,8.14,4.95,5.19,5.38,5.45,2.29,9.36,14.55,13.1,9.56,9.98,3.33,2.49,-5.82,-6.65
2024-01-24,000059,4.82,4.92,4.92,4.74,162561,78859359.56,3.74,2.29,0.11,1.02,17.3,17.09,16.88,15.4,14.56,11.81,9.49,8.02,6.54,1.69,4.91,5.13,5.36,5.43,6.91,11.99,10.57,7.11,7.52,1.02,0.2,-7.93,-8.74,-4.27
2024-01-25,000059,4.93,5.25,5.26,4.9,173617,88594063.81,7.32,6.71,0.33,1.09,13.27,13.06,11.63,10.82,8.16,5.92,4.49,3.06,-1.63,0.41,4.95,5.11,5.35,5.41,4.95,3.62,0.38,0.76,-5.33,-6.1,-13.71,-14.48,-10.29,-5.14
2024-01-26,000059,5.26,5.36,5.51,5.25,240025,129233661.95,4.95,2.1,0.11,1.5,5.52,4.19,3.43,0.95,-1.14,-2.48,-3.81,-8.19,-6.29,0.19,5.01,5.1,5.34,5.4,1.49,-1.68,-1.31,-7.28,-8.02,-15.49,-16.23,-12.13,-7.09,-4.66
2024-01-29,000059,5.36,5.27,5.44,5.24,171726,91208498.78,3.73,-1.68,-0.09,1.07,4.39,3.63,1.15,-0.95,-2.29,-3.63,-8.02,-6.11,0.38,5.15,5.12,5.09,5.33,5.39,0.0,0.38,-5.69,-6.45,-14.04,-14.8,-10.63,-5.5,-3.04,-4.74
2024-01-30,000059,5.21,5.08,5.27,5.06,159177,82157363.05,3.98,-3.61,-0.19,1.0,7.31,4.74,2.57,1.19,-0.2,-4.74,-2.77,3.95,8.89,7.51,5.18,5.07,5.31,5.37,4.13,-2.17,-2.95,-10.83,-11.61,-7.28,-1.97,0.59,-1.18,0.98
2024-01-31,000059,5.27,5.02,5.29,4.99,257092,131420236.27,5.91,-1.18,-0.06,1.61,6.21,4.01,2.61,1.2,-3.41,-1.4,5.41,10.42,9.02,5.61,5.2,5.05,5.27,5.35,-1.0,-1.79,-9.76,-10.56,-6.18,-0.8,1.79,0.0,2.19,0.8
2024-02-01,000059,4.97,4.88,4.97,4.8,248741,121662193.0,3.39,-2.79,-0.14,1.56,8.13,6.67,5.21,0.42,2.5,9.58,14.79,13.33,9.79,10.21,5.12,5.03,5.22,5.33,1.02,-7.17,-7.99,-3.48,2.05,4.71,2.87,5.12,3.69,3.89
2024-02-02,000059,4.87,4.56,4.93,4.39,506523,232316772.2,11.07,-6.56,-0.32,3.17,16.63,15.03,9.79,12.07,19.82,25.51,23.92,20.05,20.5,13.21,4.96,4.99,5.16,5.3,-0.66,-1.54,3.29,9.21,12.06,10.09,12.5,10.96,11.18,12.5
2024-02-05,000059,4.53,4.17,4.53,4.1,399163,169741042.9,9.43,-8.55,-0.39,2.5,23.17,17.56,20.0,28.29,34.39,32.68,28.54,29.02,21.22,20.24,4.74,4.93,5.1,5.26,7.67,12.95,19.42,22.54,20.38,23.02,21.34,21.58,23.02,22.3
2024-02-06,000059,4.13,4.42,4.49,4.03,438599,186131328.44,11.03,6.0,0.25,2.74,19.6,22.08,30.52,36.72,34.99,30.77,31.27,23.33,22.33,12.41,4.61,4.89,5.04,5.22,6.56,12.67,15.61,13.57,16.06,14.48,14.71,16.06,15.38,18.1
2024-02-07,000059,4.44,4.65,4.71,4.37,338143,155253662.97,7.69,5.2,0.23,2.11,12.59,20.37,26.09,24.49,20.59,21.05,13.73,12.81,3.66,2.75,4.54,4.87,5.0,5.19,7.1,9.89,7.96,10.32,8.82,9.03,10.32,9.68,12.26,9.68
2024-02-08,000059,4.67,4.93,4.98,4.66,307211,150444685.0,6.88,6.02,0.28,1.92,12.88,18.24,16.74,13.09,13.52,6.65,5.79,-2.79,-3.65,1.07,4.55,4.83,4.97,5.18,3.65,1.83,4.06,2.64,2.84,4.06,3.45,5.88,3.45,5.07
2024-02-19,000059,5.0,5.01,5.11,4.94,241276,121142424.36,3.45,1.62,0.08,1.51,11.54,10.12,6.68,7.09,0.61,-0.2,-8.3,-9.11,-4.66,0.81,4.64,4.8,4.95,5.16,0.2,2.4,1.0,1.2,2.4,1.8,4.19,1.8,3.39,3.19
2024-02-20,000059,5.02,4.97,5.02,4.91,171696,85473226.47,2.2,-0.8,-0.04,1.07,10.79,7.33,7.74,1.22,0.41,-7.74,-8.55,-4.07,1.43,4.07,4.8,4.77,4.93,5.15,3.22,1.81,2.01,3.22,2.62,5.03,2.62,4.23,4.02,3.02
2024-02-21,000059,4.96,4.98,5.13,4.92,169128,85106489.52,4.23,0.2,0.01,1.06,7.11,7.52,1.02,0.2,-7.93,-8.74,-4.27,1.22,3.86,2.03,4.91,4.76,4.91,5.12,1.61,1.81,3.01,2.41,4.82,2.41,4.02,3.82,2.81,3.01
2024-02-22,000059,4.98,5.02,5.06,4.95,118923,59525031.0,2.21,0.8,0.04,0.74,6.87,0.4,-0.4,-8.48,-9.29,-4.85,0.61,3.23,1.41,3.64,4.98,4.76,4.91,5.1,1.0,2.19,1.59,3.98,1.59,3.19,2.99,1.99,2.19,3.39
2024-02-23,000059,5.04,5.06,5.07,4.98,145686,73210649.68,1.79,0.8,0.04,0.91,-0.2,-1.0,-9.04,-9.84,-5.42,0.0,2.61,0.8,3.01,1.61,5.01,4.78,4.91,5.07,1.38,0.79,3.16,0.79,2.37,2.17,1.19,1.38,2.57,1.78
2024-02-26,000059,5.07,5.03,5.13,5.0,141751,71759425.0,2.57,-0.59,-0.03,0.89,-1.4,-9.4,-10.2,-5.8,-0.4,2.2,0.4,2.6,1.2,1.4,5.01,4.82,4.91,5.05,1.39,3.78,1.39,2.98,2.78,1.79,1.99,3.18,2.39,2.39
2024-02-27,000059,5.02,5.08,5.1,4.97,143115,72314739.08,2.58,0.99,0.05,0.89,-8.85,-9.66,-5.23,0.2,2.82,1.01,3.22,1.81,2.01,3.22,5.03,4.92,4.92,5.04,2.76,0.39,1.97,1.77,0.79,0.98,2.17,1.38,1.38,1.38
2024-02-28,000059,5.08,4.93,5.22,4.92,247497,125880650.05,5.91,-2.95,-0.15,1.55,-8.74,-4.27,1.22,3.86,2.03,4.27,2.85,3.05,4.27,3.66,5.02,4.97,4.93,5.02,3.45,5.07,4.87,3.85,4.06,5.27,4.46,4.46,4.46,4.87
2024-02-29,000059,4.91,5.1,5.1,4.86,189886,95306386.85,4.87,3.45,0.17,1.19,-3.09,2.47,5.14,3.29,5.56,4.12,4.32,5.56,4.94,7.41,5.04,5.01,4.94,5.0,1.57,1.37,0.39,0.59,1.76,0.98,0.98,0.98,1.37,2.35
2024-03-01,000059,5.1,5.15,5.18,5.07,187623,95981966.0,2.16,0.98,0.05,1.17,-1.78,0.79,-0.99,1.18,-0.2,0.0,1.18,0.59,2.96,0.59,5.06,5.03,4.93,4.99,0.39,-0.58,-0.39,0.78,0.0,0.0,0.0,0.39,1.36,1.94
2024-03-04,000059,5.15,5.12,5.17,5.04,127976,65342882.0,2.52,-0.58,-0.03,0.8,1.39,-0.4,1.79,0.4,0.6,1.79,1.19,3.57,1.19,2.78,5.08,5.04,4.92,4.98,0.0,0.2,1.37,0.59,0.59,0.59,0.98,1.95,2.54,4.1
2024-03-05,000059,5.1,5.06,5.12,5.03,147453,74822470.0,1.76,-1.17,-0.06,0.92,-0.2,1.99,0.6,0.8,1.99,1.39,3.78,1.39,2.98,2.78,5.07,5.05,4.91,4.97,1.38,2.57,1.78,1.78,1.78,2.17,3.16,3.75,5.34,5.53
2024-03-06,000059,5.05,5.07,5.13,5.04,117487,59710253.0,1.78,0.2,0.01,0.73,1.79,0.4,0.6,1.79,1.19,3.57,1.19,2.78,2.58,1.59,5.1,5.06,4.91,4.96,2.37,1.58,1.58,1.58,1.97,2.96,3.55,5.13,5.33,4.73
2024-03-07,000059,5.08,5.07,5.19,5.05,143848,73587514.0,2.76,0.0,0.0,0.9,0.2,0.4,1.58,0.99,3.37,0.99,2.57,2.38,1.39,1.58,5.09,5.07,4.91,4.96,1.58,1.58,1.58,1.97,2.96,3.55,5.13,5.33,4.73,4.54
2024-03-08,000059,5.07,5.13,5.15,5.03,118956,60462204.0,2.37,1.18,0.06,0.74,0.8,1.99,1.39,3.78,1.39,2.98,2.78,1.79,1.99,3.18,5.09,5.07,4.93,4.96,0.39,0.39,0.78,1.75,2.34,3.9,4.09,3.51,3.31,3.12
2024-03-11,000059,5.13,5.12,5.15,5.06,118365,60367736.72,1.75,-0.19,-0.01,0.74,1.38,0.79,3.16,0.79,2.37,2.17,1.19,1.38,2.57,1.78,5.09,5.08,4.95,4.97,0.59,0.98,1.95,2.54,4.1,4.3,3.71,3.52,3.32,2.15
2024-03-12,000059,5.12,5.11,5.15,5.06,147826,75439479.5,1.76,-0.2,-0.01,0.92,0.79,3.16,0.79,2.37,2.17,1.19,1.38,2.57,1.78,1.78,5.1,5.09,5.0,4.98,1.17,2.15,2.74,4.31,4.5,3.91,3.72,3.52,2.35,1.37
2024-03-13,000059,5.12,5.14,5.17,5.06,145030,74199956.7,2.15,0.59,0.03,0.91,3.16,0.79,2.37,2.17,1.19,1.38,2.57,1.78,1.78,1.78,5.11,5.11,5.04,4.99,1.56,2.14,3.7,3.89,3.31,3.11,2.92,1.75,0.78,0.78
2024-03-14,000059,5.13,5.15,5.22,5.1,147481,76110502.98,2.33,0.19,0.01,0.92,0.0,1.57,1.37,0.39,0.59,1.76,0.98,0.98,0.98,1.37,5.13,5.11,5.06,5.0,1.94,3.5,3.69,3.11,2.91,2.72,1.55,0.58,0.58,0.39
2024-03-15,000059,5.15,5.24,5.25,5.09,138782,71928453.39,3.11,1.75,0.09,0.87,1.77,1.57,0.59,0.79,1.96,1.18,1.18,1.18,1.57,2.55,5.15,5.12,5.08,5.0,1.72,1.91,1.34,1.15,0.95,-0.19,-1.15,-1.15,-1.34,-0.57
2024-03-18,000059,5.25,5.29,5.33,5.22,195763,102911035.15,2.1,0.95,0.05,1.22,-0.96,-1.92,-1.72,-0.57,-1.34,-1.34,-1.34,-0.96,0.0,0.57,5.19,5.14,5.09,4.99,0.95,0.38,0.19,0.0,-1.13,-2.08,-2.08,-2.27,-1.51,1.13
2024-03-19,000059,5.28,5.26,5.34,5.25,152067,80437460.0,1.7,-0.57,-0.03,0.95,-2.48,-2.29,-1.14,-1.9,-1.9,-1.9,-1.52,-0.57,0.0,1.52,5.22,5.16,5.11,4.99,0.95,0.76,0.57,-0.57,-1.52,-1.52,-1.71,-0.95,1.71,6.08
2024-03-20,000059,5.28,5.27,5.31,5.21,147852,77620909.0,1.9,0.19,0.01,0.92,-1.54,-0.38,-1.15,-1.15,-1.15,-0.77,0.19,0.77,2.3,2.5,5.24,5.18,5.12,5.0,0.57,0.38,-0.76,-1.71,-1.71,-1.9,-1.14,1.52,5.88,6.26
2024-03-21,000059,5.26,5.26,5.3,5.23,119409,62866174.6,1.33,-0.19,-0.01,0.75,-0.76,-1.53,-1.53,-1.53,-1.15,-0.19,0.38,1.91,2.1,1.53,5.26,5.2,5.13,5.01,0.57,-0.57,-1.52,-1.52,-1.71,-0.95,1.71,6.08,6.46,9.13
2024-03-22,000059,5.27,5.17,5.29,5.13,151749,78767617.0,3.04,-1.71,-0.09,0.95,0.39,0.39,0.39,0.78,1.75,2.34,3.9,4.09,3.51,3.31,5.25,5.2,5.14,5.02,1.16,0.19,0.19,0.0,0.77,3.48,7.93,8.32,11.03,8.32
2024-03-25,000059,5.2,5.12,5.23,5.12,151562,78411675.9,2.13,-0.97,-0.05,0.95,0.59,0.59,0.98,1.95,2.54,4.1,4.3,3.71,3.52,3.32,5.22,5.2,5.14,5.04,1.17,1.17,0.98,1.76,4.49,8.98,9.38,12.11,9.38,9.57
2024-03-26,000059,5.12,5.15,5.18,5.07,133356,68327725.83,2.15,0.59,0.03,0.83,1.58,1.97,2.96,3.55,5.13,5.33,4.73,4.54,4.34,3.16,5.19,5.21,5.15,5.07,0.58,0.39,1.17,3.88,8.35,8.74,11.46,8.74,8.93,9.32
2024-03-27,000059,5.14,5.01,5.18,5.0,113938,58138103.78,3.5,-2.72,-0.14,0.71,3.4,4.4,5.0,6.6,6.8,6.2,6.0,5.8,4.6,3.6,5.14,5.19,5.15,5.09,3.19,3.99,6.79,11.38,11.78,14.57,11.78,11.98,12.38,21.56
2024-03-28,000059,4.99,5.12,5.17,4.98,111874,57048666.88,3.79,2.2,0.11,0.7,4.82,5.42,7.03,7.23,6.63,6.43,6.22,5.02,4.02,4.02,5.11,5.19,5.15,5.1,1.76,4.49,8.98,9.38,12.11,9.38,9.57,9.96,18.95,16.6
2024-03-29,000059,5.13,5.21,5.21,5.1,120652,62492040.37,2.15,1.76,0.09,0.75,2.94,4.51,4.71,4.12,3.92,3.73,2.55,1.57,1.57,1.37,5.12,5.19,5.15,5.11,2.69,7.1,7.49,10.17,7.49,7.68,8.06,16.89,14.59,0.19
2024-04-01,000059,5.21,5.35,5.35,5.2,206901,109561648.8,2.88,2.69,0.14,1.29,2.5,2.69,2.12,1.92,1.73,0.58,-0.38,-0.38,-0.58,0.19,5.17,5.19,5.16,5.12,4.3,4.67,7.29,4.67,4.86,5.23,13.83,11.59,-2.43,-7.29
2024-04-02,000059,5.31,5.53,5.58,5.31,235018,128851843.76,5.05,3.36,0.18,1.47,0.56,0.0,-0.19,-0.38,-1.51,-2.45,-2.45,-2.64,-1.88,0.75,5.24,5.22,5.19,5.14,1.27,3.8,1.27,1.45,1.81,10.13,7.96,-5.61,-10.31,-7.96
2024-04-03,000059,5.53,5.58,5.6,5.51,183712,102148708.12,1.63,0.9,0.05,1.15,-3.63,-3.81,-3.99,-5.08,-5.99,-5.99,-6.17,-5.44,-2.9,1.27,5.36,5.25,5.21,5.16,2.87,0.36,0.54,0.9,9.14,6.99,-6.45,-11.11,-8.78,-3.41
2024-04-08,000059,5.52,5.55,5.74,5.52,221854,124574484.58,3.94,-0.54,-0.03,1.39,-3.99,-4.17,-5.25,-6.16,-6.16,-6.34,-5.62,-3.08,1.09,1.45,5.44,5.28,5.24,5.18,0.9,1.08,1.44,9.73,7.57,-5.95,-10.63,-8.29,-2.88,-2.88
2024-04-09,000059,5.54,5.56,5.6,5.51,140872,78137125.96,1.62,0.18,0.01,0.88,-3.99,-5.08,-5.99,-5.99,-6.17,-5.44,-2.9,1.27,1.63,4.17,5.51,5.32,5.26,5.2,0.9,1.26,9.53,7.37,-6.12,-10.79,-8.45,-3.06,-3.06,-12.23
2024-04-10,000059,5.56,5.47,5.61,5.43,132609,73105768.96,3.24,-1.62,-0.09,0.83,-3.68,-4.6,-4.6,-4.79,-4.05,-1.47,2.76,3.13,5.71,3.13,5.54,5.35,5.28,5.21,2.93,11.33,9.14,-4.57,-9.32,-6.95,-1.46,-1.46,-10.79,-8.78
2024-04-11,000059,5.45,5.54,5.63,5.41,164985,91588238.82,4.02,1.28,0.07,1.03,-4.25,-4.25,-4.44,-3.7,-1.11,3.14,3.51,6.1,3.51,3.7,5.54,5.39,5.3,5.23,9.93,7.76,-5.78,-10.47,-8.12,-2.71,-2.71,-11.91,-9.93,-8.48
2024-04-12,000059,5.52,6.09,6.09,5.45,478246,282552795.74,11.55,9.93,0.55,2.99,-4.95,-5.14,-4.4,-1.83,2.39,2.75,5.32,2.75,2.94,3.3,5.64,5.5,5.35,5.27,-1.97,-14.29,-18.56,-16.42,-11.49,-11.49,-19.87,-18.06,-16.75,-17.57
2024-04-15,000059,5.97,5.48,5.97,5.48,753290,419712615.88,8.05,-10.02,-0.61,4.71,-5.66,-4.93,-2.37,1.82,2.19,4.74,2.19,2.37,2.74,11.13,5.63,5.54,5.36,5.28,-4.74,-9.49,-7.12,-1.64,-1.64,-10.95,-8.94,-7.48,-8.39,-8.58
2024-04-16,000059,4.93,4.93,5.22,4.93,677255,339269691.14,5.29,-10.04,-0.55,4.23,5.68,8.52,13.18,13.59,16.43,13.59,13.79,14.2,23.53,21.1,5.5,5.51,5.35,5.27,0.61,3.25,9.33,9.33,-1.01,1.22,2.84,1.83,1.62,2.03
2024-04-17,000059,4.8,4.91,4.96,4.77,677742,330514644.52,3.85,-0.41,-0.02,4.24,12.16,16.98,17.4,20.34,17.4,17.61,18.03,27.67,25.16,9.43,5.39,5.46,5.33,5.26,3.67,9.78,9.78,-0.61,1.63,3.26,2.24,2.04,2.44,6.11
2024-04-18,000059,4.86,5.05,5.09,4.82,509569,254245858.55,5.5,2.85,0.14,3.19,15.77,16.18,19.09,16.18,16.39,16.8,26.35,23.86,8.3,2.9,5.29,5.42,5.32,5.26,6.73,6.73,-3.37,-1.19,0.4,-0.59,-0.79,-0.4,3.17,4.16
2024-04-19,000059,5.03,5.36,5.39,5.0,498071,262323108.39,7.72,6.14,0.31,3.11,12.0,14.8,12.0,12.2,12.6,21.8,19.4,4.4,-0.8,1.8,5.15,5.39,5.32,5.27,0.56,-8.96,-6.9,-5.41,-6.34,-6.53,-6.16,-2.8,-1.87,2.05
2024-04-22,000059,5.37,4.83,5.39,4.82,591679,294724891.81,10.63,-9.89,-0.53,3.7,19.09,16.18,16.39,16.8,26.35,23.86,8.3,2.9,5.6,11.83,5.02,5.32,5.3,5.27,1.04,3.31,4.97,3.93,3.73,4.14,7.87,8.9,13.25,10.56
2024-04-23,000059,4.83,4.8,4.88,4.76,252655,121621771.36,2.48,-0.62,-0.03,1.58,17.65,17.86,18.28,27.94,25.42,9.66,4.2,6.93,13.24,13.24,4.99,5.25,5.28,5.26,3.96,5.63,4.58,4.37,4.79,8.54,9.58,13.96,11.25,18.75
2024-04-24,000059,4.8,4.97,4.99,4.76,243741,118512167.11,4.79,3.54,0.17,1.52,17.86,18.28,27.94,25.42,9.66,4.2,6.93,13.24,13.24,2.52,5.0,5.2,5.27,5.25,2.01,1.01,0.8,1.21,4.83,5.84,10.06,7.44,14.69,2.82
2024-04-25,000059,4.93,4.93,5.07,4.92,263606,131545601.22,3.02,-0.8,-0.04,1.65,14.43,23.78,21.34,6.1,0.81,3.46,9.55,9.55,-0.81,1.42,4.98,5.14,5.26,5.24,1.83,1.62,2.03,5.68,6.69,10.95,8.32,15.62,3.65,4.26
2024-04-26,000059,4.95,5.0,5.02,4.87,227298,112594984.39,3.04,1.42,0.07,1.42,25.05,22.59,7.19,1.85,4.52,10.68,10.68,0.21,2.46,4.11,4.91,5.03,5.26,5.24,0.2,0.6,4.2,5.2,9.4,6.8,14.0,2.2,2.8,1.4
2024-04-29,000059,4.93,4.99,5.01,4.79,319382,156490487.1,4.4,-0.2,-0.01,2.0,24.63,8.98,3.55,6.26,12.53,12.53,1.88,4.18,5.85,4.8,4.94,4.98,5.26,5.23,0.8,4.41,5.41,9.62,7.01,14.23,2.4,3.01,1.6,1.4
2024-04-30,000059,4.97,4.92,5.03,4.9,208949,103663070.95,2.61,-1.4,-0.07,1.31,6.53,1.22,3.88,10.0,10.0,-0.41,1.84,3.47,2.45,2.24,4.96,4.98,5.24,5.22,5.89,6.91,11.18,8.54,15.85,3.86,4.47,3.05,2.85,5.69
2024-05-06,000059,4.94,5.18,5.21,4.94,420195,213576752.83,5.49,5.28,0.26,2.63,0.4,3.04,9.11,9.11,-1.21,1.01,2.63,1.62,1.42,1.82,5.0,5.0,5.23,5.22,1.54,5.6,3.09,10.04,-1.35,-0.77,-2.12,-2.32,0.39,0.97
2024-05-07,000059,5.16,5.24,5.26,5.12,328800,170580191.1,2.7,1.16,0.06,2.06,-0.59,5.27,5.27,-4.69,-2.54,-0.98,-1.95,-2.15,-1.76,1.76,5.07,5.02,5.22,5.22,4.39,1.91,8.78,-2.48,-1.91,-3.24,-3.44,-0.76,-0.19,-0.76
2024-05-08,000059,5.46,5.13,5.47,5.08,652316,341764826.04,7.44,-2.1,-0.11,4.08,6.1,6.1,-3.94,-1.77,-0.2,-1.18,-1.38,-0.98,2.56,3.54,5.09,5.0,5.2,5.21,4.09,11.11,-0.39,0.19,-1.17,-1.36,1.36,1.95,1.36,-0.39
2024-05-09,000059,5.17,5.18,5.34,5.17,508090,265698013.55,3.31,0.97,0.05,3.18,4.26,-5.61,-3.48,-1.93,-2.9,-3.09,-2.71,0.77,1.74,5.8,5.13,5.03,5.18,5.21,10.04,-1.35,-0.77,-2.12,-2.32,0.39,0.97,0.39,-1.35,-2.9
2024-05-10,000059,5.7,5.38,5.7,5.34,1328512,739243153.62,6.95,3.86,0.2,8.31,-8.61,-6.55,-5.06,-5.99,-6.18,-5.81,-2.43,-1.5,2.43,0.0,5.22,5.09,5.17,5.22,-5.02,-4.46,-5.76,-5.95,-3.35,-2.79,-3.35,-5.02,-6.51,-7.62
2024-05-13,000059,5.08,4.85,5.11,4.85,919492,454179397.36,4.83,-9.85,-0.53,5.75,2.89,4.54,3.51,3.3,3.71,7.42,8.45,12.78,10.1,17.53,5.16,5.08,5.14,5.21,5.98,4.54,4.33,7.22,7.84,7.22,5.36,3.71,2.47,2.06
2024-05-14,000059,4.94,5.01,5.14,4.9,582175,293819671.56,4.95,3.3,0.16,3.64,3.47,2.45,2.24,2.65,6.33,7.35,11.63,8.98,16.33,4.29,5.11,5.09,5.11,5.21,1.2,1.0,3.79,4.39,3.79,2.0,0.4,-0.8,-1.2,-1.6
2024-05-15,000059,5.03,5.02,5.07,4.93,297723,148586701.37,2.79,0.2,0.01,1.86,1.83,1.62,2.03,5.68,6.69,10.95,8.32,15.62,3.65,4.26,5.09,5.09,5.06,5.21,0.8,3.59,4.18,3.59,1.79,0.2,-1.0,-1.39,-1.79,-1.39
2024-05-16,000059,4.97,4.99,5.06,4.97,274122,137219197.09,1.79,-0.6,-0.03,1.71,0.8,1.21,4.83,5.84,10.06,7.44,14.69,2.82,3.42,2.01,5.05,5.09,5.03,5.2,4.21,4.81,4.21,2.4,0.8,-0.4,-0.8,-1.2,-0.8,-2.61
2024-05-17,000059,4.99,5.13,5.2,4.97,358221,182489984.27,4.61,2.81,0.14,2.24,1.21,4.83,5.84,10.06,7.44,14.69,2.82,3.42,2.01,1.81,5.0,5.11,5.04,5.2,1.95,1.36,-0.39,-1.95,-3.12,-3.51,-3.9,-3.51,-5.26,-6.24
2024-05-20,000059,5.11,5.17,5.23,5.09,291138,150444048.64,2.73,0.78,0.04,1.82,2.36,3.34,7.47,4.91,11.98,0.39,0.98,-0.39,-0.59,2.16,5.06,5.11,5.06,5.19,0.58,-1.16,-2.71,-3.87,-4.26,-4.64,-4.26,-6.0,-6.96,-7.16
2024-05-21,000059,5.14,5.08,5.2,5.05,238737,121672191.9,2.9,-1.74,-0.09,1.49,4.16,8.32,5.74,12.87,1.19,1.78,0.4,0.2,2.97,3.56,5.08,5.09,5.06,5.18,0.59,-0.98,-2.17,-2.56,-2.95,-2.56,-4.33,-5.31,-5.51,-6.69
2024-05-22,000059,5.05,5.04,5.11,4.99,198748,100120963.14,2.36,-0.79,-0.04,1.24,9.62,7.01,14.23,2.4,3.01,1.6,1.4,4.21,4.81,4.21,5.08,5.09,5.04,5.16,-0.2,-1.39,-1.79,-2.18,-1.79,-3.57,-4.56,-4.76,-5.95,-6.35
2024-05-23,000059,5.0,4.89,5.03,4.86,248574,122264455.12,3.37,-2.98,-0.15,1.55,9.88,17.28,5.14,5.76,4.32,4.12,7.0,7.61,7.0,5.14,5.06,5.06,5.04,5.14,1.64,1.23,0.82,1.23,-0.61,-1.64,-1.84,-3.07,-3.48,-6.54
2024-05-24,000059,4.88,4.91,4.97,4.86,160350,78944735.87,2.25,0.41,0.02,1.0,17.28,5.14,5.76,4.32,4.12,7.0,7.61,7.0,5.14,3.5,5.02,5.01,5.05,5.12,0.81,0.41,0.81,-1.02,-2.04,-2.24,-3.46,-3.87,-6.92,-6.92
2024-05-27,000059,4.91,4.94,4.95,4.86,161517,79253897.77,1.83,0.61,0.03,1.01,5.14,5.76,4.32,4.12,7.0,7.61,7.0,5.14,3.5,2.26,4.97,5.02,5.05,5.1,-0.2,0.2,-1.62,-2.63,-2.83,-4.05,-4.45,-7.49,-7.49,-7.29
2024-05-28,000059,4.92,4.91,4.93,4.88,122815,60236195.0,1.01,-0.61,-0.03,0.77,5.33,3.89,3.69,6.56,7.17,6.56,4.71,3.07,1.84,1.43,4.94,5.01,5.05,5.08,0.81,-1.02,-2.04,-2.24,-3.46,-3.87,-6.92,-6.92,-6.72,-7.33
2024-05-29,000059,4.89,4.87,4.95,4.84,154007,75281131.89,2.24,-0.81,-0.04,0.96,4.75,4.55,7.44,8.06,7.44,5.58,3.93,2.69,2.27,1.86,4.9,4.99,5.04,5.04,-0.21,-1.23,-1.44,-2.67,-3.08,-6.16,-6.16,-5.95,-6.57,-6.78
2024-05-30,000059,4.84,4.78,4.86,4.75,173975,83471977.22,2.26,-1.85,-0.09,1.09,6.53,9.47,10.11,9.47,7.58,5.89,4.63,4.21,3.79,4.21,4.88,4.97,5.03,5.01,0.63,0.42,-0.84,-1.26,-4.39,-4.39,-4.18,-4.81,-5.02,-7.11
2024-05-31,000059,4.78,4.74,4.81,4.73,129057,61518264.88,1.67,-0.84,-0.04,0.81,9.94,10.57,9.94,8.03,6.34,5.07,4.65,4.23,4.65,2.75,4.85,4.93,5.02,5.01,1.27,0.0,-0.42,-3.59,-3.59,-3.38,-4.01,-4.22,-6.33,-6.54
2024-06-03,000059,4.79,4.64,4.8,4.62,183566,85808388.01,3.8,-2.11,-0.1,1.15,13.2,12.55,10.61,8.87,7.58,7.14,6.71,7.14,5.19,4.11,4.79,4.88,4.99,5.0,2.16,1.72,-1.51,-1.51,-1.29,-1.94,-2.16,-4.31,-4.53,-3.88
2024-06-04,000059,4.63,4.73,4.74,4.57,151388,70351203.6,3.66,1.94,0.09,0.95,13.79,11.82,10.07,8.75,8.32,7.88,8.32,6.35,5.25,5.03,4.75,4.85,4.97,4.99,-0.21,-3.38,-3.38,-3.17,-3.81,-4.02,-6.13,-6.34,-5.71,-5.29
2024-06-05,000059,4.71,4.54,4.72,4.53,238659,110126626.92,4.02,-4.02,-0.19,1.49,12.8,11.04,9.71,9.27,8.83,9.27,7.28,6.18,5.96,4.64,4.69,4.8,4.94,4.96,0.66,0.66,0.88,0.22,0.0,-2.2,-2.42,-1.76,-1.32,-1.98
2024-06-06,000059,4.54,4.4,4.57,4.33,247854,109422712.0,5.29,-3.08,-0.14,1.55,16.17,14.78,14.32,13.86,14.32,12.24,11.09,10.85,9.47,9.01,4.61,4.75,4.9,4.95,3.86,4.09,3.41,3.18,0.91,0.68,1.36,1.82,1.14,-1.82
2024-06-07,000059,4.46,4.56,4.57,4.43,161127,72377113.0,3.18,3.64,0.16,1.01,12.19,11.74,11.29,11.74,9.71,8.58,8.35,7.0,6.55,3.16,4.57,4.71,4.86,4.94,0.44,-0.22,-0.44,-2.63,-2.85,-2.19,-1.75,-2.41,-5.26,-6.58
2024-06-11,000059,4.55,4.43,4.58,4.39,149649,66448498.74,4.17,-2.85,-0.13,0.94,12.76,12.3,12.76,10.71,9.57,9.34,7.97,7.52,4.1,4.1,4.53,4.66,4.84,4.92,2.71,2.48,0.23,0.0,0.68,1.13,0.45,-2.48,-3.84,-4.74
2024-06-12,000059,4.41,4.52,4.55,4.4,119452,53564164.96,3.39,2.03,0.09,0.75,12.05,12.5,10.45,9.32,9.09,7.73,7.27,3.86,3.86,4.09,4.49,4.62,4.81,4.91,0.44,-1.77,-1.99,-1.33,-0.88,-1.55,-4.42,-5.75,-6.64,-5.31
2024-06-13,000059,4.52,4.42,4.54,4.41,115600,51388774.34,2.88,-2.21,-0.1,0.72,12.24,10.2,9.07,8.84,7.48,7.03,3.63,3.63,3.85,3.17,4.47,4.58,4.78,4.89,0.45,0.23,0.9,1.36,0.68,-2.26,-3.62,-4.52,-3.17,-3.17
2024-06-14,000059,4.4,4.44,4.44,4.37,88258,38874476.34,1.58,0.45,0.02,0.55,11.21,10.07,9.84,8.47,8.01,4.58,4.58,4.81,4.12,3.89,4.47,4.54,4.76,4.87,-0.23,0.45,0.9,0.23,-2.7,-4.05,-4.95,-3.6,-3.6,-4.05
2024-06-17,000059,4.42,4.4,4.43,4.38,84215,37077382.0,1.13,-0.9,-0.04,0.53,9.82,9.59,8.22,7.76,4.34,4.34,4.57,3.88,3.65,1.37,4.44,4.51,4.72,4.85,1.36,1.82,1.14,-1.82,-3.18,-4.09,-2.73,-2.73,-3.18,-3.64
2024-06-18,000059,4.38,4.42,4.46,4.38,111316,49267787.53,1.82,0.45,0.02,0.7,9.59,8.22,7.76,4.34,4.34,4.57,3.88,3.65,1.37,1.14,4.44,4.49,4.68,4.83,1.36,0.68,-2.26,-3.62,-4.52,-3.17,-3.17,-3.62,-4.07,-3.62
2024-06-19,000059,4.44,4.41,4.48,4.41,94622,42025079.06,1.58,-0.23,-0.01,0.59,7.48,7.03,3.63,3.63,3.85,3.17,2.95,0.68,0.45,1.13,4.42,4.45,4.65,4.8,0.91,-2.04,-3.4,-4.31,-2.95,-2.95,-3.4,-3.85,-3.4,-2.27
2024-06-20,000059,4.41,4.3,4.45,4.28,132152,57454438.68,3.85,-2.49,-0.11,0.83,10.28,6.78,6.78,7.01,6.31,6.07,3.74,3.5,4.21,4.67,4.39,4.43,4.61,4.77,0.47,-0.93,-1.86,-0.47,-0.47,-0.93,-1.4,-0.93,0.23,-0.93
2024-06-21,000059,4.3,4.27,4.32,4.23,109394,46821325.0,2.09,-0.7,-0.03,0.68,8.04,8.04,8.27,7.57,7.33,4.96,4.73,5.44,5.91,5.2,4.36,4.42,4.58,4.74,-0.23,-1.17,0.23,0.23,-0.23,-0.7,-0.23,0.94,-0.23,-2.34
2024-06-24,000059,4.26,4.12,4.26,4.11,139414,58027652.0,3.51,-3.51,-0.15,0.87,11.19,11.44,10.71,10.46,8.03,7.79,8.52,9.0,8.27,5.11,4.3,4.37,4.54,4.7,2.43,3.88,3.88,3.4,2.91,3.4,4.61,3.4,1.21,-1.7
2024-06-25,000059,4.14,4.17,4.22,4.12,107711,44903482.55,2.43,1.21,0.05,0.67,11.17,10.44,10.19,7.77,7.52,8.25,8.74,8.01,4.85,3.4,4.25,4.35,4.5,4.68,2.64,2.64,2.16,1.68,2.16,3.36,2.16,0.0,-2.88,-4.08
2024-06-26,000059,4.18,4.27,4.28,4.13,82292,34612378.9,3.6,2.4,0.1,0.51,10.17,9.93,7.51,7.26,7.99,8.47,7.75,4.6,3.15,2.18,4.23,4.32,4.47,4.65,0.23,-0.23,-0.7,-0.23,0.94,-0.23,-2.34,-5.15,-6.32,-6.56
2024-06-27,000059,4.25,4.17,4.28,4.16,94249,39676790.0,2.81,-2.34,-0.1,0.59,9.13,6.73,6.49,7.21,7.69,6.97,3.85,2.4,1.44,2.88,4.2,4.3,4.44,4.62,2.16,1.68,2.16,3.36,2.16,0.0,-2.88,-4.08,-4.32,-0.48
2024-06-28,000059,4.16,4.19,4.26,4.16,99011,41824138.0,2.4,0.48,0.02,0.62,6.73,6.49,7.21,7.69,6.97,3.85,2.4,1.44,2.88,2.88,4.18,4.27,4.41,4.6,1.19,1.67,2.86,1.67,-0.48,-3.34,-4.53,-4.77,-0.95,0.24
2024-07-01,000059,4.18,4.23,4.24,4.13,100042,41908925.0,2.63,0.95,0.04,0.63,7.26,7.99,8.47,7.75,4.6,3.15,2.18,3.63,3.63,3.15,4.21,4.26,4.38,4.57,0.71,1.89,0.71,-1.42,-4.26,-5.44,-5.67,-1.89,-0.71,-1.18
2024-07-02,000059,4.23,4.24,4.26,4.2,92633,39229882.48,1.42,0.24,0.01,0.58,6.19,6.67,5.95,2.86,1.43,0.48,1.9,1.9,1.43,0.95,4.22,4.24,4.36,4.53,1.65,0.47,-1.65,-4.48,-5.66,-5.9,-2.12,-0.94,-1.42,-4.25
2024-07-03,000059,4.22,4.24,4.31,4.22,72590,30942957.0,2.12,0.0,0.0,0.45,6.16,5.45,2.37,0.95,0.0,1.42,1.42,0.95,0.47,0.95,4.21,4.22,4.34,4.51,0.47,-1.65,-4.48,-5.66,-5.9,-2.12,-0.94,-1.42,-4.25,-4.95
2024-07-04,000059,4.26,4.14,4.26,4.11,93329,38851255.0,3.54,-2.36,-0.1,0.58,8.27,5.11,3.65,2.68,4.14,4.14,3.65,3.16,3.65,4.87,4.21,4.2,4.32,4.48,0.72,-2.17,-3.38,-3.62,0.24,1.45,0.97,-1.93,-2.66,-3.86
2024-07-05,000059,4.13,4.13,4.17,4.08,89501,36991217.0,2.17,-0.24,-0.01,0.56,5.88,4.41,3.43,4.9,4.9,4.41,3.92,4.41,5.64,4.41,4.2,4.19,4.3,4.45,-1.94,-3.15,-3.39,0.48,1.69,1.21,-1.69,-2.42,-3.63,-4.12
2024-07-08,000059,4.04,3.96,4.05,3.94,170739,67935478.8,2.66,-4.12,-0.17,1.07,8.12,7.11,8.63,8.63,8.12,7.61,8.12,9.39,8.12,5.84,4.14,4.17,4.27,4.42,1.01,0.76,4.8,6.06,5.56,2.53,1.77,0.51,0.0,-0.25
2024-07-09,000059,3.96,3.98,4.0,3.83,168088,65712861.08,4.29,0.51,0.02,1.05,10.18,11.75,11.75,11.23,10.7,11.23,12.53,11.23,8.88,5.74,4.09,4.16,4.25,4.39,0.25,4.27,5.53,5.03,2.01,1.26,0.0,-0.5,-0.75,-0.25
2024-07-10,000059,3.96,3.91,3.99,3.9,88606,34876754.7,2.26,-1.76,-0.07,0.55,9.74,9.74,9.23,8.72,9.23,10.51,9.23,6.92,3.85,2.56,4.02,4.12,4.22,4.35,6.14,7.42,6.91,3.84,3.07,1.79,1.28,1.02,1.53,-0.51
2024-07-11,000059,3.96,4.14,4.15,3.96,171747,70011695.02,4.86,5.88,0.23,1.07,8.08,7.58,7.07,7.58,8.84,7.58,5.3,2.27,1.01,0.76,4.02,4.12,4.21,4.33,1.45,0.97,-1.93,-2.66,-3.86,-4.35,-4.59,-4.11,-6.04,-6.04
2024-07-12,000059,4.16,4.14,4.2,4.1,83087,34512354.0,2.42,0.0,0.0,0.52,3.9,3.41,3.9,5.12,3.9,1.71,-1.22,-2.44,-2.68,1.22,4.03,4.11,4.19,4.31,0.97,-1.93,-2.66,-3.86,-4.35,-4.59,-4.11,-6.04,-6.04,-4.35
2024-07-15,000059,4.17,4.06,4.18,4.04,97024,39663451.08,3.38,-1.93,-0.08,0.61,4.95,5.45,6.68,5.45,3.22,0.25,-0.99,-1.24,2.72,3.96,4.05,4.09,4.17,4.29,0.0,-0.74,-1.97,-2.46,-2.71,-2.22,-4.19,-4.19,-2.46,0.0
2024-07-16,000059,4.05,4.0,4.06,3.98,78701,31580195.98,1.97,-1.48,-0.06,0.49,7.04,8.29,7.04,4.77,1.76,0.5,0.25,4.27,5.53,5.03,4.05,4.07,4.15,4.26,0.75,-0.5,-1.0,-1.25,-0.75,-2.75,-2.75,-1.0,0.0,0.0
2024-07-17,000059,4.02,3.97,4.03,3.94,88212,35002621.0,2.25,-0.75,-0.03,0.55,9.39,8.12,5.84,2.79,1.52,1.27,5.33,6.6,6.09,3.05,4.06,4.04,4.13,4.24,0.25,-0.25,-0.5,0.0,-2.02,-2.02,-0.25,0.0,0.0,0.0
2024-07-18,000059,3.97,3.97,3.98,3.9,83588,32925917.95,2.02,0.0,0.0,0.52,9.23,6.92,3.85,2.56,2.31,6.41,7.69,7.18,4.1,3.33,4.03,4.03,4.11,4.22,-0.25,-0.5,0.0,-2.02,-2.02,-0.25,0.0,0.0,0.0,0.0
2024-07-19,000059,3.95,3.94,3.96,3.89,77122,30267974.9,1.76,-0.76,-0.03,0.48,7.2,4.11,2.83,2.57,6.68,7.97,7.46,4.37,3.6,2.31,3.99,4.01,4.1,4.2,0.25,0.76,-1.27,-1.27,0.51,0.0,0.0,0.0,0.0,0.0
2024-07-22,000059,3.95,3.92,3.95,3.89,73501,28749015.91,1.52,-0.51,-0.02,0.46,4.11,2.83,2.57,6.68,7.97,7.46,4.37,3.6,2.31,1.8,3.96,4.0,4.09,4.18,1.28,-0.77,-0.77,1.02,0.0,0.0,0.0,0.0,0.0,0.0
2024-07-23,000059,3.92,3.88,3.97,3.87,101341,39724630.69,2.55,-1.02,-0.04,0.63,3.36,3.1,7.24,8.53,8.01,4.91,4.13,2.84,2.33,2.07,3.94,3.99,4.07,4.17,0.26,0.26,2.06,0.0,0.0,0.0,0.0,0.0,0.0,0.0
2024-07-24,000059,3.88,3.79,3.89,3.78,117042,44659317.99,2.84,-2.32,-0.09,0.73,5.56,9.79,11.11,10.58,7.41,6.61,5.29,4.76,4.5,5.03,3.9,3.98,4.05,4.14,2.64,4.49,0.0,0.0,0.0,0.0,0.0,0.0,0.0,0.0
2024-07-25,000059,3.79,3.85,3.89,3.77,80163,30720011.0,3.17,1.58,0.06,0.5,10.08,11.41,10.88,7.69,6.9,5.57,5.04,4.77,5.31,3.18,3.88,3.95,4.03,4.12,2.86,0.0,0.0,0.0,0.0,0.0,0.0,0.0,0.0,0.0
2024-07-26,000059,3.86,3.94,3.96,3.85,99865,39195077.52,2.86,2.34,0.09,0.62,9.09,8.57,5.45,4.68,3.38,2.86,2.6,3.12,1.04,1.04,3.88,3.93,4.02,4.11,0.0,0.0,0.0,0.0,0.0,0.0,0.0,0.0,0.0,0.0
