日期,股票代码,开盘,收盘,最高,最低,成交量,成交额,振幅,涨跌幅,涨跌额,换手率,d-10,d-9,d-8,d-7,d-6,d-5,d-4,d-3,d-2,d-1,5日均,10日均,20日均,30日均,d1,d2,d3,d4,d5,d6,d7,d8,d9,d10
2010-03-16,002370,22.2,21.71,22.94,21.53,163508,363911796.22,8.81,35.69,5.71,68.13,0.0,0.0,0.0,0.0,0.0,0.0,0.0,0.0,0.0,0.0,21.71,21.71,21.71,21.71,8.57,5.3,3.87,4.1,4.01,5.71,9.63,6.82,6.96,15.11
2010-03-17,002370,21.52,23.13,23.57,21.52,131253,298088480.94,9.44,6.54,1.42,54.69,0.0,0.0,0.0,0.0,0.0,0.0,0.0,0.0,0.0,6.6,22.42,22.42,22.42,22.42,-1.17,-2.51,-2.29,-2.38,-0.78,2.9,0.26,0.39,8.04,14.35
2010-03-18,002370,22.5,22.39,22.86,22.3,71571,161373798.19,2.42,-3.2,-0.74,29.82,0.0,0.0,0.0,0.0,0.0,0.0,0.0,0.0,2.87,5.7,22.41,22.41,22.41,22.41,0.71,0.94,0.85,2.5,6.3,3.57,3.71,11.61,18.13,17.91
2010-03-19,002370,22.4,22.39,22.55,22.05,37222,82761010.57,2.23,0.0,0.0,15.51,0.0,0.0,0.0,0.0,0.0,0.0,0.0,4.04,6.89,3.67,22.41,22.41,22.41,22.41,0.94,0.85,2.5,6.3,3.57,3.71,11.61,18.13,17.91,20.37
2010-03-22,002370,22.4,22.6,22.6,22.15,35157,78711271.73,2.01,0.94,0.21,14.65,0.0,0.0,0.0,0.0,0.0,0.0,3.57,6.41,3.21,1.81,22.44,22.44,22.44,22.44,-0.09,1.55,5.31,2.61,2.74,10.58,17.04,16.81,19.25,18.94
2010-03-23,002370,22.58,22.18,22.58,22.11,25952,57790693.23,2.08,-1.86,-0.42,10.81,0.0,0.0,0.0,0.0,0.0,3.75,6.6,3.39,1.99,2.22,22.54,22.4,22.4,22.4,3.47,7.3,4.55,4.69,12.67,19.25,19.03,21.51,21.19,24.08
2010-03-24,002370,22.2,22.74,22.95,22.18,49624,112484100.5,3.47,2.52,0.56,20.68,0.0,0.0,0.0,0.0,3.43,6.27,3.07,1.67,1.89,1.8,22.46,22.45,22.45,22.45,4.66,1.98,2.11,9.89,16.31,16.09,18.51,18.21,21.02,21.81
2010-03-25,002370,22.65,23.32,23.8,22.56,69504,162013581.36,5.45,2.55,0.58,28.96,0.0,0.0,0.0,1.68,4.48,1.33,-0.04,0.18,0.09,1.73,22.65,22.56,22.56,22.56,-0.56,-0.43,7.16,13.42,13.21,15.57,15.27,18.01,18.78,17.84
2010-03-26,002370,23.02,23.15,23.19,22.71,32135,73639916.18,2.06,-0.73,-0.17,13.39,0.0,0.0,1.01,3.79,0.66,-0.7,-0.48,-0.57,1.06,4.8,22.8,22.62,22.62,22.62,0.3,7.95,14.25,14.04,16.41,16.11,18.88,19.65,18.7,19.61
2010-03-29,002370,23.2,22.89,23.22,22.55,26407,60388955.77,2.89,-1.12,-0.26,11.0,0.0,1.73,4.52,1.37,0.0,0.22,0.13,1.77,5.54,2.84,22.86,22.65,22.65,22.65,9.17,15.55,15.33,17.74,17.43,20.23,21.01,20.05,20.97,24.51
2010-03-30,002370,22.8,24.4,24.99,22.8,73435,175987838.76,9.57,6.6,1.51,30.6,0.61,3.38,0.26,-1.1,-0.88,-0.96,0.66,4.39,1.71,1.84,23.3,22.92,22.81,22.81,8.4,8.2,10.45,10.16,12.79,13.52,12.62,13.48,16.8,10.66
2010-03-31,002370,24.38,25.94,26.45,24.11,83307,212733076.84,9.59,6.31,1.54,34.71,-2.24,-5.18,-6.47,-6.26,-6.35,-4.81,-1.29,-3.82,-3.69,3.65,23.94,23.2,23.07,23.07,1.77,3.89,3.62,6.09,6.78,5.94,6.75,9.87,4.09,3.47
2010-04-01,002370,26.0,25.99,26.4,25.66,64389,167809838.89,2.85,0.19,0.05,26.83,-10.91,-12.12,-11.93,-12.0,-10.56,-7.25,-9.63,-9.51,-2.61,3.08,24.47,23.56,23.29,23.29,3.69,3.42,5.89,6.58,5.73,6.54,9.66,3.89,3.27,1.12
2010-04-02,002370,26.02,26.76,26.95,25.93,66878,177327065.52,3.92,2.96,0.77,27.87,-13.04,-12.84,-12.92,-11.49,-8.21,-10.57,-10.45,-3.63,2.01,1.81,25.2,24.0,23.54,23.54,0.45,2.84,3.51,2.69,3.48,6.5,0.9,0.3,-1.79,-2.09
2010-04-06,002370,26.59,26.8,26.88,26.3,36146,96085090.77,2.17,0.15,0.04,15.06,-14.07,-14.14,-12.74,-9.51,-11.83,-11.71,-4.98,0.57,0.38,2.47,25.98,24.42,23.76,23.76,2.69,3.36,2.54,3.32,6.34,0.75,0.15,-1.94,-2.24,-3.06
2010-04-07,002370,26.79,27.47,27.52,26.47,44244,119218708.13,3.92,2.5,0.67,18.44,-14.7,-13.3,-10.09,-12.39,-12.28,-5.59,-0.08,-0.26,1.81,1.55,26.59,24.95,23.99,23.99,0.84,0.04,0.8,3.75,-1.71,-2.29,-4.33,-4.62,-5.42,-2.37
2010-04-08,002370,27.26,27.19,27.7,26.8,38541,104902802.67,3.28,-1.02,-0.28,16.06,-14.37,-11.19,-13.47,-13.36,-6.75,-1.31,-1.49,0.56,0.3,2.69,26.84,25.39,24.18,24.18,1.07,1.84,4.82,-0.7,-1.29,-3.35,-3.64,-4.45,-1.36,0.04
2010-04-09,002370,27.09,27.33,27.48,27.01,37603,102580435.48,1.73,0.51,0.14,15.67,-11.88,-14.14,-14.03,-7.48,-2.07,-2.26,-0.22,-0.48,1.89,2.55,27.11,25.79,24.35,24.35,1.32,4.28,-1.21,-1.79,-3.84,-4.13,-4.94,-1.87,-0.48,-1.28
2010-04-12,002370,27.2,27.59,27.69,26.79,41112,111519367.05,3.29,0.95,0.26,17.13,-13.44,-13.33,-6.72,-1.27,-1.46,0.6,0.34,2.72,3.4,2.58,27.28,26.24,24.52,24.52,3.3,-2.14,-2.72,-4.75,-5.04,-5.84,-2.79,-1.41,-2.21,1.49
2010-04-13,002370,27.5,26.9,28.5,25.2,44068,119973056.35,11.96,-2.5,-0.69,18.36,-7.86,-0.83,4.96,4.76,6.94,6.67,9.21,9.92,9.05,9.88,27.3,26.64,24.64,24.64,0.37,-0.22,-2.3,-2.6,-3.42,-0.3,1.12,0.3,4.09,2.19
2010-04-14,002370,26.8,26.38,27.0,26.34,23799,63026051.76,2.45,-1.93,-0.52,9.92,-5.13,0.42,0.23,2.32,2.05,4.48,5.16,4.33,5.13,8.2,27.08,26.84,24.88,24.73,1.74,-0.38,-0.68,-1.52,1.67,3.11,2.27,6.14,4.21,-0.45
2010-04-15,002370,26.38,26.08,26.84,25.68,17806,46839682.6,4.4,-1.14,-0.3,7.42,3.0,2.8,4.95,4.67,7.17,7.87,7.01,7.83,10.98,5.14,26.86,26.85,25.02,24.79,0.77,0.46,-0.38,2.84,4.29,3.45,7.36,5.41,0.69,-2.8
2010-04-16,002370,25.8,26.01,26.28,25.73,12869,33558266.37,2.11,-0.27,-0.07,5.36,2.6,4.74,4.47,6.96,7.66,6.8,7.62,10.77,4.94,4.31,26.59,26.85,25.21,24.84,0.73,-0.12,3.11,4.58,3.73,7.65,5.69,0.96,-2.54,-4.65
2010-04-19,002370,26.01,25.62,26.2,25.37,16150,41626962.6,3.19,-1.5,-0.39,6.73,6.23,5.95,8.47,9.18,8.32,9.14,12.34,6.42,5.79,3.59,26.2,26.74,25.37,24.87,1.41,4.68,6.17,5.31,9.29,7.3,2.5,-1.05,-3.2,-5.19
2010-04-20,002370,25.62,25.96,25.98,25.0,17500,44739300.68,3.83,1.33,0.34,7.29,7.52,10.08,10.8,9.92,10.76,14.0,8.0,7.36,5.12,4.8,26.01,26.65,25.54,24.92,3.31,4.78,3.93,7.86,5.89,1.16,-2.35,-4.47,-6.43,-4.08
2010-04-21,002370,26.02,26.68,26.82,25.75,24276,63916196.61,4.12,2.77,0.72,10.11,6.87,7.57,6.72,7.53,10.68,4.85,4.23,2.06,1.75,0.89,26.07,26.57,25.76,24.98,1.95,1.12,4.95,3.04,-1.57,-4.99,-7.05,-8.96,-6.67,-9.3
2010-04-22,002370,26.52,26.53,27.2,26.15,22803,60950630.45,3.94,-0.56,-0.15,9.5,5.93,5.09,5.89,8.99,3.25,2.64,0.5,0.19,-0.65,2.56,26.16,26.51,25.95,25.04,1.7,5.54,3.62,-1.02,-4.45,-6.52,-8.44,-6.14,-8.78,-10.29
2010-04-23,002370,26.29,26.66,26.98,26.29,17518,46607467.07,2.6,0.49,0.13,7.3,4.53,5.33,8.41,2.7,2.09,-0.04,-0.34,-1.18,2.02,3.46,26.29,26.44,26.12,25.1,5.03,3.11,-1.5,-4.91,-6.98,-8.89,-6.6,-9.23,-10.73,-9.98
2010-04-26,002370,26.75,27.49,28.0,26.75,42778,117714790.24,4.69,3.11,0.83,17.82,3.51,6.54,0.93,0.34,-1.76,-2.06,-2.88,0.26,1.68,0.86,26.66,26.43,26.33,25.18,0.0,-4.47,-7.78,-9.79,-11.64,-9.42,-11.97,-13.42,-12.7,-17.93
2010-04-27,002370,27.49,25.98,27.49,25.5,29086,76275590.66,7.24,-5.49,-1.51,12.12,11.76,5.88,5.25,3.06,2.75,1.88,5.18,6.67,5.8,9.8,26.67,26.34,26.49,25.21,1.08,-2.42,-4.54,-6.51,-4.16,-6.85,-8.39,-7.62,-13.16,-13.36
2010-04-28,002370,25.88,24.95,26.26,24.4,18486,46810463.98,7.16,-3.96,-1.03,7.7,10.66,10.0,7.7,7.38,6.48,9.92,11.48,10.57,14.75,12.66,26.32,26.2,26.52,25.32,1.6,-0.6,-2.65,-0.2,-3.01,-4.61,-3.81,-9.58,-9.78,-7.82
2010-04-29,002370,25.0,24.7,25.35,24.7,13222,32979657.25,2.61,-1.0,-0.25,5.51,8.66,6.4,6.07,5.18,8.58,10.12,9.23,13.36,11.3,6.32,25.96,26.06,26.45,25.37,0.4,-1.66,0.81,-2.02,-3.64,-2.83,-8.66,-8.87,-6.88,-7.98
2010-04-30,002370,24.71,23.95,24.8,23.78,11137,26785856.97,4.13,-3.04,-0.75,4.64,10.51,10.18,9.25,12.78,14.38,13.46,17.75,15.6,10.43,6.6,25.41,25.85,26.35,25.42,1.42,3.97,1.04,-0.63,0.21,-5.8,-6.01,-3.97,-5.09,-8.6
2010-05-04,002370,23.12,24.01,24.29,23.12,7594,18165413.54,4.89,0.25,0.06,3.16,13.32,12.37,16.0,17.65,16.7,21.11,18.9,13.58,9.65,7.27,24.72,25.69,26.21,25.48,3.71,0.79,-0.87,-0.04,-6.04,-6.25,-4.21,-5.33,-8.83,-8.37
2010-05-06,002370,24.61,23.79,24.9,23.68,16693,40740828.88,5.08,-0.92,-0.22,6.96,9.71,13.26,14.86,13.94,18.24,16.09,10.9,7.05,4.73,2.58,24.28,25.47,26.06,25.51,1.72,0.04,0.88,-5.17,-5.38,-3.32,-4.46,-7.99,-7.52,-8.45
2010-05-07,002370,23.12,23.48,24.2,22.88,10357,24347306.92,5.55,-1.3,-0.31,4.32,17.22,18.88,17.92,22.38,20.15,14.77,10.8,8.39,6.16,8.83,23.99,25.15,25.86,25.56,1.36,2.21,-3.92,-4.13,-2.04,-3.19,-6.77,-6.3,-7.24,-8.86
2010-05-10,002370,23.25,22.1,23.8,21.58,12893,29032787.56,9.45,-5.88,-1.38,5.37,26.04,25.02,29.75,27.39,21.69,17.47,14.92,12.56,15.38,12.14,23.47,24.71,25.61,25.54,8.6,2.08,1.86,4.07,2.85,-0.95,-0.45,-1.45,-3.17,1.58
2010-05-11,002370,24.0,22.37,24.0,22.25,11324,25833629.97,7.92,1.22,0.27,4.72,21.26,25.84,23.55,18.02,13.93,11.46,9.17,11.91,8.76,6.97,23.15,24.28,25.36,25.51,0.85,0.63,2.82,1.61,-2.15,-1.65,-2.64,-4.34,0.36,0.8
2010-05-12,002370,21.9,21.81,22.56,21.58,8918,19620293.75,4.38,-2.5,-0.56,3.72,29.75,27.39,21.69,17.47,14.92,12.56,15.38,12.14,10.29,11.21,22.71,23.71,25.07,25.46,3.21,5.46,4.22,0.37,0.87,-0.14,-1.88,2.93,3.39,2.93
2010-05-13,002370,21.93,22.36,22.51,21.52,11735,25899540.34,4.54,2.52,0.55,4.89,27.74,22.03,17.8,15.24,12.87,15.71,12.45,10.59,11.52,4.83,22.42,23.35,24.85,25.44,2.86,1.65,-2.1,-1.61,-2.59,-4.29,0.4,0.85,0.4,1.3
2010-05-14,002370,22.1,22.8,23.0,21.96,16076,36497633.08,4.65,1.97,0.44,6.7,19.58,15.44,12.93,10.61,13.39,10.2,8.38,9.29,2.73,2.5,22.29,23.14,24.67,25.39,-0.31,-3.99,-3.51,-4.47,-6.14,-1.54,-1.1,-1.54,-0.66,1.75
2010-05-17,002370,22.41,21.6,22.73,21.6,11343,25099718.77,4.96,-5.26,-1.2,4.73,17.36,14.81,12.45,15.28,12.04,10.19,11.11,4.44,4.21,6.48,22.19,22.83,24.44,25.24,1.34,1.85,0.83,-0.93,3.94,4.4,3.94,4.86,7.41,8.33
2010-05-18,002370,21.54,21.62,21.89,20.6,13053,27673717.69,5.97,0.09,0.02,5.44,20.39,17.91,20.87,17.48,15.53,16.5,9.51,9.27,11.65,10.34,22.04,22.59,24.22,25.1,1.76,0.74,-1.02,3.84,4.3,3.84,4.76,7.31,8.23,3.61
2010-05-19,002370,21.28,21.5,22.0,20.6,12918,27669599.41,6.48,-0.56,-0.12,5.38,17.91,20.87,17.48,15.53,16.5,9.51,9.27,11.65,10.34,6.26,21.98,22.34,24.02,24.92,1.3,-0.47,4.42,4.88,4.42,5.35,7.91,8.84,4.19,-0.23
2010-05-20,002370,21.1,21.08,21.78,20.88,8883,18896061.33,4.19,-1.95,-0.42,3.7,19.25,15.9,13.98,14.94,8.05,7.81,10.15,8.86,4.84,5.36,21.72,22.07,23.77,24.73,1.52,6.5,6.97,6.5,7.45,10.06,11.01,6.26,1.76,3.84
2010-05-21,002370,20.6,21.36,21.4,20.2,12415,25956441.5,5.69,1.33,0.28,5.17,19.8,17.82,18.81,11.68,11.44,13.86,12.52,8.37,8.91,7.82,21.43,21.86,23.51,24.53,5.1,5.57,5.1,6.04,8.61,9.55,4.87,0.42,2.48,4.35
2010-05-24,002370,21.5,22.25,22.45,21.41,17911,39527517.37,4.87,4.17,0.89,7.46,11.16,12.1,5.37,5.14,7.43,6.17,2.24,2.76,1.73,-0.05,21.56,21.88,23.29,24.36,1.35,0.9,1.8,4.27,5.17,0.67,-3.6,-1.62,0.18,4.72
2010-05-25,002370,22.0,22.1,22.55,21.86,15627,34631465.6,3.1,-0.67,-0.15,6.51,9.79,3.2,2.97,5.22,3.98,0.14,0.64,-0.37,-2.1,2.7,21.66,21.85,23.07,24.19,1.58,2.49,4.98,5.88,1.36,-2.94,-0.95,0.86,5.43,7.24
2010-05-26,002370,22.4,22.16,22.45,21.92,9179,20348712.36,2.4,0.27,0.06,3.82,2.92,2.69,4.93,3.7,-0.14,0.36,-0.64,-2.37,2.42,2.87,21.79,21.88,22.8,24.01,2.21,4.69,5.6,1.08,-3.2,-1.22,0.59,5.14,6.95,6.05
2010-05-27,002370,22.39,22.58,22.65,21.79,14678,32707129.52,3.88,1.9,0.42,6.12,3.3,5.55,4.31,0.46,0.96,-0.05,-1.79,3.03,3.49,3.03,22.09,21.91,22.63,23.87,2.75,3.63,-0.8,-5.0,-3.06,-1.28,3.19,4.96,4.07,5.54
2010-05-28,002370,22.61,22.81,23.2,22.61,15776,36111165.77,2.61,1.02,0.23,6.57,1.72,0.53,-3.18,-2.7,-3.67,-5.35,-0.71,-0.27,-0.71,0.18,22.38,21.91,22.52,23.75,2.59,-1.8,-5.96,-4.03,-2.28,2.15,3.9,3.02,4.47,5.35
2010-05-31,002370,22.55,22.5,23.4,22.48,17749,40719686.52,4.03,-1.36,-0.31,7.4,1.11,-2.62,-2.14,-3.11,-4.8,-0.13,0.31,-0.13,0.76,3.2,22.43,22.0,22.41,23.63,-0.44,-4.67,-2.71,-0.93,3.56,5.33,4.44,5.91,6.8,6.0
2010-06-01,002370,21.9,21.35,22.4,20.89,11754,25461723.59,6.71,-5.11,-1.15,4.9,4.79,5.31,4.26,2.44,7.47,7.95,7.47,8.43,11.06,12.02,22.28,21.97,22.28,23.47,0.47,2.53,4.4,9.13,11.01,10.07,11.62,12.55,11.71,1.17
2010-06-02,002370,21.02,21.35,21.45,20.88,10133,21443286.62,2.67,0.0,0.0,4.22,5.36,4.31,2.49,7.52,8.0,7.52,8.48,11.11,12.07,7.28,22.12,21.95,22.15,23.33,2.53,4.4,9.13,11.01,10.07,11.62,12.55,11.71,1.17,-2.53
2010-06-03,002370,21.46,21.44,21.89,21.4,10233,22194890.23,2.3,0.42,0.09,4.26,1.78,0.0,4.91,5.37,4.91,5.84,8.41,9.35,4.67,0.23,21.89,21.99,22.03,23.18,3.96,8.68,10.54,9.61,11.15,12.08,11.24,0.75,-2.94,-2.29
2010-06-04,002370,21.45,22.2,22.29,21.21,9883,21483207.38,5.04,3.54,0.76,4.12,0.9,5.85,6.32,5.85,6.79,9.38,10.33,5.61,1.13,3.21,21.77,22.07,21.97,23.03,4.95,6.76,5.86,7.34,8.24,7.43,-2.7,-6.26,-5.63,-5.9
2010-06-07,002370,21.62,23.24,23.3,21.44,24637,55513993.79,8.38,4.68,1.04,10.27,4.71,5.18,4.71,5.64,8.21,9.14,4.48,0.05,2.1,3.96,21.92,22.17,22.02,22.92,1.98,1.12,2.54,3.4,2.62,-7.06,-10.46,-9.85,-10.11,-9.85
2010-06-08,002370,23.0,23.08,23.7,22.7,20624,47544194.94,4.3,-0.69,-0.16,8.59,-0.66,-1.1,-0.22,2.2,3.08,-1.32,-5.51,-3.57,-1.81,2.64,22.26,22.27,22.06,22.8,1.82,3.25,4.12,3.34,-6.41,-9.84,-9.23,-9.49,-9.23,-9.27
2010-06-09,002370,23.0,23.24,23.5,22.88,15436,35723952.4,2.69,0.69,0.16,6.43,-1.88,-1.01,1.4,2.27,-2.1,-6.25,-4.33,-2.58,1.84,3.58,22.64,22.38,22.13,22.66,2.54,3.4,2.62,-7.06,-10.46,-9.85,-10.11,-9.85,-9.9,-10.76
2010-06-10,002370,23.3,23.5,23.83,23.11,19311,45386692.47,3.1,1.12,0.26,8.05,-1.99,0.39,1.25,-3.07,-7.18,-5.28,-3.55,0.82,2.55,1.69,23.05,22.47,22.19,22.58,2.26,1.49,-8.09,-11.45,-10.85,-11.11,-10.85,-10.89,-11.74,-12.85
2010-06-11,002370,23.65,23.61,24.03,23.46,22013,52234535.46,2.43,0.47,0.11,9.17,-1.11,-0.26,-4.52,-8.57,-6.69,-4.99,-0.68,1.02,0.17,1.58,23.33,22.55,22.23,22.53,1.02,-8.51,-11.86,-11.27,-11.52,-11.27,-11.31,-12.16,-13.26,-21.69
2010-06-17,002370,23.0,21.8,23.85,21.8,46985,107080656.68,8.68,-7.67,-1.81,15.66,7.34,2.75,-1.61,0.41,2.25,6.88,8.72,7.8,9.31,10.23,23.05,22.48,22.24,22.43,-0.92,-4.54,-3.9,-4.17,-3.9,-3.94,-4.86,-6.06,-15.18,-15.64
2010-06-18,002370,21.6,20.4,21.6,20.2,32138,66272339.14,6.42,-6.42,-1.4,10.71,10.89,6.19,8.37,10.35,15.35,17.33,16.34,17.97,18.96,18.07,22.51,22.39,22.18,22.32,2.01,2.7,2.4,2.7,2.65,1.67,0.39,-9.36,-9.85,-12.79
2010-06-21,002370,20.39,20.71,20.81,20.0,22529,45834204.72,3.97,1.52,0.31,7.51,7.25,9.45,11.45,16.5,18.5,17.5,19.15,20.15,19.25,8.0,22.0,22.32,22.14,22.21,1.16,0.87,1.16,1.11,0.14,-1.11,-10.72,-11.2,-14.1,-15.55
2010-06-22,002370,20.6,20.72,20.95,20.5,13845,28810263.77,2.17,0.05,0.01,4.61,6.78,8.73,13.66,15.61,14.63,16.24,17.22,16.34,5.37,1.51,21.45,22.25,22.12,22.1,0.82,1.11,1.06,0.1,-1.16,-10.76,-11.25,-14.14,-15.59,-13.66
2010-06-23,002370,20.51,20.59,20.89,20.2,15365,31578800.86,3.33,-0.63,-0.13,5.12,10.35,15.35,17.33,16.34,17.97,18.96,18.07,6.93,3.02,3.71,20.84,22.09,22.08,22.01,1.75,1.7,0.73,-0.53,-10.2,-10.68,-13.6,-15.06,-13.11,-12.63
2010-06-24,002370,20.5,20.9,20.95,20.5,12013,24980597.21,2.19,1.51,0.31,4.0,13.66,15.61,14.63,16.24,17.22,16.34,5.37,1.51,2.2,1.9,20.66,21.86,22.01,21.97,0.19,-0.77,-2.01,-11.53,-12.01,-14.88,-16.32,-14.4,-13.92,-14.11
2010-06-25,002370,20.77,20.59,20.94,20.42,8171,16886535.35,2.49,-1.48,-0.31,2.72,16.06,15.08,16.7,17.68,16.8,5.78,1.91,2.6,2.3,2.6,20.7,21.61,21.94,21.91,0.73,-0.53,-10.2,-10.68,-13.6,-15.06,-13.11,-12.63,-12.82,-10.68
2010-06-28,002370,20.41,20.44,20.74,20.31,6350,13008435.59,2.09,-0.73,-0.15,2.12,15.71,17.33,18.32,17.43,6.35,2.46,3.15,2.86,3.15,3.1,20.65,21.33,21.85,21.86,0.2,-9.54,-10.03,-12.96,-14.43,-12.48,-11.99,-12.18,-10.03,-8.61
2010-06-29,002370,20.48,18.66,20.48,18.66,19295,37228756.75,8.9,-8.71,-1.78,6.43,27.71,28.78,27.81,15.76,11.52,12.27,11.95,12.27,12.22,11.15,20.24,20.84,21.66,21.74,-0.91,-1.45,-4.66,-6.27,-4.13,-3.59,-3.8,-1.45,0.11,-0.91
2010-06-30,002370,18.49,18.32,18.49,17.88,12345,22414678.14,3.27,-1.82,-0.34,4.12,34.4,33.39,20.81,16.39,17.17,16.83,17.17,17.11,16.0,14.54,19.78,20.31,21.43,21.59,0.38,-2.89,-4.53,-2.35,-1.8,-2.02,0.38,1.97,0.93,-1.64
2010-07-01,002370,18.31,17.7,18.39,17.7,11058,19936584.26,3.77,-3.38,-0.62,3.69,34.75,22.03,17.57,18.36,18.02,18.36,18.31,17.18,15.71,4.46,19.14,19.9,21.19,21.46,0.51,-1.19,1.07,1.64,1.41,3.9,5.54,4.46,1.81,0.68
2010-07-02,002370,17.75,17.35,17.79,16.66,16253,27827087.76,6.38,-1.98,-0.35,5.42,29.65,24.91,25.75,25.39,25.75,25.69,24.49,22.93,10.98,10.38,18.49,19.6,20.99,21.32,0.81,3.11,3.69,3.46,5.99,7.67,6.57,3.86,2.71,-0.69
2010-07-05,002370,17.02,17.41,17.49,16.83,10290,17688989.49,3.8,0.35,0.06,3.43,23.65,24.48,24.12,24.48,24.42,23.23,21.69,9.86,9.27,5.7,17.89,19.27,20.79,21.18,2.76,3.33,3.1,5.63,7.29,6.2,3.5,2.35,-1.03,2.24
2010-07-06,002370,17.4,17.81,17.89,17.2,12277,21689832.65,3.96,2.3,0.4,4.09,21.8,21.45,21.8,21.74,20.58,19.07,7.5,6.92,3.43,1.69,17.72,18.98,20.61,21.07,1.01,0.79,3.26,4.88,3.82,1.18,0.06,-3.26,-0.06,2.47
2010-07-07,002370,17.83,17.86,17.99,17.6,7308,13009871.68,2.19,0.28,0.05,2.44,18.69,19.03,18.98,17.84,16.36,5.06,4.49,1.08,-0.63,1.65,17.63,18.7,20.4,20.96,0.5,2.97,4.59,3.53,0.9,-0.22,-3.53,-0.34,2.18,4.26
2010-07-08,002370,17.87,17.67,17.95,17.43,7852,13912328.96,2.91,-1.06,-0.19,2.62,20.2,20.14,18.99,17.5,6.08,5.51,2.07,0.34,2.64,3.21,17.62,18.38,20.12,20.8,4.07,5.72,4.64,1.98,0.85,-2.49,0.74,3.28,5.38,6.0
2010-07-09,002370,17.75,18.3,18.39,17.63,15468,28059171.08,4.3,3.57,0.63,5.16,18.77,17.64,16.17,4.88,4.31,0.91,-0.79,1.47,2.04,1.82,17.81,18.15,19.88,20.68,2.08,1.04,-1.53,-2.62,-5.85,-2.73,-0.27,1.75,2.35,2.57
2010-07-12,002370,18.33,18.5,18.68,18.32,12722,23547520.76,1.97,1.09,0.2,4.24,13.21,11.79,0.93,0.38,-2.89,-4.53,-2.35,-1.8,-2.02,0.38,18.03,17.96,19.64,20.55,-0.05,-2.59,-3.68,-6.86,-3.78,-1.35,0.65,1.24,1.46,1.35
2010-07-13,002370,18.49,17.98,18.49,17.83,12123,21925744.84,3.57,-2.81,-0.52,4.04,14.86,3.7,3.14,-0.22,-1.91,0.34,0.9,0.67,3.14,4.77,18.06,17.89,19.37,20.4,0.22,-0.89,-4.17,-1.0,1.5,3.56,4.17,4.39,4.28,4.12
2010-07-14,002370,17.7,17.84,18.02,17.52,19826,35191616.69,2.78,-0.78,-0.14,6.61,5.54,4.97,1.54,-0.17,2.11,2.68,2.45,4.97,6.62,5.54,18.06,17.84,19.08,20.24,-0.11,-3.42,-0.22,2.3,4.37,4.99,5.21,5.1,4.93,7.9
2010-07-15,002370,17.8,17.18,17.82,17.15,10146,17791749.43,3.76,-3.7,-0.66,3.38,7.23,3.73,1.98,4.31,4.9,4.66,7.23,8.92,7.81,5.07,17.96,17.79,18.85,20.06,0.29,3.61,6.23,8.38,9.02,9.25,9.14,8.96,12.05,11.76
2010-07-16,002370,17.15,17.16,17.23,16.83,9580,16272800.62,2.33,-0.12,-0.02,3.19,5.7,3.92,6.3,6.89,6.65,9.27,10.99,9.86,7.07,5.88,17.73,17.77,18.68,19.92,3.73,6.35,8.51,9.15,9.38,9.27,9.09,12.18,11.89,11.66
2010-07-19,002370,17.01,17.71,17.8,16.9,7851,13717095.6,5.24,3.21,0.55,2.62,3.49,5.86,6.45,6.21,8.82,10.53,9.41,6.63,5.44,1.95,17.57,17.8,18.53,19.8,3.05,5.14,5.76,5.99,5.87,5.7,8.7,8.41,8.19,10.67
2010-07-20,002370,17.76,18.22,18.25,17.73,15514,27971476.87,2.94,2.88,0.51,5.17,0.9,1.47,1.24,3.72,5.36,4.29,1.64,0.51,-2.82,0.39,17.62,17.84,18.41,19.69,2.2,2.8,3.02,2.91,2.74,5.65,5.38,5.16,7.57,7.74
2010-07-21,002370,18.24,18.45,18.62,18.12,18833,34744292.05,2.74,1.26,0.23,6.28,-0.72,-0.94,1.49,3.09,2.04,-0.55,-1.66,-4.91,-1.77,0.72,17.74,17.9,18.3,19.56,1.52,1.73,1.63,1.46,4.34,4.07,3.85,6.23,6.4,3.52
2010-07-22,002370,18.45,18.7,18.73,18.22,15596,28804966.67,2.76,1.36,0.25,5.2,-1.48,0.93,2.52,1.48,-1.1,-2.2,-5.43,-2.31,0.16,2.2,18.05,18.0,18.19,19.41,0.37,0.27,0.11,2.94,2.67,2.46,4.81,4.97,2.14,4.76
2010-07-23,002370,18.65,18.49,18.77,18.35,14713,27277815.73,2.25,-1.12,-0.21,4.9,0.22,1.8,0.76,-1.8,-2.89,-6.1,-3.0,-0.54,1.47,2.07,18.31,18.02,18.09,19.26,1.41,1.24,4.11,3.84,3.62,6.0,6.17,3.3,5.95,7.08
2010-07-26,002370,18.5,18.75,18.75,18.4,14261,26497061.0,1.89,1.41,0.26,4.75,1.52,0.49,-2.07,-3.15,-6.36,-3.26,-0.82,1.2,1.79,2.01,18.52,18.05,18.0,19.11,-0.16,2.67,2.4,2.19,4.53,4.69,1.87,4.48,5.6,7.52
2010-07-27,002370,18.72,18.51,18.72,18.47,11310,20993902.64,1.33,-1.28,-0.24,3.77,0.11,-2.44,-3.52,-6.71,-3.63,-1.19,0.81,1.41,1.62,1.52,18.58,18.1,18.0,18.94,4.0,3.73,3.51,5.89,6.05,3.19,5.83,6.97,8.91,9.72
2010-07-28,002370,18.47,19.04,19.25,18.33,18469,34753932.85,4.97,2.86,0.53,6.16,-1.69,-2.78,-6.0,-2.89,-0.44,1.58,2.18,2.4,2.29,2.13,18.7,18.22,18.03,18.79,0.84,0.63,2.94,3.1,0.32,2.89,3.99,5.88,6.67,2.36
2010-07-29,002370,19.04,19.16,19.2,18.81,17219,32783314.83,2.05,0.63,0.12,5.74,-5.26,-8.4,-5.37,-2.98,-1.01,-0.43,-0.21,-0.32,-0.48,2.34,18.79,18.42,18.1,18.7,0.0,2.3,2.45,-0.31,2.24,3.34,5.22,6.0,1.72,1.72
2010-07-30,002370,19.16,19.03,19.16,18.81,11523,21849462.3,1.83,-0.68,-0.13,3.84,-8.4,-5.37,-2.98,-1.01,-0.43,-0.21,-0.32,-0.48,2.34,2.07,18.9,18.61,18.19,18.66,3.0,3.15,0.37,2.94,4.05,5.94,6.73,2.42,2.42,3.52
2010-08-02,002370,19.08,19.6,19.6,18.85,16624,32091203.43,3.94,3.0,0.57,5.54,-5.57,-3.18,-1.22,-0.64,-0.42,-0.53,-0.69,2.12,1.86,1.64,19.07,18.79,18.3,18.62,0.15,-2.55,-0.05,1.02,2.86,3.62,-0.56,-0.56,0.51,5.36
2010-08-03,002370,19.63,19.08,19.63,19.07,15345,29710690.9,2.86,-2.65,-0.52,5.11,-4.3,-2.36,-1.78,-1.57,-1.68,-1.84,0.94,0.68,0.47,2.78,19.18,18.88,18.36,18.57,0.1,2.67,3.77,5.66,6.45,2.15,2.15,3.25,8.23,7.39
2010-08-04,002370,19.0,18.96,19.1,18.6,15171,28612533.76,2.62,-0.63,-0.12,5.06,0.11,0.7,0.91,0.81,0.65,3.49,3.23,3.01,5.38,5.54,19.17,18.93,18.42,18.51,3.32,4.43,6.33,7.12,2.8,2.8,3.9,8.91,8.07,10.13
2010-08-05,002370,18.98,19.39,19.59,18.98,22762,43985072.93,3.22,2.27,0.43,7.59,-1.32,-1.11,-1.21,-1.37,1.42,1.16,0.95,3.27,3.42,0.63,19.21,19.0,18.5,18.46,2.11,3.97,4.74,0.52,0.52,1.6,6.5,5.67,7.68,18.1
2010-08-06,002370,19.38,19.75,19.8,19.1,20786,40428337.11,3.61,1.86,0.36,6.93,-1.73,-1.83,-1.99,0.79,0.52,0.31,2.62,2.77,0.0,2.57,19.36,19.13,18.57,18.43,2.08,2.84,-1.32,-1.32,-0.25,4.56,3.75,5.72,15.95,10.78
2010-08-09,002370,19.7,20.1,20.16,19.7,18333,36477876.81,2.33,1.77,0.35,6.11,-4.82,-4.97,-2.28,-2.54,-2.74,-0.51,-0.36,-3.05,-0.56,0.51,19.46,19.26,18.65,18.42,1.04,-3.03,-3.03,-1.99,2.74,1.94,3.88,13.93,8.86,3.88
2010-08-10,002370,20.1,19.2,20.31,19.14,22834,45051844.23,5.82,-4.48,-0.9,7.61,-2.19,0.57,0.31,0.1,2.4,2.56,-0.21,2.35,3.45,5.33,19.48,19.33,18.72,18.44,1.51,1.51,2.6,7.55,6.72,8.75,19.27,13.96,8.75,9.95
2010-08-11,002370,19.1,19.37,19.49,19.02,10130,19500770.02,2.45,0.89,0.17,3.38,1.21,0.95,0.74,3.05,3.21,0.42,3.0,4.1,5.99,6.78,19.56,19.36,18.79,18.48,0.62,1.7,6.61,5.78,7.8,18.22,12.96,7.8,8.98,10.17
2010-08-12,002370,19.16,19.26,19.49,19.0,10878,21004216.87,2.53,-0.57,-0.11,3.63,1.05,0.84,3.16,3.32,0.53,3.11,4.21,6.11,6.89,2.58,19.54,19.37,18.9,18.53,2.28,7.22,6.39,8.41,18.9,13.6,8.41,9.61,10.8,13.29
2010-08-13,002370,19.18,19.67,19.7,19.02,13308,25811897.17,3.53,2.13,0.41,4.44,0.74,3.05,3.21,0.42,3.0,4.1,5.99,6.78,2.47,2.47,19.52,19.44,19.02,18.6,4.98,4.17,6.15,16.42,11.24,6.15,7.32,8.49,10.93,10.83
2010-08-16,002370,19.7,20.44,20.65,19.7,31225,63666944.28,4.83,3.91,0.77,10.41,-0.51,-0.36,-3.05,-0.56,0.51,2.34,3.1,-1.07,-1.07,0.0,19.59,19.52,19.16,18.71,0.24,2.15,12.04,7.05,2.15,3.28,4.4,6.75,6.65,6.65
2010-08-17,002370,20.4,20.46,20.49,20.1,19107,38813994.02,1.91,0.1,0.02,6.37,-2.34,-4.98,-2.54,-1.49,0.3,1.04,-3.03,-3.03,-1.99,2.74,19.84,19.66,19.27,18.79,2.05,11.93,6.94,2.05,3.18,4.3,6.65,6.55,6.55,5.52
2010-08-18,002370,20.65,20.88,20.88,20.12,26059,53426909.2,3.71,2.05,0.42,8.69,-5.07,-2.63,-1.59,0.2,0.94,-3.13,-3.13,-2.09,2.63,1.84,20.14,19.85,19.39,18.9,9.67,4.79,0.0,1.1,2.2,4.5,4.41,4.41,3.4,2.16
2010-08-19,002370,21.05,21.94,22.9,21.05,66889,146626560.01,8.86,5.08,1.06,22.3,-6.94,-5.94,-4.23,-3.52,-7.41,-7.41,-6.41,-1.9,-2.66,-0.81,20.68,20.11,19.55,19.04,-0.27,-4.83,-3.78,-2.73,-0.55,-0.64,-0.64,-1.6,-2.78,-4.28
2010-08-20,002370,21.46,20.7,21.88,20.68,32033,68086199.85,5.47,-5.65,-1.24,10.68,-4.26,-2.51,-1.79,-5.75,-5.75,-4.74,-0.15,-0.92,0.97,10.74,20.88,20.2,19.66,19.12,0.87,1.98,3.09,5.41,5.31,5.31,4.3,3.04,1.45,2.27
2010-08-23,002370,20.65,20.78,20.88,20.52,13439,27828090.44,1.74,0.39,0.08,4.48,-1.75,-1.02,-5.02,-5.02,-4.0,0.63,-0.15,1.75,11.6,6.63,20.95,20.27,19.77,19.19,1.59,2.69,5.0,4.91,4.91,3.9,2.65,1.06,1.88,1.83
2010-08-24,002370,20.52,20.8,21.11,20.41,14210,29488320.69,3.37,0.1,0.02,4.74,-0.49,-4.51,-4.51,-3.48,1.18,0.39,2.3,12.2,7.2,2.3,21.02,20.43,19.88,19.29,2.6,4.9,4.81,4.81,3.8,2.55,0.96,1.78,1.73,8.85
2010-08-25,002370,20.8,21.08,21.34,20.61,19543,41025097.96,3.51,1.35,0.28,6.51,-5.43,-5.43,-4.42,0.19,-0.58,1.31,11.11,6.16,1.31,2.43,21.06,20.6,19.98,19.4,3.51,3.42,3.42,2.42,1.19,-0.38,0.43,0.38,7.4,8.82
2010-08-26,002370,21.08,21.77,21.82,20.9,25335,54312370.78,4.36,3.27,0.69,8.44,-6.75,-5.74,-1.2,-1.96,-0.1,9.57,4.69,-0.1,1.0,2.11,21.03,20.85,20.11,19.55,0.14,0.14,-0.83,-2.02,-3.54,-2.76,-2.8,4.0,5.37,4.5
2010-08-27,002370,21.68,21.5,21.8,21.32,13744,29594008.49,2.2,-1.24,-0.27,4.58,-7.6,-3.14,-3.89,-2.06,7.41,2.63,-2.06,-0.98,0.09,2.35,21.19,21.03,20.24,19.69,1.4,0.42,-0.79,-2.33,-1.53,-1.58,5.3,6.7,5.81,4.93
2010-08-30,002370,21.48,21.71,21.8,21.35,23560,50920760.4,2.09,0.98,0.21,7.85,-3.28,-4.03,-2.2,7.26,2.48,-2.2,-1.12,-0.05,2.2,2.11,21.37,21.16,20.34,19.83,-0.55,-1.75,-3.27,-2.49,-2.53,4.28,5.67,4.79,3.92,4.97
2010-08-31,002370,21.44,21.31,21.59,21.08,22764,48405907.39,2.35,-1.84,-0.4,7.59,-2.8,-0.95,8.63,3.8,-0.95,0.14,1.23,3.51,3.42,3.42,21.47,21.25,20.45,19.93,0.09,-1.45,-0.66,-0.7,6.24,7.65,6.76,5.87,6.95,5.58
2010-09-01,002370,21.31,20.46,21.33,20.31,23862,49614277.89,4.79,-3.99,-0.85,7.95,2.81,12.75,7.73,2.81,3.94,5.07,7.43,7.34,7.34,6.3,21.35,21.2,20.53,20.0,2.64,3.47,3.42,10.65,12.12,11.19,10.26,11.39,9.97,9.97
2010-09-02,002370,20.51,20.83,21.0,20.45,14192,29436157.45,2.69,1.81,0.37,4.73,11.98,6.99,2.1,3.23,4.35,6.7,6.6,6.6,5.57,4.3,21.16,21.09,20.6,20.07,1.63,1.58,8.69,10.13,9.22,8.31,9.41,8.02,8.02,5.52
2010-09-03,002370,20.85,21.02,21.17,20.7,14761,30897109.36,2.26,0.91,0.19,4.92,5.7,0.87,1.98,3.09,5.41,5.31,5.31,4.3,3.04,1.45,21.07,21.13,20.66,20.15,0.67,7.71,9.13,8.23,7.33,8.42,7.04,7.04,4.57,1.33
2010-09-06,002370,21.1,20.62,21.16,20.58,13151,27335231.73,2.76,-1.9,-0.4,4.38,1.46,2.58,3.69,6.03,5.93,5.93,4.91,3.64,2.04,2.87,20.85,21.11,20.69,20.21,9.8,11.25,10.33,9.41,10.52,9.12,9.12,6.6,3.3,1.75
2010-09-07,002370,20.66,22.47,22.64,20.43,42489,91869843.69,10.72,8.97,1.85,14.16,3.33,4.45,6.8,6.71,6.71,5.68,4.41,2.79,3.62,3.57,21.08,21.28,20.85,20.35,2.09,1.25,0.4,1.42,0.13,0.13,-2.18,-5.21,-6.63,-8.77
2010-09-08,002370,22.1,22.25,22.94,21.6,63683,143339116.33,5.96,-0.98,-0.22,21.23,-1.2,1.02,0.93,0.93,-0.05,-1.25,-2.78,-1.99,-2.04,4.81,21.44,21.39,21.0,20.45,2.25,1.39,2.43,1.12,1.12,-1.21,-4.27,-5.71,-7.87,-7.42
2010-09-09,002370,22.0,21.73,22.75,21.53,27280,60331854.05,5.48,-2.34,-0.52,9.09,1.35,1.25,1.25,0.28,-0.93,-2.46,-1.67,-1.72,5.16,6.55,21.62,21.39,21.12,20.54,3.82,4.88,3.54,3.54,1.15,-1.98,-3.45,-5.66,-5.2,-3.36
2010-09-10,002370,21.69,22.34,22.56,21.31,28113,62150396.27,5.75,2.81,0.61,9.37,2.3,2.3,1.31,0.09,-1.45,-0.66,-0.7,6.24,7.65,6.76,21.88,21.47,21.25,20.65,2.01,0.72,0.72,-1.61,-4.66,-6.09,-8.24,-7.79,-6.0,-6.94
2010-09-13,002370,22.37,22.34,22.79,22.21,25240,56628734.78,2.6,0.0,0.0,8.41,-1.85,-2.79,-3.96,-5.45,-4.68,-4.73,1.94,3.29,2.43,1.58,22.23,21.54,21.35,20.74,0.72,0.72,-1.61,-4.66,-6.09,-8.24,-7.79,-6.0,-6.94,-7.56
2010-09-14,002370,22.34,21.94,22.5,21.75,16680,36592295.28,3.36,-1.79,-0.4,5.56,-0.74,-1.93,-3.45,-2.67,-2.71,4.09,5.47,4.6,3.72,4.78,22.12,21.6,21.42,20.84,2.55,0.18,-2.92,-4.38,-6.56,-6.11,-4.28,-5.24,-5.88,-4.38
2010-09-15,002370,21.8,21.95,22.5,21.57,27451,60789440.27,4.24,0.05,0.01,9.15,-1.11,-2.64,-1.85,-1.9,4.96,6.35,5.47,4.59,5.66,4.31,22.06,21.75,21.48,20.94,0.14,-2.96,-4.42,-6.61,-6.15,-4.33,-5.28,-5.92,-4.42,-4.87
2010-09-16,002370,21.9,20.78,21.98,20.6,18772,39710129.76,6.29,-5.33,-1.17,6.26,1.94,2.77,2.72,9.9,11.36,10.44,9.51,10.63,9.22,9.22,21.87,21.74,21.42,20.98,2.5,0.96,-1.35,-0.87,1.06,0.05,-0.63,0.96,0.48,8.95
2010-09-17,002370,20.82,20.9,21.3,20.72,11532,24322387.25,2.79,0.58,0.12,3.84,2.17,2.12,9.27,10.71,9.8,8.88,9.99,8.59,8.59,6.08,21.58,21.73,21.43,21.02,0.38,-1.91,-1.44,0.48,-0.53,-1.2,0.38,-0.1,8.33,9.0
2010-09-20,002370,20.81,20.31,20.98,20.26,8484,17438604.81,3.44,-2.82,-0.59,2.83,4.44,11.75,13.23,12.29,11.35,12.49,11.06,11.06,8.49,5.13,21.18,21.7,21.41,21.03,0.94,1.43,3.4,2.36,1.67,3.3,2.81,11.47,12.16,8.91
2010-09-21,002370,20.5,20.13,20.5,20.06,4144,8388360.34,2.17,-0.89,-0.18,1.38,12.86,14.36,13.41,12.46,13.61,12.16,12.16,9.57,6.18,4.59,20.81,21.47,21.37,21.06,2.33,4.32,3.28,2.58,4.22,3.73,12.47,13.16,9.89,7.1
2010-09-27,002370,20.31,20.59,20.6,20.16,6900,14109811.32,2.19,2.29,0.46,2.3,13.79,12.85,11.9,13.05,11.61,11.61,9.03,5.65,4.07,1.69,20.54,21.3,21.35,21.1,1.99,0.97,0.29,1.89,1.41,9.96,10.64,7.43,4.71,4.08
2010-09-28,002370,20.4,20.65,21.0,20.4,7537,15596094.17,2.91,0.29,0.06,2.51,11.52,10.59,11.72,10.29,10.29,7.75,4.41,2.84,0.49,0.98,20.52,21.19,21.29,21.15,0.68,0.0,1.6,1.11,9.64,10.31,7.12,4.41,3.78,2.66
2010-09-29,002370,20.79,20.17,20.79,20.1,6789,13812488.05,3.34,-2.32,-0.48,2.26,12.24,13.38,11.94,11.94,9.35,5.97,4.38,1.99,2.49,4.48,20.37,20.98,21.22,21.16,2.38,4.02,3.52,12.25,12.94,9.67,6.89,6.25,5.11,6.49
2010-09-30,002370,20.17,20.47,20.65,20.1,6125,12475535.91,2.73,1.49,0.3,2.04,13.38,11.94,11.94,9.35,5.97,4.38,1.99,2.49,4.48,3.43,20.4,20.79,21.16,21.16,2.49,2.0,10.6,11.28,8.06,5.32,4.69,3.57,4.93,10.55
2010-10-08,002370,20.5,20.89,20.98,20.5,9281,19330594.71,2.34,2.05,0.42,3.09,9.76,9.76,7.22,3.9,2.34,0.0,0.49,2.44,1.41,0.73,20.55,20.68,21.14,21.18,-0.05,8.38,9.05,5.89,3.21,2.58,1.48,2.82,8.33,4.5
2010-10-11,002370,20.85,20.88,20.88,20.62,14735,30542352.4,1.24,-0.05,-0.01,4.91,9.12,6.6,3.3,1.75,-0.58,-0.1,1.84,0.82,0.15,1.75,20.61,20.58,21.16,21.18,8.43,9.1,5.94,3.26,2.63,1.53,2.87,8.38,4.55,5.36
2010-10-12,002370,20.8,22.54,22.64,20.35,39185,85055784.24,10.97,7.95,1.66,13.06,8.01,4.67,3.1,0.74,1.23,3.19,2.16,1.47,3.1,2.6,20.99,20.75,21.25,21.2,1.06,-1.86,-4.35,-4.92,-5.94,-4.7,0.4,-3.15,-2.4,-1.24
2010-10-13,002370,22.3,22.09,22.78,21.92,48087,107353838.57,3.82,-2.0,-0.45,16.03,-2.83,-4.29,-6.48,-6.02,-4.2,-5.16,-5.79,-4.29,-4.74,3.28,21.37,20.87,21.3,21.24,0.14,-2.4,-2.99,-4.03,-2.76,2.44,-1.18,-0.41,0.77,4.98
2010-10-14,002370,22.1,21.13,22.12,20.9,23795,50824490.69,5.52,-4.35,-0.96,7.93,0.38,-1.91,-1.44,0.48,-0.53,-1.2,0.38,-0.1,8.33,9.0,21.51,20.95,21.33,21.26,2.04,1.42,0.33,1.66,7.1,3.31,4.12,5.35,9.75,2.7
2010-10-15,002370,20.9,21.2,21.56,20.89,14690,31216270.19,3.17,0.33,0.07,4.9,-1.87,-1.39,0.53,-0.48,-1.15,0.43,-0.05,8.38,9.05,5.89,21.57,21.06,21.26,21.27,1.08,0.0,1.32,6.75,2.97,3.77,5.0,9.39,2.36,2.17
2010-10-18,002370,21.21,20.42,21.43,20.2,14599,29984414.98,5.8,-3.68,-0.78,4.87,1.98,3.96,2.92,2.23,3.86,3.37,12.08,12.77,9.5,6.73,21.48,21.04,21.17,21.25,3.82,5.19,10.82,6.9,7.74,9.01,13.57,6.27,6.07,7.84
2010-10-19,002370,20.38,21.0,21.2,20.38,8531,17822020.5,4.02,2.84,0.58,2.84,3.04,2.01,1.32,2.94,2.45,11.09,11.78,8.54,5.79,5.15,21.17,21.08,21.14,21.22,2.29,7.76,3.95,4.76,6.0,10.43,3.33,3.14,4.86,5.86
2010-10-20,002370,20.58,21.07,21.48,20.55,11891,25230333.1,4.43,0.33,0.07,3.96,1.17,0.49,2.09,1.61,10.17,10.85,7.64,4.91,4.28,3.16,20.96,21.17,21.07,21.21,7.4,3.61,4.41,5.65,10.06,2.99,2.8,4.51,5.51,5.93
2010-10-21,002370,21.7,21.9,22.63,21.68,38424,84976265.42,4.51,3.94,0.83,12.81,-4.75,-3.23,-3.69,4.43,5.07,2.03,-0.55,-1.15,-2.21,-0.92,21.12,21.31,21.05,21.21,-0.32,0.46,1.64,5.89,-0.91,-1.1,0.55,1.51,1.92,3.61
2010-10-22,002370,21.8,21.65,21.83,21.4,14392,31066172.21,1.96,-1.14,-0.25,4.8,-1.96,-2.43,5.79,6.45,3.36,0.75,0.14,-0.93,0.37,5.75,21.21,21.39,21.04,21.22,1.62,2.82,7.11,0.23,0.05,1.71,2.68,3.09,4.8,4.11
2010-10-25,002370,21.65,21.79,22.0,21.55,18263,39693840.81,2.08,0.65,0.14,6.09,-3.11,5.06,5.71,2.65,0.05,-0.56,-1.62,-0.32,5.01,1.3,21.48,21.48,21.03,21.27,2.16,6.42,-0.41,-0.6,1.06,2.02,2.43,4.13,3.44,5.0
2010-10-26,002370,21.89,22.13,22.26,21.5,24043,52684216.91,3.49,1.56,0.34,8.01,5.3,5.95,2.88,0.28,-0.33,-1.4,-0.09,5.26,1.53,2.33,21.71,21.44,21.1,21.31,4.79,-1.94,-2.12,-0.5,0.45,0.86,2.53,1.85,3.39,3.66
2010-10-27,002370,22.44,21.76,23.19,21.75,33683,75846358.56,6.51,-1.67,-0.37,11.23,4.74,1.7,-0.87,-1.47,-2.53,-1.24,4.05,0.37,1.15,2.34,21.85,21.4,21.14,21.34,-0.28,-0.46,1.19,2.16,2.57,4.27,3.58,5.15,5.42,8.41
2010-10-28,002370,21.0,21.49,21.7,21.0,13523,28936655.1,3.22,-1.24,-0.27,4.51,5.33,2.67,2.05,0.95,2.29,7.76,3.95,4.76,6.0,10.43,21.76,21.44,21.2,21.37,0.79,2.47,3.44,3.86,5.58,4.89,6.47,6.75,9.77,8.1
2010-10-29,002370,21.46,21.55,21.66,21.21,12508,26819517.62,2.09,0.28,0.06,4.17,1.65,1.04,-0.05,1.27,6.69,2.92,3.72,4.95,9.34,2.31,21.74,21.48,21.27,21.33,2.18,3.16,3.57,5.29,4.59,6.17,6.45,9.47,7.8,4.69
2010-11-01,002370,21.55,21.92,22.02,21.55,16160,35336343.14,2.18,1.72,0.37,5.39,-0.56,-1.62,-0.32,5.01,1.3,2.09,3.29,7.61,0.7,0.51,21.77,21.63,21.33,21.32,1.41,1.82,3.51,2.83,4.38,4.65,7.62,5.98,2.92,-1.32
2010-11-02,002370,22.0,21.96,22.23,21.73,19325,42459464.36,2.28,0.18,0.04,6.44,-2.44,-1.15,4.14,0.46,1.24,2.44,6.72,-0.14,-0.32,1.33,21.74,21.72,21.4,21.33,1.64,3.32,2.64,4.19,4.46,7.42,5.78,2.73,-1.5,2.28
2010-11-03,002370,21.75,22.05,22.32,21.7,18209,40032827.84,2.82,0.41,0.09,6.07,-1.01,4.29,0.6,1.38,2.58,6.87,0.0,-0.18,1.47,2.44,21.79,21.82,21.49,21.32,2.9,2.22,3.76,4.04,6.98,5.35,2.31,-1.9,1.86,-2.31
2010-11-04,002370,22.0,22.54,22.69,21.85,36693,81983699.34,3.81,2.22,0.49,12.23,3.57,-0.09,0.69,1.88,6.13,-0.69,-0.87,0.78,1.74,2.15,22.0,21.88,21.6,21.33,0.0,1.51,1.77,4.66,3.06,0.09,-4.04,-0.35,-4.44,-5.28
2010-11-05,002370,22.54,22.45,22.54,22.18,21276,47611428.22,1.6,-0.4,-0.09,7.09,-1.58,-0.81,0.36,4.55,-2.16,-2.34,-0.72,0.23,0.63,2.3,22.18,21.96,21.68,21.35,1.92,2.18,5.08,3.47,0.49,-3.65,0.04,-4.05,-4.9,2.0
2010-11-08,002370,22.45,22.86,22.88,22.36,28225,64137805.99,2.32,1.83,0.41,9.41,-1.61,-0.45,3.71,-2.95,-3.13,-1.52,-0.58,-0.18,1.48,0.81,22.37,22.07,21.77,21.38,0.35,3.19,1.62,-1.31,-5.38,-1.75,-5.77,-6.61,0.17,2.76
2010-11-09,002370,22.94,22.9,22.94,22.5,22443,50949674.51,1.92,0.17,0.04,7.48,-1.07,3.07,-3.56,-3.73,-2.13,-1.2,-0.8,0.84,0.18,1.69,22.56,22.15,21.79,21.45,3.01,1.44,-1.48,-5.55,-1.92,-5.94,-6.77,0.0,2.58,-0.13
2010-11-10,002370,22.91,23.0,23.59,22.9,43610,101634219.13,3.01,0.44,0.1,14.54,1.27,-5.24,-5.41,-3.84,-2.93,-2.53,-0.92,-1.57,-0.09,0.17,22.75,22.27,21.84,21.52,1.0,-1.91,-5.96,-2.35,-6.35,-7.17,-0.43,2.13,-0.57,1.52
2010-11-11,002370,22.8,22.57,23.23,22.4,31942,72846443.44,3.61,-1.87,-0.43,10.65,-3.12,-3.3,-1.7,-0.76,-0.36,1.29,0.63,2.14,2.41,5.31,22.76,22.38,21.91,21.59,-0.04,-4.16,-0.49,-4.56,-5.41,1.46,4.08,1.33,3.46,6.78
2010-11-12,002370,22.4,20.87,22.56,20.85,25295,54934426.49,7.58,-7.53,-1.7,8.43,3.88,5.61,6.62,7.05,8.82,8.11,9.74,10.02,13.14,11.41,22.44,22.31,21.89,21.62,3.64,7.62,3.21,2.3,9.73,12.55,9.58,11.88,15.48,12.36
2010-11-15,002370,20.96,21.56,21.63,20.96,12260,26093610.37,3.21,3.31,0.69,4.09,5.06,6.06,6.49,8.25,7.54,9.16,9.45,12.55,10.83,7.63,22.18,22.28,21.95,21.65,4.17,-0.09,-0.97,6.22,8.95,6.08,8.3,11.78,8.77,10.2
2010-11-16,002370,21.62,21.46,22.46,20.95,22346,48757708.41,7.0,-0.46,-0.1,7.45,6.11,6.54,8.31,7.59,9.21,9.5,12.6,10.88,7.68,3.25,21.89,22.23,21.97,21.68,0.37,-0.51,6.71,9.46,6.57,8.81,12.3,9.27,10.72,11.0
2010-11-17,002370,21.11,20.83,21.54,20.7,12336,26086425.44,3.91,-2.94,-0.63,4.11,7.83,9.61,8.89,10.53,10.82,13.96,12.22,8.99,4.49,8.5,21.46,22.1,21.96,21.7,2.5,9.94,12.77,9.79,12.1,15.7,12.58,14.07,14.35,7.73
2010-11-18,002370,21.2,21.25,21.35,20.85,10120,21377453.22,2.4,2.02,0.42,3.37,8.82,8.11,9.74,10.02,13.14,11.41,8.2,3.74,7.72,3.31,21.19,21.97,21.93,21.72,7.76,10.54,7.62,9.88,13.41,10.35,11.81,12.09,5.6,6.35
2010-11-19,002370,21.26,22.72,22.9,21.15,35853,78751565.04,8.24,6.92,1.47,11.95,6.57,8.18,8.46,11.54,9.83,6.67,2.27,6.19,1.84,0.95,21.56,22.0,21.98,21.78,3.39,0.66,2.77,6.07,3.21,4.58,4.84,-1.23,-0.53,-1.89
2010-11-22,002370,22.36,22.97,23.49,22.3,65219,150106297.67,5.24,1.1,0.25,21.74,2.6,2.87,5.78,4.17,1.17,-3.0,0.72,-3.41,-4.26,2.69,21.85,22.01,22.04,21.85,-0.44,1.65,4.92,2.09,3.44,3.7,-2.31,-1.61,-2.96,-3.35
2010-11-23,002370,22.87,22.53,22.87,22.05,20850,46672140.36,3.57,-1.92,-0.44,6.95,4.04,6.98,5.35,2.31,-1.9,1.86,-2.31,-3.17,3.85,6.53,22.06,21.98,22.06,21.85,3.64,6.97,4.08,5.46,5.73,-0.4,0.31,-1.07,-1.46,-0.71
2010-11-24,002370,22.5,23.24,23.35,22.22,32372,74259925.04,5.02,3.15,0.71,10.79,6.17,4.55,1.53,-2.66,1.08,-3.06,-3.92,3.06,5.72,2.93,22.54,22.0,22.14,21.89,3.7,0.9,2.24,2.5,-3.44,-2.75,-4.09,-4.48,-3.74,-1.55
2010-11-25,002370,23.15,23.28,24.1,23.15,43782,103346079.72,4.09,0.17,0.04,14.59,0.35,-2.55,-6.57,-2.98,-6.95,-7.78,-1.08,1.47,-1.21,0.86,22.95,22.07,22.23,21.96,0.73,2.06,2.32,-3.61,-2.92,-4.25,-4.64,-3.91,-1.72,0.09
2010-11-26,002370,23.25,22.9,23.45,22.63,17685,40815744.48,3.52,-1.63,-0.38,5.9,-0.31,-4.42,-0.75,-4.82,-5.66,1.19,3.8,1.06,3.18,6.5,22.98,22.27,22.29,22.02,3.76,4.02,-2.01,-1.31,-2.66,-3.06,-2.31,-0.09,1.75,1.88
2010-11-29,002370,22.79,23.69,23.76,22.5,25820,60487483.92,5.5,3.45,0.79,8.61,-3.87,-0.18,-4.27,-5.11,1.78,4.4,1.64,3.78,7.11,4.22,23.13,22.49,22.38,22.13,0.55,-5.28,-4.6,-5.91,-6.29,-5.57,-3.42,-1.65,-1.52,-1.35
2010-11-30,002370,23.8,22.53,23.82,22.0,24907,56634333.06,7.68,-4.9,-1.16,8.3,2.09,-2.09,-2.95,4.09,6.77,3.95,6.14,9.55,6.59,8.0,23.13,22.59,22.41,22.18,-0.4,0.31,-1.07,-1.46,-0.71,1.55,3.42,3.55,3.73,3.42
2010-12-01,002370,22.44,22.2,22.44,21.88,12193,27029790.0,2.49,-1.46,-0.33,4.06,-1.55,-2.42,4.66,7.36,4.52,6.72,10.15,7.18,8.59,8.87,22.92,22.73,22.42,22.22,1.8,0.41,0.0,0.77,3.06,4.95,5.09,5.27,4.95,4.28
2010-12-02,002370,22.5,22.27,22.6,22.16,10329,23088523.84,1.98,0.32,0.07,3.44,-3.66,3.34,6.0,3.2,5.37,8.75,5.82,7.22,7.49,1.26,22.72,22.83,22.4,22.23,0.09,-0.31,0.45,2.74,4.63,4.76,4.94,4.63,3.95,4.67
2010-12-03,002370,22.29,22.11,22.29,21.77,9213,20249415.52,2.33,-0.72,-0.16,3.07,5.19,7.9,5.05,7.26,10.7,7.72,9.14,9.42,3.08,3.81,22.56,22.77,22.39,22.25,0.41,1.18,3.48,5.38,5.52,5.7,5.38,4.7,5.43,5.61
2010-12-06,002370,22.06,22.02,22.2,21.76,6373,14021787.04,1.99,-0.41,-0.09,2.12,7.95,5.1,7.31,10.75,7.77,9.19,9.47,3.12,3.86,2.44,22.23,22.68,22.34,22.25,1.59,3.91,5.81,5.95,6.13,5.81,5.13,5.86,6.04,6.72
2010-12-07,002370,21.9,22.29,22.37,21.68,8017,17764306.81,3.13,1.23,0.27,2.67,5.49,7.7,11.16,8.16,9.59,9.87,3.51,4.24,2.81,2.4,22.18,22.65,22.31,22.26,2.65,4.53,4.67,4.85,4.53,3.86,4.58,4.76,5.43,2.96
2010-12-08,002370,22.29,22.53,22.88,22.2,12485,28064054.01,3.05,1.08,0.24,4.16,5.18,8.56,5.63,7.03,7.3,1.08,1.8,0.41,0.0,0.77,22.24,22.58,22.29,22.28,3.42,3.55,3.73,3.42,2.75,3.46,3.64,4.31,1.86,1.6
2010-12-09,002370,22.31,23.19,23.3,22.01,30528,69852150.95,5.73,2.93,0.66,10.18,9.5,6.54,7.95,8.22,1.95,2.68,1.27,0.86,1.64,3.95,22.43,22.57,22.32,22.34,0.6,0.78,0.47,-0.17,0.52,0.69,1.34,-1.03,-1.29,-3.92
2010-12-10,002370,22.8,22.91,23.33,22.75,33537,77333818.97,2.5,-1.21,-0.28,11.18,3.08,4.44,4.7,-1.36,-0.66,-2.02,-2.42,-1.67,0.57,2.42,22.59,22.57,22.42,22.39,2.01,1.7,1.05,1.75,1.92,2.58,0.17,-0.09,-2.75,-4.41
2010-12-13,002370,22.95,23.31,23.37,22.9,21699,50273896.32,2.05,1.75,0.4,7.23,3.76,4.02,-2.01,-1.31,-2.66,-3.06,-2.31,-0.09,1.75,1.88,22.85,22.54,22.51,22.43,-0.04,-0.69,0.0,0.17,0.82,-1.54,-1.8,-4.42,-6.05,-10.3
2010-12-14,002370,23.3,23.09,23.3,22.8,17348,39896393.01,2.15,-0.94,-0.22,5.78,4.47,-1.58,-0.88,-2.24,-2.63,-1.89,0.35,2.19,2.32,2.5,23.01,22.59,22.59,22.47,0.26,0.95,1.13,1.78,-0.61,-0.87,-3.51,-5.15,-9.44,-9.87
2010-12-15,002370,23.1,22.89,23.15,22.82,14594,33498055.14,1.43,-0.87,-0.2,4.86,-1.67,-0.96,-2.32,-2.72,-1.97,0.26,2.1,2.23,2.41,2.1,23.08,22.66,22.7,22.5,1.83,2.01,2.66,0.26,0.0,-2.66,-4.33,-8.65,-9.09,-9.35
2010-12-16,002370,22.88,22.99,23.31,22.8,15330,35408109.34,2.23,0.44,0.1,5.11,-0.88,-2.24,-2.63,-1.89,0.35,2.19,2.32,2.5,2.19,1.54,23.04,22.73,22.78,22.51,1.57,2.22,-0.17,-0.43,-3.09,-4.74,-9.05,-9.48,-9.74,-8.83
2010-12-17,002370,22.86,23.35,23.35,22.86,13815,31958174.46,2.13,1.57,0.36,4.6,-2.49,-2.89,-2.14,0.09,1.92,2.06,2.23,1.92,1.27,1.97,23.13,22.86,22.81,22.54,0.64,-1.71,-1.97,-4.58,-6.21,-10.45,-10.88,-11.13,-10.24,-8.78
2010-12-20,002370,23.21,22.62,23.5,22.11,18942,43466376.71,5.95,-3.13,-0.73,6.31,0.41,1.18,3.48,5.38,5.52,5.7,5.38,4.7,5.43,5.61,22.99,22.92,22.8,22.54,1.46,1.19,-1.5,-3.18,-7.56,-8.0,-8.27,-7.34,-5.84,-3.98
2010-12-21,002370,22.62,22.93,22.95,22.53,8350,19046479.65,1.86,1.37,0.31,2.78,-0.71,1.55,3.42,3.55,3.73,3.42,2.75,3.46,3.64,4.31,22.96,22.98,22.82,22.54,-0.17,-2.83,-4.49,-8.81,-9.25,-9.51,-8.59,-7.11,-5.28,-6.24
2010-12-23,002370,22.63,22.13,22.89,22.1,11183,25019700.73,3.45,-3.49,-0.8,3.73,3.53,5.43,5.57,5.75,5.43,4.75,5.48,5.66,6.33,3.85,22.8,22.94,22.76,22.51,0.68,-1.04,-5.51,-5.96,-6.24,-5.29,-3.75,-1.85,-2.85,-3.8
2010-12-24,002370,22.06,21.64,22.28,21.58,8926,19452897.03,3.16,-2.21,-0.49,2.98,7.97,8.11,8.29,7.97,7.28,8.02,8.2,8.9,6.35,6.07,22.53,22.79,22.68,22.48,1.2,-3.37,-3.84,-4.11,-3.14,-1.57,0.37,-0.65,-1.62,-2.54
2010-12-27,002370,21.64,20.91,21.9,20.91,10432,22413285.03,4.57,-3.37,-0.73,3.48,11.57,11.76,11.43,10.71,11.48,11.67,12.39,9.76,9.47,6.55,22.05,22.59,22.58,22.48,0.0,-0.48,-0.77,0.24,1.87,3.87,2.82,1.82,0.86,-2.06
2010-12-28,002370,20.91,20.06,20.91,20.05,9193,18691780.87,4.11,-4.07,-0.85,3.06,16.56,16.21,15.46,16.26,16.46,17.21,14.46,14.16,11.12,9.23,21.53,22.26,22.4,22.43,3.74,3.44,4.49,6.18,8.28,7.18,6.13,5.13,2.09,8.28
2010-12-29,002370,20.06,20.6,20.81,20.06,5137,10488490.72,3.74,2.69,0.54,1.71,16.15,15.4,16.2,16.4,17.15,14.41,14.11,11.07,9.17,4.24,21.07,22.01,22.3,22.4,0.73,1.75,3.4,5.44,4.37,3.35,2.38,-0.58,5.44,5.34
2010-12-30,002370,20.6,20.51,20.75,20.35,3887,7963289.48,1.94,-0.44,-0.09,1.3,13.76,14.55,14.74,15.48,12.78,12.48,9.48,7.62,2.75,2.26,20.74,21.77,22.22,22.39,2.19,3.85,5.9,4.83,3.8,2.83,-0.15,5.9,5.8,2.19
2010-12-31,002370,20.53,20.85,20.96,20.53,5295,11033083.75,2.1,1.66,0.34,1.76,13.54,13.74,14.47,11.79,11.5,8.52,6.67,1.85,1.36,1.07,20.59,21.56,22.15,22.38,2.16,4.17,3.12,2.11,1.15,-1.77,4.17,4.08,0.53,-3.12
2011-01-04,002370,20.99,21.25,21.3,20.81,7160,15107612.37,2.35,1.92,0.4,2.39,12.21,12.93,10.28,10.0,7.06,5.24,0.48,0.0,-0.29,0.72,20.65,21.35,22.1,22.33,2.21,1.18,0.19,-0.75,-3.62,2.21,2.12,-1.36,-4.94,-7.44
2011-01-05,002370,21.18,21.31,21.72,21.0,4888,10466005.28,3.39,0.28,0.06,1.63,11.9,9.29,9.0,6.1,4.29,-0.43,-0.9,-1.19,-0.19,1.43,20.9,21.22,22.07,22.27,0.89,-0.09,-1.03,-3.89,1.92,1.83,-1.64,-5.21,-7.7,-5.87
2011-01-06,002370,21.4,21.08,21.5,20.95,5325,11268661.36,2.58,-1.08,-0.23,1.77,9.55,9.26,6.35,4.53,-0.19,-0.67,-0.95,0.05,1.67,3.68,21.0,21.03,22.01,22.22,1.0,0.05,-2.85,3.04,2.94,-0.57,-4.17,-6.69,-4.84,-5.41
2011-01-07,002370,21.29,21.0,21.29,20.8,6508,13720212.35,2.32,-0.38,-0.08,2.17,10.05,7.12,5.29,0.53,0.05,-0.24,0.77,2.4,4.42,3.37,21.1,20.92,21.93,22.15,0.43,-2.48,3.43,3.33,-0.19,-3.81,-6.33,-4.48,-5.05,-7.76
2011-01-10,002370,21.09,20.55,21.09,20.45,3685,7661988.49,3.05,-2.14,-0.45,1.23,8.95,7.09,2.25,1.76,1.47,2.49,4.16,6.21,5.13,4.11,21.04,20.81,21.8,22.06,-0.34,5.69,5.6,2.0,-1.7,-4.28,-2.38,-2.97,-5.74,-6.81
2011-01-11,002370,20.48,20.19,20.48,19.9,3798,7661945.95,2.82,-1.75,-0.36,1.27,10.05,5.08,4.57,4.27,5.33,7.04,9.15,8.04,6.98,5.98,20.83,20.74,21.66,21.97,7.58,7.48,3.81,0.05,-2.58,-0.64,-1.24,-4.06,-5.15,-7.88
2011-01-12,002370,20.12,21.52,21.72,19.98,18070,37863292.84,8.62,6.59,1.33,6.02,4.65,4.15,3.85,4.9,6.61,8.71,7.61,6.56,5.56,2.5,20.87,20.89,21.57,21.89,0.84,-2.6,-6.13,-8.6,-6.78,-7.34,-9.99,-11.01,-13.57,-14.17
2011-01-13,002370,21.38,21.25,21.7,21.15,27823,59883586.08,2.56,-1.25,-0.27,9.27,-1.61,-1.89,-0.9,0.71,2.7,1.65,0.66,-0.28,-3.17,2.7,20.9,20.95,21.48,21.85,-1.36,-4.94,-7.44,-5.6,-6.16,-8.85,-9.88,-12.47,-13.08,-11.81
2011-01-14,002370,20.96,20.22,20.96,20.2,8864,18213212.77,3.58,-4.85,-1.03,2.95,2.72,3.76,5.45,7.52,6.44,5.4,4.41,1.39,7.52,7.43,20.75,20.92,21.35,21.79,-0.1,-2.72,-0.79,-1.38,-4.2,-5.29,-8.01,-8.65,-7.32,-7.02
2011-01-17,002370,20.1,19.29,20.2,19.0,7279,14225276.14,5.93,-4.6,-0.93,2.43,10.32,12.11,14.32,13.16,12.05,11.0,7.79,14.32,14.21,10.32,20.49,20.77,21.16,21.69,1.97,3.99,3.37,0.41,-0.73,-3.58,-4.25,-2.85,-2.54,-2.13
2011-01-18,002370,19.23,19.49,19.67,19.23,2411,4694745.66,2.28,1.04,0.2,0.8,10.76,12.95,11.8,10.71,9.67,6.5,12.95,12.84,9.0,5.04,20.35,20.59,20.97,21.6,2.92,2.31,-0.62,-1.74,-4.57,-5.23,-3.85,-3.54,-3.13,-2.67
2011-01-19,002370,19.5,19.86,20.06,19.41,4057,8059200.7,3.34,1.9,0.37,1.35,11.9,10.77,9.69,8.66,5.51,11.9,11.8,7.99,4.07,1.34,20.02,20.44,20.83,21.53,0.4,-2.47,-3.58,-6.34,-7.0,-5.64,-5.34,-4.93,-4.48,-4.63
2011-01-20,002370,19.87,19.2,19.94,19.01,3037,5944159.03,4.68,-3.32,-0.66,1.01,13.1,11.99,10.94,7.73,14.26,14.15,10.26,6.26,3.47,5.52,19.61,20.26,20.65,21.42,0.89,-0.26,-3.12,-3.8,-2.4,-2.08,-1.67,-1.2,-1.35,1.2
2011-01-21,002370,19.2,18.88,19.37,18.5,4694,8925364.07,4.53,-1.67,-0.32,1.56,15.08,14.0,10.7,17.41,17.3,13.3,9.19,6.32,8.43,7.78,19.34,20.04,20.48,21.3,1.43,-1.48,-2.17,-0.74,-0.42,0.0,0.48,0.32,2.91,3.92
2011-01-24,002370,18.88,18.6,19.15,18.6,3056,5729506.1,2.91,-1.48,-0.28,1.02,13.39,10.11,16.77,16.67,12.69,8.6,5.75,7.85,7.2,4.14,19.21,19.85,20.33,21.15,0.0,-0.7,0.75,1.08,1.51,1.99,1.83,4.46,5.48,6.34
2011-01-25,002370,18.6,18.19,18.6,17.99,3642,6608362.42,3.28,-2.2,-0.41,1.21,13.84,20.73,20.62,16.51,12.28,9.34,11.51,10.84,7.67,6.45,18.95,19.65,20.19,20.99,1.54,3.02,3.35,3.79,4.29,4.12,6.82,7.86,8.74,8.58
2011-01-26,002370,18.03,18.4,18.47,18.03,1876,3445110.64,2.42,1.15,0.21,0.63,20.47,20.35,16.25,12.04,9.1,11.26,10.59,7.43,6.21,3.16,18.65,19.34,20.11,20.83,1.85,2.17,2.61,3.1,2.93,5.6,6.63,7.5,7.34,14.08
2011-01-27,002370,18.45,18.52,18.74,18.0,2347,4346134.71,4.02,0.65,0.12,0.78,20.56,16.44,12.22,9.28,11.44,10.78,7.61,6.39,3.33,2.61,18.52,19.06,20.01,20.68,1.51,1.94,2.43,2.27,4.91,5.94,6.8,6.64,13.34,14.52
2011-01-28,002370,18.52,18.68,18.8,18.48,1699,3168682.73,1.73,0.86,0.16,0.57,13.42,9.31,6.44,8.55,7.9,4.82,3.63,0.65,-0.05,1.41,18.48,18.91,19.92,20.54,1.07,1.55,1.39,4.01,5.03,5.89,5.73,12.37,13.54,11.35
2011-01-31,002370,18.68,18.85,18.88,18.59,2400,4513446.48,1.55,0.91,0.17,0.8,8.66,5.81,7.91,7.26,4.2,3.01,0.05,-0.65,0.81,1.13,18.53,18.87,19.82,20.4,0.64,0.48,3.08,4.08,4.93,4.77,11.35,12.52,10.34,8.65
2011-02-01,002370,18.91,18.85,18.97,18.75,1984,3740788.11,1.17,0.0,0.0,0.66,4.91,6.99,6.35,3.31,2.13,-0.8,-1.49,-0.05,0.27,0.69,18.66,18.8,19.7,20.25,0.48,3.08,4.08,4.93,4.77,11.35,12.52,10.34,8.65,9.71
2011-02-09,002370,18.78,18.75,18.94,18.5,1855,3491971.52,2.33,-0.53,-0.1,0.62,8.43,7.78,4.7,3.51,0.54,-0.16,1.3,1.62,2.05,2.54,18.73,18.69,19.57,20.12,3.63,4.64,5.49,5.33,11.95,13.12,10.93,9.23,10.29,8.64
2011-02-10,002370,18.72,19.37,19.43,18.72,3208,6165645.86,3.79,3.31,0.62,1.07,6.52,3.47,2.3,-0.64,-1.34,0.11,0.43,0.85,1.34,1.18,18.9,18.71,19.48,20.0,1.29,2.12,1.96,8.36,9.5,7.38,5.73,6.76,5.16,4.75
2011-02-11,002370,19.37,19.48,19.62,19.2,3095,6000045.53,2.17,0.57,0.11,1.03,0.89,-0.26,-3.12,-3.8,-2.4,-2.08,-1.67,-1.2,-1.35,1.2,19.06,18.77,19.41,19.91,1.54,1.39,7.75,8.88,6.78,5.13,6.16,4.57,4.16,3.95
2011-02-14,002370,19.5,19.57,19.78,19.43,4899,9588867.51,1.8,0.46,0.09,1.63,-1.44,-4.27,-4.94,-3.55,-3.24,-2.83,-2.37,-2.52,0.0,0.98,19.2,18.87,19.36,19.84,0.92,7.26,8.38,6.29,4.65,5.67,4.09,3.68,3.47,4.7
2011-02-15,002370,19.67,19.54,19.75,19.45,6058,11863856.39,1.53,-0.15,-0.03,2.02,-4.37,-5.04,-3.65,-3.34,-2.93,-2.47,-2.62,-0.1,0.87,1.7,19.34,19.0,19.33,19.8,7.42,8.55,6.45,4.81,5.83,4.25,3.84,3.63,4.86,5.12
2011-02-16,002370,19.54,20.96,20.99,19.42,19224,38819531.97,8.03,7.27,1.42,6.41,-4.89,-3.5,-3.19,-2.78,-2.32,-2.47,0.05,1.03,1.85,1.7,19.78,19.26,19.3,19.83,1.19,-0.76,-2.29,-1.34,-2.81,-3.2,-3.39,-2.24,-2.0,-1.77
2011-02-17,002370,20.77,20.8,21.21,20.46,23529,49131914.94,3.58,-0.76,-0.16,7.84,-8.41,-8.11,-7.72,-7.28,-7.43,-5.03,-4.11,-3.32,-3.47,2.59,20.07,19.48,19.27,19.83,0.0,-1.54,-0.58,-2.07,-2.45,-2.64,-1.49,-1.25,-1.01,-0.77
2011-02-18,002370,20.8,20.28,20.8,20.19,7873,16033587.82,2.93,-2.5,-0.52,2.62,-6.88,-6.49,-6.04,-6.19,-3.76,-2.82,-2.03,-2.18,3.96,5.05,20.23,19.64,19.28,19.83,0.99,1.97,0.44,0.05,-0.15,1.04,1.28,1.53,1.78,-0.25
2011-02-21,002370,20.15,20.45,20.48,20.01,4866,9906067.6,2.32,0.84,0.17,1.62,-5.65,-5.2,-5.35,-2.9,-1.95,-1.15,-1.3,4.9,6.0,3.95,20.41,19.8,19.34,19.81,1.12,-0.39,-0.78,-0.98,0.2,0.44,0.68,0.93,-1.08,0.0
2011-02-22,002370,20.44,19.94,20.68,19.94,6808,13827162.22,3.62,-2.49,-0.51,2.27,-4.86,-5.02,-2.56,-1.6,-0.8,-0.95,5.27,6.37,4.31,2.71,20.49,19.91,19.36,19.77,2.16,1.76,1.55,2.76,3.01,3.26,3.51,1.45,2.56,4.31
2011-02-23,002370,19.9,20.22,20.37,19.8,3426,6896401.54,2.86,1.4,0.28,1.14,-4.34,-1.87,-0.91,-0.1,-0.25,6.01,7.12,5.05,3.43,4.44,20.34,20.06,19.38,19.73,0.35,0.15,1.34,1.58,1.83,2.08,0.05,1.14,2.87,6.92
2011-02-24,002370,20.28,20.28,20.29,20.02,3937,7962080.19,1.34,0.3,0.06,1.31,-2.95,-2.0,-1.2,-1.35,4.85,5.94,3.9,2.3,3.3,1.75,20.23,20.15,19.43,19.71,-0.15,1.04,1.28,1.53,1.78,-0.25,0.84,2.56,6.61,5.42
2011-02-25,002370,20.2,20.01,20.25,19.85,6425,12850935.85,1.97,-1.33,-0.27,2.14,-1.16,-0.35,-0.5,5.74,6.85,4.79,3.17,4.18,2.62,2.22,20.18,20.2,19.49,19.67,2.4,2.65,2.9,3.15,1.1,2.2,3.95,8.05,6.85,6.7
2011-02-28,002370,20.02,20.45,20.49,20.0,7609,15512407.52,2.45,2.2,0.44,2.54,-1.1,-1.25,4.95,6.05,4.0,2.4,3.4,1.85,1.45,1.25,20.18,20.29,19.58,19.67,0.44,0.68,0.93,-1.08,0.0,1.71,5.72,4.55,4.4,4.94
2011-03-01,002370,20.45,20.33,20.54,20.21,5449,11106241.25,1.61,-0.59,-0.12,1.82,-2.28,3.86,4.95,2.92,1.34,2.33,0.79,0.4,0.2,1.39,20.26,20.37,19.69,19.67,1.28,1.52,-0.49,0.59,2.31,6.35,5.16,5.02,5.56,4.92
2011-03-02,002370,20.41,20.45,20.59,20.26,5206,10617436.88,1.62,0.59,0.12,1.74,3.6,4.69,2.67,1.09,2.07,0.54,0.15,-0.05,1.14,1.38,20.3,20.32,19.79,19.64,0.93,-1.08,0.0,1.71,5.72,4.55,4.4,4.94,4.3,2.64
2011-03-03,002370,20.6,20.0,20.64,20.0,5337,10815595.45,3.13,-2.2,-0.45,1.78,6.05,4.0,2.4,3.4,1.85,1.45,1.25,2.45,2.7,2.95,20.25,20.24,19.86,19.6,1.15,2.25,4.0,8.1,6.9,6.75,7.3,6.65,4.95,3.75
2011-03-04,002370,20.0,20.16,20.23,19.9,5028,10086686.01,1.65,0.8,0.16,1.68,4.52,2.91,3.92,2.36,1.96,1.76,2.96,3.22,3.47,3.72,20.28,20.23,19.94,19.6,1.44,3.17,7.24,6.05,5.9,6.45,5.8,4.12,2.93,0.69
2011-03-07,002370,20.26,20.35,20.45,20.23,4822,9796179.04,1.09,0.94,0.19,1.61,1.24,2.22,0.69,0.3,0.1,1.29,1.53,1.78,2.03,0.0,20.26,20.22,20.01,19.63,2.21,6.24,5.06,4.91,5.45,4.82,3.14,1.97,-0.25,0.34
2011-03-08,002370,20.35,20.68,20.8,20.0,9556,19687698.77,3.93,1.62,0.33,3.19,3.4,1.85,1.45,1.25,2.45,2.7,2.95,3.2,1.15,2.25,20.33,20.29,20.1,19.67,4.55,3.38,3.24,3.77,3.14,1.5,0.34,-1.84,-1.26,-1.35
2011-03-09,002370,20.6,21.54,21.62,20.4,24385,51490589.22,5.9,4.16,0.86,8.13,-0.15,-0.54,-0.74,0.44,0.69,0.93,1.18,-0.83,0.25,1.96,20.55,20.42,20.24,19.73,-0.74,-0.88,-0.37,-0.97,-2.55,-3.67,-5.76,-5.2,-5.29,-4.32
2011-03-10,002370,21.38,21.12,21.38,20.79,16306,34274758.08,2.74,-1.95,-0.42,5.44,-2.41,-2.6,-1.44,-1.2,-0.96,-0.72,-2.69,-1.64,0.05,3.99,20.77,20.51,20.33,19.79,1.09,1.61,0.99,-0.62,-1.75,-3.88,-3.31,-3.41,-2.41,-1.89
2011-03-11,002370,21.3,21.17,21.35,20.75,17468,36872838.83,2.84,0.24,0.05,5.82,-2.41,-1.25,-1.01,-0.77,-0.53,-2.51,-1.45,0.24,4.19,3.04,20.97,20.62,20.41,19.87,1.37,0.76,-0.85,-1.98,-4.11,-3.54,-3.64,-2.65,-2.13,-1.84
2011-03-14,002370,20.88,21.24,21.46,20.77,23601,50071654.47,3.26,0.33,0.07,7.87,-1.35,-1.11,-0.87,-0.63,-2.6,-1.54,0.14,4.09,2.94,2.79,21.15,20.7,20.5,19.95,0.42,-1.18,-2.31,-4.43,-3.86,-3.95,-2.97,-2.45,-2.17,-2.45
2011-03-15,002370,21.32,20.89,21.33,20.6,13846,29007823.56,3.44,-1.65,-0.35,4.62,-0.29,-0.05,0.19,-1.8,-0.73,0.97,4.95,3.79,3.64,4.17,21.19,20.76,20.57,20.04,0.48,-0.67,-2.82,-2.25,-2.35,-1.34,-0.81,-0.53,-0.81,-1.77
2011-03-16,002370,20.9,20.82,20.99,20.69,8344,17367813.35,1.44,-0.34,-0.07,1.82,-0.48,-0.24,-2.22,-1.16,0.53,4.49,3.33,3.19,3.72,3.09,21.05,20.8,20.56,20.12,-0.34,-2.5,-1.92,-2.02,-1.01,-0.48,-0.19,-0.48,-1.44,-2.07
2011-03-17,002370,20.75,20.06,20.75,20.06,9247,18847879.46,3.31,-3.65,-0.76,2.01,2.89,0.85,1.94,3.69,7.78,6.58,6.43,6.98,6.33,4.64,20.84,20.8,20.52,20.18,1.2,1.79,1.69,2.74,3.29,3.59,3.29,2.29,1.65,0.95
2011-03-18,002370,20.2,20.18,20.3,20.1,4743,9581224.37,1.0,0.6,0.12,1.03,0.65,1.74,3.48,7.56,6.37,6.22,6.77,6.12,4.43,3.23,20.64,20.8,20.52,20.23,1.19,1.09,2.13,2.68,2.97,2.68,1.68,1.04,0.35,-0.99
2011-03-21,002370,20.11,20.2,20.42,20.11,4514,9142682.34,1.54,0.1,0.02,0.98,1.69,3.43,7.51,6.32,6.17,6.71,6.07,4.38,3.18,0.94,20.43,20.79,20.5,20.27,0.99,2.03,2.57,2.87,2.57,1.58,0.94,0.25,-1.09,-0.3
2011-03-22,002370,20.25,20.3,20.4,20.1,3793,7668694.95,1.49,0.5,0.1,0.83,3.48,7.56,6.37,6.22,6.77,6.12,4.43,3.23,1.0,1.59,20.31,20.75,20.52,20.32,1.53,2.07,2.36,2.07,1.08,0.44,-0.25,-1.58,-0.79,1.48
2011-03-23,002370,20.32,20.55,20.61,20.16,5559,11363802.13,2.22,1.23,0.25,1.21,7.24,6.05,5.9,6.45,5.8,4.12,2.93,0.69,1.29,1.19,20.26,20.65,20.54,20.38,0.83,1.12,0.83,-0.15,-0.78,-1.46,-2.77,-2.0,0.24,0.92
2011-03-24,002370,20.58,20.6,20.72,20.48,5799,11956717.98,1.17,0.24,0.05,1.26,4.39,4.25,4.79,4.15,2.49,1.32,-0.88,-0.29,-0.39,0.63,20.37,20.6,20.55,20.42,0.87,0.58,-0.39,-1.02,-1.7,-3.01,-2.23,0.0,0.68,4.76
2011-03-25,002370,20.51,20.46,20.78,20.41,6618,13594022.75,1.8,-0.68,-0.14,1.44,4.61,5.14,4.51,2.84,1.67,-0.54,0.05,-0.05,0.98,1.52,20.42,20.53,20.58,20.45,1.27,0.29,-0.34,-1.03,-2.35,-1.56,0.68,1.37,5.47,5.18
2011-03-28,002370,20.47,20.55,20.72,20.41,5687,11696241.06,1.52,0.44,0.09,1.24,5.14,4.51,2.84,1.67,-0.54,0.05,-0.05,0.98,1.52,1.81,20.49,20.46,20.58,20.49,-0.15,-0.78,-1.46,-2.77,-2.0,0.24,0.92,5.01,4.72,4.87
2011-03-29,002370,20.52,20.21,20.52,20.2,6739,13680823.76,1.56,-1.65,-0.34,1.47,5.59,3.91,2.72,0.5,1.09,0.99,2.03,2.57,2.87,2.57,20.47,20.39,20.58,20.51,0.89,0.2,-1.14,-0.35,1.93,2.62,6.78,6.48,6.63,8.31
2011-03-30,002370,20.21,20.15,20.39,20.1,3496,7067087.63,1.43,-0.3,-0.06,0.76,4.43,3.23,1.0,1.59,1.49,2.54,3.08,3.38,3.08,2.09,20.39,20.33,20.56,20.48,0.5,-0.84,-0.05,2.23,2.93,7.1,6.8,6.95,8.64,9.08
2011-03-31,002370,20.1,19.63,20.25,19.58,4254,8497876.1,3.33,-2.58,-0.52,0.93,5.98,3.68,4.29,4.19,5.26,5.82,6.13,5.82,4.8,4.14,20.2,20.28,20.54,20.44,1.78,2.6,4.94,5.65,9.93,9.63,9.78,11.51,11.97,12.99
2011-04-01,002370,19.68,19.93,19.98,19.64,1849,3668759.68,1.73,1.53,0.3,0.4,3.36,3.97,3.87,4.94,5.5,5.8,5.5,4.48,3.82,3.11,20.09,20.26,20.53,20.43,1.05,3.36,4.06,8.28,7.98,8.13,9.83,10.29,11.29,7.88
2011-04-06,002370,19.93,19.92,20.14,19.86,3883,7765327.41,1.4,-0.05,-0.01,0.85,2.82,2.72,3.78,4.33,4.63,4.33,3.32,2.67,1.96,0.6,19.97,20.23,20.51,20.41,3.41,4.12,8.33,8.03,8.18,9.89,10.34,11.35,7.93,9.79
2011-04-07,002370,20.02,20.51,20.6,20.0,5065,10319688.49,3.01,2.96,0.59,1.1,2.0,3.05,3.6,3.9,3.6,2.6,1.95,1.25,-0.1,0.7,20.03,20.25,20.5,20.43,1.12,5.22,4.92,5.07,6.73,7.17,8.14,4.83,6.63,10.53
2011-04-08,002370,20.65,20.68,20.74,20.34,6038,12437684.06,1.95,0.83,0.17,1.31,1.33,1.87,2.16,1.87,0.88,0.25,-0.44,-1.77,-0.98,1.28,20.13,20.26,20.46,20.45,4.35,4.06,4.21,5.85,6.29,7.25,3.97,5.75,9.62,7.69
2011-04-11,002370,20.88,21.31,21.58,20.68,41999,89042222.22,4.35,3.05,0.63,9.14,0.19,0.48,0.19,-0.77,-1.4,-2.08,-3.38,-2.61,-0.39,0.29,20.47,20.34,20.47,20.48,0.99,1.13,2.72,3.14,4.08,0.89,2.63,6.38,4.5,3.24
2011-04-12,002370,21.2,21.16,21.52,20.88,14796,31339362.64,3.0,-0.7,-0.15,3.22,-0.48,-0.77,-1.72,-2.35,-3.02,-4.31,-3.54,-1.34,-0.67,3.35,20.72,20.4,20.47,20.52,1.84,3.45,3.88,4.82,1.61,3.36,7.14,5.25,3.97,1.61
2011-04-13,002370,21.01,21.47,21.55,21.0,10363,22144205.84,2.6,1.47,0.31,2.26,-1.33,-2.29,-2.9,-3.57,-4.86,-4.1,-1.9,-1.24,2.76,2.48,21.03,20.5,20.48,20.55,1.96,2.38,3.31,0.14,1.86,5.59,3.73,2.47,0.14,-0.42
2011-04-14,002370,21.46,21.38,21.89,21.33,11275,24365115.3,2.61,-0.42,-0.09,2.45,-3.8,-4.41,-5.06,-6.33,-5.58,-3.42,-2.77,1.17,0.89,1.03,21.2,20.61,20.5,20.59,2.81,3.74,0.56,2.29,6.03,4.16,2.9,0.56,0.0,-1.17
2011-04-15,002370,21.6,21.81,21.98,21.37,20843,45224434.77,2.85,2.01,0.43,4.54,-4.59,-5.24,-6.5,-5.76,-3.6,-2.95,0.98,0.7,0.84,2.43,21.43,20.78,20.55,20.63,1.7,-1.42,0.28,3.94,2.11,0.87,-1.42,-1.97,-3.12,-5.82
2011-04-18,002370,21.88,21.62,22.18,21.48,11084,24047018.06,3.21,-0.87,-0.19,2.41,-5.73,-6.98,-6.24,-4.1,-3.45,0.47,0.19,0.33,1.91,2.33,21.49,20.98,20.63,20.69,-0.56,1.16,4.86,3.01,1.76,-0.56,-1.11,-2.27,-5.0,-3.33
2011-04-19,002370,21.5,21.2,21.5,21.12,7080,15045402.01,1.76,-1.94,-0.42,1.54,-5.4,-4.64,-2.46,-1.8,2.18,1.89,2.04,3.65,4.07,5.02,21.5,21.11,20.68,20.72,3.16,6.93,5.05,3.77,1.42,0.85,-0.33,-3.11,-1.42,-1.42
2011-04-20,002370,21.2,21.7,21.87,21.11,8191,17609059.14,3.58,2.36,0.5,1.78,-4.59,-2.42,-1.75,2.23,1.94,2.08,3.69,4.12,5.07,1.85,21.54,21.28,20.76,20.77,4.47,2.63,1.38,-0.92,-1.47,-2.63,-5.35,-3.69,-3.69,-2.76
2011-04-21,002370,21.78,22.04,22.67,21.78,16962,37842326.29,4.1,1.57,0.34,3.69,-5.42,-4.78,-0.92,-1.19,-1.06,0.51,0.92,1.84,-1.29,0.41,21.67,21.44,20.84,20.81,1.04,-0.18,-2.45,-2.99,-4.13,-6.81,-5.17,-5.17,-4.26,-3.81
2011-04-22,002370,22.1,21.89,22.27,21.85,8861,19527020.38,1.91,-0.68,-0.15,1.93,-5.08,-1.24,-1.51,-1.37,0.18,0.59,1.51,-1.6,0.09,3.75,21.69,21.56,20.91,20.82,0.5,-1.78,-2.33,-3.47,-6.17,-4.52,-4.52,-3.61,-3.15,-2.06
2011-04-25,002370,21.73,21.3,22.0,21.25,7030,15102115.83,3.43,-2.7,-0.59,1.53,1.55,1.27,1.41,3.01,3.44,4.38,1.18,2.92,6.68,4.8,21.63,21.56,20.95,20.83,0.94,0.38,-0.8,-3.57,-1.88,-1.88,-0.94,-0.47,0.66,2.25
2011-04-26,002370,21.3,21.05,21.5,21.03,4236,8973739.67,2.21,-1.17,-0.25,0.92,2.33,2.47,4.09,4.52,5.47,2.23,3.99,7.8,5.9,4.61,21.6,21.55,20.98,20.83,1.57,0.38,-2.42,-0.71,-0.71,0.24,0.71,1.85,3.47,3.85
2011-04-27,002370,21.08,20.9,21.38,20.8,4213,8905122.78,2.76,-0.71,-0.15,0.92,3.61,5.24,5.67,6.63,3.37,5.14,8.99,7.07,5.77,3.37,21.44,21.49,20.99,20.82,1.1,-1.72,0.0,0.0,0.96,1.44,2.58,4.21,4.59,3.78
2011-04-28,002370,21.0,20.1,21.13,20.0,4950,10259833.0,5.41,-3.83,-0.8,1.08,9.45,9.9,10.9,7.5,9.35,13.35,11.35,10.0,7.5,6.9,21.05,21.36,20.99,20.79,2.19,3.98,3.98,4.98,5.47,6.67,8.36,8.76,7.91,8.31
2011-04-29,002370,20.1,20.53,20.54,20.0,4378,8854909.04,2.69,2.14,0.43,0.95,9.9,10.9,7.5,9.35,13.35,11.35,10.0,7.5,6.9,5.65,20.78,21.23,21.01,20.78,1.8,1.8,2.78,3.26,4.43,6.09,6.48,5.65,6.04,6.23
2011-05-03,002370,20.61,20.73,20.9,20.12,2811,5761847.12,3.8,0.97,0.2,0.61,10.24,6.86,8.7,12.67,10.69,9.34,6.86,6.26,5.02,2.09,20.66,21.14,21.06,20.8,0.82,1.78,2.27,3.42,5.07,5.45,4.63,5.02,5.21,5.98
2011-05-04,002370,20.75,20.7,20.9,20.5,3809,7891769.24,1.93,-0.14,-0.03,0.83,4.88,6.68,10.59,8.63,7.32,4.88,4.29,3.07,0.2,1.95,20.59,21.09,21.1,20.82,1.93,2.42,3.57,5.22,5.6,4.78,5.17,5.36,6.14,6.04
2011-05-05,002370,20.56,20.9,21.1,20.51,3348,6967502.49,2.85,0.97,0.2,0.73,6.63,10.53,8.58,7.26,4.83,4.24,3.02,0.15,1.9,1.9,20.59,21.01,21.15,20.84,1.44,2.58,4.21,4.59,3.78,4.16,4.35,5.12,5.02,2.54
2011-05-06,002370,20.65,21.05,21.2,20.65,3835,8064000.34,2.63,0.72,0.15,0.83,9.78,7.85,6.54,4.12,3.54,2.32,-0.53,1.21,1.21,2.18,20.78,20.92,21.18,20.87,1.85,3.47,3.85,3.04,3.42,3.61,4.37,4.28,1.81,0.19
2011-05-10,002370,21.12,20.91,21.44,20.82,3856,8150791.18,2.95,-0.67,-0.14,0.84,6.96,5.67,3.27,2.69,1.49,-1.34,0.38,0.38,1.34,1.83,20.86,20.82,21.19,20.88,4.16,4.54,3.73,4.11,4.3,5.07,4.97,2.49,0.86,-2.06
2011-05-11,002370,21.0,21.54,21.78,21.0,7463,16019471.73,3.73,3.01,0.63,1.62,4.76,2.38,1.81,0.62,-2.19,-0.48,-0.48,0.48,0.95,2.1,21.02,20.84,21.2,20.91,1.49,0.7,1.07,1.25,2.0,1.9,-0.51,-2.09,-4.92,-6.41
2011-05-12,002370,21.4,21.29,21.86,21.28,7529,16226646.13,2.69,-1.16,-0.25,1.64,1.03,0.47,-0.7,-3.48,-1.79,-1.79,-0.85,-0.38,0.75,2.35,21.14,20.86,21.21,20.94,1.88,2.25,2.44,3.19,3.1,0.66,-0.94,-3.8,-5.31,-8.45
2011-05-13,002370,21.29,21.43,21.69,21.23,4088,8731986.94,2.16,0.66,0.14,0.89,0.71,-0.47,-3.25,-1.55,-1.55,-0.61,-0.14,0.99,2.59,2.97,21.24,20.92,21.2,20.97,1.59,1.77,2.52,2.43,0.0,-1.59,-4.43,-5.93,-9.05,-10.45
2011-05-16,002370,21.47,21.4,21.77,21.2,3327,7139887.0,2.66,-0.14,-0.03,0.72,-0.33,-3.11,-1.42,-1.42,-0.47,0.0,1.13,2.74,3.11,2.31,21.31,21.05,21.2,21.01,1.92,2.66,2.57,0.14,-1.45,-4.3,-5.79,-8.93,-10.33,-11.78
2011-05-17,002370,21.36,21.76,21.81,21.18,9167,19829566.02,2.94,1.68,0.36,2.0,-3.02,-1.32,-1.32,-0.38,0.09,1.23,2.83,3.21,2.41,2.79,21.48,21.17,21.2,21.06,0.97,0.87,-1.52,-3.08,-5.88,-7.35,-10.43,-11.81,-13.24,-12.27
2011-05-18,002370,21.75,21.79,21.97,21.45,8058,17526455.53,2.39,0.14,0.03,1.75,-2.56,-2.56,-1.63,-1.17,-0.05,1.54,1.91,1.12,1.49,1.68,21.53,21.28,21.21,21.13,0.73,-1.65,-3.21,-6.01,-7.48,-10.56,-11.93,-13.35,-12.39,-12.21
2011-05-19,002370,21.86,21.37,21.95,21.34,4706,10156573.55,2.8,-1.93,-0.42,1.02,-2.06,-1.12,-0.66,0.47,2.06,2.44,1.64,2.01,2.2,2.95,21.55,21.34,21.22,21.18,0.28,-1.31,-4.16,-5.66,-8.8,-10.2,-11.65,-10.67,-10.48,-11.14
2011-05-20,002370,21.3,20.98,21.43,20.9,5614,11829010.03,2.48,-1.82,-0.39,1.22,0.96,1.44,2.58,4.21,4.59,3.78,4.16,4.35,5.12,5.02,21.46,21.35,21.18,21.22,0.52,-2.38,-3.91,-7.1,-8.53,-10.01,-9.01,-8.82,-9.49,-9.39
2011-05-23,002370,20.98,20.36,21.09,20.3,4441,9199679.95,3.77,-2.96,-0.62,0.97,4.43,5.62,7.29,7.68,6.85,7.24,7.44,8.23,8.13,5.57,21.25,21.28,21.1,21.21,0.59,-0.98,-4.27,-5.75,-7.27,-6.24,-6.04,-6.73,-6.63,-3.73
2011-05-24,002370,20.33,20.12,20.48,19.7,4754,9496025.47,3.83,-1.18,-0.24,1.03,8.83,10.56,10.96,10.1,10.51,10.71,11.52,11.42,8.78,7.06,20.92,21.2,21.01,21.19,0.2,-3.13,-4.62,-6.16,-5.12,-4.92,-5.62,-5.52,-2.58,-2.09
2011-05-25,002370,20.12,19.2,20.16,19.0,5269,10343442.72,5.77,-4.57,-0.92,1.15,14.63,15.05,14.16,14.58,14.79,15.63,15.53,12.79,11.0,7.79,20.41,20.97,20.91,21.12,1.51,-0.05,-1.67,-0.57,-0.36,-1.09,-0.99,2.08,2.6,8.85
2011-05-26,002370,19.45,19.15,19.49,18.97,3080,5911711.32,2.71,-0.26,-0.05,0.67,15.23,14.34,14.76,14.97,15.81,15.71,12.97,11.18,7.96,6.27,19.96,20.76,20.81,21.06,0.21,-1.41,-0.31,-0.1,-0.84,-0.73,2.35,2.87,9.14,18.28
2011-05-27,002370,19.15,18.64,19.19,18.6,3585,6752426.16,3.08,-2.66,-0.51,0.78,16.61,17.04,17.26,18.12,18.01,15.22,13.39,10.11,8.39,4.78,19.49,20.48,20.7,20.96,1.29,2.41,2.63,1.88,1.98,5.15,5.69,12.12,21.51,15.18
2011-05-30,002370,18.64,18.55,18.88,18.5,2080,3889053.4,2.04,-0.48,-0.09,0.45,17.68,17.89,18.76,18.65,15.84,14.0,10.7,8.97,5.35,3.73,19.13,20.19,20.62,20.87,2.91,3.13,2.37,2.48,5.66,6.2,12.67,22.1,15.74,13.75
2011-05-31,002370,18.6,18.95,19.09,18.4,3758,7052420.1,3.72,2.16,0.4,0.82,18.53,19.4,19.29,16.47,14.62,11.3,9.57,5.92,4.29,2.61,18.9,19.91,20.54,20.77,0.95,0.21,0.32,3.43,3.96,10.29,19.53,13.3,11.35,9.76
2011-06-01,002370,18.94,19.0,19.13,18.73,3020,5723102.75,2.11,0.26,0.05,0.66,17.3,17.19,14.42,12.6,9.34,7.63,4.06,2.46,0.8,1.92,18.86,19.63,20.45,20.68,-0.05,0.05,3.16,3.68,10.0,19.21,13.0,11.05,9.47,8.16
2011-06-02,002370,18.99,18.64,18.99,18.37,4317,8040122.2,3.26,-1.89,-0.36,0.94,19.49,16.66,14.81,11.49,9.74,6.1,4.46,2.78,3.92,4.14,18.76,19.36,20.35,20.6,1.98,5.15,5.69,12.12,21.51,15.18,13.2,11.59,10.25,9.71
2011-06-03,002370,18.8,18.98,19.01,18.7,3620,6813350.49,1.66,1.82,0.34,0.79,14.6,12.78,9.52,7.81,4.22,2.62,0.96,2.09,2.3,1.55,18.82,19.16,20.26,20.51,3.27,3.79,10.12,19.34,13.12,11.17,9.59,8.27,7.74,1.95
2011-06-07,002370,18.91,19.39,19.6,18.91,5019,9754264.87,3.64,2.16,0.41,1.09,11.53,8.3,6.61,3.07,1.48,-0.16,0.95,1.16,0.42,0.53,18.99,19.06,20.17,20.42,1.6,7.79,16.81,10.73,8.82,7.27,5.98,5.47,-0.21,-0.83
2011-06-08,002370,19.43,19.6,19.7,19.0,6112,11817579.74,3.61,1.08,0.21,1.33,7.79,6.11,2.58,1.0,-0.63,0.47,0.68,-0.05,0.05,3.16,19.12,19.01,20.11,20.34,6.63,15.56,9.54,7.65,6.12,4.85,4.34,-1.28,-1.89,4.03
2011-06-09,002370,19.6,20.8,20.9,19.45,13233,26689759.12,7.4,6.12,1.2,2.88,3.65,0.21,-1.34,-2.93,-1.85,-1.65,-2.37,-2.26,0.77,1.29,19.48,19.17,20.07,20.33,8.89,3.22,1.44,0.0,-1.2,-1.68,-6.97,-7.55,-1.97,-3.37
2011-06-10,002370,20.78,21.72,22.65,20.0,40030,85488628.2,12.74,4.42,0.92,8.72,-2.55,-4.05,-5.6,-4.55,-4.35,-5.05,-4.95,-2.0,-1.5,4.5,20.1,19.43,20.09,20.35,-1.15,-2.85,-4.24,-5.39,-5.85,-10.91,-11.46,-6.12,-7.46,-5.39
2011-06-13,002370,20.9,20.6,21.47,20.01,14321,29424662.17,6.72,-5.16,-1.12,3.12,-4.1,-5.65,-4.6,-4.4,-5.1,-5.0,-2.05,-1.55,4.45,13.19,20.42,19.62,20.05,20.34,2.43,0.97,-0.24,-0.73,-6.07,-6.65,-1.02,-2.43,-0.24,1.36
2011-06-14,002370,20.44,20.67,21.1,20.35,12429,25688772.09,3.64,0.34,0.07,2.71,-7.22,-6.19,-6.0,-6.68,-6.58,-3.69,-3.19,2.7,11.3,5.5,20.68,19.83,20.01,20.36,0.63,-0.58,-1.06,-6.39,-6.97,-1.35,-2.76,-0.58,1.02,0.87
2011-06-15,002370,20.44,20.46,20.8,20.39,6101,12529731.72,1.98,-1.02,-0.21,1.33,-6.38,-6.18,-6.87,-6.77,-3.87,-3.38,2.5,11.08,5.3,3.48,20.85,19.99,19.95,20.36,0.44,-0.05,-5.43,-6.01,-0.34,-1.76,0.44,2.05,1.91,3.57
2011-06-16,002370,20.21,20.21,20.55,20.11,4285,8731881.79,2.15,-1.22,-0.25,0.93,-4.87,-5.57,-5.47,-2.54,-2.04,3.93,12.63,6.76,4.92,3.43,20.73,20.11,19.87,20.34,1.19,-4.26,-4.85,0.89,-0.54,1.68,3.32,3.17,4.85,2.92
2011-06-17,002370,20.4,19.26,20.45,19.18,7167,14026144.65,6.28,-4.7,-0.95,1.56,-0.99,-0.89,2.19,2.71,8.97,18.09,11.94,10.01,8.45,7.14,20.24,20.17,19.76,20.29,0.47,-0.16,5.87,4.36,6.7,8.41,8.26,10.02,8.0,12.1
2011-06-20,002370,19.3,18.9,19.35,18.81,2987,5686303.53,2.8,-1.87,-0.36,0.65,1.06,4.2,4.73,11.11,20.41,14.14,12.17,10.58,9.25,8.72,19.9,20.16,19.66,20.22,1.75,7.88,6.35,8.73,10.48,10.32,12.12,10.05,14.23,18.89
2011-06-21,002370,19.09,19.05,19.23,18.65,3510,6646468.42,3.07,0.79,0.15,0.76,5.09,5.63,12.06,21.45,15.12,13.14,11.53,10.19,9.65,3.75,19.58,20.13,19.59,20.16,7.03,5.51,7.87,9.61,9.45,11.23,9.19,13.33,17.95,20.0
2011-06-22,002370,19.06,19.86,20.39,18.98,8071,15924219.08,7.4,4.25,0.81,1.76,3.79,10.12,19.34,13.12,11.17,9.59,8.27,7.74,1.95,1.32,19.46,20.15,19.58,20.12,1.21,3.47,5.14,4.98,6.7,4.73,8.71,13.14,15.11,-29.56
2011-06-23,002370,19.61,19.98,20.1,19.61,4986,9909767.71,2.47,0.6,0.12,1.09,6.58,15.5,9.48,7.6,6.07,4.79,4.28,-1.33,-1.94,3.98,19.41,20.07,19.62,20.07,2.85,4.5,4.35,6.06,4.1,8.06,12.46,14.41,-29.98,-30.63
2011-06-24,002370,19.96,20.42,20.55,19.78,6242,12689800.23,3.85,2.2,0.44,1.36,14.51,8.54,6.67,5.16,3.89,3.39,-2.17,-2.78,3.08,1.62,19.64,19.94,19.68,20.04,2.25,2.11,3.77,1.86,5.73,10.04,11.95,-31.49,-32.13,-33.89
2011-06-27,002370,20.42,20.6,20.88,20.4,5782,11918442.32,2.35,0.88,0.18,1.26,5.25,3.43,1.96,0.74,0.25,-5.15,-5.74,-0.05,-1.47,0.74,19.98,19.94,19.78,20.01,1.21,2.86,0.97,4.81,9.08,10.97,-32.09,-32.72,-34.47,-33.11
2011-06-28,002370,20.65,20.7,20.85,20.45,4689,9665258.67,1.94,0.49,0.1,1.02,3.18,1.71,0.49,0.0,-5.38,-5.97,-0.29,-1.71,0.49,2.1,20.31,19.94,19.89,19.99,2.37,0.48,4.3,8.55,10.43,-32.42,-33.04,-34.78,-33.43,-35.31
2011-06-29,002370,21.0,20.8,21.19,20.62,7312,15184497.8,2.75,0.48,0.1,1.59,0.87,-0.34,-0.82,-6.16,-6.74,-1.12,-2.52,-0.34,1.26,1.12,20.5,19.98,19.98,19.96,0.0,3.8,8.03,9.9,-32.74,-33.37,-35.1,-33.75,-35.62,-33.56
2011-06-30,002370,20.78,20.73,20.8,20.41,5860,12132168.48,1.88,-0.34,-0.07,1.28,0.69,0.2,-5.19,-5.78,-0.1,-1.52,0.69,2.3,2.16,3.82,20.65,20.03,20.07,19.92,4.15,8.39,10.27,-32.51,-33.14,-34.88,-33.53,-35.41,-33.33,-26.77
2011-07-01,002370,20.74,21.43,21.59,20.74,14636,31161459.92,4.1,3.38,0.7,3.19,-1.4,-6.7,-7.28,-1.69,-3.09,-0.92,0.68,0.53,2.17,0.29,20.85,20.25,20.21,19.92,4.85,6.67,-34.72,-35.32,-37.0,-35.7,-37.52,-35.51,-29.16,-27.67
2011-07-04,002370,21.79,22.44,22.47,21.5,26792,59083972.95,4.53,4.71,1.01,5.83,-10.0,-10.56,-5.16,-6.51,-4.42,-2.88,-3.02,-1.44,-3.26,0.42,21.22,20.6,20.38,19.97,1.87,-37.66,-38.24,-39.84,-38.59,-40.33,-38.41,-32.35,-30.93,-29.14
2011-07-05,002370,22.7,22.6,22.86,22.1,26071,58444473.97,3.39,0.71,0.16,5.68,-12.99,-7.74,-9.05,-7.01,-5.52,-5.66,-4.12,-5.88,-2.31,1.67,21.6,20.96,20.54,20.05,-38.1,-38.67,-40.27,-39.03,-40.75,-38.85,-32.83,-31.42,-29.65,-33.58
2011-07-06,002370,13.3,13.47,13.99,12.82,46156,61250729.66,5.18,-40.4,-9.13,5.91,59.05,56.79,60.3,62.87,62.64,65.29,62.25,68.41,75.27,78.32,20.13,20.32,20.24,19.83,2.9,0.22,2.3,-0.59,2.6,12.69,15.07,18.04,11.43,13.59
2011-07-07,002370,13.41,13.53,13.86,13.21,62725,85221942.34,4.83,0.45,0.06,8.03,52.16,55.56,58.06,57.83,60.41,57.46,63.44,70.1,73.05,5.9,18.69,19.67,19.87,19.64,-0.22,1.85,-1.03,2.14,12.2,14.56,17.52,10.94,13.08,12.2
2011-07-08,002370,13.5,13.12,13.5,12.9,40981,53872468.83,4.43,-3.03,-0.41,5.25,59.3,61.86,61.63,64.26,61.24,67.36,74.19,77.21,8.45,7.44,17.03,18.94,19.44,19.44,5.03,2.06,5.34,15.7,18.14,21.19,14.41,16.62,15.7,15.62
2011-07-11,002370,13.0,13.54,13.78,12.82,43201,57562848.3,7.32,3.2,0.42,5.53,62.87,62.64,65.29,62.25,68.41,75.27,78.32,9.13,8.11,5.3,15.25,18.24,19.09,19.27,-1.11,2.07,12.11,14.48,17.43,10.86,13.0,12.11,12.04,8.79
2011-07-12,002370,13.38,13.17,13.39,13.09,27409,36209612.75,2.22,-2.73,-0.37,3.51,59.28,61.88,58.9,64.94,71.66,74.64,6.88,5.88,3.13,5.27,13.37,17.48,18.71,19.09,4.94,15.26,17.69,20.73,13.97,16.17,15.26,15.19,11.85,2.05
2011-07-13,002370,13.18,13.8,13.82,13.16,49447,67041058.76,5.01,4.78,0.63,6.33,61.02,58.05,64.06,70.74,73.71,6.31,5.32,2.58,4.71,1.75,13.43,16.78,18.38,18.92,10.0,12.32,15.22,8.77,10.87,10.0,9.93,6.74,-2.61,-0.72
2011-07-14,002370,13.93,14.65,15.18,13.92,141180,208524999.22,9.13,6.16,0.85,18.08,49.43,55.1,61.42,64.22,0.5,-0.43,-3.02,-1.01,-3.81,-0.72,13.66,16.17,18.1,18.77,5.8,8.53,2.46,4.44,3.62,3.55,0.55,-8.26,-6.48,-6.69
2011-07-15,002370,14.31,15.3,15.5,14.25,107884,159914751.73,8.53,4.44,0.65,13.82,51.51,57.68,60.42,-1.82,-2.74,-5.26,-3.3,-6.04,-3.02,6.53,14.09,15.56,17.9,18.66,3.92,-1.9,0.0,-0.78,-0.85,-3.73,-12.16,-10.46,-10.65,-11.44
2011-07-18,002370,15.35,14.85,15.9,14.85,112716,173529318.81,6.86,-2.94,-0.45,14.44,51.31,53.94,-5.79,-6.67,-9.09,-7.21,-9.83,-6.94,2.22,4.38,14.35,14.8,17.7,18.52,1.08,3.03,2.22,2.15,-0.81,-9.49,-7.74,-7.95,-8.75,-9.23
2011-07-19,002370,14.84,14.7,15.01,14.5,38605,56725137.93,3.43,-1.01,-0.15,4.94,57.66,-3.52,-4.41,-6.9,-4.97,-7.66,-4.69,4.69,6.9,9.66,14.66,14.01,17.48,18.37,4.08,3.27,3.2,0.2,-8.57,-6.8,-7.01,-7.82,-8.3,-9.25
2011-07-20,002370,14.71,15.2,15.3,14.5,78767,118109411.69,5.44,3.4,0.5,10.09,-3.52,-4.41,-6.9,-4.97,-7.66,-4.69,4.69,6.9,9.66,3.52,14.94,14.19,17.25,18.22,-0.13,-0.2,-3.09,-11.58,-9.87,-10.07,-10.86,-11.32,-12.24,-11.32
2011-07-21,002370,15.06,14.86,15.18,14.81,28663,42824611.43,2.43,-2.24,-0.34,3.67,-6.41,-8.85,-6.95,-9.59,-6.68,2.5,4.66,7.36,1.35,3.31,14.98,14.32,17.0,18.02,2.09,-0.87,-9.56,-7.81,-8.01,-8.82,-9.29,-10.23,-9.29,-7.27
2011-07-22,002370,14.76,14.76,15.17,14.65,39259,58569623.37,3.5,-0.67,-0.1,5.03,-7.85,-5.94,-8.6,-5.67,3.62,5.8,8.53,2.46,4.44,3.62,14.87,14.48,16.71,17.79,-0.2,-8.94,-7.18,-7.38,-8.2,-8.67,-9.62,-8.67,-6.64,-9.89
2011-07-25,002370,14.7,13.33,14.73,13.28,67162,91790703.35,9.82,-9.69,-1.43,8.6,3.77,0.83,4.07,14.31,16.72,19.73,13.03,15.21,14.31,14.23,14.57,14.46,16.35,17.55,0.83,2.78,2.55,1.65,1.13,0.08,1.13,3.38,-0.23,-1.5
2011-07-26,002370,13.22,13.31,13.44,13.07,22104,29334402.37,2.78,-0.15,-0.02,2.83,2.45,5.74,16.14,18.59,21.65,14.84,17.06,16.14,16.07,12.7,14.29,14.48,15.98,17.3,2.93,2.7,1.8,1.28,0.23,1.28,3.53,-0.08,-1.35,-11.04
2011-07-27,002370,13.25,13.6,13.7,13.12,23566,31761019.46,4.36,2.18,0.29,3.02,5.34,15.7,18.14,21.19,14.41,16.62,15.7,15.62,12.27,2.44,13.97,14.46,15.62,17.07,0.51,-0.37,-0.88,-1.91,-0.88,1.32,-2.21,-3.46,-12.94,-11.1
2011-07-28,002370,13.4,13.41,13.67,13.33,20296,27334003.58,2.5,-1.4,-0.19,2.6,13.88,16.28,19.28,12.6,14.78,13.88,13.8,10.5,0.83,2.78,13.68,14.33,15.25,16.85,1.04,0.52,-0.52,0.52,2.76,-0.82,-2.09,-11.71,-9.84,-10.51
2011-07-29,002370,13.35,13.06,13.55,13.05,20755,27592198.08,3.73,-2.61,-0.35,2.66,18.77,21.84,15.02,17.24,16.32,16.25,12.87,2.99,4.98,4.75,13.34,14.11,14.83,16.64,3.22,2.14,3.22,5.51,1.84,0.54,-9.34,-7.43,-8.12,-4.98
2011-08-01,002370,13.12,13.34,13.48,13.07,16286,21677680.71,3.14,2.14,0.28,2.09,21.65,14.84,17.06,16.14,16.07,12.7,2.83,4.82,4.59,3.67,13.34,13.96,14.38,16.45,0.0,1.05,3.3,-0.3,-1.57,-11.24,-9.37,-10.04,-6.97,-5.55
2011-08-02,002370,13.3,13.3,13.34,13.06,15829,20894138.83,2.1,-0.3,-0.04,2.03,14.93,17.15,16.23,16.16,12.79,2.91,4.9,4.67,3.75,3.22,13.34,13.82,13.91,16.26,1.35,3.61,0.0,-1.28,-10.98,-9.1,-9.77,-6.69,-5.26,-5.71
2011-08-03,002370,13.26,13.45,13.48,13.12,16478,22031288.48,2.71,1.13,0.15,2.11,16.62,15.7,15.62,12.27,2.44,4.42,4.19,3.28,2.74,1.68,13.31,13.64,13.91,16.05,2.45,-1.12,-2.38,-11.97,-10.11,-10.78,-7.73,-6.32,-6.77,-8.18
2011-08-04,002370,13.5,13.47,13.78,13.44,20471,27781301.51,2.53,0.15,0.02,2.62,12.95,12.87,9.6,0.0,1.93,1.71,0.82,0.3,-0.74,0.3,13.32,13.5,13.91,15.83,-1.26,-2.52,-12.1,-10.24,-10.91,-7.87,-6.46,-6.9,-8.31,-8.61
2011-08-05,002370,13.09,13.13,13.3,12.6,17447,22837843.49,5.2,-2.52,-0.34,2.23,20.4,16.9,6.67,8.73,8.49,7.54,6.98,5.87,6.98,9.37,13.34,13.34,13.91,15.59,0.0,-9.82,-7.92,-8.61,-5.48,-4.04,-4.49,-5.94,-6.25,-9.37
2011-08-08,002370,13.13,11.92,13.13,11.82,28716,35389291.78,9.98,-9.22,-1.21,3.68,24.62,13.71,15.91,15.65,14.64,14.04,12.86,14.04,16.58,12.52,13.05,13.2,13.83,15.3,-0.67,1.43,0.67,4.11,5.7,5.2,3.61,3.27,-0.17,2.18
2011-08-09,002370,11.41,11.67,11.84,11.0,23510,26807616.85,7.05,-2.1,-0.25,3.01,22.18,24.55,24.27,23.18,22.55,21.27,22.55,25.27,20.91,19.36,12.73,13.03,13.76,15.0,3.6,2.83,6.34,7.97,7.46,5.83,5.48,1.97,4.37,5.31
2011-08-10,002370,11.93,11.72,12.09,11.67,19319,22965707.77,3.6,0.43,0.05,2.47,17.4,17.14,16.11,15.51,14.31,15.51,18.08,13.97,12.51,1.46,12.38,12.85,13.65,14.7,2.39,5.89,7.51,7.0,5.38,5.03,1.54,3.92,4.86,6.23
2011-08-11,002370,11.3,12.0,12.0,11.18,16932,19839265.53,7.0,2.39,0.28,2.17,22.27,21.2,20.57,19.32,20.57,23.26,18.96,17.44,5.9,8.14,12.09,12.71,13.52,14.4,3.42,5.0,4.5,2.92,2.58,-0.83,1.5,2.42,3.75,3.33
2011-08-12,002370,12.1,12.14,12.41,12.1,18792,22979693.0,2.58,1.17,0.14,2.41,11.98,11.4,10.25,11.4,13.88,9.92,8.51,-2.15,-0.08,-0.83,11.89,12.61,13.36,14.09,3.79,3.29,1.73,1.4,-1.98,0.33,1.24,2.55,2.14,4.12
2011-08-15,002370,12.2,12.45,12.6,12.15,15484,19197900.0,3.71,2.55,0.31,1.98,10.95,9.79,10.95,13.42,9.47,8.07,-2.55,-0.49,-1.23,2.14,12.0,12.52,13.24,13.76,0.72,-0.8,-1.12,-4.42,-2.17,-1.29,0.0,-0.4,1.53,0.8
2011-08-16,002370,12.54,12.35,12.54,12.26,11708,14463351.0,2.25,-0.8,-0.1,1.5,8.81,9.95,12.4,8.48,7.1,-3.43,-1.39,-2.12,1.22,2.77,12.13,12.43,13.12,13.42,0.0,-0.32,-3.64,-1.38,-0.49,0.81,0.4,2.35,1.62,1.46
2011-08-17,002370,12.26,12.22,12.35,12.15,9502,11641890.0,1.62,-1.05,-0.13,1.22,10.95,13.42,9.47,8.07,-2.55,-0.49,-1.23,2.14,3.7,3.21,12.23,12.31,12.97,13.38,0.74,-2.62,-0.33,0.57,1.88,1.47,3.44,2.7,2.54,-0.65
2011-08-18,002370,12.23,11.83,12.31,11.82,10487,12652823.0,4.01,-3.19,-0.39,1.34,16.58,12.52,11.08,0.17,2.28,1.52,4.99,6.6,6.09,4.48,12.2,12.14,12.82,13.32,0.59,2.96,3.89,5.24,4.82,6.85,6.09,5.92,2.62,0.68
2011-08-19,002370,11.52,11.84,11.9,11.3,8989,10511439.0,5.07,0.08,0.01,1.15,17.7,16.19,4.78,6.99,6.19,9.82,11.5,10.97,9.29,8.94,12.14,12.01,12.68,13.28,2.87,3.8,5.15,4.73,6.76,6.0,5.83,2.53,0.59,-0.42
2011-08-22,002370,11.85,12.06,12.18,11.8,10053,12069964.0,3.21,1.86,0.22,1.29,11.27,0.34,2.46,1.69,5.17,6.78,6.27,4.66,4.32,0.85,12.06,12.03,12.61,13.23,1.91,3.23,2.82,4.81,4.06,3.9,0.66,-1.24,-2.24,-4.23
2011-08-23,002370,12.06,12.29,12.29,12.02,10748,13089597.0,2.24,1.91,0.23,1.38,-1.5,0.58,-0.17,3.24,4.83,4.33,2.75,2.41,-1.0,1.33,12.05,12.09,12.56,13.2,1.3,0.9,2.85,2.12,1.95,-1.22,-3.09,-4.07,-6.02,-7.65
2011-08-24,002370,12.44,12.18,12.45,12.17,12307,15138651.0,2.28,-0.9,-0.11,1.58,-0.66,-1.4,1.97,3.53,3.04,1.48,1.15,-2.22,0.08,0.99,12.04,12.14,12.49,13.15,1.81,3.78,3.04,2.87,-0.33,-2.22,-3.2,-5.17,-6.81,-5.17
2011-08-25,002370,12.18,12.4,12.4,12.16,12049,14837136.0,1.97,1.81,0.22,1.54,-1.32,2.06,3.62,3.12,1.56,1.23,-2.14,0.16,1.07,2.38,12.15,12.18,12.44,13.07,1.94,1.21,1.05,-2.1,-3.95,-4.92,-6.85,-8.47,-6.85,-5.08
2011-08-26,002370,12.38,12.61,12.64,12.31,15568,19458018.0,2.66,1.69,0.21,1.99,0.81,2.36,1.87,0.32,0.0,-3.33,-1.06,-0.16,1.14,0.73,12.31,12.22,12.42,12.98,-0.48,-0.63,-3.73,-5.55,-6.5,-8.41,-9.99,-8.41,-6.66,-7.77
2011-08-29,002370,12.5,12.37,12.55,12.37,11747,14633646.0,1.43,-1.9,-0.24,1.5,1.86,1.37,-0.16,-0.49,-3.8,-1.54,-0.65,0.65,0.24,2.18,12.37,12.21,12.37,12.9,1.29,-1.86,-3.72,-4.69,-6.63,-8.25,-6.63,-4.85,-5.98,-8.25
2011-08-30,002370,12.41,12.06,12.53,12.02,11621,14327231.0,4.12,-2.51,-0.31,1.49,4.33,2.75,2.41,-1.0,1.33,2.25,3.58,3.16,5.16,4.41,12.32,12.19,12.31,12.81,0.66,-1.24,-2.24,-4.23,-5.89,-4.23,-2.4,-3.57,-5.89,-5.72
2011-08-31,002370,12.06,11.83,12.14,11.71,15883,18791273.0,3.57,-1.91,-0.23,2.03,5.47,5.12,1.62,4.01,4.95,6.32,5.89,7.94,7.17,7.0,12.25,12.15,12.23,12.7,0.68,-0.34,-2.37,-4.06,-2.37,-0.51,-1.69,-4.06,-3.89,-3.13
2011-09-01,002370,11.83,11.72,11.91,11.67,7487,8824353.0,2.03,-0.93,-0.11,0.96,5.48,1.97,4.37,5.31,6.68,6.26,8.31,7.54,7.37,4.03,12.12,12.14,12.14,12.59,0.6,-1.45,-3.16,-1.45,0.43,-0.77,-3.16,-2.99,-2.22,-2.82
2011-09-02,002370,11.69,11.6,11.79,11.49,6370,7377347.0,2.56,-1.02,-0.12,0.82,3.57,6.01,6.96,8.36,7.92,10.01,9.23,9.05,5.66,3.66,11.92,12.11,12.06,12.49,-0.43,-2.16,-0.43,1.47,0.26,-2.16,-1.98,-1.21,-1.81,-2.76
2011-09-05,002370,11.55,11.22,11.55,11.22,6508,7354330.0,2.84,-3.28,-0.38,0.83,8.56,9.54,10.96,10.52,12.66,11.85,11.68,8.2,6.15,5.08,11.69,12.03,12.03,12.42,1.16,2.94,4.9,3.65,1.16,1.34,2.14,1.52,0.53,2.5
2011-09-06,002370,11.2,11.28,11.35,11.03,5120,5764203.0,2.85,0.53,0.06,0.66,11.42,12.87,12.42,14.6,13.78,13.6,10.06,7.98,6.89,4.71,11.53,11.93,12.01,12.35,2.39,4.34,3.1,0.62,0.8,1.6,0.98,0.0,1.95,2.84
2011-09-07,002370,11.21,11.54,11.55,11.21,10726,12252907.0,3.01,2.3,0.26,1.37,11.06,10.62,12.76,11.95,11.78,8.3,6.24,5.17,3.03,1.25,11.47,11.86,12.0,12.28,1.99,0.78,-1.65,-1.47,-0.69,-1.3,-2.25,-0.35,0.52,0.09
2011-09-08,002370,11.58,11.51,11.77,11.4,11850,13694911.0,3.21,-0.26,-0.03,1.52,8.77,10.88,10.09,9.91,6.49,4.47,3.42,1.32,-0.44,1.32,11.43,11.77,11.97,12.22,1.04,-1.39,-1.22,-0.43,-1.04,-2.0,-0.09,0.78,0.35,-2.26
2011-09-09,002370,11.51,11.41,11.63,11.34,6810,7808635.0,2.52,-0.87,-0.1,0.87,11.46,10.67,10.49,7.05,5.03,3.97,1.85,0.09,1.85,3.79,11.39,11.65,11.94,12.16,-0.53,-0.35,0.44,-0.18,-1.14,0.79,1.67,1.23,-1.4,-1.4
2011-09-13,002370,11.35,11.2,11.35,11.13,3727,4171200.0,1.93,-1.84,-0.21,0.48,12.76,12.58,9.07,7.01,5.93,3.77,1.98,3.77,5.75,4.49,11.39,11.54,11.88,12.09,1.52,2.32,1.7,0.71,2.68,3.57,3.13,0.45,0.45,0.0
2011-09-14,002370,11.19,11.33,11.37,11.09,5337,5993714.0,2.5,1.16,0.13,0.68,12.98,9.47,7.39,6.31,4.15,2.34,4.15,6.13,4.87,2.34,11.4,11.46,11.82,12.03,1.15,0.53,-0.44,1.5,2.38,1.94,-0.71,-0.71,-1.15,-0.26
2011-09-15,002370,11.35,11.28,11.46,11.25,4877,5534843.0,1.85,-0.44,-0.05,0.62,7.91,5.87,4.8,2.67,0.89,2.67,4.62,3.38,0.89,1.07,11.35,11.41,11.78,11.95,0.98,0.0,1.95,2.84,2.39,-0.27,-0.27,-0.71,0.18,-4.26
2011-09-16,002370,11.33,11.3,11.39,11.28,3927,4452437.0,0.98,0.18,0.02,0.5,5.59,4.52,2.39,0.62,2.39,4.34,3.1,0.62,0.8,1.6,11.3,11.37,11.75,11.88,-0.18,1.77,2.65,2.21,-0.44,-0.44,-0.88,0.0,-4.42,-7.52
2011-09-19,002370,11.28,11.06,11.28,11.06,5907,6572688.0,1.95,-2.12,-0.24,0.76,6.6,4.43,2.62,4.43,6.42,5.15,2.62,2.8,3.62,2.98,11.23,11.31,11.71,11.81,3.98,4.88,4.43,1.72,1.72,1.27,2.17,-2.35,-5.52,-6.6
2011-09-20,002370,11.02,11.32,11.5,11.02,8490,9563136.0,4.34,2.35,0.26,1.09,4.81,2.99,4.81,6.81,5.54,2.99,3.18,3.99,3.36,2.36,11.26,11.32,11.68,11.79,2.47,2.03,-0.62,-0.62,-1.06,-0.18,-4.59,-7.69,-8.75,-7.77
2011-09-21,002370,11.3,11.56,11.6,11.26,9505,10909987.0,3.0,2.12,0.24,1.22,0.8,2.58,4.53,3.29,0.8,0.98,1.78,1.15,0.18,2.13,11.3,11.35,11.64,11.79,-0.09,-2.68,-2.68,-3.11,-2.25,-6.57,-9.6,-10.64,-9.69,-10.12
2011-09-22,002370,11.42,11.16,11.55,11.12,6270,7104811.0,3.72,-3.46,-0.4,0.8,3.87,5.85,4.59,2.07,2.25,3.06,2.43,1.44,3.42,4.32,11.28,11.31,11.59,11.77,0.81,0.81,0.36,1.25,-3.23,-6.36,-7.44,-6.45,-6.9,-5.29
2011-09-23,002370,11.04,11.19,11.25,11.03,5314,5913131.0,1.97,0.27,0.03,0.68,6.71,5.44,2.9,3.08,3.9,3.26,2.27,4.26,5.17,4.71,11.26,11.28,11.53,11.74,0.54,0.09,0.98,-3.49,-6.61,-7.69,-6.7,-7.15,-5.54,-5.9
2011-09-26,002370,11.16,11.07,11.25,11.0,5502,6116082.0,2.23,-1.07,-0.12,0.7,5.73,3.18,3.36,4.18,3.55,2.55,4.55,5.45,5.0,2.27,11.26,11.25,11.45,11.71,1.17,2.08,-2.44,-5.6,-6.68,-5.69,-6.14,-4.52,-4.88,-4.61
2011-09-27,002370,11.13,11.08,11.2,11.0,4072,4517808.0,1.81,0.09,0.01,0.52,3.18,3.36,4.18,3.55,2.55,4.55,5.45,5.0,2.27,2.27,11.21,11.23,11.39,11.66,1.99,-2.53,-5.69,-6.77,-5.78,-6.23,-4.6,-4.96,-4.69,-4.87
2011-09-28,002370,11.09,10.9,11.3,10.86,5045,5572551.0,3.97,-1.62,-0.18,0.65,4.7,5.52,4.88,3.87,5.89,6.81,6.35,3.59,3.59,3.13,11.08,11.19,11.33,11.61,-0.92,-4.13,-5.23,-4.22,-4.68,-3.03,-3.39,-3.12,-3.3,-5.6
2011-09-29,002370,10.8,10.27,10.8,10.26,7902,8245031.0,4.95,-5.78,-0.63,1.01,11.7,11.01,9.94,12.09,13.06,12.57,9.65,9.65,9.16,10.14,10.9,11.09,11.25,11.55,1.75,0.58,1.66,1.17,2.92,2.53,2.82,2.63,0.19,-1.07
2011-09-30,002370,10.43,10.19,10.45,10.15,2860,2932712.0,2.92,-0.78,-0.08,0.37,12.22,11.13,13.3,14.29,13.79,10.84,10.84,10.34,11.33,6.4,10.7,10.98,11.17,11.49,1.37,2.45,1.96,3.73,3.34,3.63,3.43,0.98,-0.29,-2.16
2011-10-10,002370,10.32,10.08,10.33,10.06,2673,2717344.0,2.65,-1.08,-0.11,0.34,12.13,14.31,15.31,14.81,11.83,11.83,11.33,12.33,7.36,3.88,10.5,10.88,11.1,11.44,3.57,3.08,4.86,4.46,4.76,4.56,2.08,0.79,-1.09,-2.78
2011-10-11,002370,10.3,10.05,10.44,10.01,3994,4086873.0,4.27,-0.3,-0.03,0.51,14.89,15.88,15.38,12.39,12.39,11.89,12.89,7.89,4.4,3.2,10.3,10.75,11.04,11.37,3.38,5.17,4.78,5.07,4.88,2.39,1.09,-0.8,-2.49,0.5
2011-10-12,002370,10.07,10.38,10.39,10.03,7072,7249702.0,3.58,3.28,0.33,0.91,15.65,15.15,12.16,12.16,11.67,12.66,7.68,4.19,2.99,4.09,10.19,10.64,10.99,11.3,1.83,1.45,1.73,1.54,-0.87,-2.12,-3.95,-5.59,-2.7,-1.93
2011-10-13,002370,10.31,10.51,10.57,10.3,8354,8745141.0,2.6,1.25,0.13,1.07,12.14,9.22,9.22,8.74,9.71,4.85,1.46,0.29,1.36,0.87,10.24,10.57,10.94,11.25,0.19,0.48,0.29,-2.09,-3.33,-5.14,-6.76,-3.9,-3.14,-2.38
2011-10-14,002370,10.39,10.48,10.53,10.31,4496,4683021.0,2.09,-0.29,-0.03,0.58,9.12,9.12,8.63,9.6,4.75,1.36,0.19,1.26,0.78,2.52,10.3,10.5,10.89,11.19,0.76,0.57,-1.81,-3.05,-4.87,-6.49,-3.63,-2.86,-2.1,-1.72
2011-10-17,002370,10.48,10.55,10.56,10.43,4785,5029832.0,1.24,0.67,0.07,0.61,7.86,7.38,8.34,3.55,0.19,-0.96,0.1,-0.38,1.34,0.96,10.39,10.45,10.85,11.12,-0.09,-2.46,-3.7,-5.5,-7.11,-4.27,-3.51,-2.75,-2.37,-1.8
2011-10-18,002370,10.54,10.17,10.54,10.16,4603,4746574.0,3.6,-3.6,-0.38,0.59,10.24,11.22,6.3,2.85,1.67,2.76,2.26,4.04,3.64,3.94,10.42,10.36,10.8,11.04,1.18,-0.1,-1.97,-3.64,-0.69,0.1,0.88,1.28,1.87,5.7
2011-10-19,002370,10.25,10.07,10.29,10.04,4297,4364213.0,2.46,-0.98,-0.1,0.55,12.55,7.57,4.08,2.89,3.98,3.49,5.28,4.88,5.18,4.98,10.36,10.27,10.73,10.98,0.89,-0.99,-2.68,0.3,1.09,1.89,2.28,2.88,6.75,6.75
2011-10-20,002370,10.06,9.8,10.16,9.71,5477,5423496.0,4.47,-2.68,-0.27,0.7,11.23,7.62,6.39,7.52,7.0,8.86,8.44,8.75,8.55,5.97,10.21,10.23,10.66,10.91,1.73,0.0,3.06,3.88,4.69,5.1,5.71,9.69,9.69,13.27
2011-10-21,002370,9.73,9.66,9.97,9.66,3133,3057546.0,3.16,-1.43,-0.14,0.4,8.18,6.94,8.07,7.56,9.42,9.01,9.32,9.11,6.52,5.18,10.05,10.17,10.58,10.84,1.45,4.55,5.38,6.21,6.63,7.25,11.28,11.28,14.91,14.39
2011-10-24,002370,9.7,9.79,9.8,9.56,5425,5267374.0,2.48,1.35,0.13,0.69,8.05,9.21,8.68,10.56,10.15,10.46,10.25,7.64,6.28,4.29,9.9,10.15,10.51,10.78,3.17,3.98,4.8,5.21,5.82,9.81,9.81,13.38,12.87,11.85
2011-10-25,002370,9.85,10.02,10.1,9.75,5602,5543579.0,3.58,2.35,0.23,0.72,7.08,6.56,8.41,8.0,8.31,8.1,5.54,4.21,2.26,0.51,9.87,10.14,10.45,10.74,1.6,2.4,2.79,3.39,7.29,7.29,10.78,10.28,9.28,7.19
2011-10-26,002370,10.0,10.11,10.18,9.92,9104,9144633.0,2.59,0.9,0.09,1.17,4.74,6.55,6.15,6.45,6.25,3.73,2.42,0.5,-1.21,1.81,9.88,10.12,10.38,10.7,1.48,1.88,2.47,6.33,6.33,9.79,9.3,8.31,6.23,6.43
2011-10-27,002370,10.07,10.16,10.26,10.07,6577,6683474.0,1.88,0.49,0.05,0.84,4.97,4.57,4.87,4.67,2.18,0.89,-0.99,-2.68,0.3,1.09,9.95,10.08,10.33,10.66,1.38,1.97,5.81,5.81,9.25,8.76,7.78,5.71,5.91,7.87
2011-10-28,002370,10.2,10.28,10.3,10.1,12233,12479642.0,1.97,1.18,0.12,1.57,4.26,4.55,4.36,1.88,0.59,-1.29,-2.97,0.0,0.79,1.58,10.07,10.06,10.28,10.61,0.78,4.57,4.57,7.98,7.49,6.52,4.47,4.67,6.61,15.27
2011-10-31,002370,10.26,10.34,10.36,10.16,7223,7430231.0,1.95,0.58,0.06,0.93,3.94,3.74,1.28,0.0,-1.87,-3.54,-0.59,0.2,0.98,1.38,10.18,10.04,10.24,10.58,3.97,3.97,7.35,6.87,5.9,3.87,4.06,6.0,14.6,20.41
2011-11-01,002370,10.32,10.62,10.75,10.21,16081,16839991.0,5.22,2.71,0.28,2.06,3.23,0.78,-0.49,-2.35,-4.02,-1.08,-0.29,0.49,0.88,1.47,10.3,10.08,10.22,10.56,1.22,4.52,4.05,3.11,1.13,1.32,3.2,11.58,17.23,15.82
2011-11-02,002370,10.5,10.74,10.75,10.37,15240,16090956.0,3.58,1.13,0.12,1.95,-0.77,-2.03,-3.86,-5.5,-2.6,-1.83,-1.06,-0.68,-0.1,3.66,10.43,10.15,10.21,10.54,3.35,2.89,1.96,0.0,0.19,2.05,10.34,15.92,14.53,10.06
2011-11-03,002370,10.76,10.84,11.1,10.63,21657,23600555.0,4.38,0.93,0.1,2.77,-4.42,-6.21,-7.81,-4.99,-4.23,-3.48,-3.1,-2.54,1.13,1.13,10.56,10.26,10.24,10.52,1.94,1.01,-0.92,-0.74,1.11,9.32,14.85,13.47,9.04,4.8
2011-11-04,002370,10.95,10.91,11.05,10.76,16842,18337601.0,2.68,0.65,0.07,2.16,-7.34,-8.92,-6.13,-5.39,-4.65,-4.28,-3.72,-0.09,-0.09,3.16,10.69,10.38,10.28,10.51,0.37,-1.56,-1.37,0.46,8.62,14.12,12.74,8.34,4.12,2.29
2011-11-07,002370,10.91,10.69,10.95,10.66,13400,14483572.0,2.66,-2.02,-0.22,1.72,-8.07,-5.25,-4.5,-3.75,-3.38,-2.81,0.84,0.84,4.13,3.66,10.76,10.47,10.31,10.5,0.47,0.65,2.53,10.85,16.46,15.06,10.57,6.27,4.4,4.21
2011-11-08,002370,10.59,10.58,10.74,10.56,11697,12431696.0,1.68,-1.03,-0.11,1.5,-4.36,-3.6,-2.84,-2.46,-1.89,1.8,1.8,5.11,4.64,3.69,10.75,10.53,10.33,10.47,1.7,3.59,12.0,17.67,16.26,11.72,7.37,5.48,5.29,5.39
2011-11-09,002370,10.63,10.76,10.76,10.41,12097,12829954.0,3.31,1.7,0.18,1.55,-2.21,-1.44,-1.06,-0.48,3.27,3.27,6.63,6.15,5.19,3.17,10.76,10.59,10.35,10.45,1.86,10.13,15.71,14.31,9.85,5.58,3.72,3.53,3.62,2.88
2011-11-10,002370,10.69,10.77,10.96,10.55,16639,17945809.0,3.81,0.09,0.01,2.13,-2.75,-2.37,-1.8,1.9,1.9,5.21,4.74,3.79,1.8,1.99,10.74,10.65,10.37,10.44,10.03,15.6,14.21,9.75,5.48,3.62,3.44,3.53,2.79,3.16
2011-11-11,002370,10.83,11.85,11.85,10.72,48882,56374470.0,10.49,10.03,1.08,6.26,-3.92,-3.36,0.28,0.28,3.54,3.08,2.15,0.19,0.37,2.24,10.93,10.81,10.44,10.46,5.06,3.8,-0.25,-4.14,-5.82,-5.99,-5.91,-6.58,-6.24,-5.15
2011-11-14,002370,12.3,12.1,12.45,11.89,81499,98770222.0,4.73,2.11,0.25,10.44,-12.87,-9.59,-9.59,-6.64,-7.06,-7.91,-9.67,-9.5,-7.82,-0.34,11.21,10.99,10.51,10.49,1.65,-2.31,-6.12,-7.77,-7.93,-7.85,-8.51,-8.18,-7.11,-4.3
2011-11-16,002370,12.14,11.66,12.3,11.6,43621,52421335.0,5.79,-3.64,-0.44,5.59,-7.33,-7.33,-4.31,-4.74,-5.6,-7.41,-7.24,-5.52,2.16,7.33,11.43,11.09,10.59,10.51,1.37,-2.57,-4.29,-4.46,-4.37,-5.06,-4.72,-3.6,-0.69,-0.26
2011-11-17,002370,11.46,11.52,11.82,11.45,25437,29611918.0,3.17,-1.2,-0.14,3.26,-6.11,-3.06,-3.49,-4.37,-6.2,-6.03,-4.28,3.49,8.73,7.42,11.58,11.17,10.66,10.53,-1.39,-3.12,-3.3,-3.21,-3.91,-3.56,-2.43,0.52,0.95,-1.39
2011-11-18,002370,11.35,10.94,11.36,10.8,20961,23220934.0,4.86,-5.03,-0.58,2.68,2.78,2.31,1.39,-0.56,-0.37,1.48,9.72,15.28,13.89,9.44,11.61,11.18,10.72,10.55,2.01,1.83,1.92,1.19,1.55,2.74,5.85,6.31,3.84,7.4
2011-11-21,002370,10.9,11.16,11.16,10.81,12530,13839249.0,3.2,2.01,0.22,1.6,2.22,1.3,-0.65,-0.46,1.39,9.62,15.17,13.78,9.34,5.09,11.48,11.2,10.79,10.59,-0.18,-0.09,-0.81,-0.45,0.72,3.76,4.21,1.79,5.29,1.34
2011-11-22,002370,11.06,11.1,11.14,10.73,9890,10840485.0,3.67,-0.54,-0.06,1.27,2.05,0.09,0.28,2.14,10.44,16.03,14.63,10.16,5.87,4.01,11.28,11.24,10.86,10.62,0.45,-0.27,0.09,1.26,4.32,4.77,2.34,5.86,1.89,-1.98
2011-11-23,002370,11.08,11.0,11.15,10.93,9396,10395243.0,1.98,-0.9,-0.1,1.2,-1.74,-1.56,0.27,8.42,13.91,12.53,8.14,3.93,2.1,1.92,11.14,11.29,10.91,10.65,0.64,1.0,2.18,5.27,5.73,3.27,6.82,2.82,-1.09,-4.55
2011-11-24,002370,10.91,10.97,11.07,10.7,8896,9668894.0,3.36,-0.27,-0.03,1.14,0.56,2.43,10.75,16.36,14.95,10.47,6.17,4.3,4.11,4.21,11.03,11.31,10.95,10.67,1.28,2.46,5.56,6.02,3.56,7.11,3.1,-0.82,-4.28,-4.65
2011-11-25,002370,10.98,10.95,11.11,10.81,9061,9963662.0,2.73,-0.18,-0.02,1.16,1.39,9.62,15.17,13.78,9.34,5.09,3.24,3.05,3.15,2.41,11.04,11.32,10.99,10.69,2.65,5.75,6.21,3.74,7.31,3.29,-0.64,-4.11,-4.47,-5.94
2011-11-28,002370,10.96,11.24,11.24,10.81,12162,13416512.0,3.93,2.65,0.29,1.56,9.62,15.17,13.78,9.34,5.09,3.24,3.05,3.15,2.41,2.78,11.05,11.26,11.04,10.71,3.02,3.47,1.07,4.54,0.62,-3.2,-6.58,-6.94,-8.36,-8.54
2011-11-29,002370,11.35,11.57,11.58,11.24,22248,25390102.0,3.02,2.94,0.33,2.85,10.77,9.43,5.16,1.07,-0.71,-0.89,-0.8,-1.51,-1.16,0.0,11.15,11.21,11.1,10.75,0.52,-1.82,1.56,-2.25,-5.96,-9.25,-9.59,-10.98,-11.15,-12.53
2011-11-30,002370,11.57,10.89,11.63,10.6,18806,21073091.0,8.9,-5.88,-0.68,2.41,16.04,11.51,7.17,5.28,5.09,5.19,4.43,4.81,6.04,9.25,11.12,11.13,11.11,10.77,4.32,7.9,3.86,-0.09,-3.58,-3.95,-5.42,-5.6,-7.07,-10.47
2011-12-01,002370,11.27,11.12,11.36,11.05,17678,19807979.0,2.85,2.11,0.23,2.26,6.97,2.81,1.0,0.81,0.9,0.18,0.54,1.72,4.8,5.25,11.15,11.09,11.13,10.8,5.67,1.71,-2.16,-5.58,-5.94,-7.37,-7.55,-8.99,-12.32,-14.12
2011-12-02,002370,11.11,11.4,11.75,11.11,28210,32272289.0,5.76,2.52,0.28,3.61,2.25,0.45,0.27,0.36,-0.36,0.0,1.17,4.23,4.68,2.25,11.24,11.14,11.16,10.86,-0.79,-4.56,-7.89,-8.25,-9.65,-9.82,-11.23,-14.47,-16.23,-17.81
2011-12-05,002370,11.3,10.83,11.31,10.67,16483,17919688.0,5.61,-5.0,-0.57,2.11,4.59,4.4,4.5,3.75,4.12,5.34,8.53,9.0,6.47,10.12,11.16,11.11,11.15,10.9,0.46,-3.05,-3.42,-4.89,-5.08,-6.56,-9.97,-11.82,-13.48,-13.67
2011-12-06,002370,10.81,10.35,10.88,10.1,14359,14898277.0,7.2,-4.43,-0.48,1.84,10.3,10.4,9.6,10.0,11.29,14.65,15.15,12.48,16.34,11.98,10.92,11.03,11.14,10.92,1.45,1.06,-0.48,-0.68,-2.22,-5.8,-7.73,-9.47,-9.66,-8.5
2011-12-07,002370,10.35,10.42,10.5,10.26,6558,6821967.0,2.32,0.68,0.07,0.84,8.67,7.89,8.28,9.55,12.87,13.35,10.72,14.52,10.23,6.04,10.82,10.97,11.13,10.93,0.38,-1.15,-1.34,-2.88,-6.43,-8.35,-10.08,-10.27,-9.12,-9.5
2011-12-08,002370,10.42,10.28,10.46,10.0,8068,8246294.0,4.41,-1.34,-0.14,1.03,10.7,11.1,12.4,15.8,16.3,13.6,17.5,13.1,8.8,5.0,10.66,10.9,11.11,10.93,0.19,0.0,-1.56,-5.16,-7.1,-8.85,-9.05,-7.88,-8.27,-12.45
2011-12-09,002370,10.25,10.09,10.3,10.09,4700,4777104.0,2.04,-1.85,-0.19,0.6,10.11,11.4,14.77,15.26,12.59,16.45,12.09,7.83,4.06,3.67,10.39,10.82,11.07,10.93,1.88,0.3,-3.37,-5.35,-7.14,-7.33,-6.14,-6.54,-10.8,-13.48
2011-12-12,002370,10.28,10.05,10.28,10.01,3489,3527542.0,2.68,-0.4,-0.04,0.45,12.29,15.68,16.18,13.49,17.38,12.99,8.69,4.9,4.5,2.9,10.24,10.7,10.98,10.92,0.7,-2.99,-4.98,-6.77,-6.97,-5.77,-6.17,-10.45,-13.13,-13.73
2011-12-13,002370,9.91,9.6,10.12,9.57,7052,6904105.0,5.47,-4.48,-0.45,0.9,21.0,21.53,18.7,22.78,18.18,13.69,9.72,9.3,7.63,7.42,10.09,10.5,10.86,10.9,1.56,-0.52,-2.4,-2.6,-1.35,-1.77,-6.25,-9.06,-9.69,-10.83
2011-12-14,002370,9.67,9.57,9.75,9.57,4798,4622838.0,1.88,-0.31,-0.03,0.61,21.53,18.7,22.78,18.18,13.69,9.72,9.3,7.63,7.42,5.75,9.92,10.37,10.75,10.86,-0.21,-2.09,-2.3,-1.04,-1.46,-5.96,-8.78,-9.4,-10.55,-15.05
2011-12-15,002370,9.31,9.05,9.55,8.9,8532,7805608.0,6.79,-5.43,-0.52,1.09,27.64,32.02,27.08,22.25,17.98,17.53,15.73,15.51,13.71,9.55,9.67,10.16,10.63,10.81,3.54,3.31,4.64,4.2,-0.55,-3.54,-4.2,-5.41,-10.17,-11.05
2011-12-16,002370,9.05,9.37,9.37,9.05,6910,6355612.0,3.54,3.54,0.32,0.89,29.83,24.97,20.22,16.02,15.58,13.81,13.59,11.82,7.73,5.52,9.53,9.96,10.55,10.76,-0.21,1.07,0.64,-3.95,-6.83,-7.47,-8.64,-13.23,-14.09,-13.45
2011-12-19,002370,9.35,9.2,9.35,8.95,5343,4887208.0,4.27,-1.81,-0.17,0.68,26.37,21.56,17.32,16.87,15.08,14.86,13.07,8.94,6.7,4.69,9.36,9.8,10.45,10.7,2.93,2.5,-2.17,-5.11,-5.76,-6.96,-11.63,-12.5,-11.85,-9.78
2011-12-20,002370,9.2,9.17,9.47,9.16,6174,5747643.0,3.37,-0.33,-0.03,0.79,18.78,14.63,14.19,12.45,12.23,10.48,6.44,4.26,2.29,2.07,9.27,9.68,10.36,10.65,2.84,-1.85,-4.8,-5.45,-6.65,-11.34,-12.21,-11.56,-9.49,-13.09
2011-12-21,002370,9.2,8.99,9.43,8.99,6637,6079305.0,4.8,-1.96,-0.18,0.85,16.8,16.35,14.57,14.35,12.57,8.45,6.23,4.23,4.0,5.34,9.16,9.54,10.26,10.6,0.11,-2.89,-3.56,-4.78,-9.57,-10.46,-9.79,-7.68,-11.35,-13.79
2011-12-22,002370,9.0,8.6,9.0,8.43,10840,9343181.0,6.34,-4.34,-0.39,1.39,24.08,22.18,21.95,20.05,15.66,13.29,11.15,10.91,12.34,11.86,9.07,9.37,10.14,10.53,1.51,0.81,-0.47,-5.47,-6.4,-5.7,-3.49,-7.33,-9.88,-7.21
2011-12-23,002370,8.57,8.62,8.73,8.48,8053,6920605.0,2.91,0.23,0.02,1.03,21.46,21.23,19.34,14.98,12.62,10.5,10.26,11.67,11.2,6.13,8.92,9.22,10.02,10.46,0.58,-0.7,-5.68,-6.61,-5.92,-3.71,-7.54,-10.09,-7.42,-1.39
2011-12-26,002370,8.62,8.57,8.67,8.5,4704,4036326.0,1.97,-0.58,-0.05,0.6,20.94,19.06,14.71,12.35,10.24,10.0,11.41,10.94,5.88,2.71,8.79,9.07,9.89,10.35,-0.12,-5.13,-6.07,-5.37,-3.15,-7.0,-9.57,-6.88,-0.82,-0.82
2011-12-27,002370,8.46,8.16,8.56,8.15,5989,4963458.0,4.78,-4.78,-0.41,0.77,24.17,19.63,17.18,14.97,14.72,16.2,15.71,10.43,7.12,6.38,8.59,8.93,9.72,10.21,-0.37,-1.35,-0.61,1.72,-2.33,-5.02,-2.21,4.17,4.17,6.99
2011-12-28,002370,8.05,7.93,8.13,7.75,6719,5333694.0,4.66,-2.82,-0.23,0.86,25.81,23.23,20.9,20.65,22.19,21.68,16.13,12.65,11.87,10.45,8.38,8.77,9.57,10.09,1.51,2.27,4.67,0.5,-2.27,0.63,7.19,7.19,10.09,8.2
2011-12-29,002370,7.9,7.91,8.05,7.9,5185,4135981.0,1.89,-0.25,-0.02,0.66,20.89,18.61,18.35,19.87,19.37,13.92,10.51,9.75,8.35,2.91,8.24,8.65,9.41,9.97,2.53,4.93,0.76,-2.02,0.88,7.46,7.46,10.37,8.47,2.15
2011-12-30,002370,7.93,8.11,8.11,7.93,3770,3033410.0,2.28,2.53,0.2,0.48,18.16,17.91,19.42,18.92,13.49,10.09,9.33,7.94,2.52,1.51,8.14,8.53,9.24,9.88,2.34,-1.73,-4.44,-1.6,4.81,4.81,7.64,5.8,-0.37,0.12
2012-01-04,002370,8.3,7.93,8.3,7.91,3572,2887758.0,4.81,-2.22,-0.18,0.46,18.2,19.72,19.22,13.78,10.37,9.61,8.22,2.78,1.77,2.53,8.01,8.4,9.1,9.77,0.5,-2.27,0.63,7.19,7.19,10.09,8.2,1.89,2.4,4.92
2012-01-05,002370,7.93,7.52,7.97,7.52,5477,4263537.0,5.67,-5.17,-0.41,0.7,25.93,25.4,19.68,16.09,15.29,13.83,8.11,7.05,7.85,10.37,7.88,8.23,8.96,9.65,3.06,6.12,13.03,13.03,16.09,14.1,7.45,7.98,10.64,8.91
2012-01-06,002370,7.75,7.51,7.75,7.24,3248,2399363.0,6.78,-0.13,-0.01,0.42,30.25,24.31,20.58,19.75,18.23,12.29,11.19,12.02,14.64,10.08,7.8,8.09,8.81,9.53,6.26,13.18,13.18,16.25,14.25,7.59,8.12,10.79,9.05,9.19
2012-01-09,002370,7.5,7.95,7.98,7.46,5172,4028539.0,6.92,5.86,0.44,0.66,20.64,17.02,16.22,14.75,8.98,7.91,8.71,11.26,6.84,3.89,7.8,8.02,8.69,9.43,6.92,6.92,9.81,7.92,1.64,2.14,4.65,3.02,3.14,4.28
2012-01-10,002370,7.9,8.38,8.5,7.9,12141,10037173.0,7.55,5.41,0.43,1.55,10.51,9.75,8.35,2.91,1.9,2.66,5.06,0.89,-1.9,1.01,7.86,8.0,8.61,9.35,1.43,4.18,2.39,-3.58,-3.1,-0.72,-2.27,-2.15,-1.07,-2.51
2012-01-11,002370,8.32,8.37,8.5,8.28,8817,7387532.0,2.63,-0.12,-0.01,1.13,4.71,3.38,-1.81,-2.78,-2.05,0.24,-3.74,-6.4,-3.62,2.66,7.95,7.98,8.53,9.25,4.3,2.51,-3.46,-2.99,-0.6,-2.15,-2.03,-0.96,-2.39,-3.11
2012-01-12,002370,8.25,8.43,8.73,8.25,6948,5915528.0,5.73,0.72,0.06,0.89,3.76,-1.45,-2.42,-1.7,0.61,-3.39,-6.06,-3.27,3.03,3.03,8.13,8.0,8.47,9.15,1.78,-4.15,-3.68,-1.3,-2.85,-2.73,-1.66,-3.08,-3.8,-3.8
2012-01-13,002370,8.58,8.09,8.58,8.02,8552,7015588.0,6.64,-4.03,-0.34,1.1,1.37,0.37,1.12,3.49,-0.62,-3.37,-0.5,5.99,5.99,8.85,8.24,8.02,8.39,9.05,-0.12,0.37,2.84,1.24,1.36,2.47,0.99,0.25,0.25,2.84
2012-01-16,002370,8.08,7.62,8.08,7.6,5602,4414676.0,5.93,-5.81,-0.47,0.72,5.92,6.71,9.21,4.87,1.97,5.0,11.84,11.84,14.87,12.89,8.18,7.99,8.32,8.94,6.56,9.19,7.48,7.61,8.79,7.22,6.43,6.43,9.19,10.63
2012-01-17,002370,7.6,8.1,8.12,7.6,6539,5206402.0,6.82,6.3,0.48,0.84,6.71,9.21,4.87,1.97,5.0,11.84,11.84,14.87,12.89,6.32,8.12,7.99,8.26,8.83,2.72,1.11,1.23,2.35,0.86,0.12,0.12,2.72,4.07,3.58
2012-01-18,002370,8.1,8.03,8.32,8.0,8311,6744347.0,3.95,-0.86,-0.07,1.06,3.75,-0.38,-3.12,-0.25,6.25,6.25,9.13,7.25,1.0,1.5,8.05,8.0,8.2,8.73,1.99,2.12,3.24,1.74,1.0,1.0,3.61,4.98,4.48,5.85
2012-01-19,002370,8.02,8.1,8.19,7.82,5795,4666588.0,4.61,0.87,0.07,0.74,1.92,-0.9,2.05,8.7,8.7,11.64,9.72,3.32,3.84,6.39,7.99,8.06,8.15,8.66,1.23,2.35,0.86,0.12,0.12,2.72,4.07,3.58,4.94,8.4
2012-01-20,002370,8.06,8.2,8.2,8.05,5029,4099923.0,1.85,1.23,0.1,0.64,-3.73,-0.87,5.59,5.59,8.45,6.58,0.37,0.87,3.35,1.74,8.01,8.13,8.11,8.58,1.1,-0.37,-1.1,-1.1,1.46,2.8,2.32,3.66,7.07,5.85
2012-01-30,002370,8.2,8.12,8.29,8.11,4154,3406335.0,2.2,-0.98,-0.08,0.53,-1.6,4.81,4.81,7.64,5.8,-0.37,0.12,2.59,0.99,1.11,8.11,8.14,8.08,8.51,0.62,-0.12,-0.12,2.46,3.82,3.33,4.68,8.13,6.9,9.36
2012-01-31,002370,8.05,8.07,8.17,8.0,2564,2063668.0,2.09,-0.62,-0.05,0.33,6.25,6.25,9.13,7.25,1.0,1.5,4.0,2.37,2.5,3.62,8.1,8.11,8.05,8.44,0.5,0.5,3.1,4.46,3.97,5.33,8.8,7.56,10.04,20.94
2012-02-01,002370,8.01,7.9,8.11,7.9,4715,3765709.0,2.6,-2.11,-0.17,0.6,7.59,10.51,8.61,2.28,2.78,5.32,3.67,3.8,4.94,3.42,8.08,8.07,8.02,8.37,2.66,5.32,6.71,6.2,7.59,11.14,9.87,12.41,23.54,35.95
2012-02-02,002370,7.85,8.1,8.11,7.85,3847,3073201.0,3.29,2.53,0.2,0.49,11.21,9.3,2.93,3.44,5.99,4.33,4.46,5.61,4.08,3.31,8.08,8.03,8.02,8.32,2.72,4.07,3.58,4.94,8.4,7.16,9.63,20.49,32.59,28.77
2012-02-03,002370,8.1,8.29,8.32,8.07,9472,7804261.0,3.09,2.35,0.19,1.21,6.32,0.12,0.62,3.1,1.49,1.61,2.73,1.24,0.5,0.5,8.1,8.05,8.04,8.28,1.69,1.21,2.53,5.91,4.7,7.12,17.73,29.55,25.81,24.25
2012-02-06,002370,8.29,8.42,8.43,8.24,8220,6873542.0,2.29,1.57,0.13,1.05,-1.94,-1.46,0.97,-0.61,-0.49,0.61,-0.85,-1.58,-1.58,0.97,8.16,8.13,8.06,8.26,-0.36,0.95,4.28,3.09,5.46,15.91,27.55,23.87,22.33,22.09
2012-02-07,002370,8.39,8.24,8.39,8.15,6016,4946849.0,2.85,-2.14,-0.18,0.77,-0.37,2.09,0.49,0.61,1.72,0.25,-0.49,-0.49,2.09,3.44,8.19,8.15,8.07,8.22,3.16,6.55,5.34,7.77,18.45,30.34,26.58,25.0,24.76,23.67
2012-02-08,002370,8.26,8.5,8.5,8.19,9213,7737975.0,3.76,3.16,0.26,1.18,1.59,0.0,0.12,1.22,-0.24,-0.98,-0.98,1.59,2.93,2.44,8.31,8.19,8.1,8.2,3.29,2.12,4.47,14.82,26.35,22.71,21.18,20.94,19.88,20.71
2012-02-09,002370,8.52,8.64,8.78,8.5,20462,17660691.0,3.29,1.65,0.14,2.62,-3.65,-3.53,-2.47,-3.88,-4.59,-4.59,-2.12,-0.82,-1.29,0.0,8.42,8.25,8.15,8.18,0.46,2.78,12.96,24.31,20.72,19.21,18.98,17.94,18.75,19.56
2012-02-10,002370,8.63,8.52,8.68,8.5,10288,8826438.0,2.08,-1.39,-0.12,1.32,-3.53,-2.47,-3.88,-4.59,-4.59,-2.12,-0.82,-1.29,0.0,3.29,8.46,8.28,8.2,8.16,4.23,14.55,26.06,22.42,20.89,20.66,19.6,20.42,21.24,21.24
2012-02-13,002370,8.5,8.87,8.88,8.35,20573,18000665.0,6.22,4.11,0.35,2.63,-0.72,-2.16,-2.87,-2.87,-0.36,0.96,0.48,1.8,5.15,3.95,8.55,8.35,8.25,8.17,10.03,21.08,17.59,16.12,15.9,14.88,15.67,16.46,16.46,17.02
2012-02-14,002370,8.89,9.76,9.76,8.86,51510,49012929.0,10.15,10.03,0.89,6.6,-7.79,-8.47,-8.47,-6.09,-4.85,-5.3,-4.06,-0.9,-2.03,0.23,8.86,8.52,8.32,8.21,10.04,6.86,5.53,5.33,4.41,5.12,5.84,5.84,6.35,3.18
2012-02-15,002370,9.94,10.55,10.74,9.51,66589,67066172.0,12.6,8.09,0.79,8.53,-14.72,-14.72,-12.51,-11.36,-11.78,-10.62,-7.68,-8.73,-6.62,2.63,9.27,8.79,8.43,8.28,-1.14,-2.37,-2.56,-3.41,-2.75,-2.09,-2.09,-1.61,-4.55,-7.11
2012-02-16,002370,10.22,10.3,10.43,10.01,47027,48206524.0,3.98,-2.37,-0.25,6.02,-18.98,-16.88,-15.78,-16.18,-15.08,-12.29,-13.29,-11.29,-2.5,7.29,9.6,9.01,8.52,8.35,0.0,-0.19,-1.07,-0.39,0.29,0.29,0.78,-2.23,-4.85,-4.85
2012-02-17,002370,10.18,10.15,10.3,10.03,24404,24754377.0,2.62,-1.46,-0.15,3.13,-17.05,-15.95,-16.35,-15.25,-12.46,-13.46,-11.47,-2.69,7.08,3.99,9.93,9.19,8.62,8.42,1.28,0.39,1.08,1.77,1.77,2.27,-0.79,-3.45,-3.45,-2.96
2012-02-20,002370,10.25,10.06,10.28,10.05,22128,22415900.0,2.27,-0.89,-0.09,2.83,-16.12,-16.52,-15.42,-12.64,-13.63,-11.64,-2.89,6.87,3.78,2.49,10.16,9.36,8.75,8.49,1.29,1.99,2.68,2.68,3.18,0.1,-2.58,-2.58,-2.09,-0.89
2012-02-21,002370,10.0,10.14,10.19,9.8,27999,28086651.0,3.88,0.8,0.08,3.59,-14.39,-13.27,-10.41,-11.43,-9.39,-0.41,9.59,6.43,5.1,4.9,10.24,9.55,8.85,8.56,1.18,1.87,1.87,2.37,-0.69,-3.35,-3.35,-2.86,-1.68,-2.27
2012-02-22,002370,10.1,10.25,10.26,9.93,34995,35454237.0,3.25,1.08,0.11,4.48,-14.4,-11.58,-12.59,-10.57,-1.71,8.16,5.04,3.73,3.52,2.62,10.18,9.72,8.96,8.64,0.78,0.78,1.27,-1.76,-4.39,-4.39,-3.9,-2.73,-3.32,-5.56
2012-02-23,002370,10.26,10.2,10.33,10.02,23310,23695648.0,3.02,-0.49,-0.05,2.99,-12.38,-13.37,-11.38,-2.59,7.19,4.09,2.79,2.59,1.7,2.4,10.16,9.88,9.06,8.73,1.27,1.76,-1.27,-3.92,-3.92,-3.43,-2.25,-2.84,-5.1,-5.39
2012-02-24,002370,10.2,10.23,10.33,10.09,28816,29371642.0,2.35,0.29,0.03,3.69,-13.97,-11.99,-3.27,6.44,3.37,2.08,1.88,0.99,1.68,2.38,10.18,10.05,9.17,8.82,1.47,-1.56,-4.2,-4.2,-3.71,-2.54,-3.13,-5.38,-5.67,-4.4
2012-02-27,002370,10.25,10.2,10.38,10.15,36389,37391550.0,2.25,-0.29,-0.03,4.66,-12.51,-3.84,5.81,2.76,1.48,1.28,0.39,1.08,1.77,1.77,10.2,10.18,9.27,8.89,-1.27,-3.92,-3.92,-3.43,-2.25,-2.84,-5.1,-5.39,-4.12,-2.84
2012-02-28,002370,10.06,9.71,10.07,9.52,37836,36973496.0,5.39,-4.8,-0.49,4.85,2.52,12.82,9.56,8.19,7.98,7.04,7.77,8.51,8.51,9.03,10.12,10.18,9.35,8.94,0.93,0.93,1.44,2.68,2.06,-0.31,-0.62,0.72,2.06,2.57
2012-02-29,002370,9.7,9.78,9.8,9.5,16008,15520167.0,3.09,0.72,0.07,2.05,13.05,9.79,8.42,8.21,7.26,8.0,8.74,8.74,9.26,6.0,10.02,10.1,9.45,8.99,0.2,0.72,1.94,1.33,-1.02,-1.33,0.0,1.33,1.84,3.48
2012-03-01,002370,9.75,9.71,9.8,9.61,11994,11635060.0,1.94,-0.72,-0.07,1.54,8.53,7.18,6.97,6.04,6.76,7.49,7.49,8.01,4.79,1.98,9.93,10.04,9.53,9.03,1.44,2.68,2.06,-0.31,-0.62,0.72,2.06,2.57,4.22,-1.65
2012-03-02,002370,9.7,9.82,9.85,9.67,16033,15683057.0,1.85,1.13,0.11,2.05,6.51,6.31,5.38,6.1,6.83,6.83,7.34,4.14,1.34,1.34,9.84,10.01,9.6,9.09,1.53,0.92,-1.43,-1.73,-0.41,0.92,1.43,3.05,-2.75,-3.77
2012-03-05,002370,9.84,9.87,9.97,9.73,21765,21410952.0,2.44,0.51,0.05,2.79,5.65,4.73,5.45,6.17,6.17,6.68,3.49,0.72,0.72,1.23,9.78,9.99,9.67,9.16,0.41,-1.93,-2.23,-0.91,0.41,0.91,2.53,-3.24,-4.26,-2.94
2012-03-06,002370,9.88,9.6,9.91,9.55,18443,17748519.0,3.65,-2.74,-0.27,2.36,6.7,7.43,8.17,8.17,8.69,5.45,2.62,2.62,3.14,4.4,9.76,9.94,9.74,9.21,0.83,0.52,1.88,3.23,3.75,5.42,-0.52,-1.56,-0.21,-0.63
2012-03-07,002370,9.51,9.51,9.68,9.45,12565,12028294.0,2.4,-0.94,-0.09,1.61,8.57,9.31,9.31,9.84,6.56,3.7,3.7,4.23,5.5,4.87,9.7,9.86,9.79,9.26,1.47,2.84,4.21,4.73,6.41,0.42,-0.63,0.74,0.32,-1.68
2012-03-08,002370,9.5,9.6,9.65,9.49,13940,13363254.0,1.68,0.95,0.09,1.79,8.85,8.85,9.38,6.11,3.27,3.27,3.79,5.06,4.43,2.0,9.68,9.8,9.84,9.31,1.88,3.23,3.75,5.42,-0.52,-1.56,-0.21,-0.63,-2.6,-3.75
2012-03-09,002370,9.59,9.78,9.78,9.59,16939,16432588.0,1.98,1.88,0.18,2.17,7.72,8.24,5.01,2.19,2.19,2.71,3.96,3.34,0.94,0.63,9.67,9.76,9.9,9.36,1.33,1.84,3.48,-2.35,-3.37,-2.04,-2.45,-4.4,-5.52,-6.13
2012-03-12,002370,9.78,9.87,9.91,9.78,25683,25269997.0,1.33,0.92,0.09,3.29,6.13,2.97,0.2,0.2,0.72,1.94,1.33,-1.02,-1.33,0.0,9.67,9.72,9.95,9.42,0.91,2.53,-3.24,-4.26,-2.94,-3.34,-5.27,-6.38,-6.99,-8.11
2012-03-13,002370,9.93,9.89,9.96,9.77,16628,16370054.0,1.93,0.2,0.02,2.13,3.07,0.31,0.31,0.82,2.05,1.43,-0.92,-1.23,0.1,1.43,9.73,9.74,9.96,9.48,2.33,-3.44,-4.45,-3.13,-3.54,-5.46,-6.57,-7.18,-8.29,-8.39
2012-03-14,002370,9.94,9.25,10.12,9.21,29429,28919642.0,9.2,-6.47,-0.64,3.77,6.41,6.41,6.95,8.25,7.6,5.1,4.78,6.19,7.6,8.14,9.68,9.69,9.9,9.53,3.24,2.16,3.57,3.14,1.08,-0.11,-0.76,-1.95,-2.05,-3.78
2012-03-15,002370,9.2,9.41,9.55,8.8,24358,22307441.0,8.11,1.73,0.16,3.12,11.36,11.93,13.3,12.61,10.0,9.66,11.14,12.61,13.18,15.0,9.64,9.66,9.85,9.57,0.43,1.81,1.38,-0.64,-1.81,-2.44,-3.61,-3.72,-5.42,-12.22
2012-03-16,002370,9.3,9.45,9.45,9.19,19919,18611550.0,2.76,0.43,0.04,2.55,7.18,8.49,7.83,5.33,5.01,6.42,7.83,8.38,10.12,3.92,9.57,9.62,9.82,9.61,1.38,0.95,-1.06,-2.22,-2.86,-4.02,-4.13,-5.82,-12.59,-13.65
2012-03-19,002370,9.45,9.55,9.58,9.36,14531,13750224.0,2.33,1.06,0.1,1.86,6.52,5.88,3.42,3.1,4.49,5.88,6.41,8.12,2.03,0.96,9.51,9.59,9.79,9.65,-0.1,-2.09,-3.25,-3.87,-5.03,-5.13,-6.81,-13.51,-14.55,-13.3
2012-03-20,002370,9.54,9.2,9.54,9.2,12832,11979664.0,3.56,-3.66,-0.35,1.64,7.72,5.22,4.89,6.3,7.72,8.26,10.0,3.8,2.72,4.13,9.37,9.55,9.74,9.68,1.63,0.43,-0.22,-1.41,-1.52,-3.26,-10.22,-11.3,-10.0,-8.8
2012-03-21,002370,9.26,9.21,9.35,9.08,10019,9197915.0,2.93,0.11,0.01,1.28,6.61,6.28,7.71,9.14,9.69,11.45,5.18,4.07,5.51,5.07,9.36,9.52,9.69,9.7,0.33,-0.33,-1.52,-1.63,-3.37,-10.31,-11.4,-10.1,-8.9,-9.55
2012-03-22,002370,9.23,9.16,9.24,9.08,8905,8147579.0,1.74,-0.54,-0.05,1.14,6.28,7.71,9.14,9.69,11.45,5.18,4.07,5.51,5.07,2.97,9.31,9.48,9.64,9.72,0.22,-0.98,-1.09,-2.84,-9.83,-10.92,-9.61,-8.41,-9.06,-11.14
2012-03-23,002370,9.18,8.99,9.18,8.97,7655,6919946.0,2.29,-1.86,-0.17,0.98,9.03,10.48,11.04,12.82,6.47,5.35,6.8,6.35,4.24,3.01,9.22,9.4,9.58,9.74,0.89,0.78,-1.0,-8.12,-9.23,-7.9,-6.67,-7.34,-9.45,-8.79
2012-03-26,002370,8.99,8.95,9.07,8.89,6710,6004284.0,2.0,-0.44,-0.04,0.86,11.47,12.04,13.84,7.42,6.3,7.76,7.31,5.17,3.94,3.26,9.1,9.31,9.52,9.74,1.23,-0.56,-7.71,-8.83,-7.49,-6.26,-6.93,-9.05,-8.38,-5.59
2012-03-27,002370,9.01,8.9,9.06,8.86,7226,6476752.0,2.23,-0.56,-0.05,0.93,12.42,14.22,7.79,6.66,8.13,7.67,5.53,4.29,3.61,2.37,9.04,9.21,9.47,9.71,0.0,-7.19,-8.31,-6.97,-5.73,-6.4,-8.54,-7.87,-5.06,-3.48
2012-03-28,002370,8.9,8.23,8.9,8.21,14688,12545503.0,7.75,-7.53,-0.67,1.88,23.26,16.32,15.1,16.69,16.2,13.89,12.55,11.81,10.48,10.35,8.85,9.1,9.4,9.63,0.36,-0.85,0.61,1.94,1.22,-1.09,-0.36,2.67,4.37,3.89
2012-03-29,002370,8.22,8.07,8.26,7.91,15228,12310849.0,4.25,-1.94,-0.16,1.95,20.73,19.47,21.11,20.61,18.2,16.81,16.06,14.66,14.54,12.52,8.63,8.97,9.32,9.56,1.12,2.6,3.97,3.22,0.87,1.61,4.71,6.44,5.95,15.99
2012-03-30,002370,8.07,8.08,8.16,7.9,9639,7770512.0,3.22,0.12,0.01,1.23,19.62,21.27,20.76,18.35,16.96,16.2,14.81,14.68,12.66,4.56,8.45,8.83,9.23,9.49,2.48,3.84,3.09,0.74,1.49,4.58,6.31,5.82,15.84,12.62
2012-04-05,002370,7.85,8.27,8.28,7.85,9293,7576888.0,5.32,2.35,0.19,1.19,22.04,21.53,19.11,17.71,16.94,15.54,15.41,13.38,5.22,3.95,8.31,8.71,9.15,9.43,1.45,0.73,-1.57,-0.85,2.18,3.87,3.39,13.18,10.04,9.92
2012-04-06,002370,8.2,8.3,8.39,8.2,8489,7060400.0,2.3,0.36,0.03,1.09,16.34,14.02,12.68,11.95,10.61,10.49,8.54,0.73,-0.49,0.98,8.19,8.62,9.08,9.37,0.36,-1.93,-1.2,1.81,3.49,3.01,12.77,9.64,9.52,7.83
2012-04-09,002370,8.3,8.13,8.33,8.1,5641,4632294.0,2.77,-2.05,-0.17,0.72,15.43,14.07,13.33,11.98,11.85,9.88,1.98,0.74,2.22,3.58,8.17,8.51,9.01,9.3,0.12,0.86,3.94,5.66,5.17,15.13,11.93,11.81,10.09,10.09
2012-04-10,002370,8.02,8.12,8.14,7.72,9307,7444941.0,5.17,-0.12,-0.01,1.19,19.69,18.91,17.49,17.36,15.28,6.99,5.7,7.25,8.68,7.9,8.18,8.4,8.94,9.23,0.99,4.06,5.79,5.3,15.27,12.07,11.95,10.22,10.22,6.53
2012-04-11,002370,8.08,8.1,8.2,7.95,7099,5741082.0,3.08,-0.25,-0.02,0.91,15.47,14.09,13.96,11.95,3.9,2.64,4.15,5.53,4.78,2.39,8.18,8.31,8.86,9.16,4.32,6.05,5.56,15.56,12.35,12.22,10.49,10.49,6.79,5.31
2012-04-12,002370,8.15,8.41,8.45,8.15,16135,13452497.0,3.7,3.83,0.31,2.07,11.29,11.17,9.2,1.35,0.12,1.6,2.94,2.21,-0.12,0.61,8.21,8.26,8.78,9.1,2.14,1.66,11.3,8.2,8.09,6.42,6.42,2.85,1.43,3.33
2012-04-13,002370,8.38,8.49,8.59,8.38,12690,10771637.0,2.5,0.95,0.08,1.63,8.11,6.21,-1.43,-2.63,-1.19,0.12,-0.6,-2.86,-2.15,0.84,8.25,8.22,8.71,9.06,0.71,10.25,7.18,7.07,5.42,5.42,1.88,0.47,2.36,2.24
2012-04-16,002370,8.41,8.51,8.55,8.31,8302,6982176.0,2.83,0.24,0.02,1.06,7.1,-0.6,-1.81,-0.36,0.96,0.24,-2.05,-1.32,1.68,3.37,8.33,8.25,8.68,9.01,9.99,6.93,6.82,5.17,5.17,1.65,0.24,2.12,2.0,1.88
2012-04-17,002370,8.59,8.96,9.36,8.41,39655,35546201.0,11.16,5.29,0.45,5.08,-1.78,-2.97,-1.55,-0.24,-0.95,-3.21,-2.5,0.48,2.14,1.66,8.49,8.34,8.65,8.99,1.56,1.45,-0.11,-0.11,-3.46,-4.8,-3.01,-3.13,-3.24,-7.7
2012-04-18,002370,8.88,9.1,9.1,8.66,24643,21875423.0,4.91,1.56,0.14,3.16,-5.77,-4.39,-3.12,-3.81,-6.0,-5.31,-2.42,-0.81,-1.27,8.08,8.69,8.44,8.64,8.97,-0.11,-1.65,-1.65,-4.95,-6.26,-4.51,-4.62,-4.73,-9.12,-10.11
2012-04-19,002370,9.01,8.89,9.09,8.83,15994,14241583.0,2.86,-2.31,-0.21,2.05,-6.23,-4.98,-5.66,-7.81,-7.13,-4.3,-2.72,-3.17,6.0,3.06,8.79,8.5,8.6,8.93,0.67,0.67,-2.7,-4.05,-2.25,-2.36,-2.47,-6.97,-7.99,-8.77
2012-04-20,002370,8.86,8.8,8.95,8.71,13323,11786827.0,2.7,-1.01,-0.09,1.71,-3.67,-4.36,-6.54,-5.86,-2.99,-1.38,-1.84,7.46,4.48,4.36,8.85,8.55,8.58,8.91,1.7,-1.7,-3.07,-1.25,-1.36,-1.48,-6.02,-7.05,-7.84,-6.25
2012-04-23,002370,8.8,8.63,8.95,8.63,11083,9696026.0,3.64,-1.93,-0.17,1.42,-3.48,-5.68,-4.98,-2.09,-0.46,-0.93,8.46,5.45,5.33,3.71,8.88,8.6,8.55,8.88,0.23,-1.16,0.7,0.58,0.46,-4.17,-5.21,-6.03,-4.4,-2.67
2012-04-24,002370,8.58,8.3,8.65,8.15,14761,12360237.0,5.79,-3.82,-0.33,1.89,-0.12,0.61,3.68,5.4,4.91,14.85,11.66,11.53,9.82,9.82,8.74,8.62,8.51,8.83,2.77,4.7,4.58,4.46,-0.36,-1.45,-2.29,-0.6,1.2,3.49
2012-04-25,002370,8.35,8.49,8.53,8.25,8882,7469101.0,3.37,2.29,0.19,1.14,-0.61,2.42,4.12,3.64,13.45,10.3,10.18,8.48,8.48,4.85,8.62,8.66,8.49,8.79,2.36,2.24,2.12,-2.59,-3.65,-4.48,-2.83,-1.06,1.18,-1.18
2012-04-26,002370,8.5,8.53,8.69,8.5,11353,9752081.0,2.24,0.47,0.04,1.45,-0.59,1.06,0.59,10.12,7.06,6.94,5.29,5.29,1.76,0.35,8.55,8.67,8.47,8.75,1.76,1.64,-3.05,-4.1,-4.92,-3.28,-1.52,0.7,-1.64,-3.52
2012-04-27,002370,8.53,8.54,8.68,8.48,5704,4886445.0,2.34,0.12,0.01,0.73,1.3,0.83,10.38,7.31,7.19,5.54,5.54,2.0,0.59,2.48,8.5,8.67,8.45,8.7,1.52,-3.16,-4.22,-5.04,-3.4,-1.64,0.59,-1.76,-3.63,-4.22
2012-05-02,002370,8.67,8.44,8.67,8.27,18976,16010585.0,4.68,-1.17,-0.1,2.43,3.39,13.18,10.04,9.92,8.22,8.22,4.59,3.14,5.08,4.96,8.46,8.67,8.46,8.67,-2.01,-3.08,-3.91,-2.25,-0.47,1.78,-0.59,-2.49,-3.08,-3.32
2012-05-04,002370,8.05,8.24,8.27,7.73,42333,33753236.0,6.4,-2.37,-0.2,5.42,21.09,17.72,17.59,15.78,15.78,11.9,10.35,12.42,12.29,12.16,8.45,8.6,8.47,8.63,-0.73,-1.58,0.12,1.94,4.25,1.82,-0.12,-0.73,-0.97,-1.7
2012-05-07,002370,8.09,8.15,8.18,8.04,21565,17545536.0,1.7,-1.09,-0.09,2.76,13.18,13.06,11.32,11.32,7.59,6.09,8.08,7.96,7.84,2.86,8.38,8.5,8.47,8.59,-0.49,1.23,3.07,5.4,2.94,0.98,0.37,0.12,-0.61,1.6
2012-05-09,002370,8.11,7.96,8.11,7.9,15017,12010242.0,2.58,-2.33,-0.19,1.92,15.06,13.29,13.29,9.49,7.97,10.0,9.87,9.75,4.68,3.54,8.27,8.41,8.45,8.54,3.64,5.53,7.91,5.4,3.39,2.76,2.51,1.76,4.02,3.77
2012-05-10,002370,7.95,8.19,8.25,7.95,20289,16552819.0,3.77,2.89,0.23,2.6,12.58,12.58,8.81,7.3,9.31,9.18,9.06,4.03,2.89,2.01,8.2,8.35,8.45,8.5,2.56,4.88,2.44,0.49,-0.12,-0.37,-1.1,1.1,0.85,0.0
2012-05-11,002370,8.21,8.25,8.4,8.18,24703,20472196.0,2.69,0.73,0.06,3.16,9.41,5.75,4.28,6.23,6.11,5.99,1.1,0.0,-0.86,0.86,8.16,8.31,8.45,8.47,4.12,1.7,-0.24,-0.85,-1.09,-1.82,0.36,0.12,-0.73,-1.21
2012-05-14,002370,8.3,8.46,8.59,8.29,31648,26721481.0,3.64,2.55,0.21,4.05,4.34,2.9,4.83,4.7,4.58,-0.24,-1.33,-2.17,-0.48,1.33,8.2,8.32,8.47,8.45,-0.83,-2.72,-3.31,-3.55,-4.26,-2.13,-2.36,-3.19,-3.66,-4.96
2012-05-15,002370,8.39,8.16,8.39,8.06,17820,14586617.0,3.9,-3.55,-0.3,2.28,5.83,7.82,7.69,7.57,2.61,1.49,0.62,2.36,4.22,6.58,8.2,8.29,8.47,8.42,0.86,0.25,0.0,-0.74,1.47,1.23,0.37,-0.12,-1.47,0.12
2012-05-16,002370,8.16,8.1,8.23,8.0,10495,8516924.0,2.82,-0.74,-0.06,1.34,8.62,8.5,8.38,3.37,2.25,1.37,3.12,5.0,7.37,4.88,8.23,8.25,8.46,8.39,0.99,0.74,0.0,2.22,1.98,1.11,0.62,-0.74,0.86,1.98
2012-05-17,002370,8.17,8.15,8.18,8.03,9189,7463742.0,1.85,0.62,0.05,1.18,8.09,7.97,2.99,1.87,1.0,2.74,4.61,6.97,4.48,2.49,8.22,8.21,8.44,8.37,0.12,-0.61,1.6,1.35,0.49,0.0,-1.35,0.25,1.35,4.05
2012-05-18,002370,8.15,7.99,8.16,7.98,11708,9420260.0,2.21,-1.96,-0.16,1.5,8.65,3.63,2.51,1.63,3.38,5.26,7.64,5.14,3.13,2.51,8.17,8.16,8.42,8.36,1.38,3.63,3.38,2.5,2.0,0.63,2.25,3.38,6.13,7.38
2012-05-21,002370,7.98,8.06,8.1,7.94,7345,5891209.0,2.0,0.88,0.07,0.94,4.16,3.02,2.14,3.9,5.79,8.19,5.67,3.65,3.02,2.77,8.09,8.15,8.37,8.36,2.73,2.48,1.61,1.12,-0.25,1.36,2.48,5.21,6.45,4.96
2012-05-22,002370,8.09,8.27,8.28,8.05,13121,10761801.0,2.85,2.61,0.21,1.68,1.61,0.75,2.48,4.35,6.71,4.22,2.24,1.61,1.37,0.62,8.11,8.16,8.33,8.37,-0.12,-0.97,-1.45,-2.78,-1.21,-0.12,2.54,3.75,2.3,3.51
2012-05-23,002370,8.26,8.23,8.26,8.08,7936,6483515.0,2.18,-0.48,-0.04,1.02,0.37,2.1,3.96,6.31,3.84,1.86,1.24,0.99,0.25,2.48,8.14,8.19,8.3,8.36,-0.49,-0.97,-2.31,-0.73,0.36,3.04,4.25,2.79,4.01,5.71
2012-05-24,002370,8.19,8.15,8.19,8.07,7196,5838258.0,1.46,-0.97,-0.08,0.92,2.23,4.09,6.44,3.97,1.98,1.36,1.12,0.37,2.6,2.35,8.14,8.18,8.26,8.36,0.0,-1.35,0.25,1.35,4.05,5.28,3.8,5.03,6.75,8.34
2012-05-25,002370,8.15,8.06,8.15,7.97,8070,6488608.0,2.21,-1.1,-0.09,1.03,5.4,7.78,5.27,3.26,2.63,2.38,1.63,3.89,3.64,2.76,8.15,8.16,8.24,8.36,-0.25,1.36,2.48,5.21,6.45,4.96,6.2,7.94,9.55,8.56
2012-05-28,002370,7.99,7.96,8.04,7.6,10799,8434364.0,5.46,-1.24,-0.1,1.38,13.03,10.39,8.29,7.63,7.37,6.58,8.95,8.68,7.76,7.24,8.13,8.11,8.22,8.35,2.64,3.77,6.53,7.79,6.28,7.54,9.3,10.93,9.92,9.3
2012-05-29,002370,7.92,8.15,8.17,7.8,14501,11578698.0,4.65,2.39,0.19,1.86,7.56,5.51,4.87,4.62,3.85,6.15,5.9,5.0,4.49,3.08,8.11,8.11,8.2,8.35,1.35,4.05,5.28,3.8,5.03,6.75,8.34,7.36,6.75,4.79
2012-05-30,002370,8.11,8.25,8.26,8.08,15428,12647908.0,2.21,1.23,0.1,1.98,1.86,1.24,0.99,0.25,2.48,2.23,1.36,0.87,-0.5,1.11,8.11,8.13,8.19,8.35,2.79,4.0,2.55,3.76,5.45,7.03,6.06,5.45,3.52,3.88
2012-05-31,002370,8.19,8.4,8.48,8.17,23778,19878182.0,3.76,1.82,0.15,3.05,0.12,-0.12,-0.86,1.35,1.1,0.24,-0.24,-1.59,0.0,1.1,8.16,8.15,8.18,8.35,2.14,0.71,1.9,3.57,5.12,4.17,3.57,1.67,2.02,3.33
2012-06-01,002370,8.46,8.41,8.58,8.34,16521,13943572.0,2.86,0.12,0.01,2.12,-2.16,-2.88,-0.72,-0.96,-1.8,-2.28,-3.6,-2.04,-0.96,1.68,8.23,8.19,8.18,8.34,0.59,1.78,3.45,4.99,4.04,3.45,1.55,1.9,3.21,6.06
2012-06-04,002370,8.3,8.33,8.46,8.26,14885,12408762.0,2.38,-0.95,-0.08,1.91,-1.94,0.24,0.0,-0.85,-1.33,-2.66,-1.09,0.0,2.66,3.87,8.31,8.22,8.18,8.32,2.76,4.44,6.0,5.04,4.44,2.52,2.88,4.2,7.08,17.41
2012-06-05,002370,8.35,8.56,8.56,8.21,24121,20425382.0,4.2,2.76,0.23,3.09,0.85,0.61,-0.24,-0.73,-2.07,-0.49,0.61,3.29,4.51,3.05,8.39,8.25,8.2,8.3,1.64,3.15,2.22,1.64,-0.23,0.12,1.4,4.21,14.25,12.73
2012-06-06,002370,8.6,8.67,8.7,8.45,23226,19930087.0,2.92,1.29,0.11,2.97,-2.25,-3.08,-3.55,-4.85,-3.31,-2.25,0.36,1.54,0.12,1.3,8.47,8.29,8.24,8.3,1.85,0.92,0.35,-1.5,-1.15,0.12,2.88,12.8,11.3,10.15
2012-06-07,002370,8.69,8.68,8.83,8.54,20554,17810010.0,3.34,0.12,0.01,2.63,-4.1,-4.57,-5.85,-4.33,-3.28,-0.7,0.47,-0.94,0.23,1.87,8.53,8.35,8.26,8.29,0.81,0.23,-1.61,-1.27,0.0,2.76,12.67,11.18,10.02,12.1
2012-06-08,002370,8.7,8.66,8.75,8.59,15465,13370237.0,1.84,-0.23,-0.02,1.98,-5.12,-6.4,-4.89,-3.84,-1.28,-0.12,-1.51,-0.35,1.28,2.79,8.58,8.41,8.28,8.29,0.46,-1.39,-1.04,0.23,3.0,12.93,11.43,10.28,12.36,7.27
2012-06-11,002370,8.66,8.59,8.7,8.4,23784,20263320.0,3.46,-0.81,-0.07,3.05,-4.29,-2.74,-1.67,0.95,2.14,0.71,1.9,3.57,5.12,4.17,8.63,8.47,8.29,8.3,-0.58,-0.23,1.05,3.84,13.85,12.34,11.18,13.27,8.15,3.61
2012-06-12,002370,8.53,8.38,8.54,8.3,21106,17742844.0,2.79,-2.44,-0.21,2.7,-1.57,-0.48,2.17,3.37,1.93,3.13,4.82,6.39,5.42,4.82,8.6,8.49,8.3,8.3,2.27,3.58,6.44,16.71,15.16,13.96,16.11,10.86,6.21,5.97
2012-06-13,002370,8.41,8.56,8.57,8.31,17925,15228198.0,3.1,2.15,0.18,2.3,-0.6,2.05,3.25,1.81,3.01,4.69,6.26,5.29,4.69,2.77,8.57,8.52,8.33,8.3,1.4,4.21,14.25,12.73,11.57,13.67,8.53,3.97,3.74,2.69
2012-06-14,002370,8.65,8.44,8.68,8.4,15648,13412205.0,3.27,-1.4,-0.12,2.0,0.95,2.14,0.71,1.9,3.57,5.12,4.17,3.57,1.67,2.02,8.53,8.53,8.34,8.3,5.69,15.88,14.34,13.15,15.28,10.07,5.45,5.21,4.15,1.9
2012-06-15,002370,8.4,8.91,8.92,8.4,41794,36535969.0,6.16,5.57,0.47,5.35,2.14,0.71,1.9,3.57,5.12,4.17,3.57,1.67,2.02,3.33,8.58,8.58,8.39,8.31,9.76,8.31,7.18,9.2,4.26,-0.11,-0.34,-1.35,-3.48,0.79
2012-06-18,002370,8.98,9.4,9.78,8.91,76308,71520967.0,9.76,5.5,0.49,9.77,-5.05,-3.93,-2.36,-0.9,-1.8,-2.36,-4.15,-3.82,-2.58,0.11,8.74,8.68,8.45,8.35,2.66,1.6,3.51,-1.17,-5.32,-5.53,-6.49,-8.51,-4.47,-4.68
2012-06-19,002370,9.33,9.26,9.65,9.08,39924,37308391.0,6.06,-1.49,-0.14,5.11,-5.73,-4.19,-2.75,-3.63,-4.19,-5.95,-5.62,-4.41,-1.76,7.71,8.91,8.75,8.5,8.39,3.13,5.08,0.32,-3.89,-4.1,-5.08,-7.13,-3.02,-3.24,-2.38
2012-06-20,002370,9.22,9.53,9.55,9.11,41945,39081535.0,4.75,2.92,0.27,5.37,-4.5,-3.07,-3.95,-4.5,-6.26,-5.93,-4.72,-2.09,7.35,5.93,9.11,8.84,8.57,8.44,2.1,-2.52,-6.61,-6.82,-7.76,-9.76,-5.77,-5.98,-5.14,-2.73
2012-06-21,002370,9.41,9.36,9.73,9.31,33106,31478564.0,4.41,-1.78,-0.17,4.24,-5.16,-6.02,-6.55,-8.27,-7.95,-6.77,-4.19,5.05,3.65,2.58,9.29,8.91,8.63,8.48,-0.75,-4.91,-5.13,-6.09,-8.12,-4.06,-4.27,-3.42,-0.96,0.64
2012-06-25,002370,9.29,8.83,9.29,8.82,23796,21524830.0,5.02,-5.66,-0.53,3.05,-0.79,-1.36,-3.17,-2.83,-1.59,1.13,10.88,9.41,8.28,10.32,9.28,8.93,8.67,8.5,0.79,0.57,-0.45,-2.6,1.7,1.47,2.38,4.98,6.68,8.61
2012-06-26,002370,8.7,8.61,8.9,8.43,13876,11973867.0,5.32,-2.49,-0.22,1.78,3.2,1.3,1.66,2.97,5.81,16.01,14.47,13.29,15.42,10.2,9.12,8.93,8.7,8.5,3.14,2.09,-0.12,4.3,4.07,4.99,7.67,9.41,11.38,8.01
2012-06-27,002370,8.62,8.73,8.88,8.57,13456,11751521.0,3.6,1.39,0.12,1.72,-0.35,0.0,1.28,4.08,14.12,12.6,11.44,13.54,8.4,3.85,9.01,8.96,8.73,8.52,0.69,-1.49,2.86,2.63,3.55,6.19,7.9,9.85,6.53,4.93
2012-06-28,002370,8.73,8.45,8.79,8.45,8265,7112815.0,3.89,-3.21,-0.28,1.06,1.42,2.72,5.56,15.74,14.2,13.02,15.15,9.94,5.33,5.09,8.8,8.95,8.74,8.53,1.78,6.27,6.04,6.98,9.7,11.48,13.49,10.06,8.4,9.23
2012-06-29,002370,8.3,8.58,8.6,8.3,8970,7600394.0,3.55,1.54,0.13,1.15,4.58,7.47,17.83,16.27,15.06,17.23,11.93,7.23,6.99,5.9,8.64,8.97,8.75,8.55,4.66,4.43,5.36,8.04,9.79,11.77,8.39,6.76,7.58,6.64
2012-07-02,002370,8.63,8.78,8.98,8.58,16244,14312008.0,4.66,2.33,0.2,2.08,3.96,13.99,12.47,11.31,13.4,8.28,3.73,3.5,2.45,0.23,8.63,8.95,8.77,8.57,2.05,2.96,5.58,7.29,9.23,5.92,4.33,5.13,4.21,0.91
2012-07-03,002370,8.84,8.68,8.96,8.66,13732,12071902.0,3.42,-1.14,-0.1,1.76,12.93,11.43,10.28,12.36,7.27,2.77,2.54,1.5,-0.69,3.7,8.64,8.88,8.78,8.6,4.15,6.8,8.53,10.48,7.14,5.53,6.34,5.41,2.07,1.84
2012-07-04,002370,8.71,9.04,9.04,8.61,19598,17328280.0,4.95,4.15,0.36,2.51,12.08,10.92,13.01,7.9,3.37,3.14,2.09,-0.12,4.3,4.07,8.71,8.86,8.81,8.62,2.54,4.2,6.08,2.88,1.33,2.1,1.22,-1.99,-2.21,-3.76
2012-07-05,002370,9.08,9.14,9.27,8.92,25797,23465859.0,3.87,1.11,0.1,3.3,7.06,9.08,4.15,-0.22,-0.45,-1.46,-3.59,0.67,0.45,1.35,8.84,8.82,8.83,8.65,3.06,4.92,1.75,0.22,0.98,0.11,-3.06,-3.28,-4.81,-3.06
2012-07-06,002370,9.14,9.42,9.42,9.03,40568,37631990.0,4.27,3.06,0.28,5.2,7.75,2.88,-1.44,-1.66,-2.66,-4.76,-0.55,-0.78,0.11,2.66,9.01,8.83,8.87,8.69,1.8,-1.27,-2.76,-2.02,-2.87,-5.94,-6.16,-7.64,-5.94,-6.58
2012-07-09,002370,9.49,9.17,9.59,9.16,29756,27939595.0,4.56,-2.65,-0.25,3.81,1.42,-2.84,-3.06,-4.04,-6.11,-1.97,-2.18,-1.31,1.2,2.84,9.09,8.86,8.89,8.73,1.42,-0.11,0.65,-0.22,-3.38,-3.6,-5.13,-3.38,-4.03,-5.13
2012-07-10,002370,9.15,9.16,9.3,9.01,14697,13392959.0,3.16,-0.11,-0.01,1.88,-1.22,-1.44,-2.44,-4.55,-0.33,-0.55,0.33,2.89,4.55,6.44,9.19,8.91,8.92,8.77,0.0,0.76,-0.11,-3.28,-3.49,-5.02,-3.28,-3.93,-5.02,-5.13
2012-07-11,002370,9.06,9.08,9.16,8.75,20046,17893973.0,4.48,-0.87,-0.08,2.57,1.49,0.46,-1.71,2.63,2.4,3.31,5.94,7.66,9.6,6.29,9.19,8.95,8.96,8.8,1.65,0.77,-2.42,-2.64,-4.19,-2.42,-3.08,-4.19,-4.3,3.08
2012-07-12,002370,9.03,9.1,9.23,8.86,22210,20164753.0,4.07,0.22,0.02,2.84,-0.79,-2.93,1.35,1.13,2.03,4.63,6.32,8.24,4.97,3.39,9.19,9.01,8.98,8.83,0.55,-2.64,-2.86,-4.4,-2.64,-3.3,-4.4,-4.51,2.86,2.75
2012-07-13,002370,9.11,8.88,9.15,8.83,19395,17292483.0,3.52,-2.42,-0.22,2.48,-2.6,1.7,1.47,2.38,4.98,6.68,8.61,5.32,3.74,4.53,9.08,9.04,9.01,8.85,-0.23,-0.45,-2.03,-0.23,-0.9,-2.03,-2.14,5.41,5.29,4.28
2012-07-16,002370,8.86,8.6,8.86,8.4,21297,18244503.0,5.18,-3.15,-0.28,2.73,6.9,6.67,7.62,10.36,12.14,14.17,10.71,9.05,9.88,8.93,8.96,9.03,8.99,8.85,2.79,1.16,3.02,2.33,1.16,1.05,8.84,8.72,7.67,5.47
2012-07-17,002370,8.61,8.67,8.84,8.55,11351,9831752.0,3.37,0.81,0.07,1.45,4.8,5.73,8.42,10.18,12.16,8.77,7.13,7.95,7.02,3.63,8.87,9.03,8.95,8.86,0.35,2.19,1.5,0.35,0.23,7.96,7.84,6.81,4.61,2.42
2012-07-18,002370,8.7,8.59,8.7,8.47,10000,8561102.0,2.65,-0.92,-0.08,1.28,6.73,9.45,11.22,13.22,9.8,8.15,8.97,8.03,4.6,4.37,8.77,8.98,8.92,8.86,3.14,2.44,1.28,1.16,8.96,8.85,7.8,5.59,3.38,3.14
2012-07-19,002370,8.58,8.75,8.86,8.49,13943,12129261.0,4.31,1.86,0.16,1.79,9.19,10.95,12.96,9.54,7.89,8.72,7.77,4.36,4.12,2.47,8.7,8.94,8.88,8.87,0.57,-0.57,-0.69,6.97,6.86,5.83,3.66,1.49,1.26,2.86
2012-07-20,002370,8.76,8.7,8.8,8.63,8253,7175416.0,1.94,-0.57,-0.05,1.06,9.15,11.12,7.76,6.14,6.95,6.03,2.67,2.43,0.81,2.67,8.66,8.87,8.85,8.87,0.0,-0.11,7.59,7.47,6.44,4.25,2.07,1.84,3.45,5.4
2012-07-23,002370,8.65,8.62,8.7,8.5,5442,4672493.0,2.3,-0.92,-0.08,0.7,12.82,9.41,7.76,8.59,7.65,4.24,4.0,2.35,4.24,3.53,8.67,8.81,8.84,8.87,0.81,8.58,8.47,7.42,5.22,3.02,2.78,4.41,6.38,8.12
2012-07-24,002370,8.6,8.66,8.69,8.54,9971,8587405.0,1.74,0.46,0.04,1.28,8.9,7.26,8.08,7.14,3.75,3.51,1.87,3.75,3.04,1.87,8.66,8.76,8.84,8.87,8.08,7.97,6.93,4.73,2.54,2.31,3.93,5.89,7.62,7.39
2012-07-25,002370,8.66,9.21,9.36,8.63,35204,31878560.0,8.43,6.35,0.55,4.51,6.14,6.95,6.03,2.67,2.43,0.81,2.67,1.97,0.81,0.7,8.79,8.78,8.86,8.9,1.52,0.54,-1.52,-3.58,-3.8,-2.28,-0.43,1.19,0.98,2.06
2012-07-26,002370,9.08,9.25,9.35,9.0,28443,26110747.0,3.8,0.43,0.04,3.64,2.56,1.67,-1.56,-1.78,-3.33,-1.56,-2.22,-3.33,-3.44,4.0,8.89,8.79,8.9,8.92,0.11,-1.95,-4.0,-4.22,-2.7,-0.86,0.76,0.54,1.62,-0.22
2012-07-27,002370,9.26,8.95,9.26,8.85,22819,20627259.0,4.43,-3.24,-0.3,2.92,3.39,0.11,-0.11,-1.69,0.11,-0.56,-1.69,-1.81,5.76,5.65,8.94,8.8,8.92,8.94,1.34,-0.78,-1.01,0.56,2.46,4.13,3.91,5.03,3.13,4.13
2012-07-30,002370,8.95,8.86,9.07,8.66,12234,10790253.0,4.58,-1.01,-0.09,1.57,2.31,2.08,0.46,2.31,1.62,0.46,0.35,8.08,7.97,6.93,8.99,8.83,8.93,8.94,0.23,0.0,1.58,3.5,5.19,4.97,6.09,4.18,5.19,4.29
2012-07-31,002370,8.71,8.64,8.88,8.57,11798,10232880.0,3.5,-2.48,-0.22,1.51,3.15,1.52,3.38,2.68,1.52,1.4,9.22,9.1,8.05,5.83,8.98,8.82,8.92,8.91,2.55,4.17,6.13,7.87,7.64,8.8,6.83,7.87,6.94,10.76
2012-08-01,002370,8.64,8.83,8.86,8.64,9248,8101737.0,2.55,2.2,0.19,1.18,0.69,2.55,1.85,0.69,0.58,8.33,8.22,7.18,4.98,2.78,8.91,8.85,8.91,8.9,1.93,3.85,5.55,5.32,6.46,4.53,5.55,4.64,8.38,7.93
2012-08-02,002370,8.84,8.91,9.0,8.72,16233,14403555.0,3.17,0.91,0.08,2.08,1.61,0.92,-0.23,-0.34,7.34,7.22,6.19,4.01,1.83,1.61,8.84,8.86,8.9,8.87,2.92,4.6,4.38,5.5,3.59,4.6,3.7,7.41,6.96,5.84
2012-08-03,002370,8.93,9.14,9.17,8.84,17663,15957921.0,3.7,2.58,0.23,2.26,-0.45,-1.58,-1.7,5.88,5.77,4.75,2.6,0.45,0.23,1.81,8.88,8.91,8.89,8.87,1.97,1.75,2.84,0.98,1.97,1.09,4.7,4.27,3.17,2.41
2012-08-06,002370,9.12,9.2,9.32,9.03,32763,30075280.0,3.17,0.66,0.06,4.2,-3.65,-3.77,3.65,3.54,2.55,0.44,-1.66,-1.88,-0.33,1.55,8.94,8.96,8.89,8.88,1.09,2.17,0.33,1.3,0.43,4.02,3.59,2.5,1.74,1.74
2012-08-07,002370,9.22,9.28,9.3,9.11,24722,22823686.0,2.07,0.87,0.08,3.17,-4.61,2.74,2.63,1.65,-0.44,-2.52,-2.74,-1.21,0.66,2.31,9.07,9.03,8.9,8.9,1.29,-0.54,0.43,-0.43,3.12,2.69,1.62,0.86,0.86,1.72
2012-08-08,002370,9.25,9.16,9.4,9.02,19642,17980790.0,4.09,-1.29,-0.12,2.52,3.77,3.66,2.66,0.55,-1.55,-1.77,-0.22,1.66,3.33,3.1,9.14,9.02,8.9,8.92,0.76,1.75,0.87,4.48,4.04,2.95,2.18,2.18,3.06,2.18
2012-08-09,002370,9.15,9.22,9.23,9.06,16097,14739926.0,1.86,0.66,0.06,2.06,3.2,2.21,0.11,-1.99,-2.21,-0.66,1.21,2.87,2.65,3.75,9.2,9.02,8.91,8.94,1.08,0.22,3.8,3.36,2.28,1.52,1.52,2.39,1.52,1.52
2012-08-10,002370,9.27,9.17,9.32,9.05,16147,14775028.0,2.93,-0.54,-0.05,2.07,2.32,0.22,-1.88,-2.1,-0.55,1.33,2.98,2.76,3.87,1.99,9.21,9.04,8.92,8.96,0.76,4.36,3.93,2.84,2.07,2.07,2.94,2.07,2.07,1.96
2012-08-13,002370,9.19,9.06,9.24,9.03,18089,16479537.0,2.29,-1.2,-0.11,2.32,0.44,-1.66,-1.88,-0.33,1.55,3.21,2.99,4.1,2.21,3.21,9.18,9.06,8.94,8.97,5.63,5.19,4.08,3.31,3.31,4.19,3.31,3.31,3.2,1.77
2012-08-14,002370,9.13,9.54,9.57,9.13,56765,53123215.0,4.86,5.3,0.48,7.27,-2.74,-2.96,-1.42,0.44,2.08,1.86,2.96,1.1,2.08,1.2,9.23,9.15,8.99,9.0,-0.1,-1.15,-1.89,-1.89,-1.05,-1.89,-1.89,-1.99,-3.35,-5.97
2012-08-15,002370,9.45,9.37,9.53,9.3,25412,23872447.0,2.41,-1.78,-0.17,3.25,-4.73,-3.23,-1.4,0.22,0.0,1.08,-0.75,0.22,-0.65,2.9,9.27,9.2,9.03,9.01,0.64,-0.11,-0.11,0.75,-0.11,-0.11,-0.21,-1.6,-4.27,-4.48
2012-08-16,002370,9.38,9.23,9.43,9.09,21419,19858774.0,3.63,-1.49,-0.14,2.74,-0.99,0.88,2.53,2.31,3.41,1.54,2.53,1.65,5.28,4.84,9.27,9.24,9.05,9.01,1.41,1.41,2.28,1.41,1.41,1.3,-0.11,-2.82,-3.03,-2.6
2012-08-17,002370,9.12,9.33,9.36,9.12,12976,11959297.0,2.6,1.08,0.1,1.66,0.55,2.19,1.97,3.07,1.21,2.19,1.32,4.93,4.5,3.4,9.31,9.26,9.08,9.01,0.32,1.18,0.32,0.32,0.21,-1.18,-3.86,-4.07,-3.64,-5.47
2012-08-20,002370,9.28,9.33,9.36,9.15,9302,8593111.0,2.25,0.0,0.0,1.19,1.86,1.64,2.73,0.87,1.86,0.98,4.59,4.15,3.06,2.3,9.36,9.27,9.12,9.02,1.18,0.32,0.32,0.21,-1.18,-3.86,-4.07,-3.64,-5.47,-8.04
2012-08-21,002370,9.34,9.31,9.44,9.27,16592,15496578.0,1.82,-0.21,-0.02,2.13,0.32,1.4,-0.43,0.54,-0.32,3.24,2.8,1.73,0.97,0.97,9.31,9.27,9.15,9.02,0.54,0.54,0.43,-0.97,-3.65,-3.87,-3.44,-5.26,-7.84,-7.95
2012-08-22,002370,9.3,9.26,9.36,9.17,13989,12923455.0,2.04,-0.54,-0.05,1.79,2.51,0.65,1.64,0.76,4.36,3.93,2.84,2.07,2.07,2.94,9.29,9.28,9.15,9.03,1.08,0.97,-0.43,-3.13,-3.35,-2.92,-4.75,-7.34,-7.45,-8.75
2012-08-23,002370,9.28,9.36,9.36,9.13,13875,12838561.0,2.48,1.08,0.1,1.78,1.1,2.08,1.2,4.82,4.38,3.29,2.52,2.52,3.4,2.52,9.32,9.3,9.16,9.04,-0.11,-1.5,-4.17,-4.38,-3.95,-5.77,-8.33,-8.44,-9.72,-8.23
2012-08-24,002370,9.3,9.24,9.35,9.18,8996,8297114.0,1.82,-1.28,-0.12,1.15,1.53,0.65,4.25,3.81,2.72,1.96,1.96,2.83,1.96,1.96,9.3,9.3,9.17,9.05,-0.22,-2.92,-3.14,-2.71,-4.55,-7.14,-7.25,-8.55,-7.03,-3.9
2012-08-27,002370,9.12,8.92,9.22,8.72,23438,20807205.0,5.41,-3.46,-0.32,3.0,5.96,9.75,9.29,8.14,7.34,7.34,8.26,7.34,7.34,7.22,9.22,9.29,9.17,9.06,0.56,0.34,0.78,-1.12,-3.81,-3.92,-5.27,-3.7,-0.45,-0.67
2012-08-28,002370,8.81,8.95,8.97,8.8,5621,4990075.0,1.91,0.34,0.03,0.72,8.75,8.3,7.16,6.36,6.36,7.27,6.36,6.36,6.25,4.77,9.15,9.23,9.19,9.07,0.0,0.45,-1.45,-4.13,-4.25,-5.59,-4.02,-0.78,-1.01,-1.56
2012-08-29,002370,8.93,8.9,8.95,8.73,6842,6053008.0,2.46,-0.56,-0.05,0.88,9.16,8.02,7.22,7.22,8.13,7.22,7.22,7.1,5.61,2.75,9.07,9.18,9.19,9.08,1.01,-0.9,-3.6,-3.71,-5.06,-3.48,-0.22,-0.45,-1.01,0.11
2012-08-30,002370,8.92,8.8,8.99,8.6,10498,9184533.0,4.38,-1.12,-0.1,1.34,9.65,8.84,8.84,9.77,8.84,8.84,8.72,7.21,4.3,4.07,8.96,9.14,9.19,9.08,0.23,-2.5,-2.61,-3.98,-2.39,0.91,0.68,0.11,1.25,0.34
2012-08-31,002370,8.82,8.5,8.82,8.47,12223,10477192.0,3.98,-3.41,-0.3,1.57,10.51,10.51,11.45,10.51,10.51,10.39,8.85,5.9,5.67,6.14,8.81,9.06,9.16,9.07,0.94,0.82,-0.59,1.06,4.47,4.24,3.65,4.82,3.88,2.94
2012-09-03,002370,8.47,8.55,8.58,8.4,5882,5007753.0,2.12,0.59,0.05,0.75,11.43,12.38,11.43,11.43,11.31,9.76,6.79,6.55,7.02,5.0,8.74,8.98,9.12,9.07,0.23,-1.17,0.47,3.86,3.63,3.04,4.21,3.27,2.34,0.47
2012-09-04,002370,8.48,8.4,8.57,8.4,5477,4644240.0,1.99,-1.75,-0.15,0.7,12.38,11.43,11.43,11.31,9.76,6.79,6.55,7.02,5.0,2.14,8.63,8.89,9.08,9.06,0.6,2.26,5.71,5.48,4.88,6.07,5.12,4.17,2.26,-0.36
2012-09-05,002370,8.4,8.41,8.45,8.21,9124,7594400.0,2.86,0.12,0.01,1.17,14.01,14.01,13.89,12.3,9.26,9.01,9.5,7.43,4.51,4.38,8.53,8.8,9.04,9.04,2.14,5.59,5.35,4.76,5.95,4.99,4.04,2.14,-0.48,0.48
2012-09-06,002370,8.45,8.56,8.59,8.39,4567,3865754.0,2.38,1.78,0.15,0.58,11.56,11.44,9.89,6.91,6.67,7.15,5.13,2.26,2.15,0.72,8.48,8.72,9.01,9.01,3.74,3.5,2.92,4.09,3.15,2.22,0.35,-2.22,-1.29,-1.05
2012-09-07,002370,8.6,8.82,8.88,8.52,18176,15857728.0,4.21,3.04,0.26,2.33,9.74,8.22,5.28,5.05,5.52,3.52,0.7,0.59,-0.82,0.82,8.55,8.68,8.99,9.01,0.45,-0.11,1.02,0.11,-0.79,-2.61,-5.1,-4.2,-3.97,-4.99
2012-09-10,002370,8.82,8.81,8.86,8.71,10385,9103026.0,1.7,-0.11,-0.01,1.33,5.86,2.99,2.76,3.21,1.26,-1.49,-1.61,-2.99,-1.38,1.95,8.6,8.67,8.98,9.01,0.0,1.14,0.23,-0.68,-2.5,-4.99,-4.09,-3.86,-4.88,-4.43
2012-09-11,002370,8.81,8.76,8.81,8.68,7385,6448984.0,1.48,-0.57,-0.05,0.95,3.34,3.11,3.57,1.61,-1.15,-1.27,-2.65,-1.04,2.3,2.07,8.67,8.65,8.94,9.01,1.71,0.8,-0.11,-1.94,-4.45,-3.54,-3.31,-4.34,-3.88,-4.34
2012-09-12,002370,8.8,8.8,8.91,8.7,12855,11314825.0,2.4,0.46,0.04,1.65,2.87,3.33,1.38,-1.38,-1.49,-2.87,-1.26,2.07,1.84,1.26,8.75,8.64,8.91,9.01,0.34,-0.57,-2.39,-4.89,-3.98,-3.75,-4.77,-4.32,-4.77,-5.11
2012-09-13,002370,8.8,8.68,8.83,8.65,4281,3729001.0,2.05,-1.36,-0.12,0.55,3.93,1.97,-0.81,-0.92,-2.31,-0.69,2.66,2.43,1.85,3.01,8.77,8.63,8.88,9.0,0.81,-1.04,-3.57,-2.65,-2.42,-3.46,-3.0,-3.46,-3.8,-3.92
2012-09-14,002370,8.72,8.57,8.75,8.47,9600,8276670.0,3.23,-1.27,-0.11,1.23,4.13,1.3,1.18,-0.24,1.42,4.84,4.6,4.01,5.19,4.25,8.72,8.64,8.85,8.98,0.23,-2.33,-1.4,-1.17,-2.22,-1.75,-2.22,-2.57,-2.68,-2.22
2012-09-17,002370,8.59,8.3,8.59,7.77,7609,6340593.0,9.57,-3.15,-0.27,0.97,10.42,10.3,8.75,10.55,14.29,14.03,13.38,14.67,13.64,12.61,8.62,8.61,8.79,8.95,0.84,1.81,2.05,0.96,1.45,0.96,0.6,0.48,0.96,1.57
2012-09-18,002370,8.34,8.31,8.37,8.22,6499,5382180.0,1.81,0.12,0.01,0.83,4.26,2.8,4.5,8.03,7.79,7.18,8.39,7.42,6.45,4.5,8.53,8.6,8.74,8.92,1.68,1.93,0.84,1.32,0.84,0.48,0.36,0.84,1.44,2.05
2012-09-19,002370,8.36,8.38,8.45,8.28,4828,4028649.0,2.05,0.84,0.07,0.62,2.05,3.74,7.25,7.0,6.4,7.61,6.64,5.68,3.74,1.09,8.45,8.6,8.7,8.89,1.07,0.0,0.48,0.0,-0.36,-0.48,0.0,0.6,1.19,1.07
2012-09-20,002370,8.45,8.23,8.47,8.13,4710,3885181.0,4.06,-1.79,-0.15,0.6,5.66,9.23,8.98,8.36,9.59,8.61,7.63,5.66,2.95,3.94,8.36,8.57,8.64,8.86,1.82,2.31,1.82,1.46,1.34,1.82,2.43,3.04,2.92,2.79
2012-09-21,002370,8.29,8.29,8.38,8.11,5935,4896848.0,3.28,0.73,0.06,0.76,9.49,9.25,8.63,9.86,8.88,7.89,5.92,3.21,4.19,4.44,8.3,8.51,8.6,8.83,1.57,1.09,0.72,0.6,1.09,1.69,2.29,2.17,2.05,1.69
2012-09-24,002370,8.32,8.36,8.42,8.17,6578,5430328.0,3.02,0.84,0.07,0.84,8.45,7.83,9.06,8.08,7.1,5.14,2.45,3.43,3.67,2.57,8.31,8.47,8.57,8.81,0.24,-0.12,-0.24,0.24,0.84,1.44,1.32,1.2,0.84,0.24
2012-09-25,002370,8.38,8.31,8.38,8.22,2401,1986123.0,1.91,-0.6,-0.05,0.31,7.18,8.39,7.42,6.45,4.5,1.82,2.8,3.04,1.95,2.43,8.31,8.42,8.54,8.77,0.48,0.36,0.84,1.44,2.05,1.93,1.81,1.44,0.84,2.77
2012-09-26,002370,8.35,8.22,8.35,8.11,2587,2117220.0,2.89,-1.08,-0.09,0.33,9.86,8.88,7.89,5.92,3.21,4.19,4.44,3.33,3.82,3.33,8.28,8.36,8.5,8.73,1.46,1.95,2.55,3.16,3.04,2.92,2.55,1.95,3.89,4.62
2012-09-27,002370,8.25,8.31,8.34,8.13,5059,4174358.0,2.55,1.09,0.09,0.65,8.61,7.63,5.66,2.95,3.94,4.18,3.08,3.57,3.08,2.71,8.3,8.33,8.48,8.7,0.84,1.44,2.05,1.93,1.81,1.44,0.84,2.77,3.49,2.77
2012-09-28,002370,8.36,8.37,8.38,8.23,6028,5011307.0,1.81,0.72,0.06,0.77,6.32,4.37,1.7,2.67,2.92,1.82,2.31,1.82,1.46,1.34,8.31,8.31,8.47,8.67,0.72,1.31,1.19,1.08,0.72,0.12,2.03,2.75,2.03,1.91
2012-10-08,002370,8.38,8.32,8.43,8.29,2258,1878735.0,1.67,-0.6,-0.05,0.29,3.62,0.97,1.93,2.17,1.09,1.57,1.09,0.72,0.6,1.09,8.31,8.31,8.46,8.63,1.92,1.8,1.68,1.32,0.72,2.64,3.37,2.64,2.52,0.48
2012-10-09,002370,8.33,8.46,8.48,8.32,13189,11060930.0,1.92,1.68,0.14,1.69,0.6,1.56,1.8,0.72,1.2,0.72,0.36,0.24,0.72,1.32,8.34,8.32,8.46,8.6,0.12,0.0,-0.35,-0.95,0.95,1.65,0.95,0.83,-1.18,-1.42
2012-10-10,002370,8.42,8.46,8.47,8.35,8475,7120161.0,1.42,0.0,0.0,1.09,1.2,1.44,0.36,0.84,0.36,0.0,-0.12,0.36,0.96,1.56,8.38,8.33,8.47,8.58,0.0,-0.35,-0.95,0.95,1.65,0.95,0.83,-1.18,-1.42,-1.18
2012-10-11,002370,8.46,8.38,8.46,8.35,6322,5301449.0,1.3,-0.95,-0.08,0.81,1.44,0.36,0.84,0.36,0.0,-0.12,0.36,0.96,1.56,1.44,8.4,8.35,8.46,8.55,0.6,0.0,1.91,2.63,1.91,1.79,-0.24,-0.48,-0.24,0.95
2012-10-12,002370,8.41,8.3,8.43,8.19,4484,3723259.0,2.86,-0.95,-0.08,0.57,2.32,2.81,2.32,1.95,1.83,2.32,2.93,3.54,3.42,3.3,8.38,8.35,8.43,8.51,0.96,2.89,3.61,2.89,2.77,0.72,0.48,0.72,1.93,1.81
2012-10-15,002370,8.32,8.36,8.38,8.25,15209,12604961.0,1.57,0.72,0.06,1.95,2.06,1.58,1.21,1.09,1.58,2.18,2.79,2.67,2.55,2.18,8.39,8.35,8.41,8.5,2.15,2.87,2.15,2.03,0.0,-0.24,0.0,1.2,1.08,-0.12
2012-10-16,002370,8.37,8.5,8.54,8.36,11723,9938107.0,2.15,1.67,0.14,1.5,0.24,-0.12,-0.24,0.24,0.84,1.44,1.32,1.2,0.84,0.24,8.4,8.37,8.4,8.48,1.18,0.47,0.35,-1.65,-1.88,-1.65,-0.47,-0.59,-1.76,-1.65
2012-10-17,002370,8.51,8.53,8.6,8.42,12346,10482724.0,2.12,0.35,0.03,1.58,-0.83,-0.95,-0.48,0.12,0.71,0.59,0.48,0.12,-0.48,1.43,8.41,8.4,8.38,8.47,0.12,0.0,-1.99,-2.23,-1.99,-0.82,-0.94,-2.11,-1.99,-2.23
2012-10-18,002370,8.54,8.52,8.54,8.45,5818,4949900.0,1.06,-0.12,-0.01,0.75,-1.3,-0.83,-0.24,0.36,0.24,0.12,-0.24,-0.83,1.07,1.78,8.44,8.42,8.37,8.46,0.12,-1.88,-2.11,-1.88,-0.7,-0.82,-2.0,-1.88,-2.11,-1.53
2012-10-19,002370,8.5,8.35,8.53,8.32,6049,5080511.0,2.46,-2.0,-0.17,0.77,0.72,1.32,1.92,1.8,1.68,1.32,0.72,2.64,3.37,2.64,8.45,8.42,8.36,8.45,0.12,-0.12,0.12,1.32,1.2,0.0,0.12,-0.12,0.48,1.8
2012-10-22,002370,8.36,8.31,8.36,8.27,5129,4260933.0,1.08,-0.48,-0.04,0.66,1.93,2.54,2.42,2.3,1.93,1.33,3.26,3.99,3.26,3.14,8.44,8.42,8.36,8.45,0.36,0.6,1.81,1.68,0.48,0.6,0.36,0.96,2.29,2.05
2012-10-23,002370,8.29,8.26,8.34,8.24,4852,4021707.0,1.2,-0.6,-0.05,0.62,2.91,2.79,2.67,2.31,1.7,3.64,4.37,3.64,3.52,1.46,8.39,8.4,8.36,8.44,1.21,2.42,2.3,1.09,1.21,0.97,1.57,2.91,2.66,2.3
2012-10-24,002370,8.24,8.21,8.36,8.21,3860,3196335.0,1.82,-0.61,-0.05,0.49,3.17,3.05,2.68,2.07,4.02,4.75,4.02,3.9,1.83,1.58,8.33,8.37,8.35,8.43,3.05,2.92,1.71,1.83,1.58,2.19,3.53,3.29,2.92,3.53
2012-10-25,002370,8.23,8.35,8.46,8.23,8586,7186663.0,2.8,1.71,0.14,1.1,2.79,2.43,1.82,3.77,4.5,3.77,3.65,1.58,1.34,1.58,8.3,8.37,8.36,8.43,1.2,0.0,0.12,-0.12,0.48,1.8,1.56,1.2,1.8,0.84
2012-10-26,002370,8.35,8.3,8.45,8.26,4743,3948531.0,2.28,-0.6,-0.05,0.61,2.06,1.45,3.39,4.12,3.39,3.27,1.21,0.97,1.21,2.42,8.29,8.37,8.36,8.41,0.6,0.72,0.48,1.08,2.41,2.17,1.81,2.41,1.45,3.49
2012-10-29,002370,8.29,8.32,8.35,8.2,2946,2436516.0,1.81,0.24,0.02,0.38,2.2,4.15,4.88,4.15,4.02,1.95,1.71,1.95,3.17,3.05,8.29,8.36,8.36,8.39,0.48,0.24,0.84,2.16,1.92,1.56,2.16,1.2,3.25,3.25
2012-10-30,002370,8.25,8.3,8.36,8.25,2192,1817494.0,1.32,-0.24,-0.02,0.28,3.52,4.24,3.52,3.39,1.33,1.09,1.33,2.55,2.42,1.21,8.3,8.34,8.36,8.38,0.48,1.08,2.41,2.17,1.81,2.41,1.45,3.49,3.49,4.34
2012-10-31,002370,8.34,8.3,8.34,8.24,3335,2766830.0,1.2,0.0,0.0,0.43,4.37,3.64,3.52,1.46,1.21,1.46,2.67,2.55,1.33,1.46,8.31,8.32,8.36,8.36,1.08,2.41,2.17,1.81,2.41,1.45,3.49,3.49,4.34,12.05
2012-11-01,002370,8.33,8.37,8.39,8.25,7019,5836403.0,1.69,0.84,0.07,0.9,3.52,3.39,1.33,1.09,1.33,2.55,2.42,1.21,1.33,1.09,8.32,8.31,8.36,8.35,1.55,1.31,0.96,1.55,0.6,2.63,2.63,3.46,11.11,11.71
2012-11-02,002370,8.32,8.49,8.5,8.32,7952,6691508.0,2.15,1.43,0.12,1.02,2.52,0.48,0.24,0.48,1.68,1.56,0.36,0.48,0.24,0.84,8.36,8.32,8.37,8.35,-0.12,-0.47,0.12,-0.82,1.18,1.18,2.0,9.54,10.13,10.25
2012-11-05,002370,8.48,8.39,8.48,8.32,3101,2595437.0,1.88,-1.18,-0.1,0.4,0.48,0.24,0.48,1.68,1.56,0.36,0.48,0.24,0.84,2.16,8.37,8.33,8.37,8.35,0.72,1.31,0.36,2.38,2.38,3.22,10.85,11.44,11.56,10.49
2012-11-06,002370,8.4,8.44,8.45,8.3,4268,3582687.0,1.79,0.6,0.05,0.55,0.48,0.72,1.93,1.81,0.6,0.72,0.48,1.08,2.41,2.17,8.4,8.35,8.37,8.36,0.71,-0.24,1.78,1.78,2.61,10.19,10.78,10.9,9.83,9.95
2012-11-07,002370,8.5,8.41,8.5,8.36,5366,4513202.0,1.66,-0.36,-0.03,0.69,0.0,1.2,1.08,-0.12,0.0,-0.24,0.36,1.67,1.44,1.08,8.42,8.37,8.37,8.36,0.12,2.14,2.14,2.97,10.58,11.18,11.3,10.23,10.34,10.58
2012-11-08,002370,8.4,8.39,8.42,8.25,6186,5181840.0,2.02,-0.24,-0.02,0.79,2.55,2.42,1.21,1.33,1.09,1.7,3.03,2.79,2.42,3.03,8.42,8.37,8.37,8.36,2.38,2.38,3.22,10.85,11.44,11.56,10.49,10.61,10.85,2.26
2012-11-09,002370,8.45,8.54,8.59,8.43,12358,10516536.0,1.91,1.79,0.15,1.58,0.24,-0.95,-0.83,-1.07,-0.47,0.83,0.59,0.24,0.83,-0.12,8.43,8.39,8.38,8.37,0.59,1.41,8.9,9.48,9.6,8.55,8.67,8.9,0.47,-4.68
2012-11-12,002370,8.5,8.56,8.59,8.49,6582,5622186.0,1.17,0.23,0.02,0.84,-1.65,-1.53,-1.77,-1.18,0.12,-0.12,-0.47,0.12,-0.82,1.18,8.47,8.42,8.39,8.38,1.17,8.64,9.23,9.35,8.29,8.41,8.64,0.23,-4.91,-7.36
2012-11-13,002370,8.52,8.53,8.66,8.52,7476,6430935.0,1.64,-0.35,-0.03,0.96,-1.88,-2.11,-1.53,-0.23,-0.47,-0.82,-0.23,-1.17,0.82,0.82,8.49,8.44,8.39,8.38,9.03,9.61,9.73,8.68,8.79,9.03,0.59,-4.57,-7.03,-9.5
2012-11-14,002370,8.57,9.3,9.3,8.57,48104,43368126.0,8.56,9.03,0.77,6.16,-2.68,-2.1,-0.82,-1.05,-1.4,-0.82,-1.75,0.23,0.23,1.05,8.66,8.54,8.43,8.42,0.54,0.65,-0.32,-0.22,0.0,-7.74,-12.47,-14.73,-16.99,-24.19
2012-11-15,002370,9.3,9.2,9.35,9.06,26617,24477509.0,3.12,-1.08,-0.1,3.41,-7.4,-6.18,-6.4,-6.73,-6.18,-7.06,-5.19,-5.19,-4.42,2.65,8.83,8.62,8.47,8.45,1.74,0.76,0.87,1.09,-6.74,-11.52,-13.8,-16.09,-23.37,-20.0
2012-11-16,002370,9.25,9.17,9.36,8.87,21171,19287427.0,5.33,-0.33,-0.03,2.71,-4.17,-4.4,-4.74,-4.17,-5.07,-3.16,-3.16,-2.37,4.85,5.41,8.95,8.69,8.51,8.48,1.09,1.2,1.42,-6.43,-11.23,-13.52,-15.81,-23.12,-19.74,-16.47
2012-11-19,002370,9.2,9.17,9.27,8.92,13306,12141716.0,3.82,0.0,0.0,1.7,-4.93,-5.27,-4.71,-5.61,-3.7,-3.7,-2.91,4.26,4.82,4.93,9.07,8.77,8.55,8.51,1.2,1.42,-6.43,-11.23,-13.52,-15.81,-23.12,-19.74,-16.47,-22.79
2012-11-20,002370,9.23,9.2,9.28,9.08,13701,12571740.0,2.18,0.33,0.03,1.75,-6.94,-6.39,-7.27,-5.4,-5.4,-4.63,2.42,2.97,3.08,2.09,9.21,8.85,8.6,8.53,1.09,-6.74,-11.52,-13.8,-16.09,-23.37,-20.0,-16.74,-23.04,-23.8
2012-11-21,002370,9.24,8.75,9.3,8.47,35772,31157740.0,9.02,-4.89,-0.45,4.58,0.35,-0.59,1.42,1.42,2.24,9.8,10.39,10.51,9.45,9.56,9.1,8.88,8.62,8.54,-1.94,-6.97,-9.37,-11.77,-19.43,-15.89,-12.46,-19.09,-19.89,-20.91
2012-11-22,002370,8.58,8.13,8.58,8.1,26707,21942672.0,5.49,-7.09,-0.62,3.42,3.95,6.05,6.05,6.91,14.81,15.43,15.56,14.44,14.57,14.81,8.88,8.85,8.61,8.53,0.12,-2.46,-5.04,-13.28,-9.47,-5.78,-12.92,-13.78,-14.88,-15.74
2012-11-23,002370,8.1,7.9,8.14,7.86,27271,21708888.0,3.44,-2.83,-0.23,3.49,9.29,9.29,10.18,18.32,18.96,19.08,17.94,18.07,18.32,9.16,8.63,8.79,8.59,8.52,0.38,-2.28,-10.76,-6.84,-3.04,-10.38,-11.27,-12.41,-13.29,-12.28
2012-11-26,002370,7.9,7.74,7.93,7.68,12719,9929631.0,3.16,-2.03,-0.16,1.63,11.85,12.76,21.09,21.74,21.88,20.7,20.83,21.09,11.72,5.99,8.34,8.71,8.56,8.5,-0.26,-8.91,-4.91,-1.03,-8.53,-9.43,-10.59,-11.5,-10.47,-8.4
2012-11-27,002370,7.72,7.05,7.72,7.02,16798,12248710.0,9.04,-8.91,-0.69,2.15,23.36,32.48,33.19,33.33,32.05,32.19,32.48,22.22,15.95,12.96,7.91,8.56,8.5,8.45,0.0,4.4,8.65,0.43,-0.57,-1.84,-2.84,-1.7,0.57,-0.71
2012-11-28,002370,7.05,6.69,7.05,6.66,26151,17850733.0,5.53,-5.11,-0.36,3.35,39.64,40.39,40.54,39.19,39.34,39.64,28.83,22.22,19.07,15.92,7.5,8.3,8.42,8.39,10.01,14.5,5.83,4.78,3.44,2.39,3.59,5.98,4.63,13.3
2012-11-29,002370,6.8,7.36,7.36,6.76,61373,44765747.0,8.97,10.01,0.67,7.86,38.31,38.46,37.13,37.28,37.57,26.92,20.41,17.31,14.2,4.29,7.35,8.12,8.37,8.35,4.08,-3.8,-4.76,-5.98,-6.93,-5.84,-3.67,-4.89,2.99,-0.27
2012-11-30,002370,7.37,7.14,7.66,7.08,68948,50918903.0,7.88,-2.99,-0.22,8.83,32.2,30.93,31.07,31.36,21.19,14.97,12.01,9.04,-0.42,3.95,7.2,7.91,8.3,8.31,-0.84,-1.82,-3.08,-4.06,-2.94,-0.7,-1.96,6.16,2.8,3.92
2012-12-03,002370,6.94,7.04,7.08,6.85,28252,19700102.0,3.22,-1.4,-0.1,3.62,35.33,35.47,35.77,25.26,18.83,15.77,12.7,2.92,7.45,11.82,7.06,7.7,8.24,8.27,-0.43,-1.7,-2.7,-1.56,0.71,-0.57,7.67,4.26,5.4,4.55
2012-12-04,002370,7.01,6.68,7.01,6.34,38064,24785238.0,9.52,-5.11,-0.36,4.87,46.37,46.69,35.33,28.39,25.08,21.77,11.2,16.09,20.82,11.67,6.98,7.45,8.15,8.21,3.59,2.54,3.74,6.14,4.79,13.47,9.88,11.08,10.18,9.88
2012-12-05,002370,6.51,6.87,6.92,6.43,37485,25243802.0,7.34,2.84,0.19,4.8,44.63,33.44,26.59,23.33,20.06,9.64,14.46,19.13,10.11,9.02,7.02,7.26,8.07,8.17,-0.29,0.87,3.2,1.89,10.33,6.84,8.01,7.13,6.84,5.68
2012-12-06,002370,6.75,6.73,6.85,6.62,23200,15597458.0,3.35,-2.04,-0.14,2.97,29.61,22.96,19.79,16.62,6.5,11.18,15.71,6.95,5.89,4.53,6.89,7.12,7.99,8.12,2.97,5.35,4.01,12.63,9.06,10.25,9.36,9.06,7.88,7.43
2012-12-07,002370,6.7,6.9,6.93,6.63,25417,17323686.0,4.46,2.53,0.17,3.26,22.78,19.61,16.44,6.33,11.01,15.54,6.79,5.73,4.37,3.32,6.84,7.02,7.91,8.07,2.75,1.45,9.86,6.38,7.54,6.67,6.38,5.22,4.78,3.48
2012-12-10,002370,6.85,7.0,7.09,6.83,36611,25619544.0,3.77,1.45,0.1,4.69,16.11,13.03,3.22,7.76,12.15,3.66,2.64,1.32,0.29,1.46,6.84,6.95,7.83,8.02,0.0,8.29,4.86,6.0,5.14,4.86,3.71,3.29,2.0,3.0
2012-12-11,002370,7.0,6.9,7.0,6.81,24796,17101987.0,2.71,-1.43,-0.1,3.18,13.36,3.52,8.08,12.48,3.96,2.94,1.62,0.59,1.76,4.11,6.88,6.93,7.75,7.98,9.86,6.38,7.54,6.67,6.38,5.22,4.78,3.48,4.49,6.23
2012-12-12,002370,6.9,7.35,7.58,6.83,54549,39549263.0,10.87,6.52,0.45,6.99,3.22,7.76,12.15,3.66,2.64,1.32,0.29,1.46,3.81,2.49,6.98,7.0,7.65,7.95,-0.14,0.95,0.14,-0.14,-1.22,-1.63,-2.86,-1.9,-0.27,-0.41
2012-12-13,002370,7.28,7.1,7.34,7.05,29050,20793288.0,3.95,-3.4,-0.25,3.72,4.4,8.65,0.43,-0.57,-1.84,-2.84,-1.7,0.57,-0.71,7.52,7.05,6.97,7.54,7.9,4.51,3.66,3.38,2.25,1.83,0.56,1.55,3.24,3.1,3.8
2012-12-14,002370,7.08,7.25,7.42,7.05,39039,28233928.0,5.21,2.11,0.15,5.0,8.65,0.43,-0.57,-1.84,-2.84,-1.7,0.57,-0.71,7.52,4.11,7.12,6.98,7.45,7.86,1.52,1.24,0.14,-0.28,-1.52,-0.55,1.1,0.97,1.66,4.97
2012-12-17,002370,7.28,7.26,7.36,7.18,22135,16055711.0,2.48,0.14,0.01,2.83,-1.39,-2.37,-3.62,-4.6,-3.48,-1.25,-2.51,5.57,2.23,3.34,7.17,7.0,7.35,7.82,1.1,0.0,-0.41,-1.65,-0.69,0.96,0.83,1.52,4.82,3.58
2012-12-18,002370,7.27,7.24,7.34,7.2,21920,15936105.0,1.93,-0.28,-0.02,2.81,-2.64,-3.89,-4.86,-3.75,-1.53,-2.78,5.28,1.94,3.06,2.22,7.24,7.06,7.25,7.78,0.28,-0.14,-1.38,-0.41,1.24,1.1,1.8,5.11,3.87,3.59
2012-12-19,002370,7.25,7.19,7.26,7.12,22150,15888844.0,1.93,-0.69,-0.05,2.84,-2.81,-3.79,-2.67,-0.42,-1.69,6.46,3.09,4.21,3.37,3.09,7.21,7.09,7.18,7.74,0.56,-0.7,0.28,1.95,1.81,2.5,5.84,4.59,4.31,4.87
2012-12-20,002370,7.2,7.04,7.23,6.96,15951,11299414.0,3.76,-2.09,-0.15,2.04,-1.58,-0.43,1.87,0.57,8.91,5.46,6.61,5.75,5.46,4.31,7.2,7.12,7.12,7.7,1.42,2.41,4.12,3.98,4.69,8.1,6.82,6.53,7.1,7.81
2012-12-21,002370,7.02,7.04,7.14,6.98,13280,9362684.0,2.27,0.0,0.0,1.7,-0.72,1.58,0.29,8.6,5.16,6.3,5.44,5.16,4.01,3.58,7.15,7.14,7.08,7.65,2.41,4.12,3.98,4.69,8.1,6.82,6.53,7.1,7.81,7.39
2012-12-24,002370,7.07,7.18,7.21,7.07,15510,11094512.0,1.99,1.99,0.14,1.99,0.28,-0.99,7.21,3.82,4.95,4.1,3.82,2.69,2.26,0.99,7.14,7.15,7.05,7.6,2.09,1.95,2.65,5.99,4.74,4.46,5.01,5.71,5.29,9.05
2012-12-25,002370,7.21,7.29,7.33,7.08,29843,21638463.0,3.48,1.53,0.11,3.82,-1.13,7.06,3.67,4.8,3.95,3.67,2.54,2.12,0.85,1.84,7.15,7.19,7.06,7.56,0.41,1.1,4.39,3.16,2.88,3.43,4.12,3.7,7.41,6.17
2012-12-26,002370,7.32,7.31,7.32,7.24,22521,16401719.0,1.1,0.27,0.02,2.88,4.7,1.38,2.49,1.66,1.38,0.28,-0.14,-1.38,-0.41,1.24,7.17,7.19,7.09,7.5,0.82,4.1,2.87,2.6,3.15,3.83,3.42,7.11,5.88,4.92
2012-12-27,002370,7.34,7.27,7.37,7.25,20796,15204650.0,1.64,-0.55,-0.04,2.66,1.24,2.34,1.52,1.24,0.14,-0.28,-1.52,-0.55,1.1,0.97,7.22,7.21,7.09,7.43,4.68,3.44,3.16,3.71,4.4,3.99,7.7,6.46,5.5,8.12
2012-12-28,002370,7.26,7.48,7.61,7.23,39031,29126531.0,5.23,2.89,0.21,5.0,2.63,1.8,1.52,0.41,0.0,-1.24,-0.28,1.38,1.24,1.94,7.31,7.23,7.11,7.37,0.53,0.27,0.8,1.47,1.07,4.68,3.48,2.54,5.08,4.81
2012-12-31,002370,7.48,7.46,7.52,7.39,14323,10664576.0,1.74,-0.27,-0.02,1.84,-0.41,-0.68,-1.76,-2.17,-3.38,-2.44,-0.81,-0.95,-0.27,2.98,7.36,7.25,7.13,7.32,0.54,1.07,1.74,1.34,4.96,3.75,2.82,5.36,5.09,5.36
2013-01-04,002370,7.49,7.32,7.5,7.22,17286,12670796.0,3.75,-1.88,-0.14,2.22,1.66,0.55,0.14,-1.11,-0.14,1.52,1.39,2.08,5.4,4.16,7.37,7.26,7.16,7.26,3.01,3.69,3.28,6.97,5.74,4.78,7.38,7.1,7.38,7.1
2013-01-07,002370,7.3,7.44,7.54,7.3,19056,14222531.0,3.28,1.64,0.12,2.45,-0.55,-0.96,-2.19,-1.23,0.41,0.27,0.96,4.25,3.01,2.74,7.39,7.28,7.19,7.21,2.02,1.61,5.24,4.03,3.09,5.65,5.38,5.65,5.38,6.72
2013-01-08,002370,7.43,7.52,7.59,7.41,23255,17486515.0,2.42,1.08,0.08,2.99,-2.43,-3.64,-2.7,-1.08,-1.21,-0.54,2.7,1.48,1.21,1.75,7.44,7.33,7.23,7.19,0.53,4.12,2.93,1.99,4.52,4.26,4.52,4.26,5.59,6.12
2013-01-09,002370,7.53,7.43,7.56,6.78,22748,16915678.0,10.37,-1.2,-0.09,2.92,5.31,6.34,8.11,7.96,8.7,12.24,10.91,10.62,11.21,11.95,7.43,7.37,7.25,7.18,5.38,4.17,3.23,5.79,5.52,5.79,5.52,6.86,7.4,4.71
2013-01-10,002370,7.4,7.76,7.83,7.38,40198,30570363.0,6.06,4.44,0.33,5.17,-2.3,-0.68,-0.81,-0.14,3.12,1.9,1.63,2.17,2.85,2.44,7.49,7.43,7.29,7.18,-0.26,-1.16,1.29,1.03,1.29,1.03,2.32,2.84,0.26,4.12
2013-01-11,002370,7.69,7.5,7.74,7.44,24707,18683286.0,3.87,-3.35,-0.26,3.18,-1.48,-1.61,-0.94,2.28,1.08,0.81,1.34,2.02,1.61,5.24,7.53,7.45,7.32,7.19,2.27,4.8,4.53,4.8,4.53,5.87,6.4,3.73,7.73,1.73
2013-01-14,002370,7.43,7.66,7.67,7.41,28401,21535278.0,3.47,2.13,0.16,3.65,-1.21,-0.54,2.7,1.48,1.21,1.75,2.43,2.02,5.67,4.45,7.57,7.48,7.34,7.22,2.61,2.35,2.61,2.35,3.66,4.18,1.57,5.48,-0.39,-2.87
2013-01-15,002370,7.71,7.81,7.86,7.6,35797,27767627.0,3.39,1.96,0.15,4.6,-3.03,0.13,-1.05,-1.32,-0.79,-0.13,-0.53,3.03,1.84,0.92,7.63,7.54,7.37,7.24,0.38,0.64,0.38,1.66,2.18,-0.38,3.46,-2.3,-4.74,-4.1
2013-01-16,002370,7.83,7.84,7.84,7.63,27809,21609876.0,2.69,0.38,0.03,3.58,-0.26,-1.44,-1.7,-1.18,-0.52,-0.92,2.62,1.44,0.52,3.01,7.71,7.57,7.4,7.26,0.26,0.0,1.28,1.79,-0.77,3.06,-2.68,-5.1,-4.46,-4.34
2013-01-17,002370,7.85,7.72,7.86,7.64,18475,14257699.0,2.81,-1.53,-0.12,2.38,-1.57,-1.83,-1.31,-0.65,-1.05,2.49,1.31,0.39,2.88,2.62,7.71,7.6,7.42,7.28,1.55,2.85,3.37,0.78,4.66,-1.17,-3.63,-2.98,-2.85,-3.63
2013-01-18,002370,7.72,7.8,7.84,7.63,20197,15642853.0,2.72,1.04,0.08,2.6,-1.7,-1.18,-0.52,-0.92,2.62,1.44,0.52,3.01,2.75,3.01,7.77,7.65,7.45,7.32,1.79,2.31,-0.26,3.59,-2.18,-4.62,-3.97,-3.85,-4.62,-5.38
2013-01-21,002370,7.79,7.86,7.94,7.7,26066,20327582.0,3.08,0.77,0.06,3.35,-2.08,-1.43,-1.82,1.69,0.52,-0.39,2.08,1.82,2.08,1.82,7.81,7.69,7.49,7.35,1.53,-1.02,2.8,-2.93,-5.34,-4.71,-4.58,-5.34,-6.11,-5.73
2013-01-22,002370,7.86,7.67,7.98,7.61,19016,14802330.0,4.71,-2.42,-0.19,2.44,-0.26,-0.66,2.89,1.71,0.79,3.29,3.02,3.29,3.02,4.34,7.78,7.7,7.52,7.39,1.43,5.35,-0.52,-3.0,-2.35,-2.22,-3.0,-3.78,-3.39,-3.0
2013-01-23,002370,7.61,7.71,7.78,7.52,15641,11934670.0,3.39,0.52,0.04,2.01,0.53,4.12,2.93,1.99,4.52,4.26,4.52,4.26,5.59,6.12,7.75,7.73,7.55,7.41,4.8,-1.04,-3.5,-2.85,-2.72,-3.5,-4.28,-3.89,-3.5,-3.37
2013-01-24,002370,7.71,7.51,8.08,7.5,30078,23345957.0,7.52,-2.59,-0.2,3.87,4.4,3.2,2.27,4.8,4.53,4.8,4.53,5.87,6.4,3.73,7.71,7.71,7.57,7.43,1.6,-0.93,-0.27,-0.13,-0.93,-1.73,-1.33,-0.93,-0.8,0.67
2013-01-25,002370,7.51,7.31,7.63,7.31,18877,13993794.0,4.26,-2.66,-0.2,2.43,5.88,4.92,7.52,7.25,7.52,7.25,8.62,9.17,6.43,10.53,7.61,7.69,7.57,7.44,1.78,2.46,2.6,1.78,0.96,1.37,1.78,1.92,3.42,5.61
2013-01-28,002370,7.3,7.44,7.44,7.26,10973,8095230.0,2.46,1.78,0.13,1.41,5.65,8.26,7.99,8.26,7.99,9.37,9.92,7.16,11.29,5.1,7.53,7.67,7.58,7.45,0.67,0.81,0.0,-0.81,-0.4,0.0,0.13,1.61,3.76,5.51
2013-01-29,002370,7.44,7.48,7.49,7.4,12549,9342549.0,1.21,0.54,0.04,1.61,6.22,5.95,6.22,5.95,7.3,7.84,5.14,9.19,3.11,0.54,7.49,7.63,7.59,7.46,0.27,-0.53,-1.34,-0.94,-0.53,-0.4,1.07,3.21,4.95,4.14
2013-01-30,002370,7.43,7.41,7.5,7.33,11174,8272064.0,2.27,-0.94,-0.07,1.44,6.96,7.23,6.96,8.32,8.87,6.14,10.23,4.09,1.5,2.18,7.43,7.59,7.58,7.46,0.4,-0.4,0.0,0.4,0.54,2.02,4.18,5.94,5.13,6.61
2013-01-31,002370,7.33,7.26,7.44,7.24,13993,10268929.0,2.7,-2.02,-0.15,1.8,8.56,8.29,9.67,10.22,7.46,11.6,5.39,2.76,3.45,3.59,7.38,7.54,7.57,7.46,1.65,2.07,2.48,2.62,4.13,6.34,8.13,7.3,8.82,9.37
2013-02-01,002370,7.25,7.33,7.38,7.21,8022,5871386.0,2.34,0.96,0.07,1.03,8.74,10.12,10.68,7.91,12.07,5.83,3.19,3.88,4.02,3.19,7.38,7.5,7.57,7.47,1.09,1.5,1.64,3.14,5.32,7.09,6.28,7.78,8.32,6.14
2013-02-04,002370,7.35,7.38,7.41,7.24,11405,8346344.0,2.32,0.68,0.05,1.47,9.67,10.22,7.46,11.6,5.39,2.76,3.45,3.59,2.76,1.93,7.37,7.45,7.57,7.47,0.81,0.95,2.44,4.61,6.37,5.56,7.05,7.59,5.42,7.05
2013-02-05,002370,7.37,7.42,7.44,7.3,9547,7056368.0,1.9,0.54,0.04,1.23,9.32,6.58,10.68,4.52,1.92,2.6,2.74,1.92,1.1,1.51,7.36,7.42,7.56,7.49,0.4,1.89,4.04,5.8,4.99,6.47,7.01,4.85,6.47,9.03
2013-02-06,002370,7.45,7.43,7.45,7.39,8383,6227328.0,0.81,0.13,0.01,1.08,5.28,9.34,3.25,0.68,1.35,1.49,0.68,-0.14,0.27,0.68,7.36,7.4,7.56,7.5,1.75,3.9,5.65,4.85,6.33,6.86,4.71,6.33,8.88,11.04
2013-02-07,002370,7.45,7.47,7.56,7.43,9155,6834856.0,1.75,0.54,0.04,1.18,8.75,2.69,0.13,0.81,0.94,0.13,-0.67,-0.27,0.13,0.27,7.41,7.39,7.55,7.51,3.35,5.09,4.28,5.76,6.29,4.15,5.76,8.3,10.44,7.76
2013-02-08,002370,7.5,7.68,7.72,7.45,18682,14238204.0,3.61,2.81,0.21,2.4,2.42,-0.13,0.54,0.67,-0.13,-0.94,-0.54,-0.13,0.0,1.48,7.48,7.43,7.56,7.52,2.21,1.43,2.86,3.39,1.3,2.86,5.34,7.42,4.82,7.42
2013-02-18,002370,7.71,7.77,7.85,7.69,16702,12984547.0,2.08,1.17,0.09,2.15,-3.25,-2.6,-2.47,-3.25,-4.03,-3.64,-3.25,-3.12,-1.69,0.39,7.55,7.46,7.56,7.54,0.26,1.67,2.19,0.13,1.67,4.12,6.18,3.6,6.18,8.11
2013-02-19,002370,7.76,7.68,7.79,7.66,10034,7724886.0,1.67,-1.16,-0.09,1.29,-2.22,-2.09,-2.87,-3.66,-3.26,-2.87,-2.74,-1.31,0.78,2.48,7.61,7.48,7.56,7.55,2.86,3.39,1.3,2.86,5.34,7.42,4.82,7.42,9.38,9.24
2013-02-20,002370,7.68,7.88,7.9,7.62,17761,13872538.0,3.65,2.6,0.2,2.28,-1.57,-2.36,-3.15,-2.76,-2.36,-2.23,-0.79,1.31,3.02,2.23,7.7,7.53,7.56,7.56,0.76,-1.27,0.25,2.66,4.7,2.16,4.7,6.6,6.47,12.69
2013-02-21,002370,7.91,7.73,7.94,7.61,21299,16603442.0,4.19,-1.9,-0.15,2.74,-2.23,-3.02,-2.63,-2.23,-2.1,-0.66,1.45,3.15,2.37,3.81,7.75,7.58,7.56,7.57,0.65,2.2,4.66,6.73,4.14,6.73,8.67,8.54,14.88,13.32
2013-02-22,002370,7.7,7.73,7.78,7.64,10242,7877174.0,1.81,0.0,0.0,1.32,-3.4,-3.01,-2.62,-2.49,-1.05,1.05,2.75,1.96,3.4,3.93,7.76,7.62,7.56,7.59,2.2,4.66,6.73,4.14,6.73,8.67,8.54,14.88,13.32,15.14
2013-02-25,002370,7.71,7.86,7.9,7.7,15390,12028992.0,2.59,1.68,0.13,1.98,-3.77,-3.38,-3.25,-1.82,0.26,1.95,1.17,2.6,3.12,1.04,7.78,7.66,7.56,7.6,2.93,4.96,2.42,4.96,6.87,6.74,12.98,11.45,13.23,10.94
2013-02-26,002370,7.78,7.97,8.09,7.78,38661,30929582.0,3.94,1.4,0.11,4.97,-4.37,-4.24,-2.83,-0.77,0.9,0.13,1.54,2.06,0.0,1.54,7.83,7.72,7.57,7.62,3.51,1.0,3.51,5.4,5.27,11.42,9.91,11.67,9.41,8.78
2013-02-27,002370,7.94,7.81,8.25,7.8,19947,15919949.0,5.65,-2.01,-0.16,2.56,-4.49,-3.08,-1.03,0.64,-0.13,1.28,1.79,-0.26,1.28,3.72,7.82,7.76,7.58,7.63,3.07,5.63,7.55,7.43,13.7,12.16,13.96,11.65,11.01,6.02
2013-02-28,002370,7.65,8.04,8.05,7.65,27964,21974426.0,5.12,2.94,0.23,3.6,-1.18,0.92,2.61,1.83,3.27,3.79,1.7,3.27,5.75,7.84,7.88,7.81,7.6,7.64,2.61,4.48,4.35,10.45,8.96,10.7,8.46,7.84,2.99,2.36
2013-03-01,002370,7.94,8.25,8.25,7.94,35900,29159324.0,3.86,2.61,0.21,4.62,-2.77,-1.13,-1.89,-0.5,0.0,-2.02,-0.5,1.89,3.9,1.39,7.99,7.87,7.65,7.66,1.82,1.7,7.64,6.18,7.88,5.7,5.09,0.36,-0.24,-0.48
2013-03-04,002370,8.19,8.15,8.4,8.05,21270,17512016.0,4.24,-1.21,-0.1,2.73,-2.48,-3.23,-1.86,-1.37,-3.35,-1.86,0.5,2.48,0.0,2.48,8.04,7.91,7.69,7.68,2.94,8.96,7.48,9.2,6.99,6.38,1.6,0.98,0.74,0.12
2013-03-05,002370,8.11,8.33,8.39,8.1,17833,14810423.0,3.56,2.21,0.18,2.29,-3.83,-2.47,-1.98,-3.95,-2.47,-0.12,1.85,-0.62,1.85,3.7,8.12,7.97,7.73,7.7,6.6,5.16,6.84,4.68,4.08,-0.6,-1.2,-1.44,-2.04,-4.8
2013-03-06,002370,8.34,8.73,8.88,8.33,33884,29104531.0,6.6,4.8,0.4,4.36,-5.16,-4.68,-6.6,-5.16,-2.88,-0.96,-3.36,-0.96,0.84,0.72,8.3,8.06,7.79,7.73,0.34,1.95,-0.11,-0.69,-5.15,-5.73,-5.96,-6.53,-9.16,-8.36
2013-03-07,002370,8.7,8.66,8.76,8.55,19237,16602550.0,2.41,-0.8,-0.07,2.47,-7.13,-9.01,-7.6,-5.38,-3.51,-5.85,-3.51,-1.75,-1.87,3.86,8.42,8.15,7.86,7.76,2.77,0.69,0.12,-4.39,-4.97,-5.2,-5.77,-8.43,-7.62,-7.27
2013-03-08,002370,8.68,8.55,8.9,8.52,18803,16384949.0,4.39,-1.27,-0.11,2.42,-8.69,-7.28,-5.05,-3.17,-5.52,-3.17,-1.41,-1.53,4.23,2.82,8.48,8.23,7.93,7.78,1.99,1.4,-3.16,-3.74,-3.98,-4.56,-7.25,-6.43,-6.08,-4.8
2013-03-11,002370,8.47,8.63,8.72,8.35,10898,9374332.0,4.33,0.94,0.08,1.4,-5.39,-3.11,-1.2,-3.59,-1.2,0.6,0.48,6.35,4.91,6.59,8.58,8.31,7.99,7.81,0.46,-4.06,-4.63,-4.87,-5.45,-8.11,-7.3,-6.95,-5.68,-5.21
2013-03-12,002370,8.46,8.19,8.67,8.0,15320,12615273.0,7.76,-5.1,-0.44,1.97,1.12,3.12,0.63,3.12,5.0,4.88,11.0,9.5,11.25,9.0,8.55,8.33,8.03,7.83,1.1,0.49,0.24,-0.37,-3.17,-2.32,-1.95,-0.61,-0.12,-0.85
2013-03-13,002370,8.16,8.1,8.28,8.02,8467,6862519.0,3.17,-1.1,-0.09,1.09,2.87,0.37,2.87,4.74,4.61,10.72,9.23,10.97,8.73,8.1,8.43,8.36,8.06,7.84,1.6,1.36,0.74,-2.1,-1.23,-0.86,0.49,0.99,0.25,-1.23
2013-03-14,002370,8.15,8.05,8.23,7.98,8745,7072670.0,3.09,-0.62,-0.05,1.12,0.88,3.38,5.26,5.14,11.28,9.77,11.53,9.27,8.65,3.76,8.3,8.36,8.09,7.86,1.99,1.37,-1.49,-0.62,-0.25,1.12,1.61,0.87,-0.62,-1.37
2013-03-15,002370,8.05,8.09,8.21,8.02,9927,8062322.0,2.36,0.5,0.04,1.28,2.87,4.74,4.61,10.72,9.23,10.97,8.73,8.1,3.24,2.62,8.21,8.35,8.11,7.88,0.87,-1.98,-1.11,-0.74,0.62,1.11,0.37,-1.11,-1.85,-1.85
2013-03-18,002370,8.05,7.88,8.16,7.77,9635,7650261.0,4.82,-2.6,-0.21,1.24,8.11,7.98,14.29,12.74,14.54,12.23,11.58,6.56,5.92,5.66,8.06,8.32,8.12,7.9,0.63,1.52,1.9,3.3,3.81,3.05,1.52,0.76,0.76,9.14
2013-03-19,002370,7.86,7.82,7.93,7.65,6403,4987760.0,3.55,-0.76,-0.06,0.75,9.67,16.08,14.51,16.34,13.99,13.33,8.24,7.58,7.32,6.67,7.99,8.27,8.12,7.91,2.3,2.69,4.09,4.6,3.84,2.3,1.53,1.53,9.97,16.5
2013-03-20,002370,7.82,7.98,8.0,7.77,12776,10060045.0,2.94,2.05,0.16,1.51,14.29,12.74,14.54,12.23,11.58,6.56,5.92,5.66,5.02,2.06,7.96,8.19,8.13,7.93,0.63,2.01,2.51,1.75,0.25,-0.5,-0.5,7.77,14.16,16.29
2013-03-21,002370,7.98,7.97,8.03,7.85,12527,9931214.0,2.26,-0.13,-0.01,1.48,11.59,13.38,11.08,10.45,5.48,4.84,4.59,3.95,1.02,1.91,7.95,8.13,8.14,7.95,2.13,2.63,1.88,0.38,-0.38,-0.38,7.9,14.3,16.44,10.29
2013-03-22,002370,7.99,8.08,8.14,7.93,11735,9434265.0,2.63,1.38,0.11,1.38,12.23,9.96,9.33,4.41,3.78,3.53,2.9,0.0,0.88,1.26,7.95,8.08,8.16,7.98,1.24,0.5,-0.99,-1.73,-1.73,6.44,12.75,14.85,8.79,6.68
2013-03-25,002370,8.14,8.12,8.18,8.01,6201,5013986.0,2.1,0.5,0.04,0.73,8.86,8.24,3.37,2.75,2.5,1.87,-1.0,-0.12,0.25,1.62,7.99,8.03,8.17,8.0,0.0,-1.48,-2.22,-2.22,5.91,12.19,14.29,8.25,6.16,5.54
2013-03-26,002370,8.12,7.96,8.12,7.8,11104,8791302.0,3.94,-1.97,-0.16,1.31,11.15,6.15,5.51,5.26,4.62,1.67,2.56,2.95,4.36,4.87,8.02,8.0,8.17,8.02,0.5,-0.25,-0.25,8.04,14.45,16.58,10.43,8.29,7.66,5.9
2013-03-27,002370,7.94,8.0,8.0,7.88,6814,5414498.0,1.51,0.5,0.04,0.8,5.08,4.44,4.19,3.55,0.63,1.52,1.9,3.3,3.81,3.05,8.03,7.99,8.18,8.04,-0.75,-0.75,7.5,13.87,16.0,9.87,7.75,7.13,5.37,5.0
2013-03-28,002370,7.92,7.84,7.94,7.76,6459,5076379.0,2.25,-2.0,-0.16,0.76,6.06,5.8,5.15,2.19,3.09,3.48,4.9,5.41,4.64,3.09,8.0,7.97,8.17,8.05,1.28,9.69,16.2,18.37,12.12,9.95,9.31,7.53,7.14,6.76
2013-03-29,002370,7.82,7.84,7.94,7.8,6235,4904668.0,1.79,0.0,0.0,0.74,5.26,4.62,1.67,2.56,2.95,4.36,4.87,4.1,2.56,1.79,7.95,7.95,8.15,8.06,9.69,16.2,18.37,12.12,9.95,9.31,7.53,7.14,6.76,3.95
2013-04-01,002370,7.8,8.33,8.6,7.8,52067,43073817.0,10.2,6.25,0.49,6.14,4.62,1.67,2.56,2.95,4.36,4.87,4.1,2.56,1.79,1.79,7.99,7.99,8.16,8.07,9.36,11.4,5.52,3.48,2.88,1.2,0.84,0.48,-2.16,-1.44
2013-04-02,002370,8.36,8.9,9.11,8.2,71351,62228374.0,10.92,6.84,0.57,8.41,-3.29,-2.44,-2.07,-0.73,-0.24,-0.98,-2.44,-3.17,-3.17,4.88,8.18,8.1,8.19,8.12,4.27,-1.24,-3.15,-3.71,-5.28,-5.62,-5.96,-8.43,-7.75,-7.75
2013-04-03,002370,8.89,8.69,9.28,8.58,51388,46092737.0,7.87,-2.36,-0.21,6.06,-6.76,-6.41,-5.13,-4.66,-5.36,-6.76,-7.46,-7.46,0.23,6.18,8.32,8.17,8.18,8.14,1.15,-0.81,-1.38,-2.99,-3.34,-3.68,-6.21,-5.52,-5.52,-2.88
2013-04-08,002370,8.65,8.58,8.79,8.29,31157,26453257.0,5.75,-1.27,-0.11,3.67,-3.14,-1.81,-1.33,-2.05,-3.5,-4.22,-4.22,3.74,9.89,11.94,8.47,8.23,8.18,8.17,0.47,-0.12,-1.75,-2.1,-2.45,-5.01,-4.31,-4.31,-1.63,3.5
2013-04-09,002370,8.49,8.61,8.62,8.31,19135,16219539.0,3.61,0.35,0.03,2.26,-2.05,-1.56,-2.29,-3.73,-4.45,-4.45,3.49,9.63,11.67,5.78,8.62,8.29,8.18,8.2,-0.46,-2.09,-2.44,-2.79,-5.34,-4.65,-4.65,-1.97,3.14,2.56
2013-04-10,002370,8.57,8.43,8.57,8.33,11865,9977367.0,2.79,-2.09,-0.18,1.4,-1.8,-2.52,-3.96,-4.68,-4.68,3.24,9.36,11.4,5.52,3.48,8.64,8.32,8.17,8.22,0.0,-0.36,-0.71,-3.32,-2.61,-2.61,0.12,5.34,4.74,4.39
2013-04-11,002370,8.43,8.21,8.43,8.19,9128,7538297.0,2.85,-2.61,-0.22,1.08,-0.85,-2.32,-3.05,-3.05,5.01,11.23,13.31,7.33,5.25,4.64,8.5,8.34,8.17,8.23,2.31,1.95,-0.73,0.0,0.0,2.8,8.16,7.55,7.19,9.87
2013-04-12,002370,8.18,8.21,8.4,8.18,7596,6296627.0,2.68,0.0,0.0,0.9,-2.2,-2.93,-2.93,5.13,11.37,13.45,7.46,5.38,4.77,3.06,8.41,8.36,8.18,8.24,1.95,-0.73,0.0,0.0,2.8,8.16,7.55,7.19,9.87,11.45
2013-04-15,002370,8.23,8.07,8.37,8.06,7039,5750279.0,3.78,-1.71,-0.14,0.83,-1.49,-1.49,6.7,13.03,15.14,9.06,6.95,6.33,4.59,4.22,8.31,8.39,8.18,8.24,0.99,1.73,1.73,4.58,10.04,9.42,9.05,11.77,13.38,15.99
2013-04-16,002370,8.0,8.13,8.15,7.85,5502,4414362.0,3.72,0.74,0.06,0.65,1.15,9.55,16.05,18.22,11.97,9.81,9.17,7.39,7.01,6.62,8.21,8.42,8.18,8.24,0.98,0.98,3.81,9.23,8.61,8.24,10.95,12.55,15.13,18.2
2013-04-17,002370,8.11,8.18,8.21,8.11,4498,3675360.0,1.23,0.62,0.05,0.53,6.04,12.33,14.43,8.38,6.29,5.67,3.95,3.58,3.21,0.49,8.16,8.4,8.2,8.24,0.37,3.18,8.56,7.95,7.58,10.27,11.86,14.43,17.48,16.75
2013-04-18,002370,8.2,8.1,8.21,8.0,4459,3611219.0,2.57,-0.98,-0.08,0.53,13.87,16.0,9.87,7.75,7.13,5.37,5.0,4.62,1.88,2.63,8.14,8.32,8.21,8.23,4.2,9.63,9.01,8.64,11.36,12.96,15.56,18.64,17.9,19.38
2013-04-19,002370,8.13,8.42,8.44,8.09,14446,11908733.0,4.32,3.95,0.32,1.7,14.71,8.65,6.55,5.93,4.2,3.83,3.46,0.74,1.48,1.48,8.18,8.29,8.23,8.22,5.46,4.87,4.51,7.13,8.67,11.16,14.13,13.42,14.85,25.77
2013-04-22,002370,8.49,8.7,8.88,8.45,25990,22570848.0,5.11,3.33,0.28,3.06,4.02,2.01,1.42,-0.24,-0.59,-0.95,-3.55,-2.84,-2.84,-0.12,8.31,8.31,8.27,8.22,1.49,1.15,3.68,5.17,7.59,10.46,9.77,11.15,21.72,33.1
2013-04-23,002370,8.71,8.75,8.83,8.5,21840,18990645.0,3.79,0.57,0.05,2.58,1.41,0.82,-0.82,-1.18,-1.53,-4.12,-3.41,-3.41,-0.71,4.47,8.43,8.32,8.3,8.23,0.57,3.09,4.57,6.97,9.83,9.14,10.51,21.03,32.34,35.77
2013-04-24,002370,8.75,8.76,8.8,8.54,15866,13825625.0,2.97,0.11,0.01,1.87,0.35,-1.29,-1.64,-1.99,-4.57,-3.86,-3.86,-1.17,3.98,3.4,8.55,8.35,8.34,8.23,2.97,4.45,6.85,9.7,9.02,10.39,20.89,32.19,35.62,32.42
2013-04-25,002370,8.52,8.95,9.02,8.52,24318,21557663.0,5.71,2.17,0.19,2.87,-1.06,-1.41,-1.76,-4.34,-3.64,-3.64,-0.94,4.23,3.64,3.29,8.72,8.43,8.38,8.26,2.23,4.58,7.37,6.7,8.04,18.32,29.39,32.74,29.61,39.89
2013-04-26,002370,8.89,8.9,9.15,8.76,26680,24101934.0,4.36,-0.56,-0.05,3.15,-4.11,-4.45,-6.96,-6.28,-6.28,-3.65,1.37,0.8,0.46,2.97,8.81,8.5,8.43,8.28,5.17,7.98,7.3,8.65,18.99,30.11,33.48,30.34,40.67,45.84
2013-05-02,002370,8.9,9.22,9.36,8.72,26732,24635743.0,7.19,3.6,0.32,3.15,-4.01,-6.54,-5.85,-5.85,-3.21,1.83,1.26,0.92,3.44,4.93,8.92,8.61,8.5,8.32,4.23,3.58,4.88,14.86,25.6,28.85,25.81,35.79,40.78,40.78
2013-05-03,002370,9.22,9.46,9.61,9.1,34422,32363184.0,5.53,2.6,0.24,4.06,-10.44,-9.78,-9.78,-7.25,-2.42,-2.97,-3.3,-0.88,0.55,2.86,9.06,8.74,8.58,8.37,0.95,2.22,11.95,22.41,25.58,22.62,32.35,37.21,37.21,41.12
2013-05-06,002370,9.46,9.49,9.55,9.31,20861,19660865.0,2.54,0.32,0.03,2.46,-11.82,-11.82,-9.34,-4.62,-5.16,-5.48,-3.11,-1.72,0.54,3.22,9.2,8.87,8.64,8.42,1.9,11.59,22.02,25.18,22.23,31.93,36.78,36.78,40.67,45.21
2013-05-07,002370,9.45,9.63,9.67,9.3,26900,25583191.0,3.9,1.48,0.14,3.17,-11.72,-9.25,-4.52,-5.05,-5.38,-3.01,-1.61,0.65,3.33,2.69,9.34,9.03,8.67,8.48,9.97,20.25,23.36,20.46,30.01,34.79,34.79,38.63,43.09,48.6
2013-05-08,002370,9.62,10.53,10.59,9.5,61193,62450951.0,11.32,9.35,0.9,7.22,-11.16,-6.53,-7.05,-7.37,-5.05,-3.68,-1.47,1.16,0.53,1.79,9.67,9.24,8.77,8.57,9.97,12.82,10.16,18.9,23.27,23.27,26.78,30.86,35.9,30.2
2013-05-09,002370,10.54,11.48,11.58,10.35,86044,95760055.0,11.68,9.02,0.95,10.15,-14.2,-14.69,-14.98,-12.85,-11.59,-9.57,-7.15,-7.73,-6.57,2.32,10.12,9.52,8.91,8.69,3.48,1.05,9.06,13.07,13.07,16.29,20.03,24.65,19.43,14.98
2013-05-10,002370,11.44,11.19,11.88,11.01,42656,48302493.0,7.58,-2.53,-0.29,5.03,-19.8,-20.07,-18.07,-16.89,-14.99,-12.72,-13.26,-12.17,-3.81,5.18,10.46,9.76,9.04,8.79,3.66,11.89,16.0,16.0,19.3,23.15,27.88,22.52,17.96,11.53
2013-05-13,002370,11.2,11.38,11.6,11.18,30589,34904428.0,3.75,1.7,0.19,3.61,-21.29,-19.32,-18.16,-16.28,-14.04,-14.58,-13.51,-5.28,3.58,6.26,10.84,10.02,9.19,8.9,10.02,14.06,14.06,17.31,21.09,25.75,20.47,15.99,9.67,9.75
2013-05-14,002370,11.39,12.52,12.52,11.21,45657,55110970.0,11.51,10.02,1.14,5.38,-19.54,-18.38,-16.5,-14.27,-14.81,-13.74,-5.53,3.3,5.98,3.48,11.42,10.38,9.4,9.05,3.67,3.67,6.63,10.06,14.3,9.5,5.43,-0.32,-0.24,9.66
2013-05-15,002370,12.47,12.76,12.98,12.0,47814,59681721.0,7.83,1.92,0.24,5.64,-23.75,-22.0,-19.92,-20.42,-19.42,-11.75,-3.5,-1.0,-3.33,4.33,11.87,10.77,9.63,9.21,1.72,4.62,7.99,12.15,7.45,3.45,-2.19,-2.12,7.6,9.72
2013-05-16,002370,12.56,12.8,12.98,12.13,30167,38206362.0,6.66,0.31,0.04,3.56,-22.84,-20.77,-21.27,-20.28,-12.7,-4.53,-2.06,-4.37,3.22,7.01,12.13,11.12,9.87,9.37,4.3,7.66,11.8,7.11,3.12,-2.5,-2.42,7.27,9.38,10.86
2013-05-17,002370,12.8,13.02,13.35,12.51,35434,45942692.0,6.56,1.72,0.22,4.18,-23.18,-23.66,-22.7,-15.35,-7.43,-5.04,-7.27,0.08,3.76,3.76,12.5,11.48,10.11,9.55,5.84,9.91,5.3,1.38,-4.15,-4.07,5.45,7.53,8.99,11.67
2013-05-20,002370,13.0,13.76,13.78,13.0,46735,62800386.0,5.99,5.68,0.74,5.51,-26.54,-25.62,-18.54,-10.92,-8.62,-10.77,-3.69,-0.15,-0.15,2.69,12.97,11.91,10.39,9.73,4.0,-0.36,-4.07,-9.3,-9.23,-0.22,1.74,3.12,5.67,6.1
2013-05-21,002370,13.77,13.68,14.31,13.48,34265,47382993.0,6.03,-0.58,-0.08,4.04,-28.26,-21.44,-14.09,-11.87,-13.95,-7.12,-3.71,-3.71,-0.96,2.23,13.2,12.31,10.67,9.89,0.22,-3.51,-8.77,-8.7,0.37,2.34,3.73,6.29,6.73,6.73
2013-05-22,002370,13.71,13.3,13.71,13.13,56846,76046977.0,4.24,-2.78,-0.38,6.7,-19.35,-11.81,-9.52,-11.65,-4.65,-1.14,-1.14,1.68,4.95,8.99,13.31,12.59,10.91,10.04,-0.75,-6.17,-6.09,3.23,5.26,6.69,9.32,9.77,9.77,8.65
2013-05-23,002370,13.03,12.29,13.2,12.2,71138,90270140.0,7.52,-7.59,-1.01,8.39,-5.08,-2.62,-4.92,2.62,6.39,6.39,9.43,12.95,17.3,12.38,13.21,12.67,11.09,10.16,1.55,1.63,11.72,13.91,15.46,18.31,18.8,18.8,17.58,17.25
2013-05-24,002370,12.28,12.45,12.48,12.19,35729,44023398.0,2.36,1.3,0.16,4.21,-2.54,-4.84,2.71,6.48,6.48,9.52,13.04,17.39,12.47,8.29,13.1,12.8,11.28,10.29,0.32,10.28,12.45,13.98,16.79,17.27,17.27,16.06,15.74,14.46
2013-05-27,002370,12.37,12.48,12.49,12.27,26748,33151394.0,1.77,0.24,0.03,3.15,-5.46,2.04,5.79,5.79,8.8,12.31,16.63,11.74,7.58,1.71,12.84,12.91,11.46,10.43,10.02,12.18,13.7,16.51,16.99,16.99,15.79,15.46,14.18,13.3
2013-05-28,002370,12.53,13.73,13.73,12.42,60103,79514725.0,10.5,10.02,1.25,7.09,0.81,4.51,4.51,7.49,10.95,15.22,10.39,6.28,0.48,0.56,12.85,13.03,11.7,10.61,1.97,3.35,5.9,6.34,6.34,5.24,4.95,3.79,2.99,2.69
2013-05-29,002370,13.76,13.73,14.0,13.51,42477,58301485.0,3.57,0.0,0.0,5.01,-3.92,-3.92,-1.18,2.0,5.92,1.48,-2.29,-7.62,-7.55,1.63,12.94,13.12,11.94,10.8,3.35,5.9,6.34,6.34,5.24,4.95,3.79,2.99,2.69,2.55
2013-05-30,002370,13.63,13.88,14.19,13.5,42395,59127575.0,5.03,1.09,0.15,5.0,-3.85,-1.11,2.07,6.0,1.56,-2.22,-7.56,-7.48,1.7,3.7,13.25,13.23,12.18,10.99,4.76,5.19,5.19,4.11,3.82,2.67,1.87,1.59,1.44,-0.36
2013-05-31,002370,13.95,14.33,14.54,13.7,37376,53248425.0,6.05,3.24,0.45,4.41,-2.55,0.58,4.45,0.07,-3.65,-8.91,-8.83,0.22,2.19,3.58,13.63,13.36,12.42,11.2,1.88,1.88,0.84,0.56,-0.56,-1.33,-1.61,-1.74,-3.49,-6.07
2013-06-03,002370,14.3,14.26,14.6,14.1,32193,46330714.0,3.49,-0.49,-0.07,3.8,-2.27,1.49,-2.77,-6.38,-11.49,-11.42,-2.62,-0.71,0.64,3.12,13.99,13.41,12.66,11.4,2.38,1.33,1.05,-0.07,-0.84,-1.12,-1.26,-3.02,-5.61,-6.31
2013-06-04,002370,14.13,14.21,14.6,13.5,26456,37310100.0,7.71,-0.35,-0.05,3.12,6.0,1.56,-2.22,-7.56,-7.48,1.7,3.7,5.11,7.7,8.15,14.08,13.47,12.89,11.6,1.69,1.41,0.28,-0.49,-0.77,-0.91,-2.67,-5.28,-5.98,-10.34
2013-06-05,002370,14.18,14.2,14.45,14.02,16844,23899294.0,3.03,-0.07,-0.01,1.99,-2.21,-5.85,-10.98,-10.91,-2.07,-0.14,1.21,3.71,4.14,4.14,14.18,13.56,13.07,11.79,1.48,0.35,-0.42,-0.7,-0.85,-2.61,-5.21,-5.92,-10.28,-12.18
2013-06-06,002370,14.07,14.05,14.41,14.0,12546,17822932.0,2.89,-1.06,-0.15,1.48,-5.71,-10.86,-10.79,-1.93,0.0,1.36,3.86,4.29,4.29,3.21,14.21,13.73,13.2,11.97,1.42,0.64,0.36,0.21,-1.57,-4.2,-4.91,-9.32,-11.25,-12.1
2013-06-07,002370,14.08,14.15,14.25,13.68,15525,21770496.0,4.06,0.71,0.1,1.83,-8.77,-8.7,0.37,2.34,3.73,6.29,6.73,6.73,5.63,5.34,14.17,13.9,13.35,12.15,-0.07,-0.35,-0.49,-2.26,-4.88,-5.58,-9.96,-11.87,-12.72,-8.83
2013-06-13,002370,14.14,13.84,14.14,13.5,12822,17719475.0,4.52,-2.19,-0.31,1.51,-7.48,1.7,3.7,5.11,7.7,8.15,8.15,7.04,6.74,5.56,14.09,14.04,13.47,12.32,1.88,1.73,-0.07,-2.75,-3.47,-7.95,-9.9,-10.77,-6.79,-6.21
2013-06-14,002370,13.82,13.75,14.1,13.5,17067,23528476.0,4.34,-0.65,-0.09,2.01,1.7,3.7,5.11,7.7,8.15,8.15,7.04,6.74,5.56,4.74,14.0,14.04,13.53,12.48,2.4,0.58,-2.11,-2.84,-7.35,-9.31,-10.18,-6.18,-5.6,-10.55
2013-06-17,002370,13.76,13.67,14.08,13.51,10817,14869086.0,4.15,-0.58,-0.08,1.28,3.63,5.03,7.62,8.07,8.07,6.96,6.66,5.48,4.66,4.37,13.89,14.03,13.58,12.64,1.17,-1.54,-2.27,-6.8,-8.78,-9.66,-5.63,-5.05,-10.02,-10.75
2013-06-18,002370,13.78,13.22,13.83,12.82,18441,24447632.0,7.39,-3.29,-0.45,2.17,10.69,13.42,13.88,13.88,12.71,12.4,11.15,10.3,9.98,9.83,13.73,13.97,13.6,12.77,1.82,1.06,-3.63,-5.67,-6.58,-2.42,-1.82,-6.96,-7.72,-6.88
2013-06-19,002370,13.15,13.3,13.46,12.81,9798,12946626.0,4.92,0.61,0.08,1.16,13.51,13.97,13.97,12.8,12.49,11.24,10.38,10.07,9.91,7.96,13.56,13.86,13.61,12.9,0.45,-4.21,-6.24,-7.14,-3.01,-2.41,-7.52,-8.27,-7.44,-7.67
2013-06-20,002370,13.05,12.8,13.36,12.55,13566,17716055.0,6.09,-3.76,-0.5,1.6,16.33,16.33,15.14,14.82,13.55,12.67,12.35,12.19,10.2,7.25,13.35,13.72,13.57,13.01,-0.47,-2.58,-3.52,0.78,1.41,-3.91,-4.69,-3.83,-4.06,2.73
2013-06-21,002370,12.33,12.47,12.74,12.33,9115,11410153.0,3.2,-2.58,-0.33,1.07,18.41,17.19,16.87,15.57,14.68,14.36,14.19,12.17,9.16,8.35,13.09,13.54,13.51,13.11,0.0,-0.96,3.45,4.09,-1.36,-2.17,-1.28,-1.52,5.45,7.86
2013-06-24,002370,12.46,12.09,12.47,11.52,18531,22184882.0,7.62,-3.05,-0.38,2.18,25.43,25.09,23.7,22.74,22.4,22.22,20.05,16.84,15.97,10.59,12.78,13.33,13.44,13.16,2.15,6.7,7.36,1.74,0.91,1.82,1.57,8.77,11.25,8.85
2013-06-25,002370,12.09,12.32,12.35,11.53,13536,16307145.0,6.78,1.9,0.23,1.6,24.98,23.59,22.64,22.29,22.12,19.95,16.74,15.87,10.49,8.15,12.6,13.16,13.45,13.19,4.71,5.36,-0.16,-0.97,-0.08,-0.32,6.74,9.17,6.82,5.52
2013-06-26,002370,12.3,12.71,12.9,12.1,11452,14441131.0,6.49,3.17,0.39,1.35,17.77,16.86,16.53,16.36,14.3,11.24,10.41,5.29,3.06,2.07,12.48,13.02,13.46,13.24,2.12,-3.23,-4.01,-3.15,-3.38,3.46,5.82,3.54,2.28,1.97
2013-06-27,002370,12.98,12.42,12.98,12.2,14085,17714381.0,6.14,-2.28,-0.29,1.66,15.9,15.57,15.41,13.36,10.33,9.51,4.43,2.21,1.23,5.74,12.4,12.87,13.46,13.27,-0.97,-1.77,-0.89,-1.13,5.88,8.29,5.96,4.67,4.35,5.72
2013-06-28,002370,12.3,12.28,12.3,11.5,30923,36544944.0,6.44,-1.13,-0.14,3.65,22.61,22.43,20.26,17.04,16.17,10.78,8.43,7.39,12.17,12.87,12.36,12.73,13.38,13.26,-0.65,0.24,0.0,7.08,9.53,7.17,5.86,5.54,6.92,7.08
2013-07-01,002370,12.2,11.86,12.2,11.44,10936,13052109.0,6.19,-3.42,-0.42,1.29,23.08,20.89,17.66,16.78,11.36,9.0,7.95,12.76,13.46,7.52,12.32,12.55,13.29,13.23,3.79,3.54,10.88,13.41,10.96,9.61,9.27,10.71,10.88,12.31
2013-07-02,002370,11.89,11.99,12.31,11.89,11536,13990686.0,3.54,1.1,0.13,1.36,16.32,13.2,12.36,7.15,4.88,3.87,8.49,9.17,3.45,2.61,12.25,12.42,13.2,13.21,2.42,9.67,12.18,9.76,8.42,8.09,9.51,9.67,11.09,9.92
2013-07-03,002370,11.99,12.28,12.28,11.7,10308,12511943.0,4.84,2.42,0.29,1.22,15.04,14.19,8.89,6.58,5.56,10.26,10.94,5.13,4.27,5.21,12.17,12.32,13.09,13.18,7.08,9.53,7.17,5.86,5.54,6.92,7.08,8.47,7.33,7.0
2013-07-04,002370,11.98,12.83,13.15,11.93,18238,23196641.0,9.93,4.48,0.55,2.15,11.99,6.79,4.53,3.52,8.13,8.8,3.1,2.26,3.19,2.93,12.25,12.32,13.02,13.15,4.83,2.57,1.33,1.01,2.34,2.49,3.82,2.73,2.42,-1.79
2013-07-05,002370,12.88,13.13,13.45,12.88,20899,27711455.0,4.44,2.34,0.3,2.47,-1.09,-3.18,-4.11,0.16,0.78,-4.5,-5.28,-4.43,-4.66,2.1,12.42,12.39,12.97,13.13,0.23,-0.99,-1.29,0.0,0.15,1.45,0.38,0.08,-4.04,-4.8
2013-07-08,002370,13.0,12.56,13.16,12.55,10121,12911005.0,4.65,-4.34,-0.57,1.19,-0.64,-1.59,2.79,3.43,-1.99,-2.79,-1.91,-2.15,4.78,7.17,12.56,12.44,12.89,13.11,3.5,3.18,4.54,4.7,6.05,4.94,4.62,0.32,-0.48,-2.95
2013-07-09,002370,12.56,12.82,13.0,12.3,6802,8676586.0,5.57,2.07,0.26,0.8,0.41,4.88,5.53,0.0,-0.81,0.08,-0.16,6.91,9.35,6.99,12.72,12.49,12.82,13.13,1.09,2.42,2.57,3.9,2.81,2.5,-1.72,-2.5,-4.91,2.65
2013-07-10,002370,12.5,12.88,12.96,12.5,6318,8125413.0,3.59,0.47,0.06,0.75,3.2,3.84,-1.6,-2.4,-1.52,-1.76,5.2,7.6,5.28,4.0,12.84,12.5,12.76,13.14,1.94,2.1,3.42,2.33,2.02,-2.17,-2.95,-5.36,2.17,5.36
2013-07-11,002370,12.99,13.01,13.13,12.43,12888,16653723.0,5.43,1.01,0.13,1.52,4.42,-1.05,-1.85,-0.97,-1.21,5.79,8.21,5.87,4.59,4.26,12.88,12.56,12.72,13.16,1.08,2.38,1.31,1.0,-3.15,-3.92,-6.3,1.15,4.3,3.61
2013-07-12,002370,13.01,13.1,13.15,12.8,11245,14589825.0,2.69,0.69,0.09,1.33,-3.91,-4.69,-3.83,-4.06,2.73,5.08,2.81,1.56,1.25,2.58,12.87,12.65,12.69,13.14,1.68,0.61,0.31,-3.82,-4.58,-6.95,0.46,3.59,2.9,6.79
2013-07-15,002370,13.1,13.1,13.32,12.9,15796,20602690.0,3.21,0.0,0.0,1.86,-5.43,-4.57,-4.81,1.94,4.26,2.02,0.78,0.47,1.78,1.94,12.98,12.77,12.66,13.12,0.61,0.31,-3.82,-4.58,-6.95,0.46,3.59,2.9,6.79,5.27
2013-07-16,002370,13.09,13.06,13.18,12.9,11507,14988301.0,2.14,-0.31,-0.04,1.36,-4.57,-4.81,1.94,4.26,2.02,0.78,0.47,1.78,1.94,3.26,13.03,12.88,12.65,13.09,0.61,-3.52,-4.29,-6.66,0.77,3.91,3.22,7.12,5.59,2.3
2013-07-17,002370,13.14,12.56,13.14,12.43,29337,37161421.0,5.44,-3.83,-0.5,3.46,-1.21,5.79,8.21,5.87,4.59,4.26,5.63,5.79,7.16,6.03,12.97,12.9,12.61,13.03,0.32,-0.48,-2.95,4.78,8.04,7.32,11.39,9.79,6.37,5.33
2013-07-18,002370,12.47,12.37,12.6,12.23,8262,10225206.0,2.95,-1.51,-0.19,0.97,7.52,9.98,7.6,6.3,5.97,7.36,7.52,8.91,7.77,7.44,12.84,12.86,12.59,12.97,1.05,-1.46,6.39,9.7,8.97,13.1,11.48,8.0,6.95,5.01
2013-07-19,002370,12.17,11.88,12.5,11.88,9188,11213282.0,5.01,-3.96,-0.49,1.08,13.22,10.77,9.43,9.09,10.52,10.69,12.12,10.94,10.61,6.06,12.59,12.73,12.56,12.89,2.61,10.77,14.23,13.47,17.76,16.08,12.46,11.36,9.34,9.43
2013-07-22,002370,11.9,11.96,12.19,11.79,5555,6651872.0,3.37,0.67,0.08,0.66,11.62,10.26,9.92,11.37,11.54,12.98,11.79,11.45,6.87,6.02,12.37,12.67,12.56,12.82,10.03,13.46,12.71,16.97,15.3,11.71,10.62,8.61,8.7,10.28
2013-07-23,002370,12.0,13.16,13.16,11.9,28939,36273214.0,10.54,10.03,1.2,3.42,9.24,8.91,10.34,10.5,11.93,10.76,10.42,5.88,5.04,2.44,12.39,12.71,12.6,12.79,3.12,2.43,6.31,4.79,1.52,0.53,-1.29,-1.22,0.23,2.58
2013-07-24,002370,13.5,13.35,13.57,12.98,32329,42896417.0,4.48,1.44,0.19,3.82,-0.15,1.16,1.31,2.62,1.54,1.23,-2.93,-3.7,-6.09,1.39,12.54,12.75,12.63,12.76,0.97,4.79,3.3,0.07,-0.9,-2.7,-2.62,-1.2,1.12,2.32
2013-07-25,002370,13.18,13.07,13.48,12.9,12377,16295498.0,4.34,-2.1,-0.28,1.46,1.78,1.94,3.26,2.17,1.86,-2.33,-3.1,-5.5,2.02,5.19,12.68,12.76,12.66,12.73,7.04,5.51,2.22,1.22,-0.61,-0.54,0.92,3.29,4.51,0.84
2013-07-26,002370,13.0,13.79,13.99,12.86,26361,35747199.0,8.65,5.51,0.72,3.11,2.26,3.58,2.49,2.18,-2.02,-2.8,-5.21,2.33,5.52,4.82,13.07,12.83,12.74,12.73,0.0,-3.12,-4.06,-5.8,-5.73,-4.35,-2.1,-0.94,-4.42,-3.63
2013-07-29,002370,13.79,13.24,13.79,13.1,13048,17342712.0,5.0,-3.99,-0.55,1.54,1.68,0.61,0.31,-3.82,-4.58,-6.95,0.46,3.59,2.9,6.79,13.32,12.84,12.81,12.72,0.91,-0.08,-1.89,-1.81,-0.38,1.96,3.17,-0.45,0.38,-2.95
2013-07-30,002370,13.34,13.19,13.36,12.75,14764,19325109.0,4.61,-0.38,-0.05,1.74,3.37,3.06,-1.18,-1.96,-4.39,3.22,6.43,5.73,9.73,8.16,13.33,12.86,12.87,12.72,0.3,-1.52,-1.44,0.0,2.35,3.56,-0.08,0.76,-2.58,-1.52
2013-07-31,002370,13.2,12.74,13.23,12.7,11190,14476959.0,4.02,-3.41,-0.45,1.32,3.46,-0.79,-1.57,-4.02,3.62,6.85,6.14,10.16,8.58,5.2,13.21,12.87,12.89,12.7,1.96,2.04,3.53,5.97,7.22,3.45,4.32,0.86,1.96,2.67
2013-08-01,002370,12.65,12.99,12.99,12.65,12583,16189160.0,2.67,1.96,0.25,1.48,-0.4,-1.19,-3.64,4.03,7.27,6.56,10.59,9.01,5.61,4.58,13.19,12.94,12.9,12.71,0.08,1.54,3.93,5.16,1.46,2.31,-1.08,0.0,0.69,1.39
2013-08-02,002370,12.99,12.84,13.0,12.76,7512,9673881.0,1.85,-1.15,-0.15,0.89,-2.04,-4.47,3.13,6.35,5.64,9.64,8.07,4.7,3.68,1.8,13.0,13.03,12.88,12.72,2.73,5.14,6.39,2.65,3.5,0.08,1.17,1.87,2.57,1.01
2013-08-05,002370,12.84,13.07,13.19,12.6,9968,12909619.0,4.6,1.79,0.23,1.18,-3.25,4.44,7.7,6.98,11.03,9.44,6.03,5.0,3.1,3.17,12.97,13.14,12.91,12.75,3.29,4.51,0.84,1.68,-1.68,-0.61,0.08,0.77,-0.77,-1.91
2013-08-06,002370,13.16,13.33,13.5,13.07,18374,24567219.0,3.29,1.99,0.26,2.17,0.69,3.83,3.14,7.04,5.51,2.22,1.22,-0.61,-0.54,0.92,12.99,13.16,12.93,12.79,2.48,-1.13,-0.3,-3.6,-2.55,-1.88,-1.2,-2.7,-3.83,-2.63
2013-08-07,002370,13.3,13.06,13.66,13.02,13154,17581897.0,4.8,-2.03,-0.27,1.55,4.22,3.53,7.45,5.91,2.61,1.61,-0.23,-0.15,1.31,3.69,13.06,13.13,12.94,12.8,0.92,1.76,-1.61,-0.54,0.15,0.84,-0.69,-1.84,-0.61,-0.84
2013-08-08,002370,13.02,13.09,13.18,12.96,7082,9268064.0,1.68,0.23,0.03,0.84,4.01,7.95,6.4,3.09,2.08,0.23,0.31,1.77,4.17,5.4,13.08,13.13,12.95,12.82,1.53,-1.83,-0.76,-0.08,0.61,-0.92,-2.06,-0.84,-1.07,-1.07
2013-08-09,002370,13.06,12.7,13.29,12.66,12505,16051767.0,4.81,-2.98,-0.39,1.48,10.51,8.93,5.53,4.5,2.61,2.69,4.19,6.64,7.9,4.11,13.05,13.02,12.93,12.83,1.18,2.28,2.99,3.7,2.13,0.94,2.2,1.97,1.97,6.93
2013-08-12,002370,12.69,12.77,12.85,12.69,6785,8658213.0,1.26,0.55,0.07,0.8,8.67,5.28,4.26,2.36,2.44,3.94,6.38,7.64,3.86,4.73,12.99,12.98,12.91,12.86,1.72,2.43,3.13,1.57,0.39,1.64,1.41,1.41,6.34,4.78
2013-08-13,002370,12.98,12.91,12.99,12.7,6219,8003303.0,2.27,1.1,0.14,0.73,5.2,4.17,2.28,2.36,3.86,6.3,7.56,3.78,4.65,1.18,12.91,12.95,12.9,12.89,1.32,2.01,0.46,-0.7,0.54,0.31,0.31,5.19,3.64,2.56
2013-08-14,002370,12.88,12.97,13.08,12.82,4366,5655741.0,2.01,0.46,0.06,0.52,3.2,1.33,1.4,2.89,5.3,6.55,2.81,3.67,0.23,1.33,12.89,12.97,12.92,12.92,1.54,0.0,-1.16,0.08,-0.15,-0.15,4.7,3.16,2.08,3.16
2013-08-15,002370,12.98,12.9,13.17,12.77,5384,6959484.0,3.08,-0.54,-0.07,0.64,1.72,1.8,3.29,5.72,6.97,3.21,4.07,0.63,1.72,2.43,12.85,12.96,12.95,12.92,0.54,-0.62,0.62,0.39,0.39,5.27,3.72,2.64,3.72,5.43
2013-08-16,002370,12.79,12.5,12.97,12.5,7053,8966523.0,3.64,-3.1,-0.4,0.83,4.0,5.52,8.0,9.28,5.44,6.32,2.8,3.92,4.64,5.36,12.81,12.93,12.98,12.9,2.56,3.84,3.6,3.6,8.64,7.04,5.92,7.04,8.8,7.52
2013-08-19,002370,12.11,12.64,12.82,12.11,3113,3912206.0,5.68,1.12,0.14,0.37,8.92,11.48,12.8,8.84,9.74,6.11,7.27,8.01,8.75,7.1,12.78,12.89,13.02,12.9,2.69,2.45,2.45,7.44,5.85,4.75,5.85,7.59,6.33,1.74
2013-08-20,002370,12.65,12.73,12.98,12.65,5674,7285210.0,2.61,0.71,0.09,0.67,6.72,7.98,4.19,5.06,1.58,2.69,3.4,4.11,2.53,1.34,12.75,12.83,12.99,12.9,1.73,1.73,6.68,5.11,4.01,5.11,6.83,5.58,1.02,10.6
2013-08-21,002370,12.68,12.74,12.95,12.68,5133,6537192.0,2.12,0.08,0.01,0.45,7.73,3.94,4.81,1.34,2.44,3.15,3.86,2.29,1.1,2.37,12.7,12.79,12.96,12.89,1.65,6.59,5.02,3.92,5.02,6.75,5.49,0.94,10.52,21.59
2013-08-22,002370,12.54,12.86,12.95,12.54,4835,6222174.0,3.22,0.94,0.12,0.42,5.1,5.98,2.47,3.59,4.31,5.02,3.43,2.23,3.51,3.27,12.69,12.77,12.95,12.89,5.6,4.04,2.95,4.04,5.75,4.51,0.0,9.49,20.45,21.31
2013-08-23,002370,12.85,13.38,13.58,12.77,15067,20012278.0,6.3,4.04,0.52,1.32,4.07,0.63,1.72,2.43,3.13,1.57,0.39,1.64,1.41,1.41,12.87,12.84,12.93,12.9,0.0,-1.05,0.0,1.64,0.45,-3.89,5.23,15.77,16.59,17.34
2013-08-26,002370,13.38,13.24,13.38,13.03,12316,16220967.0,2.62,-1.05,-0.14,1.08,-1.38,-0.31,0.38,1.07,-0.46,-1.61,-0.38,-0.61,-0.61,4.22,12.99,12.89,12.93,12.9,0.0,1.06,2.72,1.51,-2.87,6.34,16.99,17.82,18.58,17.3
2013-08-27,002370,13.2,13.1,13.24,13.01,7667,10047300.0,1.74,-1.06,-0.14,0.67,-0.15,0.54,1.23,-0.31,-1.46,-0.23,-0.46,-0.46,4.38,2.84,13.06,12.91,12.93,12.9,2.14,3.82,2.6,-1.83,7.48,18.24,19.08,19.85,18.55,26.11
2013-08-28,002370,13.06,13.35,13.38,12.97,12238,16176980.0,3.13,1.91,0.25,1.07,0.85,1.54,0.0,-1.16,0.08,-0.15,-0.15,4.7,3.16,2.08,13.19,12.94,12.96,12.93,1.87,0.67,-3.67,5.47,16.03,16.85,17.6,16.33,23.75,17.38
2013-08-29,002370,13.58,13.35,13.6,13.11,8582,11439061.0,3.67,0.0,0.0,0.75,0.46,-1.07,-2.21,-0.99,-1.22,-1.22,3.59,2.06,0.99,2.06,13.28,12.99,12.98,12.96,0.67,-3.67,5.47,16.03,16.85,17.6,16.33,23.75,17.38,15.58
2013-08-30,002370,13.19,12.53,13.44,12.5,15197,19545831.0,7.04,-6.14,-0.82,1.33,3.76,2.56,3.84,3.6,3.6,8.64,7.04,5.92,7.04,8.8,13.11,12.99,12.96,12.99,2.63,12.37,23.62,24.5,25.3,23.94,31.84,25.06,23.14,24.1
2013-09-02,002370,12.56,12.8,12.86,12.56,5763,7339669.0,2.39,2.15,0.27,0.5,2.07,3.34,3.11,3.11,8.12,6.53,5.41,6.53,8.28,7.01,13.03,13.01,12.95,13.01,10.0,21.02,21.88,22.66,21.33,29.06,22.42,20.55,21.48,28.44
2013-09-03,002370,12.92,14.08,14.08,12.92,47696,66508677.0,9.06,10.0,1.28,4.17,0.46,0.23,0.23,5.11,3.56,2.48,3.56,5.26,4.02,-0.46,13.22,13.14,12.98,13.04,10.01,10.8,11.51,10.3,17.33,11.29,9.59,10.44,16.76,16.97
2013-09-04,002370,14.71,14.99,15.49,14.1,69514,106019910.0,9.87,6.46,0.91,6.07,-8.16,-8.16,-3.69,-5.11,-6.1,-5.11,-3.55,-4.68,-8.79,-0.14,13.55,13.37,13.08,13.1,4.07,4.74,3.6,10.21,4.54,2.94,3.74,9.67,9.87,10.07
2013-09-05,002370,14.69,15.49,15.6,14.25,49698,74356466.0,9.01,3.34,0.5,4.34,-9.12,-4.7,-6.11,-7.09,-6.11,-4.56,-5.68,-9.75,-1.19,8.7,13.98,13.63,13.2,13.18,1.36,0.26,6.65,1.16,-0.39,0.39,6.13,6.33,6.52,6.26
2013-09-06,002370,15.3,15.38,15.7,15.02,23265,35764714.0,4.39,-0.71,-0.11,2.03,-9.59,-10.92,-11.85,-10.92,-9.45,-10.52,-14.38,-6.26,3.13,3.86,14.55,13.83,13.34,13.23,0.98,7.41,1.89,0.33,1.11,6.89,7.09,7.28,7.02,6.57
2013-09-09,002370,15.49,15.26,15.53,15.13,22090,33826275.0,2.6,-0.78,-0.12,1.93,-11.57,-12.49,-11.57,-10.11,-11.17,-15.0,-6.94,2.38,3.11,3.77,15.04,14.03,13.46,13.3,8.26,2.69,1.11,1.9,7.73,7.93,8.13,7.86,7.4,4.78
2013-09-10,002370,15.26,15.68,16.52,15.1,26996,42685117.0,9.31,2.75,0.42,2.36,-12.32,-11.39,-9.93,-10.99,-14.83,-6.75,2.58,3.31,3.97,2.85,15.36,14.29,13.6,13.38,-0.06,-1.59,-0.83,4.85,5.04,5.23,4.97,4.53,1.98,1.79
2013-09-11,002370,15.65,15.32,15.67,14.47,29056,43841724.0,7.65,-2.3,-0.36,2.54,-7.53,-6.01,-7.12,-11.13,-2.7,7.05,7.81,8.5,7.33,14.17,15.43,14.49,13.72,13.47,0.72,1.5,7.31,7.51,7.7,7.44,6.98,4.37,4.18,7.83
2013-09-12,002370,15.1,15.33,15.43,14.71,15348,23410135.0,4.7,0.07,0.01,1.34,-7.55,-8.63,-12.58,-4.28,5.3,6.05,6.73,5.57,12.3,6.53,15.39,14.69,13.84,13.55,1.44,7.24,7.44,7.63,7.37,6.91,4.31,4.11,7.76,9.85
2013-09-13,002370,15.31,15.44,15.55,15.15,11719,17991318.0,2.61,0.72,0.11,1.02,-11.29,-15.12,-7.06,2.24,2.97,3.63,2.51,9.04,3.43,1.85,15.41,14.98,13.98,13.63,6.48,6.67,6.87,6.61,6.15,3.56,3.37,6.99,9.07,7.45
2013-09-16,002370,15.46,16.4,16.44,15.46,29505,47808398.0,6.35,6.22,0.96,2.58,-16.82,-8.93,0.19,0.91,1.55,0.45,6.86,1.36,-0.19,0.58,15.63,15.34,14.17,13.74,0.43,0.61,0.37,-0.06,-2.5,-2.68,0.73,2.68,1.16,2.93
2013-09-17,002370,16.38,16.22,16.47,15.81,21751,35029601.0,4.02,-1.1,-0.18,1.9,-10.94,-2.02,-1.33,-0.7,-1.77,4.49,-0.89,-2.4,-1.64,3.98,15.74,15.55,14.35,13.84,1.73,1.48,1.05,-1.42,-1.6,1.85,3.82,2.28,4.07,1.6
2013-09-18,002370,16.5,16.3,16.5,15.94,13806,22356054.0,3.45,0.49,0.08,1.21,-2.82,-2.13,-1.51,-2.57,3.64,-1.69,-3.2,-2.45,3.14,3.32,15.94,15.68,14.52,13.95,0.98,0.55,-1.9,-2.09,1.35,3.31,1.78,3.56,1.1,1.6
2013-09-23,002370,16.3,16.31,16.46,16.15,14850,24268068.0,1.9,0.06,0.01,1.3,-3.41,-2.79,-3.84,2.29,-2.97,-4.46,-3.72,1.8,1.98,2.17,16.13,15.76,14.7,14.06,0.49,-1.96,-2.15,1.29,3.25,1.72,3.49,1.04,1.53,1.59
2013-09-24,002370,16.0,15.82,16.39,15.78,13956,22432102.0,3.74,-3.0,-0.49,1.22,-0.51,-1.58,4.69,-0.7,-2.22,-1.46,4.18,4.37,4.56,4.31,16.21,15.81,14.82,14.16,1.07,0.88,4.42,6.45,4.87,6.7,4.17,4.68,4.74,10.49
2013-09-25,002370,15.8,15.69,15.99,15.5,14862,23354244.0,3.1,-0.82,-0.13,1.3,0.19,6.58,1.1,-0.45,0.32,6.06,6.26,6.45,6.19,5.74,16.07,15.85,14.94,14.26,1.72,5.29,7.33,5.74,7.58,5.04,5.54,5.61,11.41,16.63
2013-09-26,002370,15.71,15.6,15.96,15.6,6589,10363134.0,2.29,-0.57,-0.09,0.58,5.9,0.45,-1.09,-0.32,5.38,5.58,5.77,5.51,5.06,2.5,15.94,15.84,15.07,14.35,5.9,7.95,6.35,8.21,5.64,6.15,6.22,12.05,17.31,16.03
2013-09-27,002370,15.51,16.52,16.52,15.51,18396,29904278.0,6.47,5.9,0.92,1.61,1.03,-0.52,0.26,6.0,6.19,6.38,6.13,5.67,3.09,2.9,15.99,15.96,15.23,14.46,1.94,0.42,2.18,-0.24,0.24,0.3,5.81,10.77,9.56,7.51
2013-09-30,002370,16.52,16.45,16.84,16.37,14565,24200363.0,2.85,-0.42,-0.07,1.27,-5.74,-5.01,0.43,0.61,0.79,0.55,0.12,-2.32,-2.5,0.92,16.02,16.07,15.38,14.58,0.85,2.61,0.18,0.67,0.73,6.26,11.25,10.03,7.96,7.42
2013-10-08,002370,16.51,16.31,16.59,16.12,8763,14264071.0,2.86,-0.85,-0.14,0.77,-3.54,1.99,2.17,2.36,2.11,1.67,-0.81,-0.99,2.48,4.47,16.11,16.16,15.57,14.71,3.49,1.04,1.53,1.59,7.17,12.2,10.97,8.89,8.34,7.73
2013-10-09,002370,16.3,16.18,16.88,16.0,11550,18812914.0,5.4,-0.8,-0.13,1.01,2.75,2.94,3.12,2.88,2.44,-0.06,-0.25,3.25,5.25,3.69,16.21,16.14,15.74,14.83,1.85,2.35,2.41,8.03,13.1,11.87,9.77,9.21,8.59,7.6
2013-10-10,002370,16.13,16.21,16.48,16.06,9904,16094687.0,2.6,0.19,0.03,0.87,2.55,2.74,2.49,2.05,-0.44,-0.62,2.86,4.86,3.3,5.11,16.33,16.14,15.84,14.94,2.16,2.22,7.83,12.89,11.66,9.56,9.01,8.39,7.4,5.92
2013-10-11,002370,16.15,16.31,16.56,16.15,7350,12010256.0,2.53,0.62,0.1,0.64,2.17,1.92,1.49,-0.99,-1.18,2.29,4.27,2.72,4.52,2.04,16.29,16.14,15.91,15.06,1.59,7.17,12.2,10.97,8.89,8.34,7.73,6.74,5.27,4.35
2013-10-14,002370,16.57,16.26,16.57,16.15,8407,13651528.0,2.58,-0.31,-0.05,0.73,1.92,1.49,-0.99,-1.18,2.29,4.27,2.72,4.52,2.04,2.54,16.25,16.13,15.95,15.18,7.5,12.55,11.32,9.23,8.67,8.06,7.07,5.6,4.67,-0.68
2013-10-15,002370,16.49,17.48,17.48,16.28,25083,42387295.0,7.38,7.5,1.22,2.19,0.68,-1.78,-1.97,1.47,3.44,1.9,3.69,1.23,1.72,1.78,16.49,16.3,16.05,15.31,4.69,3.55,1.6,1.09,0.51,-0.4,-1.77,-2.63,-7.61,-8.58
2013-10-16,002370,17.42,17.44,18.3,17.15,23869,42320560.0,6.58,-0.23,-0.04,2.09,-6.76,-6.94,-3.67,-1.81,-3.27,-1.57,-3.91,-3.44,-3.38,1.92,16.74,16.48,16.16,15.45,3.78,1.83,1.32,0.75,-0.17,-1.55,-2.41,-7.4,-8.37,-11.24
2013-10-17,002370,18.0,17.49,18.1,17.1,16515,29204309.0,5.73,0.29,0.05,1.44,-6.67,-3.39,-1.52,-2.98,-1.29,-3.63,-3.16,-3.1,2.22,7.02,17.0,16.66,16.25,15.6,1.54,1.03,0.46,-0.46,-1.83,-2.69,-7.66,-8.63,-11.49,-10.86
2013-10-18,002370,17.76,17.4,17.76,17.1,8411,14632064.0,3.77,-0.51,-0.09,0.73,-3.39,-1.52,-2.98,-1.29,-3.63,-3.16,-3.1,2.22,7.02,5.85,17.21,16.75,16.36,15.73,1.55,0.98,0.06,-1.32,-2.18,-7.18,-8.16,-11.03,-10.4,-13.85
2013-10-21,002370,17.23,17.46,17.67,17.03,10418,18119652.0,3.68,0.34,0.06,0.91,-1.12,-2.58,-0.88,-3.23,-2.76,-2.7,2.64,7.46,6.28,4.29,17.45,16.85,16.46,15.87,0.63,-0.29,-1.66,-2.52,-7.5,-8.48,-11.34,-10.71,-14.15,-13.57
2013-10-22,002370,17.46,17.28,17.57,17.1,10965,18997743.0,2.69,-1.03,-0.18,0.96,-2.98,-1.29,-3.63,-3.16,-3.1,2.22,7.02,5.85,3.86,3.33,17.41,16.95,16.56,16.03,0.75,-0.64,-1.5,-6.54,-7.52,-10.42,-9.78,-13.25,-12.67,-5.96
2013-10-23,002370,17.37,17.0,17.41,16.9,10769,18413783.0,2.95,-1.62,-0.28,0.94,-0.12,-2.49,-2.01,-1.95,3.43,8.28,7.1,5.09,4.56,3.96,17.33,17.03,16.59,16.17,1.0,0.12,-5.0,-6.0,-8.94,-8.29,-11.82,-11.24,-4.41,-6.59
2013-10-24,002370,16.83,16.88,17.17,16.7,8564,14481248.0,2.76,-0.71,-0.12,0.75,-1.32,-0.84,-0.78,4.67,9.58,8.38,6.35,5.81,5.21,4.25,17.2,17.1,16.62,16.26,0.83,-4.32,-5.33,-8.29,-7.64,-11.2,-10.6,-3.73,-5.92,-5.45
2013-10-25,002370,17.02,16.15,17.02,15.63,13354,21656881.0,8.23,-4.32,-0.73,1.17,5.95,6.01,11.84,17.08,15.8,13.63,13.05,12.41,11.39,9.85,16.95,17.08,16.61,16.3,0.0,-1.05,-4.15,-3.47,-7.18,-6.56,0.62,-1.67,-1.18,-3.41
2013-10-28,002370,16.0,15.79,16.15,15.4,6250,9899116.0,4.64,-2.23,-0.36,0.55,7.6,13.51,18.83,17.53,15.32,14.74,14.09,13.05,11.49,10.52,16.62,17.04,16.59,16.31,1.2,-1.96,-1.27,-5.07,-4.43,2.91,0.57,1.08,-1.2,-1.96
2013-10-29,002370,15.98,15.35,15.98,14.75,10103,15275072.0,7.79,-2.79,-0.44,0.88,18.51,24.07,22.71,20.41,19.8,19.12,18.03,16.41,15.39,9.49,16.23,16.82,16.56,16.31,0.85,1.56,-2.35,-1.69,5.86,3.45,3.97,1.63,0.85,2.02
2013-10-30,002370,15.12,15.45,15.48,15.12,4040,6186945.0,2.35,0.65,0.1,0.35,21.03,19.71,17.46,16.87,16.2,15.15,13.56,12.57,6.81,5.69,15.92,16.62,16.55,16.32,0.91,-2.98,-2.33,5.18,2.78,3.3,0.97,0.19,1.36,3.11
2013-10-31,002370,15.43,14.81,15.59,14.8,4467,6718423.0,5.11,-4.14,-0.64,0.39,22.3,20.0,19.39,18.72,17.64,16.01,15.0,9.12,7.97,4.59,15.51,16.36,16.51,16.29,1.22,1.89,9.72,7.22,7.77,5.33,4.52,5.74,7.56,3.44
2013-11-01,002370,14.95,14.98,14.99,14.5,5551,8175621.0,3.31,1.15,0.17,0.48,22.48,21.86,21.17,20.07,18.41,17.38,11.38,10.21,6.76,7.52,15.28,16.11,16.43,16.28,0.73,8.48,6.01,6.54,4.14,3.34,4.54,6.34,2.27,5.01
2013-11-04,002370,14.81,15.0,15.09,14.51,3763,5599419.0,3.87,0.13,0.02,0.33,21.78,21.09,19.99,18.33,17.3,11.3,10.13,6.69,7.44,3.31,15.12,15.87,16.36,16.27,8.33,5.87,6.4,4.0,3.2,4.4,6.2,2.13,4.87,8.73
2013-11-05,002370,14.66,15.8,16.25,14.63,10719,16706077.0,10.8,5.33,0.8,0.94,20.1,19.0,17.36,16.34,10.39,9.23,5.81,6.56,2.46,3.14,15.21,15.72,16.34,16.28,0.51,1.01,-1.27,-2.03,-0.89,0.82,-3.04,-0.44,3.23,2.78
2013-11-06,002370,15.8,15.85,15.88,15.55,5032,7933666.0,2.09,0.32,0.05,0.44,11.96,10.42,9.45,3.86,2.77,-0.45,0.26,-3.6,-2.96,4.5,15.29,15.61,16.32,16.26,0.69,-1.58,-2.33,-1.2,0.5,-3.34,-0.76,2.9,2.46,4.04
2013-11-07,002370,15.77,15.56,15.96,15.4,3374,5277162.0,3.53,-1.83,-0.29,0.29,11.49,10.52,4.87,3.77,0.52,1.23,-2.66,-2.01,5.52,3.12,15.44,15.47,16.29,16.24,0.26,-0.51,0.64,2.38,-1.54,1.09,4.82,4.37,5.98,6.04
2013-11-08,002370,15.6,15.22,15.6,15.0,3116,4729159.0,3.86,-2.19,-0.34,0.27,13.47,7.67,6.53,3.2,3.93,-0.07,0.6,8.33,5.87,6.4,15.49,15.38,16.23,16.2,1.71,2.89,4.66,0.66,3.35,7.16,6.7,8.34,8.41,7.88
2013-11-11,002370,15.04,15.39,15.48,15.04,1674,2572228.0,2.89,1.12,0.17,0.15,7.38,6.25,2.93,3.66,-0.33,0.33,8.05,5.59,6.12,3.72,15.56,15.34,16.19,16.17,1.75,3.51,-0.45,2.21,5.98,5.52,7.15,7.21,6.69,4.16
2013-11-12,002370,15.37,15.55,15.66,15.3,3670,5709135.0,2.34,1.04,0.16,0.32,4.44,1.18,1.9,-2.03,-1.37,6.21,3.79,4.31,1.96,1.18,15.51,15.36,16.09,16.16,2.44,-1.48,1.16,4.89,4.44,6.05,6.11,5.59,3.09,2.64
2013-11-13,002370,15.81,15.3,15.93,15.15,2596,4024465.0,5.02,-1.61,-0.25,0.23,2.18,2.9,-1.06,-0.4,7.26,4.82,5.35,2.97,2.18,3.37,15.4,15.35,15.99,16.15,0.13,2.81,6.6,6.14,7.78,7.84,7.32,4.77,4.31,4.31
2013-11-14,002370,15.3,15.2,15.32,14.6,8316,12427817.0,4.71,-0.65,-0.1,0.73,6.78,2.67,3.36,11.3,8.77,9.32,6.85,6.03,7.26,9.11,15.33,15.38,15.87,16.14,3.49,7.3,6.84,8.49,8.55,8.03,5.46,5.0,5.0,6.25
2013-11-15,002370,15.2,15.65,15.73,15.2,8025,12528859.0,3.49,2.96,0.45,0.7,-1.38,-0.72,6.91,4.47,5.0,2.63,1.84,3.03,4.8,0.79,15.42,15.45,15.78,16.11,4.22,3.77,5.37,5.43,4.92,2.43,1.98,1.98,3.19,6.39
2013-11-18,002370,16.31,16.05,16.31,15.5,6087,9661236.0,5.18,2.56,0.4,0.53,-2.65,4.84,2.45,2.97,0.65,-0.13,1.03,2.77,-1.16,1.48,15.55,15.56,15.71,16.09,1.18,2.74,2.8,2.31,-0.12,-0.56,-0.56,0.62,3.74,2.8
2013-11-19,002370,15.9,16.05,16.24,15.78,5979,9603176.0,2.87,0.0,0.0,0.52,2.98,0.63,1.14,-1.14,-1.9,-0.76,0.95,-2.92,-0.32,3.36,15.65,15.58,15.65,16.08,2.74,2.8,2.31,-0.12,-0.56,-0.56,0.62,3.74,2.8,0.75
2013-11-20,002370,16.0,16.36,16.49,16.0,5797,9439502.0,3.05,1.93,0.31,0.51,-0.75,-0.25,-2.5,-3.25,-2.12,-0.44,-4.25,-1.69,1.94,1.5,15.86,15.63,15.62,16.09,0.86,0.37,-2.02,-2.44,-2.44,-1.28,1.77,0.86,-1.16,8.74
2013-11-21,002370,16.2,16.33,16.5,16.1,4279,6996003.0,2.44,-0.18,-0.03,0.37,-0.87,-3.11,-3.85,-2.73,-1.06,-4.84,-2.3,1.3,0.87,2.42,16.09,15.71,15.59,16.09,0.55,-1.84,-2.27,-2.27,-1.1,1.96,1.04,-0.98,8.94,12.06
2013-11-22,002370,16.42,16.14,16.42,16.1,4829,7830331.0,1.96,-1.16,-0.19,0.42,-3.11,-3.85,-2.73,-1.06,-4.84,-2.3,1.3,0.87,2.42,2.48,16.19,15.8,15.59,16.09,-0.68,-1.12,-1.12,0.06,3.16,2.23,0.19,10.22,13.38,12.02
2013-11-25,002370,16.01,15.7,16.03,15.68,4089,6450972.0,2.17,-2.73,-0.44,0.36,-1.28,-0.13,1.59,-2.3,0.32,4.02,3.57,5.17,5.23,4.72,16.12,15.83,15.59,16.07,1.66,1.66,2.87,6.05,5.1,2.99,13.31,16.56,15.16,17.83
2013-11-26,002370,15.65,15.92,15.96,15.59,4230,6654226.0,2.36,1.4,0.22,0.37,0.45,2.18,-1.73,0.9,4.62,4.17,5.77,5.84,5.32,2.82,16.09,15.87,15.62,16.02,0.25,1.44,4.59,3.64,1.57,11.75,14.95,13.57,16.21,11.12
2013-11-27,002370,15.81,15.95,15.96,15.5,9345,14678560.0,2.89,0.19,0.03,0.82,2.77,-1.16,1.48,5.23,4.77,6.39,6.45,5.94,3.42,2.97,16.01,15.93,15.64,15.97,1.25,4.39,3.45,1.38,11.54,14.73,13.35,15.99,10.91,8.65
2013-11-28,002370,15.8,16.12,16.15,15.8,7990,12778142.0,2.19,1.07,0.17,0.7,-3.04,-0.44,3.23,2.78,4.37,4.43,3.92,1.46,1.01,1.01,15.97,16.03,15.71,15.92,3.29,2.36,0.31,10.36,13.52,12.16,14.76,9.74,7.51,7.32
2013-11-29,002370,16.12,16.57,16.65,15.92,9886,16251451.0,4.53,2.79,0.45,0.86,-1.19,2.45,2.01,3.58,3.64,3.14,0.69,0.25,0.25,1.44,16.05,16.12,15.79,15.9,-0.42,-2.41,7.36,10.44,9.11,11.65,6.76,4.59,4.41,3.8
2013-12-02,002370,16.5,15.8,16.5,15.42,11890,18991551.0,6.52,-4.65,-0.77,1.04,5.77,5.32,6.94,7.0,6.49,3.96,3.5,3.5,4.73,7.98,16.07,16.09,15.83,15.84,2.34,12.59,15.82,14.43,17.09,11.96,9.68,9.49,8.86,14.87
2013-12-03,002370,15.81,16.17,16.17,15.7,9975,15914242.0,2.97,2.34,0.37,0.87,3.44,5.03,5.1,4.59,2.1,1.66,1.66,2.87,6.05,5.1,16.12,16.11,15.84,15.8,10.02,13.17,11.81,14.41,9.4,7.17,6.99,6.37,12.24,11.19
2013-12-04,002370,16.18,17.68,17.79,16.17,21358,36340744.0,10.02,9.34,1.51,1.87,1.98,2.04,1.55,-0.87,-1.3,-1.3,-0.12,2.97,2.04,0.0,16.47,16.24,15.94,15.83,3.51,2.26,4.64,0.06,-1.98,-2.15,-2.71,2.66,1.7,1.81
2013-12-05,002370,17.6,17.48,18.3,17.3,23454,41587935.0,5.66,-1.13,-0.2,2.05,-4.62,-5.09,-7.34,-7.75,-7.75,-6.65,-3.76,-4.62,-6.53,2.83,16.74,16.35,16.03,15.85,3.43,5.84,1.2,-0.86,-1.03,-1.6,3.83,2.86,2.97,3.55
2013-12-06,002370,17.5,17.8,18.08,17.11,16628,29651902.0,5.55,1.83,0.32,1.45,-4.03,-6.31,-6.72,-6.72,-5.61,-2.69,-3.57,-5.49,3.97,6.95,16.99,16.52,16.16,15.9,3.93,-0.62,-2.64,-2.81,-3.37,1.97,1.01,1.12,1.69,1.63
2013-12-09,002370,17.9,17.68,18.5,17.38,22725,40556100.0,6.29,-0.67,-0.12,1.99,-7.77,-8.17,-8.17,-7.08,-4.2,-5.06,-6.96,2.36,5.29,4.03,17.36,16.72,16.27,15.96,0.06,-1.98,-2.15,-2.71,2.66,1.7,1.81,2.38,2.32,-1.07
2013-12-10,002370,17.66,17.25,17.69,16.95,13654,23548474.0,4.19,-2.43,-0.43,1.19,-5.84,-5.84,-4.72,-1.77,-2.65,-4.6,4.96,7.96,6.67,9.14,17.58,16.85,16.36,16.03,0.46,0.29,-0.29,5.22,4.23,4.35,4.93,4.87,1.39,1.68
2013-12-11,002370,17.2,17.15,17.33,17.0,5973,10224949.0,1.91,-0.58,-0.1,0.52,-6.12,-5.0,-2.06,-2.94,-4.88,4.65,7.65,6.35,8.82,4.06,17.47,16.97,16.45,16.08,0.87,0.29,5.83,4.84,4.96,5.54,5.48,1.98,2.27,2.33
2013-12-12,002370,17.12,17.11,17.3,17.0,5188,8881301.0,1.75,-0.23,-0.04,0.45,-5.0,-2.06,-2.94,-4.88,4.65,7.65,6.35,8.82,4.06,1.94,17.4,17.07,16.55,16.16,0.53,6.08,5.08,5.2,5.79,5.73,2.22,2.51,2.57,2.63
2013-12-13,002370,17.05,17.13,17.2,16.81,6006,10228157.0,2.28,0.12,0.02,0.52,-0.95,-1.84,-3.81,5.83,8.86,7.56,10.05,5.23,3.09,2.91,17.26,17.12,16.62,16.23,5.95,4.96,5.08,5.66,5.6,2.1,2.39,2.45,2.51,1.46
2013-12-16,002370,17.13,17.7,18.15,17.13,9993,17603756.0,5.95,3.33,0.57,0.87,-3.68,-5.6,3.85,6.83,5.55,8.0,3.27,1.17,0.99,0.41,17.27,17.31,16.7,16.32,1.58,1.69,2.26,2.2,-1.19,-0.9,-0.85,-0.79,-1.81,-2.43
2013-12-17,002370,17.68,17.8,17.98,17.21,6239,10976670.0,4.35,0.56,0.1,0.55,-6.04,3.37,6.33,5.06,7.5,2.79,0.7,0.52,-0.06,5.46,17.38,17.48,16.79,16.39,1.12,1.69,1.63,-1.74,-1.46,-1.4,-1.35,-2.36,-2.98,-5.17
2013-12-18,002370,17.95,17.7,18.0,17.6,4896,8708712.0,2.25,-0.56,-0.1,0.43,1.08,3.98,2.73,5.11,0.51,-1.53,-1.7,-2.27,3.12,2.16,17.49,17.48,16.86,16.45,2.26,2.2,-1.19,-0.9,-0.85,-0.79,-1.81,-2.43,-4.63,-5.31
2013-12-19,002370,17.96,17.95,18.1,17.58,4987,8903388.0,2.94,1.41,0.25,0.44,4.1,2.84,5.23,0.63,-1.42,-1.59,-2.16,3.24,2.28,2.39,17.66,17.53,16.94,16.53,0.78,-2.56,-2.28,-2.23,-2.17,-3.18,-3.79,-5.96,-6.63,-5.29
2013-12-20,002370,18.09,17.5,18.09,17.45,4433,7853669.0,3.57,-2.51,-0.45,0.39,3.61,6.02,1.38,-0.69,-0.86,-1.43,4.01,3.04,3.15,3.72,17.73,17.5,17.01,16.61,-0.06,0.23,0.29,0.34,-0.69,-1.31,-3.54,-4.23,-2.86,-1.14
2013-12-23,002370,17.18,17.35,17.49,16.55,5814,9942128.0,5.37,-0.86,-0.15,0.51,11.78,6.89,4.71,4.53,3.93,9.67,8.64,8.76,9.37,9.31,17.66,17.46,17.09,16.67,1.1,1.15,1.21,0.17,-0.46,-2.71,-3.4,-2.02,-0.29,2.88
2013-12-24,002370,17.35,17.35,17.54,17.13,4828,8364320.0,2.36,0.0,0.0,0.42,3.27,1.17,0.99,0.41,5.95,4.96,5.08,5.66,5.6,2.1,17.57,17.47,17.16,16.73,1.15,1.21,0.17,-0.46,-2.71,-3.4,-2.02,-0.29,2.88,4.9
2013-12-25,002370,17.36,17.34,17.55,17.2,3733,6468753.0,2.02,-0.06,-0.01,0.33,0.76,0.58,0.0,5.52,4.53,4.65,5.23,5.17,1.69,1.98,17.5,17.49,17.23,16.8,1.27,0.23,-0.4,-2.65,-3.34,-1.96,-0.23,2.94,4.96,3.75
2013-12-26,002370,17.56,17.34,17.56,16.71,6029,10333095.0,4.9,0.0,0.0,0.53,3.53,2.93,8.62,7.6,7.72,8.32,8.26,4.67,4.97,5.03,17.38,17.52,17.29,16.87,0.23,-0.4,-2.65,-3.34,-1.96,-0.23,2.94,4.96,3.75,1.61
2013-12-27,002370,17.01,17.24,17.38,17.0,10262,17658145.0,2.19,-0.58,-0.1,0.9,1.18,6.76,5.76,5.88,6.47,6.41,2.88,3.18,3.24,3.29,17.32,17.53,17.33,16.92,0.17,-2.09,-2.78,-1.39,0.35,3.54,5.57,4.35,2.2,1.04
2013-12-30,002370,17.16,16.82,17.27,16.65,11812,20093642.0,3.6,-2.44,-0.42,1.03,9.01,7.99,8.11,8.71,8.65,5.05,5.35,5.41,5.47,4.38,17.22,17.44,17.38,16.95,0.36,-0.36,1.07,2.85,6.12,8.2,6.96,4.76,3.57,4.93
2013-12-31,002370,16.86,16.5,16.88,16.32,10928,18040266.0,3.33,-1.9,-0.32,0.95,10.17,10.29,10.91,10.85,7.17,7.48,7.54,7.6,6.5,5.82,17.05,17.31,17.39,16.96,1.58,3.03,4.85,8.18,10.3,9.03,6.79,5.58,6.97,6.06
2014-01-02,002370,16.5,16.6,16.76,16.35,6554,10831469.0,2.48,0.61,0.1,0.57,10.09,10.7,10.64,6.97,7.28,7.34,7.4,6.3,5.63,3.24,16.9,17.2,17.34,16.97,2.41,4.22,7.53,9.64,8.37,6.14,4.94,6.33,5.42,10.18
2014-01-03,002370,16.57,16.99,17.0,16.2,9445,15649151.0,4.82,2.35,0.39,0.83,11.73,11.67,7.96,8.27,8.33,8.4,7.28,6.6,4.2,3.46,16.83,17.1,17.31,16.99,1.82,5.06,7.12,5.89,3.71,2.53,3.88,3.0,7.65,6.0
2014-01-06,002370,16.99,17.23,17.3,16.71,6125,10419016.0,3.47,1.41,0.24,0.54,8.26,4.67,4.97,5.03,5.09,4.01,3.35,1.02,0.3,1.74,16.83,17.08,17.29,17.03,3.6,5.63,4.41,2.26,1.1,2.44,1.57,6.15,4.53,3.31
2014-01-07,002370,17.29,17.75,17.85,16.89,10449,18368769.0,5.57,3.02,0.52,0.91,3.55,3.85,3.91,3.97,2.9,2.25,-0.06,-0.77,0.65,2.43,17.01,17.12,17.29,17.1,2.54,1.35,-0.73,-1.86,-0.56,-1.41,3.04,1.46,0.28,0.56
2014-01-08,002370,17.82,17.62,18.2,17.4,5588,9987268.0,4.51,-0.73,-0.13,0.49,0.8,0.86,0.92,-0.11,-0.75,-2.99,-3.68,-2.3,-0.57,2.59,17.24,17.14,17.31,17.16,2.1,0.0,-1.14,0.17,-0.68,3.8,2.21,1.02,1.31,-1.36
2014-01-09,002370,17.99,17.5,17.99,17.35,2783,4904213.0,3.63,-0.68,-0.12,0.24,1.15,1.21,0.17,-0.46,-2.71,-3.4,-2.02,-0.29,2.88,4.9,17.42,17.16,17.33,17.21,0.69,-0.46,0.86,0.0,4.51,2.91,1.71,2.0,-0.69,-0.63
2014-01-10,002370,17.2,17.3,17.62,15.75,4589,7908818.0,10.69,-1.14,-0.2,0.4,11.49,10.35,9.65,7.17,6.41,7.94,9.84,13.33,15.56,14.22,17.48,17.15,17.34,17.25,0.69,2.02,1.16,5.72,4.1,2.89,3.18,0.46,0.52,-0.35
2014-01-13,002370,16.9,17.3,17.42,16.9,4971,8574276.0,3.01,0.0,0.0,0.43,2.84,2.19,-0.12,-0.83,0.59,2.37,5.62,7.69,6.45,4.26,17.49,17.16,17.34,17.27,2.02,1.16,5.72,4.1,2.89,3.18,0.46,0.52,-0.35,3.76
2014-01-14,002370,17.3,17.37,17.65,17.25,2291,3968226.0,2.31,0.4,0.07,0.2,0.12,-2.14,-2.84,-1.45,0.29,3.48,5.51,4.29,2.14,0.99,17.42,17.22,17.33,17.32,0.75,5.3,3.68,2.48,2.76,0.06,0.12,-0.75,3.34,3.57
2014-01-15,002370,17.48,17.5,17.5,17.18,1926,3346717.0,1.84,0.75,0.13,0.17,-1.75,-2.44,-1.05,0.7,3.9,5.94,4.71,2.56,1.4,2.74,17.39,17.32,17.31,17.37,4.51,2.91,1.71,2.0,-0.69,-0.63,-1.49,2.57,2.8,3.43
2014-01-16,002370,17.52,18.05,18.29,17.5,9253,16659683.0,4.51,3.14,0.55,0.81,-4.23,-2.86,-1.14,2.0,4.0,2.8,0.69,-0.46,0.86,0.0,17.5,17.46,17.33,17.38,-0.22,-1.39,-1.11,-3.71,-3.66,-4.49,-0.55,-0.33,0.28,9.14
2014-01-17,002370,18.01,17.79,18.01,17.41,4567,8078550.0,3.32,-1.44,-0.26,0.4,-2.35,-0.63,2.53,4.54,3.33,1.21,0.06,1.38,0.52,5.05,17.6,17.54,17.32,17.39,0.06,0.34,-2.3,-2.25,-3.09,0.9,1.12,1.74,10.74,18.89
2014-01-20,002370,17.79,17.64,17.8,17.51,3844,6770785.0,1.63,-0.84,-0.15,0.34,-1.2,1.94,3.94,2.74,0.63,-0.51,0.8,-0.06,4.45,2.86,17.67,17.58,17.33,17.38,1.19,-1.47,-1.42,-2.27,1.76,1.98,2.61,11.68,19.9,18.25
2014-01-21,002370,17.82,17.24,17.85,17.22,5374,9379997.0,3.57,-2.27,-0.4,0.47,3.66,5.69,4.47,2.32,1.16,2.5,1.63,6.21,4.59,3.37,17.64,17.53,17.32,17.37,0.81,0.87,0.0,4.12,4.35,4.99,14.27,22.68,21.0,23.84
2014-01-22,002370,17.35,17.38,17.38,17.12,7276,12546404.0,1.51,0.81,0.14,0.64,6.31,5.08,2.92,1.75,3.1,2.22,6.83,5.2,3.97,4.26,17.62,17.51,17.32,17.37,0.06,-0.81,3.28,3.51,4.14,13.35,21.69,20.02,22.84,21.35
2014-01-23,002370,17.39,17.07,17.39,16.9,10300,17674163.0,2.82,-1.78,-0.31,0.9,6.45,4.26,3.08,4.44,3.55,8.22,6.57,5.33,5.62,2.84,17.42,17.46,17.31,17.37,1.0,5.16,5.39,6.03,15.41,23.9,22.2,25.07,23.55,23.37
2014-01-24,002370,17.0,17.24,17.24,16.7,9028,15404541.0,3.16,1.0,0.17,0.79,5.51,4.31,5.69,4.79,9.52,7.84,6.59,6.89,4.07,4.13,17.31,17.46,17.31,17.38,4.12,4.35,4.99,14.27,22.68,21.0,23.84,22.33,22.16,21.64
2014-01-27,002370,17.03,17.82,17.95,17.03,10581,18679919.0,5.34,3.36,0.58,0.92,2.29,3.64,2.76,7.4,5.75,4.52,4.82,2.06,2.11,1.23,17.35,17.51,17.34,17.4,0.95,1.57,10.55,18.69,17.06,19.81,18.35,18.18,17.68,23.96
2014-01-28,002370,17.71,17.88,17.99,16.78,16085,28146619.0,6.79,0.34,0.06,1.41,5.18,4.29,9.0,7.33,6.08,6.38,3.58,3.64,2.74,6.97,17.48,17.56,17.39,17.41,1.23,10.18,18.29,16.67,19.41,17.95,17.79,17.28,23.55,20.69
2014-01-29,002370,17.77,17.98,18.1,17.53,16445,29412713.0,3.19,0.56,0.1,1.44,-0.17,4.34,2.74,1.54,1.83,-0.86,-0.8,-1.65,2.4,2.62,17.6,17.61,17.46,17.41,9.57,17.63,16.02,18.74,17.3,17.13,16.63,22.86,20.02,21.25
2014-01-30,002370,18.08,19.44,19.7,18.06,26965,51592021.0,9.12,8.12,1.46,2.36,1.27,-0.28,-1.44,-1.16,-3.77,-3.71,-4.54,-0.61,-0.39,0.22,18.07,17.75,17.6,17.47,8.8,7.3,9.83,8.49,8.33,7.87,13.63,11.01,12.14,10.49
2014-02-07,002370,19.48,20.56,21.15,19.0,23258,46969225.0,11.06,5.76,1.12,2.03,-5.21,-6.32,-6.05,-8.53,-8.47,-9.26,-5.53,-5.32,-4.74,3.68,18.74,18.02,17.78,17.56,1.46,3.84,2.58,2.43,1.99,7.44,4.96,6.03,4.47,-1.22
2014-02-10,002370,20.55,20.55,20.86,20.1,15528,31755163.0,3.7,-0.05,-0.01,1.36,-11.44,-11.19,-13.53,-13.48,-14.23,-10.7,-10.5,-9.95,-1.99,5.22,19.28,18.32,17.95,17.66,3.89,2.63,2.48,2.04,7.49,5.01,6.08,4.53,-1.17,-1.75
2014-02-11,002370,20.5,20.69,21.35,20.28,14147,29464567.0,5.21,0.68,0.14,1.24,-11.98,-14.3,-14.25,-14.99,-11.49,-11.29,-10.75,-2.86,4.29,2.86,19.84,18.66,18.1,17.77,1.93,1.79,1.35,6.77,4.3,5.36,3.82,-1.84,-2.42,-1.98
2014-02-12,002370,20.4,20.65,21.09,20.4,12315,25584542.0,3.33,-0.19,-0.04,1.08,-14.8,-14.75,-15.49,-12.01,-11.81,-11.27,-3.43,3.68,2.25,4.66,20.38,18.99,18.25,17.88,1.99,1.55,6.97,4.5,5.57,4.02,-1.65,-2.23,-1.79,-6.44
2014-02-13,002370,20.69,20.35,21.06,20.1,10821,22250357.0,4.65,-1.45,-0.3,0.95,-13.48,-14.23,-10.7,-10.5,-9.95,-1.99,5.22,3.78,6.22,4.93,20.56,19.32,18.39,17.98,3.05,8.55,6.04,7.13,5.55,-0.2,-0.79,-0.34,-5.06,-3.39
2014-02-14,002370,20.4,20.95,20.97,20.2,9007,18562179.0,3.78,2.95,0.6,0.79,-14.65,-11.14,-10.94,-10.4,-2.48,4.7,3.27,5.69,4.41,4.26,20.64,19.69,18.57,18.1,5.44,3.01,4.06,2.53,-3.05,-3.63,-3.2,-7.78,-6.16,-8.35
2014-02-17,002370,20.99,21.5,22.09,20.96,14929,32430135.0,5.39,2.63,0.55,1.3,-14.36,-14.17,-13.65,-6.01,0.91,-0.48,1.86,0.62,0.48,0.05,20.83,20.05,18.78,18.24,0.37,1.4,-0.09,-5.53,-6.09,-5.67,-10.14,-8.56,-10.7,-11.4
2014-02-18,002370,21.53,21.2,21.58,20.75,7546,16013636.0,3.86,-1.4,-0.3,0.66,-13.3,-12.77,-5.06,1.93,0.53,2.89,1.64,1.49,1.06,6.46,20.93,20.39,18.97,18.39,2.83,1.32,-4.2,-4.76,-4.34,-8.87,-7.26,-9.43,-10.14,-8.11
2014-02-19,002370,21.06,21.28,21.8,21.06,4925,10515121.0,3.49,0.38,0.08,0.43,-14.06,-6.46,0.43,-0.95,1.38,0.14,0.0,-0.43,4.89,2.47,21.06,20.72,19.16,18.55,0.94,-4.56,-5.12,-4.7,-9.21,-7.61,-9.77,-10.48,-8.46,-11.28
2014-02-20,002370,21.28,20.28,21.48,20.25,14071,28968316.0,5.78,-4.7,-1.0,1.23,-2.72,4.44,3.01,5.43,4.15,4.0,3.56,9.09,6.57,7.65,21.04,20.8,19.27,18.67,0.15,-0.44,0.0,-4.73,-3.06,-5.33,-6.07,-3.94,-6.9,-7.2
2014-02-21,002370,20.28,19.95,20.31,19.51,10767,21467115.0,3.94,-1.63,-0.33,0.94,8.41,6.92,9.43,8.1,7.94,7.48,13.22,10.61,11.74,10.1,20.84,20.74,19.38,18.77,1.2,1.65,-3.16,-1.45,-3.76,-4.51,-2.36,-5.36,-5.66,-5.76
2014-02-24,002370,19.9,20.1,20.19,19.76,5907,11790260.0,2.16,0.75,0.15,0.52,5.57,8.05,6.73,6.58,6.12,11.79,9.21,10.32,8.7,2.78,20.56,20.69,19.51,18.86,0.9,-3.88,-2.19,-4.48,-5.22,-3.08,-6.07,-6.37,-6.47,-7.91
2014-02-25,002370,20.0,18.97,20.28,18.14,14010,27447260.0,10.65,-5.62,-1.13,1.22,17.7,16.26,16.1,15.6,21.78,18.96,20.18,18.41,11.96,11.3,20.12,20.52,19.59,18.9,1.85,3.64,1.21,0.42,2.69,-0.47,-0.79,-0.9,-2.42,-6.59
2014-02-26,002370,18.95,19.21,19.32,18.21,5030,9466984.0,5.85,1.27,0.24,0.44,15.82,15.65,15.16,21.31,18.51,19.71,17.96,11.53,10.87,11.37,19.7,20.38,19.68,18.96,2.34,-0.05,-0.83,1.41,-1.72,-2.03,-2.13,-3.64,-7.76,-10.52
2014-02-27,002370,19.19,19.0,19.66,18.7,5896,11336158.0,5.0,-1.09,-0.21,0.52,12.62,12.14,18.13,15.4,16.58,14.87,8.61,7.97,8.45,3.32,19.45,20.24,19.78,19.01,1.05,0.26,2.53,-0.63,-0.95,-1.05,-2.58,-6.74,-9.53,-9.63
2014-02-28,002370,18.29,18.92,19.2,18.29,3952,7403427.0,4.79,-0.42,-0.08,0.35,14.65,20.78,17.99,19.19,17.44,11.04,10.39,10.88,5.63,7.49,19.24,20.04,19.86,19.06,0.69,2.96,-0.21,-0.53,-0.63,-2.17,-6.34,-9.14,-9.25,-9.78
2014-03-03,002370,18.85,19.03,19.05,18.4,3346,6312036.0,3.44,0.58,0.11,0.29,20.05,17.28,18.48,16.74,10.38,9.73,10.22,5.0,6.85,4.35,19.03,19.79,19.92,19.12,2.36,-0.79,-1.1,-1.21,-2.73,-6.88,-9.67,-9.77,-10.3,-8.2
2014-03-04,002370,19.4,18.73,19.48,18.4,12039,22391648.0,5.68,-1.58,-0.3,1.05,17.28,18.48,16.74,10.38,9.73,10.22,5.0,6.85,4.35,3.53,18.98,19.55,19.97,19.16,0.8,0.48,0.37,-1.17,-5.39,-8.22,-8.33,-8.86,-6.73,-4.91
2014-03-05,002370,18.7,18.54,18.88,18.35,4154,7708583.0,2.83,-1.01,-0.19,0.36,18.8,17.06,10.68,10.03,10.52,5.29,7.14,4.63,3.81,6.16,18.84,19.27,19.99,19.2,1.51,1.4,-0.16,-4.42,-7.28,-7.39,-7.93,-5.77,-3.94,-4.53
2014-03-06,002370,18.55,18.71,18.82,18.41,4199,7852997.0,2.21,0.92,0.17,0.37,16.68,10.32,9.67,10.16,4.94,6.79,4.29,3.48,5.81,2.55,18.79,19.12,19.96,19.22,0.48,-1.07,-5.29,-8.12,-8.23,-8.77,-6.63,-4.81,-5.4,-5.13
2014-03-07,002370,18.57,18.41,18.8,18.35,7052,13044333.0,2.41,-1.6,-0.3,0.62,10.68,10.03,10.52,5.29,7.14,4.63,3.81,6.16,2.89,2.56,18.68,18.96,19.85,19.24,0.54,-3.75,-6.63,-6.74,-7.28,-5.11,-3.26,-3.86,-3.59,-6.74
2014-03-10,002370,18.51,17.61,18.51,17.51,8463,15032796.0,5.43,-4.35,-0.8,0.74,15.31,15.82,10.34,12.28,9.65,8.79,11.25,7.82,7.48,7.37,18.4,18.71,19.7,19.24,0.62,-2.39,-2.5,-3.07,-0.8,1.14,0.51,0.8,-2.5,-1.25
2014-03-11,002370,17.5,16.89,17.72,16.81,7551,13047906.0,5.17,-4.09,-0.72,0.66,20.64,14.93,16.95,14.22,13.33,15.88,12.31,11.96,11.84,10.11,18.03,18.5,19.51,19.23,1.78,1.66,1.07,3.43,5.45,4.8,5.09,1.66,2.96,1.54
2014-03-12,002370,16.89,16.99,17.19,16.3,6200,10420116.0,5.27,0.59,0.1,0.54,18.53,20.61,17.79,16.87,19.51,15.83,15.46,15.34,13.56,8.71,17.72,18.28,19.33,19.22,1.06,0.47,2.83,4.83,4.18,4.47,1.06,2.35,0.94,1.82
2014-03-13,002370,16.5,17.15,17.17,16.5,5273,9004070.0,3.94,0.94,0.16,0.46,19.15,16.36,15.45,18.06,14.42,14.06,13.94,12.18,7.39,4.18,17.41,18.1,19.17,19.22,-0.47,1.87,3.85,3.21,3.5,0.12,1.4,0.0,0.87,6.12
2014-03-14,002370,17.07,16.98,17.07,16.3,8002,13398594.0,4.49,-0.99,-0.17,0.7,17.79,16.87,19.51,15.83,15.46,15.34,13.56,8.71,5.46,5.34,17.12,17.9,18.97,19.21,2.89,4.89,4.24,4.53,1.12,2.41,1.0,1.88,7.18,2.83
2014-03-17,002370,16.97,17.44,17.47,16.88,21498,37025259.0,3.47,2.71,0.46,1.49,12.86,15.4,11.85,11.49,11.37,9.66,4.98,1.84,1.72,1.13,17.09,17.74,18.77,19.2,2.12,1.49,1.78,-1.55,-0.29,-1.66,-0.8,4.36,0.11,-2.81
2014-03-18,002370,17.37,17.55,17.81,17.3,9560,16889177.0,2.92,0.63,0.11,0.66,12.6,9.13,8.79,8.67,6.99,2.43,-0.64,-0.75,-1.33,0.98,17.22,17.63,18.59,19.19,0.85,1.14,-2.17,-0.91,-2.28,-1.42,3.7,-0.51,-3.42,-2.56
2014-03-19,002370,17.55,17.62,17.7,17.31,3628,6356350.0,2.22,0.4,0.07,0.25,9.07,8.72,8.61,6.93,2.37,-0.69,-0.81,-1.39,0.92,2.89,17.35,17.53,18.4,19.17,0.74,-2.55,-1.31,-2.67,-1.82,3.29,-0.91,-3.8,-2.95,-2.72
2014-03-20,002370,17.62,17.18,17.75,16.99,4732,8221020.0,4.31,-2.5,-0.44,0.33,10.77,10.65,8.95,4.3,1.18,1.06,0.47,2.83,4.83,4.18,17.35,17.38,18.25,19.1,-0.06,1.22,-0.17,0.7,5.94,1.63,-1.34,-0.47,-0.23,-0.17
2014-03-21,002370,16.97,17.15,17.17,16.62,4499,7619947.0,3.2,-0.17,-0.03,0.31,13.12,11.37,6.62,3.43,3.31,2.71,5.11,7.16,6.5,6.8,17.39,17.26,18.11,18.99,1.4,0.0,0.87,6.12,1.81,-1.17,-0.29,-0.06,0.0,1.46
2014-03-24,002370,17.19,17.09,17.39,17.0,3372,5792401.0,2.27,-0.35,-0.06,0.23,8.88,4.24,1.12,1.0,0.41,2.76,4.76,4.12,4.41,1.0,17.32,17.2,17.96,18.87,0.35,1.23,6.5,2.17,-0.82,0.06,0.29,0.35,1.81,2.93
2014-03-25,002370,17.15,16.42,17.15,16.29,7440,12371459.0,5.03,-3.92,-0.67,0.52,8.78,5.52,5.4,4.79,7.24,9.33,8.66,8.96,5.4,6.75,17.09,17.16,17.83,18.73,5.36,10.84,6.33,3.23,4.14,4.38,4.45,5.97,7.13,6.39
2014-03-26,002370,16.41,17.23,17.3,14.79,16025,27038630.0,15.29,4.93,0.81,1.11,16.23,16.09,15.42,18.12,20.42,19.68,20.01,16.09,17.58,15.96,17.01,17.18,17.73,18.61,5.63,1.33,-1.63,-0.75,-0.52,-0.46,0.99,2.09,1.39,0.81
2014-03-27,002370,17.36,17.46,18.2,17.36,16080,28431167.0,4.88,1.33,0.23,1.12,-1.09,-1.67,0.63,2.59,1.96,2.25,-1.09,0.17,-1.21,-0.35,17.07,17.21,17.65,18.52,0.0,-2.92,-2.06,-1.83,-1.78,-0.34,0.74,0.06,-0.52,-0.46
2014-03-28,002370,17.46,17.0,17.46,16.73,6956,11856767.0,4.18,-2.63,-0.46,0.48,2.03,4.42,6.46,5.8,6.1,2.63,3.95,2.51,3.41,8.79,17.04,17.21,17.56,18.39,-0.29,0.59,0.82,0.88,2.35,3.47,2.76,2.18,2.24,2.06
2014-03-31,002370,16.83,16.68,16.95,16.35,4631,7646745.0,3.53,-1.88,-0.32,0.32,6.85,8.93,8.26,8.56,5.02,6.36,4.89,5.81,11.31,6.79,16.96,17.14,17.44,18.23,2.52,2.76,2.82,4.32,5.46,4.74,4.14,4.2,4.02,3.72
2014-04-01,002370,16.95,16.9,17.1,16.52,7114,11947185.0,3.48,1.32,0.22,0.49,7.81,7.14,7.45,3.93,5.27,3.81,4.72,10.17,5.69,2.6,17.05,17.07,17.35,18.08,1.42,1.48,2.96,4.08,3.37,2.78,2.84,2.66,2.37,0.0
2014-04-02,002370,17.06,17.07,17.14,16.71,2677,4534097.0,2.54,1.01,0.17,0.19,5.92,6.22,2.75,4.07,2.63,3.53,8.92,4.49,1.44,2.33,17.02,17.02,17.28,17.94,0.47,1.93,3.05,2.34,1.76,1.82,1.64,1.35,-1.0,-0.64
2014-04-03,002370,17.11,17.0,17.15,16.8,15095,25724441.0,2.05,-0.41,-0.07,1.05,5.65,2.2,3.51,2.08,2.98,8.33,3.93,0.89,1.79,2.02,16.93,17.0,17.19,17.83,2.35,3.47,2.76,2.18,2.24,2.06,1.76,-0.59,-0.24,-0.71
2014-04-04,002370,16.8,17.31,17.4,16.62,21717,37490705.0,4.59,1.82,0.31,1.51,3.31,4.63,3.19,4.09,9.51,5.05,1.99,2.89,3.13,3.19,16.99,17.02,17.14,17.74,1.62,0.92,0.35,0.4,0.23,-0.06,-2.37,-2.02,-2.48,-2.48
2014-04-08,002370,17.58,17.37,17.59,17.17,6367,11020288.0,2.43,0.35,0.06,0.44,1.28,-0.12,0.76,6.0,1.69,-1.28,-0.41,-0.17,-0.12,1.34,17.13,17.04,17.12,17.65,0.58,0.0,0.06,-0.12,-0.4,-2.71,-2.36,-2.82,-2.82,-1.38
2014-04-09,002370,17.14,17.37,17.47,17.12,5399,9361907.0,2.01,0.0,0.0,0.37,0.18,1.05,6.31,1.99,-0.99,-0.12,0.12,0.18,1.64,2.75,17.22,17.14,17.15,17.6,0.0,0.06,-0.12,-0.4,-2.71,-2.36,-2.82,-2.82,-1.38,-1.61
2014-04-10,002370,17.36,17.31,17.37,17.21,4048,6998153.0,0.92,-0.35,-0.06,0.28,0.52,5.75,1.45,-1.51,-0.64,-0.41,-0.35,1.1,2.21,1.51,17.27,17.15,17.16,17.54,0.4,0.23,-0.06,-2.37,-2.02,-2.48,-2.48,-1.04,-1.27,-3.0
2014-04-11,002370,17.31,17.25,17.38,17.05,5216,8989461.0,1.91,-0.35,-0.06,0.36,6.74,2.4,-0.59,0.29,0.53,0.59,2.05,3.17,2.46,1.88,17.32,17.13,17.17,17.48,0.58,0.29,-2.03,-1.68,-2.14,-2.14,-0.7,-0.93,-2.67,-5.22
2014-04-14,002370,17.02,17.27,17.35,17.02,12268,21107238.0,1.91,0.12,0.02,0.85,2.59,-0.41,0.47,0.71,0.76,2.23,3.35,2.64,2.06,2.12,17.31,17.15,17.18,17.42,0.17,-2.14,-1.8,-2.26,-2.26,-0.81,-1.04,-2.78,-5.33,-5.85
2014-04-15,002370,17.3,16.91,17.3,16.5,7228,12263425.0,4.63,-2.08,-0.36,0.5,2.73,3.64,3.88,3.94,5.45,6.61,5.88,5.27,5.33,5.15,17.22,17.18,17.16,17.35,-0.06,0.3,-0.18,-0.18,1.3,1.06,-0.71,-3.31,-3.84,-6.27
2014-04-16,002370,16.9,16.61,16.9,16.3,5429,9015902.0,3.55,-1.77,-0.3,0.38,4.91,5.15,5.21,6.75,7.91,7.18,6.56,6.63,6.44,6.13,17.07,17.15,17.11,17.28,2.11,1.63,1.63,3.13,2.89,1.08,-1.57,-2.11,-4.58,-2.65
2014-04-17,002370,16.59,16.81,16.96,16.31,4713,7903757.0,3.91,1.2,0.2,0.33,5.09,5.15,6.68,7.85,7.11,6.5,6.56,6.38,6.07,3.62,16.97,17.12,17.07,17.22,0.42,0.42,1.9,1.67,-0.12,-2.74,-3.27,-5.71,-3.81,0.0
2014-04-18,002370,16.81,16.88,16.88,16.55,2605,4355015.0,1.96,0.42,0.07,0.18,3.63,5.14,6.28,5.56,4.95,5.02,4.83,4.53,2.11,2.48,16.9,17.11,17.05,17.16,0.0,1.48,1.24,-0.53,-3.14,-3.67,-6.1,-4.21,-0.41,0.53
2014-04-21,002370,16.61,16.79,16.88,16.55,3187,5317212.0,1.95,-0.53,-0.09,0.22,5.14,6.28,5.56,4.95,5.02,4.83,4.53,2.11,2.48,1.99,16.8,17.06,17.04,17.11,2.03,1.79,0.0,-2.62,-3.16,-5.6,-3.69,0.12,1.07,0.18
2014-04-22,002370,16.31,16.61,17.13,15.5,3789,6329214.0,9.71,-1.07,-0.18,0.26,13.48,12.71,12.06,12.13,11.94,11.61,9.03,9.42,8.9,8.9,16.74,16.98,17.01,17.08,2.89,1.08,-1.57,-2.11,-4.58,-2.65,1.2,2.17,1.26,0.54
2014-04-23,002370,16.94,16.65,17.09,16.46,2924,4860586.0,3.79,0.24,0.04,0.2,6.14,5.53,5.59,5.41,5.1,2.67,3.04,2.55,2.55,4.07,16.75,16.91,17.02,17.07,0.84,-1.8,-2.34,-4.8,-2.88,0.96,1.92,1.02,0.3,0.18
2014-04-24,002370,16.79,16.38,16.79,15.95,4146,6765180.0,5.05,-1.62,-0.27,0.29,8.9,8.97,8.78,8.46,5.96,6.33,5.83,5.83,7.4,7.15,16.66,16.82,16.98,17.05,-0.18,-0.73,-3.24,-1.28,2.63,3.6,2.69,1.95,1.83,1.71
2014-04-25,002370,16.25,16.23,16.35,15.52,9766,15464204.0,5.07,-0.92,-0.15,0.68,11.98,11.79,11.47,8.89,9.28,8.76,8.76,10.37,10.12,8.18,16.53,16.71,16.92,17.02,0.18,-2.34,-0.37,3.57,4.56,3.64,2.9,2.77,2.65,2.83
2014-04-28,002370,16.0,15.61,16.26,15.42,4324,6782152.0,5.18,-3.82,-0.62,0.3,12.52,12.19,9.6,9.99,9.47,9.47,11.09,10.83,8.88,6.03,16.3,16.55,16.85,16.97,1.54,3.59,7.69,8.71,7.75,6.98,6.85,6.73,6.92,6.41
2014-04-29,002370,15.57,15.63,15.85,15.37,4642,7221980.0,3.07,0.13,0.02,0.32,12.56,9.95,10.34,9.82,9.82,11.45,11.19,9.24,6.38,5.79,16.1,16.42,16.8,16.91,3.45,7.55,8.57,7.61,6.85,6.72,6.59,6.78,6.27,5.95
2014-04-30,002370,15.45,16.16,16.17,15.45,3904,6162321.0,4.61,3.39,0.53,0.27,9.39,9.77,9.26,9.26,10.87,10.61,8.67,5.83,5.24,2.59,16.0,16.37,16.76,16.86,4.02,5.01,4.08,3.34,3.22,3.09,3.28,2.78,2.48,2.04
2014-05-05,002370,16.16,16.79,16.81,15.83,5997,9991557.0,6.06,3.9,0.63,0.42,7.14,6.63,6.63,8.21,7.96,6.06,3.28,2.72,0.13,2.15,16.08,16.37,16.75,16.84,1.07,0.18,-0.54,-0.66,-0.77,-0.6,-1.07,-1.37,-1.79,-3.51
2014-05-06,002370,16.68,16.77,16.97,16.52,3245,5453476.0,2.68,-0.12,-0.02,0.23,2.18,2.18,3.69,3.45,1.63,-1.03,-1.57,-4.06,-2.12,1.76,16.19,16.36,16.74,16.82,0.3,-0.42,-0.54,-0.66,-0.48,-0.95,-1.25,-1.67,-3.4,-1.61
2014-05-07,002370,16.81,16.65,16.82,16.5,2925,4869076.0,1.91,-0.72,-0.12,0.2,2.3,3.82,3.58,1.76,-0.91,-1.45,-3.94,-2.0,1.88,2.85,16.4,16.35,16.7,16.81,0.3,0.18,0.06,0.24,-0.24,-0.54,-0.96,-2.7,-0.9,-1.5
2014-05-08,002370,16.41,16.63,16.7,16.4,2210,3679246.0,1.8,-0.12,-0.02,0.15,4.45,4.21,2.38,-0.3,-0.85,-3.35,-1.4,2.5,3.48,2.56,16.6,16.35,16.67,16.79,0.3,0.18,0.36,-0.12,-0.42,-0.84,-2.59,-0.78,-1.38,-4.39
2014-05-09,002370,16.61,16.56,16.68,16.17,1702,2804153.0,3.07,-0.42,-0.07,0.12,5.69,3.83,1.11,0.56,-1.98,0.0,3.96,4.95,4.02,3.28,16.68,16.34,16.62,16.8,0.6,0.79,0.3,0.0,-0.42,-2.17,-0.36,-0.97,-3.99,-5.98
2014-05-12,002370,16.56,16.59,16.66,16.43,2125,3521854.0,1.39,0.18,0.03,0.15,2.19,-0.49,-1.03,-3.53,-1.58,2.31,3.29,2.37,1.64,1.52,16.64,16.36,16.59,16.77,0.6,0.12,-0.18,-0.6,-2.35,-0.54,-1.15,-4.16,-6.15,-9.04
2014-05-13,002370,16.68,16.58,16.69,16.53,2529,4198313.0,0.96,-0.06,-0.01,0.18,-1.09,-1.63,-4.11,-2.18,1.69,2.66,1.75,1.03,0.91,0.79,16.6,16.4,16.56,16.75,0.18,-0.12,-0.54,-2.29,-0.48,-1.09,-4.1,-6.09,-8.99,-10.31
2014-05-14,002370,16.51,16.38,16.61,16.03,2112,3460448.0,3.5,-1.21,-0.2,0.15,1.43,-1.12,0.87,4.87,5.86,4.93,4.18,4.05,3.93,4.12,16.55,16.47,16.51,16.72,1.1,0.67,-1.1,0.73,0.12,-2.93,-4.95,-7.88,-9.22,-9.4
2014-05-15,002370,16.25,16.46,16.56,16.21,3766,6185100.0,2.14,0.49,0.08,0.26,-2.22,-0.25,3.7,4.69,3.76,3.02,2.9,2.78,2.96,2.47,16.51,16.56,16.49,16.72,0.18,-1.58,0.24,-0.36,-3.4,-5.41,-8.32,-9.66,-9.84,-9.23
2014-05-16,002370,16.3,16.19,16.49,16.0,5608,9091054.0,2.98,-1.64,-0.27,0.39,1.06,5.06,6.06,5.13,4.37,4.25,4.13,4.31,3.81,3.5,16.44,16.56,16.47,16.69,0.06,1.91,1.3,-1.79,-3.83,-6.79,-8.15,-8.34,-7.72,-8.52
2014-05-19,002370,16.17,16.0,16.2,15.68,8648,13740918.0,3.21,-1.17,-0.19,0.6,7.21,8.23,7.27,6.51,6.38,6.25,6.44,5.93,5.61,5.17,16.32,16.48,16.43,16.66,3.12,2.5,-0.62,-2.69,-5.69,-7.06,-7.25,-6.63,-7.44,-7.31
2014-05-20,002370,15.7,16.46,16.5,15.7,10633,16996057.0,5.0,2.88,0.46,0.74,8.09,7.13,6.37,6.24,6.11,6.31,5.8,5.48,5.03,3.18,16.3,16.45,16.41,16.64,-0.36,-3.4,-5.41,-8.32,-9.66,-9.84,-9.23,-10.02,-9.9,-10.69
2014-05-21,002370,16.36,15.56,16.4,15.56,16425,26039665.0,5.1,-5.47,-0.9,1.14,8.1,7.33,7.2,7.07,7.26,6.75,6.43,5.98,4.11,6.04,16.13,16.34,16.34,16.58,2.19,0.06,-3.02,-4.43,-4.63,-3.98,-4.82,-4.69,-5.53,-8.16
2014-05-22,002370,15.56,15.63,15.9,15.4,21099,33075476.0,3.21,0.45,0.07,1.46,8.44,8.31,8.18,8.38,7.86,7.53,7.08,5.19,7.14,6.49,15.97,16.24,16.3,16.52,-0.38,-3.45,-4.86,-5.05,-4.41,-5.25,-5.12,-5.95,-8.57,-8.89
2014-05-23,002370,15.49,14.81,15.57,14.6,24091,35818616.0,6.21,-5.25,-0.82,1.67,14.25,14.11,14.32,13.77,13.42,12.95,10.96,13.01,12.33,8.9,15.69,16.07,16.2,16.44,1.89,0.41,0.2,0.88,0.0,0.14,-0.74,-3.51,-3.85,-6.48
2014-05-26,002370,14.79,14.8,15.09,14.72,20988,31179321.0,2.5,-0.07,-0.01,1.46,13.18,13.38,12.84,12.5,12.02,10.05,12.09,11.41,8.02,5.77,15.45,15.89,16.12,16.35,0.47,0.27,0.95,0.07,0.2,-0.68,-3.45,-3.78,-6.42,-11.15
2014-05-27,002370,14.85,14.77,14.87,14.75,11360,16813268.0,0.81,-0.2,-0.03,0.79,13.15,12.61,12.27,11.8,9.83,11.86,11.19,7.8,5.56,2.31,15.11,15.71,16.05,16.27,0.47,1.15,0.27,0.41,-0.47,-3.25,-3.59,-6.23,-10.97,-9.55
2014-05-28,002370,14.82,14.82,14.84,14.67,20769,30663240.0,1.15,0.34,0.05,1.44,13.22,12.88,12.41,10.43,12.47,11.79,8.38,6.13,2.86,1.36,14.97,15.55,16.01,16.19,0.81,-0.07,0.07,-0.81,-3.58,-3.91,-6.55,-11.27,-9.85,-10.39
2014-05-29,002370,14.8,14.72,14.94,14.71,13125,19424993.0,1.55,-0.67,-0.1,0.91,12.58,12.1,10.13,12.17,11.49,8.09,5.85,2.58,1.09,0.88,14.78,15.38,15.97,16.12,0.61,0.75,-0.14,-2.92,-3.26,-5.91,-10.67,-9.24,-9.78,-10.19
2014-05-30,002370,14.75,14.72,14.81,14.64,18482,27226787.0,1.15,0.0,0.0,1.28,12.64,10.66,12.7,12.02,8.61,6.35,3.07,1.57,1.37,2.05,14.77,15.23,15.89,16.05,0.75,-0.14,-2.92,-3.26,-5.91,-10.67,-9.24,-9.78,-10.19,-8.36
2014-06-03,002370,14.73,14.66,14.83,14.65,9122,13402928.0,1.22,-0.41,-0.06,0.63,10.58,12.63,11.95,8.53,6.28,3.0,1.5,1.3,1.98,1.09,14.74,15.1,15.79,15.98,0.27,-2.52,-2.86,-5.53,-10.3,-8.87,-9.41,-9.82,-7.98,-7.91
2014-06-04,002370,14.7,14.1,14.7,13.9,19917,28240511.0,5.46,-3.82,-0.56,1.38,18.71,17.99,14.39,12.01,8.56,6.98,6.76,7.48,6.55,6.69,14.6,14.86,15.65,15.89,1.35,0.99,-1.77,-6.74,-5.25,-5.82,-6.24,-4.33,-4.26,-4.75
2014-06-05,002370,14.1,14.17,14.29,13.95,17996,25352777.0,2.41,0.5,0.07,1.25,17.56,13.98,11.61,8.17,6.59,6.38,7.1,6.16,6.31,5.38,14.47,14.72,15.53,15.8,0.49,-2.26,-7.2,-5.72,-6.28,-6.7,-4.8,-4.73,-5.22,-5.86
2014-06-06,002370,14.17,13.8,14.24,13.7,13831,19248269.0,3.81,-2.61,-0.37,0.96,16.06,13.65,10.15,8.54,8.32,9.05,8.1,8.25,7.3,4.31,14.29,14.54,15.39,15.71,0.36,-4.71,-3.19,-3.77,-4.2,-2.25,-2.17,-2.68,-3.33,-6.52
2014-06-09,002370,13.85,13.0,13.85,12.98,32620,43439678.0,6.3,-5.8,-0.8,2.26,19.95,16.26,14.56,14.33,15.1,14.1,14.25,13.25,10.09,9.71,13.95,14.36,15.21,15.59,1.15,2.77,2.15,1.69,3.77,3.85,3.31,2.62,-0.77,0.77
2014-06-10,002370,13.08,13.03,13.15,12.93,24815,32306651.0,1.69,0.23,0.03,1.72,16.71,15.0,14.77,15.55,14.54,14.69,13.69,10.52,10.13,7.12,13.62,14.18,15.03,15.48,2.53,1.92,1.46,3.53,3.61,3.07,2.38,-1.0,0.54,2.84
2014-06-11,002370,13.03,13.28,13.36,13.0,24455,32176282.0,2.76,1.92,0.25,1.7,14.38,14.15,14.92,13.92,14.08,13.08,9.92,9.54,6.54,1.15,13.46,14.03,14.87,15.38,0.0,-0.45,1.58,1.66,1.13,0.45,-2.86,-1.36,0.9,0.75
2014-06-12,002370,13.27,13.03,13.28,12.9,43530,56658985.0,2.86,-1.88,-0.25,3.02,15.04,15.81,14.81,14.96,13.95,10.78,10.39,7.36,1.94,3.57,13.23,13.85,14.7,15.29,1.46,3.53,3.61,3.07,2.38,-1.0,0.54,2.84,2.69,2.07
2014-06-13,002370,13.04,13.22,13.22,12.88,32987,43170990.0,2.61,1.46,0.19,2.29,15.99,14.98,15.14,14.13,10.95,10.56,7.53,2.1,3.73,3.11,13.11,13.7,14.54,15.21,2.04,2.12,1.59,0.91,-2.42,-0.91,1.36,1.21,0.61,0.15
2014-06-16,002370,13.25,13.42,13.49,13.22,31685,42371640.0,2.04,1.51,0.2,2.2,12.03,12.18,11.2,8.09,7.72,4.77,-0.53,1.06,0.45,0.0,13.2,13.57,14.4,15.12,0.6,0.07,-0.6,-3.87,-2.38,-0.15,-0.3,-0.89,-1.34,-0.52
2014-06-17,002370,13.42,13.42,13.5,13.28,19151,25642938.0,1.64,0.0,0.0,1.33,11.67,10.69,7.61,7.23,4.29,-0.98,0.6,0.0,-0.45,1.58,13.27,13.45,14.27,15.01,0.07,-0.6,-3.87,-2.38,-0.15,-0.3,-0.89,-1.34,-0.52,0.22
2014-06-18,002370,13.4,13.11,13.43,13.1,19788,26240272.0,2.46,-2.31,-0.31,1.37,12.21,9.08,8.7,5.73,0.38,1.98,1.37,0.92,2.98,3.05,13.24,13.35,14.1,14.89,1.75,-1.6,-0.08,2.21,2.06,1.45,0.99,1.83,2.59,3.59
2014-06-19,002370,13.07,12.75,13.34,12.52,25041,32762053.0,6.25,-2.75,-0.36,1.74,14.14,13.74,10.62,5.03,6.71,6.07,5.59,7.75,7.83,7.27,13.18,13.21,13.96,14.76,1.18,2.75,5.1,4.94,4.31,3.84,4.71,5.49,6.51,8.63
2014-06-20,002370,12.75,12.86,12.9,12.59,10687,13659695.0,2.43,0.86,0.11,0.74,13.11,10.01,4.45,6.12,5.48,5.0,7.15,7.23,6.67,5.96,13.11,13.11,13.82,14.63,1.87,4.2,4.04,3.42,2.95,3.81,4.59,5.6,7.7,7.85
2014-06-23,002370,12.8,13.05,13.1,12.8,11472,14956211.0,2.33,1.48,0.19,0.8,8.2,2.73,4.37,3.75,3.28,5.39,5.47,4.92,4.22,0.78,13.04,13.12,13.74,14.51,2.68,2.53,1.92,1.46,2.3,3.07,4.06,6.13,6.28,9.27
2014-06-24,002370,13.09,13.32,13.4,13.06,17716,23540245.0,2.61,2.07,0.27,1.23,0.69,2.3,1.68,1.23,3.29,3.37,2.83,2.14,-1.23,0.31,13.02,13.15,13.66,14.4,0.45,-0.15,-0.6,0.23,0.98,1.95,3.98,4.13,7.06,7.28
2014-06-25,002370,13.38,13.12,13.38,13.08,9999,13127305.0,2.25,-1.5,-0.2,0.69,2.14,1.53,1.07,3.13,3.21,2.68,1.99,-1.38,0.15,2.45,13.02,13.13,13.58,14.29,1.37,0.91,1.75,2.52,3.51,5.56,5.72,8.69,8.92,8.69
2014-06-26,002370,13.21,13.22,13.3,13.12,13065,17256646.0,1.37,0.76,0.1,0.91,1.22,0.76,2.82,2.9,2.36,1.68,-1.68,-0.15,2.13,1.98,13.11,13.15,13.5,14.18,0.15,0.98,1.74,2.72,4.77,4.92,7.87,8.09,7.87,5.14
2014-06-27,002370,13.2,13.14,13.24,13.09,13030,17132155.0,1.13,-0.61,-0.08,0.9,0.99,3.06,3.13,2.6,1.91,-1.45,0.08,2.37,2.22,1.6,13.17,13.14,13.42,14.07,1.6,2.36,3.35,5.4,5.56,8.52,8.75,8.52,5.78,5.78
2014-06-30,002370,13.21,13.28,13.35,13.16,20392,27006826.0,1.45,1.07,0.14,1.41,2.51,2.58,2.05,1.37,-1.98,-0.46,1.82,1.67,1.06,0.61,13.22,13.13,13.35,13.98,1.28,2.26,4.29,4.44,7.38,7.61,7.38,4.67,4.67,6.17
2014-07-01,002370,13.35,13.42,13.45,13.23,22468,29919052.0,1.66,1.05,0.14,1.56,2.04,1.51,0.83,-2.49,-0.98,1.28,1.13,0.53,0.08,0.91,13.24,13.13,13.29,13.89,1.19,3.2,3.35,6.26,6.48,6.26,3.58,3.58,5.07,5.37
2014-07-02,002370,13.46,13.55,13.58,13.3,28626,38468254.0,2.09,0.97,0.13,1.99,0.98,0.3,-3.01,-1.5,0.75,0.6,0.0,-0.45,0.38,1.13,13.32,13.17,13.26,13.79,2.21,2.36,5.24,5.46,5.24,2.58,2.58,4.06,4.35,2.29
2014-07-03,002370,13.54,13.82,13.85,13.38,55595,75728324.0,3.47,1.99,0.27,3.86,-0.3,-3.59,-2.09,0.15,0.0,-0.6,-1.05,-0.22,0.52,1.49,13.44,13.28,13.24,13.73,0.36,3.18,3.4,3.18,0.58,0.58,2.03,2.32,0.29,0.43
2014-07-04,002370,13.79,13.7,13.87,13.62,40917,56179731.0,1.81,-0.87,-0.12,2.84,-5.29,-3.82,-1.62,-1.76,-2.35,-2.79,-1.98,-1.25,-0.29,1.69,13.55,13.36,13.24,13.67,4.09,4.31,4.09,1.46,1.46,2.92,3.21,1.17,1.31,0.36
2014-07-07,002370,13.65,14.25,14.26,13.6,46887,65457214.0,4.82,4.01,0.55,3.25,-3.68,-1.47,-1.62,-2.21,-2.65,-1.84,-1.1,-0.15,1.84,1.99,13.75,13.48,13.3,13.65,0.28,0.07,-2.46,-2.46,-1.05,-0.77,-2.74,-2.6,-3.51,-4.0
2014-07-08,002370,14.18,14.2,14.29,13.93,24955,35280268.0,2.53,-0.35,-0.05,1.73,-3.8,-3.95,-4.52,-4.95,-4.16,-3.45,-2.51,-0.57,-0.43,2.37,13.9,13.57,13.36,13.63,0.42,-2.11,-2.11,-0.7,-0.42,-2.39,-2.25,-3.17,-3.66,-6.62
2014-07-09,002370,14.2,13.85,14.26,13.85,23655,33257746.0,2.89,-2.46,-0.35,1.64,-3.39,-3.97,-4.4,-3.61,-2.89,-1.95,0.0,0.14,2.96,3.18,13.96,13.64,13.39,13.6,0.36,0.36,1.81,2.09,0.07,0.22,-0.72,-1.23,-4.26,-3.61
2014-07-10,002370,13.8,13.66,13.9,13.62,19313,26524792.0,2.02,-1.37,-0.19,1.34,-2.35,-2.79,-1.98,-1.25,-0.29,1.69,1.84,4.7,4.92,4.7,13.93,13.69,13.42,13.56,1.76,3.22,3.51,1.46,1.61,0.66,0.15,-2.93,-2.27,-3.29
2014-07-11,002370,13.66,13.79,13.9,13.62,17658,24382509.0,2.05,0.95,0.13,1.22,-2.79,-1.98,-1.25,-0.29,1.69,1.84,4.7,4.92,4.7,2.06,13.95,13.75,13.45,13.53,2.25,2.54,0.51,0.65,-0.29,-0.8,-3.84,-3.19,-4.21,-0.73
2014-07-14,002370,13.9,14.1,14.1,13.79,16052,22379714.0,2.25,2.25,0.31,1.11,-3.19,-2.47,-1.52,0.44,0.58,3.41,3.63,3.41,0.8,0.8,13.92,13.83,13.48,13.51,0.28,-1.7,-1.56,-2.48,-2.98,-5.96,-5.32,-6.31,-2.91,-3.9
2014-07-15,002370,14.12,13.79,14.14,13.68,21537,29809449.0,3.26,-2.2,-0.31,1.49,-1.68,-0.73,1.24,1.39,4.24,4.46,4.24,1.61,1.61,3.07,13.84,13.87,13.5,13.48,0.51,0.65,-0.29,-0.8,-3.84,-3.19,-4.21,-0.73,-1.74,-0.29
2014-07-16,002370,13.86,13.57,13.86,13.46,15614,21326103.0,2.9,-1.6,-0.22,1.08,0.89,2.9,3.05,5.94,6.17,5.94,3.27,3.27,4.75,5.05,13.78,13.87,13.52,13.46,2.28,1.33,0.81,-2.28,-1.62,-2.65,0.88,-0.15,1.33,3.17
2014-07-17,002370,13.6,13.75,13.88,13.51,15912,21802835.0,2.73,1.33,0.18,1.1,2.52,2.66,5.55,5.77,5.55,2.89,2.89,4.37,4.66,2.59,13.8,13.87,13.57,13.45,0.0,-0.51,-3.56,-2.91,-3.93,-0.44,-1.45,0.0,1.82,2.4
2014-07-18,002370,13.75,13.62,13.75,13.55,9452,12890811.0,1.45,-0.95,-0.13,0.66,2.36,5.24,5.46,5.24,2.58,2.58,4.06,4.35,2.29,2.44,13.77,13.86,13.61,13.44,0.44,-2.64,-1.98,-3.01,0.51,-0.51,0.95,2.79,3.38,11.82
2014-07-21,002370,13.6,13.23,13.68,13.22,14472,19423815.0,3.38,-2.86,-0.39,1.0,7.87,8.09,7.87,5.14,5.14,6.66,6.96,4.84,4.99,4.01,13.59,13.76,13.62,13.45,0.23,0.91,-0.15,3.48,2.42,3.93,5.82,6.42,15.12,11.87
2014-07-22,002370,13.18,13.24,13.26,12.98,20721,27263007.0,2.12,0.08,0.01,1.44,10.09,9.86,7.09,7.09,8.63,8.94,6.78,6.93,5.93,5.39,13.48,13.66,13.61,13.46,0.83,-0.23,3.4,2.34,3.85,5.74,6.34,15.03,11.78,11.03
2014-07-23,002370,13.18,13.17,13.35,13.15,13155,17402415.0,1.51,-0.53,-0.07,0.91,8.44,5.7,5.7,7.22,7.53,5.4,5.55,4.56,4.03,0.84,13.4,13.59,13.62,13.45,0.3,3.95,2.89,4.4,6.3,6.91,15.64,12.38,11.62,11.39
2014-07-24,002370,13.16,13.04,13.21,12.97,11168,14595515.0,1.82,-0.99,-0.13,0.77,7.17,7.17,8.71,9.02,6.86,7.02,6.01,5.47,2.24,2.93,13.26,13.53,13.61,13.46,4.98,3.91,5.44,7.36,7.98,16.79,13.5,12.73,12.5,12.04
2014-07-25,002370,13.69,13.15,13.69,13.06,26653,35517199.0,4.83,0.84,0.11,1.85,6.43,7.96,8.27,6.13,6.28,5.28,4.75,1.53,2.22,1.15,13.17,13.47,13.61,13.45,3.04,4.56,6.46,7.07,15.82,12.55,11.79,11.56,11.1,10.57
2014-07-28,002370,13.16,13.55,13.55,13.16,20966,28063740.0,2.97,3.04,0.4,1.45,7.14,7.45,5.32,5.47,4.48,3.95,0.76,1.44,0.38,4.03,13.23,13.41,13.62,13.46,1.48,3.32,3.91,12.4,9.23,8.49,8.27,7.82,7.31,9.96
2014-07-29,002370,13.54,13.74,13.75,13.45,25779,35142838.0,2.21,1.4,0.19,1.79,5.13,3.05,3.2,2.23,1.71,-1.41,-0.74,-1.78,1.78,0.74,13.33,13.41,13.64,13.47,1.89,2.47,10.84,7.71,6.99,6.77,6.33,5.82,8.44,10.33
2014-07-30,002370,13.77,13.96,14.0,13.7,26228,36331737.0,2.18,1.6,0.22,1.82,1.17,1.31,0.36,-0.15,-3.21,-2.55,-3.58,-0.07,-1.09,0.36,13.49,13.44,13.66,13.5,0.86,9.1,6.02,5.3,5.09,4.66,4.15,6.73,8.6,9.24
2014-07-31,002370,13.99,13.88,14.08,13.75,24532,34073799.0,2.36,-0.57,-0.08,1.7,0.95,0.0,-0.51,-3.56,-2.91,-3.93,-0.44,-1.45,0.0,1.82,13.66,13.46,13.66,13.53,9.73,6.63,5.91,5.69,5.26,4.76,7.35,9.22,9.87,8.0
2014-08-01,002370,13.82,14.74,15.23,13.81,84516,123543798.0,10.23,6.2,0.86,5.86,-0.43,-0.94,-3.98,-3.33,-4.34,-0.87,-1.88,-0.43,1.38,1.96,13.97,13.57,13.71,13.6,0.41,-0.27,-0.47,-0.88,-1.36,1.09,2.85,3.46,1.7,0.61
2014-08-04,002370,14.8,14.7,14.8,14.45,49271,72147485.0,2.37,-0.27,-0.04,3.42,-5.33,-8.24,-7.61,-8.58,-5.26,-6.23,-4.84,-3.11,-2.56,5.4,14.2,13.72,13.74,13.65,0.0,-0.2,-0.61,-1.09,1.36,3.13,3.74,1.97,0.88,4.08
2014-08-05,002370,14.7,14.5,14.7,14.41,40649,59061005.0,1.97,-1.36,-0.2,2.82,-7.98,-7.36,-8.33,-5.0,-5.97,-4.58,-2.85,-2.29,5.69,2.71,14.36,13.84,13.75,13.69,1.17,0.76,0.28,2.76,4.55,5.17,3.38,2.28,5.52,8.21
2014-08-06,002370,14.5,14.58,14.67,14.45,21682,31625167.0,1.52,0.55,0.08,1.5,-7.61,-8.58,-5.26,-6.23,-4.84,-3.11,-2.56,5.4,2.42,1.73,14.48,13.98,13.79,13.74,0.21,-0.27,2.19,3.98,4.6,2.81,1.71,4.94,7.61,4.87
2014-08-07,002370,14.58,14.38,14.61,14.35,21179,30581771.0,1.78,-1.37,-0.2,1.47,-7.94,-4.6,-5.57,-4.18,-2.44,-1.88,6.13,3.14,2.44,2.23,14.58,14.12,13.82,13.78,1.11,3.62,5.42,6.05,4.24,3.13,6.4,9.11,6.33,6.26
2014-08-08,002370,14.33,14.47,14.54,14.33,13420,19374893.0,1.46,0.63,0.09,0.93,-4.47,-5.44,-4.05,-2.3,-1.74,6.28,3.28,2.58,2.37,1.95,14.53,14.25,13.86,13.82,2.97,4.77,5.39,3.59,2.49,5.74,8.43,5.67,5.6,5.18
2014-08-11,002370,14.6,14.73,14.9,14.6,33740,49825079.0,2.07,1.8,0.26,2.34,-7.19,-5.82,-4.11,-3.56,4.32,1.37,0.68,0.48,0.07,-0.41,14.53,14.37,13.89,13.87,2.92,3.53,1.77,0.68,3.87,6.52,3.8,3.73,3.33,3.6
2014-08-12,002370,14.77,15.05,15.16,14.7,35390,53086441.0,3.12,2.17,0.32,2.45,-6.46,-4.76,-4.22,3.61,0.68,0.0,-0.2,-0.61,-1.09,1.36,14.64,14.5,13.95,13.93,1.33,-0.4,-1.46,1.66,4.25,1.59,1.53,1.13,1.4,0.0
2014-08-13,002370,15.1,14.95,15.25,14.69,24091,36003448.0,3.72,-0.66,-0.1,1.67,-4.7,-4.15,3.68,0.75,0.07,-0.14,-0.54,-1.02,1.43,3.2,14.72,14.6,14.02,13.97,0.27,-0.8,2.34,4.95,2.27,2.21,1.81,2.07,0.67,-0.67
2014-08-14,002370,14.95,14.78,14.99,14.69,22531,33336199.0,2.01,-1.14,-0.17,1.56,-4.15,3.68,0.75,0.07,-0.14,-0.54,-1.02,1.43,3.2,3.81,14.8,14.69,14.07,14.0,0.34,3.52,6.16,3.45,3.38,2.98,3.25,1.83,0.47,1.15
2014-08-15,002370,14.69,14.81,14.83,14.69,16344,24141819.0,0.95,0.2,0.03,1.13,3.68,0.75,0.07,-0.14,-0.54,-1.02,1.43,3.2,3.81,2.04,14.86,14.69,14.13,14.04,3.31,5.94,3.24,3.17,2.77,3.04,1.62,0.27,0.95,-0.14
2014-08-18,002370,14.77,15.27,15.3,14.77,38832,58823349.0,3.58,3.11,0.46,2.69,0.2,-0.47,-0.68,-1.08,-1.56,0.88,2.64,3.25,1.49,0.41,14.97,14.75,14.23,14.07,2.75,0.13,0.07,-0.33,-0.07,-1.44,-2.75,-2.1,-3.14,-1.05
2014-08-19,002370,15.44,15.3,15.69,14.98,58268,89004808.0,4.65,0.2,0.03,4.04,-1.87,-2.07,-2.47,-2.94,-0.53,1.2,1.8,0.07,-1.0,2.14,15.02,14.83,14.34,14.11,-0.07,-0.13,-0.52,-0.26,-1.63,-2.94,-2.29,-3.33,-1.24,0.2
2014-08-20,002370,15.27,15.12,15.29,15.06,32820,49703050.0,1.5,-1.18,-0.18,2.28,-2.59,-2.99,-3.45,-1.06,0.66,1.26,-0.46,-1.53,1.59,4.18,15.06,14.89,14.43,14.15,1.06,0.66,0.93,-0.46,-1.79,-1.12,-2.18,-0.07,1.39,2.12
2014-08-21,002370,15.15,15.02,15.28,14.94,32389,48686702.0,2.25,-0.66,-0.1,2.25,-2.21,-2.68,-0.27,1.47,2.07,0.33,-0.74,2.41,5.02,2.34,15.1,14.95,14.53,14.2,1.33,1.6,0.2,-1.13,-0.47,-1.53,0.6,2.06,2.8,1.8
2014-08-22,002370,15.15,15.22,15.22,14.98,25488,38603812.0,1.6,1.33,0.2,1.77,-2.94,-0.53,1.2,1.8,0.07,-1.0,2.14,4.74,2.07,2.0,15.19,15.02,14.64,14.25,0.26,-1.12,-2.43,-1.77,-2.83,-0.72,0.72,1.45,0.46,0.39
2014-08-25,002370,15.23,15.05,15.26,14.93,26279,39542480.0,2.17,-1.12,-0.17,1.82,-0.2,1.54,2.14,0.4,-0.67,2.48,5.09,2.41,2.34,1.94,15.14,15.06,14.71,14.28,0.0,-1.33,-0.66,-1.73,0.4,1.86,2.59,1.59,1.53,3.99
2014-08-26,002370,15.04,14.58,15.05,14.47,23247,34244542.0,3.85,-3.12,-0.47,1.61,4.77,5.39,3.59,2.49,5.74,8.43,5.67,5.6,5.18,5.46,15.0,15.01,14.75,14.3,1.85,2.54,1.44,3.64,5.14,5.9,4.87,4.8,7.34,6.65
2014-08-27,002370,14.51,14.76,14.85,14.51,15204,22385463.0,2.33,1.23,0.18,1.05,5.1,3.31,2.21,5.44,8.13,5.38,5.31,4.89,5.17,3.72,14.93,14.99,14.79,14.34,1.29,0.2,2.37,3.86,4.61,3.59,3.52,6.03,5.35,7.32
2014-08-28,002370,14.83,14.65,14.95,14.61,11571,17123037.0,2.3,-0.75,-0.11,0.8,2.6,1.51,4.72,7.39,4.65,4.59,4.18,4.45,3.01,1.64,14.85,14.98,14.83,14.37,0.96,3.14,4.64,5.39,4.37,4.3,6.83,6.14,8.12,7.1
2014-08-29,002370,14.65,14.75,14.79,14.62,9520,13987512.0,1.16,0.68,0.1,0.66,1.44,4.65,7.32,4.58,4.51,4.1,4.38,2.94,1.57,2.26,14.76,14.97,14.83,14.41,2.44,3.93,4.68,3.66,3.59,6.1,5.42,7.39,6.37,9.83
2014-09-01,002370,14.75,15.1,15.11,14.67,22890,34187900.0,2.98,2.37,0.35,1.59,4.29,6.95,4.23,4.16,3.75,4.02,2.59,1.23,1.91,0.82,14.77,14.96,14.85,14.47,1.52,2.25,1.26,1.19,3.64,2.98,4.9,3.91,7.28,9.54
2014-09-02,002370,15.15,15.32,15.33,15.08,31132,47247570.0,1.66,1.46,0.22,2.16,4.05,1.39,1.33,0.93,1.19,-0.2,-1.53,-0.86,-1.92,0.2,14.92,14.96,14.89,14.54,0.78,-0.2,-0.26,2.15,1.5,3.39,2.42,5.74,7.96,5.55
2014-09-03,002370,15.31,15.17,15.44,15.14,38303,58337441.0,1.96,-0.98,-0.15,2.66,0.99,0.92,0.53,0.79,-0.59,-1.92,-1.25,-2.31,-0.2,1.25,15.0,14.96,14.92,14.61,0.79,0.73,3.16,2.5,4.42,3.43,6.79,9.03,6.59,6.53
2014-09-04,002370,15.18,15.23,15.29,15.1,27788,42188257.0,1.25,0.4,0.06,1.93,1.19,0.79,1.06,-0.33,-1.66,-0.99,-2.05,0.07,1.52,2.25,15.11,14.98,14.97,14.68,0.33,2.76,2.1,4.01,3.02,6.37,8.6,6.17,6.11,7.68
2014-09-05,002370,15.24,15.16,15.28,15.04,28020,42445918.0,1.58,-0.46,-0.07,1.94,1.2,1.46,0.07,-1.26,-0.6,-1.66,0.47,1.93,2.66,1.66,15.2,14.98,15.0,14.75,3.23,2.57,4.49,3.5,6.86,9.1,6.66,6.6,8.18,6.66
2014-09-09,002370,15.17,15.54,15.65,15.0,40225,61801400.0,4.29,2.51,0.38,2.79,1.73,0.33,-1.0,-0.33,-1.4,0.73,2.2,2.93,1.93,1.87,15.28,15.03,15.04,14.82,0.06,1.93,0.97,4.25,6.44,4.05,3.99,5.53,4.05,7.4
2014-09-10,002370,15.48,15.49,15.55,15.28,24458,37680567.0,1.74,-0.32,-0.05,1.7,-1.51,-2.81,-2.16,-3.21,-1.11,0.33,1.05,0.07,0.0,2.42,15.32,15.12,15.06,14.88,2.26,1.29,4.58,6.78,4.39,4.33,5.87,4.39,7.75,12.33
2014-09-11,002370,15.49,15.46,15.84,15.35,36800,57337010.0,3.16,-0.19,-0.03,2.55,-3.26,-2.61,-3.65,-1.56,-0.13,0.59,-0.39,-0.46,1.95,1.3,15.38,15.19,15.09,14.93,1.49,4.79,6.99,4.59,4.53,6.08,4.59,7.96,12.55,12.1
2014-09-12,002370,15.46,15.66,15.69,15.3,29766,46162801.0,2.52,1.29,0.2,2.06,-2.29,-3.33,-1.24,0.2,0.92,-0.07,-0.13,2.29,1.63,3.53,15.46,15.29,15.13,14.98,3.45,5.62,3.26,3.19,4.73,3.26,6.58,11.11,10.66,10.54
2014-09-15,002370,15.71,15.98,16.2,15.61,51460,82199351.0,3.77,2.04,0.32,3.57,-5.25,-3.2,-1.79,-1.09,-2.05,-2.11,0.26,-0.38,1.47,0.51,15.63,15.41,15.19,15.03,3.5,1.19,1.13,2.63,1.19,4.44,8.89,8.45,8.32,12.45
2014-09-16,002370,16.19,15.67,16.54,15.49,65201,105396819.0,6.57,-1.94,-0.31,4.52,-2.45,-1.03,-0.32,-1.29,-1.36,1.03,0.39,2.26,1.29,4.58,15.65,15.47,15.21,15.06,3.19,3.13,4.66,3.19,6.51,11.04,10.59,10.47,14.68,15.38
2014-09-17,002370,15.63,15.95,16.17,15.5,39430,62263046.0,4.28,1.79,0.28,2.73,-1.1,-0.39,-1.35,-1.42,0.97,0.32,2.19,1.23,4.52,6.71,15.74,15.53,15.24,15.11,1.32,2.82,1.38,4.64,9.09,8.65,8.53,12.66,13.35,12.29
2014-09-18,002370,15.87,16.15,16.16,15.7,26605,42522164.0,2.88,1.25,0.2,1.85,-1.66,-2.61,-2.68,-0.32,-0.96,0.89,-0.06,3.18,5.35,2.99,15.88,15.63,15.3,15.16,1.55,0.12,3.34,7.74,7.31,7.18,11.27,11.95,10.9,13.87
2014-09-19,002370,16.15,16.16,16.4,15.93,31674,51076930.0,2.91,0.06,0.01,2.2,-4.02,-4.08,-1.76,-2.39,-0.56,-1.51,1.69,3.83,1.51,1.44,15.98,15.72,15.35,15.22,0.06,3.28,7.67,7.24,7.12,11.2,11.88,10.83,13.8,9.59
2014-09-22,002370,16.09,16.09,16.17,15.85,29509,47195339.0,1.98,-0.43,-0.07,2.05,-3.6,-1.26,-1.89,-0.06,-1.01,2.21,4.35,2.02,1.96,3.47,16.0,15.81,15.4,15.27,3.73,8.14,7.71,7.58,11.68,12.37,11.31,14.29,10.07,9.32
2014-09-23,002370,16.07,16.64,16.69,16.01,50489,83082377.0,4.23,3.42,0.55,3.5,-2.25,-2.87,-1.06,-2.0,1.19,3.31,1.0,0.94,2.44,1.0,16.2,15.92,15.48,15.34,4.57,4.15,4.03,7.99,8.65,7.63,10.52,6.43,5.71,5.47
2014-09-24,002370,16.47,17.21,17.4,16.34,58823,100278432.0,6.37,3.43,0.57,4.08,-4.83,-3.06,-3.98,-0.86,1.22,-1.04,-1.1,0.37,-1.04,2.14,16.45,16.1,15.61,15.41,0.7,0.58,4.42,5.06,4.07,6.86,2.91,2.21,1.98,3.2
2014-09-25,002370,17.14,17.07,17.33,16.8,42988,73337987.0,3.08,-0.81,-0.14,2.98,-5.71,-6.61,-3.57,-1.55,-3.75,-3.81,-2.38,-3.75,-0.65,3.57,16.63,16.26,15.72,15.48,1.41,5.27,5.92,4.92,7.73,3.75,3.05,2.81,4.04,5.16
2014-09-26,002370,16.99,17.3,17.31,16.82,33125,56533011.0,2.87,1.35,0.23,2.3,-6.72,-3.69,-1.66,-3.86,-3.92,-2.5,-3.86,-0.77,3.45,3.03,16.86,16.42,15.85,15.56,3.87,4.51,3.53,6.3,2.37,1.68,1.45,2.66,3.76,-0.06
2014-09-29,002370,17.34,17.8,17.97,17.3,53967,95801980.0,3.87,2.89,0.5,3.74,-6.36,-4.39,-6.53,-6.59,-5.2,-6.53,-3.53,0.58,0.17,0.06,17.2,16.6,16.01,15.66,1.57,0.62,3.31,-0.51,-1.18,-1.4,-0.22,0.84,-2.87,-5.06
2014-09-30,002370,17.8,17.68,18.08,17.58,35951,64026841.0,2.81,-0.67,-0.12,2.49,-5.92,-8.02,-8.08,-6.71,-8.02,-5.06,-1.02,-1.42,-1.54,2.22,17.41,16.8,16.14,15.74,1.3,4.02,0.17,-0.51,-0.74,0.45,1.53,-2.21,-4.41,-4.98
2014-10-08,002370,17.58,17.89,17.91,17.22,38973,68335573.0,3.9,1.19,0.21,2.7,-6.1,-6.16,-4.76,-6.1,-3.08,1.05,0.64,0.52,4.36,4.99,17.55,17.0,16.26,15.83,2.79,-1.01,-1.68,-1.9,-0.73,0.34,-3.35,-5.53,-6.09,-7.21
2014-10-09,002370,18.39,17.7,18.39,17.58,34430,61524861.0,4.53,-1.06,-0.19,2.39,-8.08,-6.71,-8.02,-5.06,-1.02,-1.42,-1.54,2.22,2.84,1.88,17.67,17.15,16.39,15.91,0.06,-0.62,-0.85,0.34,1.41,-2.32,-4.52,-5.08,-6.21,-8.47
2014-10-10,002370,17.71,17.44,17.71,17.26,33052,57780319.0,2.54,-1.47,-0.26,2.29,-4.98,-6.32,-3.3,0.81,0.41,0.29,4.11,4.75,3.77,6.55,17.7,17.28,16.5,16.0,0.86,0.63,1.83,2.92,-0.86,-3.1,-3.67,-4.82,-7.11,-6.54
2014-10-13,002370,17.5,17.38,17.59,17.11,22103,38171158.0,2.75,-0.34,-0.06,1.53,-5.49,-2.45,1.69,1.29,1.17,5.03,5.67,4.68,7.48,3.51,17.62,17.41,16.61,16.07,0.98,2.19,3.28,-0.52,-2.76,-3.34,-4.49,-6.79,-6.21,-4.26
2014-10-14,002370,17.4,17.28,17.55,17.21,19908,34586278.0,1.96,-0.58,-0.1,1.38,-3.02,1.1,0.7,0.58,4.42,5.06,4.07,6.86,2.91,2.21,17.54,17.48,16.7,16.14,2.78,3.88,0.06,-2.2,-2.78,-3.94,-6.25,-5.67,-3.7,-3.07
2014-10-15,002370,17.3,17.64,17.76,17.16,33519,58701354.0,3.47,2.08,0.36,2.32,1.4,0.99,0.87,4.72,5.36,4.37,7.17,3.21,2.51,2.27,17.49,17.52,16.81,16.24,1.76,-1.98,-4.2,-4.76,-5.9,-8.16,-7.6,-5.67,-5.05,-3.74
2014-10-16,002370,17.6,17.25,17.95,17.25,33880,59965083.0,3.97,-2.21,-0.39,2.35,0.46,0.35,4.17,4.81,3.83,6.61,2.67,1.97,1.74,2.96,17.4,17.54,16.9,16.33,0.23,-2.03,-2.61,-3.77,-6.09,-5.51,-3.54,-2.9,-1.57,-0.93
2014-10-17,002370,17.26,16.86,17.29,16.16,36560,60912077.0,6.55,-2.26,-0.39,2.54,7.12,11.2,11.88,10.83,13.8,9.59,8.85,8.6,9.9,11.08,17.28,17.49,16.96,16.4,0.24,-0.36,-1.54,-3.91,-3.32,-1.3,-0.65,0.71,1.36,5.87
2014-10-20,002370,16.88,16.79,16.9,16.53,26803,44791422.0,2.19,-0.42,-0.07,1.86,8.71,9.38,8.35,11.25,7.14,6.41,6.17,7.44,8.59,4.6,17.16,17.39,17.0,16.47,0.06,-1.13,-3.51,-2.92,-0.89,-0.24,1.13,1.79,6.31,7.92
2014-10-21,002370,16.79,16.36,16.8,16.31,25224,41647000.0,2.92,-2.56,-0.43,1.75,10.85,9.81,12.75,8.58,7.85,7.6,8.89,10.06,6.01,3.62,16.98,17.26,17.03,16.51,1.47,-0.98,-0.37,1.71,2.38,3.79,4.46,9.11,10.76,10.51
2014-10-22,002370,16.36,15.96,16.6,15.87,22270,36210563.0,4.46,-2.44,-0.4,1.54,12.85,15.88,11.59,10.84,10.59,11.91,13.11,8.95,6.49,5.86,16.64,17.07,17.03,16.53,1.5,2.13,4.26,4.95,6.39,7.08,11.84,13.53,13.28,12.28
2014-10-23,002370,15.8,16.11,16.2,15.72,18249,29226229.0,3.01,0.94,0.15,1.27,16.98,12.66,11.9,11.64,12.98,14.19,9.99,7.51,6.87,5.6,16.42,16.91,17.03,16.56,1.18,3.29,3.97,5.4,6.08,10.8,12.48,12.23,11.24,9.19
2014-10-24,002370,16.07,16.27,16.3,15.75,15387,24678799.0,3.41,0.99,0.16,1.07,12.44,11.68,11.43,12.76,13.97,9.78,7.3,6.67,5.4,2.86,16.3,16.79,17.04,16.6,2.27,2.95,4.36,5.04,9.71,11.37,11.12,10.14,8.11,10.57
2014-10-27,002370,16.25,16.39,16.64,16.2,22105,36446514.0,2.7,0.74,0.12,1.53,8.58,8.33,9.63,10.8,6.73,4.32,3.7,2.47,0.0,0.62,16.22,16.69,17.05,16.64,2.2,3.6,4.27,8.91,10.56,10.31,9.33,7.32,9.76,8.97
2014-10-28,002370,16.45,16.68,16.75,16.4,17918,29656363.0,2.14,1.77,0.29,1.24,7.01,8.29,9.45,5.43,3.05,2.44,1.22,-1.22,-0.61,1.46,16.28,16.63,17.05,16.68,1.8,2.46,7.01,8.63,8.39,7.43,5.46,7.85,7.07,5.16
2014-10-29,002370,16.69,16.9,16.98,16.56,24644,41343756.0,2.52,1.32,0.22,1.71,7.25,8.39,4.41,2.05,1.45,0.24,-2.17,-1.57,0.48,1.15,16.47,16.56,17.04,16.72,1.12,5.62,7.22,6.98,6.04,4.08,6.45,5.68,3.79,0.47
2014-10-30,002370,16.91,16.86,17.09,16.75,26699,45179271.0,2.01,-0.24,-0.04,1.85,7.16,3.22,0.9,0.3,-0.9,-3.28,-2.69,-0.66,0.0,1.37,16.62,16.52,17.03,16.77,5.87,7.47,7.24,6.29,4.33,6.7,5.93,4.03,0.71,4.27
2014-10-31,002370,16.81,17.54,17.85,16.81,57034,99673493.0,6.17,4.03,0.68,3.96,2.86,0.54,-0.06,-1.25,-3.63,-3.03,-1.01,-0.36,1.01,1.67,16.87,16.59,17.04,16.83,3.31,3.08,2.17,0.29,2.57,1.82,0.0,-3.19,0.23,4.33
2014-11-03,002370,17.54,18.02,18.12,17.5,56123,100773463.0,3.53,2.74,0.48,3.89,-3.43,-4.0,-5.14,-7.43,-6.86,-4.91,-4.29,-2.97,-2.34,2.0,17.2,16.71,17.05,16.9,0.33,-0.55,-2.39,-0.17,-0.89,-2.66,-5.77,-2.44,1.55,2.55
2014-11-04,002370,18.02,17.86,18.08,17.56,27238,48420227.0,2.89,-0.89,-0.16,1.89,-4.33,-5.47,-7.74,-7.18,-5.24,-4.61,-3.3,-2.68,1.65,3.19,17.44,16.86,17.06,16.97,0.34,-1.51,0.73,0.0,-1.79,-4.93,-1.57,2.46,3.47,3.42
2014-11-05,002370,17.91,17.51,17.92,17.51,23622,41832660.0,2.3,-1.96,-0.35,1.64,-5.2,-7.48,-6.91,-4.97,-4.34,-3.03,-2.4,1.94,3.48,3.26,17.56,17.01,17.04,17.03,0.46,2.74,2.0,0.17,-3.03,0.4,4.51,5.54,5.48,11.31
2014-11-06,002370,17.53,17.26,17.59,17.24,28389,49268739.0,2.0,-1.43,-0.25,1.97,-6.03,-5.45,-3.48,-2.84,-1.51,-0.87,3.54,5.1,4.87,3.94,17.64,17.13,17.02,17.06,4.23,3.48,1.62,-1.62,1.85,6.03,7.07,7.01,12.92,14.6
2014-11-07,002370,17.26,17.43,17.99,17.26,25576,44950458.0,4.23,0.98,0.17,1.77,-5.56,-3.59,-2.95,-1.62,-0.98,3.42,4.98,4.75,3.82,1.91,17.62,17.24,17.02,17.11,2.47,0.63,-2.58,0.86,4.99,6.02,5.97,11.82,13.48,15.15
2014-11-10,002370,17.42,17.43,17.86,17.25,26656,46775772.0,3.5,0.0,0.0,1.85,-3.54,-2.9,-1.57,-0.93,3.48,5.04,4.81,3.88,1.97,4.29,17.5,17.35,17.02,17.15,0.63,-2.58,0.86,4.99,6.02,5.97,11.82,13.48,15.15,14.17
2014-11-11,002370,17.43,16.63,17.54,16.31,30253,51108418.0,7.06,-4.59,-0.8,2.1,2.7,4.11,4.78,9.44,11.1,10.85,9.87,7.85,10.3,9.5,17.25,17.34,16.99,17.15,2.1,5.71,10.04,11.12,11.06,17.2,18.94,20.69,19.66,20.26
2014-11-12,002370,16.62,16.98,16.98,16.41,12562,21039607.0,3.43,2.1,0.35,0.87,3.47,4.14,8.78,10.42,10.18,9.2,7.19,9.63,8.84,6.89,17.15,17.35,16.95,17.14,3.53,7.77,8.83,8.78,14.78,16.49,18.2,17.2,17.79,16.9
2014-11-13,002370,17.0,17.42,17.58,16.75,21148,36295143.0,4.89,2.59,0.44,1.47,2.03,6.57,8.18,7.94,6.99,5.01,7.4,6.63,4.72,1.37,17.18,17.41,16.96,17.15,5.05,6.08,6.03,11.88,13.55,15.21,14.24,14.81,13.95,13.89
2014-11-14,002370,17.27,18.27,18.3,17.2,62885,112262657.0,6.31,4.88,0.85,4.36,3.78,5.35,5.12,4.19,2.27,4.59,3.84,1.98,-1.28,2.21,17.35,17.48,17.03,17.19,1.15,1.09,6.68,8.26,9.85,8.92,9.47,8.65,8.59,7.5
2014-11-17,002370,18.45,18.07,18.48,17.88,46647,84692738.0,3.28,-1.09,-0.2,3.24,1.34,1.12,0.22,-1.62,0.62,-0.11,-1.9,-5.03,-1.68,2.35,17.47,17.49,17.1,17.2,2.21,7.86,9.46,11.07,10.13,10.68,9.85,9.8,8.69,7.03
2014-11-18,002370,18.18,18.2,18.47,17.75,37013,67096536.0,3.98,0.72,0.13,2.57,1.86,0.96,-0.9,1.35,0.62,-1.18,-4.34,-0.96,3.1,4.11,17.79,17.52,17.19,17.21,7.09,8.68,10.27,9.34,9.89,9.07,9.01,7.91,6.26,6.04
2014-11-19,002370,18.17,19.29,19.49,18.14,63761,120419012.0,7.42,5.99,1.09,4.42,-1.21,-3.03,-0.83,-1.54,-3.31,-6.39,-3.09,0.88,1.87,1.82,18.25,17.7,17.36,17.26,2.54,4.04,3.16,3.68,2.9,2.85,1.81,0.26,0.05,-0.98
2014-11-20,002370,19.0,19.35,19.78,19.0,42295,82149273.0,4.04,0.31,0.06,2.93,-7.42,-5.32,-6.0,-7.68,-10.63,-7.47,-3.68,-2.74,-2.79,2.58,18.64,17.91,17.52,17.31,3.72,2.84,3.36,2.58,2.53,1.5,-0.05,-0.26,-1.29,-2.95
2014-11-21,002370,19.25,19.8,20.07,19.25,40042,79388945.0,4.24,2.33,0.45,2.78,-6.55,-7.22,-8.88,-11.79,-8.68,-4.94,-4.0,-4.05,1.25,2.75,18.94,18.14,17.69,17.39,0.51,1.01,0.25,0.2,-0.81,-2.32,-2.53,-3.54,-5.15,-5.61
2014-11-24,002370,19.9,19.8,19.9,19.5,46940,92320121.0,2.02,0.0,0.0,3.26,-8.41,-10.05,-12.92,-9.85,-6.15,-5.23,-5.28,-0.05,1.44,2.92,19.29,18.38,17.86,17.47,1.01,0.25,0.2,-0.81,-2.32,-2.53,-3.54,-5.15,-5.61,-7.73
2014-11-25,002370,19.69,19.54,20.0,19.15,57446,111945347.0,4.29,-1.31,-0.26,3.98,-8.41,-11.33,-8.2,-4.44,-3.5,-3.55,1.78,3.29,4.8,3.92,19.56,18.67,18.01,17.55,1.59,1.54,0.51,-1.02,-1.23,-2.25,-3.89,-4.35,-6.5,-7.42
2014-11-26,002370,19.48,19.61,19.85,19.14,38053,73945954.0,3.63,0.36,0.07,2.64,-11.29,-8.15,-4.39,-3.45,-3.5,1.83,3.34,4.86,3.97,4.49,19.62,18.93,18.14,17.61,1.17,0.15,-1.38,-1.58,-2.6,-4.23,-4.69,-6.83,-7.75,-8.98
2014-11-27,002370,19.61,19.57,19.84,19.52,30226,59468196.0,1.63,-0.2,-0.04,2.1,-9.94,-6.25,-5.33,-5.38,-0.15,1.33,2.82,1.95,2.46,1.69,19.66,19.15,18.28,17.69,0.36,-1.18,-1.38,-2.4,-4.04,-4.5,-6.64,-7.56,-8.79,-5.16
2014-11-28,002370,19.56,19.46,19.64,19.22,36157,70180113.0,2.15,-0.56,-0.11,2.51,-4.79,-3.85,-3.9,1.4,2.91,4.42,3.54,4.06,3.28,3.23,19.6,19.27,18.37,17.78,-0.62,-0.82,-1.85,-3.49,-3.96,-6.12,-7.04,-8.27,-4.62,-3.08
2014-12-01,002370,19.34,18.84,19.34,18.55,31230,59002556.0,4.06,-3.19,-0.62,2.17,-0.38,-0.43,5.07,6.63,8.19,7.28,7.82,7.01,6.95,5.88,19.4,19.35,18.42,17.85,2.44,1.38,-0.32,-0.8,-3.03,-3.98,-5.25,-1.49,0.11,0.85
2014-12-02,002370,18.88,18.94,19.3,18.61,38376,73010723.0,3.66,0.53,0.1,2.66,-0.75,4.73,6.29,7.85,6.93,7.47,6.66,6.61,5.53,3.92,19.28,19.42,18.47,17.93,0.84,-0.84,-1.32,-3.54,-4.49,-5.76,-2.01,-0.42,0.32,1.74
2014-12-03,002370,18.99,18.8,19.1,18.38,38216,71122378.0,3.8,-0.74,-0.14,2.65,6.04,7.62,9.19,8.27,8.81,8.0,7.94,6.86,5.22,5.01,19.12,19.37,18.53,18.03,-0.11,-0.59,-2.82,-3.78,-5.05,-1.28,0.32,1.06,2.5,4.52
2014-12-04,002370,18.78,18.58,18.78,18.47,40028,74326333.0,1.65,-1.17,-0.22,2.78,7.09,8.66,7.74,8.28,7.47,7.42,6.33,4.71,4.49,3.41,18.92,19.29,18.6,18.11,0.59,-1.67,-2.64,-3.93,-0.11,1.51,2.26,3.71,5.76,3.23
2014-12-05,002370,18.55,18.02,18.69,17.4,35053,63221005.0,6.94,-3.01,-0.56,2.43,15.34,14.37,14.94,14.08,14.02,12.87,11.15,10.92,9.77,7.93,18.64,19.12,18.63,18.17,1.39,0.39,-0.94,3.0,4.66,5.44,6.94,9.05,6.44,3.22
2014-12-08,002370,18.01,18.09,18.27,17.5,22887,40989733.0,4.27,0.39,0.07,1.59,13.71,14.29,13.43,13.37,12.23,10.51,10.29,9.14,7.31,6.8,18.49,18.94,18.66,18.22,0.0,-1.33,2.6,4.26,5.03,6.52,8.62,6.03,2.82,0.06
2014-12-09,002370,17.9,17.33,18.09,17.13,32788,57829435.0,5.31,-4.2,-0.76,2.27,16.75,15.88,15.82,14.65,12.9,12.67,11.5,9.63,9.11,6.65,18.16,18.72,18.7,18.25,3.0,7.1,8.83,9.64,11.19,13.39,10.68,7.33,4.44,-1.79
2014-12-10,002370,17.31,17.81,17.85,17.25,21476,37636466.0,3.46,2.77,0.48,1.49,15.07,15.01,13.86,12.12,11.88,10.72,8.87,8.35,5.91,4.87,17.97,18.54,18.74,18.28,4.21,5.9,6.68,8.2,10.33,7.69,4.44,1.63,-4.44,-3.2
2014-12-11,002370,17.88,18.55,18.56,17.8,27455,49829267.0,4.27,4.15,0.74,1.9,11.46,10.34,8.65,8.43,7.3,5.51,5.0,2.64,1.63,0.28,17.96,18.44,18.8,18.33,1.67,2.43,3.88,5.93,3.4,0.27,-2.43,-8.25,-7.06,-5.5
2014-12-12,002370,18.58,18.76,18.86,18.42,30175,56279021.0,2.37,1.13,0.21,2.09,6.62,4.99,4.78,3.69,1.95,1.47,-0.81,-1.79,-3.09,0.76,18.11,18.37,18.82,18.37,1.28,2.72,4.74,2.24,-0.85,-3.52,-9.28,-8.1,-6.56,-6.72
2014-12-15,002370,18.53,18.82,19.0,18.48,22088,41501350.0,2.77,0.32,0.06,1.53,4.65,4.44,3.35,1.62,1.14,-1.14,-2.11,-3.41,0.43,2.06,18.25,18.37,18.86,18.4,2.39,4.41,1.91,-1.17,-3.83,-9.56,-8.4,-6.85,-7.01,-8.71
2014-12-16,002370,18.71,19.22,19.27,18.65,35310,67704384.0,3.29,2.13,0.4,2.45,3.49,2.41,0.7,0.21,-2.04,-3.0,-4.29,-0.48,1.13,1.88,18.63,18.4,18.91,18.45,2.24,-0.21,-3.23,-5.83,-11.45,-10.3,-8.79,-8.95,-10.61,-12.9
2014-12-17,002370,19.3,19.15,19.65,18.85,31470,60220730.0,4.16,-0.36,-0.07,2.18,1.33,-0.37,-0.85,-3.08,-4.03,-5.31,-1.54,0.05,0.8,2.23,18.9,18.43,18.9,18.5,0.16,-2.87,-5.48,-11.12,-9.97,-8.46,-8.62,-10.29,-12.58,-17.13
2014-12-18,002370,19.18,18.84,19.18,18.6,24775,46711979.0,3.03,-1.62,-0.31,1.72,0.97,0.48,-1.77,-2.74,-4.03,-0.22,1.4,2.15,3.6,5.65,18.96,18.46,18.88,18.55,-1.27,-3.93,-9.66,-8.49,-6.95,-7.11,-8.81,-11.15,-15.76,-17.78
2014-12-19,002370,18.6,18.25,18.6,18.0,24146,44065413.0,3.18,-3.13,-0.59,1.67,3.83,1.5,0.5,-0.83,3.11,4.78,5.56,7.06,9.17,6.56,18.86,18.48,18.8,18.58,-0.82,-6.74,-5.53,-3.95,-4.11,-5.86,-8.27,-13.04,-15.12,-11.56
2014-12-22,002370,18.1,16.43,18.1,16.43,34115,58781737.0,9.15,-9.97,-1.82,2.37,11.2,10.1,8.64,12.96,14.79,15.64,17.29,19.6,16.74,13.21,18.38,18.32,18.63,18.55,3.59,4.93,6.7,6.51,4.56,1.89,-3.41,-5.72,-1.77,-0.49
2014-12-23,002370,16.88,16.35,17.02,16.28,18317,30616635.0,4.5,-0.49,-0.08,1.27,11.12,9.64,14.0,15.85,16.71,18.37,20.7,17.81,14.25,11.18,17.8,18.22,18.47,18.54,5.44,7.22,7.03,5.08,2.39,-2.94,-5.26,-1.28,0.0,0.0
2014-12-24,002370,16.53,17.1,17.24,16.52,14860,25236915.0,4.4,4.59,0.75,1.03,8.05,12.35,14.16,15.01,16.65,18.95,16.1,12.59,9.56,3.03,17.39,18.15,18.35,18.54,2.51,2.34,0.47,-2.11,-7.19,-9.42,-5.61,-4.39,-4.39,-4.97
2014-12-25,002370,17.34,17.43,17.53,17.1,11820,20498534.0,2.51,1.93,0.33,0.82,8.54,10.29,11.11,12.69,14.91,12.16,8.77,5.85,-0.47,0.82,17.11,18.04,18.24,18.54,0.4,-1.43,-3.96,-8.95,-11.13,-7.4,-6.2,-6.2,-6.77,-8.89
2014-12-26,002370,17.47,17.2,17.5,16.85,19623,33436488.0,3.73,-1.32,-0.23,1.36,11.93,12.76,14.36,16.62,13.83,10.39,7.42,1.01,2.31,4.04,16.9,17.88,18.13,18.51,-0.12,-2.67,-7.73,-9.94,-6.16,-4.94,-4.94,-5.52,-7.67,-8.49
2014-12-29,002370,17.18,16.54,17.18,16.32,25769,42947597.0,5.0,-3.84,-0.66,1.79,16.42,18.08,20.4,17.52,13.97,10.91,4.29,5.64,7.41,7.23,16.92,17.65,18.01,18.46,1.21,-4.05,-6.35,-2.42,-1.15,-1.15,-1.75,-3.99,-4.84,-3.26
2014-12-30,002370,16.42,15.33,16.74,15.25,38964,61221111.0,9.01,-7.32,-1.21,2.7,26.36,28.85,25.77,21.97,18.69,11.61,13.05,14.95,14.75,12.66,16.72,17.26,17.83,18.36,3.52,1.04,5.28,6.65,6.65,6.0,3.59,2.67,4.37,3.98
2014-12-31,002370,15.36,15.04,15.87,14.95,30716,46675982.0,6.0,-1.89,-0.29,2.13,31.44,28.29,24.41,21.07,13.85,15.32,17.26,17.06,14.92,11.97,16.31,16.85,17.64,18.22,2.99,7.31,8.71,8.71,8.05,5.59,4.65,6.38,5.98,7.05
2015-01-05,002370,15.08,15.41,15.49,15.03,17489,26604771.0,3.06,2.46,0.37,1.21,27.61,23.75,20.43,13.24,14.7,16.63,16.43,14.3,11.38,5.59,15.9,16.51,17.48,18.09,4.74,6.1,6.1,5.45,3.05,2.14,3.83,3.44,4.48,5.39
2015-01-06,002370,15.46,16.1,16.14,15.12,33110,51823380.0,6.62,4.48,0.69,2.3,23.02,19.71,12.57,14.02,15.94,15.74,13.62,10.71,4.96,2.45,15.68,16.29,17.39,17.96,1.55,1.55,0.93,-1.37,-2.24,-0.62,-0.99,0.0,0.87,1.06
2015-01-07,002370,16.19,16.14,16.35,15.72,20911,33635073.0,3.91,0.25,0.04,1.45,15.14,8.27,9.67,11.51,11.32,9.29,6.49,0.95,-1.46,2.67,15.6,16.26,17.29,17.84,1.3,0.68,-1.61,-2.48,-0.87,-1.24,-0.25,0.62,0.81,4.21
2015-01-08,002370,16.22,16.14,16.35,15.87,16554,26641623.0,2.97,0.0,0.0,1.15,7.25,8.63,10.46,10.27,8.25,5.48,0.0,-2.39,1.7,3.02,15.77,16.24,17.23,17.73,0.68,-1.61,-2.48,-0.87,-1.24,-0.25,0.62,0.81,4.21,4.58
2015-01-09,002370,16.14,15.88,16.25,15.85,20943,33665941.0,2.48,-1.61,-0.26,1.45,8.77,10.6,10.41,8.39,5.62,0.13,-2.27,1.83,3.15,3.15,15.93,16.12,17.13,17.6,0.0,-0.88,0.76,0.38,1.39,2.27,2.46,5.92,6.3,5.79
2015-01-12,002370,15.88,15.19,15.88,15.19,13744,21061182.0,4.35,-4.35,-0.69,0.95,15.4,15.21,13.1,10.2,4.48,1.97,6.25,7.64,7.64,6.98,15.89,15.9,16.97,17.46,3.62,5.33,4.94,5.99,6.91,7.11,10.73,11.13,10.6,8.43
2015-01-13,002370,15.29,15.74,15.74,15.11,15350,23780378.0,4.15,3.62,0.55,1.06,15.82,13.7,10.79,5.03,2.51,6.82,8.21,8.21,7.54,5.1,15.82,15.75,16.81,17.33,1.65,1.27,2.29,3.18,3.37,6.86,7.24,6.73,4.64,4.19
2015-01-14,002370,15.74,15.65,16.0,15.5,18799,29716468.0,3.18,-0.57,-0.09,1.3,10.84,8.0,2.39,-0.06,4.13,5.48,5.48,4.84,2.45,1.55,15.72,15.66,16.66,17.23,1.85,2.88,3.77,3.96,7.48,7.86,7.35,5.24,4.79,8.63
2015-01-15,002370,15.65,15.86,15.94,15.65,11753,18615554.0,1.85,1.34,0.21,0.82,6.96,1.41,-1.02,3.13,4.47,4.47,3.83,1.47,0.58,2.24,15.66,15.72,16.49,17.12,1.51,2.4,2.59,6.05,6.43,5.93,3.85,3.4,7.19,11.54
2015-01-16,002370,15.89,15.95,16.1,15.76,13912,22085088.0,2.14,0.57,0.09,0.96,0.7,-1.71,2.41,3.74,3.74,3.11,0.76,-0.13,1.52,1.14,15.68,15.81,16.33,17.03,1.82,2.01,5.45,5.83,5.33,3.26,2.82,6.58,10.91,10.09
2015-01-19,002370,15.47,15.59,16.24,15.33,27857,44335518.0,5.71,-2.26,-0.36,1.93,1.04,5.28,6.65,6.65,6.0,3.59,2.67,4.37,3.98,5.02,15.76,15.82,16.17,16.93,4.36,7.89,8.27,7.76,5.64,5.2,9.04,13.47,12.64,11.23
2015-01-20,002370,15.65,16.23,16.27,15.65,23304,37330347.0,3.98,4.11,0.64,1.62,3.13,4.47,4.47,3.83,1.47,0.58,2.24,1.85,2.88,3.77,15.86,15.84,16.06,16.87,3.64,4.0,3.51,1.48,1.05,4.74,9.0,8.19,6.84,7.83
2015-01-21,002370,16.43,16.57,16.82,16.25,29642,49212918.0,3.51,2.09,0.34,2.06,0.62,0.62,0.0,-2.28,-3.14,-1.54,-1.91,-0.92,-0.06,0.12,16.04,15.88,16.07,16.82,1.87,1.39,-0.6,-1.03,2.6,6.76,5.97,4.65,5.61,5.91
2015-01-22,002370,16.62,16.67,16.88,16.6,23611,39439756.0,1.69,0.6,0.1,1.64,-1.51,-2.11,-4.34,-5.18,-3.61,-3.98,-3.01,-2.17,-1.99,1.33,16.2,15.93,16.09,16.8,0.78,-1.2,-1.62,1.98,6.12,5.34,4.02,4.98,5.28,3.72
2015-01-23,002370,16.67,16.38,16.8,16.32,23396,38561492.0,2.88,-1.74,-0.29,1.62,-0.43,-2.7,-3.55,-1.96,-2.33,-1.35,-0.49,-0.31,3.06,3.43,16.29,15.98,16.05,16.75,0.55,0.12,3.79,8.0,7.2,5.86,6.84,7.14,5.56,2.26
2015-01-26,002370,16.3,16.42,16.47,16.28,21869,35843317.0,1.16,0.24,0.04,1.52,-2.46,-3.32,-1.72,-2.09,-1.11,-0.25,-0.06,3.32,3.69,3.19,16.45,16.11,16.0,16.68,-0.12,3.53,7.73,6.94,5.6,6.58,6.88,5.3,2.01,1.64
2015-01-27,002370,16.38,16.34,16.4,16.12,20356,33148349.0,1.71,-0.49,-0.08,1.41,-2.36,-0.74,-1.12,-0.12,0.74,0.93,4.34,4.71,4.22,2.17,16.48,16.17,15.96,16.6,4.04,8.26,7.47,6.12,7.1,7.41,5.81,2.51,2.14,2.63
2015-01-28,002370,16.33,17.0,17.0,16.22,32081,53369248.0,4.77,4.04,0.66,2.23,-1.36,-1.73,-0.74,0.12,0.31,3.7,4.07,3.58,1.54,1.11,16.56,16.3,15.98,16.54,4.06,3.29,2.0,2.94,3.24,1.71,-1.47,-1.82,-1.35,1.41
2015-01-29,002370,16.9,17.49,17.69,16.66,51056,87466636.0,6.06,2.88,0.49,3.54,-4.32,-3.36,-2.52,-2.34,0.96,1.32,0.84,-1.14,-1.56,2.04,16.73,16.46,16.09,16.48,0.4,-0.86,0.06,0.34,-1.14,-4.23,-4.57,-4.12,-1.43,-1.43
2015-01-30,002370,17.56,17.31,17.56,17.2,29000,50205271.0,2.06,-1.03,-0.18,2.01,-6.4,-5.58,-5.41,-2.21,-1.86,-2.33,-4.24,-4.65,-1.16,2.85,16.91,16.6,16.2,16.42,0.17,1.1,1.39,-0.12,-3.24,-3.58,-3.12,-0.4,-0.4,2.08
2015-02-02,002370,17.01,17.24,17.34,16.9,20402,34994435.0,2.54,-0.4,-0.07,1.42,-3.91,-3.73,-0.47,-0.12,-0.59,-2.54,-2.96,0.59,4.67,3.91,17.08,16.77,16.29,16.37,1.51,1.8,0.29,-2.84,-3.19,-2.73,0.0,0.0,2.49,7.08
2015-02-03,002370,17.2,17.39,17.5,17.01,21428,37128336.0,2.84,0.87,0.15,1.49,-4.35,-1.12,-0.76,-1.23,-3.17,-3.59,-0.06,4.0,3.23,1.94,17.29,16.88,16.36,16.34,0.92,-0.58,-3.68,-4.03,-3.57,-0.86,-0.86,1.61,6.15,8.4
2015-02-04,002370,17.32,17.19,17.55,17.13,18793,32576706.0,2.42,-1.15,-0.2,1.3,-1.81,-1.46,-1.93,-3.85,-4.26,-0.76,3.27,2.51,1.23,2.16,17.32,16.94,16.41,16.36,0.58,-2.56,-2.91,-2.44,0.29,0.29,2.79,7.39,9.66,11.23
2015-02-05,002370,17.2,16.66,17.29,16.58,23851,40254421.0,4.13,-3.08,-0.53,1.65,1.81,1.33,-0.66,-1.09,2.53,6.69,5.91,4.58,5.55,5.85,17.16,16.94,16.44,16.37,0.54,0.18,0.66,3.48,3.48,6.06,10.8,13.15,14.77,12.48
2015-02-06,002370,16.66,16.6,16.75,16.46,16726,27720700.0,1.74,-0.36,-0.06,1.16,2.07,0.06,-0.36,3.28,7.47,6.68,5.35,6.32,6.62,5.04,17.02,16.96,16.47,16.36,0.54,1.02,3.86,3.86,6.45,11.2,13.55,15.18,12.89,12.23
2015-02-09,002370,16.6,16.4,16.69,16.0,13110,21376906.0,4.16,-1.2,-0.2,0.91,2.94,2.5,6.25,10.56,9.75,8.38,9.38,9.69,8.06,4.69,16.85,16.96,16.53,16.32,2.26,5.12,5.12,7.74,12.56,14.94,16.59,14.27,13.6,15.85
2015-02-10,002370,16.39,16.67,16.77,16.2,9250,15239635.0,3.48,1.65,0.27,0.64,1.23,4.94,9.2,8.4,7.04,8.02,8.33,6.73,3.4,3.02,16.7,17.0,16.58,16.3,3.42,3.42,6.0,10.74,13.08,14.7,12.42,11.76,13.98,13.08
2015-02-11,002370,16.75,17.04,17.24,16.75,17009,29051527.0,2.94,2.22,0.37,1.18,1.49,5.61,4.84,3.52,4.48,4.78,3.22,0.0,-0.36,0.12,16.67,17.0,16.65,16.32,1.17,3.7,8.33,10.62,12.21,9.98,9.33,11.5,10.62,9.57
2015-02-12,002370,17.19,17.2,17.24,16.93,15194,25985474.0,1.82,0.94,0.16,1.05,4.49,3.72,2.42,3.37,3.66,2.13,-1.06,-1.42,-0.95,1.83,16.78,16.97,16.72,16.38,2.73,7.33,9.59,11.16,8.95,8.31,10.47,9.59,8.55,12.21
2015-02-13,002370,17.26,17.65,17.67,17.12,32067,56068673.0,3.2,2.62,0.45,2.22,2.57,1.29,2.22,2.51,0.99,-2.16,-2.51,-2.04,0.7,0.7,16.99,17.0,16.8,16.47,4.59,6.8,8.33,6.18,5.55,7.65,6.8,5.78,9.35,8.22
2015-02-16,002370,17.64,17.99,18.46,17.5,33598,60530274.0,5.44,1.93,0.34,2.33,-0.91,0.0,0.29,-1.2,-4.29,-4.63,-4.17,-1.49,-1.49,0.97,17.31,17.08,16.92,16.56,4.78,6.28,4.17,3.56,5.61,4.78,3.78,7.28,6.17,2.78
2015-02-17,002370,18.01,18.78,18.85,17.85,44471,82237133.0,5.56,4.39,0.79,3.08,-1.96,-1.68,-3.14,-6.16,-6.5,-6.05,-3.42,-3.42,-1.01,3.42,17.73,17.22,17.05,16.65,1.81,-0.21,-0.8,1.17,0.37,-0.59,2.77,1.7,-1.54,-2.56
2015-02-25,002370,18.85,18.64,19.12,18.28,33616,62907009.0,4.47,-0.75,-0.14,2.33,-3.99,-5.42,-8.37,-8.7,-8.26,-5.69,-5.69,-3.34,0.98,3.12,18.05,17.36,17.15,16.73,0.54,-0.05,1.93,1.13,0.16,3.54,2.47,-0.8,-1.82,-2.36
2015-02-26,002370,18.63,18.18,18.74,18.12,23189,42333210.0,3.33,-2.47,-0.46,1.61,-4.58,-7.56,-7.89,-7.45,-4.86,-4.86,-2.48,1.88,4.03,5.52,18.25,17.52,17.23,16.8,2.48,4.51,3.69,2.7,6.16,5.06,1.71,0.66,0.11,-0.83
2015-02-27,002370,18.13,18.38,18.63,18.13,22512,41480577.0,2.75,1.1,0.2,1.56,-7.61,-7.94,-7.5,-4.91,-4.91,-2.54,1.82,3.97,5.46,3.36,18.39,17.69,17.33,16.88,3.37,2.56,1.58,5.01,3.92,0.6,-0.44,-0.98,-1.9,-1.96
2015-03-02,002370,18.32,18.98,19.0,18.05,52299,97353701.0,5.17,3.26,0.6,3.63,-7.53,-7.09,-4.49,-4.49,-2.11,2.27,4.43,5.93,3.82,3.21,18.59,17.95,17.46,17.01,-0.68,-1.63,1.69,0.63,-2.58,-3.58,-4.11,-5.01,-5.06,-1.0
2015-03-03,002370,18.83,18.39,18.85,18.39,30490,56775022.0,2.42,-3.11,-0.59,2.11,-8.81,-6.25,-6.25,-3.92,0.38,2.5,3.97,1.9,1.31,3.32,18.51,18.12,17.56,17.09,1.52,4.95,3.86,0.54,-0.49,-1.03,-1.96,-2.01,2.18,1.58
2015-03-04,002370,18.4,18.55,18.67,18.3,27171,50367927.0,2.01,0.87,0.16,1.88,-5.79,-5.79,-3.44,0.87,3.01,4.48,2.4,1.8,3.83,3.01,18.5,18.27,17.64,17.19,4.04,2.96,-0.32,-1.35,-1.89,-2.8,-2.86,1.29,0.7,2.96
2015-03-05,002370,18.68,18.86,19.3,18.59,59420,112556109.0,3.83,1.67,0.31,4.12,-7.26,-4.95,-0.7,1.4,2.85,0.81,0.22,2.21,1.4,0.43,18.63,18.44,17.7,17.29,1.27,-1.96,-2.97,-3.5,-4.4,-4.45,-0.37,-0.95,1.27,8.48
2015-03-06,002370,18.85,18.55,19.1,18.36,28818,53880781.0,3.92,-1.64,-0.31,2.0,-3.76,0.54,2.67,4.14,2.07,1.47,3.49,2.67,1.69,5.12,18.67,18.53,17.77,17.38,-0.32,-1.35,-1.89,-2.8,-2.86,1.29,0.7,2.96,10.3,12.08
2015-03-09,002370,18.49,18.0,18.49,17.67,54706,98021636.0,4.42,-2.96,-0.55,3.79,4.47,6.68,8.21,6.06,5.43,7.53,6.68,5.66,9.22,8.09,18.47,18.53,17.8,17.46,1.67,1.11,0.17,0.11,4.39,3.78,6.11,13.67,15.5,14.78
2015-03-10,002370,17.89,18.15,18.3,17.73,30122,54301574.0,3.17,0.83,0.15,2.09,6.32,7.84,5.7,5.08,7.16,6.32,5.3,8.86,7.73,4.29,18.42,18.47,17.84,17.52,0.28,-0.66,-0.72,3.53,2.92,5.23,12.73,14.55,13.83,15.65
2015-03-11,002370,18.15,17.92,18.2,17.77,24865,44586901.0,2.37,-1.27,-0.23,1.72,7.6,5.46,4.84,6.92,6.08,5.06,8.61,7.48,4.05,2.98,18.3,18.4,17.88,17.57,0.61,0.56,4.85,4.24,6.58,14.17,16.02,15.29,17.13,13.23
2015-03-12,002370,17.85,17.78,18.03,17.42,27501,48787448.0,3.4,-0.78,-0.14,1.91,7.58,6.95,9.07,8.21,7.18,10.79,9.64,6.14,5.05,4.48,18.08,18.36,17.94,17.6,1.35,5.68,5.06,7.42,15.07,16.93,16.2,18.05,14.12,13.61
2015-03-13,002370,17.84,17.97,18.02,17.5,27171,48331473.0,2.92,1.07,0.19,1.88,6.46,8.57,7.71,6.69,10.29,9.14,5.66,4.57,4.0,3.03,17.96,18.32,18.0,17.66,4.56,3.95,6.29,13.86,15.69,14.97,16.81,12.91,12.41,21.54
2015-03-16,002370,18.15,18.48,18.79,18.15,55594,102603051.0,3.56,2.84,0.51,3.2,4.68,3.86,2.87,6.34,5.23,1.87,0.83,0.28,-0.66,-0.72,18.06,18.27,18.11,17.73,1.08,3.35,10.71,12.5,11.8,13.58,9.79,9.31,18.18,21.0
2015-03-17,002370,18.52,18.6,18.68,18.3,48355,89550025.0,2.06,0.65,0.12,2.78,3.01,2.02,5.46,4.37,1.04,0.0,-0.55,-1.48,-1.53,2.68,18.15,18.29,18.2,17.8,2.69,10.0,11.77,11.08,12.85,9.09,8.6,17.42,20.22,20.7
2015-03-18,002370,18.58,19.08,19.1,18.4,53300,100249019.0,3.76,2.58,0.48,3.06,1.47,4.89,3.8,0.49,-0.54,-1.09,-2.01,-2.07,2.12,1.52,18.38,18.34,18.31,17.87,7.23,8.96,8.28,10.01,6.34,5.87,14.47,17.19,17.66,25.68
2015-03-19,002370,19.24,19.54,20.46,19.05,81650,160250739.0,7.39,2.41,0.46,4.7,1.31,0.26,-2.94,-3.94,-4.46,-5.35,-5.41,-1.36,-1.94,0.26,18.73,18.41,18.42,17.94,6.4,5.73,7.42,3.84,3.38,11.77,14.43,14.89,22.72,23.44
2015-03-20,002370,19.7,20.63,20.79,19.7,90337,182078736.0,5.58,5.58,1.09,5.19,-3.05,-6.14,-7.11,-7.61,-8.48,-8.53,-4.62,-5.18,-3.05,3.86,19.27,18.61,18.57,18.05,0.15,1.75,-1.65,-2.08,5.87,8.39,8.82,16.24,16.92,15.22
2015-03-23,002370,20.08,20.54,20.66,19.89,78206,158841550.0,3.73,-0.44,-0.09,4.5,-7.04,-7.99,-8.5,-9.35,-9.4,-5.53,-6.08,-3.97,2.87,4.52,19.68,18.87,18.7,18.16,2.19,-1.22,-1.66,6.33,8.86,9.3,16.75,17.43,15.73,16.46
2015-03-24,002370,20.54,20.33,20.99,19.84,63388,129173023.0,5.6,-1.02,-0.21,3.65,-7.76,-8.27,-9.12,-9.17,-5.29,-5.85,-3.73,3.12,4.79,4.13,20.02,19.09,18.78,18.26,-0.2,-0.64,7.43,9.99,10.43,17.95,18.64,16.92,17.66,16.72
2015-03-25,002370,20.2,20.09,20.29,19.77,57456,115378131.0,2.56,-1.18,-0.24,3.3,-7.94,-8.8,-8.85,-4.96,-5.51,-3.39,3.49,5.16,4.5,6.17,20.23,19.3,18.85,18.35,0.55,8.71,11.3,11.75,19.36,20.06,18.32,19.06,18.12,13.39
2015-03-26,002370,20.08,19.85,20.2,19.58,32911,65451918.0,3.09,-1.19,-0.24,1.89,-7.92,-7.97,-4.03,-4.6,-2.45,4.49,6.18,5.52,7.2,3.63,20.29,19.51,18.93,18.46,10.03,12.64,13.1,20.81,21.51,19.75,20.5,19.55,14.76,13.25
2015-03-27,002370,19.53,21.51,21.84,19.53,80979,170932090.0,11.64,8.36,1.66,4.66,-7.73,-3.79,-4.35,-2.2,4.76,6.45,5.79,7.48,3.89,3.43,20.46,19.86,19.09,18.62,3.95,4.37,11.48,12.13,10.51,11.2,10.32,5.9,4.51,7.95
2015-03-30,002370,21.52,21.87,22.36,21.12,64447,140240986.0,5.76,1.67,0.36,3.71,-11.03,-11.55,-9.56,-3.12,-1.56,-2.18,-0.62,-3.93,-4.36,3.41,20.73,20.2,19.23,18.81,2.65,9.65,10.29,8.69,9.37,8.5,4.16,2.79,6.17,14.31
2015-03-31,002370,21.7,21.8,22.45,21.61,45980,100798567.0,3.84,-0.32,-0.07,2.64,-13.56,-11.61,-5.32,-3.79,-4.4,-2.87,-6.11,-6.52,1.06,3.47,21.02,20.52,19.4,18.98,10.0,10.64,9.04,9.72,8.85,4.5,3.12,6.51,14.68,8.49
2015-04-01,002370,21.8,23.36,23.98,21.68,71357,162481933.0,10.55,7.16,1.56,4.1,-11.9,-5.63,-4.11,-4.7,-3.18,-6.41,-6.83,0.74,3.14,3.55,21.68,20.95,19.65,19.19,3.25,1.76,2.4,1.58,-2.48,-3.77,-0.6,7.02,1.24,-2.14
2015-04-02,002370,23.38,23.8,24.12,22.92,44556,105394070.0,5.14,1.88,0.44,2.56,-10.73,-9.29,-9.86,-8.42,-11.47,-11.87,-4.71,-2.44,-2.05,4.62,22.47,21.38,19.89,19.41,-0.13,0.5,-0.29,-4.29,-5.55,-2.44,5.04,-0.63,-3.95,-4.62
2015-04-03,002370,23.62,23.4,23.77,22.95,40642,94769549.0,3.45,-1.68,-0.4,2.34,-9.41,-9.98,-8.54,-11.59,-11.98,-4.84,-2.57,-2.18,4.49,5.1,22.85,21.66,20.13,19.6,2.22,1.41,-2.65,-3.93,-0.77,6.84,1.07,-2.31,-2.99,-3.63
2015-04-07,002370,23.3,23.63,23.92,23.19,44764,105004175.0,3.12,0.98,0.23,2.57,-10.91,-9.49,-12.51,-12.89,-5.82,-3.58,-3.19,3.41,4.01,2.5,23.2,21.96,20.42,19.79,0.42,-3.6,-4.87,-1.74,5.8,0.08,-3.26,-3.94,-4.57,2.37
2015-04-08,002370,23.73,22.96,23.73,21.98,50161,114350462.0,7.41,-2.84,-0.67,2.88,-4.5,-7.69,-8.1,-0.64,1.73,2.14,9.1,9.74,8.14,8.83,23.43,22.23,20.66,19.93,-0.78,-2.09,1.13,8.89,3.01,-0.44,-1.13,-1.79,5.36,5.57
2015-04-09,002370,22.78,21.61,22.78,21.1,45208,98479265.0,7.32,-5.88,-1.35,2.6,-3.84,-4.27,3.51,5.97,6.4,13.65,14.31,12.65,13.36,12.46,23.08,22.38,20.84,20.03,4.03,7.45,15.69,9.44,5.78,5.04,4.35,11.94,12.17,18.79
2015-04-10,002370,21.61,22.17,22.48,21.55,39949,87893617.0,4.3,2.59,0.56,2.3,-6.26,1.35,3.76,4.18,11.28,11.93,10.3,11.0,10.12,5.71,22.75,22.61,21.06,20.16,4.74,12.76,6.68,3.11,2.39,1.71,9.11,9.34,15.79,14.75
2015-04-13,002370,22.35,22.97,23.22,22.35,45329,103689352.0,3.92,3.61,0.8,2.61,-2.28,0.04,0.45,7.29,7.92,6.35,7.02,6.17,1.92,0.58,22.67,22.76,21.31,20.31,8.84,2.96,-0.48,-1.18,-1.83,5.31,5.53,11.75,10.75,11.32
2015-04-14,002370,22.97,23.58,25.0,22.3,53778,127215240.0,11.75,2.66,0.61,3.09,0.27,0.67,7.53,8.16,6.59,7.26,6.41,2.15,0.81,4.13,22.66,22.93,21.57,20.47,0.3,-3.05,-3.73,-4.37,2.59,2.8,8.86,7.89,8.44,14.08
2015-04-15,002370,23.62,22.59,23.65,22.47,33497,77103560.0,5.0,-4.2,-0.99,1.93,-0.09,6.72,7.34,5.79,6.45,5.61,1.38,0.04,3.34,11.26,22.58,23.01,21.77,20.61,1.2,0.49,-0.18,7.08,7.3,13.63,12.62,13.19,19.08,30.99
2015-04-16,002370,22.04,22.31,22.86,21.53,29090,65122496.0,5.89,-1.24,-0.28,1.67,11.38,12.03,10.4,11.1,10.22,5.81,4.41,7.85,16.12,9.85,22.72,22.9,21.93,20.73,1.75,1.08,8.43,8.65,15.06,14.03,14.61,20.57,32.63,45.9
2015-04-17,002370,22.33,22.31,22.7,22.13,31438,70261367.0,2.55,0.0,0.0,1.81,8.99,7.41,8.09,7.23,2.94,1.58,4.93,12.97,6.87,3.3,22.75,22.75,22.07,20.85,1.08,8.43,8.65,15.06,14.03,14.61,20.57,32.63,45.9,56.61
2015-04-20,002370,22.1,22.55,22.55,21.0,52006,113294267.0,6.95,1.08,0.24,2.99,13.19,13.9,13.0,8.48,7.05,10.57,19.05,12.62,8.86,8.1,22.67,22.67,22.16,20.98,7.27,7.49,13.84,12.82,13.39,19.29,31.22,44.35,54.94,54.81
2015-04-21,002370,22.5,23.82,24.19,22.35,67296,158442489.0,8.16,5.63,1.27,3.87,7.02,6.17,1.92,0.58,3.89,11.86,5.82,2.28,1.57,0.89,22.72,22.69,22.33,21.17,1.76,7.77,6.8,7.35,12.93,24.22,36.65,46.68,46.56,41.9
2015-04-22,002370,23.8,23.95,24.24,23.51,53386,127901478.0,3.06,0.55,0.13,3.07,0.94,-3.11,-4.38,-1.23,6.34,0.6,-2.76,-3.45,-4.08,2.89,22.99,22.79,22.51,21.37,7.18,6.22,6.76,12.32,23.55,35.91,45.89,45.76,41.13,34.99
2015-04-23,002370,23.9,24.87,25.67,23.35,78748,192457113.0,9.69,3.84,0.92,4.53,-2.44,-3.73,-0.56,7.07,1.28,-2.1,-2.78,-3.43,3.6,3.81,23.5,23.11,22.75,21.6,2.29,2.81,8.16,18.98,30.88,40.49,40.37,35.91,30.0,27.26
2015-04-24,002370,24.46,24.92,25.44,24.03,46694,115979511.0,5.67,0.2,0.05,2.69,-6.45,-3.37,4.04,-1.58,-4.87,-5.53,-6.16,0.67,0.87,6.82,24.02,23.39,23.0,21.84,2.61,7.95,18.74,30.62,40.21,40.09,35.63,29.74,27.01,26.85
2015-04-27,002370,25.0,24.55,25.57,24.48,48042,119123889.0,4.37,-1.48,-0.37,2.76,-5.15,2.12,-3.39,-6.62,-7.27,-7.88,-1.18,-0.98,4.86,3.92,24.42,23.54,23.15,22.06,9.57,20.53,32.59,42.32,42.2,37.68,31.69,28.92,28.76,27.9
2015-10-21,002370,26.9,26.9,26.9,26.9,67628,181919777.0,0.0,9.57,2.35,3.89,-7.06,-12.08,-15.02,-15.61,-16.17,-10.07,-9.89,-4.57,-5.43,-4.94,25.04,23.88,23.4,22.34,10.0,21.0,29.89,29.78,25.65,20.19,17.66,17.51,16.73,24.91
2015-10-22,002370,27.59,29.59,29.59,27.41,261419,755631472.0,8.1,10.0,2.69,15.03,-13.72,-16.6,-17.18,-17.73,-11.75,-11.57,-6.35,-7.19,-6.71,-1.86,26.17,24.58,23.79,22.7,10.0,18.08,17.98,14.23,9.26,6.96,6.83,6.12,13.55,12.06
2015-10-23,002370,31.84,32.55,32.55,31.07,52711,169657230.0,5.0,10.0,2.96,3.03,-26.42,-26.94,-27.42,-22.14,-21.98,-17.38,-18.12,-17.7,-13.42,-4.76,27.7,25.6,24.25,23.15,7.34,7.25,3.84,-0.68,-2.76,-2.89,-3.53,3.23,1.87,3.13
2015-10-26,002370,34.13,31.74,34.94,30.0,187437,604148256.0,15.18,-2.49,-0.81,10.78,-24.33,-24.83,-19.37,-19.2,-14.43,-15.2,-14.77,-10.33,-1.37,8.5,29.07,26.54,24.65,23.56,9.99,6.49,1.86,-0.28,-0.41,-1.07,5.86,4.47,5.77,14.02
2015-10-27,002370,31.06,34.89,34.91,30.9,165439,548088336.0,12.63,9.92,3.15,9.51,-27.02,-21.72,-21.55,-16.93,-17.67,-17.25,-12.94,-4.24,5.34,13.07,31.13,27.78,25.22,24.03,-3.12,-7.34,-9.29,-9.4,-10.0,-3.7,-4.96,-3.78,3.73,4.47
2015-10-28,002370,33.73,31.4,33.8,31.4,101276,325422896.0,6.88,-10.0,-3.49,5.82,-22.96,-22.8,-18.25,-18.98,-18.57,-14.33,-5.76,3.66,11.27,11.18,32.03,28.54,25.61,24.4,2.96,0.8,0.67,0.0,7.01,5.61,6.91,15.25,16.08,22.8
2015-10-29,002370,30.41,30.95,32.33,30.0,107157,332522880.0,7.42,-1.43,-0.45,6.16,-19.2,-14.43,-15.2,-14.77,-10.33,-1.37,8.5,16.47,16.37,12.67,32.31,29.24,26.01,24.75,2.26,2.13,1.45,8.56,7.14,8.47,16.93,17.77,24.59,27.63
2015-10-30,002370,30.5,30.67,31.65,29.86,64312,197928168.0,5.78,-0.9,-0.28,3.7,-14.03,-14.8,-14.37,-9.91,-0.9,9.01,17.01,16.91,13.19,8.27,31.93,29.82,26.46,25.1,3.06,2.38,9.55,8.12,9.46,18.0,18.85,25.73,28.79,18.68
2015-11-02,002370,29.6,30.01,31.61,29.0,64697,197544143.0,8.51,-2.15,-0.66,3.72,-12.28,-11.83,-7.24,2.03,12.24,20.48,20.38,16.55,11.48,9.14,31.58,30.32,26.86,25.44,4.63,11.96,10.5,11.86,20.59,21.46,28.49,31.62,21.29,18.89
2015-11-03,002370,29.9,31.4,31.4,29.82,34158,104347020.0,5.26,4.63,1.39,1.96,-14.25,-9.79,-0.77,9.15,17.17,17.07,13.35,8.42,6.14,6.0,30.89,31.01,27.28,25.77,7.01,5.61,6.91,15.25,16.08,22.8,25.8,15.92,13.63,14.65
2015-11-04,002370,31.88,32.6,33.6,31.72,76809,251265931.0,5.99,3.82,1.2,4.42,-15.2,-6.72,2.62,10.15,10.06,6.56,1.92,-0.22,-0.35,-1.01,31.13,31.58,27.73,26.13,1.72,2.98,11.01,11.81,18.28,21.17,11.66,9.45,10.43,3.56
2015-11-05,002370,32.3,32.44,33.16,31.44,44660,143798123.0,5.28,-0.49,-0.16,2.57,-5.88,3.53,11.13,11.04,7.51,2.83,0.67,0.54,-0.13,6.87,31.42,31.86,28.22,26.48,3.48,11.56,12.36,18.87,21.76,12.21,9.99,10.97,4.07,7.27
2015-11-06,002370,32.0,32.9,33.57,32.0,38512,126958668.0,4.84,1.42,0.46,2.21,1.72,9.19,9.09,5.62,1.03,-1.09,-1.22,-1.88,5.0,3.62,31.87,31.9,28.75,26.8,10.0,10.79,17.2,20.06,10.64,8.45,9.42,2.61,5.78,6.47
2015-11-09,002370,32.7,34.8,36.19,31.9,82983,292676288.0,13.04,5.78,1.9,4.77,9.53,9.44,5.96,1.35,-0.78,-0.91,-1.57,5.33,3.95,5.24,32.83,32.21,29.37,27.17,4.74,10.8,13.51,4.6,2.53,3.45,-2.99,0.0,0.66,0.37
2015-11-10,002370,34.09,36.05,36.45,33.68,68830,238485279.0,7.96,3.59,1.25,3.96,3.65,0.36,-4.01,-6.03,-6.15,-6.77,-0.24,-1.54,-0.33,7.45,33.76,32.32,30.05,27.59,6.96,9.57,0.97,-1.03,-0.14,-6.35,-3.47,-2.83,-3.11,-3.86
2015-11-11,002370,36.05,37.6,38.56,36.0,58168,218528035.0,7.1,4.3,1.55,3.34,-6.11,-10.19,-12.08,-12.19,-12.78,-6.67,-7.89,-6.75,0.53,1.25,34.76,32.94,30.74,28.06,5.05,-3.19,-5.11,-4.26,-10.21,-7.45,-6.84,-7.1,-7.82,-3.4
2015-11-12,002370,37.06,36.16,39.5,35.4,54072,196830468.0,10.9,-3.83,-1.44,3.11,-8.67,-10.59,-10.71,-11.3,-5.08,-6.33,-5.17,2.23,2.97,8.93,35.5,33.46,31.35,28.49,0.66,-1.33,-0.44,-6.64,-3.76,-3.12,-3.4,-4.15,0.44,5.09
2015-11-13,002370,36.4,34.1,36.4,34.06,43679,152800793.0,6.47,-5.7,-2.06,2.51,-7.08,-7.19,-7.81,-1.35,-2.64,-1.44,6.25,7.02,13.21,15.97,35.74,33.81,31.81,28.91,4.63,5.57,-1.0,2.05,2.73,2.43,1.64,6.51,11.44,10.23
2015-11-16,002370,33.0,34.78,35.68,32.5,43100,148473409.0,9.33,1.99,0.68,2.48,-2.74,-3.38,3.38,2.03,3.29,11.35,12.15,18.65,21.54,12.0,35.74,34.28,32.3,29.33,3.51,-2.93,0.06,0.72,0.43,-0.35,4.43,9.26,8.08,3.48
2015-11-17,002370,34.78,33.16,36.0,33.11,59221,205864389.0,8.31,-4.66,-1.62,3.41,-5.16,1.48,0.15,1.39,9.3,10.09,16.46,19.3,9.94,7.76,35.16,34.46,32.73,29.67,1.81,4.95,5.64,5.34,4.52,9.53,14.6,13.36,8.53,11.55
2015-11-18,002370,33.0,31.9,33.76,31.75,28621,93643056.0,6.06,-3.8,-1.26,1.65,5.83,4.44,5.73,13.98,14.8,21.45,24.41,14.65,12.38,13.39,34.02,34.39,32.98,29.95,9.09,9.81,9.5,8.65,13.86,19.12,17.84,12.82,15.96,13.95
2015-11-19,002370,32.5,33.73,34.8,31.58,43441,145249442.0,10.09,5.74,1.83,2.5,5.0,6.3,14.6,15.42,22.1,25.08,15.26,12.98,14.0,6.9,33.53,34.52,33.19,30.32,3.85,3.56,2.76,7.68,12.66,11.44,6.7,9.66,7.77,7.77
2015-11-20,002370,33.43,34.59,35.03,33.42,30056,103633162.0,4.77,2.55,0.86,1.73,0.45,8.29,9.07,15.38,18.19,8.92,6.76,7.72,1.02,4.13,33.63,34.69,33.29,30.73,0.98,0.2,5.0,9.86,8.67,4.05,6.94,5.09,5.09,6.59
2015-11-23,002370,34.5,32.8,34.93,32.53,48326,161960437.0,6.94,-5.17,-1.79,2.78,11.25,12.05,18.54,21.43,11.9,9.68,10.67,3.78,6.98,7.69,33.24,34.49,33.35,31.08,5.67,10.73,15.85,14.6,9.73,12.77,10.82,10.82,12.41,14.33
2015-11-24,002370,32.47,34.3,34.66,31.37,56030,183055778.0,10.03,4.57,1.5,3.22,16.19,22.92,25.92,16.03,13.74,14.76,7.62,10.93,11.67,11.35,33.46,34.31,33.32,31.47,5.89,10.79,9.59,4.93,7.84,5.98,5.98,7.49,9.33,4.61
2015-11-25,002370,33.63,35.7,36.32,33.53,38936,137541609.0,8.13,4.08,1.4,2.24,15.0,17.8,8.56,6.41,7.37,0.69,3.79,4.47,4.18,3.37,34.22,34.12,33.53,31.87,6.44,5.29,0.81,3.61,1.82,1.82,3.28,5.04,0.5,-0.56
2015-11-26,002370,35.02,36.22,38.0,35.02,51229,188231579.0,8.35,1.46,0.52,2.95,12.79,3.94,1.88,2.8,-3.6,-0.63,0.03,-0.26,-1.03,3.71,34.72,34.13,33.8,32.28,3.78,-0.64,2.13,0.36,0.36,1.79,3.53,-0.94,-1.99,-8.28
2015-11-27,002370,36.18,34.87,37.59,33.89,43252,155212119.0,10.22,-3.73,-1.35,2.49,7.41,5.28,6.23,-0.38,2.69,3.36,3.07,2.27,7.17,12.13,34.78,34.2,34.01,32.61,3.21,6.08,4.24,4.24,5.74,7.54,2.9,1.81,-4.73,-4.96
2015-11-30,002370,35.0,34.28,35.99,33.01,36376,123825423.0,8.55,-1.69,-0.59,2.09,8.09,9.06,2.27,5.42,6.12,5.82,5.0,10.03,15.12,13.87,35.07,34.15,34.22,32.92,7.91,6.04,6.04,7.56,9.39,4.67,3.56,-3.09,-3.33,-5.19
2015-12-01,002370,34.22,35.96,36.99,34.19,45238,160941132.0,8.17,4.9,1.68,2.6,5.29,-1.26,1.78,2.46,2.16,1.37,6.23,11.14,9.94,5.26,35.41,34.43,34.45,33.3,1.08,1.08,2.53,4.28,-0.22,-1.28,-7.62,-7.84,-9.62,-9.26
2015-12-02,002370,36.35,34.74,36.35,33.02,29739,102773353.0,9.26,-3.39,-1.22,1.71,2.24,5.39,6.09,5.78,4.97,9.99,15.08,13.84,8.99,12.02,35.21,34.72,34.55,33.56,4.63,6.13,7.94,3.28,2.19,-4.38,-4.61,-6.45,-6.07,-6.45
2015-12-03,002370,34.58,36.24,36.35,34.22,37470,133671852.0,6.13,4.32,1.5,2.15,1.69,2.37,2.07,1.29,6.14,11.05,9.85,5.17,8.09,6.22,35.22,34.97,34.74,33.78,1.74,3.48,-0.99,-2.04,-8.33,-8.55,-10.32,-9.96,-10.32,-4.39
2015-12-04,002370,36.45,36.5,36.87,35.45,46771,169135693.0,3.92,0.72,0.26,2.69,-1.18,-1.47,-2.23,2.45,7.19,6.04,1.52,4.34,2.54,2.54,35.54,35.16,34.92,33.92,2.74,-1.7,-2.74,-8.99,-9.21,-10.96,-10.6,-10.96,-5.07,-1.34
2015-12-07,002370,36.7,36.0,37.5,34.8,44384,158434694.0,7.4,-1.37,-0.5,2.55,0.37,-0.4,4.37,9.2,8.02,3.42,6.29,4.45,4.45,5.95,35.89,35.48,34.98,34.06,-0.33,-1.39,-7.72,-7.94,-9.72,-9.36,-9.72,-3.75,0.03,-2.81
2015-12-08,002370,35.4,35.3,35.88,34.0,41841,146335369.0,5.22,-1.94,-0.7,2.41,1.94,6.82,11.76,10.56,5.85,8.79,6.91,6.91,8.44,10.29,35.76,35.58,34.95,34.07,0.57,-5.89,-6.12,-7.93,-7.56,-7.93,-1.84,2.01,-0.88,1.3
2015-12-09,002370,35.0,33.5,35.5,33.41,33025,113361443.0,5.92,-5.1,-1.8,1.9,8.71,13.74,12.51,7.72,10.72,8.8,8.8,10.36,12.24,7.39,35.51,35.36,34.74,34.14,-0.84,-1.07,-2.99,-2.6,-2.99,3.43,7.49,4.45,6.75,7.79
2015-12-10,002370,33.05,32.3,33.22,31.85,39490,127916418.0,4.09,-3.58,-1.2,2.27,19.31,18.02,13.0,16.14,14.13,14.13,15.76,17.74,12.65,11.46,34.72,34.97,34.55,34.19,2.6,0.62,1.02,0.62,7.28,11.49,8.33,10.71,11.8,10.53
2015-12-11,002370,32.4,32.28,33.14,31.1,27932,90154721.0,6.32,-0.06,-0.02,1.61,20.87,15.72,18.94,16.88,16.88,18.55,20.58,15.37,14.15,6.82,33.88,34.71,34.46,34.24,0.68,1.08,0.68,7.34,11.56,8.4,10.78,11.86,10.59,13.63
2015-12-14,002370,32.3,31.64,32.5,30.8,42370,132912810.0,5.27,-1.98,-0.64,2.44,16.85,20.1,18.02,18.02,19.71,21.75,16.49,15.26,7.86,7.6,33.0,34.45,34.3,34.29,3.13,2.72,9.51,13.81,10.59,13.02,14.13,12.83,15.93,15.36
2015-12-15,002370,31.76,32.4,32.63,31.65,31951,103062786.0,3.1,2.4,0.76,1.84,16.87,14.85,14.85,16.49,18.48,13.36,12.16,4.96,4.71,2.69,32.42,34.09,34.26,34.33,0.31,6.94,11.14,7.99,10.37,11.45,10.19,13.21,12.65,11.6
2015-12-16,002370,32.5,32.3,32.5,32.1,17700,57121889.0,1.23,-0.31,-0.1,1.02,13.24,13.24,14.86,16.82,11.78,10.59,3.49,3.24,1.25,1.65,32.18,33.85,34.28,34.32,7.28,11.49,8.33,10.71,11.8,10.53,13.56,13.0,11.95,13.19
2015-12-17,002370,32.4,34.62,34.65,32.38,51659,171337414.0,7.03,7.18,2.32,2.97,12.26,13.87,15.81,10.81,9.64,2.59,2.35,0.37,0.77,0.37,32.65,33.68,34.33,34.39,4.02,1.07,3.29,4.3,3.12,5.95,5.43,4.45,5.6,5.03
2015-12-18,002370,34.49,34.9,36.01,33.66,63979,222814200.0,6.79,0.81,0.28,3.68,9.54,11.41,6.6,5.47,-1.31,-1.54,-3.45,-3.06,-3.45,2.94,33.17,33.52,34.34,34.46,0.26,2.46,3.47,2.29,5.1,4.58,3.61,4.76,4.18,2.01
2015-12-21,002370,34.16,34.3,34.99,34.01,33011,114040721.0,2.81,-1.72,-0.6,1.9,10.26,5.5,4.38,-2.32,-2.56,-4.44,-4.06,-4.44,1.88,5.88,33.7,33.35,34.42,34.44,4.26,5.28,4.08,6.94,6.41,5.42,6.59,6.01,3.79,0.52
2015-12-22,002370,34.3,35.21,35.76,34.2,26076,91401746.0,4.55,2.65,0.91,1.5,4.91,3.8,-2.87,-3.1,-4.97,-4.59,-4.97,1.32,5.29,2.31,34.27,33.34,34.46,34.41,2.56,1.39,4.17,3.66,2.7,3.83,3.27,1.11,-2.07,-7.38
2015-12-23,002370,35.28,35.15,36.11,34.87,28475,100909612.0,3.52,-0.17,-0.06,1.64,1.81,-4.73,-4.96,-6.8,-6.42,-6.8,-0.63,3.27,0.34,2.55,34.84,33.51,34.44,34.33,1.56,4.35,3.84,2.87,4.01,3.44,1.28,-1.91,-7.23,-8.34
2015-12-24,002370,34.7,35.35,35.7,34.21,19358,67578851.0,4.24,0.57,0.2,1.11,-2.89,-3.13,-5.0,-4.62,-5.0,1.29,5.26,2.28,4.53,5.55,34.98,33.81,34.39,34.3,3.76,3.25,2.29,3.42,2.86,0.71,-2.46,-7.75,-8.85,-15.47
2015-12-25,002370,35.6,36.1,36.68,35.3,27610,99805673.0,3.9,2.12,0.75,1.59,-6.12,-7.93,-7.56,-7.93,-1.84,2.01,-0.88,1.3,2.29,1.13,35.22,34.2,34.45,34.37,1.11,0.17,1.27,0.72,-1.39,-4.49,-9.67,-10.75,-17.23,-20.78
2015-12-28,002370,36.0,35.24,36.5,34.51,32790,117138300.0,5.51,-2.38,-0.86,1.89,-5.82,-5.45,-5.82,0.41,4.35,1.39,3.62,4.64,3.45,6.29,35.41,34.56,34.5,34.39,2.61,3.75,3.18,1.02,-2.16,-7.46,-8.57,-15.21,-18.84,-24.38
2015-12-29,002370,35.0,35.92,36.16,34.7,13221,47007257.0,4.14,1.93,0.68,0.76,-5.97,-6.34,-0.14,3.78,0.84,3.05,4.06,2.88,5.71,5.19,35.55,34.91,34.5,34.48,1.78,1.22,-0.89,-4.01,-9.21,-10.3,-16.82,-20.38,-25.81,-23.47
2015-12-30,002370,35.95,36.17,36.56,35.7,13973,50610543.0,2.39,0.7,0.25,0.8,-8.96,-2.94,0.87,-1.99,0.17,1.15,0.0,2.75,2.24,1.29,35.76,35.3,34.57,34.62,0.53,-1.58,-4.67,-9.84,-10.92,-17.39,-20.93,-26.32,-24.0,-20.98
2015-12-31,002370,36.0,35.43,36.36,35.0,20711,74093037.0,3.76,-2.05,-0.74,1.19,-1.0,2.89,-0.03,2.17,3.17,2.0,4.8,4.29,3.31,4.46,35.77,35.38,34.53,34.68,0.48,-2.68,-7.96,-9.06,-15.66,-19.28,-24.78,-22.41,-19.33,-18.66
2016-01-04,002370,35.0,33.63,35.6,32.2,20867,72415654.0,9.6,-5.08,-1.8,1.2,11.83,8.66,11.06,12.14,10.87,13.91,13.35,12.3,13.54,12.92,35.28,35.25,34.39,34.64,2.53,-3.03,-4.19,-11.15,-14.96,-20.76,-18.26,-15.02,-14.3,-17.04
2016-01-05,002370,32.01,31.55,34.48,30.5,33384,106577312.0,11.83,-6.18,-2.08,1.92,14.72,17.25,18.39,17.05,20.26,19.67,18.56,19.87,19.21,16.72,34.54,34.98,34.16,34.6,3.36,2.12,-5.29,-9.35,-15.53,-12.87,-9.41,-8.65,-11.57,-9.1
2016-01-06,002370,31.64,31.99,32.61,31.12,16014,50995621.0,4.72,1.39,0.44,0.92,14.91,16.03,14.72,17.87,17.29,16.2,17.48,16.84,14.4,10.8,33.75,34.65,34.0,34.53,0.72,-6.6,-10.6,-16.69,-14.07,-10.66,-9.91,-12.79,-10.35,-10.66
2016-01-07,002370,31.3,29.22,32.22,29.1,2026,6152800.0,9.75,-8.66,-2.77,0.12,24.09,22.68,26.05,25.43,24.26,25.64,24.95,22.34,18.49,12.06,32.36,34.06,33.78,34.31,2.26,-2.12,-8.8,-5.92,-2.19,-1.37,-4.52,-1.85,-2.19,-4.96
2016-01-08,002370,28.3,28.6,29.88,26.7,23351,66289012.0,10.88,-2.12,-0.62,1.34,33.71,37.38,36.7,35.43,36.93,36.18,33.33,29.14,22.13,20.67,31.0,33.39,33.6,34.06,0.0,-6.82,-3.88,-0.07,0.77,-2.45,0.28,-0.07,-2.9,-4.2
2016-01-11,002370,27.88,25.74,28.6,25.74,19851,54252146.0,10.0,-10.0,-2.86,1.14,42.5,41.8,40.48,42.04,41.26,38.31,33.95,26.69,25.17,16.08,29.42,32.35,33.27,33.75,3.54,6.8,11.03,11.97,8.39,11.42,11.03,7.89,6.45,8.12
2016-01-12,002370,25.5,26.35,26.65,24.99,22278,57623247.0,6.45,2.37,0.61,1.28,46.06,44.7,46.3,45.5,42.46,37.98,30.49,28.93,19.57,14.45,28.38,31.46,33.01,33.49,4.33,8.46,9.37,5.88,8.84,8.46,5.39,3.98,5.62,5.12
2016-01-13,002370,26.01,26.2,27.49,26.01,11819,31422892.0,5.62,-0.57,-0.15,0.68,39.02,40.56,39.79,36.87,32.56,25.37,23.88,14.88,9.96,2.46,27.22,30.49,32.7,33.16,9.08,10.0,6.49,9.47,9.08,5.99,4.58,6.22,5.73,4.12
2016-01-14,002370,25.8,27.8,28.58,25.18,16213,43044512.0,12.98,6.11,1.6,0.93,45.19,44.4,41.38,36.93,29.51,27.96,18.67,13.58,5.84,9.17,26.94,29.65,32.47,32.93,3.67,0.36,3.17,2.81,-0.11,-1.44,0.11,-0.36,-1.87,-7.27
2016-01-15,002370,27.8,26.6,28.82,26.2,12142,33198470.0,9.42,-4.32,-1.2,0.7,38.78,35.88,31.6,24.47,22.98,14.05,9.16,1.72,4.92,9.08,26.54,28.77,32.07,32.61,4.89,7.82,7.44,4.4,3.01,4.62,4.14,2.56,-3.08,-3.35
2016-01-18,002370,26.0,27.12,27.9,25.51,12310,33013464.0,8.98,1.95,0.52,0.71,39.55,35.16,27.83,26.3,17.13,12.11,4.47,7.76,12.03,12.98,26.81,28.12,31.68,32.3,5.75,5.38,2.4,1.03,2.62,2.14,0.59,-4.94,-5.2,-1.51
2016-01-19,002370,27.3,27.9,28.68,27.0,11992,33322222.0,6.19,2.88,0.78,0.69,27.7,20.78,19.33,10.67,5.93,-1.3,1.81,5.85,6.74,3.33,27.12,27.75,31.36,32.03,2.44,-0.47,-1.79,-0.25,-0.72,-2.22,-7.6,-7.85,-4.27,-4.01
2016-01-20,002370,27.88,27.45,28.58,27.3,9376,25890089.0,4.59,-1.61,-0.45,0.54,19.45,18.02,9.45,4.76,-2.38,0.7,4.69,5.57,2.2,5.05,27.37,27.3,30.98,31.77,1.17,-0.18,1.38,0.91,-0.62,-6.08,-6.34,-2.7,-2.44,-5.79
2016-01-21,002370,26.9,26.5,27.77,26.21,8912,24344937.0,5.68,-3.46,-0.95,0.51,22.93,14.0,9.12,1.68,4.88,9.04,9.96,6.45,9.42,9.04,27.11,27.03,30.54,31.53,3.4,5.02,4.53,2.94,-2.72,-2.98,0.79,1.06,-2.42,4.38
2016-01-22,002370,26.88,26.66,27.4,26.12,5752,15301690.0,4.83,0.6,0.16,0.33,14.4,9.49,2.03,5.25,9.42,10.34,6.81,9.8,9.42,6.32,27.13,26.83,30.11,31.34,4.39,3.9,2.33,-3.3,-3.56,0.19,0.45,-3.0,3.75,3.08
2016-01-25,002370,26.98,27.7,27.83,26.89,10906,30038597.0,3.53,3.9,1.04,0.63,6.36,-0.89,2.23,6.28,7.18,3.76,6.66,6.28,3.27,1.9,27.24,27.03,29.69,31.19,0.0,-1.52,-6.93,-7.18,-3.57,-3.32,-6.64,-0.14,-0.79,-0.43
2016-01-26,002370,27.7,25.98,27.7,25.5,9726,26223425.0,7.94,-6.21,-1.72,0.56,4.51,7.8,12.08,13.02,9.41,12.47,12.08,8.9,7.45,9.14,26.86,26.99,29.23,31.0,5.0,-0.77,-1.04,2.81,3.08,-0.46,6.47,5.77,6.16,13.55
2016-01-27,002370,27.28,25.77,27.28,24.2,10412,26565690.0,11.86,-0.81,-0.21,0.6,13.6,18.1,19.09,15.29,18.51,18.1,14.75,13.22,15.0,14.46,26.52,26.95,28.72,30.78,0.04,-0.23,3.65,3.92,0.35,7.33,6.64,7.02,14.47,21.03
2016-01-28,002370,25.78,24.48,25.78,24.4,7105,17827247.0,5.36,-5.01,-1.29,0.41,17.13,18.11,14.34,17.54,17.13,13.81,12.3,14.06,13.52,11.8,26.12,26.62,28.13,30.52,5.02,9.11,9.4,5.64,12.99,12.25,12.66,20.51,27.41,24.18
2016-01-29,002370,24.1,25.51,25.71,24.1,6599,16606536.0,6.58,4.21,1.03,0.38,19.59,15.77,19.0,18.59,15.23,13.69,15.48,14.94,13.2,6.97,25.89,26.51,27.64,30.22,4.7,4.98,1.37,8.43,7.72,8.11,15.64,22.27,19.17,18.78
2016-02-01,002370,25.6,25.29,26.71,24.6,8834,22525179.0,8.27,-0.86,-0.22,0.51,13.41,16.59,16.18,12.89,11.38,13.13,12.6,10.89,4.8,4.51,25.41,26.32,27.22,29.9,5.89,2.25,9.37,8.66,9.05,16.65,23.33,20.21,19.81,19.73
2016-02-02,002370,25.26,25.78,26.78,25.26,15749,41045549.0,6.01,1.94,0.49,0.91,13.54,13.14,9.94,8.47,10.17,9.66,8.0,2.06,1.78,5.74,25.37,26.11,26.93,29.61,0.31,7.29,6.59,6.98,14.43,20.99,17.92,17.53,17.46,15.13
2016-02-03,002370,25.51,25.5,25.86,25.3,6406,16367734.0,2.17,-1.09,-0.28,0.37,12.96,9.76,8.3,10.0,9.49,7.83,1.9,1.62,5.57,5.85,25.31,25.92,26.61,29.29,8.47,7.76,8.16,15.69,22.31,19.22,18.82,18.75,16.39,16.08
2016-02-04,002370,25.9,26.02,27.66,25.53,16089,41914699.0,8.35,2.04,0.52,0.93,8.77,7.32,9.01,8.5,6.85,0.98,0.71,4.62,4.9,1.29,25.62,25.87,26.45,28.98,5.61,6.0,13.37,19.87,16.83,16.45,16.37,14.07,13.76,12.99
2016-02-05,002370,26.08,26.95,27.48,25.9,15176,40653671.0,6.07,3.57,0.93,0.87,5.79,7.45,6.95,5.33,-0.46,-0.73,3.13,3.4,-0.15,6.8,25.91,25.9,26.36,28.7,2.34,9.46,15.73,12.8,12.43,12.36,10.13,9.83,9.09,6.98
2016-02-15,002370,25.75,26.89,27.58,25.75,12368,32779948.0,6.79,-0.22,-0.06,0.71,8.08,7.57,5.94,0.12,-0.16,3.73,4.0,0.43,7.42,6.72,26.23,25.82,26.42,28.4,9.71,15.99,13.05,12.68,12.61,10.38,10.08,9.33,7.21,-3.5
2016-02-16,002370,26.99,29.4,29.5,26.99,24335,68390939.0,9.33,9.33,2.51,1.4,2.63,1.07,-4.48,-4.74,-1.04,-0.78,-4.19,2.48,1.82,2.19,26.95,26.16,26.57,28.2,6.09,3.4,3.06,2.99,0.95,0.68,0.0,-1.94,-11.73,-15.03
2016-02-17,002370,28.89,30.22,31.19,28.89,21375,64651328.0,7.82,2.79,0.82,1.23,-5.57,-10.76,-11.01,-7.55,-7.3,-10.49,-4.26,-4.88,-4.53,2.11,27.9,26.6,26.78,28.01,0.6,0.26,0.2,-1.79,-2.05,-2.71,-4.6,-14.13,-17.34,-14.46
2016-02-18,002370,29.83,29.78,30.4,29.11,9820,29361257.0,4.27,-1.46,-0.44,0.56,-11.44,-11.68,-8.24,-8.0,-11.16,-4.98,-5.6,-5.26,1.34,7.15,28.65,27.13,26.87,27.8,1.75,1.68,-0.34,-0.6,-1.28,-3.19,-12.86,-16.12,-13.2,-13.13
2016-02-19,002370,29.7,29.79,30.3,29.21,19771,59136843.0,3.66,0.03,0.01,1.14,-11.98,-8.56,-8.32,-11.47,-5.31,-5.92,-5.58,0.99,6.78,4.07,29.22,27.56,27.03,27.61,1.64,-0.37,-0.64,-1.31,-3.22,-12.89,-16.15,-13.23,-13.16,-14.4
2016-02-22,002370,29.8,29.5,30.28,29.23,14686,43664185.0,3.52,-0.97,-0.29,0.84,-8.62,-8.38,-11.53,-5.37,-5.99,-5.64,0.92,6.71,4.0,3.66,29.74,27.98,27.15,27.47,0.61,0.34,-0.34,-2.27,-12.03,-15.32,-12.37,-12.31,-13.56,-19.63
2016-02-23,002370,29.59,29.11,29.68,28.66,7499,21906321.0,3.46,-1.32,-0.39,0.43,-6.56,-9.77,-3.49,-4.12,-3.77,2.93,8.83,6.07,5.72,5.65,29.68,28.32,27.21,27.39,1.68,1.0,-0.96,-10.86,-14.19,-11.2,-11.13,-12.4,-18.55,-18.14
2016-02-24,002370,29.43,29.5,29.6,28.61,12578,36569448.0,3.4,1.34,0.39,0.72,-9.61,-3.32,-3.95,-3.6,3.11,9.02,6.26,5.91,5.84,3.74,29.54,28.72,27.32,27.31,-0.34,-2.27,-12.03,-15.32,-12.37,-12.31,-13.56,-19.63,-19.22,-21.08
2016-02-25,002370,29.15,27.2,29.4,26.71,15060,42496334.0,9.12,-7.8,-2.3,0.87,3.56,2.88,3.26,10.45,16.77,13.82,13.44,13.37,11.12,10.82,29.02,28.83,27.35,27.24,5.99,-4.6,-8.16,-4.96,-4.89,-6.25,-12.83,-12.39,-14.41,-12.65
2016-02-26,002370,28.83,26.0,28.83,25.6,13194,35198248.0,11.88,-4.41,-1.2,0.76,7.34,7.73,15.23,21.84,18.75,18.36,18.28,15.94,15.62,14.84,28.26,28.74,27.32,27.16,-0.19,-3.92,-0.58,-0.5,-1.92,-8.81,-8.35,-10.46,-8.62,-9.85
2016-02-29,002370,25.81,23.45,25.95,23.4,14141,33998439.0,9.81,-9.81,-2.55,0.81,17.86,26.07,33.29,29.91,29.49,29.4,26.84,26.5,25.64,23.21,27.05,28.4,27.11,27.08,6.52,10.23,10.32,8.74,1.11,1.62,-0.72,1.32,-0.04,4.78
2016-03-01,002370,23.45,24.89,24.98,22.35,17269,40507803.0,11.22,6.14,1.44,0.99,31.99,39.55,36.02,35.57,35.48,32.8,32.44,31.54,28.99,16.11,26.21,27.94,27.05,27.03,3.86,3.94,2.45,-4.74,-4.26,-6.47,-4.54,-5.83,-1.29,-1.89
2016-03-02,002370,24.85,25.57,25.85,24.2,12273,31012827.0,6.63,2.73,0.68,0.71,28.88,25.62,25.21,25.12,22.64,22.31,21.49,19.13,7.23,3.22,25.42,27.48,27.04,27.01,1.17,-0.27,-7.27,-6.8,-8.96,-7.08,-8.33,-3.91,-4.5,-4.38
2016-03-03,002370,25.59,24.71,25.87,24.7,13533,34159091.0,4.58,-3.36,-0.86,0.78,23.08,22.67,22.59,20.16,19.84,19.03,16.72,5.06,1.13,4.66,24.92,26.97,27.05,26.91,3.2,-4.05,-3.56,-5.79,-3.84,-5.14,-0.57,-1.17,-1.05,0.69
2016-03-04,002370,24.75,22.95,25.5,22.24,26076,60275579.0,13.19,-7.12,-1.76,1.5,36.24,36.15,33.45,33.09,32.19,29.63,16.68,12.32,16.23,16.32,24.31,26.29,26.92,26.79,3.31,3.83,1.44,3.53,2.14,7.06,6.41,6.54,8.41,12.42
2016-03-07,002370,22.94,23.1,23.71,22.78,14132,32827630.0,4.05,0.65,0.15,0.81,32.92,30.29,29.94,29.06,26.56,13.92,9.66,13.48,13.56,11.94,24.24,25.65,26.82,26.65,3.16,0.78,2.86,1.47,6.36,5.71,5.84,7.71,11.69,17.32
2016-03-08,002370,22.9,23.39,23.83,22.0,11401,25887945.0,7.92,1.26,0.29,0.66,34.91,34.55,33.64,31.05,17.95,13.55,17.5,17.59,15.91,7.77,23.94,25.08,26.7,26.5,-0.47,1.58,0.21,5.04,4.4,4.53,6.37,10.3,15.86,18.64
2016-03-09,002370,23.05,22.9,23.28,22.35,6498,14866314.0,3.98,-2.09,-0.49,0.37,32.44,31.54,28.99,16.11,11.77,15.66,15.75,14.09,6.09,6.62,23.41,24.42,26.57,26.35,3.76,2.36,7.29,6.64,6.77,8.65,12.66,18.34,21.18,22.18
2016-03-10,002370,23.0,22.78,23.76,22.5,8645,19993683.0,5.5,-0.52,-0.12,0.5,30.67,28.13,15.33,11.02,14.89,14.98,13.33,5.38,5.91,3.47,23.02,23.97,26.4,26.23,2.9,7.86,7.2,7.33,9.22,13.26,18.96,21.82,22.83,21.86
2016-03-11,002370,22.78,23.01,23.44,22.02,14486,33498426.0,6.23,1.01,0.23,0.83,30.93,17.85,13.44,17.39,17.48,15.8,7.67,8.22,5.72,7.9,23.04,23.67,26.21,26.1,6.78,6.13,6.26,8.13,12.13,17.77,20.6,21.6,20.64,16.82
2016-03-14,002370,23.21,23.89,24.57,23.2,21045,50315248.0,5.95,3.82,0.88,1.21,11.85,7.67,11.42,11.51,9.91,2.2,2.72,0.34,2.41,1.03,23.19,23.72,26.06,25.98,2.22,2.34,4.14,7.99,13.44,16.16,17.12,16.2,12.52,15.57
2016-03-15,002370,23.87,24.12,24.42,23.5,12906,30999528.0,3.85,0.96,0.23,0.74,6.3,10.0,10.09,8.51,0.89,1.4,-0.94,1.11,-0.26,4.55,23.34,23.64,25.79,25.92,1.37,3.15,6.97,12.35,15.05,16.0,15.09,11.44,14.47,22.89
2016-03-16,002370,24.23,23.59,24.45,23.51,7663,18296828.0,3.9,-2.2,-0.53,0.38,9.95,10.04,8.46,0.85,1.36,-0.98,1.06,-0.3,4.51,3.87,23.48,23.44,25.46,25.84,5.47,9.37,14.88,17.63,18.61,17.68,13.95,17.04,25.65,13.95
2016-03-17,002370,23.61,24.56,24.88,23.61,17994,43735333.0,5.38,4.11,0.97,0.88,9.57,8.01,0.42,0.93,-1.4,0.64,-0.72,4.07,3.43,3.56,23.83,23.43,25.2,25.84,5.05,10.34,12.99,13.93,13.03,9.45,12.42,20.68,9.45,12.17
2016-03-18,002370,24.56,25.27,25.8,24.56,21781,54985661.0,5.05,2.89,0.71,1.07,3.83,-3.46,-2.97,-5.21,-3.26,-4.56,0.04,-0.57,-0.45,1.3,24.29,23.66,24.97,25.84,7.24,9.81,10.72,9.85,6.37,9.26,17.29,6.37,9.02,4.91
2016-03-21,002370,25.62,26.88,27.1,25.36,29562,77712579.0,6.89,6.37,1.61,1.45,-6.51,-6.03,-8.2,-6.31,-7.57,-3.12,-3.71,-3.59,-1.89,1.74,24.88,24.04,24.84,25.89,3.24,4.09,3.27,0.0,2.72,10.27,0.0,2.49,-1.38,4.09
2016-03-22,002370,26.92,27.2,27.75,26.6,18024,49308576.0,4.28,1.19,0.32,0.89,-10.41,-12.48,-10.68,-11.88,-7.63,-8.2,-8.08,-6.47,-3.01,1.88,25.5,24.42,24.75,25.94,2.87,2.06,-1.18,1.51,8.97,-1.18,1.29,-2.54,2.87,2.57
2016-03-23,002370,26.97,27.76,27.98,26.2,16173,43804019.0,6.54,2.06,0.56,0.79,-11.15,-9.31,-10.53,-6.22,-6.79,-6.68,-5.04,-1.53,3.44,5.92,26.33,24.91,24.66,26.01,0.0,-3.17,-0.54,6.77,-3.17,-0.76,-4.5,0.79,0.5,0.43
2016-03-24,002370,27.76,26.9,27.76,26.5,14658,39672589.0,4.54,-3.1,-0.86,0.72,-10.34,-11.55,-7.28,-7.85,-7.74,-6.11,-2.64,2.26,4.72,5.58,26.8,25.32,24.65,26.04,-0.07,2.64,10.19,-0.07,2.42,-1.45,4.01,3.72,3.64,5.95
2016-03-25,002370,26.8,26.8,26.88,25.9,10957,28885561.0,3.64,-0.37,-0.1,0.54,-9.5,-5.14,-5.71,-5.6,-3.94,-0.39,4.63,7.14,8.03,7.18,27.11,25.7,24.69,26.04,3.02,10.6,0.3,2.8,-1.08,4.4,4.1,4.03,6.34,11.16
2016-03-28,002370,26.77,26.95,27.61,26.3,18552,50102825.0,4.89,0.56,0.15,0.91,-6.58,-7.15,-7.03,-5.4,-1.9,3.04,5.51,6.39,5.55,2.21,27.12,26.0,24.86,26.04,9.98,-0.26,2.23,-1.63,3.82,3.53,3.45,5.75,10.54,8.68
2016-03-29,002370,29.64,25.61,29.64,25.35,24811,65586517.0,15.92,-4.97,-1.34,1.22,-3.67,-3.55,-1.85,1.78,6.9,9.47,10.37,9.51,6.04,8.92,26.8,26.15,24.9,25.91,4.96,7.58,3.51,9.25,8.94,8.86,11.28,16.32,14.37,13.16
2016-03-30,002370,26.03,26.88,26.88,25.71,15283,40232776.0,4.57,4.96,1.27,0.75,-4.9,-3.23,0.35,5.41,7.93,8.83,7.97,4.55,7.39,15.29,26.63,26.48,24.96,25.8,2.49,-1.38,4.09,3.79,3.72,6.03,10.83,8.97,7.81,7.7
2016-03-31,002370,27.26,26.31,27.55,26.09,12708,33731446.0,5.43,-2.12,-0.57,0.62,-4.64,-1.11,3.87,6.36,7.24,6.4,3.03,5.83,13.61,3.03,26.51,26.66,25.04,25.69,0.76,6.35,6.04,5.97,8.32,13.23,11.33,10.15,10.03,9.16
2016-04-01,002370,26.3,26.46,26.51,26.0,9900,26020515.0,1.94,0.57,0.15,0.49,-0.77,4.23,6.73,7.62,6.77,3.38,6.19,14.0,3.38,5.96,26.44,26.77,25.22,25.57,5.74,5.44,5.37,7.71,12.59,10.7,9.52,9.41,8.54,16.89
2016-04-05,002370,26.46,27.9,27.98,26.26,20388,55206274.0,6.5,5.44,1.44,1.0,3.2,5.67,6.55,5.71,2.36,5.14,12.87,2.36,4.91,0.95,26.63,26.88,25.46,25.52,0.0,-0.07,2.15,6.77,4.98,3.87,3.76,2.94,10.86,16.42
2016-04-06,002370,27.49,27.6,27.9,27.09,19248,52828082.0,2.9,-1.08,-0.3,0.95,2.44,3.29,2.47,-0.78,1.92,9.41,-0.78,1.7,-2.14,3.29,27.03,26.92,25.67,25.47,1.01,3.26,7.93,6.12,5.0,4.89,4.06,12.07,17.68,13.59
2016-04-07,002370,27.6,26.82,27.88,26.8,13205,35937017.0,3.91,-2.83,-0.78,0.65,4.4,3.58,0.3,3.02,10.6,0.3,2.8,-1.08,4.4,4.1,27.02,26.82,25.86,25.38,6.26,11.07,9.21,8.05,7.94,7.08,15.32,21.1,16.89,9.62
2016-04-08,002370,26.53,28.48,28.5,26.49,36860,101384081.0,7.49,6.19,1.66,1.81,4.79,1.47,4.23,11.89,1.47,4.0,0.08,5.62,5.32,5.25,27.45,26.98,26.15,25.42,4.6,2.84,1.76,1.65,0.84,8.6,14.04,10.08,3.23,0.7
2016-04-11,002370,28.78,28.93,29.79,28.6,25306,73806230.0,4.18,1.58,0.45,1.24,-6.01,-3.46,3.64,-6.01,-3.67,-7.31,-2.17,-2.45,-2.52,-0.35,27.95,27.19,26.45,25.52,1.24,0.17,0.07,-0.73,6.91,12.27,8.37,1.62,-0.86,6.77
2016-04-12,002370,29.14,28.01,29.29,27.7,15165,42737232.0,5.5,-3.18,-0.92,0.74,-0.32,7.0,-2.96,-0.54,-4.3,1.01,0.72,0.65,2.89,7.55,27.97,27.3,26.65,25.67,3.46,3.36,2.53,10.42,15.96,11.92,4.96,2.39,10.28,11.89
2016-04-13,002370,28.3,28.62,28.98,28.1,10757,30721427.0,3.14,2.18,0.61,0.53,5.48,-4.34,-1.96,-5.66,-0.43,-0.71,-0.78,1.42,6.01,4.23,28.17,27.6,26.88,25.8,1.15,0.35,8.07,13.49,9.54,2.73,0.21,7.93,9.5,5.84
2016-04-14,002370,28.83,28.75,28.95,28.0,9779,27795987.0,3.32,0.45,0.13,0.48,-4.0,-1.61,-5.32,-0.07,-0.36,-0.43,1.79,6.39,4.61,3.5,28.56,27.79,27.13,25.9,-0.1,7.58,12.97,9.04,2.26,-0.24,7.44,9.01,5.36,7.76
2016-04-15,002370,28.72,28.12,28.72,28.02,9781,27572201.0,2.43,-2.19,-0.63,0.48,-1.68,-5.39,-0.14,-0.43,-0.5,1.71,6.32,4.53,3.43,3.32,28.49,27.97,27.31,26.02,9.99,15.5,11.49,4.55,1.99,9.85,11.45,7.72,10.17,9.53
2016-04-18,002370,27.96,30.93,30.93,27.6,37305,112092045.0,11.84,9.99,2.81,1.83,-3.95,1.38,1.09,1.01,3.26,7.93,6.12,5.0,4.89,4.06,28.89,28.42,27.6,26.28,5.01,1.36,-4.95,-7.27,-0.13,1.33,-2.07,0.16,-0.42,1.13
2016-04-19,002370,31.32,30.6,32.48,30.45,42877,134751507.0,6.56,-1.07,-0.33,2.11,-8.11,-8.37,-8.44,-6.4,-2.17,-3.81,-4.83,-4.93,-5.68,1.58,29.4,28.69,27.78,26.53,2.45,-3.92,-6.27,0.95,2.42,-1.01,1.24,0.65,2.22,2.16
2016-04-20,002370,31.13,29.45,31.35,28.03,41372,123729184.0,10.85,-3.76,-1.15,2.03,-0.46,-0.54,1.68,6.28,4.5,3.39,3.28,2.46,10.35,15.88,29.57,28.87,27.89,26.74,-0.17,-2.61,4.89,6.42,2.85,5.2,4.58,6.21,6.15,6.11
2016-04-21,002370,29.4,28.48,29.4,27.79,26315,75618629.0,5.47,-3.29,-0.97,1.29,0.32,2.55,7.2,5.4,4.28,4.17,3.35,11.3,16.88,12.81,29.52,29.04,27.93,26.92,0.7,8.46,10.04,6.36,8.78,8.15,9.83,9.76,9.73,9.41
2016-04-22,002370,28.16,28.3,28.68,27.56,12601,35380829.0,3.93,-0.63,-0.18,0.62,3.41,8.09,6.28,5.15,5.04,4.21,12.23,17.85,13.75,6.68,29.55,29.02,28.0,27.11,9.15,10.74,7.03,9.47,8.83,10.53,10.46,10.42,10.11,2.3
2016-04-25,002370,28.29,30.28,30.89,28.01,33855,99246239.0,10.18,7.0,1.98,1.66,6.35,4.57,3.46,3.36,2.53,10.42,15.96,11.92,4.96,2.39,29.42,29.15,28.17,27.35,3.5,0.03,2.31,1.72,3.3,3.24,3.2,2.91,-4.39,-4.36
2016-04-26,002370,31.34,30.05,31.34,29.52,20266,61222025.0,6.01,-0.76,-0.23,1.0,-0.78,-1.83,-1.93,-2.71,4.78,10.03,6.2,-0.41,-2.85,4.64,29.31,29.36,28.33,27.55,0.8,3.09,2.5,4.09,4.03,3.99,3.69,-3.66,-3.63,-4.96
2016-04-27,002370,29.51,30.05,30.29,29.35,16721,49812130.0,3.13,0.0,0.0,0.82,-1.26,-1.36,-2.15,5.38,10.66,6.81,0.17,-2.28,5.25,6.78,29.43,29.5,28.55,27.75,3.09,2.5,4.09,4.03,3.99,3.69,-3.66,-3.63,-4.96,-3.99
2016-04-28,002370,29.8,30.65,30.98,29.45,11791,35566103.0,5.09,2.0,0.6,0.58,-1.7,-2.48,5.03,10.29,6.45,-0.17,-2.61,4.89,6.42,2.85,29.87,29.69,28.74,27.99,0.49,2.06,1.99,1.96,1.66,-5.55,-5.51,-6.82,-5.87,-5.45
2016-04-29,002370,30.09,30.43,30.8,30.08,10688,32585793.0,2.35,-0.72,-0.22,0.52,-4.52,2.83,7.98,4.22,-2.26,-4.65,2.69,4.19,0.7,2.99,30.29,29.92,28.95,28.18,2.79,2.73,2.69,2.4,-4.86,-4.83,-6.15,-5.19,-4.77,-6.61
2016-05-03,002370,29.9,31.1,31.28,29.88,24631,75729123.0,4.6,2.2,0.67,1.21,3.51,8.7,4.92,-1.61,-4.02,3.38,4.89,1.37,3.68,3.08,30.46,29.94,29.18,28.38,0.51,0.48,0.19,-6.91,-6.88,-8.17,-7.23,-6.82,-8.62,-5.95
2016-05-04,002370,30.98,30.71,31.26,30.55,12293,38075889.0,2.28,-1.25,-0.39,0.6,6.32,2.62,-3.76,-6.12,1.11,2.59,-0.85,1.41,0.82,2.39,30.59,29.95,29.32,28.5,1.76,1.47,-5.73,-5.7,-7.0,-6.06,-5.63,-7.46,-4.75,-5.57
2016-05-05,002370,30.71,30.75,31.25,30.4,15481,47820057.0,2.77,0.13,0.04,0.76,3.12,-3.29,-5.66,1.61,3.09,-0.36,1.91,1.32,2.89,2.83,30.73,30.08,29.48,28.62,1.33,-5.85,-5.82,-7.12,-6.18,-5.76,-7.58,-4.88,-5.69,-7.02
2016-05-06,002370,30.8,28.61,31.16,28.25,19577,58231239.0,9.46,-6.96,-2.14,0.96,4.07,1.52,9.35,10.94,7.22,9.66,9.03,10.73,10.65,10.62,30.32,30.09,29.56,28.65,1.19,1.22,-0.17,0.84,1.29,-0.66,2.24,1.36,-0.07,-2.62
2016-05-09,002370,28.87,28.49,28.95,27.85,18264,52016088.0,3.84,-0.42,-0.12,0.9,2.98,10.92,12.53,8.76,11.24,10.59,12.32,12.24,12.21,11.89,29.93,30.11,29.57,28.7,1.65,0.25,1.26,1.72,-0.25,2.67,1.79,0.35,-2.21,0.56
2016-05-10,002370,28.38,28.16,28.96,27.98,8957,25476828.0,3.44,-1.16,-0.33,0.44,10.4,12.01,8.26,10.72,10.08,11.79,11.72,11.69,11.37,3.47,29.34,29.9,29.53,28.75,1.42,2.45,2.91,0.92,3.87,2.98,1.53,-1.07,1.74,1.74
2016-05-11,002370,28.16,28.2,28.56,27.55,11236,31413271.0,3.59,0.14,0.04,0.55,13.76,9.95,12.45,11.8,13.54,13.47,13.43,13.1,5.08,5.12,28.84,29.71,29.54,28.79,2.3,2.77,0.78,3.72,2.84,1.38,-1.21,1.6,1.6,-0.71
2016-05-12,002370,28.85,28.23,28.85,27.6,12597,35438424.0,4.43,0.11,0.03,0.62,9.75,12.25,11.59,13.33,13.26,13.22,12.9,4.89,4.93,3.48,28.34,29.53,29.52,28.88,2.66,0.67,3.61,2.73,1.28,-1.31,1.49,1.49,-0.81,-0.99
2016-05-13,002370,27.82,28.24,28.98,27.8,24495,69517996.0,4.18,0.04,0.01,1.2,11.44,10.79,12.52,12.45,12.41,12.09,4.14,4.17,2.73,3.78,28.26,29.29,29.49,28.92,0.64,3.58,2.69,1.24,-1.35,1.45,1.45,-0.85,-1.03,-3.43
2016-05-16,002370,28.42,28.01,28.42,27.7,20735,58076497.0,2.55,-0.81,-0.23,1.02,11.19,12.92,12.85,12.82,12.49,4.51,4.55,3.1,4.15,4.62,28.17,29.05,29.49,28.98,4.43,3.53,2.07,-0.54,2.28,2.28,-0.04,-0.21,-2.64,-4.14
2016-05-17,002370,28.02,28.98,29.25,28.02,28493,81971779.0,4.39,3.46,0.97,1.4,11.63,11.56,11.53,11.21,3.32,3.35,1.93,2.96,3.43,1.43,28.33,28.84,29.39,29.06,0.07,-1.35,-3.86,-1.14,-1.14,-3.38,-3.55,-5.9,-7.35,-4.45
2016-05-18,002370,29.0,28.33,29.0,27.7,11047,31426036.0,4.49,-2.24,-0.65,0.54,12.85,12.82,12.49,4.51,4.55,3.1,4.15,4.62,2.6,5.6,28.36,28.6,29.28,29.08,0.92,-1.66,1.13,1.13,-1.16,-1.34,-3.74,-5.22,-2.26,1.2
2016-05-19,002370,28.0,27.9,28.59,27.81,10389,29277400.0,2.75,-1.52,-0.43,0.51,12.37,12.05,4.1,4.14,2.7,3.74,4.21,2.19,5.18,4.28,28.29,28.32,29.2,29.09,-0.14,2.69,2.69,0.36,0.18,-2.26,-3.76,-0.75,2.76,0.72
2016-05-20,002370,27.86,27.45,27.86,26.88,12857,35070995.0,3.51,-1.61,-0.45,0.63,15.92,7.7,7.74,6.25,7.33,7.81,5.73,8.82,7.89,6.36,28.13,28.2,29.15,29.11,4.37,4.37,2.0,1.82,-0.66,-2.19,0.87,4.44,2.37,4.37
2016-05-23,002370,27.4,28.55,28.65,27.34,14802,41382200.0,4.77,4.01,1.1,0.73,5.89,5.93,4.46,5.52,6.0,3.95,6.99,6.07,4.57,1.9,28.24,28.2,29.16,29.11,0.35,-1.93,-2.1,-4.48,-5.95,-3.01,0.42,-1.58,0.35,0.39
2016-05-24,002370,28.35,27.71,28.65,27.67,10357,28995312.0,3.43,-2.94,-0.84,0.51,4.66,3.22,4.26,4.73,2.71,5.71,4.81,3.32,0.69,3.54,27.99,28.16,29.03,29.07,1.05,0.87,-1.59,-3.1,-0.07,3.46,1.41,3.39,3.43,2.31
2016-05-25,002370,27.5,27.8,28.0,27.3,10042,27784465.0,2.53,0.32,0.09,0.49,4.62,5.68,6.15,4.1,7.14,6.23,4.73,2.05,4.95,4.95,27.88,28.12,28.92,29.06,0.54,-1.91,-3.42,-0.4,3.13,1.08,3.06,3.09,1.98,1.47
2016-05-26,002370,27.94,27.35,27.95,26.57,11193,30263474.0,4.96,-1.62,-0.45,0.55,8.58,9.07,6.96,10.09,9.15,7.6,4.86,7.83,7.83,5.38,27.77,28.03,28.78,29.02,-0.29,-1.83,1.24,4.83,2.74,4.75,4.79,3.66,3.14,2.38
2016-05-27,002370,26.81,26.65,27.27,26.58,11885,31898129.0,2.52,-2.56,-0.7,0.58,9.03,6.92,10.05,9.1,7.56,4.82,7.79,7.79,5.34,5.15,27.61,27.87,28.58,28.95,0.75,3.9,7.58,5.44,7.5,7.54,6.38,5.85,5.07,1.76
2016-05-30,002370,26.6,26.49,26.85,26.01,7944,20999719.0,3.15,-0.6,-0.16,0.39,9.27,12.46,11.5,9.92,7.11,10.15,10.15,7.65,7.46,4.84,27.2,27.72,28.39,28.9,4.53,8.23,6.08,8.15,8.19,7.02,6.49,5.7,2.38,6.8
2016-05-31,002370,26.49,27.56,27.69,26.27,13830,37642327.0,5.36,4.04,1.07,0.68,11.34,10.39,8.83,6.05,9.06,9.06,6.59,6.4,3.81,2.21,27.17,27.58,28.21,28.79,4.03,1.96,3.96,3.99,2.87,2.36,1.6,-1.6,2.65,7.22
2016-06-01,002370,27.5,27.85,28.67,27.5,24803,69860835.0,4.25,1.05,0.29,1.22,5.45,3.96,1.31,4.18,4.18,1.82,1.64,-0.84,-2.36,0.69,27.18,27.53,28.07,28.69,0.9,2.87,2.91,1.8,1.29,0.54,-2.62,1.58,6.1,4.78
2016-06-02,002370,27.9,27.85,28.1,27.45,10223,28380379.0,2.33,0.0,0.0,0.5,4.15,1.49,4.37,4.37,2.0,1.82,-0.66,-2.19,0.87,4.44,27.28,27.53,27.92,28.64,2.87,2.91,1.8,1.29,0.54,-2.62,1.58,6.1,4.78,5.67
2016-06-03,002370,28.06,28.4,28.65,27.85,18968,53663829.0,2.87,1.97,0.55,0.93,0.04,2.87,2.87,0.54,0.36,-2.08,-3.59,-0.57,2.94,0.9,27.63,27.62,27.91,28.64,0.92,-0.18,-0.67,-1.41,-4.51,-0.39,4.05,2.75,3.63,3.87
2016-06-06,002370,28.44,28.21,28.66,28.05,8093,22875483.0,2.15,-0.67,-0.19,0.4,2.14,2.14,-0.18,-0.36,-2.78,-4.28,-1.28,2.21,0.18,2.14,27.97,27.59,27.9,28.63,0.5,0.0,-0.74,-3.86,0.28,4.75,3.44,4.32,4.57,3.86
2016-06-07,002370,28.3,28.22,28.35,28.0,11304,31848808.0,1.24,0.04,0.01,0.56,2.32,0.0,-0.18,-2.61,-4.11,-1.11,2.39,0.36,2.32,2.36,28.11,27.64,27.9,28.57,-0.04,-0.78,-3.9,0.25,4.71,3.4,4.29,4.54,3.83,5.21
2016-06-08,002370,28.08,28.0,28.21,27.4,11696,32501804.0,2.87,-0.78,-0.22,0.57,2.19,2.01,-0.47,-2.01,1.06,4.64,2.55,4.56,4.6,3.47,28.14,27.66,27.89,28.5,0.0,-3.14,1.04,5.54,4.21,5.11,5.36,4.64,6.04,5.79
2016-06-13,002370,27.82,26.88,28.0,26.8,7950,21874897.0,4.29,-4.0,-1.12,0.39,4.29,1.75,0.19,3.32,6.98,4.85,6.9,6.94,5.78,5.26,27.94,27.61,27.82,28.39,0.89,5.25,9.93,8.56,9.49,9.75,9.0,10.45,10.19,9.71
2016-06-14,002370,26.51,26.63,27.12,26.29,9019,24061806.0,3.09,-0.93,-0.25,0.44,3.73,2.13,5.33,9.05,6.88,8.98,9.01,7.84,7.3,6.5,27.59,27.61,27.74,28.26,6.23,10.97,9.58,10.51,10.78,10.03,11.49,11.23,10.74,13.11
2016-06-15,002370,26.4,28.06,28.29,26.4,30863,85531061.0,7.1,5.37,1.43,1.52,1.7,4.89,8.6,6.44,8.52,8.56,7.39,6.86,6.06,2.73,27.56,27.77,27.74,28.18,5.31,3.99,4.88,5.13,4.42,5.81,5.56,5.1,7.34,10.41
2016-06-16,002370,27.7,29.08,29.55,27.7,35661,103596560.0,6.59,3.64,1.02,1.75,-0.04,3.5,1.44,3.43,3.47,2.35,1.84,1.08,-2.09,2.13,27.73,27.92,27.75,28.11,0.34,1.2,1.44,0.76,2.1,1.86,1.41,3.58,6.53,4.13
2016-06-17,002370,28.91,28.9,29.18,28.5,21734,62658401.0,2.34,-0.62,-0.18,1.07,0.6,-1.4,0.53,0.56,-0.53,-1.02,-1.75,-4.84,-0.74,3.68,27.91,28.02,27.78,28.05,1.83,2.08,1.38,2.73,2.49,2.04,4.22,7.2,4.78,3.6
2016-06-20,002370,28.96,29.2,29.43,28.58,12520,36296464.0,2.94,1.04,0.3,0.61,-1.68,0.24,0.28,-0.8,-1.29,-2.03,-5.11,-1.01,3.39,2.1,28.37,28.16,27.84,28.0,1.03,0.34,1.68,1.44,0.99,3.15,6.1,3.7,2.53,4.62
2016-06-21,002370,29.2,28.99,29.5,28.66,12191,35549660.0,2.88,-0.72,-0.21,0.6,-0.03,0.0,-1.08,-1.57,-2.3,-5.37,-1.29,3.11,1.81,2.69,28.85,28.22,27.92,28.01,1.07,2.41,2.17,1.72,3.9,6.86,4.45,3.28,5.38,11.94
2016-06-22,002370,29.0,29.07,29.3,28.56,11298,32856030.0,2.55,0.28,0.08,0.55,0.35,-0.74,-1.23,-1.96,-5.04,-0.95,3.47,2.17,3.05,3.29,29.05,28.3,27.95,28.03,2.13,1.89,1.44,3.61,6.57,4.16,2.99,5.09,11.63,11.11
2016-06-23,002370,29.0,29.5,29.69,28.65,19672,57479845.0,3.58,1.48,0.43,0.97,-1.05,-1.54,-2.27,-5.34,-1.26,3.14,1.85,2.72,2.97,2.27,29.13,28.43,28.03,28.08,0.41,-0.03,2.1,5.02,2.64,1.49,3.56,10.0,9.49,14.81
2016-06-24,002370,29.29,28.89,29.62,27.6,11144,32283861.0,6.85,-2.07,-0.61,0.55,2.21,1.45,-1.74,2.5,7.07,5.72,6.63,6.88,6.16,7.57,29.13,28.52,28.09,28.1,2.08,4.26,7.23,4.81,3.63,5.75,12.32,11.8,17.24,24.61
2016-06-27,002370,28.99,29.18,29.49,28.76,20606,59816084.0,2.53,1.0,0.29,1.01,-2.64,-5.7,-1.63,2.75,1.46,2.33,2.57,1.88,3.23,2.99,29.13,28.75,28.18,28.13,3.22,6.17,3.77,2.6,4.69,11.21,10.69,16.07,23.37,25.94
2016-06-28,002370,29.18,30.12,30.12,28.99,35833,106019271.0,3.87,3.22,0.94,1.76,-6.45,-2.41,1.93,0.66,1.52,1.76,1.07,2.41,2.17,1.72,29.35,29.1,28.35,28.19,2.86,0.53,-0.6,1.43,7.74,7.24,12.45,19.52,22.01,21.81
2016-06-29,002370,30.11,29.92,30.98,29.89,20394,62034562.0,3.62,-0.66,-0.2,1.0,-5.35,-1.14,-2.38,-1.54,-1.3,-1.97,-0.67,-0.9,-1.34,0.77,29.52,29.28,28.53,28.26,1.2,0.07,2.11,8.46,7.95,13.2,20.32,22.83,22.63,21.96
2016-06-30,002370,30.28,29.5,30.28,29.2,16896,49959348.0,3.61,-1.4,-0.42,0.83,1.2,-0.07,0.79,1.03,0.34,1.68,1.44,0.99,3.15,6.1,29.52,29.33,28.62,28.27,1.49,3.56,10.0,9.49,14.81,22.03,24.58,24.37,23.69,20.1
2016-07-01,002370,29.5,29.49,29.94,29.01,12151,35884653.0,3.15,-0.03,-0.01,0.6,0.59,1.45,1.69,1.0,2.34,2.1,1.65,3.83,6.79,4.38,29.64,29.39,28.7,28.31,3.59,10.04,9.53,14.85,22.08,24.62,24.42,23.74,20.14,18.68
2016-07-04,002370,29.43,30.0,30.55,29.06,14341,42932995.0,5.05,1.73,0.51,0.7,1.27,1.51,0.83,2.17,1.93,1.48,3.65,6.61,4.2,3.03,29.81,29.47,28.81,28.38,8.17,7.67,12.9,20.0,22.5,22.3,21.63,18.1,16.67,17.67
2016-07-05,002370,30.4,31.76,32.45,29.8,34247,106229193.0,8.83,5.87,1.76,1.68,-1.01,-1.68,-0.37,-0.6,-1.04,1.07,3.96,1.61,0.47,2.52,30.13,29.74,28.98,28.53,1.7,6.64,13.35,15.71,15.52,14.89,11.56,10.2,11.15,9.7
2016-07-06,002370,31.6,32.0,32.3,31.12,18295,57834297.0,3.72,0.76,0.24,0.9,-5.85,-4.6,-4.82,-5.24,-3.21,-0.45,-2.7,-3.79,-1.83,4.27,30.55,30.04,29.17,28.64,5.84,12.5,14.84,14.66,14.03,10.72,9.38,10.31,8.88,9.94
2016-07-07,002370,32.6,32.9,33.87,32.57,39650,131478928.0,4.06,2.81,0.9,1.95,-8.84,-9.06,-9.46,-7.52,-4.88,-7.03,-8.07,-6.2,-0.37,-0.83,31.23,30.38,29.4,28.81,9.42,11.7,11.52,10.91,7.69,6.38,7.29,5.9,6.93,3.5
2016-07-08,002370,32.47,35.0,36.0,32.47,42575,149633405.0,10.73,6.38,2.1,2.09,-8.78,-9.18,-7.24,-4.59,-6.74,-7.79,-5.91,-0.06,-0.52,4.31,32.33,30.99,29.75,29.05,5.0,4.83,4.26,1.23,0.0,0.86,-0.46,0.51,-2.71,-2.0
2016-07-11,002370,36.0,35.0,36.75,34.3,25233,88949577.0,7.0,0.0,0.0,1.24,-14.02,-12.19,-9.68,-11.72,-12.71,-10.93,-5.39,-5.83,-1.25,4.96,33.33,31.57,30.16,29.31,4.83,4.26,1.23,0.0,0.86,-0.46,0.51,-2.71,-2.0,-1.49
2016-07-12,002370,34.84,36.09,36.69,34.25,32514,115715447.0,6.97,3.11,1.09,1.6,-12.06,-9.55,-11.59,-12.58,-10.8,-5.26,-5.69,-1.11,5.11,7.3,34.2,32.17,30.63,29.62,1.11,-1.83,-3.02,-2.19,-3.46,-2.52,-5.65,-4.96,-4.46,-2.0
2016-07-13,002370,36.4,34.89,36.49,34.7,25483,89698369.0,4.96,-3.33,-1.2,1.25,-10.72,-12.74,-13.72,-11.96,-6.48,-6.92,-2.39,3.75,5.91,5.73,34.78,32.66,30.97,29.9,1.55,0.32,1.18,-0.14,0.83,-2.41,-1.69,-1.18,1.38,0.0
2016-07-14,002370,34.5,35.04,35.43,34.5,12989,45579780.0,2.67,0.43,0.15,0.64,-12.23,-13.22,-11.45,-5.94,-6.38,-1.83,4.35,6.52,6.35,5.77,35.2,33.22,31.27,30.15,-0.11,0.74,-0.57,0.4,-2.83,-2.11,-1.6,0.94,-0.43,-3.82
2016-07-15,002370,34.61,34.71,35.0,34.1,10672,36861847.0,2.57,-0.94,-0.33,0.52,-12.2,-10.41,-4.84,-5.28,-0.67,5.57,7.77,7.6,7.01,3.9,35.15,33.74,31.56,30.38,1.7,0.37,1.35,-1.9,-1.18,-0.66,1.9,0.52,-2.91,-3.98
2016-07-18,002370,35.3,34.0,35.3,33.21,24143,81821680.0,6.02,-2.05,-0.71,1.19,-8.01,-2.29,-2.74,1.99,8.4,10.66,10.48,9.88,6.68,5.39,34.95,34.14,31.8,30.59,2.47,3.47,0.15,0.88,1.41,4.03,2.62,-0.88,-1.97,-2.53
2016-07-19,002370,34.04,34.5,34.84,33.53,19594,67483260.0,3.85,1.47,0.5,0.96,-3.22,-3.67,1.01,7.37,9.6,9.42,8.83,5.67,4.38,5.28,34.63,34.41,32.08,30.79,1.97,-1.3,-0.58,-0.06,2.52,1.13,-2.32,-3.39,-3.94,-2.35
2016-07-20,002370,35.18,33.68,35.18,33.25,22395,76264595.0,5.59,-2.38,-0.82,1.1,-2.86,1.86,8.27,10.53,10.35,9.74,6.56,5.26,6.17,4.78,34.39,34.58,32.31,30.97,1.1,1.84,2.38,5.02,3.59,0.06,-1.04,-1.6,0.03,-2.08
2016-07-21,002370,33.5,33.69,34.05,33.33,22659,76246591.0,2.14,0.03,0.01,1.11,1.62,8.01,10.26,10.08,9.48,6.3,5.01,5.91,4.53,5.55,34.12,34.66,32.52,31.16,1.81,2.34,4.99,3.56,0.03,-1.07,-1.63,0.0,-2.11,-1.45
2016-07-22,002370,33.69,33.16,34.3,33.16,13059,43867710.0,3.38,-1.57,-0.53,0.64,8.56,10.83,10.65,10.04,6.85,5.55,6.45,5.07,6.09,2.68,33.81,34.48,32.73,31.33,3.98,6.66,5.22,1.63,0.51,-0.06,1.6,-0.54,0.12,-0.63
2016-07-25,002370,33.02,33.39,34.48,33.02,18134,61493365.0,4.4,0.69,0.23,0.89,11.3,11.11,10.51,7.3,6.0,6.9,5.51,6.54,3.12,3.88,33.68,34.31,32.94,31.54,5.93,4.49,0.93,-0.18,-0.75,0.9,-1.23,-0.57,-1.32,-3.56
2016-07-26,002370,33.39,34.66,35.37,33.22,19738,68443316.0,6.44,3.8,1.27,0.97,10.45,9.84,6.65,5.36,6.26,4.88,5.9,2.5,3.25,3.79,33.72,34.17,33.17,31.81,0.66,-2.77,-3.84,-4.39,-2.8,-4.85,-4.21,-4.93,-7.1,-6.95
2016-07-27,002370,34.75,33.46,34.89,33.06,16932,57029619.0,5.28,-3.46,-1.2,0.83,10.38,7.17,5.87,6.78,5.38,6.41,2.99,3.75,4.3,6.99,33.67,34.03,33.35,31.99,0.72,-0.39,-0.96,0.69,-1.43,-0.78,-1.52,-3.77,-3.62,-1.4
2016-07-28,002370,33.39,32.77,33.7,32.51,16576,55160128.0,3.56,-2.06,-0.69,0.81,8.98,7.66,8.58,7.17,8.21,4.74,5.51,6.06,8.8,7.32,33.49,33.8,33.51,32.12,1.71,1.13,2.81,0.64,1.31,0.55,-1.74,-1.59,0.67,-1.53
2016-07-29,002370,32.69,32.9,33.33,32.47,6197,20347274.0,2.62,0.4,0.13,0.3,7.79,8.72,7.3,8.35,4.87,5.64,6.19,8.93,7.45,3.79,33.44,33.62,33.68,32.25,0.73,2.4,0.24,0.91,0.15,-2.13,-1.98,0.27,-1.91,-5.08
2016-08-01,002370,33.12,32.88,33.14,32.35,7964,25988517.0,2.4,-0.06,-0.02,0.39,9.12,7.7,8.75,5.26,6.03,6.58,9.34,7.85,4.17,3.03,33.33,33.51,33.82,32.37,2.46,0.3,0.97,0.21,-2.07,-1.92,0.33,-1.86,-5.02,-2.86
2016-08-02,002370,33.08,32.9,33.69,32.55,7096,23330274.0,3.47,0.06,0.02,0.35,7.04,8.08,4.61,5.38,5.93,8.66,7.19,3.53,2.4,1.81,32.98,33.35,33.88,32.5,0.24,0.91,0.15,-2.13,-1.98,0.27,-1.91,-5.08,-2.92,-2.13
2016-08-03,002370,32.9,32.9,32.98,32.36,6159,20126191.0,1.88,0.0,0.0,0.3,8.71,5.22,6.0,6.55,9.3,7.82,4.14,3.0,2.41,4.11,32.87,33.27,33.93,32.63,0.91,0.15,-2.13,-1.98,0.27,-1.91,-5.08,-2.92,-2.13,-1.82
2016-08-04,002370,32.83,32.79,33.2,32.43,10750,35316485.0,2.34,-0.33,-0.11,0.53,5.0,5.77,6.32,9.07,7.59,3.92,2.78,2.19,3.89,1.7,32.87,33.18,33.92,32.74,0.49,-1.8,-1.65,0.61,-1.59,-4.76,-2.59,-1.8,-1.49,-2.87
2016-08-05,002370,32.7,31.28,32.95,31.07,22846,72704499.0,5.73,-4.61,-1.51,1.12,10.4,10.98,13.84,12.29,8.46,7.27,6.66,8.43,6.15,6.86,32.55,32.99,33.73,32.82,2.94,3.1,5.47,3.16,-0.16,2.11,2.94,3.26,1.82,0.93
2016-08-08,002370,31.34,32.09,32.2,30.65,18480,57847630.0,4.96,2.59,0.81,0.91,12.5,15.4,13.83,9.95,8.74,8.12,9.92,7.6,8.32,7.5,32.39,32.86,33.59,32.92,0.5,2.8,0.56,-2.68,-0.47,0.34,0.65,-0.75,-1.62,5.86
2016-08-09,002370,31.99,31.8,32.25,31.6,11168,35592181.0,2.03,-0.9,-0.29,0.55,11.93,10.41,6.65,5.47,4.87,6.61,4.37,5.06,4.27,1.9,32.17,32.58,33.37,32.97,3.74,1.48,-1.79,0.44,1.26,1.57,0.16,-0.72,6.82,4.5
2016-08-10,002370,31.91,31.89,32.99,31.8,24160,78070806.0,3.74,0.28,0.09,1.19,9.72,5.97,4.81,4.21,5.94,3.71,4.4,3.62,1.26,1.42,31.97,32.42,33.22,33.04,1.19,-2.07,0.16,0.97,1.29,-0.13,-1.0,6.52,4.2,6.24
2016-08-11,002370,32.0,30.94,32.27,30.92,8582,26963260.0,4.23,-2.98,-0.95,0.42,8.99,7.79,7.18,8.96,6.66,7.37,6.57,4.14,4.3,6.69,31.6,32.24,33.02,33.09,0.94,3.23,4.07,4.4,2.94,2.04,9.79,7.4,9.5,7.5
2016-08-12,002370,31.0,30.53,31.23,30.0,17080,52116857.0,3.98,-1.33,-0.41,0.84,11.1,10.47,12.3,9.93,10.67,9.83,7.33,7.5,9.97,7.57,31.45,32.0,32.81,33.12,4.62,5.47,5.8,4.32,3.41,11.27,8.84,10.97,8.94,10.25
2016-08-15,002370,30.52,31.16,31.94,30.3,19092,59480775.0,5.37,2.06,0.63,0.94,9.37,11.19,8.84,9.57,8.75,6.27,6.44,8.88,6.5,3.07,31.26,31.83,32.67,33.16,3.34,3.66,2.21,1.32,9.02,6.64,8.73,6.74,8.02,10.94
2016-08-16,002370,31.22,31.92,32.2,31.19,15205,48234646.0,3.24,2.44,0.76,0.75,8.02,5.74,6.44,5.64,3.24,3.4,5.77,3.46,0.13,2.4,31.29,31.73,32.54,33.16,1.19,-0.22,-1.1,6.42,4.1,6.14,4.2,5.45,8.3,15.29
2016-08-17,002370,31.97,31.62,32.3,31.46,14727,46748464.0,2.63,-0.94,-0.3,0.72,4.83,5.53,4.74,2.35,2.51,4.86,2.57,-0.73,1.53,2.35,31.23,31.6,32.44,33.15,0.73,-0.16,7.43,5.09,7.15,5.19,6.45,9.33,16.38,14.48
2016-08-18,002370,31.62,30.98,31.85,30.88,18003,56161759.0,3.07,-2.02,-0.64,0.88,7.51,6.7,4.27,4.44,6.83,4.5,1.13,3.43,4.27,4.6,31.24,31.42,32.3,33.09,1.9,9.65,7.26,9.36,7.36,8.65,11.59,18.79,16.85,15.01
2016-08-19,002370,30.98,31.52,31.57,30.65,16325,50610108.0,2.97,1.74,0.54,0.8,7.5,5.06,5.22,7.63,5.29,1.89,4.21,5.06,5.38,3.92,31.44,31.44,32.22,32.97,7.77,5.43,7.49,5.52,6.79,9.68,16.75,14.85,13.04,16.12
2016-08-22,002370,31.71,33.41,33.97,31.6,42297,138648971.0,7.52,6.0,1.89,2.08,1.9,2.06,4.4,2.12,-1.17,1.08,1.9,2.22,0.79,-0.09,31.89,31.58,32.22,32.92,-0.54,1.41,-0.45,0.75,3.47,10.15,8.35,6.64,9.55,5.0
2016-08-23,002370,33.16,32.7,33.23,32.33,23034,75380842.0,2.69,-2.13,-0.71,1.13,-0.25,2.04,-0.19,-3.4,-1.21,-0.4,-0.09,-1.48,-2.35,5.07,32.05,31.67,32.12,32.81,3.61,1.71,2.94,5.72,12.54,10.7,8.96,11.93,7.28,9.39
2016-08-24,002370,32.45,32.79,33.88,32.01,28015,92179535.0,5.72,0.28,0.09,1.38,3.06,0.81,-2.44,-0.22,0.59,0.91,-0.5,-1.37,6.12,3.81,32.28,31.76,32.09,32.74,1.43,2.65,5.43,12.23,10.4,8.66,11.62,6.98,9.09,11.92
2016-08-25,002370,32.6,32.6,33.26,32.28,22448,73070786.0,2.99,-0.58,-0.19,1.1,-0.03,-3.25,-1.05,-0.25,0.06,-1.33,-2.2,5.24,2.94,4.96,32.6,31.92,32.08,32.65,3.25,6.04,12.88,11.04,9.29,12.27,7.61,9.72,12.58,12.3
2016-08-26,002370,32.88,32.47,33.66,32.41,23692,78087662.0,3.83,-0.4,-0.13,1.16,-3.64,-1.45,-0.65,-0.34,-1.73,-2.59,4.81,2.53,4.54,2.62,32.79,32.12,32.06,32.58,6.47,13.34,11.49,9.73,12.72,8.04,10.16,13.03,12.75,15.92
2016-08-29,002370,32.25,34.55,34.57,32.25,56280,190325737.0,7.15,6.41,2.08,2.76,-0.96,-0.16,0.16,-1.24,-2.11,5.33,3.04,5.05,3.13,4.37,33.02,32.46,32.14,32.6,6.51,4.78,3.13,5.93,1.53,3.53,6.22,5.96,8.94,4.14
2016-08-30,002370,34.31,36.35,36.8,34.21,69867,249858585.0,7.5,5.21,1.8,3.43,-5.88,-5.58,-6.9,-7.72,-0.7,-2.86,-0.96,-2.78,-1.61,1.05,33.75,32.9,32.31,32.66,-0.41,-1.98,0.69,-3.49,-1.6,0.96,0.72,3.55,-1.02,-0.22
2016-08-31,002370,36.1,35.34,36.2,35.0,41437,146634928.0,3.3,-2.78,-1.01,2.04,-7.71,-9.0,-9.8,-2.94,-5.06,-3.2,-4.97,-3.83,-1.23,5.14,34.26,33.27,32.44,32.71,0.82,3.57,-0.74,1.22,3.85,3.59,6.51,1.81,2.63,0.74
2016-09-01,002370,35.3,35.45,35.63,34.91,17841,62892130.0,2.04,0.31,0.11,0.88,-8.77,-9.57,-2.69,-4.81,-2.95,-4.73,-3.58,-0.97,5.41,3.7,34.83,33.72,32.57,32.77,3.24,-1.04,0.9,3.53,3.27,6.18,1.5,2.31,0.42,-2.12
2016-09-02,002370,35.5,34.48,36.6,34.2,34910,123378466.0,6.77,-2.74,-0.97,1.71,-7.69,-0.67,-2.84,-0.94,-2.75,-1.58,1.08,7.6,5.85,4.18,35.23,34.01,32.73,32.82,1.74,3.74,6.44,6.18,9.16,4.35,5.19,3.25,0.64,-0.03
2016-09-05,002370,34.76,33.69,35.08,33.6,25160,85816145.0,4.29,-2.29,-0.79,1.24,1.1,-1.1,0.83,-1.01,0.18,2.89,9.52,7.74,6.04,8.93,35.06,34.04,32.81,32.83,6.17,8.93,8.67,11.72,6.8,7.66,5.67,3.0,2.32,0.62
2016-09-06,002370,33.67,35.3,35.77,33.33,29550,102318210.0,7.24,4.78,1.61,1.45,-0.3,1.65,-0.21,0.99,3.72,10.41,8.61,6.9,9.81,5.25,34.85,34.3,32.98,32.85,3.97,3.71,6.63,1.93,2.75,0.85,-1.7,-2.35,-3.97,-5.72
2016-09-07,002370,35.35,35.18,36.7,35.05,26749,95920707.0,4.67,-0.34,-0.12,1.31,-3.34,-5.11,-3.97,-1.37,4.99,3.28,1.65,4.42,0.09,2.05,34.82,34.54,33.15,32.91,4.06,6.99,2.27,3.1,1.19,-1.36,-2.02,-3.64,-5.4,-4.78
2016-09-08,002370,35.48,36.61,36.61,34.7,25063,89761159.0,5.43,4.06,1.43,1.23,-4.15,-3.0,-0.37,6.05,4.32,2.68,5.48,1.1,3.08,5.76,35.05,34.94,33.43,33.03,2.81,-1.72,-0.93,-2.76,-5.22,-5.85,-7.4,-9.1,-8.49,-8.36
2016-09-09,002370,37.5,35.5,37.64,35.31,19900,71827002.0,6.36,-3.03,-1.11,0.98,-4.67,-2.1,4.22,2.52,0.91,3.65,-0.65,1.3,3.94,3.68,35.26,35.24,33.68,33.12,1.35,2.17,0.28,-2.25,-2.9,-4.51,-6.25,-5.63,-5.49,-6.2
2016-09-12,002370,35.0,35.89,35.98,34.05,16378,57520147.0,5.44,1.1,0.39,0.8,1.53,8.08,6.31,4.64,7.49,3.02,5.05,7.78,7.52,10.54,35.7,35.38,33.92,33.22,1.06,-0.81,-3.32,-3.96,-5.54,-7.27,-6.66,-6.52,-7.22,-7.77
2016-09-13,002370,35.89,35.41,36.27,35.1,12131,43329859.0,3.26,-1.34,-0.48,0.6,4.84,3.13,1.51,4.27,-0.06,1.91,4.56,4.3,7.24,2.51,35.72,35.28,34.09,33.3,0.54,-2.01,-2.65,-4.26,-6.02,-5.39,-5.25,-5.96,-6.52,-8.25
2016-09-14,002370,34.76,33.99,35.6,33.65,22794,78095896.0,5.51,-4.01,-1.42,1.12,7.58,5.88,8.77,4.25,6.3,9.06,8.8,11.86,6.92,7.79,35.48,35.15,34.21,33.34,2.09,1.41,-0.26,-2.09,-1.44,-1.29,-2.03,-2.62,-4.41,-5.12
2016-09-19,002370,33.98,33.94,34.7,33.54,18267,62032439.0,3.41,-0.15,-0.05,0.9,6.23,9.12,4.59,6.65,9.42,9.15,12.22,7.27,8.14,6.14,34.95,35.0,34.36,33.38,1.56,-0.12,-1.94,-1.3,-1.15,-1.89,-2.47,-4.27,-4.98,-1.97
2016-09-20,002370,34.47,32.9,34.47,32.89,20238,67351862.0,4.66,-3.06,-1.04,0.99,11.28,6.66,8.76,11.58,11.31,14.44,9.39,10.28,8.24,5.5,34.43,34.84,34.43,33.43,3.04,1.16,1.82,1.98,1.22,0.61,-1.25,-1.98,1.12,0.91
2016-09-21,002370,33.0,32.97,33.9,32.21,12542,41046985.0,5.14,0.21,0.07,0.62,8.91,11.05,13.94,13.66,16.86,11.7,12.6,10.52,7.73,7.02,33.84,34.77,34.41,33.46,0.94,1.61,1.76,1.0,0.39,-1.46,-2.18,0.91,0.7,-0.24
2016-09-22,002370,33.05,32.97,33.28,32.7,16176,53403219.0,1.76,0.0,0.0,0.79,9.39,12.23,11.96,15.11,10.03,10.92,8.87,6.12,5.41,3.67,33.35,34.54,34.42,33.5,1.61,1.76,1.0,0.39,-1.46,-2.18,0.91,0.7,-0.24,-0.12
2016-09-23,002370,33.2,33.41,33.5,32.94,10209,33986514.0,1.7,1.33,0.44,0.5,11.41,11.14,14.27,9.23,10.11,8.08,5.34,4.64,2.91,1.03,33.24,34.36,34.45,33.55,0.42,-0.33,-0.93,-2.75,-3.47,-0.42,-0.63,-1.56,-1.44,-1.92
2016-09-26,002370,33.43,32.36,33.55,32.0,13839,45073663.0,4.64,-3.14,-1.05,0.68,14.41,17.62,12.44,13.34,11.25,8.44,7.72,5.94,4.0,4.69,32.92,33.93,34.44,33.6,2.9,2.29,0.4,-0.34,2.81,2.6,1.64,1.76,1.27,0.43
2016-09-27,002370,31.9,32.9,33.3,31.14,19358,61947987.0,6.67,1.67,0.54,0.95,20.87,15.54,16.47,14.32,11.43,10.69,8.86,6.87,7.58,7.74,32.92,33.67,34.46,33.68,0.61,-1.25,-1.98,1.12,0.91,-0.03,0.09,-0.4,-1.22,-0.73
2016-09-28,002370,32.9,32.28,33.1,32.15,10893,35294809.0,2.89,-1.88,-0.62,0.53,11.91,12.81,10.73,7.93,7.22,5.44,3.51,4.2,4.35,3.58,32.78,33.31,34.35,33.72,0.65,-0.09,3.07,2.85,1.89,2.01,1.52,0.68,1.18,1.61
2016-09-29,002370,32.49,31.82,32.49,31.73,10470,33548613.0,2.35,-1.43,-0.46,0.51,14.31,12.2,9.36,8.64,6.84,4.88,5.58,5.74,4.95,4.32,32.55,32.95,34.12,33.71,1.35,4.56,4.34,3.36,3.49,2.99,2.14,2.64,3.08,1.32
2016-09-30,002370,31.98,31.81,32.25,31.53,7164,22783041.0,2.26,-0.03,-0.01,0.35,12.91,10.05,9.32,7.52,5.55,6.25,6.41,5.61,4.98,3.04,32.23,32.74,33.94,33.72,4.59,4.37,3.4,3.52,3.02,2.17,2.67,3.11,1.35,2.58
2016-10-10,002370,32.08,32.98,33.27,31.84,16551,53964811.0,4.5,3.68,1.17,0.81,8.98,8.26,6.47,4.52,5.21,5.37,4.59,3.96,2.04,1.29,32.36,32.64,33.82,33.79,0.67,-0.27,-0.15,-0.64,-1.46,-0.97,-0.55,-2.24,-1.06,1.55
2016-10-11,002370,32.98,32.82,33.2,32.8,11786,38873895.0,1.21,-0.49,-0.16,0.58,5.09,3.35,1.46,2.13,2.29,1.52,0.91,-0.95,-1.68,1.43,32.34,32.63,33.74,33.83,0.21,0.34,-0.15,-0.98,-0.49,-0.06,-1.77,-0.58,2.04,3.47
2016-10-12,002370,32.82,32.6,32.89,32.41,9285,30328712.0,1.46,-0.67,-0.22,0.46,4.6,2.68,3.36,3.52,2.75,2.13,0.25,-0.49,2.65,2.44,32.41,32.59,33.68,33.8,1.01,0.52,-0.31,0.18,0.61,-1.1,0.09,2.73,4.17,5.06
2016-10-13,002370,32.55,32.55,32.93,32.36,9714,31613752.0,1.75,-0.15,-0.05,0.48,2.84,3.52,3.68,2.9,2.29,0.4,-0.34,2.81,2.6,1.64,32.55,32.55,33.54,33.8,0.68,-0.15,0.34,0.77,-0.95,0.25,2.89,4.33,5.22,4.15
2016-10-14,002370,32.36,32.21,32.77,32.1,9502,30644143.0,2.06,-1.04,-0.34,0.47,4.36,4.52,3.74,3.12,1.21,0.47,3.64,3.43,2.46,2.59,32.63,32.43,33.4,33.78,0.9,1.4,1.83,0.09,1.3,3.97,5.43,6.33,5.25,3.1
2016-10-17,002370,32.02,31.93,32.5,31.55,14202,45525477.0,2.95,-0.87,-0.28,0.7,6.34,5.55,4.91,2.98,2.22,5.45,5.23,4.25,4.37,3.87,32.42,32.39,33.16,33.76,2.29,2.72,0.97,2.19,4.89,6.36,7.27,6.17,4.01,3.98
2016-10-18,002370,31.74,32.54,32.66,31.74,20542,66304563.0,2.88,1.91,0.61,1.01,4.91,4.28,2.36,1.61,4.82,4.6,3.62,3.75,3.25,2.39,32.37,32.35,33.01,33.76,0.8,-0.92,0.28,2.92,4.36,5.26,4.18,2.06,2.03,2.46
2016-10-19,002370,32.75,31.96,32.8,31.58,26231,84129646.0,3.75,-1.78,-0.58,1.29,4.81,2.88,2.12,5.35,5.13,4.15,4.27,3.77,2.91,3.42,32.24,32.32,32.82,33.67,0.88,2.1,4.79,6.26,7.17,6.07,3.91,3.88,4.32,4.19
2016-10-20,002370,31.9,32.15,32.24,31.66,13524,43273733.0,1.81,0.59,0.19,0.66,2.62,1.86,5.09,4.86,3.89,4.01,3.51,2.65,3.16,3.6,32.16,32.35,32.65,33.53,1.49,4.17,5.63,6.53,5.44,3.3,3.27,3.7,3.58,2.95
2016-10-21,002370,32.05,32.51,32.63,32.02,13294,43054557.0,1.9,1.12,0.36,0.65,0.72,3.9,3.69,2.72,2.84,2.34,1.5,2.0,2.44,0.69,32.22,32.42,32.58,33.44,3.01,4.46,5.35,4.28,2.15,2.12,2.55,2.43,1.81,4.58
2016-10-24,002370,32.59,33.19,33.49,32.55,23161,76669032.0,2.89,2.09,0.68,1.14,2.21,2.0,1.04,1.17,0.68,-0.15,0.34,0.77,-0.95,0.25,32.47,32.45,32.54,33.36,2.32,3.19,2.14,0.06,0.03,0.45,0.33,-0.27,2.44,1.36
2016-10-25,002370,33.2,33.28,33.96,32.9,19633,65478135.0,3.19,0.27,0.09,0.96,0.91,-0.03,0.09,-0.4,-1.22,-0.73,-0.3,-2.01,-0.82,1.79,32.62,32.49,32.56,33.32,2.91,1.86,-0.21,-0.24,0.18,0.06,-0.54,2.16,1.08,-1.41
2016-10-26,002370,33.09,33.89,34.25,33.09,20664,69927498.0,3.49,1.83,0.61,1.01,-0.6,-0.48,-0.97,-1.78,-1.3,-0.88,-2.57,-1.39,1.21,2.63,33.0,32.62,32.61,33.33,0.03,-2.01,-2.04,-1.62,-1.74,-2.33,0.32,-0.74,-3.19,-3.07
2016-10-27,002370,33.9,32.94,33.9,32.66,19834,65568128.0,3.66,-2.8,-0.95,0.97,0.83,0.34,-0.49,0.0,0.43,-1.29,-0.09,2.54,3.98,4.87,33.16,32.66,32.61,33.25,0.82,0.79,1.21,1.09,0.49,3.22,2.13,-0.39,-0.27,-0.91
2016-10-28,002370,32.61,32.65,33.21,32.38,13852,45339357.0,2.52,-0.88,-0.29,0.68,1.2,0.37,0.86,1.3,-0.43,0.77,3.43,4.88,5.78,4.69,33.19,32.7,32.57,33.17,1.68,2.11,1.99,1.38,4.13,3.03,0.49,0.61,-0.03,-0.31
2016-10-31,002370,32.6,33.08,33.2,31.9,9532,31139742.0,3.98,1.32,0.43,0.47,1.88,2.38,2.82,1.07,2.29,4.98,6.46,7.37,6.27,4.11,33.17,32.82,32.6,33.05,0.79,0.67,0.06,2.78,1.69,-0.82,-0.7,-1.33,-1.6,-1.3
2016-11-01,002370,32.98,32.69,33.34,32.4,11986,39232378.0,2.84,-1.18,-0.39,0.59,0.8,1.23,-0.49,0.71,3.36,4.81,5.71,4.63,2.5,2.47,33.05,32.83,32.59,32.95,1.87,1.25,4.01,2.91,0.37,0.49,-0.15,-0.43,-0.12,-0.98
2016-11-02,002370,32.69,32.66,33.3,32.41,9367,30719446.0,2.72,-0.09,-0.03,0.46,1.2,-0.52,0.68,3.33,4.78,5.68,4.6,2.47,2.44,2.87,32.8,32.9,32.61,32.85,1.35,4.1,3.0,0.46,0.58,-0.06,-0.34,-0.03,-0.89,-0.64
2016-11-03,002370,32.67,32.72,33.1,32.4,9417,30948721.0,2.14,0.18,0.06,0.46,-0.49,0.71,3.36,4.81,5.71,4.63,2.5,2.47,2.9,2.78,32.76,32.96,32.66,32.76,3.91,2.81,0.28,0.4,-0.24,-0.52,-0.21,-1.07,-0.83,0.83
2016-11-04,002370,32.72,33.39,34.0,32.61,15888,53005224.0,4.25,2.05,0.67,0.78,0.06,2.7,4.14,5.03,3.96,1.84,1.81,2.24,2.12,1.5,32.91,33.05,32.74,32.74,0.75,-1.74,-1.62,-2.25,-2.52,-2.22,-3.05,-2.82,-1.2,0.21
2016-11-07,002370,33.46,32.56,33.64,32.5,14711,48159595.0,3.41,-2.49,-0.83,0.72,3.05,4.49,5.38,4.31,2.18,2.15,2.58,2.46,1.85,4.62,32.8,32.99,32.72,32.69,0.77,0.89,0.25,-0.03,0.28,-0.58,-0.34,1.32,2.76,2.43
2016-11-08,002370,32.63,32.59,32.81,32.32,9940,32278667.0,1.5,0.09,0.03,0.49,5.07,5.97,4.89,2.75,2.72,3.16,3.03,2.41,5.2,4.08,32.78,32.92,32.7,32.68,0.8,0.15,-0.12,0.18,-0.68,-0.43,1.23,2.67,2.33,1.2
2016-11-09,002370,32.68,32.38,32.85,31.75,10640,34144034.0,3.38,-0.64,-0.21,0.52,7.87,6.77,4.6,4.57,5.01,4.88,4.25,7.09,5.95,3.34,32.73,32.77,32.69,32.66,0.8,0.53,0.83,-0.03,0.22,1.88,3.34,3.0,1.85,1.88
2016-11-10,002370,32.49,32.4,32.64,32.28,8959,29053458.0,1.11,0.06,0.02,0.44,5.02,2.88,2.85,3.28,3.16,2.54,5.33,4.21,1.64,1.77,32.66,32.71,32.69,32.64,0.46,0.77,-0.09,0.15,1.82,3.27,2.93,1.79,1.82,-0.8
2016-11-11,002370,32.32,32.34,32.55,31.9,8215,26376535.0,2.01,-0.19,-0.06,0.4,4.11,4.08,4.51,4.39,3.76,6.58,5.45,2.85,2.98,2.32,32.45,32.68,32.69,32.61,0.96,0.09,0.34,2.01,3.46,3.12,1.98,2.01,-0.62,-1.55
2016-11-14,002370,32.3,32.21,32.65,32.01,15846,51000849.0,1.98,-0.4,-0.13,0.78,3.72,4.15,4.03,3.41,6.22,5.09,2.5,2.62,1.97,1.69,32.38,32.59,32.71,32.6,0.5,0.75,2.42,3.88,3.54,2.39,2.42,-0.22,-1.15,-1.02
2016-11-15,002370,32.08,32.16,32.37,31.9,9038,28967021.0,1.46,-0.16,-0.05,0.44,4.51,4.39,3.76,6.58,5.45,2.85,2.98,2.32,2.04,2.35,32.3,32.54,32.69,32.58,0.9,2.58,4.04,3.7,2.55,2.58,-0.06,-1.0,-0.87,-1.71
2016-11-16,002370,32.3,32.3,32.45,32.05,9938,32096190.0,1.24,0.44,0.14,0.49,3.9,3.28,6.08,4.96,2.37,2.5,1.84,1.56,1.87,1.0,32.28,32.5,32.7,32.58,2.14,3.59,3.25,2.11,2.14,-0.5,-1.42,-1.3,-2.14,-5.7
2016-11-17,002370,32.27,32.99,32.99,32.21,17099,55856572.0,2.41,2.14,0.69,0.84,2.76,5.56,4.44,1.86,1.99,1.33,1.06,1.37,0.5,0.75,32.4,32.53,32.75,32.62,1.42,1.09,-0.03,0.0,-2.58,-3.49,-3.36,-4.18,-7.67,-5.67
2016-11-18,002370,32.99,33.05,33.46,32.79,19106,63207008.0,2.03,0.18,0.06,0.94,3.69,2.59,0.06,0.18,-0.46,-0.73,-0.43,-1.28,-1.04,0.61,32.54,32.5,32.77,32.66,0.91,-0.21,-0.18,-2.75,-3.66,-3.54,-4.36,-7.84,-5.84,-0.09
2016-11-21,002370,33.05,32.9,33.35,32.71,12150,39975609.0,1.94,-0.45,-0.15,0.6,2.84,0.31,0.43,-0.21,-0.49,-0.18,-1.04,-0.79,0.86,2.29,32.68,32.53,32.76,32.65,0.24,0.27,-2.31,-3.22,-3.1,-3.92,-7.42,-5.41,0.36,-0.06
2016-11-22,002370,32.8,32.72,32.98,32.56,9702,31736161.0,1.28,-0.55,-0.18,0.48,0.77,0.89,0.25,-0.03,0.28,-0.58,-0.34,1.32,2.76,2.43,32.79,32.54,32.73,32.65,0.83,-1.77,-2.69,-2.57,-3.39,-6.91,-4.89,0.92,0.49,-0.73
2016-11-23,002370,32.73,31.99,32.99,31.93,17907,57929068.0,3.24,-2.23,-0.73,0.88,2.88,2.22,1.94,2.25,1.38,1.63,3.32,4.79,4.45,3.29,32.73,32.51,32.64,32.63,0.47,-0.47,-0.34,-1.19,-4.78,-2.72,3.22,2.78,1.53,-0.06
2016-11-24,002370,32.0,31.56,32.14,31.54,12608,39968916.0,1.88,-1.34,-0.43,0.62,3.49,3.2,3.52,2.63,2.89,4.6,6.09,5.74,4.57,4.6,32.44,32.42,32.57,32.6,0.89,1.01,0.16,-3.49,-1.39,4.63,4.18,2.92,1.3,1.65
2016-11-25,002370,31.53,31.8,31.84,31.01,15081,47421109.0,2.63,0.76,0.24,0.74,4.97,5.29,4.39,4.64,6.39,7.9,7.55,6.35,6.39,3.64,32.19,32.37,32.52,32.58,0.25,-0.6,-4.21,-2.14,3.84,3.4,2.14,0.53,0.88,0.03
2016-11-28,002370,31.85,31.67,31.88,31.35,10796,34140259.0,1.67,-0.41,-0.13,0.53,4.15,3.25,3.51,5.23,6.73,6.38,5.2,5.23,2.52,1.56,31.95,32.31,32.45,32.58,-0.19,-3.82,-1.74,4.26,3.82,2.56,0.95,1.29,0.44,-0.28
2016-11-29,002370,31.61,30.36,31.61,30.35,24367,75178897.0,3.98,-4.14,-1.31,1.2,6.66,6.92,8.7,10.25,9.88,8.67,8.7,5.9,4.91,5.04,31.48,32.13,32.34,32.5,0.33,2.5,8.76,8.3,6.98,5.3,5.67,4.78,4.02,0.07
2016-11-30,002370,30.46,30.36,30.46,29.46,26301,78555364.0,3.29,0.0,0.0,1.29,10.15,11.98,13.58,13.2,11.95,11.98,9.1,8.08,8.21,7.3,31.15,31.94,32.22,32.45,2.5,8.76,8.3,6.98,5.3,5.67,4.78,4.02,0.07,-0.2
2016-12-01,002370,30.32,30.63,31.12,30.01,24961,76939728.0,3.66,0.89,0.27,1.23,9.93,11.5,11.13,9.9,9.93,7.1,6.1,6.23,5.33,1.5,30.96,31.7,32.12,32.4,7.8,7.35,6.04,4.37,4.73,3.85,3.1,-0.82,-1.08,1.21
2016-12-02,002370,30.73,31.9,33.02,30.3,30681,97748783.0,8.88,4.15,1.27,1.51,10.43,10.07,8.84,8.88,6.07,5.08,5.21,4.32,0.53,2.71,30.98,31.59,32.04,32.38,3.07,1.82,0.22,0.56,-0.28,-1.0,-4.76,-5.02,-2.82,-2.73
2016-12-05,002370,31.52,32.0,32.88,31.51,23819,77014053.0,4.29,0.31,0.1,1.17,5.84,4.67,4.7,2.0,1.05,1.17,0.32,-3.33,-1.24,4.79,31.05,31.5,32.02,32.34,1.5,-0.09,0.25,-0.59,-1.31,-5.06,-5.31,-3.12,-3.03,-3.75
2016-12-06,002370,31.92,31.86,32.48,31.42,18146,57650600.0,3.31,-0.44,-0.14,0.89,4.96,5.0,2.29,1.34,1.46,0.6,-3.06,-0.95,5.09,4.65,31.35,31.41,31.98,32.29,0.35,0.69,-0.16,-0.88,-4.65,-4.9,-2.7,-2.61,-3.33,-4.02
2016-12-07,002370,31.19,31.85,31.97,31.19,6202,19614746.0,2.45,-0.03,-0.01,0.3,5.77,3.05,2.08,2.21,1.35,-2.34,-0.22,5.87,5.42,4.14,31.65,31.4,31.95,32.22,0.72,-0.13,-0.85,-4.62,-4.87,-2.67,-2.57,-3.3,-3.99,-3.45
2016-12-08,002370,31.93,31.6,32.08,31.5,7313,23209304.0,1.82,-0.78,-0.25,0.36,2.03,1.08,1.21,0.35,-3.3,-1.21,4.83,4.38,3.11,1.49,31.84,31.4,31.91,32.18,0.66,-0.06,-3.86,-4.11,-1.9,-1.8,-2.53,-3.23,-2.69,-3.16
2016-12-09,002370,31.62,31.18,31.81,30.9,9324,29147577.0,2.88,-1.33,-0.42,0.46,3.04,3.17,2.3,-1.42,0.71,6.86,6.41,5.11,3.46,3.82,31.7,31.34,31.85,32.13,1.28,-2.57,-2.82,-0.58,-0.48,-1.22,-1.92,-1.38,-1.86,-1.6
2016-12-12,002370,31.18,30.32,31.58,29.7,13738,41957202.0,6.03,-2.76,-0.86,0.67,7.34,6.43,2.56,4.78,11.18,10.71,9.36,7.64,8.01,7.1,31.36,31.21,31.76,32.04,0.2,-0.07,2.24,2.34,1.58,0.86,1.42,0.92,1.19,1.52
2016-12-13,002370,29.61,30.1,30.38,29.61,5559,16699652.0,2.54,-0.73,-0.22,0.27,6.75,2.87,5.1,11.52,11.04,9.69,7.97,8.34,7.43,6.65,31.01,31.18,31.66,31.95,0.66,2.99,3.09,2.33,1.59,2.16,1.66,1.93,2.26,1.13
2016-12-14,002370,30.15,30.2,30.3,29.72,5773,17315173.0,1.93,0.33,0.1,0.28,2.49,4.71,11.1,10.63,9.29,7.57,7.94,7.03,6.26,2.22,30.68,31.16,31.55,31.87,2.65,2.75,1.99,1.26,1.82,1.32,1.59,1.92,0.79,-0.4
2016-12-15,002370,30.2,30.68,31.0,30.08,7301,22325619.0,3.05,1.59,0.48,0.36,3.46,9.77,9.31,7.98,6.28,6.65,5.75,4.99,1.0,0.73,30.5,31.17,31.44,31.8,1.14,0.39,-0.33,0.23,-0.26,0.0,0.33,-0.78,-1.96,-2.44
2016-12-16,002370,31.0,30.26,31.03,30.0,10198,31049150.0,3.36,-1.37,-0.42,0.5,10.07,9.6,8.27,6.57,6.93,6.03,5.27,1.27,1.0,3.33,30.31,31.0,31.3,31.7,1.78,1.06,1.62,1.12,1.39,1.72,0.59,-0.59,-1.09,-1.45
2016-12-19,002370,30.25,30.58,30.8,30.1,5145,15680899.0,2.31,1.06,0.32,0.25,9.24,7.91,6.21,6.58,5.68,4.92,0.93,0.66,2.99,3.09,30.36,30.86,31.18,31.63,0.0,0.56,0.07,0.33,0.65,-0.46,-1.64,-2.13,-2.49,-3.53
2016-12-20,002370,30.58,30.38,30.58,30.13,4171,12632280.0,1.47,-0.65,-0.2,0.2,7.8,6.11,6.47,5.58,4.81,0.83,0.56,2.89,2.99,2.22,30.42,30.71,31.06,31.56,1.22,0.72,0.99,1.32,0.2,-0.99,-1.48,-1.84,-2.9,-2.76
2016-12-21,002370,30.21,30.47,30.75,30.2,9075,27664245.0,1.81,0.3,0.09,0.45,5.86,6.23,5.33,4.57,0.6,0.33,2.65,2.75,1.99,1.26,30.47,30.58,30.99,31.49,0.43,0.69,1.02,-0.1,-1.28,-1.77,-2.13,-3.18,-3.05,-1.9
2016-12-22,002370,30.47,30.49,30.6,30.24,4280,13040813.0,1.18,0.07,0.02,0.21,6.08,5.19,4.43,0.46,0.2,2.51,2.61,1.85,1.12,1.69,30.44,30.47,30.93,31.43,0.62,0.95,-0.16,-1.34,-1.84,-2.2,-3.25,-3.12,-1.97,-2.72
2016-12-23,002370,30.42,30.54,30.68,30.3,4194,12785878.0,1.25,0.16,0.05,0.21,4.98,4.22,0.26,0.0,2.31,2.41,1.65,0.92,1.49,0.99,30.49,30.4,30.87,31.37,0.79,-0.33,-1.51,-2.0,-2.36,-3.41,-3.27,-2.13,-2.88,-1.93
2016-12-26,002370,30.35,30.25,30.78,30.0,5789,17505025.0,2.55,-0.95,-0.29,0.28,5.27,1.27,1.0,3.33,3.43,2.67,1.93,2.5,2.0,2.27,30.43,30.39,30.8,31.31,0.63,-0.56,-1.06,-1.42,-2.48,-2.35,-1.19,-1.95,-0.99,-0.33
2016-12-27,002370,30.25,30.2,30.44,29.66,11352,34037464.0,2.58,-0.17,-0.05,0.56,2.43,2.16,4.52,4.62,3.84,3.1,3.67,3.17,3.44,3.78,30.39,30.4,30.79,31.24,-0.4,-0.89,-1.26,-2.32,-2.19,-1.03,-1.79,-0.83,-0.17,-0.6
2016-12-28,002370,30.07,29.49,30.08,29.4,11875,35144388.0,2.25,-2.35,-0.71,0.58,3.06,5.44,5.54,4.76,4.01,4.59,4.08,4.35,4.69,3.54,30.19,30.33,30.75,31.15,1.49,1.12,0.03,0.17,1.36,0.58,1.56,2.24,1.8,0.75
2016-12-29,002370,29.5,29.61,29.93,29.5,4513,13398472.0,1.46,0.41,0.12,0.22,5.08,5.19,4.41,3.66,4.24,3.73,4.0,4.34,3.19,1.97,30.02,30.23,30.7,31.03,0.71,-0.37,-0.24,0.95,0.17,1.15,1.82,1.38,0.34,-0.34
2016-12-30,002370,29.66,29.3,29.82,28.91,10730,31522006.0,3.07,-1.05,-0.31,0.53,7.33,6.54,5.78,6.36,5.85,6.12,6.47,5.29,4.05,3.53,29.77,30.13,30.57,30.91,0.68,0.82,2.01,1.23,2.22,2.9,2.46,1.4,0.72,0.0
2017-01-03,002370,29.3,29.44,29.5,28.9,25058,72923508.0,2.05,0.48,0.14,1.23,6.57,5.81,6.4,5.88,6.16,6.51,5.33,4.08,3.56,3.18,29.61,30.02,30.44,30.79,0.34,1.53,0.75,1.73,2.41,1.97,0.92,0.24,-0.48,-4.28
2017-01-04,002370,29.44,29.53,29.54,29.1,9464,27852471.0,1.49,0.31,0.09,0.46,5.09,5.67,5.15,5.43,5.77,4.6,3.37,2.85,2.47,1.37,29.47,29.93,30.32,30.69,1.22,0.44,1.42,2.1,1.66,0.61,-0.07,-0.78,-4.57,-5.45
2017-01-05,002370,29.51,29.62,29.89,29.42,9141,27183191.0,1.59,0.3,0.09,0.45,4.52,4.01,4.28,4.62,3.47,2.24,1.73,1.36,0.27,0.41,29.5,29.85,30.21,30.61,0.14,1.11,1.79,1.35,0.3,-0.37,-1.08,-4.86,-5.74,-7.16
2017-01-06,002370,29.62,29.63,29.66,29.37,8171,24132676.0,0.98,0.03,0.01,0.4,4.19,4.46,4.8,3.64,2.42,1.91,1.53,0.44,0.58,1.77,29.5,29.76,30.11,30.54,1.08,1.75,1.32,0.27,-0.4,-1.11,-4.89,-5.77,-7.19,-5.16
2017-01-09,002370,29.4,29.89,29.95,29.4,6294,18774333.0,1.86,0.88,0.26,0.31,4.35,4.69,3.54,2.31,1.8,1.43,0.34,0.48,1.67,0.88,29.62,29.7,30.05,30.48,0.87,0.43,-0.6,-1.27,-1.97,-5.72,-6.59,-8.0,-5.99,-3.78
2017-01-10,002370,29.91,29.88,30.15,29.64,8643,25830096.0,1.71,-0.03,-0.01,0.42,3.85,2.7,1.48,0.98,0.61,-0.47,-0.34,0.84,0.07,1.05,29.71,29.66,30.03,30.42,0.47,-0.57,-1.24,-1.94,-5.69,-6.56,-7.97,-5.96,-3.75,-2.71
2017-01-11,002370,29.98,29.79,30.02,29.5,4162,12350253.0,1.74,-0.3,-0.09,0.2,3.19,1.97,1.46,1.08,0.0,0.14,1.32,0.54,1.53,2.2,29.76,29.62,30.01,30.4,-0.27,-0.94,-1.64,-5.4,-6.28,-7.69,-5.67,-3.46,-2.42,-0.94
2017-01-12,002370,29.7,29.39,29.71,29.21,4194,12330019.0,1.68,-1.34,-0.4,0.21,2.98,2.46,2.09,0.99,1.13,2.33,1.54,2.53,3.22,2.77,29.72,29.61,29.97,30.37,0.41,-0.31,-4.12,-5.0,-6.43,-4.39,-2.14,-1.09,0.41,5.75
2017-01-13,002370,29.2,29.27,29.51,28.72,8209,23987956.0,2.69,-0.41,-0.12,0.4,4.21,3.83,2.72,2.86,4.07,3.27,4.28,4.98,4.53,3.45,29.64,29.57,29.9,30.32,0.1,-3.72,-4.61,-6.05,-4.0,-1.74,-0.68,0.82,6.18,3.35
2017-01-16,002370,29.26,27.99,29.3,27.0,10573,30066365.0,7.86,-4.37,-1.28,0.52,10.44,9.26,9.41,10.7,9.85,10.93,11.67,11.19,10.04,9.3,29.26,29.44,29.79,30.19,0.68,-0.25,-1.75,0.39,2.75,3.86,5.43,11.04,8.07,5.61
2017-01-17,002370,27.1,27.88,28.18,26.66,6842,18817224.0,5.43,-0.39,-0.11,0.34,10.65,10.8,12.12,11.25,12.34,13.09,12.6,11.44,10.69,9.9,28.86,29.29,29.65,30.06,0.14,-1.36,0.79,3.16,4.27,5.85,11.48,8.5,6.03,4.88
2017-01-18,002370,27.86,27.0,27.92,26.8,9922,26945429.0,4.02,-3.16,-0.88,0.49,10.22,11.53,10.67,11.75,12.5,12.01,10.86,10.11,9.33,5.15,28.31,29.03,29.48,29.89,1.85,4.07,6.52,7.67,9.3,15.11,12.04,9.48,8.3,5.93
2017-01-19,002370,26.9,27.5,27.5,26.72,10115,27386752.0,2.89,1.85,0.5,0.5,11.86,11.0,12.09,12.84,12.35,11.19,10.44,9.66,5.46,4.49,27.93,28.82,29.33,29.75,2.18,4.58,5.71,7.31,13.02,10.0,7.49,6.33,4.0,4.44
2017-01-20,002370,27.49,27.86,28.1,27.05,11282,31275517.0,3.82,1.31,0.36,0.55,9.65,10.72,11.46,10.98,9.83,9.09,8.32,4.18,3.22,1.66,27.65,28.64,29.2,29.62,3.23,4.34,5.92,11.56,8.58,6.1,4.95,2.66,3.09,4.02
2017-01-23,002370,28.0,28.62,28.76,28.0,16476,46781570.0,2.73,2.73,0.76,0.81,6.96,7.68,7.21,6.11,5.39,4.64,0.64,-0.29,-1.79,0.36,27.77,28.52,29.11,29.54,1.57,3.11,8.6,5.7,3.28,2.17,-0.07,0.35,1.26,3.35
2017-01-24,002370,28.66,28.75,29.07,28.25,13067,37267730.0,2.87,0.45,0.13,0.64,6.73,6.27,5.17,4.46,3.72,-0.25,-1.17,-2.65,-0.53,1.81,27.95,28.4,29.03,29.49,2.64,8.1,5.22,2.82,1.7,-0.52,-0.1,0.8,2.89,4.35
2017-01-25,002370,28.46,29.5,29.51,28.46,11689,34063369.0,3.65,2.61,0.75,0.57,5.48,4.39,3.69,2.95,-0.98,-1.9,-3.37,-1.26,1.05,2.14,28.45,28.38,29.0,29.47,5.36,2.54,0.2,-0.88,-3.05,-2.64,-1.76,0.27,1.69,1.9
2017-01-26,002370,29.98,30.06,31.08,29.35,14044,42640801.0,5.86,1.9,0.56,0.69,1.23,0.55,-0.17,-3.99,-4.87,-6.3,-4.26,-2.01,-0.95,0.55,28.96,28.44,29.03,29.46,0.63,-1.66,-2.73,-4.86,-4.46,-3.59,-1.6,-0.2,0.0,-0.47
2017-02-03,002370,30.1,29.58,30.25,29.58,6637,19778380.0,2.23,-1.6,-0.48,0.33,-0.24,-0.95,-4.73,-5.61,-7.03,-5.0,-2.77,-1.72,-0.24,5.07,29.3,28.47,29.02,29.43,-0.07,-1.15,-3.31,-2.91,-2.03,0.0,1.42,1.62,1.15,1.76
2017-02-06,002370,29.53,29.14,29.56,28.9,11686,33915306.0,2.23,-1.49,-0.44,0.57,1.38,-2.49,-3.39,-4.84,-2.77,-0.48,0.59,2.11,7.54,4.67,29.41,28.59,29.02,29.39,0.34,-1.85,-1.44,-0.55,1.51,2.95,3.16,2.68,3.29,3.12
2017-02-07,002370,29.1,28.59,29.24,28.24,12613,36094083.0,3.43,-1.89,-0.55,0.62,-0.21,-1.13,-2.62,-0.5,1.84,2.94,4.5,10.06,7.12,4.67,29.37,28.66,28.97,29.32,0.03,0.45,1.36,3.46,4.93,5.14,4.65,5.28,5.11,5.56
2017-02-08,002370,28.5,28.57,28.6,28.25,7765,22083366.0,1.22,-0.07,-0.02,0.38,-1.17,-2.65,-0.53,1.81,2.9,4.46,10.02,7.08,4.64,3.5,29.19,28.82,28.93,29.26,0.53,1.44,3.54,5.01,5.22,4.73,5.36,5.18,5.64,5.5
2017-02-09,002370,28.55,28.58,28.72,28.48,7744,22145689.0,0.84,0.04,0.01,0.38,-3.44,-1.33,0.98,2.07,3.62,9.13,6.21,3.79,2.67,0.42,28.89,28.92,28.87,29.2,1.4,3.5,4.97,5.18,4.69,5.32,5.14,5.6,5.46,5.49
2017-02-10,002370,28.58,28.59,28.98,28.56,7815,22469989.0,1.47,0.03,0.01,0.38,-1.61,0.7,1.79,3.33,8.82,5.92,3.5,2.38,0.14,0.56,28.69,29.0,28.82,29.13,3.46,4.93,5.14,4.65,5.28,5.11,5.56,5.42,5.46,5.56
2017-02-13,002370,28.71,29.58,29.58,28.71,16910,49573386.0,3.04,3.46,0.99,0.83,0.17,1.25,2.79,8.25,5.36,2.96,1.85,-0.38,0.03,0.94,28.78,29.09,28.81,29.1,1.42,1.62,1.15,1.76,1.59,2.03,1.89,1.93,2.03,3.96
2017-02-14,002370,29.8,29.97,30.0,29.18,13345,39588658.0,2.77,1.32,0.39,0.66,-0.38,1.13,6.51,3.67,1.3,0.21,-1.99,-1.58,-0.69,1.37,29.06,29.22,28.81,29.09,0.3,-0.17,0.43,0.27,0.7,0.57,0.6,0.7,2.6,0.57
2017-02-15,002370,29.95,29.49,30.06,29.42,11922,35343513.0,2.14,-1.6,-0.48,0.59,0.31,5.64,2.82,0.48,-0.61,-2.79,-2.38,-1.5,0.54,1.97,29.24,29.21,28.8,29.07,1.46,2.07,1.9,2.34,2.2,2.24,2.34,4.27,2.2,1.22
2017-02-16,002370,29.44,29.92,29.92,29.17,10451,31066720.0,2.54,1.46,0.43,0.51,6.55,3.7,1.34,0.24,-1.95,-1.54,-0.65,1.41,2.85,3.05,29.51,29.2,28.82,29.08,0.6,0.43,0.87,0.74,0.77,0.87,2.77,0.74,-0.23,-0.13
2017-02-17,002370,29.9,29.95,30.1,29.77,11496,34393970.0,1.1,0.1,0.03,0.56,1.61,-0.71,-1.78,-3.93,-3.53,-2.65,-0.64,0.77,0.97,0.5,29.78,29.24,28.86,29.1,0.33,0.77,0.63,0.67,0.77,2.67,0.63,-0.33,-0.23,0.1
2017-02-20,002370,29.88,29.9,30.05,29.47,6269,18586763.0,1.94,-0.17,-0.05,0.31,0.31,-0.78,-2.95,-2.54,-1.66,0.37,1.8,2.0,1.53,2.14,29.85,29.31,28.95,29.12,0.94,0.8,0.84,0.94,2.84,0.8,-0.17,-0.07,0.27,3.68
2017-02-21,002370,29.9,30.01,30.18,29.5,12091,36141668.0,2.27,0.37,0.11,0.59,-0.88,-3.05,-2.64,-1.76,0.27,1.69,1.9,1.42,2.03,1.86,29.85,29.46,29.06,29.13,0.43,0.47,0.57,2.47,0.43,-0.53,-0.43,-0.1,3.3,2.97
2017-02-22,002370,30.07,29.99,30.14,29.78,6157,18402860.0,1.2,-0.07,-0.02,0.3,-3.96,-3.56,-2.69,-0.67,0.74,0.94,0.47,1.07,0.91,1.34,29.95,29.6,29.21,29.15,0.53,0.63,2.53,0.5,-0.47,-0.37,-0.03,3.37,3.03,3.3
2017-02-23,002370,29.8,30.08,30.15,29.61,6662,19958110.0,1.8,0.3,0.09,0.33,-3.01,-2.13,-0.1,1.32,1.52,1.05,1.65,1.49,1.93,1.79,29.99,29.75,29.34,29.17,0.33,2.23,0.2,-0.76,-0.66,-0.33,3.06,2.73,2.99,2.89
2017-02-24,002370,30.17,30.1,30.18,29.83,4943,14856729.0,1.16,0.07,0.02,0.24,-2.85,-0.84,0.57,0.77,0.3,0.91,0.74,1.17,1.04,1.07,30.02,29.9,29.45,29.18,2.16,0.13,-0.83,-0.73,-0.4,2.99,2.66,2.92,2.82,3.59
2017-02-27,002370,30.25,30.04,30.75,30.01,10422,31648318.0,2.46,-0.2,-0.06,0.51,-1.43,-0.03,0.17,-0.3,0.3,0.13,0.57,0.43,0.47,0.57,30.04,29.94,29.52,29.19,0.33,-0.63,-0.53,-0.2,3.2,2.86,3.13,3.03,3.79,4.49
2017-02-28,002370,29.9,29.79,30.14,29.46,10290,30526320.0,2.26,-0.83,-0.25,0.51,1.83,2.04,1.56,2.17,2.0,2.44,2.31,2.34,2.44,4.38,30.0,29.93,29.57,29.18,0.2,0.3,0.64,4.06,3.73,3.99,3.89,4.67,5.37,11.78
2017-03-01,002370,29.73,29.6,29.85,29.48,5062,15010559.0,1.24,-0.64,-0.19,0.25,1.97,1.49,2.1,1.93,2.37,2.24,2.27,2.37,4.31,2.24,29.92,29.94,29.58,29.18,0.95,1.28,4.73,4.39,4.66,4.56,5.34,6.05,12.5,8.92
2017-03-02,002370,29.7,29.67,29.88,29.49,4462,13263521.0,1.32,0.24,0.07,0.22,1.46,2.07,1.9,2.34,2.2,2.24,2.34,4.27,2.2,1.22,29.84,29.91,29.56,29.19,1.04,4.48,4.15,4.42,4.31,5.09,5.8,12.23,8.66,8.12
2017-03-03,002370,29.51,29.9,29.98,29.51,5428,16215930.0,1.58,0.78,0.23,0.27,2.0,1.83,2.27,2.13,2.17,2.27,4.2,2.13,1.15,1.25,29.8,29.91,29.57,29.21,3.68,3.34,3.61,3.51,4.28,4.98,11.37,7.83,7.29,6.59
2017-03-06,002370,29.85,30.7,31.0,29.85,14169,43420004.0,3.85,2.68,0.8,0.7,0.67,1.11,0.97,1.01,1.11,3.02,0.97,0.0,0.1,0.44,29.93,29.99,29.65,29.3,0.65,0.91,0.81,1.56,2.25,8.47,5.02,4.5,3.81,5.15
2017-03-07,002370,30.87,30.85,30.9,30.5,7687,23589654.0,1.3,0.49,0.15,0.38,-1.05,-1.18,-1.15,-1.05,0.82,-1.18,-2.13,-2.03,-1.7,1.64,30.14,30.07,29.76,29.4,0.42,0.32,1.07,1.75,7.94,4.51,3.99,3.31,4.64,3.37
2017-03-08,002370,30.85,30.81,30.98,30.65,7471,23078084.0,1.07,-0.13,-0.04,0.37,-1.66,-1.63,-1.53,0.33,-1.66,-2.61,-2.51,-2.19,1.14,0.82,30.39,30.15,29.88,29.52,0.45,1.2,1.88,8.08,4.64,4.12,3.44,4.77,3.51,3.05
2017-03-09,002370,30.95,30.68,30.95,30.11,6562,20109063.0,2.73,-0.42,-0.13,0.32,0.13,0.23,2.13,0.1,-0.86,-0.76,-0.43,2.96,2.62,2.89,30.59,30.21,29.98,29.63,1.63,2.31,8.54,5.08,4.56,3.88,5.22,3.94,3.49,3.32
2017-03-10,002370,30.68,31.0,31.18,30.4,9341,28918786.0,2.54,1.04,0.32,0.46,-0.72,1.15,-0.86,-1.81,-1.71,-1.38,1.97,1.64,1.91,1.81,30.81,30.3,30.1,29.73,1.26,7.42,4.0,3.48,2.81,4.13,2.87,2.42,2.26,3.55
2017-03-13,002370,30.8,31.01,31.39,30.77,3905,12098590.0,2.0,0.03,0.01,0.19,-0.06,-2.05,-2.99,-2.89,-2.57,0.75,0.42,0.68,0.58,1.33,30.87,30.4,30.17,29.81,7.38,3.97,3.45,2.77,4.1,2.84,2.39,2.23,3.51,2.61
2017-03-14,002370,31.08,31.98,33.3,30.86,25049,80443520.0,7.87,3.13,0.97,1.23,-2.33,-3.27,-3.18,-2.85,0.45,0.13,0.39,0.29,1.04,1.72,31.1,30.62,30.27,29.92,0.81,0.31,-0.34,0.94,-0.28,-0.72,-0.88,0.38,-0.5,1.38
2017-03-15,002370,31.8,31.98,32.24,31.6,15540,49642829.0,2.0,0.0,0.0,0.76,-5.54,-5.44,-5.13,-1.9,-2.22,-1.96,-2.06,-1.33,-0.66,5.38,31.33,30.86,30.4,30.0,0.31,-0.34,0.94,-0.28,-0.72,-0.88,0.38,-0.5,1.38,1.47
2017-03-16,002370,31.82,31.57,32.08,31.43,11035,35015688.0,2.03,-1.28,-0.41,0.54,-4.93,-4.61,-1.37,-1.69,-1.43,-1.53,-0.8,-0.13,5.95,2.58,31.51,31.05,30.48,30.05,0.95,2.25,1.01,0.57,0.41,1.68,0.79,2.69,2.79,1.9
2017-03-17,002370,31.61,31.71,31.87,31.35,7953,25124245.0,1.65,0.44,0.14,0.39,-4.37,-1.12,-1.44,-1.18,-1.28,-0.54,0.13,6.22,2.84,2.33,31.65,31.23,30.57,30.13,1.8,0.57,0.13,-0.03,1.23,0.35,2.24,2.33,1.45,1.83
2017-03-20,002370,31.8,31.92,32.28,31.65,8446,26957177.0,1.99,0.66,0.21,0.41,-2.05,-2.37,-2.12,-2.21,-1.48,-0.82,5.21,1.86,1.36,0.7,31.83,31.35,30.67,30.22,-0.09,-0.53,-0.69,0.56,-0.31,1.57,1.66,0.78,1.16,1.5
2017-03-21,002370,31.88,31.55,31.89,31.45,12917,40752576.0,1.38,-1.16,-0.37,0.63,-1.75,-1.49,-1.59,-0.86,-0.19,5.88,2.51,2.0,1.34,2.64,31.75,31.42,30.75,30.32,0.63,0.48,1.74,0.86,2.76,2.85,1.97,2.35,2.69,1.77
2017-03-22,002370,31.55,31.46,31.75,31.09,7645,24063139.0,2.09,-0.29,-0.09,0.38,-0.35,-0.45,0.29,0.96,7.11,3.7,3.18,2.51,3.83,2.57,31.64,31.49,30.82,30.41,0.76,2.03,1.14,3.05,3.15,2.26,2.64,2.99,2.07,1.68
2017-03-23,002370,31.45,31.69,31.7,31.2,6300,19797451.0,1.59,0.73,0.23,0.31,-0.8,-0.06,0.61,6.73,3.33,2.82,2.15,3.46,2.21,1.76,31.67,31.59,30.9,30.52,1.29,0.41,2.3,2.4,1.51,1.89,2.24,1.33,0.95,0.63
2017-03-24,002370,31.1,31.69,32.1,31.1,8191,25967089.0,3.16,0.0,0.0,0.4,0.26,0.93,7.07,3.67,3.15,2.48,3.79,2.54,2.09,1.93,31.66,31.66,30.98,30.62,0.41,2.3,2.4,1.51,1.89,2.24,1.33,0.95,0.63,0.35
2017-03-27,002370,31.61,31.69,31.82,31.56,5212,16503115.0,0.82,0.0,0.0,0.26,-0.54,5.51,2.15,1.65,0.98,2.28,1.05,0.6,0.44,1.71,31.62,31.72,31.06,30.69,2.3,2.4,1.51,1.89,2.24,1.33,0.95,0.63,0.35,-0.54
2017-03-28,002370,31.58,31.97,32.42,31.35,15141,48249853.0,3.38,0.88,0.28,0.74,6.22,2.84,2.33,1.66,2.97,1.72,1.28,1.12,2.39,1.5,31.7,31.72,31.17,30.76,1.5,0.63,1.0,1.35,0.44,0.06,-0.25,-0.53,-1.41,-1.6
2017-03-29,002370,31.98,32.01,32.45,31.8,9237,29642755.0,2.03,0.13,0.04,0.45,1.38,0.88,0.22,1.51,0.28,-0.16,-0.31,0.94,0.06,1.95,31.81,31.73,31.29,30.84,0.5,0.87,1.22,0.31,-0.06,-0.37,-0.66,-1.53,-1.72,-3.81
2017-03-30,002370,31.9,31.8,32.17,31.5,14461,46148565.0,2.09,-0.66,-0.21,0.71,1.84,1.17,2.48,1.24,0.79,0.63,1.9,1.02,2.92,3.02,31.83,31.75,31.4,30.9,1.54,1.89,0.97,0.6,0.28,0.0,-0.88,-1.07,-3.18,-3.14
2017-03-31,002370,31.96,32.02,32.29,31.83,5322,17044156.0,1.45,0.69,0.22,0.26,0.13,1.41,0.19,-0.25,-0.41,0.85,-0.03,1.85,1.95,1.07,31.9,31.78,31.5,30.97,1.19,0.28,-0.09,-0.41,-0.69,-1.56,-1.75,-3.84,-3.81,-3.9
2017-04-05,002370,32.4,32.12,32.4,31.9,8420,27017026.0,1.56,0.31,0.1,0.41,1.19,-0.03,-0.47,-0.63,0.63,-0.25,1.63,1.72,0.85,1.22,31.98,31.8,31.58,31.05,-0.03,-0.4,-0.72,-1.0,-1.87,-2.05,-4.14,-4.11,-4.2,-5.98
2017-04-06,002370,32.11,31.99,32.11,31.8,10281,32828714.0,0.97,-0.4,-0.13,0.5,0.28,-0.16,-0.31,0.94,0.06,1.95,2.04,1.16,1.54,1.89,31.99,31.84,31.63,31.11,0.0,-0.31,-0.59,-1.47,-1.66,-3.75,-3.72,-3.81,-5.6,-4.72
2017-04-07,002370,31.9,31.7,31.99,31.35,8281,26305309.0,2.0,-0.91,-0.29,0.41,1.28,1.12,2.39,1.5,3.41,3.51,2.62,3.0,3.35,2.42,31.93,31.87,31.68,31.17,0.6,0.32,-0.57,-0.76,-2.87,-2.84,-2.93,-4.73,-3.85,-5.05
2017-04-10,002370,31.74,31.78,31.89,31.2,10183,32096472.0,2.18,0.25,0.08,0.5,1.6,2.88,1.99,3.91,4.01,3.11,3.49,3.85,2.92,2.53,31.92,31.88,31.73,31.23,0.06,-0.82,-1.01,-3.12,-3.08,-3.18,-4.97,-4.09,-5.29,-6.23
2017-04-11,002370,31.8,31.28,31.8,31.04,10880,34078895.0,2.39,-1.57,-0.5,0.53,3.41,2.51,4.45,4.54,3.64,4.03,4.38,3.45,3.06,2.74,31.77,31.84,31.75,31.27,0.77,0.58,-1.57,-1.53,-1.63,-3.45,-2.56,-3.77,-4.73,-5.82
2017-04-12,002370,31.37,31.06,31.52,30.88,5946,18522209.0,2.05,-0.7,-0.22,0.29,3.04,4.99,5.08,4.18,4.57,4.92,3.98,3.59,3.27,2.98,31.56,31.77,31.75,31.3,1.29,-0.87,-0.84,-0.93,-2.77,-1.87,-3.09,-4.06,-5.15,-6.08
2017-04-13,002370,31.46,30.8,31.46,30.65,6547,20209924.0,2.61,-0.84,-0.26,0.32,5.77,5.87,4.96,5.35,5.71,4.76,4.37,4.05,3.75,2.84,31.32,31.66,31.69,31.33,-0.03,0.0,-0.1,-1.95,-1.04,-2.27,-3.25,-4.35,-5.29,-2.21
2017-04-14,002370,30.7,30.47,30.79,29.9,8797,26549199.0,2.89,-1.07,-0.33,0.43,8.53,7.59,7.99,8.36,7.39,6.99,6.66,6.35,5.42,5.22,31.08,31.5,31.61,31.36,1.08,0.98,-0.89,0.03,-1.21,-2.2,-3.31,-4.27,-1.15,-2.99
2017-04-17,002370,30.42,30.51,30.8,30.13,5059,15419937.0,2.2,0.13,0.04,0.25,6.77,7.17,7.53,6.57,6.17,5.84,5.54,4.61,4.41,2.19,30.82,31.37,31.56,31.39,0.85,-1.02,-0.1,-1.34,-2.33,-3.44,-4.39,-1.28,-3.11,-1.47
2017-04-18,002370,30.51,30.15,30.77,30.11,4021,12252858.0,2.16,-1.18,-0.36,0.2,7.24,7.61,6.64,6.24,5.91,5.61,4.68,4.48,2.26,2.29,30.6,31.19,31.48,31.4,0.17,1.09,-0.17,-1.16,-2.29,-3.25,-0.1,-1.96,-0.3,1.09
2017-04-19,002370,30.2,30.2,30.2,29.23,6207,18456301.0,3.22,0.17,0.05,0.3,10.85,9.85,9.44,9.1,8.79,7.83,7.63,5.34,5.37,5.27,30.43,30.99,31.4,31.38,0.93,-0.33,-1.32,-2.45,-3.41,-0.26,-2.12,-0.46,0.93,0.5
2017-04-20,002370,30.01,30.05,30.48,29.68,4004,11996482.0,2.65,-0.5,-0.15,0.2,8.19,7.78,7.45,7.14,6.2,6.0,3.74,3.77,3.67,1.75,30.28,30.8,31.32,31.36,0.17,-0.83,-1.96,-2.93,0.23,-1.63,0.03,1.43,1.0,0.3
2017-04-21,002370,30.1,30.0,30.1,29.6,4133,12312995.0,1.66,-0.17,-0.05,0.2,8.07,7.74,7.43,6.49,6.28,4.02,4.05,3.95,2.03,2.97,30.18,30.63,31.25,31.33,-0.67,-1.8,-2.77,0.4,-1.47,0.2,1.6,1.17,0.47,-1.3
2017-04-24,002370,29.8,29.3,29.8,28.54,7551,22003913.0,4.2,-2.33,-0.7,0.37,11.74,11.42,10.44,10.23,7.88,7.92,7.81,5.82,6.8,5.47,29.94,30.38,31.13,31.28,0.55,-0.44,2.8,0.89,2.59,4.03,3.58,2.87,1.06,1.19
2017-04-25,002370,29.28,28.9,29.46,28.82,4656,13483074.0,2.18,-1.37,-0.4,0.23,10.34,9.37,9.16,6.84,6.87,6.77,4.79,5.76,4.44,3.4,29.69,30.14,30.99,31.21,0.93,4.22,2.28,4.01,5.47,5.02,4.29,2.46,2.6,2.66
2017-04-26,002370,28.76,29.03,29.17,28.64,3724,10778408.0,1.83,0.45,0.13,0.18,10.06,9.85,7.51,7.54,7.44,5.45,6.42,5.1,4.05,2.86,29.46,29.94,30.86,31.15,3.75,1.83,3.55,4.99,4.55,3.82,2.0,2.14,2.2,0.93
2017-04-27,002370,28.95,29.51,30.12,28.71,8142,23986688.0,4.86,1.65,0.48,0.4,9.58,7.24,7.28,7.18,5.19,6.17,4.84,3.8,2.61,1.6,29.35,29.81,30.73,31.06,0.17,1.86,3.29,2.85,2.13,0.34,0.47,0.54,-0.71,0.3
2017-04-28,002370,29.24,29.39,29.56,29.2,3718,10924709.0,1.22,-0.41,-0.12,0.18,5.45,5.48,5.38,3.42,4.38,3.08,2.05,0.89,-0.1,3.15,29.23,29.7,30.6,30.98,2.28,3.71,3.27,2.55,0.75,0.88,0.95,-0.31,0.71,-0.31
2017-05-02,002370,28.82,29.95,30.06,28.82,9481,28287336.0,4.22,1.91,0.56,0.47,6.87,6.77,4.79,5.76,4.44,3.4,2.22,1.21,4.51,2.57,29.36,29.65,30.51,30.92,1.77,1.34,0.63,-1.14,-1.0,-0.93,-2.17,-1.17,-2.17,-1.2
2017-05-03,002370,29.93,30.0,30.48,29.75,6878,20724725.0,2.44,0.17,0.05,0.34,3.43,1.51,2.45,1.18,0.17,-0.97,-1.95,1.24,-0.64,1.04,29.58,29.63,30.41,30.87,1.17,0.47,-1.3,-1.17,-1.1,-2.33,-1.33,-2.33,-1.37,-0.73
2017-05-04,002370,30.0,30.1,30.35,29.6,4970,14960910.0,2.5,0.33,0.1,0.24,2.03,2.97,1.69,0.68,-0.47,-1.45,1.76,-0.14,1.55,2.97,29.79,29.62,30.31,30.81,0.13,-1.63,-1.5,-1.43,-2.66,-1.66,-2.66,-1.69,-1.06,-2.49
2017-05-05,002370,29.83,29.78,30.14,29.76,2857,8565330.0,1.26,-1.06,-0.32,0.14,2.42,1.14,0.13,-1.01,-1.98,1.21,-0.67,1.01,2.42,1.98,29.84,29.6,30.2,30.75,-0.57,-0.44,-0.37,-1.61,-0.6,-1.61,-0.64,0.0,-1.44,-1.41
2017-05-08,002370,29.11,29.5,29.61,28.88,3882,11379659.0,2.45,-0.94,-0.28,0.19,4.22,3.19,2.01,1.0,4.29,2.35,4.09,5.54,5.09,4.36,29.87,29.55,30.09,30.68,0.51,0.58,-0.68,0.34,-0.68,0.31,0.95,-0.51,-0.47,-1.32
2017-05-09,002370,29.45,29.5,29.65,29.26,2845,8397907.0,1.32,0.0,0.0,0.14,1.85,0.68,-0.31,2.94,1.03,2.73,4.17,3.73,3.01,1.2,29.78,29.57,29.97,30.61,0.58,-0.68,0.34,-0.68,0.31,0.95,-0.51,-0.47,-1.32,-2.24
2017-05-10,002370,29.5,29.17,29.67,29.14,2627,7752222.0,1.8,-1.12,-0.33,0.13,1.1,0.1,3.36,1.44,3.16,4.6,4.15,3.43,1.61,1.75,29.61,29.59,29.87,30.52,0.45,1.47,0.45,1.44,2.09,0.62,0.65,-0.21,-1.13,-1.68
2017-05-11,002370,29.06,29.28,29.3,28.66,2700,7834079.0,2.19,0.38,0.11,0.13,1.78,5.09,3.14,4.88,6.35,5.9,5.16,3.31,3.45,3.52,29.45,29.62,29.78,30.44,1.09,0.07,1.06,1.71,0.24,0.27,-0.58,-1.5,-2.05,-1.06
2017-05-12,002370,29.23,29.0,29.6,28.73,4707,13645412.0,2.97,-0.96,-0.28,0.23,4.84,2.89,4.63,6.09,5.64,4.91,3.06,3.2,3.27,1.98,29.29,29.57,29.69,30.35,1.03,2.03,2.69,1.21,1.24,0.38,-0.55,-1.1,-0.1,-0.31
2017-05-15,002370,28.83,29.3,29.3,28.61,22863,66329592.0,2.38,1.03,0.3,1.12,3.32,5.07,6.54,6.08,5.35,3.5,3.64,3.7,2.41,3.46,29.25,29.56,29.63,30.25,0.99,1.64,0.17,0.2,-0.65,-1.57,-2.12,-1.13,-1.33,-1.02
2017-05-16,002370,29.27,29.51,29.59,29.03,5835,17110907.0,1.91,0.72,0.21,0.29,3.55,4.99,4.55,3.82,2.0,2.14,2.2,0.93,1.96,0.93,29.25,29.51,29.58,30.18,0.91,-0.54,-0.51,-1.36,-2.27,-2.81,-1.83,-2.03,-1.73,-3.15
2017-05-17,002370,29.51,29.34,29.78,29.0,5584,16345610.0,2.64,-0.58,-0.17,0.27,5.1,4.66,3.93,2.1,2.24,2.31,1.03,2.07,1.03,2.03,29.29,29.45,29.54,30.09,0.03,0.07,-0.78,-1.7,-2.25,-1.26,-1.47,-1.16,-2.59,-2.93
2017-05-18,002370,29.28,29.26,29.35,28.8,7493,21745978.0,1.87,-0.27,-0.08,0.37,5.38,4.65,2.81,2.95,3.02,1.74,2.78,1.74,2.74,3.4,29.28,29.36,29.49,29.99,0.34,-0.51,-1.44,-1.98,-0.99,-1.2,-0.89,-2.32,-2.67,-2.36
2017-05-19,002370,29.0,29.02,29.36,28.83,16007,46397794.0,1.81,-0.82,-0.24,0.79,4.54,2.71,2.84,2.91,1.63,2.67,1.63,2.64,3.3,1.8,29.29,29.29,29.44,29.89,0.31,-0.62,-1.17,-0.17,-0.38,-0.07,-1.52,-1.86,-1.55,-1.38
2017-05-22,002370,29.1,28.94,29.11,28.0,12916,37045048.0,3.82,-0.28,-0.08,0.63,5.75,5.89,5.96,4.64,5.71,4.64,5.68,6.36,4.82,4.86,29.21,29.23,29.39,29.8,-0.35,-0.9,0.1,-0.1,0.21,-1.24,-1.59,-1.28,-1.11,1.14
2017-05-23,002370,28.84,28.84,28.84,27.88,11939,33904395.0,3.32,-0.35,-0.1,0.59,6.35,6.42,5.09,6.17,5.09,6.13,6.81,5.27,5.31,4.41,29.08,29.17,29.37,29.7,-0.55,0.45,0.24,0.55,-0.9,-1.25,-0.94,-0.76,1.49,2.95
2017-05-24,002370,28.47,28.68,28.68,28.25,5417,15434704.0,1.49,-0.55,-0.16,0.27,5.03,3.72,4.78,3.72,4.74,5.42,3.89,3.93,3.04,2.09,28.95,29.12,29.35,29.62,1.01,0.8,1.12,-0.35,-0.7,-0.38,-0.21,2.06,3.52,3.7
2017-05-25,002370,28.59,28.74,28.97,28.22,5886,16846287.0,2.62,0.21,0.06,0.29,3.83,4.89,3.83,4.85,5.53,4.0,4.04,3.15,2.2,1.63,28.84,29.06,29.34,29.54,0.59,0.9,-0.56,-0.9,-0.59,-0.42,1.84,3.31,3.48,2.99
2017-05-26,002370,28.79,28.64,28.91,28.55,26538,76478734.0,1.25,-0.35,-0.1,1.3,3.68,2.63,3.64,4.31,2.8,2.84,1.96,1.02,0.46,1.47,28.77,29.03,29.3,29.47,1.26,-0.21,-0.56,-0.24,-0.07,2.2,3.67,3.84,3.35,2.23
2017-05-31,002370,28.95,28.58,29.0,28.42,8215,23509405.0,2.03,-0.21,-0.06,0.4,3.1,4.12,4.79,3.27,3.31,2.43,1.48,0.91,1.94,1.72,28.7,28.95,29.26,29.41,0.0,-0.35,-0.03,0.14,2.41,3.88,4.06,3.57,2.45,1.75
2017-06-01,002370,28.1,28.4,28.58,28.05,8668,24478737.0,1.85,-0.63,-0.18,0.43,5.49,6.17,4.63,4.67,3.78,2.82,2.25,3.28,3.07,3.39,28.61,28.84,29.18,29.34,0.28,0.6,0.77,3.06,4.54,4.72,4.23,3.1,2.39,2.54
2017-06-02,002370,28.23,28.4,28.48,28.22,5831,16519424.0,0.92,0.0,0.0,0.29,5.53,4.0,4.04,3.15,2.2,1.63,2.66,2.45,2.76,1.28,28.55,28.75,29.1,29.28,0.6,0.77,3.06,4.54,4.72,4.23,3.1,2.39,2.54,2.5
2017-06-05,002370,28.45,28.39,28.57,28.28,10799,30661827.0,1.02,-0.04,-0.01,0.53,3.78,3.82,2.93,1.98,1.41,2.44,2.23,2.55,1.06,0.71,28.48,28.66,29.01,29.22,0.81,3.1,4.58,4.76,4.26,3.13,2.43,2.57,2.54,2.32
2017-06-06,002370,28.62,28.52,28.62,28.05,2754,7835058.0,2.01,0.46,0.13,0.14,4.67,3.78,2.82,2.25,3.28,3.07,3.39,1.89,1.53,1.85,28.46,28.61,28.95,29.17,2.63,4.1,4.28,3.79,2.66,1.96,2.1,2.07,1.86,2.24
2017-06-07,002370,28.31,29.23,29.27,28.31,7972,22998795.0,3.37,2.49,0.71,0.39,2.83,1.87,1.31,2.33,2.12,2.44,0.95,0.6,0.92,1.1,28.59,28.64,28.94,29.14,1.57,1.74,1.27,0.17,-0.51,-0.38,-0.41,-0.62,-0.24,-0.38
2017-06-08,002370,29.47,29.65,29.69,29.14,4230,12437640.0,1.88,1.44,0.42,0.21,-1.03,-1.58,-0.58,-0.79,-0.48,-1.92,-2.26,-1.96,-1.78,0.45,28.84,28.72,28.94,29.15,0.3,-0.17,-1.25,-1.92,-1.79,-1.82,-2.02,-1.65,-1.79,-1.62
2017-06-09,002370,29.74,29.63,29.74,29.31,5365,15885378.0,1.45,-0.07,-0.02,0.26,-2.15,-1.16,-1.36,-1.06,-2.49,-2.83,-2.52,-2.35,-0.14,1.3,29.08,28.82,28.97,29.18,-0.1,-1.18,-1.86,-1.72,-1.75,-1.96,-1.59,-1.72,-1.55,-2.33
2017-06-12,002370,29.33,29.2,29.6,29.1,3145,9234462.0,1.69,-1.45,-0.43,0.15,-0.45,-0.65,-0.34,-1.79,-2.13,-1.82,-1.65,0.58,2.03,2.2,29.25,28.86,28.96,29.18,0.27,-0.41,-0.27,-0.31,-0.51,-0.14,-0.27,-0.1,-0.89,-1.2
2017-06-13,002370,29.2,29.08,29.28,28.91,5926,17206637.0,1.27,-0.41,-0.12,0.29,0.0,0.31,-1.14,-1.49,-1.18,-1.0,1.25,2.7,2.87,2.39,29.36,28.91,28.97,29.17,0.0,0.14,0.1,-0.1,0.28,0.14,0.31,-0.48,-0.79,-0.65
2017-06-14,002370,28.99,28.99,29.08,28.7,8445,24459972.0,1.31,-0.31,-0.09,0.41,1.05,-0.42,-0.77,-0.45,-0.28,1.99,3.45,3.62,3.14,2.02,29.31,28.95,28.95,29.15,0.45,0.41,0.21,0.59,0.45,0.62,-0.17,-0.48,-0.34,-0.52
2017-06-15,002370,28.9,28.92,29.12,28.75,4303,12471095.0,1.28,-0.24,-0.07,0.21,-0.59,-0.94,-0.63,-0.45,1.81,3.27,3.44,2.96,1.84,1.15,29.16,29.0,28.92,29.12,0.66,0.45,0.83,0.69,0.86,0.07,-0.24,-0.1,-0.28,0.03
2017-06-16,002370,29.11,28.98,29.11,28.65,3640,10492978.0,1.59,0.21,0.06,0.18,-0.59,-0.28,-0.1,2.16,3.63,3.8,3.32,2.2,1.5,1.64,29.03,29.06,28.9,29.09,0.24,0.62,0.48,0.66,-0.14,-0.45,-0.31,-0.48,-0.17,2.04
2017-06-19,002370,28.77,28.99,29.05,28.6,1880,5439839.0,1.55,0.03,0.01,0.09,-0.1,0.07,2.34,3.81,3.99,3.5,2.38,1.68,1.82,1.78,28.99,29.12,28.89,29.05,0.59,0.45,0.62,-0.17,-0.48,-0.34,-0.52,-0.21,2.0,1.93
2017-06-20,002370,29.16,28.93,29.16,28.91,2039,5918624.0,0.86,-0.21,-0.06,0.1,-1.0,1.25,2.7,2.87,2.39,1.28,0.59,0.73,0.69,0.48,28.96,29.16,28.89,29.02,0.66,0.83,0.03,-0.28,-0.14,-0.31,0.0,2.21,2.14,3.21
2017-06-21,002370,29.11,28.97,29.12,28.79,1635,4724306.0,1.14,0.14,0.04,0.08,1.67,3.13,3.3,2.81,1.7,1.01,1.15,1.11,0.9,1.29,28.96,29.13,28.89,29.0,0.69,-0.1,-0.41,-0.28,-0.45,-0.14,2.07,2.0,3.07,1.52
2017-06-22,002370,28.8,28.77,29.17,28.65,3015,8730606.0,1.79,-0.69,-0.2,0.15,3.63,3.8,3.32,2.2,1.5,1.64,1.61,1.4,1.78,1.64,28.93,29.05,28.88,28.98,0.59,0.28,0.42,0.24,0.56,2.78,2.71,3.79,2.22,2.43
2017-06-23,002370,28.94,28.77,28.94,28.28,3728,10636969.0,2.29,0.0,0.0,0.18,5.16,4.67,3.54,2.83,2.97,2.93,2.72,3.11,2.97,3.15,28.89,28.96,28.89,28.97,0.28,0.42,0.24,0.56,2.78,2.71,3.79,2.22,2.43,1.77
2017-06-26,002370,28.7,28.72,28.85,28.56,2585,7426488.0,1.01,-0.17,-0.05,0.13,3.64,2.52,1.82,1.96,1.93,1.72,2.1,1.96,2.14,1.33,28.83,28.91,28.89,28.95,0.59,0.42,0.73,2.96,2.89,3.97,2.4,2.61,1.95,1.36
2017-06-27,002370,28.64,28.84,28.89,28.6,2013,5793264.0,1.01,0.42,0.12,0.1,2.38,1.68,1.82,1.78,1.57,1.96,1.82,1.99,1.19,0.87,28.81,28.89,28.9,28.94,0.0,0.31,2.53,2.46,3.54,1.98,2.18,1.53,0.94,0.9
2017-06-28,002370,28.62,28.84,28.84,28.5,3545,10158977.0,1.18,0.0,0.0,0.17,2.04,2.18,2.14,1.93,2.32,2.18,2.35,1.54,1.23,1.37,28.79,28.87,28.91,28.93,0.31,2.53,2.46,3.54,1.98,2.18,1.53,0.94,0.9,0.35
2017-06-29,002370,28.83,28.73,28.93,28.66,3134,9026936.0,0.94,-0.38,-0.11,0.15,1.61,1.57,1.36,1.74,1.61,1.78,0.98,0.66,0.8,0.63,28.78,28.85,28.93,28.9,2.92,2.85,3.93,2.37,2.58,1.91,1.32,1.29,0.73,0.94
2017-06-30,002370,28.73,29.32,29.57,28.69,6471,18940428.0,3.06,2.05,0.59,0.32,1.46,1.25,1.64,1.5,1.67,0.87,0.56,0.7,0.52,0.84,28.89,28.89,28.97,28.9,0.78,1.84,0.31,0.51,-0.14,-0.72,-0.75,-1.3,-1.09,-1.26
2017-07-03,002370,29.55,29.29,29.55,29.12,4992,14588255.0,1.47,-0.1,-0.03,0.24,-0.24,0.14,0.0,0.17,-0.62,-0.93,-0.79,-0.96,-0.65,1.55,29.0,28.92,29.02,28.9,1.95,0.41,0.61,-0.03,-0.61,-0.65,-1.19,-0.99,-1.16,-1.74
2017-07-04,002370,29.16,29.37,29.86,29.16,3532,10372421.0,2.39,0.27,0.08,0.17,0.0,-0.14,0.03,-0.75,-1.06,-0.93,-1.1,-0.79,1.41,1.34,29.11,28.96,29.06,28.91,0.14,0.34,-0.31,-0.89,-0.92,-1.46,-1.26,-1.43,-2.01,-4.15
2017-07-05,002370,29.37,29.21,29.41,28.9,4292,12513546.0,1.74,-0.54,-0.16,0.21,0.76,0.93,0.14,-0.17,-0.03,-0.21,0.1,2.32,2.25,3.32,29.18,28.99,29.06,28.92,0.89,0.24,-0.34,-0.38,-0.92,-0.72,-0.89,-1.47,-3.63,-4.14
2017-07-06,002370,29.21,29.02,29.47,28.91,3525,10238066.0,1.92,-0.65,-0.19,0.17,0.9,0.1,-0.21,-0.07,-0.24,0.07,2.28,2.21,3.29,1.73,29.24,29.01,29.03,28.93,0.9,0.31,0.28,-0.28,-0.07,-0.24,-0.83,-3.0,-3.51,-2.65
2017-07-07,002370,28.9,29.09,29.28,28.9,3316,9664182.0,1.31,0.24,0.07,0.16,0.14,-0.17,-0.03,-0.21,0.1,2.32,2.25,3.32,1.76,1.97,29.2,29.04,29.0,28.94,0.07,0.03,-0.52,-0.31,-0.48,-1.07,-3.23,-3.75,-2.89,-0.79
2017-07-10,002370,29.11,28.87,29.11,28.7,2387,6898014.0,1.41,-0.76,-0.22,0.12,0.52,0.66,0.49,0.8,3.03,2.96,4.04,2.47,2.68,2.02,29.11,29.06,28.99,28.94,0.8,0.24,0.45,0.28,-0.31,-2.49,-3.01,-2.15,-0.03,-0.97
2017-07-11,002370,29.1,28.81,29.1,28.67,4294,12349492.0,1.49,-0.21,-0.06,0.21,0.77,0.59,0.91,3.14,3.07,4.15,2.58,2.79,2.13,1.53,29.0,29.05,28.97,28.95,0.45,0.66,0.49,-0.1,-2.29,-2.81,-1.94,0.17,-0.76,0.1
2017-07-12,002370,28.82,28.89,28.94,28.65,3916,11271758.0,1.01,0.28,0.08,0.19,0.66,0.98,3.21,3.14,4.22,2.65,2.86,2.2,1.61,1.57,28.94,29.06,28.97,28.96,0.38,0.21,-0.38,-2.56,-3.08,-2.22,-0.1,-1.04,-0.17,-1.14
2017-07-13,002370,29.0,28.94,29.0,28.76,2446,7056606.0,0.83,0.17,0.05,0.12,0.59,2.82,2.75,3.82,2.26,2.47,1.81,1.22,1.18,0.63,28.92,29.08,28.97,28.98,0.03,-0.55,-2.73,-3.25,-2.38,-0.28,-1.21,-0.35,-1.31,-2.18
2017-07-14,002370,28.95,28.85,28.95,28.65,2636,7583414.0,1.04,-0.31,-0.09,0.13,3.21,3.14,4.22,2.65,2.86,2.2,1.61,1.57,1.01,1.22,28.87,29.03,28.96,28.99,-0.24,-2.43,-2.95,-2.08,0.03,-0.9,-0.03,-1.01,-1.87,-1.91
2017-07-17,002370,28.72,28.05,28.78,27.81,5917,16639901.0,3.36,-2.77,-0.8,0.29,6.26,7.37,5.75,5.97,5.29,4.67,4.64,4.06,4.28,4.1,28.71,28.91,28.91,28.98,0.36,-0.18,0.71,2.89,1.93,2.82,1.82,0.93,0.89,0.78
2017-07-18,002370,28.05,28.0,28.15,27.81,2322,6505461.0,1.21,-0.18,-0.05,0.11,7.37,5.75,5.97,5.29,4.67,4.64,4.06,4.28,4.1,3.49,28.55,28.77,28.87,28.97,0.0,0.89,3.07,2.11,3.0,2.0,1.11,1.07,0.96,0.18
2017-07-19,002370,27.91,27.87,28.0,27.73,3336,9291622.0,0.96,-0.46,-0.13,0.16,6.06,6.27,5.59,4.98,4.94,4.36,4.58,4.4,3.79,1.51,28.34,28.64,28.81,28.92,1.36,3.55,2.58,3.48,2.48,1.58,1.54,1.44,0.65,1.26
2017-07-20,002370,28.25,27.79,28.25,27.67,10400,28827671.0,2.08,-0.29,-0.08,0.51,6.51,5.82,5.2,5.17,4.59,4.81,4.63,4.01,1.73,1.19,28.11,28.52,28.76,28.86,3.85,2.88,3.78,2.77,1.87,1.84,1.73,0.94,1.55,1.04
2017-07-21,002370,27.98,28.6,28.86,27.44,8700,24512061.0,5.11,2.91,0.81,0.43,6.71,6.09,6.05,5.47,5.69,5.5,4.88,2.59,2.04,2.95,28.06,28.47,28.76,28.82,-0.03,0.84,-0.14,-1.01,-1.05,-1.15,-1.92,-1.33,-1.82,-2.03
2017-07-24,002370,28.59,28.39,28.59,27.98,6775,19118831.0,2.13,-0.73,-0.21,0.33,4.04,4.0,3.43,3.65,3.47,2.86,0.61,0.07,0.96,3.15,28.13,28.42,28.74,28.8,1.59,0.6,-0.28,-0.32,-0.42,-1.2,-0.6,-1.09,-1.3,-0.56
2017-07-25,002370,28.21,28.51,28.84,28.12,6855,19605828.0,2.54,0.42,0.12,0.34,3.49,2.92,3.13,2.95,2.35,0.11,-0.43,0.46,2.63,1.67,28.23,28.39,28.72,28.78,0.18,-0.7,-0.74,-0.84,-1.61,-1.02,-1.51,-1.72,-0.98,-1.16
2017-07-26,002370,28.38,28.05,28.56,28.05,5174,14602781.0,1.79,-1.61,-0.46,0.25,3.17,3.39,3.21,2.6,0.36,-0.18,0.71,2.89,1.93,2.82,28.27,28.3,28.68,28.75,0.93,0.89,0.78,0.0,0.61,0.11,-0.11,0.64,0.46,0.29
2017-07-27,002370,28.19,28.2,28.31,28.0,2386,6714788.0,1.11,0.53,0.15,0.12,3.57,3.39,2.79,0.54,0.0,0.89,3.07,2.11,3.0,2.0,28.35,28.23,28.66,28.72,0.35,0.25,-0.53,0.07,-0.43,-0.64,0.11,-0.07,-0.25,-0.5
2017-07-28,002370,28.25,28.19,28.3,28.1,2809,7909122.0,0.71,-0.04,-0.01,0.14,3.02,2.42,0.18,-0.36,0.53,2.7,1.74,2.63,1.64,0.75,28.27,28.16,28.6,28.7,0.28,-0.5,0.11,-0.39,-0.6,0.14,-0.04,-0.21,-0.46,-0.6
2017-07-31,002370,28.05,27.89,28.27,27.84,3204,8962657.0,1.53,-1.06,-0.3,0.16,3.38,1.11,0.57,1.47,3.66,2.69,3.59,2.59,1.69,1.65,28.17,28.15,28.53,28.66,0.57,1.18,0.68,0.47,1.22,1.04,0.86,0.61,0.47,9.25
2017-08-01,002370,27.86,27.93,28.05,27.76,4375,12199964.0,1.04,0.14,0.04,0.21,1.4,0.86,1.77,3.96,2.99,3.89,2.88,1.98,1.95,1.84,28.05,28.14,28.46,28.63,1.04,0.54,0.32,1.07,0.9,0.72,0.47,0.32,9.09,8.49
2017-08-02,002370,27.92,28.01,28.22,27.8,3380,9458555.0,1.5,0.29,0.08,0.17,0.72,1.62,3.81,2.84,3.74,2.73,1.83,1.8,1.69,0.9,28.04,28.16,28.4,28.59,0.25,0.04,0.79,0.61,0.43,0.18,0.04,8.78,8.18,5.96
2017-08-03,002370,27.9,27.97,28.08,27.8,3733,10425412.0,1.0,-0.14,-0.04,0.18,1.62,3.81,2.84,3.74,2.73,1.83,1.8,1.69,0.9,1.51,28.0,28.17,28.34,28.57,0.18,0.93,0.75,0.57,0.32,0.18,8.94,8.33,6.11,5.83
2017-08-04,002370,27.86,28.0,28.02,27.86,1701,4756502.0,0.57,0.11,0.03,0.08,3.59,2.62,3.52,2.51,1.62,1.58,1.47,0.68,1.29,0.79,27.96,28.11,28.29,28.54,0.82,0.64,0.46,0.21,0.07,8.82,8.21,6.0,5.71,4.89
2017-08-07,002370,28.09,28.08,28.23,27.86,3442,9642349.0,1.32,0.29,0.08,0.17,2.62,3.52,2.51,1.62,1.58,1.47,0.68,1.29,0.79,0.57,28.0,28.08,28.25,28.52,0.36,0.18,-0.07,-0.21,8.51,7.91,5.7,5.41,4.59,4.7
2017-08-08,002370,27.97,28.05,28.18,27.86,2865,8008132.0,1.14,-0.11,-0.03,0.14,3.52,2.51,1.62,1.58,1.47,0.68,1.29,0.79,0.57,1.33,28.02,28.04,28.21,28.49,0.29,0.04,-0.11,8.63,8.02,5.81,5.53,4.71,4.81,5.99
2017-08-09,002370,28.04,28.07,28.13,27.91,2952,8260238.0,0.78,0.07,0.02,0.14,2.33,1.43,1.4,1.29,0.5,1.11,0.61,0.39,1.15,0.97,28.03,28.04,28.17,28.47,-0.04,-0.18,8.55,7.94,5.74,5.45,4.63,4.74,5.91,11.83
2017-08-10,002370,27.91,28.02,28.06,27.82,2066,5773003.0,0.86,-0.18,-0.05,0.1,1.76,1.73,1.62,0.83,1.44,0.93,0.72,1.47,1.29,1.11,28.04,28.02,28.13,28.44,0.0,8.74,8.14,5.92,5.64,4.82,4.93,6.1,12.03,9.14
2017-08-11,002370,27.98,28.0,28.02,27.72,2510,6995557.0,1.07,-0.07,-0.02,0.12,2.09,1.98,1.19,1.8,1.3,1.08,1.84,1.66,1.48,1.23,28.04,28.0,28.08,28.4,8.82,8.21,6.0,5.71,4.89,5.0,6.18,12.11,9.21,7.82
2017-08-14,002370,29.0,29.77,30.47,28.7,17182,50993960.0,6.32,6.32,1.77,0.84,-1.5,-2.26,-1.67,-2.16,-2.37,-1.64,-1.81,-1.99,-2.23,-2.37,28.38,28.19,28.17,28.42,1.78,-0.3,-0.57,-1.34,-1.24,-0.13,5.44,2.72,1.41,4.74
2017-08-15,002370,30.06,29.5,30.3,29.35,7428,22028955.0,3.19,-0.91,-0.27,0.36,-4.43,-3.85,-4.33,-4.53,-3.82,-3.99,-4.16,-4.4,-4.53,3.82,28.67,28.35,28.24,28.42,0.61,0.34,-0.44,-0.34,0.78,6.41,3.66,2.34,5.69,5.42
2017-08-16,002370,29.47,29.4,29.68,29.31,5800,17115727.0,1.25,-0.34,-0.1,0.28,-3.72,-4.2,-4.4,-3.68,-3.86,-4.03,-4.26,-4.4,3.96,3.38,28.94,28.49,28.32,28.43,0.68,-0.1,0.0,1.12,6.77,4.01,2.69,6.05,5.78,4.69
2017-08-17,002370,29.4,29.43,29.6,28.76,9294,26974220.0,2.86,0.1,0.03,0.46,-2.36,-2.57,-1.84,-2.02,-2.19,-2.43,-2.57,5.95,5.35,3.2,29.22,28.63,28.4,28.44,-0.2,-0.1,1.02,6.66,3.91,2.58,5.95,5.67,4.59,9.92
2017-08-18,002370,29.27,29.29,29.37,29.06,4039,11801109.0,1.05,-0.48,-0.14,0.2,-3.58,-2.86,-3.03,-3.2,-3.44,-3.58,4.85,4.27,2.13,1.86,29.48,28.76,28.44,28.45,0.38,1.5,7.17,4.4,3.07,6.45,6.18,5.09,10.45,8.19
2017-08-21,002370,29.15,29.33,29.4,29.15,3863,11311193.0,0.85,0.14,0.04,0.19,-3.16,-3.33,-3.5,-3.74,-3.88,4.53,3.95,1.82,1.54,0.75,29.39,28.89,28.48,28.46,1.36,7.02,4.26,2.93,6.31,6.03,4.94,10.3,8.05,9.0
2017-08-22,002370,29.36,29.63,29.73,29.21,8883,26291234.0,1.77,1.02,0.3,0.44,-3.53,-3.7,-3.94,-4.07,4.31,3.73,1.61,1.34,0.55,0.65,29.42,29.04,28.54,28.49,5.94,3.21,1.89,5.23,4.96,3.88,9.18,6.95,7.9,7.86
2017-08-23,002370,30.49,30.92,31.39,30.0,23633,72904539.0,4.69,4.35,1.29,1.16,-6.23,-6.47,-6.6,1.57,1.0,-1.07,-1.33,-2.1,-2.0,-0.9,29.72,29.33,28.68,28.56,-1.1,-2.36,0.84,0.58,-0.45,4.62,2.49,3.4,3.36,5.37
2017-08-24,002370,30.21,29.96,30.58,29.91,12667,38331548.0,2.17,-3.1,-0.96,0.62,-6.19,-6.32,1.87,1.3,-0.77,-1.04,-1.81,-1.71,-0.6,4.95,29.83,29.52,28.77,28.59,0.77,4.07,3.81,2.74,7.98,5.77,6.71,6.68,8.74,10.75
2017-08-25,002370,29.8,29.85,30.19,29.75,7143,21376363.0,1.47,-0.37,-0.11,0.35,-5.82,2.42,1.85,-0.24,-0.5,-1.28,-1.18,-0.07,5.51,2.79,29.94,29.71,28.85,28.63,4.46,4.19,3.12,8.38,6.16,7.1,7.07,9.15,11.16,11.59
2017-08-28,002370,29.91,30.84,31.18,29.91,15579,47944712.0,4.25,3.32,0.99,0.76,1.87,1.3,-0.77,-1.04,-1.81,-1.71,-0.6,4.95,2.24,0.94,30.24,29.81,29.0,28.72,0.84,-0.19,4.9,2.76,3.66,3.63,5.64,7.59,8.01,13.23
2017-08-29,002370,30.65,30.63,31.1,30.46,8696,26724527.0,2.08,-0.68,-0.21,0.43,-0.53,-2.56,-2.82,-3.58,-3.48,-2.4,3.05,0.39,-0.89,2.36,30.44,29.93,29.14,28.81,0.49,5.62,3.46,4.37,4.34,6.37,8.33,8.75,14.01,16.68
2017-08-30,002370,30.7,30.55,30.78,30.4,6785,20723909.0,1.24,-0.26,-0.08,0.33,-2.37,-2.63,-3.39,-3.29,-2.2,3.26,0.59,-0.69,2.57,2.3,30.37,30.04,29.26,28.9,5.89,3.73,4.65,4.62,6.64,8.61,9.03,14.3,16.99,11.1
2017-08-31,002370,30.55,31.52,32.35,30.42,16757,52889794.0,6.32,3.18,0.97,0.82,-2.7,-3.45,-3.35,-2.27,3.19,0.53,-0.76,2.5,2.24,1.18,30.68,30.25,29.44,29.02,0.54,1.43,1.4,3.36,5.27,5.68,10.79,13.39,7.68,6.54
2017-09-01,002370,31.69,31.58,31.69,31.11,9820,30826914.0,1.84,0.19,0.06,0.48,-5.59,-5.5,-4.44,0.9,-1.7,-2.96,0.23,-0.03,-1.06,3.99,31.02,30.48,29.62,29.12,1.23,1.2,3.17,5.07,5.48,10.58,13.17,7.47,6.33,7.6
2017-09-04,002370,31.34,31.61,31.97,31.34,8930,28293807.0,1.99,0.09,0.03,0.44,-6.19,-5.14,0.16,-2.43,-3.67,-0.51,-0.77,-1.79,3.22,1.12,31.18,30.71,29.8,29.23,1.11,3.07,4.97,5.38,10.47,13.07,7.37,6.23,7.5,4.9
2017-09-05,002370,31.59,31.75,31.96,31.16,9446,29949034.0,2.53,0.44,0.14,0.46,-4.59,0.74,-1.86,-3.11,0.06,-0.19,-1.22,3.82,1.7,2.6,31.4,30.92,29.98,29.33,2.61,4.5,4.91,9.98,12.57,6.9,5.76,7.02,4.44,2.3
2017-09-06,002370,31.74,32.35,32.58,31.51,16626,53584821.0,3.37,1.89,0.6,0.82,-0.38,-2.95,-4.19,-1.05,-1.3,-2.32,2.67,0.57,1.46,1.43,31.76,31.06,30.2,29.48,2.57,2.97,7.94,10.48,4.91,3.8,5.04,2.5,0.4,-50.08
2017-09-07,002370,32.25,32.51,33.18,32.16,17296,56799086.0,3.15,0.49,0.16,0.85,-4.91,-6.13,-3.05,-3.3,-4.29,0.59,-1.46,-0.59,-0.62,1.31,31.96,31.32,30.42,29.62,2.46,7.41,9.94,4.4,3.29,4.52,2.0,-0.09,-50.32,-50.66
2017-09-08,002370,32.5,33.28,33.31,32.31,13628,44886906.0,3.08,2.37,0.77,0.67,-6.56,-3.5,-3.74,-4.74,0.12,-1.92,-1.05,-1.08,0.84,2.69,32.3,31.66,30.68,29.79,4.93,7.39,1.98,0.9,2.1,-0.36,-2.4,-51.47,-51.8,-52.49
2017-09-11,002370,33.58,34.8,34.92,33.55,36979,127037351.0,4.12,4.57,1.52,1.81,-7.06,-7.3,-8.26,-3.58,-5.54,-4.71,-4.74,-2.89,-1.1,-0.72,32.94,32.06,30.94,30.02,2.7,-2.47,-3.51,-2.36,-4.71,-6.67,-53.59,-53.91,-54.57,-55.72
2017-09-12,002370,35.21,33.38,35.74,33.25,41472,141616902.0,7.16,-4.08,-1.42,2.03,-6.47,-7.43,-2.71,-4.69,-3.85,-3.88,-2.02,-0.21,0.18,5.02,33.26,32.33,31.13,30.2,1.68,0.6,1.8,-0.66,-2.7,-51.62,-51.95,-52.64,-53.83,-54.46
2017-09-13,002370,33.25,33.2,33.94,32.9,18864,62855332.0,3.12,-0.54,-0.18,0.92,-6.44,-1.67,-3.68,-2.83,-2.86,-0.97,0.85,1.25,6.14,8.63,33.43,32.6,31.32,30.38,1.14,2.35,-0.12,-2.17,-51.36,-51.69,-52.38,-53.58,-54.22,-54.28
2017-09-14,002370,33.4,33.44,33.58,32.9,13499,44874200.0,2.05,0.72,0.24,0.66,-1.67,-3.68,-2.83,-2.86,-0.97,0.85,1.25,6.14,8.63,3.16,33.62,32.79,31.52,30.56,1.61,-0.84,-2.87,-51.7,-52.03,-52.72,-53.92,-54.55,-54.61,-54.31
2017-09-15,002370,33.3,32.9,33.98,32.8,14691,49044997.0,3.53,-1.61,-0.54,0.72,-3.38,-2.53,-2.56,-0.67,1.16,1.55,6.46,8.96,3.48,2.38,33.54,32.92,31.7,30.72,0.79,-1.28,-50.91,-51.25,-51.95,-53.16,-53.8,-53.86,-53.56,-54.47
2017-09-18,002370,32.8,32.46,33.16,32.13,17009,55174130.0,3.13,-1.34,-0.44,0.83,-0.5,-0.53,1.4,3.27,3.67,8.68,11.24,5.63,4.51,5.76,33.08,33.01,31.86,30.87,0.06,-50.25,-50.59,-51.29,-52.53,-53.17,-53.23,-52.93,-53.85,-53.48
2017-09-19,002370,32.48,31.4,32.48,31.2,17199,54825453.0,3.94,-3.27,-1.06,0.84,2.44,4.42,6.35,6.76,11.92,14.55,8.78,7.63,8.91,6.28,32.68,32.97,31.95,30.98,-48.57,-48.92,-49.65,-50.92,-51.59,-51.66,-51.34,-52.29,-51.91,-49.08
2017-09-20,002370,15.75,15.61,16.15,15.55,22969,36275696.0,1.91,-50.29,-15.79,0.56,109.52,113.38,114.21,124.57,129.84,118.26,115.95,118.52,113.25,108.87,29.16,31.3,31.18,30.56,2.75,1.28,-1.28,-2.63,-2.75,-2.11,-4.04,-3.27,2.43,4.42
2017-09-21,002370,15.61,15.76,16.04,15.61,24192,38249314.0,2.75,0.96,0.15,0.59,112.56,113.39,123.7,128.96,117.42,115.12,117.68,112.43,108.07,3.46,25.63,29.62,30.47,30.16,0.32,-2.22,-3.55,-3.68,-3.05,-4.95,-4.19,1.46,3.43,-1.46
2017-09-22,002370,15.64,15.18,15.81,15.01,24922,38158797.0,5.08,-3.68,-0.58,0.61,121.92,132.64,138.11,126.12,123.72,126.38,120.92,116.39,7.59,6.86,22.08,27.81,29.74,29.73,1.52,0.13,0.0,0.66,-1.32,-0.53,5.34,7.38,2.31,7.38
2017-09-25,002370,15.23,15.09,15.41,14.98,21544,32621913.0,2.83,-0.59,-0.09,0.53,133.11,138.58,126.57,124.17,126.84,121.36,116.82,7.81,7.08,5.54,18.61,25.84,28.95,29.24,0.73,0.6,1.26,-0.73,0.07,5.96,8.02,2.92,8.02,4.71
2017-09-26,002370,15.01,14.88,15.2,14.52,16614,24739582.0,4.51,-1.39,-0.21,0.41,146.14,133.75,131.27,134.02,128.37,123.69,11.23,10.47,8.88,6.13,15.3,23.99,28.16,28.75,2.02,2.69,0.67,1.48,7.46,9.54,4.37,9.54,6.18,3.9
2017-09-27,002370,14.86,15.16,15.18,14.73,15120,22584149.0,3.02,1.88,0.28,0.37,130.41,127.97,130.69,125.12,120.5,9.64,8.89,7.33,4.62,3.19,15.21,22.19,27.39,28.28,0.79,-1.19,-0.4,5.47,7.52,2.44,7.52,4.22,1.98,1.78
2017-09-28,002370,15.03,14.96,15.28,14.8,11336,17035070.0,3.17,-1.32,-0.2,0.28,126.89,129.59,124.05,119.46,9.12,8.38,6.82,4.12,2.7,2.57,15.05,20.34,26.56,27.79,0.13,0.94,6.89,8.96,3.81,8.96,5.61,3.34,3.14,1.6
2017-09-29,002370,14.95,14.83,14.98,14.8,9384,13939401.0,1.2,-0.87,-0.13,0.23,129.59,124.05,119.46,9.12,8.38,6.82,4.12,2.7,2.57,3.24,14.98,18.53,25.73,27.31,1.82,7.82,9.91,4.72,9.91,6.54,4.25,4.05,2.49,2.83
2017-10-09,002370,14.9,15.1,15.1,14.9,10961,16467951.0,1.35,1.82,0.27,0.27,122.55,117.99,8.39,7.65,6.11,3.42,2.01,1.88,2.55,0.54,14.99,16.8,24.9,26.84,5.89,7.95,2.85,7.95,4.64,2.38,2.19,0.66,0.99,1.32
2017-10-10,002370,15.16,15.98,15.99,15.11,34004,53433813.0,5.83,5.83,0.88,0.83,114.96,6.88,6.15,4.63,1.99,0.6,0.46,1.13,-0.86,-0.07,15.21,15.25,24.11,26.38,2.0,-2.82,2.0,-1.13,-3.25,-3.44,-4.88,-4.57,-4.26,-2.44
2017-10-11,002370,15.99,15.64,16.3,15.51,33021,52536360.0,4.94,-2.13,-0.34,0.81,4.13,3.42,1.93,-0.64,-2.0,-2.13,-1.48,-3.42,-2.64,3.09,15.3,15.26,23.28,25.87,-0.7,4.22,1.02,-1.15,-1.34,-2.81,-2.49,-2.17,-0.32,-0.58
2017-10-12,002370,15.52,15.24,15.53,15.2,17559,26862031.0,2.11,-2.56,-0.4,0.43,5.53,4.01,1.38,0.0,-0.13,0.53,-1.45,-0.66,5.2,7.24,15.36,15.21,22.41,25.38,6.96,3.67,1.44,1.25,-0.26,0.07,0.39,2.3,2.03,1.84
2017-10-13,002370,15.26,15.89,16.3,15.26,45175,71832344.0,6.82,4.27,0.65,1.11,3.6,0.98,-0.39,-0.52,0.13,-1.83,-1.05,4.78,6.82,1.77,15.57,15.28,21.54,24.92,-0.57,-2.71,-2.89,-4.34,-4.03,-3.71,-1.89,-2.14,-2.33,-3.21
2017-10-16,002370,15.77,15.43,15.8,15.29,25576,39559063.0,3.21,-2.89,-0.46,0.63,0.78,-0.59,-0.72,-0.07,-2.03,-1.24,4.58,6.61,1.57,6.61,15.64,15.31,20.58,24.4,0.19,0.0,-1.49,-1.17,-0.84,1.04,0.78,0.58,-0.32,-2.27
2017-10-17,002370,15.3,15.3,15.46,14.95,8950,13663978.0,3.31,-0.84,-0.13,0.22,1.67,1.54,2.21,0.2,1.0,6.96,9.03,3.88,9.03,5.69,15.5,15.35,19.67,23.89,0.85,-0.65,-0.33,0.0,1.9,1.63,1.44,0.52,-1.44,-1.96
2017-10-18,002370,15.33,15.04,15.43,15.03,11140,16910650.0,2.61,-1.7,-0.26,0.27,1.0,1.66,-0.33,0.47,6.39,8.45,3.33,8.45,5.12,2.86,15.38,15.34,18.76,23.38,1.06,1.4,1.73,3.66,3.39,3.19,2.26,0.27,-0.27,-1.2
2017-10-19,002370,15.04,15.19,15.2,14.98,7666,11573131.0,1.46,1.0,0.15,0.19,2.0,0.0,0.8,6.74,8.81,3.67,8.81,5.47,3.2,3.0,15.37,15.36,17.85,22.83,0.39,0.72,2.63,2.37,2.17,1.25,-0.72,-1.25,-2.17,-2.04
2017-10-20,002370,15.09,15.22,15.25,15.03,8553,12941741.0,1.45,0.2,0.03,0.21,-0.33,0.47,6.39,8.45,3.33,8.45,5.12,2.86,2.66,1.13,15.24,15.4,16.97,22.29,0.53,2.43,2.17,1.97,1.05,-0.92,-1.45,-2.37,-2.23,-2.96
2017-10-23,002370,15.18,15.29,15.3,14.83,12091,18197777.0,3.09,0.46,0.07,0.3,1.82,7.82,9.91,4.72,9.91,6.54,4.25,4.05,2.49,2.83,15.21,15.42,16.11,21.74,1.96,1.7,1.5,0.59,-1.37,-1.9,-2.81,-2.68,-3.4,-3.01
2017-10-24,002370,15.15,15.55,15.59,15.15,23959,37053115.0,2.88,1.7,0.26,0.59,5.54,7.59,2.51,7.59,4.29,2.05,1.85,0.33,0.66,0.99,15.26,15.38,15.32,21.2,0.0,-0.19,-1.09,-3.02,-3.54,-4.44,-4.31,-5.02,-4.63,-4.95
2017-10-25,002370,15.51,15.47,15.55,15.31,13300,20498199.0,1.54,-0.51,-0.08,0.33,6.47,1.44,6.47,3.2,0.98,0.78,-0.72,-0.39,-0.07,1.83,15.34,15.36,15.31,20.64,0.32,-0.58,-2.52,-3.04,-3.94,-3.81,-4.52,-4.14,-4.46,-5.62
2017-10-26,002370,15.52,15.25,15.52,15.21,12340,18840225.0,2.0,-1.42,-0.22,0.3,2.1,7.17,3.88,1.64,1.45,-0.07,0.26,0.59,2.5,2.24,15.36,15.36,15.28,20.06,0.85,-1.11,-1.64,-2.56,-2.43,-3.15,-2.75,-3.08,-4.26,-3.74
2017-10-27,002370,15.3,15.03,15.38,15.01,11606,17590115.0,2.43,-1.44,-0.22,0.28,8.59,5.26,3.0,2.8,1.27,1.6,1.93,3.86,3.6,3.4,15.32,15.28,15.28,19.46,0.33,-0.2,-1.13,-1.0,-1.73,-1.33,-1.66,-2.86,-2.33,-2.4
2017-10-30,002370,14.99,14.64,15.08,14.44,15984,23406961.0,4.26,-2.59,-0.39,0.39,9.42,7.06,6.86,5.26,5.61,5.96,7.96,7.69,7.48,6.51,15.19,15.2,15.25,18.78,2.46,1.5,1.64,0.89,1.3,0.96,-0.27,0.27,0.2,-0.82
2017-10-31,002370,14.58,14.88,15.0,14.39,12525,18586199.0,4.17,1.64,0.24,0.31,7.44,7.23,5.63,5.98,6.32,8.34,8.06,7.85,6.88,4.79,15.05,15.16,15.25,18.17,-0.13,0.0,-0.74,-0.34,-0.67,-1.88,-1.34,-1.41,-2.42,-2.62
2017-11-01,002370,14.58,14.67,14.86,14.58,8893,13084590.0,1.88,-1.41,-0.21,0.22,5.83,4.25,4.6,4.94,6.93,6.65,6.45,5.49,3.43,2.88,14.89,15.12,15.23,17.55,1.43,0.68,1.09,0.75,-0.48,0.07,0.0,-1.02,-1.23,-2.66
2017-11-02,002370,14.67,14.69,14.88,14.61,9112,13411846.0,1.84,0.14,0.02,0.22,4.04,4.38,4.72,6.71,6.43,6.23,5.27,3.22,2.67,1.71,14.78,15.07,15.22,16.92,0.54,0.95,0.61,-0.61,-0.07,-0.14,-1.16,-1.36,-2.79,-2.31
2017-11-03,002370,14.77,14.68,14.77,14.21,14074,20340654.0,3.81,-0.07,-0.01,0.34,7.32,7.67,9.71,9.43,9.22,8.23,6.12,5.56,4.57,4.71,14.71,15.01,15.21,16.32,1.02,0.68,-0.54,0.0,-0.07,-1.09,-1.29,-2.72,-2.25,-2.32
2017-11-06,002370,14.68,14.75,14.83,14.51,10273,15098149.0,2.18,0.48,0.07,0.25,5.44,7.44,7.17,6.96,6.0,3.93,3.38,2.41,2.55,1.79,14.73,14.96,15.19,15.73,0.2,-1.02,-0.47,-0.54,-1.56,-1.76,-3.19,-2.71,-2.78,-4.47
2017-11-07,002370,14.7,14.54,14.78,14.5,11639,16982637.0,1.9,-1.42,-0.21,0.29,7.52,7.24,7.03,6.07,4.0,3.45,2.48,2.62,1.86,2.28,14.67,14.86,15.12,15.16,0.41,0.96,0.89,-0.14,-0.34,-1.79,-1.31,-1.38,-3.09,-1.79
2017-11-08,002370,14.55,14.38,14.6,14.33,8956,12977591.0,1.86,-1.1,-0.16,0.22,8.51,8.3,7.33,5.23,4.68,3.7,3.84,3.07,3.49,3.14,14.61,14.75,15.06,15.12,2.09,2.02,0.97,0.76,-0.7,-0.21,-0.28,-2.02,-0.7,1.32
2017-11-09,002370,14.38,14.42,14.68,14.38,8495,12320669.0,2.09,0.28,0.04,0.21,7.93,6.95,4.87,4.31,3.34,3.48,2.71,3.13,2.78,1.53,14.55,14.67,15.02,15.08,1.73,0.69,0.49,-0.97,-0.49,-0.55,-2.29,-0.97,1.04,1.18
2017-11-10,002370,14.41,14.48,14.67,14.3,10342,14963931.0,2.57,0.42,0.06,0.25,7.55,5.45,4.9,3.92,4.06,3.29,3.71,3.36,2.1,2.66,14.51,14.61,14.95,15.06,0.28,0.07,-1.38,-0.9,-0.97,-2.69,-1.38,0.62,0.76,-1.1
2017-11-13,002370,14.48,14.37,14.52,14.27,9202,13195181.0,1.73,-0.76,-0.11,0.23,5.68,5.12,4.13,4.27,3.5,3.92,3.57,2.31,2.87,2.8,14.44,14.59,14.89,15.03,0.84,-0.63,-0.14,-0.21,-1.95,-0.63,1.39,1.53,-0.35,-1.11
2017-11-14,002370,14.38,14.07,14.49,14.05,10697,15173201.0,3.06,-2.09,-0.3,0.26,6.76,5.77,5.91,5.12,5.55,5.2,3.91,4.48,4.41,3.35,14.34,14.5,14.83,15.0,1.49,1.99,1.92,0.14,1.49,3.55,3.7,1.78,1.0,0.78
2017-11-15,002370,14.07,14.08,14.28,13.9,8370,11770565.0,2.7,0.07,0.01,0.21,6.91,7.05,6.26,6.69,6.33,5.04,5.61,5.54,4.46,4.24,14.28,14.45,14.78,14.97,1.92,1.85,0.07,1.42,3.48,3.62,1.7,0.92,0.71,0.99
2017-11-16,002370,14.19,14.26,14.35,14.11,9665,13764730.0,1.7,1.28,0.18,0.24,5.46,4.68,5.1,4.75,3.47,4.04,3.97,2.91,2.69,1.2,14.25,14.4,14.74,14.95,0.56,-1.19,0.14,2.17,2.31,0.42,-0.35,-0.56,-0.28,-0.42
2017-11-17,002370,14.26,14.05,14.34,13.71,17751,24697040.0,4.42,-1.47,-0.21,0.44,7.73,8.17,7.8,6.49,7.08,7.0,5.91,5.69,4.16,4.67,14.17,14.34,14.68,14.92,0.28,1.64,3.7,3.84,1.92,1.14,0.93,1.21,1.07,0.71
2017-11-20,002370,14.03,14.07,14.09,13.71,9149,12718764.0,2.7,0.14,0.02,0.22,8.17,7.8,6.49,7.08,7.0,5.91,5.69,4.16,4.67,4.6,14.11,14.27,14.62,14.89,1.49,3.55,3.7,1.78,1.0,0.78,1.07,0.92,0.57,9.81
2017-11-21,002370,14.08,14.27,14.28,13.9,14343,20329182.0,2.7,1.42,0.2,0.35,6.33,5.04,5.61,5.54,4.46,4.24,2.73,3.24,3.17,1.37,14.15,14.24,14.55,14.83,2.1,2.24,0.35,-0.42,-0.63,-0.35,-0.49,-0.84,8.27,6.8
2017-11-22,002370,14.28,14.44,14.57,14.09,15418,22210326.0,3.36,1.19,0.17,0.38,3.62,4.19,4.12,3.05,2.84,1.35,1.85,1.77,0.0,1.35,14.22,14.25,14.5,14.79,1.04,-0.83,-1.59,-1.8,-1.52,-1.66,-2.01,6.99,5.54,3.39
2017-11-23,002370,14.5,14.24,14.59,14.06,8574,12218743.0,3.67,-1.39,-0.2,0.21,4.41,4.34,3.27,3.06,1.56,2.06,1.99,0.21,1.56,3.63,14.21,14.23,14.45,14.75,0.56,-0.21,-0.42,-0.14,-0.28,-0.63,8.5,7.02,4.85,7.16
2017-11-24,002370,14.32,14.21,14.32,14.0,8540,12049151.0,2.25,-0.21,-0.03,0.21,4.79,3.71,3.5,2.0,2.5,2.43,0.64,2.0,4.07,4.21,14.25,14.21,14.41,14.7,0.0,-0.21,0.07,-0.07,-0.42,8.73,7.25,5.07,7.39,8.73
2017-11-27,002370,14.19,14.16,14.21,14.04,6082,8578599.0,1.2,-0.35,-0.05,0.15,3.42,3.21,1.71,2.21,2.14,0.36,1.71,3.77,3.92,1.99,14.26,14.18,14.39,14.66,0.14,0.42,0.28,-0.07,9.11,7.63,5.44,7.77,9.11,7.56
2017-11-28,002370,14.15,14.12,14.18,14.0,8181,11508396.0,1.27,-0.28,-0.04,0.2,3.5,2.0,2.5,2.43,0.64,2.0,4.07,4.21,2.29,1.5,14.23,14.19,14.35,14.62,0.71,0.57,0.21,9.42,7.93,5.74,8.07,9.42,7.86,7.01
2017-11-29,002370,14.22,14.18,14.22,14.05,6670,9436771.0,1.2,0.42,0.06,0.16,1.64,2.14,2.06,0.28,1.64,3.7,3.84,1.92,1.14,0.93,14.18,14.2,14.32,14.59,0.14,-0.21,8.96,7.48,5.29,7.62,8.96,7.4,6.56,5.85
2017-11-30,002370,14.2,14.12,14.2,14.0,5613,7895634.0,1.41,-0.42,-0.06,0.14,2.5,2.43,0.64,2.0,4.07,4.21,2.29,1.5,1.29,1.57,14.16,14.19,14.29,14.55,0.21,9.42,7.93,5.74,8.07,9.42,7.86,7.01,6.3,5.74
2017-12-01,002370,14.15,14.12,14.15,13.96,5910,8304843.0,1.35,0.0,0.0,0.14,2.72,0.93,2.29,4.37,4.51,2.58,1.79,1.58,1.86,1.72,14.14,14.19,14.27,14.52,9.42,7.93,5.74,8.07,9.42,7.86,7.01,6.3,5.74,6.87
2017-12-04,002370,14.09,14.88,15.45,14.09,31632,47302240.0,9.63,5.38,0.76,0.78,0.0,1.35,3.41,3.55,1.63,0.85,0.64,0.92,0.78,0.43,14.28,14.27,14.27,14.5,2.42,0.34,2.55,3.83,2.35,1.55,0.87,0.34,1.41,0.6
2017-12-05,002370,14.98,14.92,15.24,14.58,21187,31761442.0,4.44,0.27,0.04,0.52,-2.06,-0.07,0.07,-1.78,-2.54,-2.74,-2.47,-2.61,-2.95,5.97,14.44,14.34,14.29,14.48,0.07,2.28,3.55,2.08,1.27,0.6,0.07,1.14,0.34,0.2
2017-12-06,002370,14.73,14.82,14.93,14.51,13692,20170075.0,2.82,-0.67,-0.1,0.34,0.41,0.55,-1.31,-2.07,-2.27,-2.0,-2.14,-2.48,6.48,5.03,14.57,14.38,14.31,14.46,2.97,4.25,2.77,1.96,1.28,0.74,1.82,1.01,0.88,0.94
2017-12-07,002370,14.82,15.26,15.26,14.73,22177,33440570.0,3.58,2.97,0.44,0.54,-0.95,-2.78,-3.53,-3.73,-3.46,-3.6,-3.94,4.89,3.46,1.36,14.8,14.48,14.36,14.46,1.25,-0.2,-0.98,-1.64,-2.16,-1.11,-1.9,-2.03,-1.97,-3.47
2017-12-08,002370,15.25,15.19,15.45,15.1,12745,19408897.0,2.29,-0.46,-0.07,0.31,-5.17,-5.89,-6.09,-5.83,-5.96,-6.29,2.32,0.93,-1.13,1.06,15.01,14.58,14.39,14.47,0.26,-0.53,-1.18,-1.71,-0.66,-1.45,-1.58,-1.51,-3.03,-1.71
2017-12-11,002370,15.23,15.14,15.23,14.94,10530,15813859.0,1.91,-0.33,-0.05,0.26,-4.89,-5.09,-4.82,-4.95,-5.29,3.41,2.01,-0.07,2.14,3.41,15.07,14.67,14.43,14.48,-0.2,-0.86,-1.39,-0.33,-1.12,-1.25,-1.19,-2.71,-1.39,-2.91
2017-12-12,002370,15.11,15.03,15.11,14.91,8880,13302005.0,1.32,-0.73,-0.11,0.22,-4.9,-4.63,-4.76,-5.1,3.62,2.21,0.13,2.35,3.62,2.15,15.09,14.77,14.48,14.49,-0.13,-0.67,0.4,-0.4,-0.53,-0.47,-2.0,-0.67,-2.2,-5.06
2017-12-13,002370,15.01,14.74,15.01,14.52,12112,17887213.0,3.26,-1.93,-0.29,0.3,-2.07,-2.2,-2.55,6.4,4.96,2.82,5.1,6.4,4.89,4.06,15.07,14.82,14.51,14.49,1.29,2.37,1.56,1.42,1.49,-0.07,1.29,-0.27,-3.19,-3.87
2017-12-14,002370,14.65,14.87,14.93,14.5,18300,26886654.0,2.92,0.88,0.13,0.45,-2.07,-2.41,6.55,5.1,2.97,5.24,6.55,5.03,4.21,3.52,14.99,14.9,14.54,14.5,1.48,0.67,0.54,0.61,-0.94,0.4,-1.14,-4.03,-4.71,-4.44
2017-12-15,002370,14.85,14.87,15.09,14.66,15660,23355340.0,2.89,0.0,0.0,0.38,-3.48,5.39,3.96,1.84,4.09,5.39,3.89,3.07,2.39,1.84,14.93,14.97,14.58,14.5,0.67,0.54,0.61,-0.94,0.4,-1.14,-4.03,-4.71,-4.44,-3.3
2017-12-18,002370,14.9,14.8,14.97,14.7,7476,11072269.0,1.82,-0.47,-0.07,0.18,5.1,3.67,1.56,3.81,5.1,3.61,2.79,2.11,1.56,2.65,14.86,14.96,14.62,14.5,1.01,1.08,-0.47,0.88,-0.68,-3.58,-4.26,-3.99,-2.84,-1.62
2017-12-19,002370,14.95,14.8,14.95,14.73,8144,12095593.0,1.49,0.0,0.0,0.2,3.46,1.36,3.6,4.89,3.39,2.58,1.9,1.36,2.44,1.63,14.82,14.95,14.65,14.51,1.08,-0.47,0.88,-0.68,-3.58,-4.26,-3.99,-2.84,-1.62,-2.77
2017-12-20,002370,14.92,14.59,14.96,14.45,10861,15847331.0,3.45,-1.42,-0.21,0.27,3.32,5.61,6.92,5.4,4.57,3.88,3.32,4.43,3.6,3.46,14.79,14.93,14.65,14.52,0.96,2.33,0.75,-2.19,-2.88,-2.6,-1.44,-0.21,-1.37,-1.92
2017-12-21,002370,14.68,14.68,14.73,14.5,4353,6362605.0,1.58,0.62,0.09,0.11,5.24,6.55,5.03,4.21,3.52,2.97,4.07,3.24,3.1,3.17,14.75,14.87,14.68,14.53,1.7,0.14,-2.79,-3.47,-3.2,-2.04,-0.82,-1.98,-2.52,-3.47
2017-12-22,002370,14.76,14.73,14.93,14.6,10831,16022518.0,2.25,0.34,0.05,0.27,5.82,4.32,3.49,2.81,2.26,3.36,2.53,2.4,2.47,0.89,14.72,14.82,14.7,14.54,-0.2,-3.12,-3.8,-3.53,-2.38,-1.15,-2.31,-2.85,-3.8,-0.81
2017-12-25,002370,14.7,14.32,14.7,14.04,10276,14678707.0,4.48,-2.78,-0.41,0.25,8.48,7.62,6.91,6.34,7.48,6.62,6.48,6.55,4.91,6.34,14.62,14.74,14.71,14.53,-0.35,-1.05,-0.77,0.42,1.68,0.49,-0.07,-1.05,2.03,1.19
2017-12-26,002370,14.02,14.19,14.27,14.02,9233,13015781.0,1.75,-0.91,-0.13,0.23,7.77,7.06,6.49,7.63,6.78,6.63,6.7,5.06,6.49,4.85,14.5,14.66,14.71,14.54,-0.14,0.14,1.34,2.61,1.41,0.85,-0.14,2.96,2.11,2.04
2017-12-27,002370,14.16,14.12,14.17,14.0,5020,7055923.0,1.2,-0.49,-0.07,0.12,7.21,6.64,7.79,6.93,6.79,6.86,5.21,6.64,5.0,1.93,14.41,14.6,14.71,14.54,0.64,1.84,3.12,1.91,1.35,0.35,3.47,2.62,2.55,1.7
2017-12-28,002370,14.11,14.19,14.21,14.0,17822,25132462.0,1.49,0.5,0.07,0.44,6.64,7.79,6.93,6.79,6.86,5.21,6.64,5.0,1.93,1.21,14.31,14.53,14.71,14.54,1.34,2.61,1.41,0.85,-0.14,2.96,2.11,2.04,1.2,0.42
2017-12-29,002370,14.19,14.36,14.38,14.12,5531,7876272.0,1.83,1.2,0.17,0.14,6.87,6.02,5.88,5.95,4.32,5.74,4.11,1.06,0.35,0.64,14.24,14.48,14.73,14.55,1.39,0.21,-0.35,-1.32,1.74,0.91,0.84,0.0,-0.77,-0.63
2018-01-02,002370,14.36,14.26,14.56,14.24,5898,8465565.0,2.23,-0.7,-0.1,0.14,5.13,4.99,5.06,3.44,4.85,3.23,0.21,-0.49,-0.21,0.98,14.22,14.42,14.69,14.55,0.91,0.35,-0.63,2.45,1.61,1.54,0.7,-0.07,0.07,-0.7
2018-01-03,002370,14.39,14.29,14.39,14.2,5259,7507165.0,1.33,0.21,0.03,0.13,5.28,5.35,3.73,5.14,3.52,0.49,-0.21,0.07,1.27,2.54,14.24,14.37,14.66,14.55,0.14,-0.84,2.24,1.4,1.33,0.49,-0.28,-0.14,-0.91,-1.75
2018-01-04,002370,14.31,14.14,14.31,14.08,5389,7631497.0,1.61,-1.05,-0.15,0.13,6.25,4.62,6.04,4.4,1.35,0.64,0.92,2.13,3.41,2.2,14.25,14.33,14.63,14.54,0.21,3.32,2.48,2.4,1.56,0.78,0.92,0.14,-0.71,-0.28
2018-01-05,002370,14.0,14.13,14.17,14.0,24858,35011890.0,1.2,-0.07,-0.01,0.61,5.21,6.64,5.0,1.93,1.21,1.5,2.71,4.0,2.79,2.21,14.24,14.27,14.57,14.54,3.4,2.55,2.48,1.63,0.85,0.99,0.21,-0.64,-0.21,0.14
2018-01-08,002370,14.15,14.56,14.61,14.0,54622,77997316.0,4.32,3.04,0.43,1.34,6.64,5.0,1.93,1.21,1.5,2.71,4.0,2.79,2.21,1.21,14.28,14.26,14.54,14.55,-0.48,-0.55,-1.37,-2.13,-1.99,-2.75,-3.57,-3.16,-2.82,-3.37
2018-01-09,002370,14.49,14.38,14.49,14.28,11002,15833536.0,1.44,-1.24,-0.18,0.27,2.94,-0.07,-0.77,-0.49,0.7,1.96,0.77,0.21,-0.77,2.31,14.3,14.26,14.5,14.56,0.7,-0.14,-0.9,-0.76,-1.53,-2.36,-1.95,-1.6,-2.16,-1.53
2018-01-10,002370,14.45,14.3,14.48,14.18,11616,16595294.0,2.09,-0.56,-0.08,0.28,0.63,-0.07,0.21,1.41,2.68,1.48,0.92,-0.07,3.03,2.19,14.3,14.27,14.47,14.57,0.42,-0.35,-0.21,-0.98,-1.82,-1.4,-1.05,-1.61,-0.98,-1.61
2018-01-11,002370,14.24,14.27,14.36,14.19,8116,11560156.0,1.19,-0.21,-0.03,0.2,-0.14,0.14,1.34,2.61,1.41,0.85,-0.14,2.96,2.11,2.04,14.33,14.29,14.44,14.57,-0.14,0.0,-0.77,-1.61,-1.19,-0.84,-1.4,-0.77,-1.4,-1.47
2018-01-12,002370,14.25,14.23,14.25,14.12,4389,6223745.0,0.91,-0.28,-0.04,0.11,0.64,1.84,3.12,1.91,1.35,0.35,3.47,2.62,2.55,1.7,14.35,14.29,14.41,14.57,0.28,-0.49,-1.34,-0.91,-0.56,-1.12,-0.49,-1.12,-1.19,-1.48
2018-01-15,002370,14.27,14.17,14.27,14.06,6304,8907739.0,1.48,-0.42,-0.06,0.15,2.28,3.56,2.35,1.78,0.78,3.91,3.06,2.99,2.13,1.35,14.27,14.27,14.38,14.57,-0.07,-0.92,-0.49,-0.14,-0.71,-0.07,-0.71,-0.78,-1.06,-0.28
2018-01-16,002370,14.16,14.08,14.16,13.88,13621,19041152.0,1.98,-0.64,-0.09,0.33,4.9,3.67,3.1,2.09,5.26,4.39,4.32,3.46,2.67,2.81,14.21,14.25,14.34,14.55,-0.28,0.14,0.5,-0.07,0.57,-0.07,-0.14,-0.43,0.36,-0.85
2018-01-17,002370,13.94,14.04,14.04,13.81,7530,10479382.0,1.63,-0.28,-0.04,0.18,4.2,3.62,2.61,5.79,4.92,4.85,3.98,3.19,3.33,2.53,14.16,14.23,14.3,14.52,0.43,0.78,0.21,0.85,0.21,0.14,-0.14,0.64,-0.57,-1.57
2018-01-18,002370,14.1,13.91,14.1,13.87,4109,5724876.0,1.64,-0.93,-0.13,0.1,3.17,2.16,5.34,4.47,4.4,3.53,2.74,2.88,2.09,1.23,14.09,14.21,14.27,14.49,1.73,1.15,1.8,1.15,1.08,0.79,1.58,0.36,-0.65,-3.59
2018-01-19,002370,14.0,14.07,14.15,13.9,7305,10254762.0,1.8,1.15,0.16,0.18,1.94,5.11,4.24,4.17,3.31,2.52,2.66,1.87,1.01,1.44,14.05,14.2,14.24,14.45,0.0,0.64,0.0,-0.07,-0.36,0.43,-0.78,-1.78,-4.69,-6.75
2018-01-22,002370,14.07,14.02,14.07,13.95,5690,7964799.0,0.85,-0.36,-0.05,0.14,4.73,3.87,3.8,2.94,2.15,2.29,1.51,0.65,1.08,1.43,14.02,14.15,14.2,14.41,1.0,0.36,0.29,0.0,0.78,-0.43,-1.43,-4.35,-6.42,-7.77
2018-01-23,002370,14.02,14.1,14.16,13.86,33716,47164213.0,2.14,0.57,0.08,0.83,4.55,4.47,3.61,2.81,2.96,2.16,1.3,1.73,2.09,1.52,14.03,14.12,14.19,14.37,-0.21,-0.28,-0.57,0.21,-0.99,-1.99,-4.89,-6.95,-8.3,0.14
2018-01-24,002370,14.06,14.01,14.07,13.89,4483,6274295.0,1.28,-0.64,-0.09,0.11,4.25,3.38,2.59,2.74,1.94,1.08,1.51,1.87,1.3,1.94,14.02,14.09,14.18,14.34,0.36,0.07,0.86,-0.36,-1.36,-4.28,-6.35,-7.71,0.79,4.14
2018-01-25,002370,14.06,13.98,14.06,13.9,5730,8004026.0,1.14,-0.21,-0.03,0.14,3.31,2.52,2.66,1.87,1.01,1.44,1.8,1.22,1.87,1.22,14.04,14.06,14.17,14.32,0.29,1.07,-0.14,-1.14,-4.08,-6.15,-7.51,1.0,4.36,1.14
2018-01-26,002370,13.98,13.98,14.02,13.91,4187,5842082.0,0.79,0.0,0.0,0.1,2.44,2.59,1.8,0.93,1.37,1.73,1.15,1.8,1.15,1.08,14.02,14.04,14.16,14.29,1.07,-0.14,-1.14,-4.08,-6.15,-7.51,1.0,4.36,1.14,4.29
2018-01-29,002370,13.97,13.9,14.13,13.68,10320,14262910.0,3.22,-0.57,-0.08,0.25,4.31,3.51,2.63,3.07,3.44,2.85,3.51,2.85,2.78,2.49,13.99,14.01,14.14,14.25,0.43,-0.58,-3.53,-5.61,-6.98,1.58,4.96,1.73,4.89,5.32
2018-01-30,002370,13.96,13.8,13.96,13.66,6113,8406087.0,2.16,-0.72,-0.1,0.15,3.66,2.78,3.22,3.59,3.0,3.66,3.0,2.93,2.64,3.44,13.93,13.98,14.12,14.22,0.14,-2.83,-4.93,-6.3,2.32,5.72,2.46,5.65,6.09,8.55
2018-01-31,002370,13.82,13.47,13.82,12.87,17827,23670198.0,6.88,-2.39,-0.33,0.44,9.09,9.56,9.95,9.32,10.02,9.32,9.25,8.94,9.79,8.47,13.83,13.92,14.08,14.18,-0.45,-2.6,-4.01,4.83,8.31,4.97,8.24,8.69,11.21,14.63
2018-02-01,002370,13.35,13.13,13.41,12.9,5402,7106187.0,3.79,-2.52,-0.34,0.13,9.3,9.69,9.07,9.77,9.07,8.99,8.68,9.53,8.22,7.13,13.66,13.85,14.03,14.13,-0.08,-1.52,7.54,11.12,7.69,11.04,11.5,14.09,17.59,17.06
2018-02-22,002370,13.12,12.94,13.12,12.17,46866,58205882.0,7.24,-1.45,-0.19,1.15,16.27,15.61,16.35,15.61,15.53,15.2,16.11,14.71,13.56,10.19,13.45,13.73,13.97,14.07,-0.08,9.12,12.75,9.27,12.67,13.14,15.77,19.32,18.78,28.36
2018-02-23,002370,12.57,12.84,12.93,12.51,16872,21373690.0,3.25,-0.77,-0.1,0.41,12.47,13.19,12.47,12.39,12.07,12.95,11.59,10.47,7.19,4.88,13.24,13.61,13.88,14.01,9.97,13.63,10.12,13.55,14.02,16.67,20.25,19.7,29.36,33.64
2018-02-26,002370,12.86,14.12,14.12,12.7,26623,35780462.0,11.06,9.97,1.28,0.65,11.5,10.79,10.71,10.39,11.26,9.92,8.82,5.59,3.31,1.81,13.3,13.62,13.87,14.0,3.33,0.14,3.26,3.68,6.09,9.35,8.85,17.63,21.53,23.65
2018-02-27,002370,14.0,14.14,14.59,14.0,20812,29659577.0,4.18,0.14,0.02,0.51,0.5,0.43,0.14,0.93,-0.29,-1.29,-4.21,-6.29,-7.64,0.86,13.43,13.63,13.86,14.0,0.0,3.11,3.54,5.94,9.19,8.7,17.47,21.36,23.48,24.19
2018-02-28,002370,14.04,14.0,14.14,13.8,8738,12188776.0,2.4,-0.99,-0.14,0.21,1.88,1.59,2.39,1.16,0.14,-2.83,-4.93,-6.3,2.32,5.72,13.61,13.63,13.85,13.99,4.14,4.57,7.0,10.29,9.79,18.64,22.57,24.71,25.43,24.86
2018-03-01,002370,13.99,14.51,14.58,13.99,19884,28626950.0,4.21,3.64,0.51,0.49,0.21,1.0,-0.21,-1.22,-4.15,-6.22,-7.58,0.93,4.29,1.07,13.92,13.68,13.86,14.0,0.9,3.24,6.41,5.93,14.47,18.26,20.33,21.02,20.47,18.75
2018-03-02,002370,14.64,14.42,14.64,14.29,7085,10201654.0,2.41,-0.62,-0.09,0.17,-1.12,-2.31,-3.29,-6.16,-8.19,-9.52,-1.19,2.1,-1.05,2.03,14.24,13.74,13.87,14.01,3.88,7.07,6.59,15.19,19.0,21.08,21.78,21.22,19.49,19.07
2018-03-05,002370,14.42,14.87,14.98,14.33,21621,31927173.0,4.51,3.12,0.45,0.53,-2.58,-3.56,-6.42,-8.44,-9.77,-1.47,1.81,-1.33,1.74,2.16,14.39,13.84,13.91,14.03,3.83,3.36,11.7,15.4,17.42,18.09,17.55,15.87,15.47,24.75
2018-03-06,002370,14.92,15.27,15.44,14.73,25575,38921463.0,4.77,2.69,0.4,0.63,-6.18,-8.96,-10.93,-12.22,-4.14,-0.95,-4.01,-1.02,-0.61,1.7,14.61,14.02,13.97,14.06,0.65,8.78,12.38,14.34,15.0,14.47,12.84,12.44,21.48,22.59
2018-03-07,002370,15.37,15.11,15.37,15.03,16690,25261527.0,2.23,-1.05,-0.16,0.41,-10.78,-12.71,-13.97,-6.05,-2.93,-5.92,-2.99,-2.59,-0.33,2.73,14.84,14.22,14.03,14.09,9.93,13.57,15.55,16.21,15.68,14.03,13.63,22.77,23.89,25.74
2018-03-08,002370,15.16,16.59,16.61,15.16,67919,109514521.0,9.6,9.79,1.48,1.66,-13.46,-14.71,-6.86,-3.76,-6.73,-3.83,-3.43,-1.19,1.85,1.39,15.25,14.59,14.16,14.17,3.44,5.24,5.85,5.36,3.86,3.5,11.81,12.84,14.53,14.95
2018-03-09,002370,16.45,16.95,17.16,16.26,65594,110355709.0,5.42,2.17,0.36,1.61,-20.48,-13.16,-10.27,-13.04,-10.33,-9.96,-7.87,-5.04,-5.47,2.15,15.76,15.0,14.31,14.25,3.01,3.6,3.13,1.65,1.3,9.44,10.44,12.09,12.51,11.74
2018-03-12,002370,17.02,16.95,17.46,16.86,57177,98471103.0,3.54,0.0,0.0,1.4,-16.25,-13.46,-16.13,-13.52,-13.17,-11.15,-8.42,-8.84,-1.48,1.78,16.17,15.28,14.45,14.34,3.6,3.13,1.65,1.3,9.44,10.44,12.09,12.51,11.74,10.56
2018-03-13,002370,16.95,17.33,17.56,16.51,55723,95351109.0,6.19,2.24,0.38,1.37,-11.63,-14.35,-11.69,-11.33,-9.27,-6.48,-6.9,0.61,3.94,5.75,16.59,15.6,14.62,14.44,0.87,-0.58,-0.92,7.04,8.02,9.64,10.04,9.29,8.14,14.54
2018-03-14,002370,17.33,17.19,17.48,17.12,13389,23046387.0,2.08,-0.81,-0.14,0.33,-17.41,-14.84,-14.49,-12.5,-9.81,-10.22,-2.98,0.23,1.99,2.57,17.0,15.92,14.78,14.54,0.23,-0.12,7.91,8.9,10.53,10.94,10.18,9.02,15.47,17.22
2018-03-15,002370,17.2,16.83,17.23,16.51,49444,82373328.0,4.19,-2.09,-0.36,1.21,-11.69,-11.33,-9.27,-6.48,-6.9,0.61,3.94,5.75,6.36,5.88,17.05,16.15,14.92,14.62,2.02,10.22,11.23,12.89,13.31,12.54,11.35,17.94,19.73,15.21
2018-03-16,002370,16.87,17.06,17.17,16.84,31068,52719518.0,1.96,1.37,0.23,0.76,-13.06,-11.05,-8.31,-8.73,-1.37,1.9,3.68,4.28,3.8,2.32,17.07,16.41,15.08,14.72,8.73,9.73,11.37,11.78,11.02,9.85,16.35,18.11,13.66,14.01
2018-03-19,002370,17.05,18.4,18.55,17.0,69623,124548609.0,9.09,7.85,1.34,1.71,-11.88,-9.18,-9.59,-2.29,0.94,2.71,3.29,2.82,1.35,1.0,17.36,16.77,15.31,14.86,1.74,3.26,3.64,2.93,1.85,7.88,9.51,5.38,5.71,6.52
2018-03-20,002370,18.3,18.46,18.72,18.05,98479,182790498.0,3.64,0.33,0.06,2.41,-14.46,-14.85,-7.98,-4.93,-3.27,-2.71,-3.16,-4.54,-4.88,2.77,17.59,17.09,15.56,15.01,2.93,3.3,2.6,1.52,7.53,9.15,5.04,5.36,6.18,1.3
2018-03-21,002370,18.77,18.62,19.0,18.1,49536,92046701.0,4.88,0.87,0.16,1.21,-15.08,-8.23,-5.19,-3.54,-2.98,-3.43,-4.81,-5.14,2.49,3.43,17.87,17.44,15.83,15.17,2.42,1.72,0.64,6.61,8.22,4.14,4.46,5.26,0.43,3.28
2018-03-22,002370,18.31,18.94,19.07,18.31,51424,96895515.0,4.08,1.72,0.32,1.26,-9.28,-6.28,-4.64,-4.1,-4.53,-5.9,-6.23,1.31,2.24,3.77,18.3,17.67,16.13,15.33,0.0,-1.06,4.8,6.39,2.38,2.69,3.48,-1.27,1.53,-0.32
2018-03-23,002370,18.62,18.49,18.94,17.77,63302,116747296.0,6.18,-2.38,-0.45,1.55,-3.43,-1.74,-1.18,-1.63,-3.04,-3.38,4.39,5.35,6.92,7.32,18.58,17.83,16.41,15.48,1.35,7.36,8.98,4.87,5.19,6.0,1.14,4.0,2.11,1.51
2018-03-26,002370,17.99,18.48,18.74,17.94,59416,109410980.0,4.33,-0.05,-0.01,1.46,-2.68,-2.12,-2.56,-3.96,-4.29,3.4,4.35,5.91,6.3,5.57,18.6,17.98,16.63,15.63,7.41,9.04,4.92,5.25,6.06,1.19,4.06,2.16,1.57,-1.03
2018-03-27,002370,18.78,19.6,19.85,18.5,75120,144908247.0,7.31,6.06,1.12,1.84,-5.08,-5.51,-6.86,-7.19,0.27,1.19,2.7,3.08,2.38,1.3,18.83,18.21,16.9,15.81,2.81,-1.07,-0.77,0.0,-4.59,-1.89,-3.67,-4.23,-6.68,-6.33
2018-03-28,002370,19.39,19.39,20.15,19.1,52401,103261915.0,5.36,-1.07,-0.21,1.28,-8.48,-9.79,-10.1,-2.88,-1.99,-0.52,-0.16,-0.84,-1.88,3.93,18.98,18.43,17.17,15.99,0.0,0.31,1.08,-3.56,-0.83,-2.63,-3.2,-5.67,-5.31,-6.14
2018-03-29,002370,19.29,18.43,19.39,18.03,72000,133163797.0,7.01,-4.95,-0.96,1.76,-4.44,-4.77,2.88,3.83,5.38,5.77,5.05,3.94,10.09,11.76,18.88,18.59,17.37,16.14,5.53,6.35,1.47,4.34,2.44,1.84,-0.76,-0.38,-1.25,2.33
2018-03-30,002370,18.43,19.22,19.45,18.2,82353,154595689.0,6.78,4.29,0.79,2.02,-5.66,1.92,2.86,4.4,4.78,4.07,2.97,9.07,10.71,6.54,19.02,18.8,17.61,16.32,1.98,-2.71,0.05,-1.77,-2.34,-4.84,-4.47,-5.31,-1.87,1.4
2018-04-02,002370,19.0,18.21,19.6,18.08,78736,147292497.0,7.91,-5.25,-1.01,1.93,2.6,3.54,5.09,5.48,4.76,3.65,9.79,11.45,7.25,7.58,18.97,18.78,17.78,16.47,2.69,5.6,3.68,3.08,0.44,0.82,-0.05,3.57,7.03,8.57
2018-04-03,002370,18.08,18.37,18.7,18.0,60438,111040290.0,3.84,0.88,0.16,1.48,4.0,5.56,5.94,5.22,4.11,10.28,11.94,7.72,8.06,8.89,18.72,18.77,17.93,16.63,4.68,2.78,2.18,-0.44,-0.05,-0.93,2.67,6.1,7.62,7.89
2018-04-04,002370,19.0,18.65,19.23,18.54,62078,116594447.0,3.76,1.52,0.28,1.52,2.48,2.86,2.16,1.08,7.07,8.68,4.58,4.91,5.72,0.86,18.58,18.78,18.11,16.81,1.23,0.64,-1.93,-1.55,-2.41,1.13,4.5,6.01,6.27,4.56
2018-04-09,002370,18.42,18.53,18.88,18.22,49904,92391704.0,3.54,-0.64,-0.12,1.22,4.67,3.95,2.85,8.95,10.59,6.42,6.75,7.57,2.63,5.54,18.6,18.74,18.2,17.0,1.3,-1.3,-0.92,-1.78,1.78,5.18,6.69,6.96,5.23,5.18
2018-04-10,002370,18.71,17.96,18.77,17.75,46501,84564318.0,5.5,-3.08,-0.57,1.14,6.7,5.58,11.83,13.52,9.24,9.58,10.42,5.35,8.34,6.37,18.34,18.68,18.26,17.17,1.84,2.23,1.34,5.01,8.52,10.08,10.36,8.57,8.52,8.02
2018-04-11,002370,17.98,18.09,18.29,17.9,32902,59554695.0,2.17,0.72,0.13,0.81,4.69,10.89,12.57,8.32,8.66,9.5,4.47,7.43,5.47,4.86,18.32,18.64,18.31,17.3,1.49,0.61,4.26,7.74,9.29,9.56,7.79,7.74,7.24,7.24
2018-04-12,002370,18.09,18.12,18.36,17.9,25268,45798683.0,2.54,0.17,0.03,0.62,10.89,12.57,8.32,8.66,9.5,4.47,7.43,5.47,4.86,2.18,18.27,18.5,18.35,17.43,0.44,4.08,7.56,9.11,9.38,7.62,7.56,7.06,7.06,17.77
2018-04-13,002370,18.13,17.59,18.2,17.0,34415,61002405.0,6.62,-2.92,-0.53,0.84,18.53,14.06,14.41,15.29,10.0,13.12,11.06,10.41,7.59,8.0,18.06,18.32,18.37,17.55,7.22,10.8,12.39,12.68,10.86,10.8,10.29,10.29,21.32,15.46
2018-04-16,002370,17.6,18.72,18.86,17.35,75807,140113118.0,8.58,6.42,1.13,1.86,11.76,12.1,12.97,7.78,10.84,8.82,8.18,5.42,5.82,4.9,18.1,18.35,18.47,17.69,4.11,5.61,5.88,4.17,4.11,3.63,3.63,14.0,8.49,8.44
2018-04-17,002370,18.97,18.83,19.49,18.51,57303,108527439.0,5.24,0.59,0.11,1.4,5.08,5.89,1.03,3.89,2.0,1.4,-1.19,-0.81,-1.67,1.89,18.27,18.31,18.56,17.84,4.99,5.26,3.56,3.51,3.03,3.03,13.33,7.86,7.81,5.95
2018-04-18,002370,18.97,19.6,19.77,18.58,62189,119460655.0,6.32,4.09,0.77,1.52,5.49,0.65,3.5,1.61,1.02,-1.56,-1.18,-2.05,1.51,4.9,18.57,18.45,18.62,18.0,1.12,-0.51,-0.56,-1.02,-1.02,8.88,3.62,3.57,1.79,0.36
2018-04-19,002370,19.82,19.18,19.82,18.85,51879,99465495.0,4.95,-2.14,-0.42,1.27,-0.8,2.02,0.16,-0.42,-2.97,-2.6,-3.45,0.05,3.4,4.88,18.78,18.53,18.65,18.13,1.67,1.62,1.15,1.15,11.26,5.89,5.84,4.01,2.55,4.17
2018-04-20,002370,19.18,18.97,19.5,18.8,35583,67897880.0,3.65,-1.09,-0.21,0.87,2.29,0.43,-0.16,-2.71,-2.34,-3.19,0.32,3.67,5.16,5.43,19.06,18.56,18.67,18.26,2.74,2.27,2.27,12.49,7.06,7.01,5.17,3.69,5.32,2.0
2018-04-23,002370,19.02,19.14,19.49,18.66,46863,89712216.0,4.38,0.9,0.17,1.15,1.18,0.59,-1.98,-1.61,-2.47,1.07,4.45,5.95,6.22,4.5,19.14,18.62,18.68,18.34,1.36,1.36,11.49,6.11,6.06,4.23,2.77,4.39,1.1,1.67
2018-04-24,002370,19.14,19.03,19.4,18.8,34782,66362200.0,3.13,-0.57,-0.11,0.85,-0.16,-2.71,-2.34,-3.19,0.32,3.67,5.16,5.43,3.72,3.67,19.18,18.73,18.71,18.41,1.94,12.14,6.73,6.67,4.83,3.36,4.99,1.68,2.26,8.04
2018-04-25,002370,18.97,19.4,19.4,18.68,61811,118272764.0,3.78,1.94,0.37,1.51,-2.09,-1.71,-2.57,0.96,4.34,5.84,6.1,4.39,4.34,3.85,19.14,18.86,18.75,18.49,10.0,4.69,4.64,2.84,1.39,2.99,-0.26,0.31,5.98,10.57
2018-04-26,002370,19.85,20.02,21.34,19.5,99830,201154526.0,9.48,3.2,0.62,2.45,-5.85,-6.67,-3.28,-0.05,1.38,1.64,0.0,-0.05,-0.51,-0.51,19.31,19.05,18.77,18.58,1.45,1.4,-0.35,-1.75,-0.2,-3.35,-2.8,2.7,7.14,2.9
2018-04-27,002370,19.97,20.09,20.31,19.8,53683,107647911.0,2.55,0.35,0.07,1.32,-8.08,-4.75,-1.57,-0.15,0.1,-1.52,-1.57,-2.02,-2.02,7.78,19.54,19.3,18.81,18.68,1.05,-0.7,-2.09,-0.55,-3.68,-3.14,2.34,6.77,2.54,3.53
2018-05-02,002370,20.15,19.79,20.3,19.57,56370,112403435.0,3.63,-1.49,-0.3,1.38,-3.63,-0.41,1.02,1.28,-0.36,-0.41,-0.87,-0.87,9.04,3.78,19.67,19.4,18.88,18.78,0.81,-0.61,0.96,-2.22,-1.67,3.89,8.39,4.09,5.1,4.6
2018-05-03,002370,19.8,19.13,19.95,18.5,64464,122977379.0,7.33,-3.34,-0.66,1.58,5.35,6.86,7.14,5.41,5.35,4.86,4.86,15.35,9.78,9.73,19.69,19.43,18.87,18.85,2.82,4.44,1.15,1.73,7.48,12.13,7.68,8.73,8.21,6.59
2018-05-04,002370,19.13,19.38,19.67,18.94,70891,136823723.0,3.82,1.31,0.25,1.74,4.38,4.65,2.96,2.9,2.43,2.43,12.67,7.23,7.18,5.33,19.68,19.41,18.93,18.88,3.1,-0.15,0.41,6.09,10.68,6.3,7.33,6.81,5.21,1.44
2018-05-07,002370,19.4,19.28,19.98,19.08,72217,141175648.0,4.64,-0.52,-0.1,1.77,3.88,2.2,2.15,1.68,1.68,11.84,6.45,6.39,4.56,3.09,19.53,19.42,18.98,18.91,0.36,0.93,6.64,11.26,6.85,7.88,7.37,5.76,1.97,-1.45
2018-05-08,002370,19.28,19.17,19.35,18.74,58048,110183630.0,3.16,-0.57,-0.11,1.42,4.06,4.0,3.52,3.52,13.87,8.38,8.32,6.46,4.96,6.62,19.35,19.44,19.0,18.93,1.51,7.25,11.89,7.46,8.5,7.98,6.36,2.56,-0.89,0.37
2018-05-09,002370,19.21,19.35,19.46,19.01,79030,152069162.0,2.35,0.94,0.18,1.94,2.52,2.05,2.05,12.26,6.84,6.79,4.94,3.47,5.1,1.79,19.26,19.46,19.04,18.94,6.25,10.85,6.46,7.49,6.98,5.37,1.6,-1.81,-0.57,-0.98
2018-05-10,002370,19.42,20.55,20.56,19.4,109541,219183473.0,5.99,6.2,1.2,2.68,0.0,0.0,10.0,4.69,4.64,2.84,1.39,2.99,-0.26,0.31,19.55,19.62,19.17,19.01,4.38,0.24,1.22,0.73,-0.78,-4.33,-7.54,-6.37,-6.76,-7.15
2018-05-11,002370,20.7,20.2,21.45,19.88,112385,233175028.0,7.64,-1.7,-0.35,2.75,-2.41,7.34,2.16,2.11,0.35,-1.06,0.5,-2.67,-2.11,3.42,19.71,19.7,19.28,19.07,1.98,2.97,2.48,0.94,-2.67,-5.94,-4.75,-5.15,-5.54,-6.58
2018-05-14,002370,20.51,20.36,20.6,20.01,57476,116747199.0,2.92,0.79,0.16,1.41,6.65,1.5,1.45,-0.3,-1.7,-0.15,-3.3,-2.75,2.75,7.2,19.93,19.73,19.39,19.09,2.16,1.67,0.15,-3.44,-6.68,-5.5,-5.89,-6.29,-7.32,-8.25
2018-05-15,002370,20.47,20.68,20.8,20.18,50318,103405701.0,3.05,1.57,0.32,1.23,0.64,0.59,-1.14,-2.53,-0.99,-4.11,-3.57,1.88,6.29,2.08,20.23,19.79,19.54,19.13,0.1,-1.4,-4.93,-8.12,-6.96,-7.35,-7.74,-8.75,-9.67,-11.46
2018-05-16,002370,20.69,20.4,20.7,20.13,48287,98277436.0,2.76,-1.35,-0.28,1.18,0.84,-0.89,-2.29,-0.75,-3.87,-3.33,2.14,6.56,2.33,3.33,20.44,19.85,19.63,19.2,-0.05,-3.63,-6.86,-5.69,-6.08,-6.47,-7.5,-8.43,-10.25,-12.5
2018-05-17,002370,20.35,19.72,20.39,18.9,89356,175806658.0,7.3,-3.33,-0.68,2.19,5.56,4.07,5.71,2.38,2.96,8.78,13.49,8.99,10.05,9.52,20.27,19.91,19.67,19.22,-0.3,-3.65,-2.43,-2.84,-3.25,-4.31,-5.27,-7.15,-9.48,-7.3
2018-05-18,002370,19.63,18.77,19.66,18.58,65830,124574234.0,5.48,-4.82,-0.95,1.61,5.87,7.53,4.14,4.74,10.66,15.45,10.87,11.95,11.41,9.74,19.99,19.85,19.63,19.24,1.23,2.5,2.08,1.65,0.53,-0.48,-2.45,-4.9,-2.61,-1.44
2018-05-21,002370,18.72,18.66,19.0,18.45,45550,84758844.0,2.93,-0.59,-0.11,1.12,8.29,4.88,5.47,11.44,16.26,11.65,12.74,12.2,10.51,6.56,19.65,19.79,19.6,19.25,3.11,2.68,2.25,1.13,0.11,-1.88,-4.34,-2.04,-0.86,-1.5
2018-05-22,002370,18.66,18.95,19.24,18.2,85865,160937465.0,5.57,1.55,0.29,2.1,6.32,6.92,12.97,17.86,13.19,14.29,13.74,12.03,8.02,4.4,19.3,19.76,19.6,19.26,1.11,0.69,-0.42,-1.42,-3.38,-5.8,-3.54,-2.37,-3.01,-3.96
2018-05-23,002370,18.95,18.77,19.16,18.52,35069,66115003.0,3.38,-0.95,-0.18,0.86,5.08,11.02,15.82,11.23,12.31,11.77,10.1,6.16,2.59,3.89,18.97,19.71,19.58,19.26,1.65,0.53,-0.48,-2.45,-4.9,-2.61,-1.44,-2.08,-3.04,-6.18
2018-05-24,002370,18.78,18.88,19.08,16.89,43464,81107117.0,11.67,0.59,0.11,1.07,21.73,27.0,21.97,23.15,22.56,20.72,16.4,12.49,13.91,13.44,18.81,19.54,19.58,19.29,-0.05,-1.06,-3.02,-5.46,-3.18,-2.01,-2.65,-3.6,-6.73,-6.25
2018-05-25,002370,18.5,18.65,18.87,18.33,45524,84712385.0,2.86,-1.22,-0.23,1.12,17.02,12.38,13.48,12.93,11.24,7.26,3.66,4.96,4.53,4.09,18.78,19.38,19.54,19.31,0.16,-1.82,-4.29,-1.98,-0.8,-1.45,-2.41,-5.58,-5.09,-5.63
2018-05-28,002370,18.6,17.91,18.68,17.7,51208,93221346.0,5.25,-3.97,-0.74,1.26,16.38,17.51,16.95,15.2,11.07,7.34,8.7,8.25,7.8,6.61,18.63,19.14,19.43,19.31,2.23,-0.34,2.07,3.29,2.62,1.62,-1.68,-1.17,-1.73,-2.07
2018-05-29,002370,17.85,17.49,18.31,17.36,47273,83881351.0,5.3,-2.35,-0.42,1.16,19.82,19.24,17.45,13.25,9.45,10.83,10.37,9.91,8.7,7.6,18.34,18.82,19.3,19.3,2.06,4.52,5.77,5.09,4.06,0.69,1.2,0.63,0.29,2.34
2018-05-30,002370,17.45,17.85,17.85,16.93,51585,88943295.0,5.26,2.06,0.36,1.26,22.27,20.44,16.13,12.23,13.64,13.17,12.7,11.46,10.34,8.15,18.16,18.56,19.21,19.27,2.41,3.64,2.97,1.96,-1.34,-0.84,-1.4,-1.74,0.28,-2.02
2018-05-31,002370,18.1,18.1,18.28,17.2,42972,76001498.0,6.05,1.4,0.25,1.05,18.55,14.3,10.47,11.86,11.4,10.93,9.71,8.6,6.45,3.78,18.0,18.4,19.16,19.25,2.21,1.55,0.55,-2.71,-2.21,-2.76,-3.09,-1.1,-3.37,-5.25
2018-06-01,002370,18.0,18.32,18.5,17.71,45984,82490321.0,4.36,1.22,0.22,1.13,11.01,7.28,8.64,8.19,7.74,6.55,5.48,3.39,0.79,3.22,17.93,18.36,19.1,19.21,0.33,-0.66,-3.88,-3.38,-3.93,-4.26,-2.29,-4.53,-6.39,-6.93
2018-06-04,002370,18.26,18.17,18.38,18.05,26741,48684823.0,1.8,-0.82,-0.15,0.66,5.26,6.59,6.15,5.71,4.54,3.49,1.44,-1.11,1.27,2.49,17.99,18.31,19.05,19.17,0.17,-3.08,-2.59,-3.14,-3.47,-1.49,-3.74,-5.61,-6.16,-8.75
2018-06-05,002370,18.15,17.58,18.2,17.35,63646,112102901.0,4.68,-3.25,-0.59,1.56,10.89,10.43,9.97,8.76,7.67,5.53,2.88,5.36,6.63,5.94,18.0,18.17,18.97,19.13,0.17,0.68,0.11,-0.23,1.82,-0.51,-2.45,-3.01,-5.69,-21.96
2018-06-06,002370,17.61,17.58,17.61,17.26,16478,28700876.0,1.99,0.0,0.0,0.4,11.01,10.54,9.33,8.23,6.08,3.42,5.91,7.18,6.49,5.45,17.95,18.05,18.88,19.07,0.68,0.11,-0.23,1.82,-0.51,-2.45,-3.01,-5.69,-21.96,-22.3
2018-06-07,002370,17.59,17.51,17.7,17.26,22550,39438985.0,2.5,-0.4,-0.07,0.55,10.54,9.33,8.23,6.08,3.42,5.91,7.18,6.49,5.45,2.03,17.83,17.92,18.73,19.02,0.51,0.17,2.23,-0.11,-2.06,-2.63,-5.31,-21.64,-21.99,-24.16
2018-06-08,002370,17.57,17.06,17.6,17.06,19340,33348765.0,3.08,-2.57,-0.45,0.47,10.61,9.5,7.33,4.63,7.15,8.44,7.74,6.68,3.22,3.75,17.58,17.76,18.57,18.95,2.81,4.92,2.52,0.53,-0.06,-2.81,-19.58,-19.93,-22.16,-21.75
2018-06-11,002370,17.4,17.06,17.54,16.98,15974,27453352.0,3.28,0.0,0.0,0.39,10.01,7.83,5.12,7.66,8.95,8.24,7.18,3.71,4.24,3.65,17.36,17.67,18.41,18.85,4.92,2.52,0.53,-0.06,-2.81,-19.58,-19.93,-22.16,-21.75,-23.27
2018-06-12,002370,17.03,17.45,17.9,16.91,47759,83118142.0,5.8,2.29,0.39,1.17,8.28,5.56,8.1,9.4,8.69,7.63,4.14,4.67,4.08,3.73,17.33,17.67,18.24,18.76,0.23,-1.72,-2.29,-4.99,-21.38,-21.72,-23.9,-23.5,-24.99,-23.55
2018-06-13,002370,17.45,16.98,17.49,16.7,21093,36057302.0,4.53,-2.69,-0.47,0.52,6.89,9.46,10.78,10.06,8.98,5.45,5.99,5.39,5.03,7.19,17.21,17.58,18.07,18.67,1.0,0.41,-2.36,-19.2,-19.55,-21.79,-21.38,-22.91,-21.44,-21.79
2018-06-14,002370,17.0,16.77,17.15,16.65,18699,31475921.0,2.94,-1.24,-0.21,0.46,9.79,11.11,10.39,9.31,5.77,6.31,5.71,5.35,7.51,5.05,17.06,17.45,17.93,18.59,1.67,-1.13,-18.19,-18.55,-20.81,-20.39,-21.94,-20.45,-20.81,-18.43
2018-06-15,002370,16.77,16.45,17.05,16.27,35192,58282718.0,4.65,-1.91,-0.32,0.86,13.71,12.97,11.86,8.24,8.79,8.17,7.81,10.02,7.5,5.41,16.94,17.26,17.81,18.49,0.79,-16.6,-16.96,-19.27,-18.84,-20.43,-18.91,-19.27,-16.84,-14.83
2018-06-19,002370,16.58,14.81,16.58,14.81,60179,94766424.0,10.76,-9.97,-1.64,1.47,24.11,22.89,18.91,19.51,18.84,18.43,20.86,18.1,15.8,15.12,16.49,16.92,17.62,18.34,-7.36,-7.77,-10.33,-9.86,-11.61,-9.93,-10.33,-7.63,-5.4,-7.56
2018-06-20,002370,13.33,13.33,13.72,13.33,150192,200254863.0,2.63,-9.99,-1.48,3.68,36.53,32.11,32.78,32.03,31.58,34.28,31.21,28.66,27.91,24.38,15.67,16.5,17.34,18.15,2.48,-0.38,0.15,-1.8,0.08,-0.38,2.63,5.1,2.7,1.13
2018-06-21,002370,12.76,13.27,13.66,12.0,118314,153502666.0,12.45,-0.45,-0.06,2.9,46.75,47.5,46.67,46.17,49.17,45.75,42.92,42.08,38.17,14.33,14.93,16.07,17.06,17.94,0.08,0.6,-1.36,0.53,0.08,3.09,5.58,3.17,1.58,0.98
2018-06-22,002370,12.85,13.25,13.28,12.72,50766,65941143.0,4.22,-0.15,-0.02,1.24,39.15,38.36,37.89,40.72,37.5,34.83,34.04,30.35,7.86,7.39,14.22,15.64,16.78,17.7,0.75,-1.21,0.68,0.23,3.25,5.74,3.32,1.74,1.13,-0.91
2018-06-25,002370,13.3,13.05,13.35,12.85,46740,60890650.0,3.77,-1.51,-0.2,1.15,36.96,36.5,39.3,36.11,33.46,32.68,29.03,6.77,6.3,3.35,13.54,15.24,16.5,17.46,0.31,2.22,1.76,4.83,7.36,4.9,3.3,2.68,0.61,0.31
2018-06-26,002370,13.0,13.03,13.09,12.8,18518,24013281.0,2.22,-0.15,-0.02,0.45,37.03,39.84,36.64,33.98,33.2,29.53,7.19,6.72,3.75,4.3,13.19,14.84,16.26,17.22,2.38,1.92,4.99,7.52,5.07,3.45,2.84,0.77,0.46,6.6
2018-06-27,002370,12.94,13.25,13.34,12.87,54151,70594205.0,3.61,1.69,0.22,1.33,39.08,35.9,33.26,32.48,28.83,6.6,6.14,3.19,3.73,1.71,13.17,14.42,16.04,16.97,0.23,3.25,5.74,3.32,1.74,1.13,-0.91,-1.21,4.83,4.15
2018-06-28,002370,13.02,13.08,13.28,13.02,28631,37745502.0,1.96,-1.28,-0.17,0.7,34.33,31.72,30.95,27.34,5.38,4.92,2.0,2.53,0.54,2.46,13.13,14.03,15.81,16.72,4.59,7.11,4.66,3.06,2.45,0.38,0.08,6.19,5.5,9.33
2018-06-29,002370,13.07,13.58,13.68,13.06,37012,49663524.0,4.74,3.82,0.5,0.91,31.32,30.55,26.95,5.05,4.59,1.68,2.22,0.23,2.14,1.68,13.2,13.71,15.58,16.52,3.17,0.81,-0.74,-1.33,-3.31,-3.61,2.28,1.62,5.3,13.92
2018-07-02,002370,13.5,13.56,14.01,13.3,51861,70954492.0,5.23,-0.15,-0.02,1.27,28.2,24.66,3.16,2.71,-0.15,0.38,-1.58,0.3,-0.15,2.86,13.3,13.42,15.34,16.35,0.96,-0.59,-1.18,-3.17,-3.47,2.43,1.77,5.46,14.09,11.73
2018-07-03,002370,13.56,13.49,13.69,12.98,43701,58270686.0,5.24,-0.52,-0.07,1.07,27.73,5.7,5.24,2.31,2.85,0.85,2.77,2.31,5.39,7.94,13.39,13.29,15.11,16.17,-0.07,-0.67,-2.67,-2.97,2.97,2.3,6.0,14.68,12.31,12.31
2018-07-04,002370,13.47,13.19,13.48,13.17,22475,29937309.0,2.3,-2.22,-0.3,0.55,4.18,3.72,0.84,1.37,-0.61,1.29,0.84,3.87,6.38,3.95,13.38,13.27,14.89,15.98,1.59,-0.45,-0.76,5.31,4.62,8.42,17.29,14.86,14.86,15.24
2018-07-05,002370,13.19,13.0,13.4,12.9,17537,22974541.0,3.79,-1.44,-0.19,0.43,5.89,2.95,3.49,1.47,3.41,2.95,6.05,8.6,6.12,4.5,13.36,13.25,14.66,15.79,1.0,0.69,6.85,6.15,10.0,19.0,16.54,16.54,16.92,15.15
2018-07-06,002370,13.02,12.83,13.13,12.65,30995,39960477.0,3.69,-1.31,-0.17,0.76,4.98,5.53,3.48,5.45,4.98,8.14,10.75,8.22,6.56,5.93,13.21,13.21,14.42,15.59,2.03,8.26,7.56,11.46,20.58,18.08,18.08,18.47,16.68,14.42
2018-07-09,002370,12.85,12.63,13.09,12.48,54818,69505222.0,4.75,-1.56,-0.2,1.35,6.97,4.89,6.89,6.41,9.62,12.26,9.7,8.01,7.37,5.21,13.03,13.16,14.2,15.39,9.98,9.26,13.22,22.49,19.95,19.95,20.35,18.53,16.23,12.43
2018-07-10,002370,12.72,13.89,13.89,12.62,78621,105830887.0,10.06,9.98,1.26,1.93,3.72,5.71,5.23,8.4,11.01,8.48,6.81,6.18,4.04,3.72,13.11,13.25,14.04,15.25,-0.65,2.95,11.38,9.07,9.07,9.43,7.78,5.69,2.23,4.97
2018-07-11,002370,13.54,13.67,13.8,13.3,67579,92022050.0,3.6,-1.58,-0.22,1.66,0.3,-0.15,2.86,5.34,2.93,1.35,0.75,-1.28,-1.58,4.44,13.2,13.29,13.86,15.13,4.61,13.17,10.83,10.83,11.19,9.51,7.39,3.88,6.66,11.05
2018-07-12,002370,13.5,14.06,14.3,13.5,50677,71211577.0,5.85,2.85,0.39,1.24,-1.63,1.33,3.78,1.41,-0.15,-0.74,-2.74,-3.04,2.89,2.22,13.42,13.39,13.71,15.0,10.03,7.75,7.75,8.11,6.47,4.41,1.0,3.7,7.97,7.4
2018-07-13,002370,13.99,15.19,15.47,13.99,75187,112360475.0,10.53,8.04,1.13,1.85,-2.22,0.14,-2.14,-3.65,-4.22,-6.15,-6.43,-0.71,-1.36,2.22,13.89,13.55,13.63,14.9,-0.26,-0.26,0.07,-1.45,-3.36,-6.52,-4.02,-0.07,-0.59,-4.67
2018-07-16,002370,15.14,14.81,15.15,14.81,32189,48053105.0,2.24,-2.5,-0.38,0.79,-5.4,-7.56,-8.98,-9.52,-11.34,-11.61,-6.21,-6.82,-3.44,4.46,14.32,13.68,13.55,14.79,2.3,2.63,1.08,-0.88,-4.12,-1.55,2.5,1.96,-2.23,-3.98
2018-07-17,002370,14.88,14.84,15.15,14.53,27467,40773141.0,4.19,0.2,0.03,0.67,-5.78,-7.23,-7.78,-9.64,-9.91,-4.4,-5.02,-1.58,6.47,4.27,14.51,13.81,13.55,14.67,2.43,0.88,-1.08,-4.31,-1.75,2.29,1.75,-2.43,-4.18,-6.06
2018-07-18,002370,14.8,14.89,15.2,14.71,19010,28369365.0,3.3,0.34,0.05,0.47,-8.36,-8.91,-10.74,-11.01,-5.57,-6.19,-2.79,5.17,2.99,2.99,14.76,13.98,13.63,14.59,0.54,-1.41,-4.63,-2.08,1.95,1.41,-2.75,-4.5,-6.38,-7.39
2018-07-19,002370,14.78,14.55,14.97,14.34,21889,32025658.0,4.23,-2.28,-0.34,0.54,-6.56,-8.44,-8.72,-3.14,-3.77,-0.28,7.88,5.65,5.65,6.0,14.86,14.14,13.69,14.48,0.89,-2.41,0.21,4.33,3.78,-0.48,-2.27,-4.19,-5.22,-7.63
2018-07-20,002370,14.68,14.55,14.68,14.38,12035,17540057.0,2.06,0.0,0.0,0.3,-8.69,-8.97,-3.41,-4.03,-0.56,7.58,5.35,5.35,5.7,4.1,14.73,14.31,13.76,14.39,-2.41,0.21,4.33,3.78,-0.48,-2.27,-4.19,-5.22,-7.63,-9.42
2018-07-23,002370,14.13,13.25,14.2,13.1,61575,83143829.0,7.56,-8.93,-1.3,1.51,-0.08,6.03,5.34,9.16,18.09,15.65,15.65,16.03,14.27,12.06,14.42,14.37,13.77,14.26,10.04,14.57,13.96,9.28,7.32,5.21,4.08,1.43,-0.53,-2.57
2018-07-24,002370,13.44,14.58,14.58,13.38,43181,60198574.0,9.06,10.04,1.33,1.06,3.81,3.14,6.88,15.62,13.23,13.23,13.6,11.88,9.72,6.13,14.36,14.44,13.84,14.18,4.12,3.57,-0.69,-2.47,-4.39,-5.42,-7.82,-9.6,-11.45,-8.78
2018-07-25,002370,15.02,14.85,15.18,14.65,42287,62917824.0,3.64,1.85,0.27,1.04,-5.8,-2.39,5.6,3.41,3.41,3.75,2.18,0.2,-3.07,-0.48,14.36,14.56,13.92,14.09,1.68,-2.49,-4.24,-6.13,-7.14,-9.49,-11.25,-13.06,-10.44,-13.67
2018-07-26,002370,15.1,14.48,15.1,14.4,32054,46719888.0,4.71,-2.49,-0.37,0.79,-0.69,7.43,5.21,5.21,5.56,3.96,1.94,-1.39,1.25,5.42,14.34,14.6,13.99,14.01,0.0,-1.8,-3.73,-4.77,-7.18,-8.98,-10.84,-8.15,-11.46,-12.57
2018-07-27,002370,14.4,14.05,14.48,14.02,21036,29869542.0,3.18,-2.97,-0.43,0.52,10.34,8.06,8.06,8.42,6.78,4.71,1.28,3.99,8.27,7.7,14.24,14.48,14.02,13.92,1.21,-0.78,-1.85,-4.34,-6.19,-8.11,-5.34,-8.75,-9.89,-7.62
2018-07-30,002370,14.21,13.95,14.22,13.8,22538,31461310.0,2.99,-0.71,-0.1,0.55,9.78,9.78,10.14,8.48,6.38,2.9,5.65,10.0,9.42,4.93,14.38,14.4,14.04,13.83,-0.07,-1.15,-3.66,-5.52,-7.46,-4.66,-8.1,-9.25,-6.95,-8.53
2018-07-31,002370,13.92,13.6,13.94,13.55,22059,30174754.0,2.8,-2.51,-0.35,0.54,11.81,12.18,10.48,8.34,4.8,7.6,12.03,11.44,6.86,4.94,14.19,14.27,14.04,13.79,1.4,-1.18,-3.09,-5.07,-2.21,-5.74,-6.91,-4.56,-6.18,-6.76
2018-08-01,002370,13.59,13.36,13.79,13.28,37146,50105576.0,3.75,-1.76,-0.24,0.91,14.46,12.73,10.54,6.93,9.79,14.31,13.7,9.04,7.08,4.97,13.89,14.12,14.05,13.79,0.6,-1.35,-3.37,-0.45,-4.04,-5.24,-2.84,-4.49,-5.09,-4.94
2018-08-02,002370,13.39,12.78,13.44,12.46,42049,53657706.0,7.34,-4.34,-0.58,1.03,20.14,17.82,13.96,17.01,21.83,21.19,16.21,14.13,11.88,10.67,13.55,13.94,14.04,13.78,3.13,1.02,4.07,0.31,-0.94,1.56,-0.16,-0.78,-0.63,1.41
2018-08-03,002370,12.75,12.88,13.18,12.63,25934,33382475.0,4.3,0.78,0.1,0.64,16.23,12.43,15.44,20.19,19.56,14.65,12.59,10.37,9.18,6.41,13.31,13.78,14.04,13.76,0.23,3.26,-0.47,-1.71,0.78,-0.93,-1.55,-1.4,0.62,-1.55
2018-08-06,002370,12.7,12.48,12.91,12.4,17666,22186324.0,3.96,-3.11,-0.4,0.43,14.52,17.58,22.42,21.77,16.77,14.68,12.42,11.21,8.39,6.29,13.02,13.7,14.04,13.74,6.57,2.72,1.44,4.01,2.24,1.6,1.76,3.85,1.6,3.77
2018-08-07,002370,12.48,12.76,13.3,12.48,42840,54969662.0,6.57,2.24,0.28,1.05,16.83,21.63,20.99,16.03,13.94,11.7,10.5,7.69,5.61,3.45,12.85,13.52,13.98,13.74,0.47,-0.78,1.72,0.0,-0.63,-0.47,1.57,-0.63,1.49,3.06
2018-08-08,002370,12.82,12.41,12.82,12.15,53888,67016658.0,5.25,-2.74,-0.35,1.32,24.94,24.28,19.18,17.04,14.73,13.5,10.62,8.48,6.26,9.47,12.66,13.27,13.92,13.71,2.01,4.59,2.82,2.18,2.34,4.43,2.18,4.35,5.96,3.95
2018-08-09,002370,12.43,12.6,12.66,12.31,52387,65360110.0,2.82,1.53,0.19,1.29,22.66,17.63,15.52,13.24,12.02,9.18,7.07,4.87,8.04,4.14,12.63,13.09,13.84,13.69,3.02,1.27,0.63,0.79,2.86,0.63,2.78,4.37,2.38,3.02
2018-08-10,002370,12.98,12.71,12.98,12.53,35584,45115451.0,3.57,0.87,0.11,0.87,15.56,13.49,11.25,10.06,7.26,5.19,3.03,6.15,2.31,1.04,12.59,12.95,13.72,13.66,0.39,-0.24,-0.08,1.97,-0.24,1.89,3.46,1.49,2.12,1.89
2018-08-13,002370,12.59,12.68,12.76,12.32,25407,31880346.0,3.46,-0.24,-0.03,0.62,15.42,13.15,11.93,9.09,6.98,4.79,7.95,4.06,2.76,5.36,12.63,12.83,13.61,13.63,0.0,0.16,2.21,0.0,2.13,3.71,1.74,2.37,2.13,5.13
2018-08-14,002370,12.58,12.51,12.68,12.45,28204,35430342.0,1.81,-1.34,-0.17,0.69,11.97,10.76,7.95,5.86,3.69,6.83,2.97,1.69,4.26,2.49,12.58,12.72,13.5,13.6,1.52,3.6,1.36,3.52,5.12,3.12,3.76,3.52,6.55,5.36
2018-08-15,002370,12.53,12.36,12.7,12.3,41345,51304564.0,3.2,-1.2,-0.15,1.02,12.11,9.27,7.15,4.96,8.13,4.23,2.93,5.53,3.74,3.09,12.57,12.62,13.37,13.57,4.85,2.59,4.77,6.39,4.37,5.02,4.77,7.85,6.63,6.15
2018-08-16,002370,12.14,12.6,12.96,12.04,51912,64641453.0,7.44,1.94,0.24,1.27,11.63,9.47,7.23,10.47,6.48,5.15,7.81,5.98,5.32,5.48,12.57,12.6,13.27,13.56,0.63,2.78,4.37,2.38,3.02,2.78,5.79,4.6,4.13,0.95
2018-08-17,002370,12.6,12.55,12.68,12.22,24836,30910545.0,3.65,-0.4,-0.05,0.61,7.86,5.65,8.84,4.91,3.6,6.22,4.42,3.76,3.93,6.06,12.54,12.57,13.17,13.55,3.19,4.78,2.79,3.43,3.19,6.22,5.02,4.54,1.35,1.12
2018-08-20,002370,12.49,12.92,12.95,12.25,47185,59254515.0,5.58,2.95,0.37,1.16,5.39,8.57,4.65,3.35,5.96,4.16,3.51,3.67,5.8,3.51,12.59,12.61,13.16,13.56,1.78,-0.15,0.46,0.23,3.17,2.01,1.55,-1.55,-1.78,-2.48
2018-08-21,002370,13.0,12.86,13.15,12.75,23104,29877807.0,3.1,-0.46,-0.06,0.57,4.31,0.55,-0.71,1.8,0.08,-0.55,-0.39,1.65,-0.55,1.57,12.66,12.62,13.07,13.53,0.31,0.93,0.7,3.65,2.49,2.02,-1.09,-1.32,-2.02,0.7
2018-08-22,002370,12.9,12.7,12.9,12.69,8992,11461255.0,1.63,-1.24,-0.16,0.22,1.02,-0.24,2.29,0.55,-0.08,0.08,2.13,-0.08,2.05,3.62,12.73,12.65,12.96,13.49,2.2,1.97,4.96,3.78,3.31,0.16,-0.08,-0.79,1.97,1.34
2018-08-23,002370,12.84,12.91,12.98,12.62,14072,18019726.0,2.83,1.65,0.21,0.35,0.32,2.85,1.11,0.48,0.63,2.69,0.48,2.61,4.2,2.22,12.79,12.68,12.88,13.46,0.31,3.25,2.09,1.63,-1.47,-1.7,-2.4,0.31,-0.31,-1.24
2018-08-24,002370,12.76,12.75,12.95,12.72,6605,8468947.0,1.78,-1.24,-0.16,0.16,2.04,0.31,-0.31,-0.16,1.89,-0.31,1.81,3.38,1.42,2.04,12.83,12.68,12.82,13.37,4.55,3.37,2.9,-0.24,-0.47,-1.18,1.57,0.94,0.0,-0.55
2018-08-27,002370,12.76,13.05,13.33,12.7,30998,40526118.0,4.94,2.35,0.3,0.76,0.47,-0.16,0.0,2.05,-0.16,1.97,3.54,1.57,2.2,1.97,12.85,12.72,12.77,13.32,1.0,0.54,-2.53,-2.76,-3.45,-0.77,-1.38,-2.3,-2.84,-4.29
2018-08-28,002370,13.07,13.09,13.18,13.0,11203,14651126.0,1.38,0.31,0.04,0.28,-2.46,-2.31,-0.31,-2.46,-0.38,1.15,-0.77,-0.15,-0.38,2.54,12.9,12.78,12.75,13.26,0.23,-2.83,-3.06,-3.74,-1.07,-1.68,-2.6,-3.13,-4.58,-4.89
2018-08-29,002370,13.05,12.89,13.12,12.89,7749,10045402.0,1.76,-1.53,-0.2,0.19,-1.47,0.54,-1.63,0.47,2.02,0.08,0.7,0.47,3.41,2.25,12.94,12.83,12.72,13.19,-1.32,-1.55,-2.25,0.47,-0.16,-1.09,-1.63,-3.1,-3.41,-3.8
2018-08-30,002370,12.72,12.4,12.72,11.61,22274,27672294.0,8.61,-3.8,-0.49,0.55,11.63,9.22,11.54,13.26,11.11,11.8,11.54,14.81,13.52,13.01,12.84,12.81,12.71,13.12,2.34,1.61,4.44,3.79,2.82,2.26,0.73,0.4,0.0,4.03
2018-08-31,002370,12.27,12.45,12.69,12.1,17442,21596156.0,4.76,0.4,0.05,0.43,4.79,7.02,8.68,6.61,7.27,7.02,10.17,8.93,8.43,5.12,12.78,12.8,12.68,13.05,1.2,4.02,3.37,2.41,1.85,0.32,0.0,-0.4,3.61,1.85
2018-09-03,002370,12.35,12.55,12.6,12.28,7893,9808330.0,2.57,0.8,0.1,0.19,5.46,7.08,5.05,5.7,5.46,8.55,7.33,6.84,3.58,3.34,12.68,12.76,12.69,13.03,3.19,2.55,1.59,1.04,-0.48,-0.8,-1.2,2.79,1.04,0.96
2018-09-04,002370,12.56,12.8,12.95,12.42,21647,27592427.0,4.22,1.99,0.25,0.53,5.88,3.86,4.51,4.27,7.33,6.12,5.64,2.42,2.17,1.45,12.62,12.76,12.69,12.97,0.55,-0.39,-0.94,-2.42,-2.73,-3.12,0.78,-0.94,-1.02,1.02
2018-09-05,002370,12.87,12.67,12.87,12.65,5496,6996887.0,1.72,-1.02,-0.13,0.13,1.98,2.61,2.37,5.38,4.19,3.72,0.55,0.32,-0.4,2.37,12.57,12.76,12.7,12.89,0.63,0.08,-1.42,-1.74,-2.13,1.82,0.08,0.0,2.05,0.79
2018-09-06,002370,12.75,12.57,12.75,12.51,3489,4401471.0,1.89,-0.79,-0.1,0.09,3.76,3.52,6.55,5.36,4.88,1.68,1.44,0.72,3.52,2.88,12.61,12.72,12.7,12.83,0.88,-0.64,-0.95,-1.35,2.63,0.88,0.8,2.86,1.59,1.43
2018-09-07,002370,12.5,12.48,12.68,12.46,6444,8089194.0,1.75,-0.72,-0.09,0.16,3.93,6.98,5.78,5.3,2.09,1.85,1.12,3.93,3.29,2.33,12.61,12.69,12.69,12.78,0.08,-0.24,-0.64,3.37,1.6,1.52,3.61,2.32,2.16,1.76
2018-09-10,002370,12.36,12.25,12.49,12.0,10192,12484718.0,3.93,-1.84,-0.23,0.25,11.08,9.83,9.33,6.0,5.75,5.0,7.92,7.25,6.25,5.67,12.55,12.61,12.67,12.72,1.63,1.22,5.31,3.51,3.43,5.55,4.24,4.08,3.67,3.51
2018-09-11,002370,12.15,12.31,12.45,12.15,5734,7051848.0,2.45,0.49,0.06,0.14,8.48,7.98,4.69,4.44,3.7,6.58,5.93,4.94,4.36,2.8,12.46,12.54,12.66,12.68,0.73,4.79,3.01,2.92,5.04,3.74,3.57,3.17,3.01,3.09
2018-09-12,002370,12.31,12.4,12.4,12.2,6046,7435752.0,1.62,0.73,0.09,0.15,7.54,4.26,4.02,3.28,6.15,5.49,4.51,3.93,2.38,2.05,12.4,12.49,12.66,12.65,4.03,2.26,2.18,4.27,2.98,2.82,2.42,2.26,2.34,2.34
2018-09-13,002370,12.35,12.74,12.9,12.24,14686,18419248.0,5.32,2.74,0.34,0.36,3.92,3.68,2.94,5.8,5.15,4.17,3.59,2.04,1.72,1.31,12.44,12.52,12.67,12.64,-0.47,-0.55,1.49,0.24,0.08,-0.31,-0.47,-0.39,-0.39,-1.41
2018-09-14,002370,12.67,12.57,12.68,12.5,4156,5221088.0,1.41,-1.33,-0.17,0.1,1.52,0.8,3.6,2.96,2.0,1.44,-0.08,-0.4,-0.8,3.2,12.45,12.53,12.67,12.63,0.8,2.86,1.59,1.43,1.03,0.88,0.95,0.95,-0.08,-0.4
2018-09-17,002370,12.4,12.45,12.67,12.4,2226,2776625.0,2.15,-0.95,-0.12,0.05,1.61,4.44,3.79,2.82,2.26,0.73,0.4,0.0,4.03,2.26,12.49,12.52,12.64,12.63,3.86,2.57,2.41,2.01,1.85,1.93,1.93,0.88,0.56,2.97
2018-09-18,002370,12.37,12.68,12.93,12.37,5969,7565681.0,4.5,1.85,0.23,0.15,4.69,4.04,3.07,2.51,0.97,0.65,0.24,4.28,2.51,2.43,12.57,12.51,12.64,12.63,0.71,0.55,0.16,0.0,0.08,0.08,-0.95,-1.26,1.1,0.87
2018-09-19,002370,12.52,12.66,12.77,12.52,5973,7571666.0,1.97,-0.16,-0.02,0.15,2.8,1.84,1.28,-0.24,-0.56,-0.96,3.04,1.28,1.2,3.27,12.62,12.51,12.63,12.64,0.71,0.32,0.16,0.24,0.24,-0.79,-1.11,1.26,1.03,0.32
2018-09-20,002370,12.66,12.53,12.75,12.52,3371,4245846.0,1.82,-1.03,-0.13,0.08,1.84,1.28,-0.24,-0.56,-0.96,3.04,1.28,1.2,3.27,2.0,12.58,12.51,12.61,12.64,1.36,1.2,1.28,1.28,0.24,-0.08,2.31,2.08,1.36,0.08
2018-09-21,002370,12.58,12.69,12.7,12.45,7194,9049576.0,2.0,1.28,0.16,0.18,1.85,0.32,0.0,-0.4,3.61,1.85,1.77,3.86,2.57,2.41,12.6,12.53,12.61,12.64,-0.08,0.0,0.0,-1.02,-1.34,1.02,0.79,0.08,-1.18,-1.89
2018-09-25,002370,12.57,12.6,12.68,12.5,4210,5295090.0,1.42,-0.71,-0.09,0.1,-0.08,-0.4,-0.8,3.2,1.44,1.36,3.44,2.16,2.0,1.6,12.63,12.56,12.59,12.63,0.71,0.71,-0.32,-0.63,1.75,1.51,0.79,-0.48,-1.19,8.33
2018-09-26,002370,12.6,12.56,12.69,12.41,9096,11419368.0,2.22,-0.32,-0.04,0.22,0.32,-0.08,3.95,2.18,2.1,4.19,2.9,2.74,2.34,2.18,12.61,12.59,12.56,12.63,1.04,0.0,-0.32,2.07,1.83,1.11,-0.16,-0.88,8.68,3.11
2018-09-27,002370,12.57,12.52,12.69,12.34,20911,26143208.0,2.79,-0.32,-0.04,0.51,0.49,4.54,2.76,2.67,4.78,3.48,3.32,2.92,2.76,2.84,12.58,12.6,12.54,12.64,0.32,0.0,2.4,2.16,1.44,0.16,-0.56,9.03,3.43,2.0
2018-09-28,002370,12.55,12.51,12.56,12.4,5324,6651720.0,1.28,-0.08,-0.01,0.13,4.03,2.26,2.18,4.27,2.98,2.82,2.42,2.26,2.34,2.34,12.58,12.58,12.55,12.64,0.08,2.48,2.24,1.52,0.24,-0.48,9.11,3.52,2.08,3.84
2018-10-08,002370,12.45,12.52,12.52,12.18,12009,14810530.0,2.72,0.08,0.01,0.29,4.11,4.02,6.16,4.84,4.68,4.27,4.11,4.19,4.19,3.12,12.54,12.57,12.55,12.64,2.4,2.16,1.44,0.16,-0.56,9.03,3.43,2.0,3.75,9.58
2018-10-09,002370,12.5,12.6,12.82,12.45,24777,31267735.0,2.96,0.64,0.08,0.61,1.77,3.86,2.57,2.41,2.01,1.85,1.93,1.93,0.88,0.56,12.54,12.59,12.56,12.63,1.51,0.79,-0.48,-1.19,8.33,2.78,1.35,3.1,8.89,7.94
2018-10-10,002370,12.59,12.73,12.79,12.35,59419,74658592.0,3.49,1.03,0.13,1.46,4.7,3.4,3.24,2.83,2.67,2.75,2.75,1.7,1.38,3.81,12.58,12.59,12.55,12.62,-0.24,-1.49,-2.2,7.23,1.73,0.31,2.04,7.78,6.83,4.87
2018-10-11,002370,12.69,12.7,12.7,12.03,22447,27732944.0,5.26,-0.24,-0.03,0.55,6.15,5.99,5.57,5.4,5.49,5.49,4.41,4.07,6.57,6.32,12.61,12.6,12.55,12.62,-1.26,-1.97,7.48,1.97,0.55,2.28,8.03,7.09,5.12,10.63
2018-10-12,002370,12.41,12.38,12.54,12.31,9909,12320453.0,1.81,-2.52,-0.32,0.24,3.57,3.17,3.01,3.09,3.09,2.03,1.71,4.14,3.9,3.17,12.59,12.58,12.54,12.6,0.57,10.26,4.6,3.15,4.93,10.82,9.85,7.84,13.49,12.68
2018-10-15,002370,12.38,12.45,12.45,12.08,17883,21931772.0,2.99,0.57,0.07,0.44,5.13,4.97,5.05,5.05,3.97,3.64,6.13,5.88,5.13,3.81,12.57,12.56,12.54,12.59,9.64,4.02,2.57,4.34,10.2,9.24,7.23,12.85,12.05,8.43
2018-10-16,002370,12.39,12.64,13.65,12.23,18944,24112649.0,11.41,1.53,0.19,0.47,3.68,3.76,3.76,2.7,2.37,4.82,4.58,3.84,2.53,1.8,12.58,12.56,12.56,12.58,2.45,1.03,2.77,8.54,7.59,5.62,11.16,10.36,6.8,5.46
2018-10-17,002370,12.7,12.81,12.95,12.63,17475,22411395.0,2.53,1.34,0.17,0.43,0.48,0.48,-0.55,-0.87,1.5,1.27,0.55,-0.71,-1.43,8.08,12.6,12.59,12.59,12.57,-0.31,1.41,7.1,6.17,4.22,9.68,8.9,5.39,4.06,5.31
2018-10-18,002370,12.69,12.61,12.77,12.45,9203,11572358.0,2.5,-1.56,-0.2,0.23,1.93,0.88,0.56,2.97,2.73,2.01,0.72,0.0,9.64,4.02,12.58,12.59,12.6,12.56,3.01,8.8,7.85,5.87,11.42,10.63,7.06,5.71,6.98,9.2
2018-10-19,002370,12.53,12.6,12.99,12.0,34062,42182293.0,7.85,-0.08,-0.01,0.84,4.67,4.33,6.83,6.58,5.83,4.5,3.75,13.75,7.92,6.42,12.62,12.6,12.59,12.57,8.89,7.94,5.95,11.51,10.71,7.14,5.79,7.06,9.29,8.65
2018-10-22,002370,12.6,13.42,13.72,12.46,91389,120054536.0,10.0,6.51,0.82,2.24,0.48,2.89,2.65,1.93,0.64,-0.08,9.55,3.93,2.49,4.25,12.82,12.69,12.63,12.6,1.34,-0.52,4.69,3.95,0.6,-0.67,0.52,2.61,2.01,0.97
2018-10-23,002370,13.3,13.22,13.6,13.11,50562,67485990.0,3.65,-1.49,-0.2,1.24,-2.21,-2.44,-3.13,-4.35,-5.03,4.12,-1.22,-2.59,-0.92,4.65,12.93,12.76,12.67,12.62,0.98,6.28,5.52,2.12,0.83,2.04,4.16,3.56,2.5,6.88
2018-10-24,002370,13.24,13.0,13.35,13.0,20750,27403574.0,2.65,-1.66,-0.22,0.51,-1.62,-2.31,-3.54,-4.23,5.0,-0.38,-1.77,-0.08,5.54,4.62,12.97,12.78,12.69,12.63,8.08,7.31,3.85,2.54,3.77,5.92,5.31,4.23,8.69,6.77
2018-10-25,002370,12.9,13.88,14.05,12.65,46116,61326400.0,10.77,6.77,0.88,1.13,0.4,-0.87,-1.58,7.91,2.37,0.95,2.69,8.46,7.51,5.53,13.22,12.9,12.75,12.67,0.5,-2.74,-3.96,-2.81,-0.79,-1.37,-2.38,1.8,0.0,3.67
2018-10-26,002370,13.71,13.68,13.95,13.46,61605,84294163.0,3.53,-1.44,-0.2,1.51,-6.84,-7.5,1.41,-3.79,-5.13,-3.49,1.93,1.04,-0.82,4.38,13.44,13.03,12.81,12.71,-1.32,-2.56,-1.39,0.66,0.07,-0.95,3.29,1.46,5.19,3.0
2018-10-29,002370,13.5,13.25,13.5,13.1,41782,55499727.0,2.92,-3.14,-0.43,1.03,-4.96,4.2,-1.15,-2.52,-0.84,4.73,3.82,1.91,7.25,6.49,13.41,13.11,12.83,12.73,0.6,1.81,3.92,3.32,2.26,6.64,4.75,8.6,6.34,4.83
2018-10-30,002370,13.24,13.0,13.33,12.86,28978,38018419.0,3.55,-1.89,-0.25,0.71,6.14,0.7,-0.7,1.01,6.69,5.75,3.81,9.25,8.48,4.98,13.36,13.15,12.85,12.76,3.77,5.92,5.31,4.23,8.69,6.77,10.69,8.38,6.85,7.23
2018-10-31,002370,12.99,13.24,13.49,12.91,39881,52830514.0,4.46,1.85,0.24,0.98,0.31,-1.08,0.62,6.27,5.34,3.41,8.83,8.06,4.57,3.25,13.41,13.19,12.89,12.79,4.0,3.4,2.34,6.72,4.83,8.69,6.42,4.91,5.29,7.02
2018-11-01,002370,13.24,13.45,13.77,13.16,56475,76078032.0,4.61,1.59,0.21,1.39,-2.96,-1.29,4.26,3.34,1.44,6.76,6.0,2.58,1.29,2.51,13.32,13.27,12.93,12.82,1.78,0.74,5.06,3.2,6.99,4.76,3.27,3.64,5.35,2.9
2018-11-02,002370,13.51,13.55,13.69,13.36,32925,44383781.0,2.45,0.74,0.1,0.81,-2.77,2.69,1.8,-0.07,5.16,4.42,1.05,-0.22,0.97,3.07,13.3,13.37,12.99,12.85,0.0,4.28,2.44,6.2,3.99,2.51,2.88,4.58,2.14,2.44
2018-11-05,002370,13.55,13.38,13.55,13.3,13076,17535201.0,1.85,-1.25,-0.17,0.32,3.16,2.26,0.38,5.64,4.89,1.5,0.23,1.43,3.53,2.93,13.32,13.36,13.03,12.88,5.61,3.74,7.55,5.31,3.81,4.19,5.9,3.44,3.74,7.32
2018-11-06,002370,13.42,13.89,14.13,13.3,41264,56973044.0,6.2,3.81,0.51,1.01,2.26,0.38,5.64,4.89,1.5,0.23,1.43,3.53,2.93,1.88,13.5,13.43,13.09,12.92,-0.07,3.6,1.44,0.0,0.36,2.02,-0.36,-0.07,3.38,7.63
2018-11-07,002370,13.84,13.69,13.88,13.64,24075,33077201.0,1.73,-1.44,-0.2,0.59,-2.13,3.01,2.27,-1.03,-2.27,-1.1,0.95,0.37,-0.66,3.59,13.59,13.5,13.14,12.96,5.11,2.92,1.46,1.83,3.51,1.1,1.39,4.89,9.2,18.19
2018-11-08,002370,13.69,14.09,14.39,13.55,63361,88666475.0,6.14,2.92,0.4,1.56,3.69,2.95,-0.37,-1.62,-0.44,1.62,1.03,0.0,4.28,2.44,13.72,13.52,13.21,13.01,0.0,-1.42,-1.06,0.57,-1.77,-1.49,1.92,6.1,14.83,15.54
2018-11-09,002370,13.95,13.83,14.09,13.82,29271,40818309.0,1.92,-1.85,-0.26,0.72,0.94,-2.32,-3.55,-2.39,-0.36,-0.94,-1.95,2.24,0.43,4.12,13.78,13.54,13.28,13.05,0.43,0.8,2.46,0.07,0.36,3.83,8.1,16.99,17.72,18.22
2018-11-12,002370,13.86,13.86,13.89,13.72,28456,39233339.0,1.23,0.22,0.03,0.7,-1.6,-2.84,-1.68,0.36,-0.22,-1.24,2.99,1.17,4.88,2.7,13.87,13.6,13.35,13.09,0.58,2.24,-0.14,0.14,3.61,7.86,16.74,17.46,17.97,15.22
2018-11-13,002370,13.75,13.75,13.94,13.63,40022,55046922.0,2.24,-0.79,-0.11,0.98,-2.2,-1.03,1.03,0.44,-0.59,3.67,1.83,5.58,3.37,1.91,13.84,13.67,13.41,13.13,3.05,0.65,0.95,4.44,8.73,17.67,18.4,18.91,16.15,20.22
2018-11-14,002370,13.75,13.76,14.17,13.68,58452,80855411.0,3.56,0.07,0.01,1.44,-1.39,0.66,0.07,-0.95,3.29,1.46,5.19,3.0,1.54,1.9,13.86,13.72,13.46,13.17,0.58,0.87,4.36,8.65,17.59,18.31,18.82,16.06,20.13,20.93
2018-11-15,002370,13.7,13.62,13.84,13.5,60359,82467396.0,2.47,-1.02,-0.14,1.48,2.0,1.41,0.37,4.67,2.81,6.59,4.37,2.89,3.26,4.96,13.76,13.74,13.51,13.2,1.91,5.43,9.77,18.8,19.53,20.04,17.25,21.37,22.17,18.94
2018-11-16,002370,13.62,13.65,13.88,13.6,30021,41180955.0,2.06,0.22,0.03,0.74,0.66,-0.37,3.9,2.06,5.81,3.6,2.13,2.5,4.19,1.76,13.73,13.75,13.56,13.24,5.2,9.52,18.53,19.27,19.78,17.0,21.1,21.9,18.68,16.92
2018-11-19,002370,13.65,13.92,14.36,13.3,66588,91621384.0,7.77,1.98,0.27,1.64,1.88,6.24,4.36,8.2,5.94,4.44,4.81,6.54,4.06,4.36,13.74,13.81,13.59,13.29,7.4,16.24,16.95,17.46,14.73,18.75,19.54,16.38,14.66,22.2
2018-11-20,002370,13.87,14.91,14.95,13.78,150982,215336525.0,8.41,7.11,0.99,3.71,2.54,0.73,4.43,2.25,0.8,1.16,2.83,0.44,0.73,4.21,13.97,13.91,13.67,13.37,8.52,9.19,9.66,7.11,10.87,11.6,8.65,7.04,14.08,15.9
2018-11-21,002370,14.7,16.09,16.18,14.45,126347,198233625.0,11.6,7.91,1.18,3.1,-3.94,-0.42,-2.49,-3.88,-3.53,-1.94,-4.22,-3.94,-0.62,3.46,14.44,14.15,13.82,13.48,1.18,1.62,-0.75,2.73,3.42,0.68,-0.81,5.72,7.4,8.33
2018-11-22,002370,16.0,16.25,16.28,15.68,52274,83881598.0,3.73,0.99,0.16,1.28,-8.23,-10.14,-11.42,-11.1,-9.63,-11.73,-11.48,-8.42,-4.66,3.19,14.96,14.36,13.94,13.6,0.62,-1.72,1.72,2.4,-0.31,-1.78,4.68,6.34,7.26,7.26
2018-11-23,002370,16.19,15.85,16.35,15.85,31987,51166522.0,3.08,-2.46,-0.4,0.79,-11.1,-12.37,-12.05,-10.6,-12.68,-12.43,-9.4,-5.68,2.08,2.71,15.4,14.57,14.05,13.71,0.76,4.29,4.98,2.21,0.69,7.32,9.02,9.97,9.97,5.99
2018-11-26,002370,15.96,15.52,15.97,15.41,25400,39749330.0,3.53,-2.08,-0.33,0.62,-9.86,-9.54,-8.05,-10.19,-9.93,-6.81,-2.99,5.0,5.65,6.1,15.72,14.73,14.17,13.81,6.51,7.22,4.38,2.84,9.6,11.34,12.31,12.31,8.25,6.06
2018-11-27,002370,15.77,16.25,16.53,15.38,44787,71382455.0,7.41,4.7,0.73,1.1,-9.36,-7.87,-10.01,-9.75,-6.63,-2.8,5.2,5.85,6.31,3.84,15.99,14.98,14.33,13.93,2.4,-0.31,-1.78,4.68,6.34,7.26,7.26,3.38,1.29,0.92
2018-11-28,002370,16.02,16.04,16.64,16.02,67216,109565629.0,3.82,-1.29,-0.21,1.65,-11.55,-13.61,-13.36,-10.36,-6.68,1.0,1.62,2.06,-0.31,3.18,15.98,15.21,14.47,14.04,1.0,-0.5,6.05,7.73,8.67,8.67,4.74,2.62,2.24,6.23
2018-11-29,002370,16.14,15.95,16.2,15.51,39727,63071533.0,4.3,-0.56,-0.09,0.98,-10.77,-10.51,-7.41,-3.61,4.32,4.96,5.42,2.97,6.58,7.29,15.92,15.44,14.59,14.15,0.06,6.65,8.34,9.28,9.28,5.33,3.2,2.82,6.83,4.58
2018-11-30,002370,15.63,15.57,15.96,15.4,22684,35591040.0,3.51,-2.38,-0.38,0.56,-9.87,-6.75,-2.92,5.06,5.71,6.17,3.7,7.34,8.05,5.19,15.87,15.63,14.69,14.25,9.25,10.98,11.95,11.95,7.9,5.72,5.33,9.44,7.13,5.84
2018-12-03,002370,15.74,16.92,17.01,15.6,145632,235094725.0,9.06,8.67,1.35,3.58,-7.95,-4.17,3.72,4.36,4.81,2.37,5.96,6.67,3.85,2.31,16.15,15.93,14.87,14.37,2.13,3.01,3.01,-0.71,-2.72,-3.07,0.71,-1.42,-2.6,-4.96
2018-12-04,002370,16.8,17.1,17.28,16.66,42364,72356288.0,3.66,1.06,0.18,1.04,-10.26,-2.88,-2.28,-1.86,-4.14,-0.78,-0.12,-2.76,-4.2,2.1,16.32,16.15,15.03,14.5,1.93,1.93,-1.75,-3.74,-4.09,-0.35,-2.46,-3.63,-5.96,-3.63
2018-12-05,002370,16.79,17.1,17.43,16.65,26284,44999755.0,4.56,0.0,0.0,0.65,-2.82,-2.22,-1.8,-4.08,-0.72,-0.06,-2.7,-4.14,2.16,3.78,16.53,16.25,15.2,14.63,1.93,-1.75,-3.74,-4.09,-0.35,-2.46,-3.63,-5.96,-3.63,-3.86
2018-12-06,002370,17.27,16.7,17.43,16.41,32403,54568818.0,5.96,-2.34,-0.4,0.8,-0.79,-0.37,-2.68,0.73,1.4,-1.28,-2.74,3.66,5.3,6.22,16.68,16.3,15.33,14.73,0.6,-1.44,-1.8,2.04,-0.12,-1.32,-3.71,-1.32,-1.56,1.8
2018-12-07,002370,16.52,16.1,16.8,15.93,39896,64167751.0,5.21,-3.59,-0.6,0.98,2.64,0.25,3.77,4.46,1.69,0.19,6.78,8.47,9.42,9.42,16.78,16.32,15.45,14.81,2.24,1.86,5.84,3.6,2.36,-0.12,2.36,2.11,5.59,3.17
2018-12-10,002370,15.89,16.0,16.46,15.63,56258,90137535.0,5.16,-0.62,-0.1,1.38,2.18,5.76,6.46,3.65,2.11,8.83,10.56,11.52,11.52,7.49,16.6,16.37,15.55,14.9,2.5,6.5,4.25,3.0,0.5,3.0,2.75,6.25,3.81,5.0
2018-12-11,002370,16.0,16.2,16.4,15.9,31092,50468941.0,3.13,1.25,0.2,0.76,3.96,4.65,1.89,0.38,6.98,8.68,9.62,9.62,5.66,3.52,16.42,16.37,15.68,15.01,5.19,2.96,1.73,-0.74,1.73,1.48,4.94,2.53,3.7,2.59
2018-12-12,002370,16.3,16.53,17.04,16.06,35097,58321724.0,6.05,2.04,0.33,0.86,3.61,0.87,-0.62,5.92,7.6,8.53,8.53,4.61,2.49,2.12,16.31,16.42,15.81,15.12,0.91,-0.3,-2.72,-0.3,-0.54,2.84,0.48,1.63,0.54,3.99
2018-12-13,002370,16.55,16.2,16.68,16.2,24378,40005607.0,2.9,-2.0,-0.33,0.6,0.0,-1.48,5.0,6.67,7.59,7.59,3.7,1.6,1.23,5.19,16.21,16.44,15.94,15.21,1.73,-0.74,1.73,1.48,4.94,2.53,3.7,2.59,6.11,5.49
2018-12-14,002370,16.24,16.3,16.48,16.09,18871,30751133.0,2.41,0.62,0.1,0.46,-0.81,5.72,7.4,8.33,8.33,4.41,2.3,1.93,5.9,3.67,16.25,16.51,16.08,15.3,-1.35,1.1,0.86,4.29,1.9,3.07,1.96,5.46,4.85,2.76
2018-12-17,002370,16.03,16.02,16.08,15.6,56140,89008746.0,2.94,-1.72,-0.28,1.38,9.04,10.77,11.73,11.73,7.69,5.51,5.13,9.23,6.92,5.64,16.25,16.42,16.18,15.39,2.87,2.62,6.12,3.68,4.87,3.75,7.3,6.68,4.56,3.5
2018-12-18,002370,16.01,16.35,16.48,15.89,26608,43333479.0,3.68,2.06,0.33,0.65,8.75,9.69,9.69,5.73,3.59,3.21,7.24,4.97,3.71,1.2,16.28,16.35,16.25,15.47,0.55,3.98,1.59,2.75,1.65,5.14,4.53,2.45,1.41,0.86
2018-12-19,002370,16.36,16.3,16.44,16.17,11163,18241305.0,1.65,-0.31,-0.05,0.27,7.79,7.79,3.9,1.79,1.42,5.38,3.15,1.92,-0.56,1.92,16.23,16.27,16.26,15.56,4.29,1.9,3.07,1.96,5.46,4.85,2.76,1.72,1.17,3.01
2018-12-20,002370,16.15,16.62,17.0,15.85,110699,178472142.0,7.06,1.96,0.32,2.72,9.97,5.99,3.85,3.47,7.51,5.24,3.97,1.45,3.97,3.72,16.32,16.26,16.28,15.64,-0.06,1.08,0.0,3.43,2.83,0.78,-0.24,-0.78,1.02,0.84
2018-12-21,002370,16.48,16.35,16.61,16.2,21492,35344865.0,2.47,-1.62,-0.27,0.53,3.7,1.6,1.23,5.19,2.96,1.73,-0.74,1.73,1.48,4.94,16.33,16.29,16.31,15.73,2.75,1.65,5.14,4.53,2.45,1.41,0.86,2.69,2.51,1.96
2018-12-24,002370,16.03,16.58,16.8,16.03,46019,75882907.0,4.71,1.41,0.23,1.13,2.68,2.31,6.3,4.05,2.81,0.31,2.81,2.56,6.05,3.62,16.44,16.34,16.36,15.82,0.24,3.68,3.08,1.03,0.0,-0.54,1.27,1.09,0.54,8.5
2018-12-25,002370,16.4,16.53,16.62,16.22,15209,25121867.0,2.41,-0.3,-0.05,0.37,1.11,5.06,2.84,1.6,-0.86,1.6,1.36,4.81,2.4,3.58,16.48,16.38,16.37,15.91,3.99,3.39,1.33,0.3,-0.24,1.57,1.39,0.85,8.83,9.44
2018-12-26,002370,16.58,16.85,17.19,16.58,40184,67701000.0,3.69,1.94,0.32,0.99,2.77,0.6,-0.6,-3.02,-0.6,-0.84,2.53,0.18,1.33,0.24,16.59,16.41,16.41,16.01,1.42,-0.59,-1.6,-2.14,-0.36,-0.53,-1.07,6.77,7.36,1.19
2018-12-27,002370,17.08,16.6,17.09,16.05,46860,78593112.0,6.17,-1.48,-0.25,1.15,3.93,2.68,0.19,2.68,2.43,5.92,3.49,4.67,3.55,7.1,16.58,16.45,16.45,16.11,0.9,-0.12,-0.66,1.14,0.96,0.42,8.37,8.98,2.71,2.59
2018-12-28,002370,16.75,16.61,16.75,16.23,38898,63953299.0,3.13,0.06,0.01,0.96,1.54,-0.92,1.54,1.29,4.74,2.34,3.51,2.4,5.91,5.3,16.63,16.48,16.5,16.21,-0.18,-0.72,1.08,0.9,0.36,8.31,8.91,2.65,2.53,2.11
2019-01-02,002370,16.4,16.38,16.58,16.37,7317,12024680.0,1.26,-1.38,-0.23,0.18,-1.77,0.67,0.43,3.85,1.47,2.63,1.53,5.01,4.4,2.32,16.59,16.52,16.47,16.29,0.67,2.5,2.32,1.77,9.83,10.44,4.09,3.97,3.54,5.01
2019-01-03,002370,16.06,16.26,16.49,16.06,8870,14466783.0,2.63,-0.73,-0.12,0.22,2.62,2.37,5.85,3.42,4.61,3.49,7.04,6.41,4.3,3.24,16.54,16.51,16.43,16.34,3.26,3.08,2.52,10.64,11.25,4.86,4.74,4.31,5.78,4.55
2019-01-04,002370,16.25,16.47,16.79,16.16,15495,25484313.0,3.87,1.29,0.21,0.38,1.73,5.2,2.78,3.96,2.85,6.37,5.75,3.65,2.6,2.04,16.46,16.52,16.4,16.35,1.76,1.21,9.23,9.84,3.52,3.4,2.98,4.43,3.22,1.34
2019-01-07,002370,16.5,16.51,16.76,16.35,12352,20411786.0,2.49,0.24,0.04,0.3,3.98,1.59,2.75,1.65,5.14,4.53,2.45,1.41,0.86,2.69,16.45,16.51,16.39,16.36,0.97,8.96,9.57,3.27,3.15,2.73,4.18,2.97,1.09,-18.41
2019-01-08,002370,16.59,16.51,16.67,16.42,13186,21811120.0,1.51,0.0,0.0,0.32,1.16,2.31,1.22,4.69,4.08,2.01,0.97,0.43,2.25,2.07,16.43,16.53,16.41,16.38,8.96,9.57,3.27,3.15,2.73,4.18,2.97,1.09,-18.41,-18.84
2019-01-09,002370,16.42,17.97,17.99,16.42,194590,338271120.0,9.51,8.84,1.46,4.77,2.31,1.22,4.69,4.08,2.01,0.97,0.43,2.25,2.07,1.52,16.74,16.67,16.51,16.46,0.67,-5.12,-5.23,-5.62,-4.28,-5.4,-7.12,-25.04,-25.43,-33.0
2019-01-10,002370,17.99,17.29,18.09,16.98,241389,418284960.0,6.18,-3.78,-0.68,5.92,-2.12,1.24,0.65,-1.35,-2.36,-2.89,-1.12,-1.3,-1.83,5.95,16.95,16.74,16.56,16.5,-1.39,-1.5,-1.91,-0.52,-1.68,-3.47,-22.09,-22.5,-30.36,-35.28
2019-01-11,002370,16.78,16.99,17.05,16.6,85735,143656848.0,2.6,-1.74,-0.3,2.1,3.55,2.95,0.9,-0.12,-0.66,1.14,0.96,0.42,8.37,8.98,17.05,16.76,16.58,16.53,0.24,-0.18,1.24,0.06,-1.77,-20.72,-21.13,-29.13,-34.14,-40.67
2019-01-14,002370,17.03,16.86,17.03,16.64,43153,72500432.0,2.3,-0.77,-0.13,1.06,2.7,0.66,-0.36,-0.9,0.9,0.72,0.18,8.11,8.71,2.46,17.12,16.78,16.62,16.56,0.59,2.02,0.83,-1.01,-20.11,-20.52,-28.59,-33.63,-40.21,-43.18
2019-01-15,002370,16.72,16.69,16.96,16.66,24111,40394723.0,1.78,-1.01,-0.17,0.59,0.54,-0.48,-1.02,0.78,0.6,0.06,7.98,8.58,2.34,2.22,17.16,16.79,16.64,16.6,3.06,1.86,0.0,-19.29,-19.71,-27.86,-32.95,-39.6,-42.6,-43.08
2019-01-16,002370,16.66,17.07,17.2,16.56,47449,80330054.0,3.83,2.28,0.38,1.16,0.12,-0.42,1.39,1.21,0.66,8.64,9.24,2.96,2.84,2.42,16.98,16.86,16.69,16.6,-0.41,-2.23,-21.09,-21.5,-29.47,-34.45,-40.95,-43.88,-44.35,-44.11
2019-01-17,002370,17.0,16.6,17.0,16.6,28140,47283225.0,2.34,-2.75,-0.47,0.69,-0.66,1.14,0.96,0.42,8.37,8.98,2.71,2.59,2.17,3.61,16.84,16.9,16.7,16.58,0.54,-18.86,-19.28,-27.47,-32.59,-39.28,-42.29,-42.77,-42.53,-43.67
2019-01-18,002370,16.48,14.94,16.69,14.94,54663,84611009.0,10.54,-10.0,-1.66,1.34,12.38,12.18,11.58,20.41,21.08,14.12,13.99,13.52,15.13,13.79,16.43,16.74,16.63,16.51,-9.84,-10.31,-19.41,-25.1,-32.53,-35.88,-36.41,-36.14,-37.42,-38.76
2019-01-21,002370,13.45,13.45,13.47,13.45,172307,231753481.0,0.13,-9.97,-1.49,4.22,24.61,23.94,33.75,34.5,26.77,26.62,26.1,27.88,26.39,24.09,15.75,16.44,16.48,16.4,-0.37,-10.48,-16.8,-25.06,-28.77,-29.37,-29.07,-30.48,-31.97,-30.56
2019-01-22,002370,12.11,13.0,13.4,12.11,565047,689482816.0,9.59,-3.35,-0.45,13.85,37.65,48.55,49.38,40.79,40.63,40.05,42.03,40.38,37.82,11.23,15.01,16.09,16.31,16.3,-7.38,-13.92,-22.46,-26.31,-26.92,-26.62,-28.08,-29.62,-28.15,-26.23
2019-01-23,002370,11.7,11.7,12.04,11.7,394990,463818080.0,2.62,-10.0,-1.3,9.68,53.76,54.62,45.73,45.56,44.96,47.01,45.3,42.65,15.13,14.53,13.94,15.46,16.06,16.16,-4.36,-13.85,-18.12,-18.8,-18.46,-20.09,-21.79,-20.17,-18.03,-17.26
2019-01-24,002370,10.95,10.53,11.19,10.53,197250,209377558.0,5.64,-10.0,-1.17,4.83,71.79,61.92,61.73,61.06,63.34,61.44,58.5,27.92,27.26,14.34,12.72,14.78,15.76,15.97,-4.27,-9.02,-9.78,-9.4,-11.21,-13.11,-11.3,-8.93,-8.07,-6.65
2019-01-25,002370,9.62,9.48,10.08,9.48,492457,474686464.0,5.7,-9.97,-1.05,12.07,79.85,79.64,78.9,81.43,79.32,76.05,42.09,41.35,27.0,18.04,11.63,14.03,15.4,15.73,1.05,0.21,0.63,-1.37,-3.48,-1.48,1.16,2.11,3.69,2.95
2019-01-28,002370,9.49,9.19,9.58,9.02,261812,244057719.0,5.91,-3.06,-0.29,6.42,88.8,88.03,90.69,88.47,85.03,49.33,48.56,33.48,24.06,11.75,10.78,13.26,15.03,15.5,3.37,3.81,1.74,-0.44,1.63,4.35,5.33,6.96,6.2,7.07
2019-01-29,002370,9.13,9.39,9.5,8.84,206796,190807279.0,7.18,2.18,0.2,5.07,91.86,94.57,92.31,88.8,52.38,51.58,36.2,26.58,14.03,8.37,10.06,12.53,14.66,15.27,1.6,-0.43,-2.56,-0.53,2.13,3.09,4.69,3.94,4.79,11.29
2019-01-30,002370,9.39,9.29,9.54,9.21,144688,135827294.0,3.51,-1.06,-0.1,3.55,86.75,84.58,81.22,46.25,45.49,30.73,21.5,9.45,4.02,3.15,9.58,11.76,14.31,15.05,0.65,-1.51,0.54,3.23,4.2,5.81,5.06,5.92,12.49,12.38
2019-01-31,002370,9.21,8.67,9.35,8.39,185985,165362946.0,10.33,-6.67,-0.62,4.56,102.62,98.93,60.55,59.71,43.5,33.37,20.14,14.18,13.23,13.71,9.2,10.96,13.93,14.79,5.54,7.73,10.61,11.65,13.38,12.57,13.49,20.53,20.42,23.53
2019-02-01,002370,8.65,9.15,9.15,8.6,153561,136542758.0,6.34,5.54,0.48,3.76,94.07,56.63,55.81,40.0,30.12,17.21,11.4,10.47,10.93,8.72,9.14,10.38,13.56,14.55,2.08,4.81,5.79,7.43,6.67,7.54,14.21,14.1,17.05,28.42
2019-02-11,002370,9.12,9.29,9.34,9.02,130482,120797164.0,3.5,1.53,0.14,3.2,49.33,48.56,33.48,24.06,11.75,6.21,5.32,5.76,3.66,1.44,9.16,9.97,13.2,14.31,3.23,4.2,5.81,5.06,5.92,12.49,12.38,15.29,26.48,39.18
2019-02-12,002370,9.23,9.44,9.59,9.23,153875,145391039.0,3.88,1.61,0.15,3.77,45.18,30.44,21.24,9.21,3.79,2.93,3.36,1.3,-0.87,1.19,9.17,9.61,12.85,14.08,2.54,4.13,3.39,4.24,10.7,10.59,13.45,24.47,36.97,30.61
2019-02-13,002370,9.44,9.65,9.68,9.4,204374,195656417.0,2.97,2.22,0.21,5.01,28.09,19.04,7.23,1.91,1.06,1.49,-0.53,-2.66,-0.64,2.02,9.24,9.41,12.43,13.85,1.87,1.14,1.97,8.29,8.19,10.98,21.76,33.99,27.77,24.25
2019-02-14,002370,9.65,9.68,9.83,9.56,184655,178976735.0,2.8,0.31,0.03,4.53,17.05,5.44,0.21,-0.63,-0.21,-2.2,-4.29,-2.3,0.31,1.26,9.44,9.32,12.05,13.62,0.83,1.65,7.95,7.85,10.64,21.38,33.57,27.38,23.86,23.45
2019-02-15,002370,9.66,9.68,9.76,9.56,127738,123340137.0,2.07,0.0,0.0,3.13,5.44,0.21,-0.63,-0.21,-2.2,-4.29,-2.3,0.31,1.26,2.82,9.55,9.34,11.69,13.38,1.65,7.95,7.85,10.64,21.38,33.57,27.38,23.86,23.45,21.9
2019-02-18,002370,9.7,9.84,9.84,9.68,180366,176341776.0,1.65,1.65,0.16,4.42,-1.03,-1.86,-1.45,-3.41,-5.48,-3.51,-0.93,0.0,1.55,0.83,9.66,9.41,11.34,13.15,6.2,6.1,8.84,19.41,31.4,25.3,21.85,21.44,19.92,24.19
2019-02-19,002370,9.88,10.26,10.45,9.8,236862,239427905.0,6.61,4.27,0.42,5.81,-3.06,-2.65,-4.59,-6.63,-4.69,-2.14,-1.22,0.31,-0.41,0.41,9.82,9.49,11.02,12.94,1.75,4.39,14.52,26.02,20.18,16.86,16.47,15.01,19.1,20.08
2019-02-20,002370,10.2,10.29,10.44,10.09,148951,152628367.0,3.41,0.29,0.03,3.65,-5.45,-7.33,-9.32,-7.43,-4.96,-4.06,-2.58,-3.27,-2.48,3.57,9.95,9.59,10.68,12.74,4.08,14.19,25.66,19.83,16.52,16.13,14.67,18.76,19.73,22.06
2019-02-21,002370,10.33,10.68,10.71,10.23,233370,244925001.0,4.66,3.79,0.39,5.72,-8.6,-10.56,-8.7,-6.26,-5.38,-3.91,-4.59,-3.81,2.15,2.05,10.15,9.8,10.38,12.55,10.02,21.07,15.45,12.27,11.89,10.49,14.42,15.36,17.6,19.48
2019-02-22,002370,10.72,11.75,11.75,10.72,301515,344178928.0,9.64,10.02,1.07,7.39,-14.65,-12.87,-10.54,-9.7,-8.3,-8.96,-8.21,-2.52,-2.61,-0.09,10.56,10.06,10.22,12.39,10.04,4.94,2.04,1.7,0.43,4.0,4.85,6.89,8.6,9.36
2019-02-25,002370,11.75,12.38,12.93,11.75,363936,448561776.0,10.04,5.36,0.63,8.92,-20.51,-18.38,-17.62,-16.34,-16.94,-16.26,-11.06,-11.15,-8.85,0.0,11.07,10.36,10.17,12.26,-0.4,-3.15,-3.47,-4.68,-1.29,-0.48,1.45,3.07,3.8,0.65
2019-02-26,002370,12.3,12.21,12.33,11.78,326034,393242112.0,4.44,-1.37,-0.17,7.99,-18.59,-17.83,-16.55,-17.15,-16.47,-11.29,-11.38,-9.08,-0.25,9.76,11.46,10.64,10.13,12.11,-1.8,-2.13,-3.36,0.08,0.9,2.87,4.5,5.24,2.05,3.85
2019-02-27,002370,11.98,11.71,11.99,11.61,191684,226549837.0,3.11,-4.1,-0.5,4.7,-16.62,-15.33,-15.93,-15.25,-9.99,-10.08,-7.75,1.21,11.37,6.2,11.75,10.85,10.13,11.9,2.05,0.77,4.36,5.21,7.26,8.97,9.74,6.4,8.28,8.2
2019-02-28,002370,11.69,11.64,11.95,11.36,190077,222536215.0,5.04,-0.6,-0.07,4.66,-13.47,-14.08,-13.38,-8.01,-8.1,-5.72,3.43,13.82,8.54,5.55,11.94,11.04,10.18,11.72,1.37,4.98,5.84,7.9,9.62,10.4,7.04,8.93,8.85,8.25
2019-03-01,002370,11.8,11.66,11.8,11.48,107167,124007899.0,2.75,0.17,0.02,2.63,-14.98,-14.29,-8.97,-9.06,-6.71,2.35,12.63,7.4,4.44,4.09,11.92,11.24,10.29,11.54,4.8,5.66,7.72,9.43,10.21,6.86,8.75,8.66,8.06,8.15
2019-03-04,002370,11.73,12.2,12.22,11.73,276923,331521088.0,4.2,4.63,0.54,6.79,-16.11,-10.91,-11.0,-8.7,0.17,10.23,5.12,2.22,1.88,0.6,11.88,11.48,10.44,11.38,0.98,2.95,4.59,5.33,2.13,3.93,3.85,3.28,3.36,9.02
2019-03-05,002370,12.16,12.23,12.32,11.9,186798,227370817.0,3.44,0.25,0.03,4.58,-12.18,-12.27,-10.0,-1.26,8.66,3.61,0.76,0.42,-0.84,2.69,11.89,11.67,10.59,11.23,2.7,4.33,5.07,1.88,3.68,3.6,3.03,3.11,8.75,18.4
2019-03-06,002370,12.24,12.48,12.56,12.02,256820,317075712.0,4.42,2.04,0.25,6.29,-13.14,-10.9,-2.25,7.57,2.58,-0.25,-0.58,-1.83,1.66,2.5,12.04,11.89,10.74,11.08,2.24,2.96,-0.16,1.6,1.52,0.96,1.04,6.57,16.03,12.18
2019-03-07,002370,12.45,12.63,12.76,12.18,217258,271215408.0,4.65,1.2,0.15,5.32,-12.07,-3.53,6.16,1.23,-1.56,-1.89,-3.12,0.33,1.15,3.12,12.24,12.09,10.94,10.95,1.74,-1.35,0.4,0.32,-0.24,-0.16,5.3,14.65,10.85,21.06
2019-03-08,002370,12.56,12.01,12.85,11.96,309816,385926400.0,7.05,-4.91,-0.62,7.59,-1.76,8.11,3.09,0.25,-0.08,-1.34,2.17,3.01,5.02,6.69,12.31,12.11,11.09,10.85,3.75,5.58,5.5,4.91,5.0,10.74,20.57,16.57,27.31,28.64
2019-03-11,002370,12.04,12.41,12.46,12.0,160345,197371729.0,3.83,3.33,0.4,3.93,7.75,2.75,-0.08,-0.42,-1.67,1.83,2.67,4.67,6.33,7.08,12.35,12.12,11.24,10.82,2.18,2.1,1.53,1.61,7.17,16.68,12.81,23.21,24.5,26.99
2019-03-12,002370,12.41,12.49,12.68,12.37,223461,279288128.0,2.5,0.64,0.08,5.48,-0.32,-3.07,-3.4,-4.61,-1.21,-0.4,1.54,3.15,3.88,0.73,12.4,12.15,11.39,10.8,1.44,0.88,0.96,6.49,15.93,12.09,22.42,23.7,26.18,24.5
2019-03-13,002370,12.49,12.48,12.67,12.39,177711,222798677.0,2.24,-0.08,-0.01,4.36,-3.23,-3.55,-4.76,-1.37,-0.56,1.37,2.99,3.71,0.56,2.34,12.4,12.22,11.54,10.83,0.96,1.04,6.57,16.03,12.18,22.52,23.8,26.28,24.6,29.81
2019-03-14,002370,12.48,12.45,12.6,12.21,222583,276353488.0,3.13,-0.24,-0.03,5.46,-2.13,-3.36,0.08,0.9,2.87,4.5,5.24,2.05,3.85,3.77,12.37,12.3,11.67,10.89,1.29,6.83,16.31,12.45,22.81,24.1,26.59,24.9,30.12,35.74
2019-03-15,002370,12.55,12.5,12.61,12.38,171415,213876235.0,1.85,0.4,0.05,4.2,-4.68,-1.29,-0.48,1.45,3.07,3.8,0.65,2.42,2.34,1.78,12.47,12.39,11.82,10.99,6.4,15.84,12.0,22.32,23.6,26.08,24.4,29.6,35.2,34.08
2019-03-18,002370,12.5,13.16,13.3,12.43,265608,343267600.0,6.96,5.28,0.66,6.51,-1.69,-0.88,1.05,2.65,3.38,0.24,2.01,1.93,1.37,1.45,12.62,12.48,11.98,11.12,10.03,6.38,16.19,17.4,19.76,18.16,23.1,28.42,27.36,39.51
2019-03-19,002370,13.02,13.83,14.48,12.9,320437,441422816.0,12.01,5.09,0.67,7.85,-4.5,-2.64,-1.09,-0.39,-3.41,-1.71,-1.78,-2.33,-2.25,3.1,12.88,12.64,12.16,11.27,1.23,10.56,11.71,13.96,12.44,17.14,22.2,21.19,32.75,46.06
2019-03-20,002370,13.85,14.0,14.0,13.23,205260,279433040.0,5.57,1.23,0.17,5.03,-5.06,-3.55,-2.87,-5.82,-4.16,-4.23,-4.76,-4.69,0.53,9.45,13.19,12.8,12.35,11.43,9.21,10.36,12.57,11.07,15.71,20.71,19.71,31.14,44.29,38.57
2019-03-21,002370,14.19,14.65,15.29,13.82,297733,434922768.0,10.5,4.64,0.65,7.3,-7.67,-7.02,-9.84,-8.25,-8.32,-8.83,-8.76,-3.76,4.78,1.3,13.63,13.0,12.54,11.63,5.46,7.58,6.14,10.58,15.36,14.4,25.32,37.88,32.42,31.06
2019-03-22,002370,14.66,15.3,15.45,14.38,242636,362493152.0,7.3,4.44,0.65,5.95,-10.64,-13.35,-11.82,-11.89,-12.38,-12.31,-7.51,0.7,-2.64,6.33,14.19,13.33,12.72,11.83,3.01,1.63,5.88,10.46,9.54,20.0,32.03,26.8,25.49,26.93
2019-03-25,002370,15.01,15.01,15.76,14.98,186091,284492912.0,5.1,-1.9,-0.29,4.56,-16.82,-15.35,-15.42,-15.89,-15.82,-11.21,-3.34,-6.54,2.07,3.14,14.56,13.59,12.85,12.02,3.6,7.93,12.59,11.66,22.32,34.58,29.25,27.91,29.38,39.64
2019-03-26,002370,15.02,15.01,15.55,14.9,207512,315928768.0,4.33,0.0,0.0,5.09,-14.9,-14.97,-15.44,-15.37,-10.74,-2.82,-6.04,2.62,3.69,5.77,14.79,13.84,12.99,12.21,7.93,12.59,11.66,22.32,34.58,29.25,27.91,29.38,39.64,47.44
2019-03-27,002370,15.09,16.15,16.2,14.45,301512,462563936.0,11.66,7.59,1.14,7.39,-12.32,-12.8,-12.73,-7.96,0.21,-3.11,5.81,6.92,9.07,7.61,15.22,14.21,13.21,12.43,4.64,3.78,13.68,25.08,20.12,18.89,20.25,29.78,37.03,37.15
2019-03-28,002370,16.2,15.8,16.9,15.73,315327,513715168.0,7.24,-2.17,-0.35,7.73,-19.9,-19.83,-15.45,-7.95,-11.0,-2.8,-1.78,0.19,-1.14,2.99,15.45,14.54,13.42,12.63,6.08,16.2,27.85,22.78,21.52,22.91,32.66,40.06,40.19,35.95
2019-03-29,002370,16.07,16.69,16.76,15.5,225501,366754144.0,7.97,5.63,0.89,5.53,-18.65,-14.19,-6.58,-9.68,-1.35,-0.32,1.68,0.32,4.52,9.03,15.73,14.96,13.67,12.86,10.01,21.03,16.24,15.04,16.36,25.58,32.59,32.71,28.7,19.59
2019-04-01,002370,17.02,18.36,18.36,17.02,242344,434018560.0,8.03,10.01,1.67,5.94,-21.86,-14.92,-17.74,-10.16,-9.22,-7.4,-8.64,-4.82,-0.71,-1.53,16.4,15.48,13.98,13.15,10.02,5.66,4.58,5.77,14.16,20.53,20.64,16.99,8.71,2.34
2019-04-02,002370,18.36,20.19,20.2,18.34,275556,536974704.0,10.13,9.97,1.83,6.75,-21.05,-23.66,-16.63,-15.76,-14.07,-15.21,-11.67,-7.85,-8.62,0.11,17.44,16.12,14.38,13.48,-3.91,-4.9,-3.81,3.81,9.61,9.71,6.39,-1.14,-6.93,-2.33
2019-04-03,002370,18.9,18.55,19.4,18.17,350200,646450240.0,6.09,-8.12,-1.64,8.58,-22.95,-15.85,-14.97,-13.26,-14.42,-10.84,-6.99,-7.76,1.05,11.17,17.92,16.57,14.68,13.75,3.5,4.69,12.99,19.3,19.41,15.8,7.6,1.29,6.31,3.23
2019-04-04,002370,18.7,19.05,19.2,18.31,195210,367785888.0,4.8,2.7,0.5,4.78,-16.49,-15.62,-13.93,-15.07,-11.52,-7.7,-8.47,0.27,10.32,5.95,18.57,17.01,15.0,14.03,1.94,10.03,16.17,16.27,12.76,4.78,-1.36,3.52,0.52,-1.05
2019-04-08,002370,18.83,19.05,19.42,18.6,145392,275130176.0,4.3,0.0,0.0,3.56,-16.94,-15.27,-16.4,-12.9,-9.14,-9.89,-1.29,8.6,4.3,3.23,19.04,17.39,15.36,14.28,10.03,16.17,16.27,12.76,4.78,-1.36,3.52,0.52,-1.05,-1.73
2019-04-09,002370,18.99,20.96,20.96,18.77,213371,434136928.0,11.5,10.03,1.91,5.23,-16.04,-17.16,-13.69,-9.96,-10.71,-2.18,7.62,3.36,2.29,3.46,19.56,17.98,15.78,14.56,5.58,5.68,2.48,-4.77,-10.35,-5.92,-8.64,-10.07,-10.69,-12.45
2019-04-10,002370,21.07,21.75,22.13,20.28,171434,364414592.0,8.83,3.77,0.79,4.2,-23.32,-20.12,-16.67,-17.36,-9.47,-0.39,-4.34,-5.33,-4.24,3.35,19.87,18.65,16.25,14.88,1.84,-1.24,-8.23,-13.61,-9.33,-11.95,-13.33,-13.93,-15.63,-17.38
2019-04-11,002370,21.52,21.63,22.15,21.41,112448,244403096.0,3.4,-0.55,-0.12,2.76,-24.33,-21.06,-21.72,-14.25,-5.65,-9.39,-10.32,-9.29,-2.1,3.36,20.49,19.2,16.7,15.21,-0.69,-7.72,-13.13,-8.83,-11.47,-12.85,-13.45,-15.16,-16.92,-17.71
2019-04-12,002370,21.15,19.47,21.48,19.47,219252,443945936.0,9.29,-9.99,-2.16,5.37,-13.2,-13.92,-5.7,3.75,-0.36,-1.39,-0.26,7.65,13.66,13.76,20.57,19.57,17.06,15.47,2.52,-3.49,1.28,-1.64,-3.18,-3.85,-5.75,-7.7,-8.58,-11.66
2019-04-15,002370,19.55,18.5,19.96,17.9,278764,526883856.0,10.58,-4.98,-0.97,6.83,-6.37,2.57,12.85,8.38,7.26,8.49,17.09,23.63,23.74,20.0,20.46,19.75,17.36,15.7,1.57,6.59,3.51,1.89,1.19,-0.81,-2.86,-3.78,-7.03,-5.46
2019-04-16,002370,18.76,18.34,18.79,17.73,191618,349987088.0,5.73,-0.86,-0.16,4.7,3.55,13.93,9.42,8.29,9.53,18.22,24.82,24.93,21.15,12.58,19.94,19.75,17.61,15.9,7.52,4.42,2.78,2.07,0.05,-2.02,-2.94,-6.22,-4.63,-0.76
2019-04-17,002370,18.42,18.75,19.72,18.38,231233,440808416.0,7.31,2.24,0.41,5.67,9.9,5.55,4.46,5.66,14.04,20.4,20.51,16.87,8.6,2.23,19.34,19.6,17.86,16.12,2.13,0.53,-0.16,-2.13,-4.16,-5.07,-8.27,-6.72,-2.93,-5.39
2019-04-18,002370,18.8,18.59,19.15,18.3,158985,296878944.0,4.53,-0.85,-0.16,3.9,6.01,4.92,6.12,14.54,20.93,21.04,17.38,9.07,2.68,7.76,18.73,19.61,18.09,16.33,1.4,0.7,-1.29,-3.34,-4.25,-7.48,-5.92,-2.1,-4.57,-3.07
2019-04-19,002370,18.3,18.45,18.85,18.29,133668,247640372.0,3.01,-0.75,-0.14,3.28,4.98,6.18,14.6,21.0,21.1,17.44,9.13,2.73,7.82,4.7,18.53,19.55,18.28,16.52,1.46,-0.54,-2.6,-3.52,-6.78,-5.2,-1.36,-3.85,-2.33,5.09
2019-04-22,002370,18.72,17.57,18.72,17.54,154017,276090944.0,6.4,-4.77,-0.88,3.77,10.72,19.5,26.17,26.28,22.46,13.8,7.13,12.43,9.18,7.47,18.34,19.4,18.39,16.7,4.44,2.28,1.31,-2.11,-0.46,3.59,0.97,2.56,10.36,1.31
2019-04-23,002370,17.7,17.6,18.35,17.46,113423,202415255.0,5.07,0.17,0.03,2.78,20.05,26.75,26.86,23.02,14.32,7.62,12.94,9.68,7.96,7.22,18.19,19.06,18.52,16.88,2.1,1.14,-2.27,-0.63,3.41,0.8,2.39,10.17,1.14,-4.55
2019-04-24,002370,17.78,17.8,17.97,17.4,77260,136664413.0,3.24,1.14,0.2,1.89,27.18,27.3,23.45,14.71,7.99,13.33,10.06,8.33,7.59,5.46,18.0,18.67,18.66,17.05,0.0,-3.37,-1.74,2.25,-0.34,1.24,8.93,0.0,-5.62,-3.03
2019-04-25,002370,17.79,17.2,17.8,16.8,119958,207463592.0,5.62,-3.37,-0.6,2.94,31.85,27.86,18.81,11.85,17.38,13.99,12.2,11.43,9.23,6.96,17.72,18.23,18.72,17.21,0.0,1.69,5.81,3.14,4.77,12.73,3.49,-2.33,0.35,0.0
2019-04-26,002370,17.0,16.29,17.2,16.0,90491,150079181.0,6.98,-5.29,-0.91,2.22,34.25,24.75,17.44,23.25,19.69,17.81,17.0,14.69,12.31,11.25,17.29,17.91,18.74,17.34,7.37,11.72,8.9,10.62,19.03,9.27,3.13,5.95,5.59,5.22
2019-04-29,002370,16.58,16.7,17.49,16.25,133765,225312356.0,7.61,2.52,0.41,3.28,22.83,15.63,21.35,17.85,16.0,15.2,12.92,10.58,9.54,5.85,17.12,17.73,18.74,17.48,8.98,6.23,7.9,16.11,6.59,0.6,3.35,2.99,2.63,4.43
2019-04-30,002370,16.98,18.2,18.2,16.9,174308,305823760.0,7.78,8.98,1.5,4.27,11.18,16.69,13.31,11.54,10.77,8.58,6.33,5.33,1.78,3.49,17.24,17.71,18.73,17.65,-2.53,-0.99,6.54,-2.2,-7.69,-5.16,-5.49,-5.82,-4.18,-4.4
2019-05-06,002370,17.0,16.38,17.74,16.38,163371,272430304.0,7.47,-10.0,-1.82,4.0,20.39,16.91,15.08,14.29,12.03,9.71,8.67,5.01,6.78,11.11,16.95,17.48,18.54,17.73,10.01,18.38,8.67,2.56,5.37,5.01,4.64,6.47,6.23,2.56
2019-05-07,002370,16.95,18.02,18.02,16.38,255294,450294304.0,10.01,10.01,1.64,6.26,16.91,15.08,14.29,12.03,9.71,8.67,5.01,6.78,11.11,8.3,17.12,17.42,18.52,17.87,7.6,-1.22,-6.77,-4.22,-4.55,-4.88,-3.22,-3.44,-6.77,-8.16
2019-05-08,002370,18.0,17.86,19.39,17.73,321910,597908976.0,9.21,-0.89,-0.16,7.89,6.32,5.58,3.5,1.35,0.39,-2.99,-1.35,2.65,0.06,1.64,17.43,17.36,18.46,17.97,-0.34,-5.94,-3.36,-3.7,-4.03,-2.35,-2.58,-5.94,-7.33,-6.16
2019-05-09,002370,17.58,16.07,17.8,16.07,229675,375926736.0,9.69,-10.02,-1.79,5.63,16.49,14.19,11.82,10.77,7.03,8.84,13.25,10.39,12.13,20.66,17.31,17.21,18.31,18.0,4.54,7.41,7.03,6.66,8.53,8.28,4.54,2.99,4.29,6.78
2019-05-10,002370,16.09,16.5,16.8,15.3,169199,275451408.0,9.33,2.68,0.43,4.15,19.93,17.45,16.34,12.42,14.31,18.95,15.95,17.78,26.73,16.34,16.97,17.1,18.08,18.05,4.61,4.24,3.88,5.7,5.45,1.82,0.3,1.58,4.0,2.61
2019-05-13,002370,16.34,16.65,17.26,16.33,136003,229569864.0,5.64,0.91,0.15,3.33,10.04,9.0,5.33,7.1,11.45,8.63,10.35,18.74,9.0,2.88,17.02,16.99,17.83,18.1,3.3,2.94,4.74,4.5,0.9,-0.6,0.66,3.06,1.68,7.21
2019-05-14,002370,16.27,16.56,17.2,16.23,76292,127125843.0,5.83,-0.54,-0.09,1.87,9.67,5.98,7.76,12.14,9.3,11.03,19.47,9.67,3.51,6.35,16.73,16.92,17.58,18.12,3.5,5.31,5.07,1.45,-0.06,1.21,3.62,2.23,7.79,8.39
2019-05-15,002370,16.9,16.96,17.14,16.56,113046,191537252.0,3.5,2.42,0.4,2.77,3.86,5.62,9.9,7.13,8.82,17.09,7.49,1.45,4.23,3.86,16.55,16.99,17.45,18.16,2.83,2.59,-0.94,-2.42,-1.18,1.18,-0.18,5.25,5.84,1.47
2019-05-16,002370,17.04,17.25,17.44,17.0,85892,147868496.0,2.59,1.71,0.29,2.11,2.88,7.06,4.35,6.0,14.06,4.71,-1.18,1.53,1.18,0.82,16.78,17.04,17.39,18.18,0.87,-2.61,-4.06,-2.84,-0.52,-1.86,3.48,4.06,-0.23,-5.16
2019-05-17,002370,17.25,16.8,17.4,16.06,88963,148089609.0,7.77,-2.61,-0.45,2.18,13.33,10.46,12.2,20.73,10.83,4.61,7.47,7.1,6.72,8.59,16.84,16.9,17.31,18.12,0.0,-1.49,-0.24,2.14,0.77,6.25,6.85,2.44,-2.62,-5.95
2019-05-20,002370,16.8,15.99,16.8,15.6,67251,107919174.0,7.14,-4.82,-0.81,1.65,13.72,15.51,24.29,14.1,7.69,10.64,10.26,9.87,11.79,11.54,16.71,16.87,17.17,17.98,3.5,4.82,7.32,5.88,11.63,12.26,7.63,2.31,-1.19,-3.38
2019-05-21,002370,16.11,16.55,16.55,16.01,72101,117914360.0,3.38,3.5,0.56,1.77,12.55,21.11,11.18,4.93,7.81,7.43,7.06,8.93,8.68,4.93,16.71,16.72,17.07,17.92,1.27,3.69,2.3,7.85,8.46,3.99,-1.15,-4.53,-6.65,-8.28
2019-05-22,002370,16.6,16.51,16.76,16.32,68152,112446350.0,2.66,-0.24,-0.04,1.67,18.81,9.07,2.94,5.76,5.39,5.02,6.86,6.62,2.94,1.41,16.62,16.58,16.97,17.83,3.94,2.54,8.12,8.72,4.24,-0.91,-4.3,-6.42,-8.06,-6.12
2019-05-23,002370,16.51,16.75,17.16,16.26,81655,137433267.0,5.45,1.45,0.24,2.0,9.47,3.32,6.15,5.78,5.41,7.26,7.01,3.32,1.78,3.08,16.52,16.65,16.93,17.76,1.07,6.57,7.16,2.75,-2.33,-5.67,-7.76,-9.37,-7.46,-10.87
2019-05-24,002370,16.83,16.83,16.93,16.21,47632,79123858.0,4.3,0.48,0.08,1.17,3.64,6.48,6.11,5.74,7.59,7.34,3.64,2.1,3.39,5.86,16.53,16.68,16.89,17.62,6.06,6.65,2.26,-2.79,-6.12,-8.2,-9.8,-7.9,-11.29,-11.29
2019-05-27,002370,16.86,17.84,17.85,16.85,132309,230886814.0,5.94,6.0,1.01,3.24,2.43,2.08,1.72,3.5,3.26,-0.3,-1.78,-0.53,1.84,0.47,16.9,16.8,16.9,17.49,0.62,-3.53,-8.3,-11.43,-13.4,-14.91,-13.12,-16.31,-16.31,-15.25
2019-05-28,002370,17.8,17.22,17.95,17.0,145174,253793160.0,5.33,-3.48,-0.62,3.56,1.18,0.82,2.59,2.35,-1.18,-2.65,-1.41,0.94,-0.41,5.0,17.03,16.87,16.9,17.34,-0.06,-4.99,-8.25,-10.28,-11.85,-9.99,-13.3,-13.3,-12.2,-12.25
2019-05-29,002370,17.17,16.65,17.21,16.07,85329,141903140.0,6.62,-3.31,-0.57,2.09,6.66,8.53,8.28,4.54,2.99,4.29,6.78,5.35,11.08,11.7,17.06,16.84,16.91,17.25,-1.74,-5.11,-7.21,-8.83,-6.91,-10.33,-10.33,-9.19,-9.25,-8.17
2019-05-30,002370,16.36,15.75,16.36,14.99,209349,326312768.0,8.23,-5.41,-0.9,5.13,16.34,16.08,12.07,10.41,11.81,14.48,12.94,19.08,19.75,14.81,16.86,16.69,16.87,17.15,0.32,-1.9,-3.62,-1.59,-5.21,-5.21,-4.0,-4.06,-2.92,2.1
2019-05-31,002370,15.8,15.21,15.8,15.1,83979,128979681.0,4.44,-3.43,-0.54,2.06,15.23,11.26,9.6,10.99,13.64,12.12,18.21,18.87,13.97,8.34,16.53,16.53,16.72,17.05,1.58,-0.2,1.91,-1.84,-1.84,-0.59,-0.66,0.53,5.72,7.89
2019-06-03,002370,15.23,14.5,15.45,14.38,97483,144001893.0,7.03,-4.67,-0.71,2.39,16.83,15.09,16.55,19.33,17.73,24.13,24.83,19.68,13.77,9.87,15.87,16.38,16.62,16.91,4.69,6.9,2.97,2.97,4.28,4.21,5.45,10.9,13.17,12.55
2019-06-04,002370,14.49,15.09,15.18,13.82,148007,219401012.0,9.38,4.07,0.59,3.63,19.75,21.27,24.17,22.5,29.16,29.88,24.53,18.38,14.33,11.79,15.44,16.23,16.48,16.79,2.72,-1.06,-1.06,0.2,0.13,1.33,6.56,8.75,8.15,8.75
2019-06-05,002370,15.09,14.79,15.5,14.77,119380,180708329.0,4.84,-1.99,-0.3,2.93,13.47,16.18,14.62,20.85,21.53,16.52,10.77,6.97,4.6,2.78,15.07,16.06,16.32,16.67,0.95,0.95,2.23,2.16,3.38,8.72,10.95,10.34,10.95,11.9
2019-06-06,002370,14.78,14.53,14.93,14.49,62915,92320835.0,2.97,-1.76,-0.26,1.54,18.43,16.84,23.19,23.88,18.77,12.91,9.04,6.63,4.76,6.97,14.82,15.84,16.25,16.57,2.75,4.06,3.99,5.23,10.67,12.94,12.32,12.94,13.9,15.49
2019-06-10,002370,14.68,14.68,14.93,14.32,41906,61743451.0,4.2,1.03,0.15,1.03,18.23,24.65,25.35,20.18,14.25,10.34,7.89,6.01,8.24,4.26,14.72,15.63,16.16,16.47,3.0,2.93,4.16,9.54,11.78,11.17,11.78,12.74,14.31,13.83
2019-06-11,002370,14.8,14.96,15.12,14.68,51799,77511336.0,3.0,1.91,0.28,1.27,21.59,22.28,17.23,11.44,7.63,5.25,3.41,5.59,1.7,1.7,14.81,15.34,16.07,16.38,1.0,2.21,7.49,9.69,9.09,9.69,10.63,12.17,11.7,9.96
2019-06-12,002370,14.97,14.79,15.11,14.72,40076,59511946.0,2.61,-1.14,-0.17,0.98,21.94,16.92,11.14,7.34,4.96,3.12,5.3,1.43,1.43,2.72,14.75,15.09,15.98,16.3,3.38,8.72,10.95,10.34,10.95,11.9,13.46,12.98,11.22,11.43
2019-06-13,002370,14.9,15.29,15.29,14.72,54686,82396175.0,3.85,3.38,0.5,1.34,16.92,11.14,7.34,4.96,3.12,5.3,1.43,1.43,2.72,2.65,14.85,14.96,15.9,16.26,5.17,7.33,6.74,7.33,8.24,9.74,9.29,7.59,7.78,7.19
2019-06-14,002370,15.35,15.89,16.08,15.29,122749,194480064.0,5.17,3.92,0.6,3.01,7.0,3.34,1.05,-0.72,1.37,-2.35,-2.35,-1.11,-1.18,0.0,15.12,14.97,15.83,16.24,3.27,2.71,3.27,4.15,5.6,5.16,3.52,3.71,3.15,2.89
2019-06-17,002370,15.99,15.78,16.41,15.68,79219,126683284.0,4.59,-0.69,-0.11,1.94,0.77,-1.47,-3.19,-1.15,-4.78,-4.78,-3.57,-3.64,-2.49,2.55,15.34,15.03,15.78,16.16,3.42,3.99,4.88,6.34,5.89,4.25,4.44,3.87,3.61,2.6
2019-06-18,002370,15.76,16.01,16.32,15.67,71090,114223507.0,4.12,1.46,0.23,1.74,-1.4,-3.13,-1.08,-4.72,-4.72,-3.51,-3.57,-2.43,2.62,4.72,15.55,15.18,15.78,16.14,2.5,3.37,4.81,4.37,2.75,2.94,2.37,2.12,1.12,1.62
2019-06-19,002370,16.36,15.99,16.41,15.99,44516,72049740.0,2.62,-0.12,-0.02,1.09,-5.07,-3.06,-6.63,-6.63,-5.44,-5.5,-4.38,0.56,2.63,2.06,15.79,15.27,15.75,16.08,3.5,4.94,4.5,2.88,3.06,2.5,2.25,1.25,1.75,-2.06
2019-06-20,002370,16.0,16.52,16.55,15.69,92001,149420430.0,5.38,3.31,0.53,2.25,-1.21,-4.84,-4.84,-3.63,-3.7,-2.55,2.49,4.59,4.02,4.59,16.04,15.44,15.75,16.03,1.57,1.15,-0.42,-0.24,-0.79,-1.03,-2.0,-1.51,-5.21,-12.83
2019-06-21,002370,16.45,16.57,16.78,16.29,107211,177015418.0,2.97,0.3,0.05,2.63,-8.35,-8.35,-7.18,-7.24,-6.14,-1.29,0.74,0.18,0.74,1.6,16.17,15.65,15.74,16.05,0.84,-0.72,-0.54,-1.09,-1.33,-2.29,-1.81,-5.49,-13.1,-11.04
2019-06-24,002370,16.7,16.34,16.71,16.27,53092,87127492.0,2.66,-1.39,-0.23,1.3,-8.24,-7.07,-7.13,-6.02,-1.17,0.86,0.31,0.86,1.72,3.13,16.29,15.81,15.72,16.04,0.67,0.86,0.31,0.06,-0.92,-0.43,-4.16,-11.87,-9.79,-4.83
2019-06-25,002370,16.45,16.12,16.45,15.8,50852,82005969.0,3.98,-1.35,-0.22,1.25,-4.3,-4.37,-3.23,1.77,3.86,3.29,3.86,4.75,6.2,5.76,16.31,15.93,15.63,16.02,2.23,1.67,1.43,0.43,0.93,-2.85,-10.67,-8.56,-3.54,-5.21
2019-06-26,002370,16.07,16.17,16.48,16.07,59470,96909811.0,2.54,0.31,0.05,1.46,-5.97,-4.85,0.06,2.12,1.56,2.12,2.99,4.42,3.98,2.36,16.34,16.07,15.58,16.01,1.36,1.11,0.12,0.62,-3.15,-10.95,-8.84,-3.83,-5.5,-6.25
2019-06-27,002370,16.13,16.28,16.39,16.06,57721,93500062.0,2.04,0.68,0.11,1.41,-4.79,0.12,2.18,1.62,2.18,3.05,4.48,4.05,2.43,2.62,16.3,16.17,15.56,15.99,0.43,-0.55,-0.06,-3.81,-11.55,-9.46,-4.48,-6.14,-6.88,-12.04
2019-06-28,002370,16.35,15.8,16.35,15.68,40751,65296732.0,4.12,-2.95,-0.48,1.0,2.55,4.66,4.08,4.66,5.55,7.02,6.57,4.91,5.1,4.53,16.14,16.16,15.57,15.94,2.47,2.97,-0.89,-8.86,-6.71,-1.58,-3.29,-4.05,-9.37,-15.63
2019-07-01,002370,16.02,15.92,16.19,15.0,61797,98483190.0,7.53,0.76,0.12,1.52,9.4,8.8,9.4,10.33,11.87,11.4,9.67,9.87,9.27,9.0,16.06,16.17,15.6,15.91,2.2,-1.63,-9.55,-7.41,-2.32,-4.02,-4.77,-10.05,-16.27,-20.54
2019-07-02,002370,16.0,15.7,16.27,15.58,61027,97081126.0,4.33,-1.38,-0.22,1.5,4.75,5.33,6.23,7.7,7.25,5.58,5.78,5.2,4.94,3.92,15.97,16.14,15.66,15.9,-0.25,-8.28,-6.11,-0.96,-2.68,-3.44,-8.79,-15.1,-19.43,-17.83
2019-07-03,002370,15.5,14.48,15.66,14.13,169278,246246072.0,9.75,-7.77,-1.22,4.15,16.14,17.13,18.75,18.26,16.42,16.63,15.99,15.71,14.58,15.15,15.64,15.99,15.63,15.83,-0.55,1.8,7.39,5.52,4.7,-1.1,-7.94,-12.64,-10.91,-13.33
2019-07-04,002370,14.4,13.69,14.4,13.52,153784,213983583.0,6.08,-5.46,-0.79,3.77,22.41,24.11,23.59,21.67,21.89,21.23,20.93,19.75,20.34,15.83,15.12,15.71,15.58,15.74,7.67,13.59,11.61,10.74,4.6,-2.63,-7.6,-5.77,-8.33,-8.77
2019-07-05,002370,13.92,14.67,14.74,13.77,179120,256024596.0,7.09,7.16,0.98,4.39,21.86,21.35,19.46,19.68,19.03,18.74,17.57,18.16,13.73,4.58,14.89,15.52,15.58,15.67,6.0,4.16,3.34,-2.39,-9.13,-13.77,-12.07,-14.45,-14.86,-15.0
2019-07-08,002370,14.8,15.28,15.55,14.51,176080,263558426.0,7.09,4.16,0.61,4.32,15.16,13.37,13.58,12.96,12.68,11.58,12.13,7.93,-0.76,1.59,14.76,15.41,15.61,15.62,0.0,-0.79,-6.28,-12.76,-17.21,-15.58,-17.87,-18.26,-18.39,-19.18
2019-07-09,002370,14.98,14.85,15.28,14.27,150972,220997241.0,6.61,-2.81,-0.43,3.7,15.28,15.49,14.86,14.58,13.45,14.02,9.74,0.91,3.29,8.97,14.59,15.28,15.61,15.52,2.09,-3.57,-10.24,-14.81,-13.13,-15.49,-15.89,-16.03,-16.84,-19.33
2019-07-10,002370,15.16,14.21,15.16,14.14,134985,193292794.0,6.87,-4.31,-0.64,3.31,16.55,15.91,15.63,14.5,15.06,10.75,1.84,4.24,9.97,8.06,14.54,15.09,15.58,15.42,0.77,-6.19,-10.98,-9.22,-11.68,-12.1,-12.24,-13.09,-15.69,-14.99
2019-07-11,002370,14.31,13.43,14.32,13.05,234531,316520992.0,8.94,-5.49,-0.78,5.75,25.59,25.29,24.06,24.67,20.0,10.34,12.95,19.16,17.09,16.17,14.49,14.8,15.49,15.31,-0.74,-5.81,-3.95,-6.55,-7.0,-7.15,-8.04,-10.8,-10.05,-11.02
2019-07-12,002370,13.33,12.43,13.33,12.09,311203,387559808.0,9.23,-7.45,-1.0,7.63,35.24,33.91,34.57,29.53,19.11,21.92,28.62,26.39,25.39,18.44,14.04,14.47,15.31,15.2,1.77,3.78,0.97,0.48,0.32,-0.64,-3.62,-2.82,-3.86,-2.41
2019-07-15,002370,11.76,12.5,12.65,11.46,213550,257883378.0,9.57,0.56,0.07,5.24,41.27,41.97,36.65,25.65,28.62,35.69,33.33,32.29,24.96,16.32,13.48,14.12,15.15,15.11,3.2,0.4,-0.08,-0.24,-1.2,-4.16,-3.36,-4.4,-2.96,2.32
2019-07-16,002370,12.31,12.4,12.9,12.27,164014,204777887.0,5.04,-0.8,-0.1,4.02,32.6,27.63,17.36,20.13,26.73,24.53,23.55,16.71,8.64,3.1,12.99,13.79,14.97,15.04,1.21,0.73,0.56,-0.4,-3.39,-2.58,-3.63,-2.18,3.15,6.85
2019-07-17,002370,12.44,12.39,12.55,12.12,118473,146939705.0,3.47,-0.08,-0.01,2.91,29.21,18.81,21.62,28.3,26.07,25.08,18.15,9.98,4.37,6.44,12.63,13.58,14.79,14.95,0.81,0.65,-0.32,-3.31,-2.5,-3.55,-2.1,3.23,6.94,8.23
2019-07-18,002370,12.4,12.32,12.49,11.96,139778,170545389.0,4.28,-0.56,-0.07,3.43,20.4,23.24,30.02,27.76,26.76,19.73,11.45,5.77,7.86,4.93,12.41,13.45,14.58,14.87,1.22,0.24,-2.76,-1.95,-3.0,-1.54,3.81,7.55,8.85,12.91
2019-07-19,002370,12.31,12.35,12.47,12.11,132621,163349193.0,2.92,0.24,0.03,3.25,21.72,28.41,26.18,25.19,18.25,10.07,4.46,6.52,3.63,3.14,12.39,13.22,14.37,14.79,0.0,-3.0,-2.19,-3.24,-1.78,3.56,7.29,8.58,12.63,16.92
2019-07-22,002370,12.3,11.78,12.35,11.78,138155,166016371.0,4.62,-4.62,-0.57,3.39,32.0,29.71,28.69,21.56,13.16,7.39,9.51,6.54,6.03,5.86,12.25,12.87,14.14,14.7,1.7,2.55,1.44,2.97,8.57,12.48,13.84,18.08,22.58,24.96
2019-07-23,002370,11.9,11.88,11.98,11.6,105406,124383129.0,3.23,0.85,0.1,2.59,31.72,30.69,23.45,14.91,9.05,11.21,8.19,7.67,7.5,6.47,12.14,12.57,13.93,14.59,1.68,0.59,2.1,7.66,11.53,12.88,17.09,21.55,23.91,22.47
2019-07-24,002370,11.97,11.81,12.08,11.8,69325,82830822.0,2.36,-0.59,-0.07,1.7,28.47,21.36,12.97,7.2,9.32,6.36,5.85,5.68,4.66,1.53,12.03,12.33,13.71,14.5,1.19,2.71,8.3,12.19,13.55,17.78,22.27,24.64,23.2,23.62
2019-07-25,002370,11.85,11.76,11.95,11.65,61946,72699042.0,2.54,-0.42,-0.05,1.52,22.92,14.42,8.58,10.73,7.73,7.21,7.04,6.01,2.83,3.69,11.92,12.16,13.48,14.38,3.15,8.76,12.67,14.03,18.28,22.79,25.17,23.72,24.15,19.05
2019-07-26,002370,11.78,12.1,12.13,11.68,112339,134415998.0,3.83,2.89,0.34,2.76,14.13,8.3,10.45,7.45,6.93,6.76,5.74,2.57,3.42,2.31,11.87,12.13,13.3,14.25,5.7,9.5,10.83,14.96,19.34,21.65,20.25,20.66,15.7,16.03
2019-07-29,002370,12.21,12.76,12.79,12.12,163378,205272223.0,5.54,5.45,0.66,4.01,4.37,6.44,3.55,3.05,2.89,1.9,-1.16,-0.33,-1.4,0.08,12.06,12.15,13.14,14.15,3.84,5.09,9.01,13.17,15.36,14.03,14.42,9.72,10.03,3.13
2019-07-30,002370,12.83,13.04,13.25,12.8,169962,221356805.0,3.53,2.19,0.28,4.17,0.78,-1.95,-2.42,-2.58,-3.52,-6.41,-5.63,-6.64,-5.23,-0.08,12.29,12.22,13.01,14.05,2.84,6.67,10.74,12.88,11.58,11.96,7.36,7.67,0.92,8.13
2019-07-31,002370,13.14,13.38,13.41,12.68,136919,179253375.0,5.6,2.61,0.34,3.36,-1.03,-1.5,-1.66,-2.6,-5.52,-4.73,-5.76,-4.34,0.87,4.5,12.61,12.32,12.95,13.96,3.96,7.92,10.01,8.74,9.12,4.63,4.93,-1.64,5.38,0.15
2019-08-01,002370,13.28,13.8,13.91,13.28,132200,181230846.0,4.71,3.14,0.42,3.24,-5.95,-6.1,-7.0,-9.79,-9.04,-10.02,-8.66,-3.69,-0.23,0.98,13.02,12.47,12.96,13.87,4.64,6.67,5.43,5.8,1.45,1.74,-4.64,2.17,-2.9,-19.64
2019-08-02,002370,13.5,14.16,14.44,13.5,150438,210439668.0,6.81,2.61,0.36,3.69,-7.63,-8.52,-11.26,-10.52,-11.48,-10.15,-5.26,-1.85,-0.67,3.04,13.43,12.65,12.93,13.79,3.95,2.75,3.11,-1.13,-0.85,-7.06,-0.42,-5.37,-21.68,-29.52
2019-08-05,002370,14.17,14.59,14.72,14.17,150278,217391772.0,3.88,3.04,0.43,3.69,-12.84,-15.46,-14.75,-15.67,-14.4,-9.74,-6.49,-5.36,-1.83,1.91,13.79,12.93,12.9,13.74,-0.27,0.07,-4.04,-3.77,-9.8,-3.36,-8.16,-23.99,-31.6,-29.4
2019-08-06,002370,14.55,14.36,14.55,13.13,148305,209252350.0,9.73,-1.58,-0.23,3.64,-8.76,-8.0,-8.99,-7.62,-2.59,0.91,2.13,5.94,9.98,12.11,14.06,13.18,12.87,13.68,1.67,-2.51,-2.23,-8.36,-1.81,-6.69,-22.77,-30.5,-28.27,-32.59
2019-08-07,002370,14.55,13.73,14.6,13.7,145555,206948634.0,6.27,-4.39,-0.63,3.57,-11.82,-12.77,-11.46,-6.64,-3.28,-2.12,1.53,5.4,7.45,6.2,14.13,13.37,12.85,13.6,1.97,2.26,-4.15,2.69,-2.4,-19.23,-27.31,-24.98,-29.5,-30.95
2019-08-08,002370,13.8,13.45,14.0,12.7,160331,214232856.0,9.47,-2.04,-0.28,3.93,-5.91,-4.49,0.71,4.33,5.59,9.53,13.7,15.91,14.57,14.96,14.06,13.54,12.85,13.5,4.39,-2.16,4.83,-0.37,-17.55,-25.8,-23.42,-28.03,-29.52,-29.37
2019-08-09,002370,13.51,12.97,14.04,12.91,133922,178021529.0,8.4,-3.57,-0.48,3.28,-6.04,-0.93,2.63,3.87,7.75,11.85,14.02,12.7,13.09,8.44,13.82,13.62,12.88,13.41,1.46,8.71,3.32,-14.49,-23.05,-20.59,-25.37,-26.91,-26.75,-26.14
2019-08-12,002370,13.05,12.82,13.16,12.5,127761,163811150.0,5.09,-1.16,-0.15,3.13,2.32,6.0,7.28,11.28,15.52,17.76,16.4,16.8,12.0,12.32,13.47,13.63,12.89,13.3,9.98,4.52,-13.49,-22.15,-19.66,-24.49,-26.05,-25.9,-25.27,-22.54
2019-08-13,002370,12.99,13.69,14.1,12.99,403259,542009952.0,8.66,6.79,0.87,9.89,2.0,3.23,7.08,11.16,13.32,12.01,12.39,7.78,8.08,1.31,13.33,13.69,12.96,13.24,-2.12,-18.99,-27.1,-24.76,-29.29,-30.75,-30.61,-30.02,-27.47,-22.06
2019-08-14,002370,13.29,12.32,13.4,12.32,174211,219821803.0,7.89,-10.01,-1.37,4.27,8.85,12.91,17.21,19.48,18.1,18.51,13.64,13.96,6.82,14.45,13.05,13.59,12.95,13.16,-9.98,-18.99,-16.4,-21.43,-23.05,-22.89,-22.24,-19.4,-13.39,-13.23
2019-08-15,002370,11.09,11.09,11.09,11.09,16908,18750972.0,0.0,-9.98,-1.23,0.41,25.43,30.21,32.73,31.2,31.65,26.24,26.6,18.67,27.14,20.83,12.58,13.32,12.89,13.08,-10.01,-7.12,-12.71,-14.52,-14.34,-13.62,-10.46,-3.79,-3.61,-5.32
2019-08-16,002370,9.98,9.98,9.98,9.98,39637,39557726.0,0.0,-10.01,-1.11,0.97,44.69,47.49,45.79,46.29,40.28,40.68,31.86,41.28,34.27,11.12,11.98,12.9,12.77,12.92,3.21,-3.01,-5.01,-4.81,-4.01,-0.5,6.91,7.11,5.21,5.01
2019-08-19,002370,9.23,9.84,10.3,9.0,821086,772542768.0,13.03,-1.4,-0.14,20.14,63.56,61.67,62.22,55.56,56.0,46.22,56.67,48.89,23.22,10.89,11.38,12.42,12.68,12.74,-1.63,-3.66,-3.46,-2.64,0.91,8.43,8.64,6.71,6.5,9.55
2019-08-20,002370,9.47,9.37,9.68,9.3,570769,539158832.0,3.86,-4.78,-0.47,14.0,56.45,56.99,50.54,50.97,41.51,51.61,44.09,19.25,7.31,10.75,10.52,11.93,12.55,12.56,1.17,1.39,2.24,5.98,13.87,14.09,12.06,11.85,15.05,11.53
2019-08-21,002370,9.38,9.47,9.48,9.32,282402,265858998.0,1.71,1.07,0.1,6.93,56.65,50.21,50.64,41.2,51.29,43.78,18.99,7.08,10.52,3.86,9.95,11.5,12.43,12.4,0.32,1.16,4.86,12.67,12.88,10.88,10.67,13.83,10.35,8.98
2019-08-22,002370,9.43,9.41,9.5,9.35,193249,181844265.0,1.58,-0.63,-0.06,4.74,49.73,50.16,40.75,50.8,43.32,18.61,6.74,10.16,3.53,1.39,9.61,11.1,12.32,12.27,1.81,5.53,13.39,13.6,11.58,11.37,14.56,11.05,9.67,8.4
2019-08-23,002370,9.36,9.55,9.58,9.21,286711,269929728.0,3.93,1.49,0.14,7.03,52.44,42.89,53.09,45.49,20.41,8.36,11.83,5.1,2.93,3.15,9.53,10.75,12.19,12.17,3.98,11.73,11.94,9.95,9.74,12.88,9.42,8.06,6.81,6.18
2019-08-26,002370,9.33,9.7,9.93,9.23,331028,318735840.0,7.33,1.57,0.15,8.12,42.58,52.76,45.18,20.15,8.13,11.59,4.88,2.71,2.93,3.79,9.5,10.44,12.04,12.08,10.0,10.21,8.25,8.04,11.13,7.73,6.39,5.15,4.54,3.92
2019-08-27,002370,9.86,10.67,10.67,9.75,565028,587975008.0,9.48,10.0,0.97,13.86,44.62,37.44,13.74,2.36,5.64,-0.72,-2.77,-2.56,-1.74,1.85,9.76,10.14,11.92,12.02,0.19,-1.59,-1.78,1.03,-2.06,-3.28,-4.4,-4.97,-5.53,3.09
2019-08-28,002370,10.69,10.31,10.69,10.2,430977,449303456.0,4.59,-3.37,-0.36,10.57,31.37,8.73,-2.16,0.98,-5.1,-7.06,-6.86,-6.08,-2.65,4.61,9.93,9.94,11.76,11.95,1.84,1.65,4.56,1.36,0.1,-1.07,-1.65,-2.23,6.69,4.17
2019-08-29,002370,10.21,10.32,10.5,10.12,249660,257836001.0,3.69,0.1,0.01,6.12,9.58,-1.38,1.78,-4.35,-6.32,-6.13,-5.34,-1.88,5.43,5.63,10.11,9.86,11.59,11.88,1.55,4.46,1.26,0.0,-1.16,-1.74,-2.33,6.59,4.07,1.26
2019-08-30,002370,10.37,9.82,10.48,9.38,295325,296062992.0,10.66,-4.84,-0.5,7.24,6.4,9.81,3.2,1.07,1.28,2.13,5.86,13.75,13.97,11.94,10.16,9.85,11.37,11.8,9.78,6.42,5.09,3.87,3.26,2.65,12.02,9.37,6.42,5.5
2019-09-02,002370,9.82,10.15,10.78,9.72,272674,278419520.0,10.79,3.36,0.33,6.69,5.97,-0.41,-2.47,-2.26,-1.44,2.16,9.77,9.98,8.02,7.82,10.25,9.88,11.15,11.74,2.96,1.67,0.49,-0.1,-0.69,8.37,5.81,2.96,2.07,2.66
2019-09-03,002370,10.21,10.31,10.45,10.05,247944,254303924.0,3.94,1.58,0.16,6.08,-3.68,-5.67,-5.47,-4.68,-1.19,6.17,6.37,4.48,4.28,7.26,10.18,9.97,10.95,11.69,0.1,-1.07,-1.65,-2.23,6.69,4.17,1.36,0.48,1.07,-1.26
2019-09-04,002370,10.15,10.14,10.32,10.06,237160,241173177.0,2.52,-1.65,-0.17,5.82,-5.77,-5.57,-4.77,-1.29,6.06,6.26,4.37,4.17,7.16,3.88,10.15,10.04,10.77,11.64,0.59,0.0,-0.59,8.48,5.92,3.06,2.17,2.76,0.39,0.3
2019-09-05,002370,10.19,10.09,10.2,10.02,264868,268306462.0,1.78,-0.49,-0.05,6.5,-5.19,-4.39,-0.9,6.49,6.69,4.79,4.59,7.58,4.29,2.99,10.1,10.11,10.6,11.58,0.5,-0.1,9.02,6.44,3.57,2.68,3.27,0.89,0.79,0.4
2019-09-06,002370,10.09,9.92,10.14,9.81,231050,229653517.0,3.27,-1.68,-0.17,5.67,-2.34,1.22,8.77,8.97,7.03,6.83,9.89,6.52,5.2,3.98,10.12,10.14,10.45,11.51,1.61,10.89,8.27,5.34,4.44,5.04,2.62,2.52,2.12,-2.02
2019-09-09,002370,10.0,10.06,10.08,9.86,218864,217759517.0,2.22,1.41,0.14,5.37,0.71,8.22,8.42,6.49,6.29,9.33,5.98,4.67,3.45,2.84,10.1,10.18,10.31,11.42,9.34,6.76,3.88,2.98,3.58,1.19,1.09,0.7,-3.38,-3.88
2019-09-10,002370,10.08,10.64,11.0,9.95,612187,644180336.0,10.44,5.77,0.58,15.01,7.24,7.44,5.53,5.33,8.34,5.03,3.72,2.51,1.91,1.31,10.17,10.18,10.16,11.34,0.94,-1.79,-2.63,-2.07,-4.32,-4.42,-4.79,-8.65,-9.12,-11.65
2019-09-11,002370,10.57,10.24,10.74,10.21,433056,452051264.0,4.98,-3.76,-0.4,10.62,4.7,2.84,2.64,5.58,2.35,1.08,-0.1,-0.69,-1.27,7.74,10.19,10.17,10.05,11.23,2.05,1.17,1.76,-0.59,-0.68,-1.07,-5.08,-5.57,-8.2,-9.86
2019-09-12,002370,10.17,10.23,10.45,10.08,265457,271843920.0,3.61,-0.1,-0.01,6.51,4.17,3.97,6.94,3.67,2.38,1.19,0.6,0.0,9.13,6.55,10.22,10.16,10.01,11.11,1.27,1.86,-0.49,-0.59,-0.98,-4.99,-5.47,-8.11,-9.78,-11.63
2019-09-16,002370,10.26,10.27,10.36,10.17,195193,200077545.0,1.86,0.39,0.04,4.79,3.05,6.0,2.75,1.47,0.29,-0.29,-0.88,8.16,5.6,2.75,10.29,10.2,10.03,10.98,1.46,-0.88,-0.97,-1.36,-5.36,-5.84,-8.47,-10.13,-11.98,-14.22
2019-09-17,002370,10.2,10.14,10.42,10.06,234924,240220616.0,3.51,-1.27,-0.13,5.76,7.16,3.88,2.58,1.39,0.8,0.2,9.34,6.76,3.88,2.98,10.3,10.2,10.04,10.84,0.39,0.3,-0.1,-4.14,-4.64,-7.3,-8.97,-10.85,-13.12,-10.55
2019-09-18,002370,10.15,9.92,10.18,9.89,200284,200106098.0,2.86,-2.17,-0.22,4.91,5.66,4.35,3.13,2.53,1.92,11.22,8.59,5.66,4.75,5.36,10.16,10.16,10.07,10.69,2.52,2.12,-2.02,-2.52,-5.24,-6.96,-8.87,-11.19,-8.57,-10.28
2019-09-19,002370,10.06,10.06,10.17,9.95,140701,141383520.0,2.22,1.41,0.14,3.03,3.72,2.51,1.91,1.31,10.55,7.94,5.03,4.12,4.72,2.31,10.12,10.16,10.1,10.57,0.7,-3.38,-3.88,-6.56,-8.25,-10.14,-12.43,-9.84,-11.53,-10.83
2019-09-20,002370,10.1,9.98,10.13,9.92,147369,147186403.0,2.09,-0.8,-0.08,3.18,2.82,2.22,1.61,10.89,8.27,5.34,4.44,5.04,2.62,2.52,10.07,10.15,10.13,10.45,-2.61,-3.11,-5.81,-7.52,-9.42,-11.72,-9.12,-10.82,-10.12,-7.52
2019-09-23,002370,9.68,9.61,9.72,9.25,220357,209447341.0,4.71,-3.71,-0.37,4.75,9.62,8.97,18.92,16.11,12.97,12.0,12.65,10.05,9.95,9.51,9.94,10.11,10.13,10.34,0.62,-2.19,-3.95,-5.93,-8.32,-5.62,-7.39,-6.66,-3.95,-5.2
2019-09-24,002370,9.6,9.49,9.67,9.45,139227,132964335.0,2.29,-1.25,-0.12,3.0,6.67,16.4,13.65,10.58,9.63,10.26,7.72,7.62,7.2,2.86,9.81,10.06,10.12,10.23,-0.95,-2.74,-4.74,-7.17,-4.43,-6.22,-5.48,-2.74,-4.0,-7.27
2019-09-25,002370,9.4,9.11,9.4,9.1,173711,159987151.0,3.16,-4.0,-0.38,3.74,20.88,18.02,14.84,13.85,14.51,11.87,11.76,11.32,6.81,6.26,9.65,9.9,10.04,10.07,1.32,-0.77,-3.29,-0.44,-2.31,-1.54,1.32,0.0,-3.4,-3.18
2019-09-26,002370,9.08,8.89,9.23,8.85,169643,152675671.0,4.17,-2.41,-0.22,3.66,21.36,18.08,17.06,17.74,15.03,14.92,14.46,9.83,9.27,6.21,9.42,9.77,9.97,9.96,1.69,-0.9,2.02,0.11,0.9,3.82,2.47,-1.01,-0.79,-3.15
2019-09-27,002370,8.59,8.76,9.04,8.59,202631,179612169.0,5.06,-1.46,-0.13,4.37,21.65,20.61,21.3,18.51,18.39,17.93,13.15,12.57,9.43,7.45,9.17,9.62,9.89,9.88,0.57,3.54,1.6,2.4,5.37,4.0,0.46,0.68,-1.71,-2.4
2019-09-30,002370,8.8,8.56,8.81,8.52,134079,115976541.0,3.31,-2.28,-0.2,2.89,21.6,22.3,19.48,19.37,18.9,14.08,13.5,10.33,8.33,6.1,8.96,9.45,9.83,9.83,5.96,3.97,4.79,7.83,6.43,2.8,3.04,0.58,-0.12,-1.52
2019-10-08,002370,8.56,8.95,9.07,8.55,190286,169205225.0,6.07,4.56,0.39,4.11,21.87,19.06,18.95,18.48,13.68,13.1,9.94,7.95,5.73,3.04,8.85,9.33,9.77,9.8,-0.56,0.22,3.13,1.79,-1.68,-1.45,-3.8,-4.47,-5.81,-8.16
2019-10-09,002370,8.9,8.89,8.9,8.75,105803,93271224.0,1.68,-0.67,-0.06,2.28,16.34,16.23,15.77,11.09,10.51,7.43,5.49,3.31,0.69,3.66,8.81,9.23,9.7,9.79,0.9,3.82,2.47,-1.01,-0.79,-3.15,-3.82,-5.17,-7.54,-6.86
2019-10-10,002370,8.85,8.93,8.97,8.82,86332,76976311.0,1.69,0.45,0.04,1.86,15.31,14.85,10.2,9.64,6.58,4.65,2.49,-0.11,2.83,0.91,8.82,9.12,9.64,9.77,3.36,2.02,-1.46,-1.23,-3.58,-4.26,-5.6,-7.95,-7.28,-7.95
2019-10-11,002370,8.97,8.96,9.23,8.85,146646,132700232.0,4.26,0.34,0.03,3.17,14.46,9.83,9.27,6.21,4.29,2.15,-0.45,2.49,0.56,1.36,8.86,9.01,9.58,9.76,1.67,-1.79,-1.56,-3.91,-4.58,-5.92,-8.26,-7.59,-8.26,-8.93
2019-10-14,002370,9.05,9.04,9.11,8.96,120190,108646210.0,1.67,0.89,0.08,2.59,8.48,7.92,4.91,3.01,0.89,-1.67,1.23,-0.67,0.11,3.01,8.95,8.96,9.54,9.74,-2.65,-2.43,-4.76,-5.42,-6.75,-9.07,-8.41,-9.07,-9.73,-9.18
2019-10-15,002370,8.8,8.73,8.8,8.54,151658,131885137.0,2.88,-3.43,-0.31,3.27,13.23,10.07,8.08,5.85,3.16,6.21,4.22,5.04,8.08,6.67,8.91,8.88,9.47,9.71,1.03,-1.37,-2.06,-3.44,-5.84,-5.15,-5.84,-6.53,-5.96,-6.53
2019-10-16,002370,8.77,8.55,8.82,8.55,101632,87916876.0,3.09,-2.06,-0.18,2.19,9.94,7.95,5.73,3.04,6.08,4.09,4.91,7.95,6.55,2.92,8.84,8.83,9.37,9.64,0.7,0.0,-1.4,-3.86,-3.16,-3.86,-4.56,-3.98,-4.56,-14.27
2019-10-17,002370,8.58,8.38,8.61,8.37,127126,107490530.0,2.81,-1.99,-0.17,2.74,10.27,8.0,5.26,8.36,6.33,7.17,10.27,8.84,5.14,5.38,8.73,8.77,9.27,9.57,2.03,0.6,-1.91,-1.19,-1.91,-2.63,-2.03,-2.63,-12.53,-16.11
2019-10-18,002370,8.37,8.43,8.55,8.31,133188,112259100.0,2.86,0.6,0.05,2.88,8.78,6.02,9.15,7.1,7.94,11.07,9.63,5.9,6.14,3.61,8.63,8.74,9.18,9.51,0.0,-2.49,-1.78,-2.49,-3.2,-2.61,-3.2,-13.05,-16.61,-11.74
2019-10-21,002370,8.4,7.96,8.43,7.9,210064,168562228.0,6.29,-5.58,-0.47,4.54,11.52,14.81,12.66,13.54,16.84,15.32,11.39,11.65,8.99,8.23,8.41,8.68,9.07,9.45,3.27,4.02,3.27,2.51,3.14,2.51,-7.91,-11.68,-6.53,-2.14
2019-10-22,002370,7.92,8.18,8.22,7.9,160063,129809906.0,4.02,2.76,0.22,3.46,14.81,12.66,13.54,16.84,15.32,11.39,11.65,8.99,8.23,6.71,8.3,8.6,8.97,9.38,1.22,0.49,-0.24,0.37,-0.24,-10.39,-14.06,-9.05,-4.77,-5.5
2019-10-23,002370,8.18,8.14,8.28,8.11,156361,128043697.0,2.08,-0.49,-0.04,3.38,9.74,10.6,13.81,12.33,8.51,8.75,6.17,5.43,3.95,1.36,8.22,8.53,8.88,9.31,0.98,0.25,0.86,0.25,-9.95,-13.64,-8.6,-4.3,-5.04,-7.37
2019-10-24,002370,8.11,8.06,8.22,7.94,174368,140696186.0,3.44,-0.98,-0.08,3.76,12.97,16.25,14.74,10.83,11.08,8.44,7.68,6.17,3.53,4.28,8.15,8.44,8.78,9.24,1.24,1.86,1.24,-9.06,-12.78,-7.69,-3.35,-4.09,-6.45,-8.81
2019-10-25,002370,8.01,8.03,8.16,7.95,163660,131582034.0,2.61,-0.37,-0.03,3.53,16.1,14.59,10.69,10.94,8.3,7.55,6.04,3.4,4.15,3.4,8.07,8.35,8.68,9.17,2.24,1.62,-8.72,-12.45,-7.35,-2.99,-3.74,-6.1,-8.47,-8.59
2019-10-28,002370,7.89,8.17,8.21,7.84,202400,163852882.0,4.61,1.74,0.14,4.37,16.2,12.24,12.5,9.82,9.06,7.53,4.85,5.61,4.85,4.08,8.12,8.26,8.61,9.11,-0.12,-10.28,-13.95,-8.94,-4.65,-5.39,-7.71,-10.04,-10.16,-12.12
2019-10-29,002370,8.14,7.85,8.16,7.85,217740,173717524.0,3.79,-3.92,-0.32,4.7,12.1,12.36,9.68,8.92,7.39,4.71,5.48,4.71,3.95,4.59,8.05,8.17,8.53,9.04,-6.62,-10.45,-5.22,-0.76,-1.53,-3.95,-6.37,-6.5,-8.54,-10.7
2019-10-30,002370,7.08,7.07,7.33,7.07,244369,174263537.0,3.31,-9.94,-0.78,5.28,24.75,21.78,20.93,19.24,16.27,17.11,16.27,15.42,16.12,15.42,7.84,8.03,8.43,8.92,-0.57,5.23,10.18,9.34,6.65,3.96,3.82,1.56,-0.85,-1.7
2019-10-31,002370,6.8,6.83,7.03,6.55,266933,181790015.0,6.79,-3.39,-0.24,5.76,31.45,30.53,28.7,25.5,26.41,25.5,24.58,25.34,24.58,11.91,7.59,7.87,8.32,8.81,8.93,14.06,13.18,10.4,7.61,7.47,5.12,2.64,1.76,0.73
2019-11-01,002370,6.83,7.27,7.44,6.8,298567,215425388.0,9.37,6.44,0.44,6.45,25.74,23.97,20.88,21.76,20.88,20.0,20.74,20.0,7.79,3.38,7.44,7.76,8.25,8.71,7.15,6.33,3.71,1.1,0.96,-1.24,-3.58,-4.4,-5.36,-5.78
2019-11-04,002370,7.28,7.74,7.79,7.28,280772,214397055.0,7.02,6.46,0.47,6.06,15.8,12.91,13.74,12.91,12.09,12.77,12.09,0.69,-3.43,2.2,7.35,7.73,8.21,8.62,-0.13,-2.58,-5.04,-5.17,-7.24,-9.43,-10.21,-11.11,-11.5,-9.56
2019-11-05,002370,7.69,7.41,7.73,7.37,224826,168558760.0,4.65,-4.26,-0.33,4.85,11.53,12.35,11.53,10.72,11.4,10.72,-0.54,-4.61,0.95,5.7,7.26,7.66,8.13,8.53,1.75,-0.81,-0.94,-3.1,-5.4,-6.21,-7.15,-7.56,-5.53,-5.13
2019-11-06,002370,7.4,7.14,7.54,7.11,179025,130416300.0,5.8,-3.64,-0.27,3.86,16.46,15.61,14.77,15.47,14.77,3.09,-1.13,4.64,9.56,8.72,7.28,7.56,8.04,8.44,2.94,2.8,0.56,-1.82,-2.66,-3.64,-4.06,-1.96,-1.54,-1.26
2019-11-07,002370,7.22,7.19,7.35,7.14,132445,95675636.0,2.94,0.7,0.05,2.86,15.13,14.29,14.99,14.29,2.66,-1.54,4.2,9.1,8.26,5.6,7.35,7.47,7.96,8.34,2.09,-0.14,-2.5,-3.34,-4.31,-4.73,-2.64,-2.23,-1.95,-3.89
2019-11-08,002370,7.23,7.2,7.34,7.15,125767,90900776.0,2.64,0.14,0.01,2.72,14.13,14.83,14.13,2.52,-1.68,4.06,8.95,8.11,5.45,2.8,7.34,7.39,7.87,8.25,-0.28,-2.64,-3.47,-4.44,-4.86,-2.78,-2.36,-2.08,-4.03,-4.58
2019-11-11,002370,7.17,6.94,7.18,6.85,127445,88836672.0,4.58,-3.61,-0.26,2.75,19.85,19.12,7.01,2.63,8.61,13.72,12.85,10.07,7.3,7.15,7.18,7.26,7.76,8.16,1.01,0.14,-0.86,-1.3,0.86,1.3,1.59,-0.43,-1.01,-2.88
2019-11-12,002370,7.01,6.92,7.01,6.68,127947,87209650.0,4.76,-0.29,-0.02,2.76,22.16,9.73,5.24,11.38,16.62,15.72,12.87,10.03,9.88,7.49,7.08,7.17,7.67,8.08,0.43,-0.58,-1.01,1.16,1.59,1.88,-0.14,-0.72,-2.6,-4.62
2019-11-13,002370,6.87,6.7,6.95,6.67,115521,78214768.0,4.05,-3.18,-0.22,2.49,9.9,5.4,11.54,16.79,15.89,13.04,10.19,10.04,7.65,5.1,6.99,7.13,7.58,8.0,2.69,2.24,4.48,4.93,5.22,3.13,2.54,0.6,-1.49,-3.13
2019-11-14,002370,6.73,6.8,6.88,6.69,117327,79729074.0,2.84,1.49,0.1,2.53,5.08,11.21,16.44,15.55,12.71,9.87,9.72,7.32,4.78,3.89,6.91,7.13,7.5,7.93,0.74,2.94,3.38,3.68,1.62,1.03,-0.88,-2.94,-4.56,-4.85
2019-11-15,002370,6.83,6.58,6.85,6.58,127379,84780939.0,3.97,-3.24,-0.22,2.75,13.07,18.39,17.48,14.59,11.7,11.55,9.12,6.53,5.62,4.56,6.79,7.06,7.41,7.85,6.38,6.84,7.14,5.02,4.41,2.43,0.3,-1.37,-1.67,-2.89
2019-11-18,002370,6.5,6.81,7.0,6.24,195364,131230750.0,11.55,3.5,0.23,4.22,24.84,23.88,20.83,17.79,17.63,15.06,12.34,11.38,10.26,9.78,6.76,6.97,7.35,7.8,3.23,3.52,1.47,0.88,-1.03,-3.08,-4.7,-4.99,-6.17,-7.05
2019-11-19,002370,6.82,6.99,7.03,6.75,155940,107940139.0,4.11,2.64,0.18,3.37,14.52,11.7,8.89,8.74,6.37,3.85,2.96,1.93,1.48,3.7,6.78,6.93,7.29,7.73,0.86,-1.14,-1.72,-3.58,-5.58,-7.15,-7.44,-8.58,-9.44,-9.3
2019-11-20,002370,7.03,6.79,7.05,6.77,116507,79940828.0,4.01,-2.86,-0.2,2.52,11.37,8.57,8.42,6.06,3.55,2.66,1.62,1.18,3.4,3.84,6.79,6.89,7.22,7.66,1.77,1.18,-0.74,-2.8,-4.42,-4.71,-5.89,-6.77,-6.63,2.36
2019-11-21,002370,6.79,6.75,6.91,6.65,105332,71395345.0,3.83,-0.59,-0.04,2.27,10.53,10.38,7.97,5.41,4.51,3.46,3.01,5.26,5.71,6.02,6.78,6.85,7.16,7.59,1.78,-0.15,-2.22,-3.85,-4.15,-5.33,-6.22,-6.07,2.96,8.74
2019-11-22,002370,6.75,6.66,6.87,6.6,116556,78260682.0,4.0,-1.33,-0.09,2.52,11.21,8.79,6.21,5.3,4.24,3.79,6.06,6.52,6.82,4.7,6.8,6.79,7.09,7.51,1.2,-0.9,-2.55,-2.85,-4.05,-4.95,-4.8,4.35,10.21,4.2
2019-11-25,002370,6.73,6.57,6.74,6.51,94834,62430505.0,3.45,-1.35,-0.09,2.05,10.29,7.68,6.76,5.68,5.22,7.53,7.99,8.29,6.14,5.53,6.75,6.76,7.01,7.43,0.46,-1.22,-1.52,-2.74,-3.65,-3.5,5.78,11.72,5.63,3.81
2019-11-26,002370,6.57,6.44,6.6,6.43,93976,61105428.0,2.59,-1.98,-0.13,2.03,9.02,8.09,7.0,6.53,8.86,9.33,9.64,7.47,6.84,4.82,6.64,6.71,6.94,7.35,0.78,0.47,-0.78,-1.71,-1.55,7.92,13.98,7.76,5.9,9.94
2019-11-27,002370,6.49,6.34,6.49,6.32,98771,62889176.0,2.64,-1.55,-0.1,2.13,9.97,8.86,8.39,10.76,11.23,11.55,9.34,8.7,6.65,4.43,6.55,6.67,6.9,7.28,2.05,0.79,-0.16,0.0,9.62,15.77,9.46,7.57,11.67,10.09
2019-11-28,002370,6.28,6.37,6.47,6.28,88609,56411655.0,3.0,0.47,0.03,1.91,9.55,9.08,11.46,11.94,12.26,10.03,9.39,7.32,5.1,3.34,6.48,6.63,6.88,7.21,0.31,-0.63,-0.47,9.11,15.23,8.95,7.06,11.15,9.58,8.48
2019-11-29,002370,6.34,6.28,6.39,6.2,102009,64015807.0,2.98,-1.41,-0.09,2.2,10.48,12.9,13.39,13.71,11.45,10.81,8.71,6.45,4.68,4.35,6.4,6.6,6.83,7.14,0.8,0.96,10.67,16.88,10.51,8.6,12.74,11.15,10.03,7.48
2019-12-02,002370,6.28,6.24,6.33,6.18,92419,57749607.0,2.39,-0.64,-0.04,2.0,13.27,13.75,14.08,11.81,11.17,9.06,6.8,5.02,4.69,3.4,6.33,6.54,6.76,7.08,1.6,11.38,17.63,11.22,9.29,13.46,11.86,10.74,8.17,9.46
2019-12-03,002370,6.21,6.32,6.34,6.07,126193,78593242.0,4.33,1.28,0.08,2.72,15.82,16.14,13.84,13.18,11.04,8.73,6.92,6.59,5.27,4.28,6.31,6.48,6.7,7.02,9.97,16.14,9.81,7.91,12.03,10.44,9.34,6.8,8.07,10.6
2019-12-04,002370,6.24,6.95,6.95,6.22,241600,163167263.0,11.55,9.97,0.63,5.22,13.34,11.09,10.45,8.36,6.11,4.34,4.02,2.73,1.77,1.93,6.43,6.49,6.69,6.98,5.61,-0.14,-1.87,1.87,0.43,-0.58,-2.88,-1.73,0.58,4.89
2019-12-05,002370,7.16,6.88,7.34,6.81,561931,397050064.0,7.63,-1.01,-0.07,12.13,1.47,0.88,-1.03,-3.08,-4.7,-4.99,-6.17,-7.05,-6.9,2.06,6.53,6.5,6.68,6.94,0.87,-0.87,2.91,1.45,0.44,-1.89,-0.73,1.6,5.96,8.72
2019-12-06,002370,6.81,6.74,6.94,6.71,290307,197248886.0,3.34,-2.03,-0.14,6.27,2.38,0.45,-1.64,-3.28,-3.58,-4.77,-5.66,-5.51,3.58,9.39,6.63,6.51,6.65,6.9,1.19,5.04,3.56,2.52,0.15,1.34,3.71,8.16,10.98,9.64
2019-12-09,002370,6.77,6.78,6.82,6.64,211260,141645439.0,2.67,0.59,0.04,4.56,1.51,-0.6,-2.26,-2.56,-3.77,-4.67,-4.52,4.67,10.54,4.52,6.73,6.53,6.65,6.85,4.42,2.95,1.92,-0.44,0.74,3.1,7.52,10.32,9.0,3.54
2019-12-10,002370,6.73,6.98,7.08,6.68,336722,232848088.0,5.9,2.95,0.2,7.27,-1.2,-2.84,-3.14,-4.34,-5.24,-5.09,4.04,9.88,3.89,2.1,6.87,6.59,6.65,6.82,0.0,-1.0,-3.3,-2.15,0.14,4.44,7.16,5.87,0.57,-1.43
2019-12-11,002370,6.93,6.78,6.98,6.78,183498,126108440.0,2.87,-2.87,-0.2,3.96,-4.28,-4.57,-5.75,-6.64,-6.49,2.51,8.26,2.36,0.59,4.42,6.83,6.63,6.65,6.81,1.92,-0.44,0.74,3.1,7.52,10.32,9.0,3.54,1.47,0.0
2019-12-12,002370,6.78,6.67,6.91,6.67,165674,112124881.0,3.54,-1.62,-0.11,3.58,-3.0,-4.2,-5.1,-4.95,4.2,10.04,4.05,2.25,6.15,4.65,6.79,6.66,6.65,6.81,1.2,2.4,4.8,9.3,12.14,10.79,5.25,3.15,1.65,-1.5
2019-12-13,002370,6.7,6.65,6.75,6.58,159352,106039024.0,2.55,-0.3,-0.02,3.44,-2.89,-3.8,-3.65,5.62,11.55,5.47,3.65,7.6,6.08,5.02,6.77,6.7,6.65,6.79,2.71,5.11,9.62,12.48,11.13,5.56,3.46,1.95,-1.2,-2.41
2019-12-16,002370,6.66,6.8,6.83,6.55,203172,136215987.0,4.21,2.26,0.15,4.39,-3.36,-3.21,6.11,12.06,5.95,4.12,8.09,6.56,5.5,3.05,6.78,6.75,6.65,6.76,2.79,7.21,10.0,8.68,3.24,1.18,-0.29,-3.38,-4.56,-7.21
2019-12-17,002370,6.8,6.94,6.99,6.78,242284,167588218.0,3.09,2.06,0.14,5.23,-6.49,2.51,8.26,2.36,0.59,4.42,2.95,1.92,-0.44,0.74,6.77,6.82,6.65,6.74,5.04,7.78,6.48,1.15,-0.86,-2.31,-5.33,-6.48,-9.08,-6.48
2019-12-18,002370,6.97,7.0,7.29,6.93,305769,215384714.0,5.19,0.86,0.06,6.6,0.29,5.92,0.14,-1.59,2.16,0.72,-0.29,-2.6,-1.44,0.87,6.81,6.82,6.66,6.74,6.86,5.57,0.29,-1.71,-3.14,-6.14,-7.29,-9.86,-7.29,-6.14
2019-12-19,002370,7.03,7.38,7.48,6.94,418835,302798400.0,7.71,5.43,0.38,9.04,5.76,0.0,-1.73,2.02,0.58,-0.43,-2.74,-1.59,0.72,5.04,6.95,6.87,6.69,6.74,0.14,-4.88,-6.78,-8.13,-10.98,-12.06,-14.5,-12.06,-10.98,-11.11
2019-12-20,002370,7.39,7.06,7.39,7.06,325118,233615256.0,4.47,-4.34,-0.32,7.02,-1.7,-3.4,0.28,-1.13,-2.12,-4.39,-3.26,-0.99,3.26,5.95,7.04,6.9,6.71,6.74,-0.57,-2.55,-3.97,-6.94,-8.07,-10.62,-8.07,-6.94,-7.08,-7.08
2019-12-23,002370,7.0,6.79,7.02,6.77,194550,133425988.0,3.54,-3.82,-0.27,4.2,0.74,4.58,3.1,2.07,-0.3,0.89,3.25,7.68,10.49,9.16,7.03,6.9,6.72,6.73,1.33,-0.15,-3.24,-4.42,-7.07,-4.42,-3.24,-3.39,-3.39,-0.74
2019-12-24,002370,6.68,6.86,6.88,6.68,102593,69865321.0,2.95,1.03,0.07,2.21,5.99,4.49,3.44,1.05,2.25,4.64,9.13,11.98,10.63,5.09,7.02,6.89,6.74,6.73,-1.17,-4.23,-5.39,-8.02,-5.39,-4.23,-4.37,-4.37,-1.75,-0.44
2019-12-25,002370,6.27,6.61,6.78,6.27,326254,211139735.0,7.43,-3.64,-0.25,7.04,11.32,10.21,7.66,8.93,11.48,16.27,19.3,17.86,11.96,9.73,6.94,6.88,6.75,6.73,-0.61,-1.82,-4.54,-1.82,-0.61,-0.76,-0.76,1.97,3.33,2.12
2019-12-26,002370,6.55,6.44,6.57,6.28,291842,187089794.0,4.39,-2.57,-0.17,6.3,10.03,7.48,8.76,11.31,16.08,19.11,17.68,11.78,9.55,7.96,6.75,6.85,6.76,6.72,0.78,-2.02,0.78,2.02,1.86,1.86,4.66,6.06,4.81,4.19
2019-12-27,002370,6.38,6.34,6.49,6.33,186982,119658174.0,2.48,-1.55,-0.1,4.04,6.64,7.9,10.43,15.17,18.17,16.75,10.9,8.69,7.11,3.79,6.61,6.82,6.76,6.71,-0.47,2.37,3.63,3.47,3.47,6.31,7.73,6.47,5.84,4.1
2019-12-30,002370,6.3,6.24,6.31,6.15,148237,92186126.0,2.52,-1.58,-0.1,3.2,11.06,13.66,18.54,21.63,20.16,14.15,11.87,10.24,6.83,5.53,6.5,6.77,6.76,6.69,4.01,5.29,5.13,5.13,8.01,9.46,8.17,7.53,5.77,9.78
2019-12-31,002370,6.24,6.43,6.49,6.21,185509,118503971.0,4.49,3.04,0.19,4.0,12.56,17.39,20.45,19.0,13.04,10.79,9.18,5.8,4.51,1.61,6.41,6.71,6.77,6.67,2.18,2.02,2.02,4.82,6.22,4.98,4.35,2.64,6.53,4.67
2020-01-02,002370,6.34,6.51,6.57,6.19,334644,215205860.0,5.91,1.24,0.08,7.22,17.77,20.84,19.39,13.41,11.15,9.53,6.14,4.85,1.94,4.85,6.39,6.67,6.74,6.66,0.77,0.77,3.53,4.92,3.69,3.07,1.38,5.22,3.38,-0.31
2020-01-03,002370,6.47,6.43,6.56,6.4,211733,136713220.0,2.46,-1.23,-0.08,4.57,16.87,15.47,9.69,7.5,5.94,2.66,1.41,-1.41,1.41,2.66,6.39,6.57,6.72,6.65,2.02,4.82,6.22,4.98,4.35,2.64,6.53,4.67,0.93,-0.78
2020-01-06,002370,6.42,6.54,6.56,6.34,220589,143050483.0,3.42,1.71,0.11,4.76,16.56,10.73,8.52,6.94,3.63,2.37,-0.47,2.37,3.63,3.47,6.43,6.52,6.71,6.65,3.06,4.43,3.21,2.6,0.92,4.74,2.91,-0.76,-2.45,-1.53
2020-01-07,002370,6.6,6.73,6.74,6.56,209447,139160040.0,2.75,2.91,0.19,4.52,7.01,4.88,3.35,0.15,-1.07,-3.81,-1.07,0.15,0.0,0.0,6.53,6.51,6.71,6.65,1.49,0.3,-0.3,-1.93,1.78,0.0,-3.57,-5.2,-4.31,4.01
2020-01-08,002370,6.7,6.59,6.83,6.58,216675,144888603.0,3.71,-2.08,-0.14,4.68,4.56,3.04,-0.15,-1.37,-4.1,-1.37,-0.15,-0.3,-0.3,2.43,6.56,6.49,6.69,6.66,2.43,1.82,0.15,3.95,2.12,-1.52,-3.19,-2.28,6.22,14.87
2020-01-09,002370,6.64,6.69,6.75,6.62,156562,104744122.0,1.97,1.52,0.1,3.38,2.42,-0.76,-1.96,-4.68,-1.96,-0.76,-0.91,-0.91,1.81,3.17,6.6,6.49,6.69,6.67,0.3,-1.35,2.39,0.6,-2.99,-4.63,-3.74,4.63,13.15,5.68
2020-01-10,002370,6.69,6.57,6.71,6.51,163076,107490151.0,2.99,-1.79,-0.12,3.52,0.92,-0.31,-3.07,-0.31,0.92,0.77,0.77,3.53,4.92,3.69,6.62,6.51,6.68,6.67,0.46,4.26,2.44,-1.22,-2.89,-1.98,6.54,15.22,7.61,15.37
2020-01-13,002370,6.5,6.58,6.6,6.15,209209,133773017.0,6.85,0.15,0.01,4.52,5.53,2.6,5.53,6.83,6.67,6.67,9.59,11.06,9.76,9.11,6.63,6.53,6.68,6.68,4.1,2.28,-1.37,-3.04,-2.13,6.38,15.05,7.45,15.2,19.76
2020-01-14,002370,6.59,6.7,6.85,6.57,228742,153214102.0,4.26,1.82,0.12,4.94,-3.96,-1.22,0.0,-0.15,-0.15,2.59,3.96,2.74,2.13,0.46,6.63,6.58,6.67,6.7,0.45,-3.13,-4.78,-3.88,4.48,12.99,5.52,13.13,17.61,26.57
2020-01-15,002370,6.72,6.47,6.73,6.45,157245,103047301.0,4.18,-3.43,-0.23,3.39,0.62,1.86,1.71,1.71,4.5,5.89,4.65,4.03,2.33,6.2,6.6,6.58,6.65,6.7,0.31,-1.39,-0.46,8.19,17.0,9.27,17.16,21.79,31.07,44.2
2020-01-16,002370,6.44,6.31,6.49,6.3,143304,91324088.0,2.94,-2.47,-0.16,3.09,4.29,4.13,4.13,6.98,8.41,7.14,6.51,4.76,8.73,6.83,6.53,6.56,6.61,6.68,1.11,2.06,10.94,19.97,12.04,20.13,24.88,34.39,47.86,62.44
2020-01-17,002370,6.3,6.23,6.38,6.21,120536,75705805.0,2.69,-1.27,-0.08,2.6,5.64,5.64,8.53,9.98,8.7,8.05,6.28,10.31,8.37,4.51,6.46,6.54,6.56,6.66,3.37,12.36,21.51,13.48,21.67,26.48,36.12,49.76,64.53,34.51
2020-01-20,002370,6.28,6.36,6.44,6.28,121560,77199286.0,2.57,2.09,0.13,2.62,4.46,7.32,8.76,7.48,6.85,5.1,9.08,7.17,3.34,1.59,6.41,6.52,6.52,6.65,10.06,19.03,11.16,19.18,23.9,33.33,46.7,61.16,31.76,27.04
2020-01-21,002370,6.4,7.0,7.0,6.4,391517,267046237.0,9.43,10.06,0.64,8.45,5.31,6.72,5.47,4.84,3.12,7.03,5.16,1.41,-0.31,0.63,6.47,6.55,6.53,6.66,8.14,1.0,8.29,12.57,21.14,33.29,46.43,19.71,15.43,15.71
2020-01-22,002370,7.07,7.23,7.57,6.92,770285,558368816.0,9.29,3.29,0.23,16.63,-1.3,-2.46,-3.03,-4.62,-1.01,-2.75,-6.21,-7.8,-6.94,1.16,6.63,6.61,6.55,6.66,-2.21,4.84,8.99,17.29,29.05,41.77,15.91,11.76,12.03,7.88
2020-01-23,002370,6.51,6.91,7.07,6.51,447931,303578752.0,7.75,-4.43,-0.32,9.67,3.69,3.07,1.38,5.22,3.38,-0.31,-2.0,-1.08,7.53,16.28,6.75,6.64,6.57,6.67,9.7,14.04,22.72,35.02,48.34,21.27,16.93,17.22,12.88,9.7
2020-02-03,002370,7.35,7.37,7.58,6.22,603068,434636768.0,19.68,6.66,0.46,13.02,7.88,6.11,10.13,8.2,4.34,2.57,3.54,12.54,21.7,13.67,6.97,6.72,6.61,6.69,6.92,15.06,26.59,39.08,13.7,9.63,9.91,5.83,2.85,0.27
2020-02-04,002370,7.13,7.71,7.88,6.75,671471,497181168.0,15.33,4.61,0.34,14.5,-2.22,1.48,-0.3,-3.85,-5.48,-4.59,3.7,12.15,4.74,12.3,7.24,6.83,6.68,6.73,9.99,21.01,32.94,8.69,4.8,5.06,1.17,-1.69,-4.15,-4.02
2020-02-05,002370,7.5,8.48,8.48,7.4,817400,644873712.0,14.01,9.99,0.77,17.65,-7.43,-9.05,-12.3,-13.78,-12.97,-5.41,2.3,-4.46,2.43,6.49,7.54,7.01,6.79,6.78,10.02,20.87,-1.18,-4.72,-4.48,-8.02,-10.61,-12.85,-12.74,-12.97
2020-02-06,002370,8.4,9.33,9.33,8.05,982052,877750752.0,15.09,10.02,0.85,21.2,-16.4,-19.38,-20.75,-20.0,-13.04,-5.96,-12.17,-5.84,-2.11,5.34,7.96,7.29,6.94,6.86,9.86,-10.18,-13.4,-13.18,-16.4,-18.76,-20.79,-20.69,-20.9,-23.69
2020-02-07,002370,9.38,8.57,10.25,8.53,892322,821679936.0,18.44,-8.15,-0.76,19.26,-23.92,-25.21,-24.5,-17.94,-11.25,-17.12,-11.14,-7.62,-0.59,9.38,8.29,7.52,7.04,6.92,-2.22,-5.72,-5.48,-8.98,-11.55,-13.77,-13.65,-13.89,-16.92,-14.35
2020-02-10,002370,8.16,7.71,8.38,7.71,575319,450315728.0,7.82,-10.04,-0.86,12.42,-17.25,-16.47,-9.21,-1.82,-8.3,-1.69,2.2,9.99,21.01,32.94,8.36,7.67,7.1,6.93,4.8,5.06,1.17,-1.69,-4.15,-4.02,-4.28,-7.65,-4.8,-4.15
2020-02-11,002370,7.5,7.92,8.08,7.3,422553,321587728.0,10.12,2.72,0.21,9.12,-11.78,-4.11,3.7,-3.15,3.84,7.95,16.16,27.81,40.41,14.79,8.4,7.82,7.17,6.96,2.27,-1.52,-4.29,-6.69,-6.57,-6.82,-10.1,-7.32,-6.69,-3.03
2020-02-12,002370,7.9,7.78,8.1,7.67,334829,262687784.0,5.43,-1.77,-0.14,7.23,-8.74,-1.3,-7.82,-1.17,2.74,10.56,21.64,33.64,9.26,5.35,8.26,7.9,7.23,6.99,0.26,-2.57,-5.01,-4.88,-5.14,-8.48,-5.66,-5.01,-1.29,-2.44
2020-02-13,002370,7.8,7.43,7.8,7.39,282192,212234144.0,5.27,-4.5,-0.35,6.09,2.44,-4.33,2.57,6.63,14.75,26.25,38.7,13.4,9.34,9.61,7.88,7.92,7.27,7.01,2.02,-0.54,-0.4,-0.67,-4.17,-1.21,-0.54,3.36,2.15,-2.29
2020-02-14,002370,7.5,7.22,7.58,7.17,243874,179156570.0,5.52,-2.83,-0.21,5.26,-1.39,5.72,9.9,18.27,30.13,42.96,16.88,12.69,12.97,8.79,7.61,7.95,7.29,7.03,2.35,2.49,2.22,-1.39,1.66,2.35,6.37,5.12,0.55,-3.32
2020-02-17,002370,7.21,7.31,7.39,7.12,213384,155832188.0,3.74,1.25,0.09,4.61,6.46,10.67,19.1,31.04,43.96,17.7,13.48,13.76,9.55,6.46,7.53,7.95,7.33,7.06,1.23,0.96,-2.6,0.41,1.09,5.06,3.83,-0.68,-4.51,-8.07
2020-02-18,002370,7.38,7.37,7.4,7.26,201446,147766457.0,1.92,0.82,0.06,4.35,8.54,16.8,28.51,41.18,15.43,11.29,11.57,7.44,4.41,1.79,7.42,7.91,7.37,7.09,0.14,-3.39,-0.41,0.27,4.21,2.99,-1.49,-5.29,-8.82,-6.24
2020-02-19,002370,7.38,7.08,7.38,7.04,272386,195425092.0,4.61,-3.93,-0.29,5.88,20.45,32.53,45.6,19.03,14.77,15.06,10.8,7.67,4.97,5.11,7.28,7.77,7.39,7.12,0.56,3.67,4.38,8.47,7.2,2.54,-1.41,-5.08,-2.4,-5.37
2020-02-20,002370,7.09,7.1,7.12,6.9,231311,162435689.0,3.11,0.28,0.02,4.99,35.22,48.55,21.45,17.1,17.39,13.04,9.86,7.1,7.25,6.96,7.22,7.55,7.42,7.14,3.38,4.08,8.17,6.9,2.25,-1.69,-5.35,-2.68,-5.63,-6.34
2020-02-21,002370,7.11,7.28,7.34,6.97,297866,213969699.0,5.21,2.54,0.18,6.43,47.06,20.23,15.93,16.21,11.91,8.75,6.03,6.17,5.88,2.15,7.23,7.42,7.47,7.17,1.51,5.49,4.26,-0.27,-4.12,-7.69,-5.08,-7.97,-8.65,-7.69
2020-02-24,002370,7.25,7.3,7.39,7.15,253574,184668902.0,3.3,0.27,0.02,5.47,17.2,13.01,13.29,9.09,6.01,3.36,3.5,3.22,-0.42,2.66,7.23,7.38,7.52,7.2,5.21,3.97,-0.55,-4.38,-7.95,-5.34,-8.22,-8.9,-7.95,-8.77
2020-02-25,002370,7.16,7.65,7.68,7.04,464942,345568656.0,8.77,4.79,0.35,10.04,14.77,15.06,10.8,7.67,4.97,5.11,4.83,1.14,4.26,4.97,7.28,7.35,7.59,7.23,-0.78,-5.1,-8.76,-12.16,-9.67,-12.42,-13.07,-12.16,-12.94,-15.95
2020-02-26,002370,7.43,7.21,7.59,7.11,342227,251819045.0,6.27,-5.75,-0.44,7.39,13.92,9.7,6.61,3.94,4.08,3.8,0.14,3.23,3.94,8.02,7.31,7.29,7.6,7.25,0.69,-3.19,-6.8,-4.16,-7.07,-7.77,-6.8,-7.63,-10.82,-10.12
2020-02-27,002370,7.15,6.99,7.26,6.98,229238,161886253.0,3.88,-3.05,-0.22,4.95,11.75,8.6,5.87,6.02,5.73,2.01,5.16,5.87,10.03,8.74,7.29,7.25,7.59,7.26,-0.14,-3.86,-1.14,-4.15,-4.86,-3.86,-4.72,-8.01,-7.3,-11.16
2020-02-28,002370,6.78,6.51,6.98,6.5,220563,147842028.0,6.87,-6.87,-0.48,4.76,16.62,13.69,13.85,13.54,9.54,12.92,13.69,18.15,16.77,11.69,7.13,7.18,7.57,7.26,3.23,6.14,2.92,2.15,3.23,2.3,-1.23,-0.46,-4.61,-9.98
2020-03-02,002370,6.43,6.66,6.72,6.43,162919,107274214.0,4.45,2.3,0.15,3.52,14.93,15.09,14.77,10.73,14.15,14.93,19.44,18.04,12.91,8.55,7.0,7.11,7.53,7.26,3.75,0.6,-0.15,0.9,0.0,-3.45,-2.7,-6.76,-12.01,-9.01
2020-03-03,002370,6.67,6.76,6.91,6.67,177622,120315166.0,3.6,1.5,0.1,3.83,10.94,10.64,6.75,10.04,10.79,15.14,13.79,8.85,4.65,0.75,6.83,7.05,7.48,7.27,-0.89,-1.63,-0.59,-1.48,-4.88,-4.14,-8.14,-13.31,-10.36,-15.38
2020-03-04,002370,6.7,6.61,6.7,6.55,197373,130241630.0,2.22,-2.22,-0.15,4.26,12.67,8.7,12.06,12.82,17.25,15.88,10.84,6.56,2.6,5.5,6.71,7.01,7.39,7.26,0.61,1.66,0.76,-2.72,-1.97,-6.05,-11.35,-8.32,-13.46,-15.73
2020-03-05,002370,6.61,6.58,6.65,6.56,173227,114443624.0,1.36,-0.45,-0.03,3.74,8.54,11.89,12.65,17.07,15.7,10.67,6.4,2.44,5.34,2.13,6.62,6.95,7.25,7.27,2.13,1.22,-2.28,-1.52,-5.62,-10.94,-7.9,-13.07,-15.35,-19.3
2020-03-06,002370,6.51,6.6,6.72,6.49,154141,102322359.0,3.5,0.3,0.02,3.33,13.1,13.87,18.34,16.95,11.86,7.55,3.54,6.47,3.24,2.47,6.64,6.89,7.15,7.28,0.91,-2.58,-1.82,-5.91,-11.21,-8.18,-13.33,-15.61,-19.55,-18.79
2020-03-09,002370,6.6,6.45,6.66,6.45,164008,107126242.0,3.18,-2.27,-0.15,3.54,14.57,19.07,17.67,12.56,8.22,4.19,7.13,3.88,3.1,4.19,6.6,6.8,7.09,7.28,-0.31,0.47,-3.72,-9.15,-6.05,-11.32,-13.64,-17.67,-16.9,-15.66
2020-03-10,002370,6.34,6.37,6.43,6.1,197896,123707378.0,5.12,-1.24,-0.08,4.27,25.9,24.43,19.02,14.43,10.16,13.28,9.84,9.02,10.16,9.18,6.52,6.67,7.01,7.28,1.73,-2.51,-8.01,-4.87,-10.2,-12.56,-16.64,-15.86,-14.6,-17.9
2020-03-11,002370,6.38,6.31,6.48,6.31,111124,70961539.0,2.67,-0.94,-0.06,2.4,20.29,15.06,10.62,6.5,9.51,6.18,5.39,6.5,5.55,1.9,6.46,6.58,6.94,7.26,-1.58,-7.13,-3.96,-9.35,-11.73,-15.85,-15.06,-13.79,-17.12,-15.69
2020-03-12,002370,6.18,6.1,6.21,6.08,130026,79725266.0,2.06,-3.33,-0.21,2.81,19.41,14.8,10.53,13.65,10.2,9.38,10.53,9.54,5.76,6.58,6.37,6.49,6.87,7.22,-3.93,-0.66,-6.23,-8.69,-12.95,-12.13,-10.82,-14.26,-12.79,-11.31
2020-03-13,002370,5.83,5.79,5.86,5.54,177276,101229401.0,5.25,-5.08,-0.31,3.83,25.99,21.3,24.73,20.94,20.04,21.3,20.22,16.06,16.97,12.09,6.2,6.42,6.8,7.19,4.66,-1.21,-3.8,-8.29,-7.43,-6.04,-9.67,-8.12,-6.56,-5.87
2020-03-16,002370,5.82,5.65,6.06,5.63,179154,105523159.0,7.43,-2.42,-0.14,3.87,19.36,22.74,19.01,18.12,19.36,18.29,14.21,15.1,10.3,4.09,6.04,6.32,6.72,7.13,1.24,-1.42,-6.02,-5.13,-3.72,-7.43,-5.84,-4.25,-3.54,-8.32
2020-03-17,002370,5.63,5.38,5.72,5.14,192304,103576981.0,10.27,-4.78,-0.27,4.15,34.44,30.35,29.38,30.74,29.57,25.1,26.07,20.82,14.01,17.9,5.85,6.18,6.62,7.05,3.53,-1.3,-0.37,1.12,-2.79,-1.12,0.56,1.3,-3.72,-5.2
2020-03-18,002370,5.57,5.18,5.57,5.17,157410,84510618.0,7.43,-3.72,-0.2,3.4,29.59,28.63,29.98,28.82,24.37,25.34,20.12,13.35,17.21,10.64,5.62,6.04,6.52,6.94,2.51,3.47,5.02,0.97,2.7,4.44,5.21,0.0,-1.54,-5.41
2020-03-19,002370,5.16,5.13,5.31,4.98,176848,90338143.0,6.37,-0.97,-0.05,3.82,33.53,34.94,33.73,29.12,30.12,24.7,17.67,21.69,14.86,11.85,5.43,5.9,6.43,6.8,4.48,6.04,1.95,3.7,5.46,6.24,0.97,-0.58,-4.48,-4.87
2020-03-20,002370,5.21,5.29,5.36,5.17,153238,80453523.0,3.7,3.12,0.16,3.31,29.98,28.82,24.37,25.34,20.12,13.35,17.21,10.64,7.74,2.71,5.33,5.76,6.33,6.69,2.84,-1.13,0.57,2.27,3.02,-2.08,-3.59,-7.37,-7.75,-4.73
2020-03-23,002370,5.29,5.11,5.44,5.1,166879,87630274.0,6.43,-3.4,-0.18,3.6,30.59,26.08,27.06,21.76,14.9,18.82,12.16,9.22,4.12,5.1,5.22,5.63,6.22,6.6,2.35,4.11,5.87,6.65,1.37,-0.2,-4.11,-4.5,-1.37,5.28
2020-03-24,002370,5.2,5.08,5.23,4.96,143594,73030082.0,5.28,-0.59,-0.03,3.1,29.64,30.65,25.2,18.15,22.18,15.32,12.3,7.06,8.06,9.68,5.16,5.5,6.09,6.51,4.72,6.5,7.28,1.97,0.39,-3.54,-3.94,-0.79,5.91,14.37
2020-03-25,002370,5.16,5.31,5.32,5.09,185931,97060883.0,4.53,4.53,0.23,4.01,27.31,22.0,15.13,19.06,12.38,9.43,4.32,5.3,6.88,2.75,5.18,5.4,5.99,6.43,1.88,2.64,-2.45,-3.95,-7.72,-8.1,-5.08,1.32,9.42,3.01
2020-03-26,002370,5.31,5.32,5.41,5.25,169964,90666724.0,3.01,0.19,0.01,3.67,18.29,11.62,15.43,8.95,6.1,1.14,2.1,3.62,-0.38,1.33,5.22,5.32,5.91,6.36,2.44,-2.63,-4.14,-7.89,-8.27,-5.26,1.13,9.21,2.82,12.03
2020-03-27,002370,5.45,5.2,5.45,5.19,116760,61820037.0,4.89,-2.26,-0.12,2.52,12.91,16.76,10.21,7.32,2.31,3.28,4.82,0.77,2.5,4.24,5.2,5.26,5.84,6.29,-0.38,-1.92,-5.77,-6.15,-3.08,3.46,11.73,5.19,14.62,20.19
2020-03-30,002370,5.14,5.02,5.18,4.94,108410,54700505.0,4.62,-3.46,-0.18,2.34,22.67,15.79,12.75,7.49,8.5,10.12,5.87,7.69,9.51,10.32,5.19,5.2,5.76,6.21,1.59,-2.39,-2.79,0.4,7.17,15.74,8.96,18.73,24.5,22.71
2020-03-31,002370,5.05,4.91,5.1,4.9,115063,57286481.0,3.98,-2.19,-0.11,2.48,16.73,13.67,8.37,9.39,11.02,6.73,8.57,10.41,11.22,5.71,5.15,5.15,5.67,6.13,-0.2,-0.61,2.65,9.57,18.33,11.41,21.38,27.29,25.46,25.66
2020-04-01,002370,4.9,4.8,4.9,4.72,120813,57949651.0,3.67,-2.24,-0.11,2.61,18.01,12.5,13.56,15.25,10.81,12.71,14.62,15.47,9.75,8.05,5.05,5.12,5.58,6.06,1.67,5.0,12.08,21.04,13.96,24.17,30.21,28.33,28.54,25.83
2020-04-02,002370,4.77,4.87,4.88,4.68,115322,54971363.0,4.17,1.46,0.07,2.49,13.46,14.53,16.24,11.75,13.68,15.6,16.45,10.68,8.97,4.7,4.96,5.09,5.49,5.98,3.49,10.47,19.3,12.32,22.38,28.34,26.49,26.69,24.02,18.89
2020-04-03,002370,4.87,4.89,5.04,4.86,140259,69297675.0,3.7,0.41,0.02,3.03,10.29,11.93,7.61,9.47,11.32,12.14,6.58,4.94,0.82,0.41,4.9,5.05,5.41,5.9,10.02,18.81,11.86,21.88,27.81,25.97,26.18,23.52,18.4,15.75
2020-04-07,002370,5.38,5.38,5.38,5.31,207404,111541644.0,1.43,10.02,0.49,4.48,2.45,-1.51,0.19,1.88,2.64,-2.45,-3.95,-7.72,-8.1,-5.08,4.97,5.08,5.35,5.84,7.99,1.67,10.78,16.17,14.5,14.68,12.27,7.62,5.2,13.2
2020-04-08,002370,5.38,5.57,5.81,5.38,544986,302806848.0,7.99,3.53,0.19,11.76,-2.79,-1.12,0.56,1.3,-3.72,-5.2,-8.92,-9.29,-6.32,0.0,5.1,5.13,5.31,5.77,-1.8,7.0,12.21,10.59,10.77,8.44,3.95,1.62,9.34,16.88
2020-04-09,002370,5.4,5.42,5.47,5.26,299934,161460918.0,3.77,-2.69,-0.15,6.47,1.14,2.85,3.61,-1.52,-3.04,-6.84,-7.22,-4.18,2.28,10.46,5.23,5.14,5.27,5.71,9.96,15.31,13.65,13.84,11.44,6.83,4.43,12.36,20.11,26.01
2020-04-10,002370,5.43,5.96,5.96,5.43,565292,324204368.0,9.78,9.96,0.54,12.2,-0.37,0.37,-4.6,-6.08,-9.76,-10.13,-7.18,-0.92,7.0,0.74,5.44,5.2,5.26,5.67,4.87,3.36,3.52,1.34,-2.85,-5.03,2.18,9.23,14.6,6.88
2020-04-13,002370,5.91,6.17,6.25,5.74,584898,355703968.0,8.56,3.52,0.21,12.63,-5.05,-9.76,-11.15,-14.63,-14.98,-12.2,-6.27,1.22,-4.7,3.83,5.7,5.3,5.28,5.66,-0.16,0.0,-2.11,-6.16,-8.27,-1.3,5.51,10.7,3.24,5.35
2020-04-14,002370,5.95,6.14,6.16,5.55,488890,284620240.0,9.89,-0.49,-0.03,10.55,-6.67,-8.11,-11.71,-12.07,-9.19,-3.06,4.68,-1.44,7.39,12.61,5.85,5.41,5.31,5.65,0.49,-1.63,-5.7,-7.82,-0.81,6.03,11.24,3.75,5.86,10.59
2020-04-15,002370,5.88,6.12,6.17,5.78,328038,196674629.0,6.35,-0.33,-0.02,7.08,-11.76,-15.22,-15.57,-12.8,-6.92,0.52,-5.36,3.11,8.13,6.57,5.96,5.53,5.34,5.62,-1.31,-5.39,-7.52,-0.49,6.37,11.6,4.08,6.21,10.95,4.08
2020-04-16,002370,5.9,5.86,6.04,5.86,253156,150424582.0,2.94,-4.25,-0.26,5.47,-16.38,-16.72,-13.99,-8.19,-0.85,-6.66,1.71,6.66,5.12,5.29,6.05,5.64,5.38,5.6,-1.19,-3.41,3.92,11.09,16.55,8.7,10.92,15.87,8.7,-3.75
2020-04-17,002370,5.78,5.58,5.79,5.54,272046,153100297.0,4.27,-4.78,-0.28,5.87,-11.91,-9.03,-2.89,4.87,-1.26,7.58,12.82,11.19,11.37,9.03,5.97,5.71,5.4,5.57,1.43,9.14,16.67,22.4,14.16,16.49,21.68,14.16,1.08,-1.25
2020-04-20,002370,5.58,5.54,5.66,5.46,161708,89901128.0,3.58,-0.72,-0.04,3.49,-7.69,-1.47,6.41,0.18,9.16,14.47,12.82,13.0,10.62,6.04,5.85,5.77,5.41,5.53,9.93,17.51,23.29,14.98,17.33,22.56,14.98,1.81,-0.54,-3.79
2020-04-21,002370,5.57,6.09,6.09,5.57,247291,147367947.0,9.39,9.93,0.55,5.34,-3.41,4.31,-1.8,7.0,12.21,10.59,10.77,8.44,3.95,1.62,5.84,5.84,5.46,5.52,6.9,12.15,4.6,6.73,11.49,4.6,-7.39,-9.52,-12.48,-14.78
2020-04-22,002370,6.2,6.28,6.51,6.09,658849,417220752.0,6.9,3.12,0.19,14.22,-4.6,-10.18,-2.13,2.63,1.15,1.31,-0.82,-4.93,-7.06,0.0,5.87,5.92,5.52,5.52,8.76,1.43,3.5,8.12,1.43,-10.19,-12.26,-15.13,-17.36,-17.52
2020-04-23,002370,6.3,6.38,6.83,6.3,556154,363953840.0,8.44,1.59,0.1,12.01,-13.17,-5.4,-0.79,-2.22,-2.06,-4.13,-8.1,-10.16,-3.33,3.33,5.97,6.01,5.58,5.52,-0.16,1.88,6.43,-0.16,-11.6,-13.64,-16.46,-18.65,-18.81,-18.97
2020-04-24,002370,6.27,5.91,6.37,5.75,397130,241574468.0,9.72,-7.37,-0.47,8.57,3.65,8.7,7.13,7.3,5.04,0.7,-1.57,5.91,13.22,18.78,6.04,6.01,5.6,5.51,9.98,14.89,7.78,-4.57,-6.77,-9.81,-12.18,-12.35,-12.52,-13.2
2020-04-27,002370,5.86,6.5,6.5,5.82,180340,115083856.0,11.51,9.98,0.59,3.89,7.39,5.84,6.01,3.78,-0.52,-2.75,4.64,11.86,17.35,9.45,6.23,6.04,5.67,5.53,4.46,-2.0,-13.23,-15.23,-18.0,-20.15,-20.31,-20.46,-21.08,-21.85
2020-04-28,002370,6.6,6.09,6.79,5.88,468778,293414208.0,14.0,-6.31,-0.41,10.12,4.76,4.93,2.72,-1.53,-3.74,3.57,10.71,16.16,8.33,10.54,6.23,6.03,5.72,5.55,4.6,-7.39,-9.52,-12.48,-14.78,-14.94,-15.11,-15.76,-16.58,-17.41
2020-04-29,002370,6.01,5.66,6.37,5.65,367591,220265753.0,11.82,-7.06,-0.43,7.94,9.2,6.9,2.48,0.18,7.79,15.22,20.88,12.74,15.04,20.18,6.11,5.99,5.76,5.56,-0.35,-2.65,-5.83,-8.3,-8.48,-8.66,-9.36,-10.25,-11.13,-12.19
2020-04-30,002370,5.46,5.55,5.64,5.26,288475,157838309.0,6.71,-1.94,-0.11,6.23,14.83,10.08,7.6,15.78,23.76,29.85,21.1,23.57,29.09,21.1,5.94,5.96,5.8,5.57,-0.72,-3.96,-6.49,-6.67,-6.85,-7.57,-8.47,-9.37,-10.45,-11.89
2020-05-06,002370,5.51,5.28,5.51,5.18,335145,177092260.0,5.95,-4.86,-0.27,7.24,11.78,9.27,17.57,25.68,31.85,22.97,25.48,31.08,22.97,8.88,5.82,5.93,5.82,5.58,0.95,-1.7,-1.89,-2.08,-2.84,-3.79,-4.73,-5.87,-7.39,-9.28
2020-05-07,002370,5.31,5.07,5.33,5.05,285746,146347024.0,5.3,-3.98,-0.21,6.17,12.08,20.59,28.91,35.25,26.14,28.71,34.46,26.14,11.68,9.11,5.53,5.88,5.83,5.57,2.37,2.17,1.97,1.18,0.2,-0.79,-1.97,-3.55,-5.52,1.18
2020-05-08,002370,5.11,5.14,5.19,5.04,167839,85980267.0,2.96,1.38,0.07,3.62,20.83,29.17,35.52,26.39,28.97,34.72,26.39,11.9,9.33,5.75,5.34,5.79,5.82,5.57,0.78,0.58,-0.19,-1.17,-2.14,-3.31,-4.86,-6.81,-0.19,-3.11
2020-05-11,002370,5.16,5.12,5.18,5.06,147163,75106132.0,2.33,-0.39,-0.02,3.18,28.66,34.98,25.89,28.46,34.19,25.89,11.46,8.89,5.34,2.57,5.23,5.67,5.79,5.57,0.98,0.2,-0.78,-1.76,-2.93,-4.49,-6.45,0.2,-2.73,-7.03
2020-05-12,002370,5.1,5.12,5.17,5.08,99241,50732576.0,1.76,0.0,0.0,2.14,34.45,25.39,27.95,33.66,25.39,11.02,8.46,4.92,2.17,1.97,5.15,5.54,5.78,5.56,0.2,-0.78,-1.76,-2.93,-4.49,-6.45,0.2,-2.73,-7.03,-6.84
2020-05-13,002370,5.11,5.1,5.13,5.06,80753,41129306.0,1.37,-0.39,-0.02,1.74,25.89,28.46,34.19,25.89,11.46,8.89,5.34,2.57,2.37,2.17,5.11,5.46,5.74,5.56,-0.39,-1.37,-2.55,-4.12,-6.08,0.59,-2.35,-6.67,-6.47,-3.14
2020-05-14,002370,5.08,4.93,5.08,4.92,172725,86240834.0,3.14,-3.33,-0.17,3.73,32.11,38.01,29.47,14.63,11.99,8.33,5.49,5.28,5.08,4.27,5.08,5.31,5.67,5.55,2.03,0.81,-0.81,-2.84,4.06,1.01,-3.45,-3.25,0.2,-0.61
2020-05-15,002370,4.92,4.95,5.03,4.92,79608,39517819.0,2.23,0.41,0.02,1.72,38.01,29.47,14.63,11.99,8.33,5.49,5.28,5.08,4.27,3.25,5.04,5.19,5.61,5.55,0.4,-1.21,-3.23,3.64,0.61,-3.84,-3.64,-0.2,-1.01,-3.23
2020-05-18,002370,4.97,4.83,4.97,4.75,105356,50939264.0,4.44,-2.42,-0.12,2.27,34.11,18.74,16.0,12.21,9.26,9.05,8.84,8.0,6.95,5.89,4.99,5.11,5.55,5.54,1.24,-0.83,6.21,3.11,-1.45,-1.24,2.28,1.45,-0.83,0.83
2020-05-19,002370,4.84,4.79,4.89,4.77,80823,38874138.0,2.48,-0.83,-0.04,1.74,18.24,15.51,11.74,8.81,8.6,8.39,7.55,6.5,5.45,4.19,4.92,5.03,5.5,5.54,0.0,7.1,3.97,-0.63,-0.42,3.13,2.3,0.0,1.67,2.92
2020-05-20,002370,4.79,4.7,4.79,4.68,95968,45255640.0,2.3,-1.88,-0.09,2.07,17.74,13.89,10.9,10.68,10.47,9.62,8.55,7.48,6.2,4.49,4.84,4.97,5.45,5.54,9.15,5.96,1.28,1.49,5.11,4.26,1.91,3.62,4.89,5.74
2020-05-21,002370,4.7,4.99,5.13,4.7,191221,94746147.0,9.15,6.17,0.29,4.13,13.4,10.43,10.21,10.0,9.15,8.09,7.02,5.74,4.04,1.91,4.85,4.97,5.42,5.54,-0.2,-4.61,-4.41,-1.0,-1.8,-4.01,-2.4,-1.2,-0.4,-2.0
2020-05-22,002370,4.98,4.78,4.98,4.76,99996,48433572.0,4.41,-4.21,-0.21,2.16,9.03,8.82,8.61,7.77,6.72,5.67,4.41,2.73,0.63,7.77,4.82,4.93,5.36,5.52,-0.42,-0.21,3.35,2.51,0.21,1.88,3.14,3.97,2.3,1.05
2020-05-25,002370,4.73,4.65,4.76,4.57,76175,35548943.0,3.97,-2.72,-0.13,1.64,13.35,13.13,12.25,11.16,10.07,8.75,7.0,4.81,12.25,8.97,4.78,4.88,5.28,5.49,2.58,6.24,5.38,3.01,4.73,6.02,6.88,5.16,3.87,3.23
2020-05-26,002370,4.65,4.73,4.77,4.63,69120,32609757.0,3.01,1.72,0.08,1.49,11.66,10.8,9.72,8.64,7.34,5.62,3.46,10.8,7.56,2.81,4.77,4.84,5.19,5.47,4.44,3.59,1.27,2.96,4.23,5.07,3.38,2.11,1.48,0.42
2020-05-27,002370,4.75,4.83,4.94,4.73,98472,47515353.0,4.44,2.11,0.1,2.13,8.46,7.4,6.34,5.07,3.38,1.27,8.46,5.29,0.63,0.85,4.8,4.82,5.14,5.43,1.45,-0.83,0.83,2.07,2.9,1.24,0.0,-0.62,-1.66,-1.04
2020-05-28,002370,4.8,4.78,4.9,4.72,68316,32866089.0,3.73,-1.04,-0.05,1.47,7.63,6.57,5.3,3.6,1.48,8.69,5.51,0.85,1.06,4.66,4.75,4.8,5.05,5.38,0.21,1.88,3.14,3.97,2.3,1.05,0.42,-0.63,0.0,-0.84
2020-05-29,002370,4.7,4.73,4.79,4.68,67829,32086025.0,2.3,-1.05,-0.05,1.46,7.48,6.2,4.49,2.35,9.62,6.41,1.71,1.92,5.56,4.7,4.74,4.78,4.99,5.34,2.96,4.23,5.07,3.38,2.11,1.48,0.42,1.06,0.21,-1.06
2020-06-01,002370,4.74,4.86,4.87,4.7,109536,52802598.0,3.59,2.75,0.13,2.36,5.74,4.04,1.91,9.15,5.96,1.28,1.49,5.11,4.26,1.91,4.79,4.78,4.95,5.29,1.44,2.26,0.62,-0.62,-1.23,-2.26,-1.65,-2.47,-3.7,-0.41
2020-06-02,002370,4.89,4.86,4.93,4.84,85775,41786586.0,1.85,0.0,0.0,1.85,1.03,-1.03,5.99,2.89,-1.65,-1.45,2.07,1.24,-1.03,0.62,4.81,4.79,4.91,5.26,2.26,0.62,-0.62,-1.23,-2.26,-1.65,-2.47,-3.7,-0.41,-1.03
2020-06-03,002370,4.86,4.89,4.97,4.85,129568,63738659.0,2.47,0.62,0.03,2.8,-1.24,5.77,2.68,-1.86,-1.65,1.86,1.03,-1.24,0.41,1.65,4.82,4.81,4.89,5.24,0.0,-1.23,-1.84,-2.86,-2.25,-3.07,-4.29,-1.02,-1.64,5.32
2020-06-04,002370,4.89,4.79,4.89,4.76,103080,49474874.0,2.66,-2.04,-0.1,2.23,7.77,4.62,0.0,0.21,3.78,2.94,0.63,2.31,3.57,4.41,4.83,4.79,4.88,5.21,0.84,0.21,-0.84,-0.21,-1.04,-2.3,1.04,0.42,7.52,4.38
2020-06-05,002370,4.82,4.75,4.83,4.71,65055,30847655.0,2.51,-0.84,-0.04,1.4,5.73,1.06,1.27,4.88,4.03,1.7,3.4,4.67,5.52,3.82,4.83,4.79,4.86,5.17,1.05,0.0,0.63,-0.21,-1.47,1.89,1.26,8.42,5.26,2.53
2020-06-08,002370,4.77,4.73,4.8,4.71,59379,28131313.0,1.89,-0.42,-0.02,1.28,1.06,1.27,4.88,4.03,1.7,3.4,4.67,5.52,3.82,2.55,4.8,4.79,4.84,5.12,0.42,1.06,0.21,-1.06,2.33,1.69,8.88,5.71,2.96,2.11
2020-06-09,002370,4.73,4.71,4.75,4.62,56142,26265864.0,2.75,-0.42,-0.02,1.21,3.25,6.93,6.06,3.68,5.41,6.71,7.58,5.84,4.55,3.9,4.77,4.79,4.82,5.06,1.49,0.64,-0.64,2.76,2.12,9.34,6.16,3.4,2.55,0.64
2020-06-10,002370,4.68,4.74,4.78,4.66,60989,28816606.0,2.55,0.64,0.03,1.32,6.01,5.15,2.79,4.51,5.79,6.65,4.94,3.65,3.0,1.93,4.74,4.78,4.8,5.02,0.0,-1.27,2.11,1.48,8.65,5.49,2.74,1.9,0.0,0.0
2020-06-11,002370,4.72,4.65,4.74,4.65,69495,32538407.0,1.9,-1.9,-0.09,1.5,5.38,3.01,4.73,6.02,6.88,5.16,3.87,3.23,2.15,2.8,4.72,4.77,4.79,4.96,0.65,4.09,3.44,10.75,7.53,4.73,3.87,1.94,1.94,4.95
2020-06-12,002370,4.58,4.66,4.68,4.51,69381,32041023.0,3.66,0.22,0.01,1.5,6.21,7.98,9.31,10.2,8.43,7.1,6.43,5.32,5.99,5.1,4.7,4.76,4.77,4.91,3.86,3.22,10.52,7.3,4.51,3.65,1.72,1.72,4.72,3.43
2020-06-15,002370,4.66,4.76,4.84,4.65,109010,51930573.0,4.08,2.15,0.1,2.35,4.73,6.02,6.88,5.16,3.87,3.23,2.15,2.8,1.94,0.65,4.7,4.75,4.77,4.88,1.05,8.19,5.04,2.31,1.47,-0.42,-0.42,2.52,1.26,0.0
2020-06-16,002370,4.76,4.78,4.81,4.72,79721,37976909.0,1.89,0.42,0.02,1.72,4.45,5.3,3.6,2.33,1.69,0.64,1.27,0.42,-0.85,2.54,4.72,4.75,4.77,4.86,7.74,4.6,1.88,1.05,-0.84,-0.84,2.09,0.84,-0.42,0.0
2020-06-17,002370,4.81,5.0,5.15,4.76,243797,121089197.0,8.16,4.6,0.22,5.26,4.41,2.73,1.47,0.84,-0.21,0.42,-0.42,-1.68,1.68,1.05,4.77,4.76,4.78,4.85,0.0,-2.6,-3.4,-5.2,-5.2,-2.4,-3.6,-4.8,-4.4,-1.6
2020-06-18,002370,4.99,4.88,5.0,4.87,126733,62113835.0,2.6,-2.4,-0.12,2.74,0.41,-0.82,-1.44,-2.46,-1.85,-2.67,-3.9,-0.62,-1.23,5.75,4.82,4.77,4.78,4.84,-0.2,-1.02,-2.87,-2.87,0.0,-1.23,-2.46,-2.05,0.82,2.46
2020-06-19,002370,4.87,4.8,4.87,4.79,94272,45411645.0,1.64,-1.64,-0.08,2.04,0.84,0.21,-0.84,-0.21,-1.04,-2.3,1.04,0.42,7.52,4.38,4.84,4.77,4.78,4.83,0.63,-1.25,-1.25,1.67,0.42,-0.83,-0.42,2.5,4.17,5.0
2020-06-22,002370,4.77,4.73,4.83,4.7,75872,35977779.0,2.71,-1.46,-0.07,1.64,2.13,1.06,1.7,0.85,-0.43,2.98,2.34,9.57,6.38,3.62,4.84,4.77,4.78,4.82,0.21,0.21,3.17,1.9,0.63,1.06,4.02,5.71,6.55,6.55
2020-06-23,002370,4.74,4.7,4.74,4.67,52632,24739856.0,1.48,-0.63,-0.03,1.14,1.71,2.36,1.5,0.21,3.64,3.0,10.28,7.07,4.28,3.43,4.82,4.77,4.78,4.8,0.85,3.83,2.55,1.28,1.7,4.68,6.38,7.23,7.23,17.23
2020-06-24,002370,4.74,4.66,4.74,4.64,47300,22117049.0,2.13,-0.85,-0.04,1.02,3.02,2.16,0.86,4.31,3.66,10.99,7.76,4.96,4.09,2.16,4.75,4.76,4.77,4.79,4.72,3.43,2.15,2.58,5.58,7.3,8.15,8.15,18.24,17.17
2020-06-29,002370,4.67,4.77,4.88,4.67,102777,49317382.0,4.51,2.36,0.11,2.22,1.5,0.21,3.64,3.0,10.28,7.07,4.28,3.43,1.5,1.5,4.73,4.77,4.77,4.78,1.05,-0.21,0.21,3.14,4.82,5.66,5.66,15.51,14.47,14.26
2020-06-30,002370,4.82,4.76,4.82,4.72,62841,29832777.0,2.1,-0.21,-0.01,1.36,-0.85,2.54,1.91,9.11,5.93,3.18,2.33,0.42,0.42,3.39,4.72,4.78,4.77,4.78,0.0,0.42,3.36,5.04,5.88,5.88,15.76,14.71,14.5,21.22
2020-07-01,002370,4.75,4.73,4.76,4.67,74574,35031457.0,1.89,-0.63,-0.03,1.61,3.64,3.0,10.28,7.07,4.28,3.43,1.5,1.5,4.5,3.21,4.72,4.78,4.77,4.77,1.06,4.02,5.71,6.55,6.55,16.49,15.43,15.22,21.99,15.64
2020-07-02,002370,4.73,4.76,4.78,4.68,62245,29534422.0,2.11,0.63,0.03,1.34,2.78,10.04,6.84,4.06,3.21,1.28,1.28,4.27,2.99,1.71,4.74,4.78,4.76,4.77,3.36,5.04,5.88,5.88,15.76,14.71,14.5,21.22,14.92,8.4
2020-07-03,002370,4.72,4.85,4.92,4.67,139470,66910271.0,5.25,1.89,0.09,3.01,10.28,7.07,4.28,3.43,1.5,1.5,4.5,3.21,1.93,2.36,4.77,4.76,4.76,4.78,3.09,3.92,3.92,13.61,12.58,12.37,18.97,12.78,6.39,1.86
2020-07-06,002370,4.87,4.97,5.0,4.81,203847,100444398.0,3.92,2.47,0.12,4.4,3.95,1.25,0.42,-1.46,-1.46,1.46,0.21,-1.04,-0.62,2.29,4.81,4.77,4.77,4.78,1.41,1.41,10.87,9.86,9.66,16.1,10.06,3.82,-0.6,0.4
2020-07-07,002370,5.0,5.02,5.04,4.94,254234,127371880.0,2.01,1.01,0.05,5.49,-1.42,-2.23,-4.05,-4.05,-1.21,-2.43,-3.64,-3.24,-0.4,1.21,4.87,4.79,4.78,4.78,0.4,9.76,8.76,8.57,14.94,8.96,2.79,-1.59,-0.6,1.0
2020-07-08,002370,5.02,5.01,5.04,4.95,179902,89814719.0,1.79,-0.2,-0.01,3.88,-2.42,-4.24,-4.24,-1.41,-2.63,-3.84,-3.43,-0.61,1.01,1.82,4.92,4.82,4.8,4.8,9.98,8.98,8.78,15.17,9.18,2.99,-1.4,-0.4,1.2,1.8
2020-07-09,002370,5.06,5.46,5.51,5.03,448545,237189906.0,9.58,8.98,0.45,9.68,-5.77,-5.77,-2.98,-4.17,-5.37,-4.97,-2.19,-0.6,0.2,0.2,5.06,4.9,4.83,4.82,0.0,-0.18,5.68,0.18,-5.49,-9.52,-8.61,-7.14,-6.59,-7.14
2020-07-10,002370,5.43,5.27,5.46,5.24,275069,146757974.0,4.03,-3.48,-0.19,5.94,-9.54,-6.87,-8.02,-9.16,-8.78,-6.11,-4.58,-3.82,-3.82,5.15,5.15,4.96,4.86,4.84,3.42,9.49,3.8,-2.09,-6.26,-5.31,-3.8,-3.23,-3.8,-5.69
2020-07-13,002370,5.26,5.44,5.45,5.21,243802,131427410.0,4.55,3.23,0.17,5.26,-6.33,-7.49,-8.64,-8.25,-5.57,-4.03,-3.26,-3.26,5.76,4.8,5.24,5.03,4.9,4.86,6.07,0.55,-5.15,-9.19,-8.27,-6.8,-6.25,-6.8,-8.64,-11.4
2020-07-14,002370,5.48,5.56,5.77,5.41,333040,185628972.0,6.62,2.21,0.12,7.19,-10.91,-12.01,-11.65,-9.06,-7.58,-6.84,-6.84,1.85,0.92,0.74,5.35,5.11,4.95,4.89,-1.62,-7.19,-11.15,-10.25,-8.81,-8.27,-8.81,-10.61,-13.31,-12.77
2020-07-15,002370,5.47,5.19,5.47,5.19,265541,140614546.0,5.04,-6.65,-0.37,5.73,-8.29,-7.9,-5.2,-3.66,-2.89,-2.89,6.17,5.2,5.01,11.18,5.38,5.15,4.97,4.9,-0.58,-4.82,-3.85,-2.31,-1.73,-2.31,-4.24,-7.13,-6.55,-3.85
2020-07-16,002370,5.16,4.89,5.16,4.85,194365,97532143.0,5.97,-5.78,-0.3,4.2,-1.44,1.44,3.09,3.92,3.92,13.61,12.58,12.37,18.97,12.78,5.27,5.17,4.97,4.9,1.02,2.04,3.68,4.29,3.68,1.64,-1.43,-0.82,2.04,11.45
2020-07-17,002370,4.87,4.88,4.94,4.81,99416,48471844.0,2.66,-0.2,-0.01,2.15,2.29,3.95,4.78,4.78,14.55,13.51,13.31,19.96,13.72,7.28,5.19,5.17,4.97,4.9,2.25,3.89,4.51,3.89,1.84,-1.23,-0.61,2.25,11.68,22.95
2020-07-20,002370,4.91,4.99,4.99,4.86,93028,45919802.0,2.66,2.25,0.11,2.01,2.88,3.7,3.7,13.37,12.35,12.14,18.72,12.55,6.17,1.65,5.1,5.17,4.97,4.9,1.6,2.2,1.6,-0.4,-3.41,-2.81,0.0,9.22,20.24,23.45
2020-07-21,002370,5.05,5.07,5.07,4.95,102355,51342510.0,2.4,1.6,0.08,2.21,1.82,1.82,11.31,10.3,10.1,16.57,10.51,4.24,-0.2,0.81,5.0,5.18,4.99,4.91,0.59,0.0,-1.97,-4.93,-4.34,-1.58,7.5,18.34,21.5,15.58
2020-07-22,002370,5.1,5.07,5.1,5.0,112319,56735240.0,1.97,0.0,0.0,2.42,0.8,10.2,9.2,9.0,15.4,9.4,3.2,-1.2,-0.2,1.4,4.98,5.18,5.0,4.93,0.0,-1.97,-4.93,-4.34,-1.58,7.5,18.34,21.5,15.58,11.83
2020-07-23,002370,5.07,4.97,5.07,4.86,109952,54336949.0,4.14,-1.97,-0.1,2.37,13.37,12.35,12.14,18.72,12.55,6.17,1.65,2.67,4.32,4.94,5.0,5.13,5.02,4.93,0.0,-3.02,-2.41,0.4,9.66,20.72,23.94,17.91,14.08,14.49
2020-07-24,002370,4.95,4.78,4.97,4.76,100639,48928420.0,4.23,-3.82,-0.19,2.17,14.71,14.5,21.22,14.92,8.4,3.78,4.83,6.51,7.14,6.51,4.98,5.08,5.02,4.94,0.84,1.46,4.39,14.02,25.52,28.87,22.59,18.62,19.04,16.53
2020-07-27,002370,4.78,4.79,4.82,4.71,51174,24362818.0,2.3,0.21,0.01,1.1,15.71,22.51,16.14,9.55,4.88,5.94,7.64,8.28,7.64,5.52,4.94,5.02,5.02,4.94,1.25,4.18,13.78,25.26,28.6,22.34,18.37,18.79,16.28,12.94
2020-07-28,002370,4.79,4.84,4.85,4.79,44301,21376531.0,1.25,1.04,0.05,0.96,20.46,14.2,7.72,3.13,4.18,5.85,6.47,5.85,3.76,0.63,4.89,4.95,5.03,4.95,3.1,12.6,23.97,27.27,21.07,17.15,17.56,15.08,11.78,11.98
2020-07-29,002370,4.84,4.95,4.99,4.8,105769,52249847.0,3.93,2.27,0.11,2.28,13.96,7.5,2.92,3.96,5.63,6.25,5.63,3.54,0.42,1.04,4.87,4.92,5.04,4.95,10.1,21.21,24.44,18.38,14.55,14.95,12.53,9.29,9.49,6.87
2020-07-30,002370,4.96,5.45,5.45,4.93,353295,189692406.0,10.51,10.1,0.5,7.63,4.67,0.2,1.22,2.84,3.45,2.84,0.81,-2.23,-1.62,1.22,4.96,4.98,5.07,4.97,10.09,13.03,7.52,4.04,4.4,2.2,-0.73,-0.55,-2.94,-4.22
2020-07-31,002370,5.54,5.79,6.0,5.48,826524,473655136.0,9.54,6.24,0.34,17.84,-9.85,-8.94,-7.48,-6.93,-7.48,-9.31,-12.04,-11.5,-8.94,-0.55,5.16,5.07,5.12,5.0,6.39,1.21,-2.07,-1.73,-3.8,-6.56,-6.39,-8.64,-9.84,-2.94
2020-08-03,002370,5.6,6.01,6.16,5.45,687667,399005680.0,12.26,3.8,0.22,14.84,-8.44,-6.97,-6.42,-6.97,-8.81,-11.56,-11.01,-8.44,0.0,10.09,5.41,5.17,5.17,5.04,-2.5,-5.66,-5.32,-7.32,-9.98,-9.82,-11.98,-13.14,-6.49,-9.15
2020-08-04,002370,5.86,5.69,5.86,5.64,429092,246710786.0,3.66,-5.32,-0.32,9.26,-10.11,-9.57,-10.11,-11.88,-14.54,-14.01,-11.52,-3.37,6.38,9.22,5.58,5.23,5.21,5.07,-0.35,0.0,-2.11,-4.92,-4.75,-7.03,-8.26,-1.23,-4.04,4.75
2020-08-05,002370,5.58,5.67,5.67,5.46,240912,134367382.0,3.69,-0.35,-0.02,5.2,-6.59,-7.14,-8.97,-11.72,-11.17,-8.61,-0.18,9.89,12.82,7.33,5.72,5.29,5.24,5.1,0.35,-1.76,-4.59,-4.41,-6.7,-7.94,-0.88,-3.7,5.11,8.82
2020-08-06,002370,5.6,5.51,5.69,5.4,243124,133866350.0,5.11,-2.82,-0.16,5.25,-6.11,-7.96,-10.74,-10.19,-7.59,0.93,11.11,14.07,8.52,5.0,5.73,5.35,5.24,5.13,1.09,-1.81,-1.63,-3.99,-5.26,2.0,-0.91,8.17,11.98,13.43
2020-08-07,002370,5.45,5.33,5.57,5.29,209426,112459690.0,5.08,-3.27,-0.18,4.52,-6.05,-8.88,-8.32,-5.67,3.02,13.42,16.45,10.78,7.18,7.56,5.64,5.4,5.24,5.15,1.5,1.69,-0.75,-2.06,5.44,2.44,11.82,15.76,17.26,23.64
2020-08-10,002370,5.32,5.4,5.41,5.21,152577,81662401.0,3.75,1.31,0.07,3.29,-7.49,-6.91,-4.22,4.61,15.16,18.23,12.48,8.83,9.21,6.91,5.52,5.46,5.24,5.17,0.37,-2.04,-3.33,4.07,1.11,10.37,14.26,15.74,22.04,12.96
2020-08-11,002370,5.41,5.27,5.42,5.25,125024,66684425.0,3.15,-2.41,-0.13,2.7,-7.62,-4.95,3.81,14.29,17.33,11.62,8.0,8.38,6.1,3.05,5.44,5.51,5.23,5.19,0.38,-0.95,6.64,3.61,13.09,17.08,18.6,25.05,15.75,18.6
2020-08-12,002370,5.26,5.15,5.29,5.05,146444,75090617.0,4.55,-2.28,-0.12,3.16,-1.19,7.92,18.81,21.98,16.04,12.28,12.67,10.3,7.13,7.33,5.33,5.53,5.23,5.2,1.36,9.13,6.02,15.73,19.81,21.36,27.96,18.45,21.36,19.42
2020-08-13,002370,5.18,5.19,5.22,5.13,95043,49186153.0,1.75,0.78,0.04,2.05,6.24,16.96,20.08,14.23,10.53,10.92,8.58,5.46,5.65,3.12,5.27,5.5,5.24,5.22,8.29,5.2,14.84,18.88,20.42,26.97,17.53,20.42,18.5,20.42
2020-08-14,002370,5.19,5.42,5.62,5.06,215108,114609547.0,10.79,4.43,0.23,4.64,18.58,21.74,15.81,12.06,12.45,10.08,6.92,7.11,4.55,3.16,5.29,5.46,5.27,5.23,0.74,9.96,13.84,15.31,21.59,12.55,15.31,13.47,15.31,9.96
2020-08-17,002370,5.38,5.42,5.46,5.34,155073,83729261.0,2.21,0.0,0.0,3.35,15.36,9.74,6.18,6.55,4.31,1.31,1.5,-0.94,-2.25,5.24,5.29,5.4,5.29,5.25,9.96,13.84,15.31,21.59,12.55,15.31,13.47,15.31,9.96,8.86
2020-08-18,002370,5.42,5.96,5.96,5.38,281775,163891226.0,10.7,9.96,0.54,6.08,8.92,5.39,5.76,3.53,0.56,0.74,-1.67,-2.97,4.46,1.49,5.43,5.43,5.33,5.28,3.52,4.87,10.57,2.35,4.87,3.19,4.87,0.0,-1.01,2.85
2020-08-19,002370,6.02,5.68,6.17,5.67,526147,309724992.0,8.39,-4.7,-0.28,11.36,0.0,0.35,-1.76,-4.59,-4.41,-6.7,-7.94,-0.88,-3.7,5.11,5.53,5.43,5.36,5.3,10.04,16.02,7.39,10.04,8.27,10.04,4.93,3.87,7.92,8.27
2020-08-20,002370,5.54,6.25,6.25,5.54,478515,290899984.0,12.5,10.04,0.57,10.33,2.71,0.54,-2.35,-2.17,-4.51,-5.78,1.44,-1.44,7.58,11.37,5.75,5.51,5.43,5.33,5.44,-2.4,0.0,-1.6,0.0,-4.64,-5.6,-1.92,-1.6,0.16
2020-08-21,002370,6.43,6.08,6.59,6.01,723550,452994640.0,9.28,-2.72,-0.17,15.62,-7.32,-9.98,-9.82,-11.98,-13.14,-6.49,-9.15,-0.83,2.66,3.99,5.88,5.58,5.49,5.36,0.33,2.8,1.15,2.8,-1.97,-2.96,0.82,1.15,2.96,-0.33
2020-08-24,002370,6.02,5.86,6.1,5.76,344868,202631225.0,5.59,-3.62,-0.22,7.44,-6.08,-5.9,-8.16,-9.38,-2.43,-5.21,3.47,7.12,8.51,14.41,5.97,5.63,5.55,5.37,6.66,4.95,6.66,1.71,0.68,4.61,4.95,6.83,3.41,2.9
2020-08-25,002370,5.85,6.11,6.25,5.76,446404,270325888.0,8.36,4.27,0.25,9.64,-5.9,-8.16,-9.38,-2.43,-5.21,3.47,7.12,8.51,14.41,5.9,6.0,5.71,5.61,5.39,0.65,2.29,-2.45,-3.44,0.33,0.65,2.45,-0.82,-1.31,-0.65
2020-08-26,002370,6.11,6.08,6.15,5.86,286160,170664775.0,4.75,-0.49,-0.03,6.18,-9.73,-10.92,-4.1,-6.83,1.71,5.29,6.66,12.46,4.1,6.66,6.08,5.8,5.67,5.42,2.8,-1.97,-2.96,0.82,1.15,2.96,-0.33,-0.82,-0.16,0.66
2020-08-27,002370,5.98,5.97,6.25,5.91,245710,148607060.0,5.59,-1.81,-0.11,5.3,-11.68,-4.91,-7.61,0.85,4.4,5.75,11.51,3.21,5.75,4.06,6.02,5.88,5.69,5.45,-0.17,-1.17,2.68,3.02,4.86,1.51,1.01,1.68,2.51,2.68
2020-08-28,002370,5.88,5.81,5.96,5.7,204002,118263220.0,4.36,-2.68,-0.16,4.4,-1.4,-4.21,4.56,8.25,9.65,15.61,7.02,9.65,7.89,9.65,5.97,5.92,5.69,5.49,1.55,5.51,5.85,7.75,4.3,3.79,4.48,5.34,5.51,-0.34
2020-08-31,002370,5.73,5.79,5.9,5.72,140155,81325795.0,3.1,-0.34,-0.02,3.03,-4.55,4.2,7.87,9.27,15.21,6.64,9.27,7.52,9.27,4.2,5.95,5.96,5.68,5.51,5.87,6.22,8.12,4.66,4.15,4.84,5.7,5.87,0.0,6.04
2020-09-01,002370,5.82,6.01,6.13,5.72,216304,127639728.0,7.08,3.8,0.22,4.67,4.2,7.87,9.27,15.21,6.64,9.27,7.52,9.27,4.2,3.15,5.93,5.96,5.7,5.54,2.33,4.16,0.83,0.33,1.0,1.83,2.0,-3.66,2.16,2.5
2020-09-02,002370,6.02,6.07,6.15,5.85,243207,145553929.0,4.99,1.0,0.06,5.25,5.47,6.84,12.65,4.27,6.84,5.13,6.84,1.88,0.85,4.79,5.93,6.0,5.72,5.58,3.13,-0.16,-0.66,0.0,0.82,0.99,-4.61,1.15,1.48,0.82
2020-09-03,002370,5.98,6.11,6.26,5.93,306298,186696241.0,5.44,0.66,0.04,6.61,5.4,11.13,2.87,5.4,3.71,5.4,0.51,-0.51,3.37,3.71,5.96,5.99,5.75,5.61,-0.82,-1.31,-0.65,0.16,0.33,-5.24,0.49,0.82,0.16,-1.64
2020-09-04,002370,5.97,5.95,6.06,5.9,158072,94465934.0,2.62,-2.62,-0.16,3.41,11.69,3.39,5.93,4.24,5.93,1.02,0.0,3.9,4.24,6.1,5.99,5.98,5.78,5.65,1.34,2.02,2.86,3.03,-2.69,3.19,3.53,2.86,1.01,-1.51
2020-09-07,002370,5.81,5.77,6.03,5.77,169648,99638977.0,4.37,-3.03,-0.18,3.66,5.72,8.32,6.59,8.32,3.29,2.25,6.24,6.59,8.49,5.03,5.98,5.97,5.8,5.69,5.2,6.07,6.24,0.35,6.41,6.76,6.07,4.16,1.56,1.21
2020-09-08,002370,5.77,5.93,6.07,5.77,186529,110873835.0,5.2,2.77,0.16,4.03,8.32,6.59,8.32,3.29,2.25,6.24,6.59,8.49,5.03,4.51,5.97,5.95,5.83,5.72,3.2,3.37,-2.36,3.54,3.88,3.2,1.35,-1.18,-1.52,-3.04
2020-09-09,002370,5.81,6.03,6.12,5.8,232373,139483993.0,5.4,1.69,0.1,5.02,6.03,7.76,2.76,1.72,5.69,6.03,7.93,4.48,3.97,4.66,5.96,5.94,5.87,5.76,1.66,-3.98,1.82,2.16,1.49,-0.33,-2.82,-3.15,-4.64,-6.3
2020-09-10,002370,6.06,5.6,6.13,5.51,214296,125149365.0,10.28,-7.13,-0.43,4.63,13.43,8.17,7.08,11.25,11.62,13.61,9.98,9.44,10.16,11.07,5.86,5.91,5.9,5.76,3.39,9.64,10.0,9.29,7.32,4.64,4.29,2.68,0.89,-0.89
2020-09-11,002370,5.56,5.74,5.79,5.52,132653,75107256.0,4.82,2.5,0.14,2.86,7.97,6.88,11.05,11.41,13.41,9.78,9.24,9.96,10.87,11.05,5.81,5.9,5.91,5.76,6.97,7.32,6.62,4.7,2.09,1.74,0.17,-1.57,-3.31,-5.92
2020-09-14,002370,5.85,6.0,6.14,5.8,223353,134010552.0,5.92,4.53,0.26,4.82,1.72,5.69,6.03,7.93,4.48,3.97,4.66,5.52,5.69,-0.17,5.86,5.92,5.94,5.76,2.67,2.0,0.17,-2.33,-2.67,-4.17,-5.83,-7.5,-10.0,-12.33
2020-09-15,002370,6.12,6.06,6.16,5.97,166656,100982077.0,3.17,1.0,0.06,3.6,2.68,3.02,4.86,1.51,1.01,1.68,2.51,2.68,-3.02,2.85,5.89,5.93,5.95,5.77,0.99,-0.83,-3.3,-3.63,-5.12,-6.77,-8.42,-10.89,-13.2,-15.02
2020-09-16,002370,6.12,5.91,6.12,5.86,125561,74800542.0,4.29,-2.48,-0.15,2.71,4.95,6.83,3.41,2.9,3.58,4.44,4.61,-1.19,4.78,5.12,5.86,5.91,5.96,5.78,1.69,-0.85,-1.18,-2.71,-4.4,-6.09,-8.63,-11.0,-12.86,-11.0
2020-09-17,002370,6.01,5.76,6.01,5.69,136375,78841653.0,5.41,-2.54,-0.15,2.94,10.02,6.5,5.98,6.68,7.56,7.73,1.76,7.91,8.26,7.56,5.89,5.87,5.93,5.79,1.74,1.39,-0.17,-1.91,-3.65,-6.25,-8.68,-10.59,-8.68,-6.94
2020-09-18,002370,5.74,5.85,5.86,5.65,112492,64703327.0,3.65,1.56,0.09,2.43,7.26,6.73,7.43,8.32,8.5,2.48,8.67,9.03,8.32,6.37,5.92,5.86,5.92,5.81,-0.17,-1.71,-3.42,-5.13,-7.69,-10.09,-11.97,-10.09,-8.38,-9.06
2020-09-21,002370,5.81,5.76,5.84,5.7,90480,52090966.0,2.39,-1.54,-0.09,1.95,5.79,6.49,7.37,7.54,1.58,7.72,8.07,7.37,5.44,2.81,5.87,5.86,5.92,5.82,-0.17,-1.91,-3.65,-6.25,-8.68,-10.59,-8.68,-6.94,-7.64,-7.64
2020-09-22,002370,5.65,5.6,5.75,5.55,84329,47595866.0,3.47,-2.78,-0.16,1.82,9.37,10.27,10.45,4.32,10.63,10.99,10.27,8.29,5.59,5.23,5.78,5.83,5.89,5.83,0.89,-0.89,-3.57,-6.07,-8.04,-6.07,-4.29,-5.0,-5.0,-6.79
2020-09-23,002370,5.62,5.58,5.65,5.53,64935,36245174.0,2.14,-0.36,-0.02,1.4,10.67,10.85,4.7,11.03,11.39,10.67,8.68,5.97,5.61,3.98,5.71,5.79,5.87,5.85,-0.54,-3.23,-5.73,-7.71,-5.73,-3.94,-4.66,-4.66,-6.45,-8.78
2020-09-24,002370,5.52,5.35,5.55,5.25,114705,61550594.0,5.38,-4.12,-0.23,2.48,16.76,10.29,16.95,17.33,16.57,14.48,11.62,11.24,9.52,7.62,5.63,5.76,5.83,5.85,0.93,-1.68,-3.74,-1.68,0.19,-0.56,-0.56,-2.43,-4.86,-5.23
2020-09-25,002370,5.36,5.27,5.4,5.22,60673,32302978.0,3.36,-1.5,-0.08,1.31,10.92,17.62,18.01,17.24,15.13,12.26,11.88,10.15,8.24,6.32,5.51,5.71,5.81,5.85,-0.19,-2.28,-0.19,1.71,0.95,0.95,-0.95,-3.42,-3.8,-4.36
2020-09-28,002370,5.26,5.06,5.26,5.0,80709,41102631.0,4.93,-3.98,-0.21,1.74,22.8,23.2,22.4,20.2,17.2,16.8,15.0,13.0,11.0,8.0,5.37,5.62,5.77,5.83,1.78,3.95,5.93,5.14,5.14,3.16,0.59,0.2,-0.4,-2.37
2020-09-29,002370,5.06,5.09,5.15,5.03,48663,24807671.0,2.37,0.59,0.03,1.05,22.47,21.67,19.48,16.5,16.1,14.31,12.33,10.34,7.36,4.57,5.27,5.52,5.72,5.8,3.34,5.3,4.52,4.52,2.55,0.0,-0.39,-0.98,-2.95,-3.73
2020-09-30,002370,5.1,5.22,5.26,5.08,64703,33458703.0,3.54,2.55,0.13,1.4,20.47,18.31,15.35,14.96,13.19,11.22,9.25,6.3,3.54,1.38,5.2,5.45,5.68,5.79,2.68,1.92,1.92,0.0,-2.49,-2.87,-3.45,-5.36,-6.13,-8.24
2020-10-09,002370,5.25,5.22,5.36,5.21,75946,39944662.0,2.87,0.0,0.0,1.64,15.36,12.48,12.09,10.36,8.45,6.53,3.65,0.96,-1.15,0.96,5.17,5.4,5.64,5.75,1.92,1.92,0.0,-2.49,-2.87,-3.45,-5.36,-6.13,-8.24,-8.05
2020-10-12,002370,5.2,5.3,5.32,5.16,112995,59404476.0,3.07,1.53,0.08,2.44,13.57,13.18,11.43,9.5,7.56,4.65,1.94,-0.19,1.94,3.88,5.18,5.34,5.61,5.73,0.38,-1.51,-3.96,-4.34,-4.91,-6.79,-7.55,-9.62,-9.43,-9.25
2020-10-13,002370,5.3,5.25,5.32,5.21,74898,39325273.0,2.08,-0.94,-0.05,1.62,12.09,10.36,8.45,6.53,3.65,0.96,-1.15,0.96,2.88,2.11,5.22,5.29,5.58,5.71,-0.57,-3.05,-3.43,-4.0,-5.9,-6.67,-8.76,-8.57,-8.38,-8.38
2020-10-14,002370,5.2,5.11,5.22,5.09,81755,41991187.0,2.48,-2.67,-0.14,1.76,12.97,11.0,9.04,6.09,3.34,1.18,3.34,5.3,4.52,4.52,5.22,5.24,5.54,5.68,-0.39,-0.78,-1.37,-3.33,-4.11,-6.26,-6.07,-5.87,-5.87,-1.76
2020-10-15,002370,5.03,5.04,5.09,5.0,80367,40485445.0,1.76,-1.37,-0.07,1.73,13.0,11.0,8.0,5.2,3.0,5.2,7.2,6.4,6.4,4.4,5.18,5.19,5.49,5.64,0.6,0.0,-1.98,-2.78,-4.96,-4.76,-4.56,-4.56,-0.4,-1.79
2020-10-16,002370,5.04,4.95,5.07,4.87,92982,45943669.0,3.97,-1.79,-0.09,2.01,13.96,10.88,8.01,5.75,8.01,10.06,9.24,9.24,7.19,4.52,5.13,5.15,5.46,5.61,1.82,-0.2,-1.01,-3.23,-3.03,-2.83,-2.83,1.41,0.0,-0.81
2020-10-19,002370,5.02,4.96,5.04,4.93,53072,26418643.0,2.22,0.2,0.01,1.15,9.53,6.69,4.46,6.69,8.72,7.91,7.91,5.88,3.25,2.84,5.06,5.12,5.42,5.58,-0.4,-1.21,-3.43,-3.23,-3.02,-3.02,1.21,-0.2,-1.01,-5.44
2020-10-20,002370,4.93,4.9,4.94,4.83,69758,33960629.0,2.22,-1.21,-0.06,1.51,8.9,6.63,8.9,10.97,10.14,10.14,8.07,5.38,4.97,4.35,4.99,5.1,5.36,5.55,0.0,-2.24,-2.04,-1.84,-1.84,2.45,1.02,0.2,-4.29,-7.55
2020-10-21,002370,4.89,4.77,4.9,4.75,75482,36221128.0,3.06,-2.65,-0.13,1.63,8.42,10.74,12.84,12.0,12.0,9.89,7.16,6.74,6.11,4.0,4.92,5.07,5.3,5.51,0.42,0.63,0.84,0.84,5.24,3.77,2.94,-1.68,-5.03,-4.19
2020-10-22,002370,4.79,4.73,4.79,4.68,50203,23724811.0,2.31,-0.84,-0.04,1.08,12.39,14.53,13.68,13.68,11.54,8.76,8.33,7.69,5.56,4.7,4.86,5.02,5.24,5.46,1.48,1.69,1.69,6.13,4.65,3.81,-0.85,-4.23,-3.38,-2.33
2020-10-23,002370,4.73,4.78,4.8,4.7,46601,22154971.0,2.11,1.06,0.05,1.01,14.04,13.19,13.19,11.06,8.3,7.87,7.23,5.11,4.26,1.91,4.83,4.98,5.19,5.42,0.63,0.63,5.02,3.56,2.72,-1.88,-5.23,-4.39,-3.35,-3.14
2020-10-26,002370,4.81,4.75,4.81,4.72,42289,20117438.0,1.88,-0.63,-0.03,0.91,12.71,12.71,10.59,7.84,7.42,6.78,4.66,3.81,1.48,1.69,4.79,4.92,5.13,5.38,1.26,5.68,4.21,3.37,-1.26,-4.63,-3.79,-2.74,-2.53,0.84
2020-10-27,002370,4.73,4.8,4.81,4.69,46036,21821686.0,2.53,1.05,0.05,0.99,13.43,11.3,8.53,8.1,7.46,5.33,4.48,2.13,2.35,2.56,4.77,4.88,5.09,5.35,4.58,3.12,2.29,-2.29,-5.62,-4.79,-3.75,-3.54,-0.21,-2.5
2020-10-28,002370,4.79,4.95,5.02,4.76,108310,53164778.0,5.42,3.13,0.15,2.34,9.66,6.93,6.51,5.88,3.78,2.94,0.63,0.84,1.05,1.05,4.8,4.86,5.05,5.31,0.0,-0.81,-5.25,-8.48,-7.68,-6.67,-6.46,-3.23,-5.45,-7.88
2020-10-29,002370,4.9,4.92,4.95,4.81,56438,27505846.0,2.83,-0.61,-0.03,1.22,5.82,5.41,4.78,2.7,1.87,-0.42,-0.21,0.0,0.0,4.37,4.84,4.85,5.02,5.28,-0.2,-4.67,-7.93,-7.11,-6.1,-5.89,-2.64,-4.88,-7.32,-8.54
2020-10-30,002370,4.91,4.66,4.91,4.64,89829,42632893.0,5.49,-5.28,-0.26,1.94,9.27,8.62,6.47,5.6,3.23,3.45,3.66,3.66,8.19,6.68,4.82,4.82,4.99,5.24,0.64,-2.79,-1.93,-0.86,-0.64,2.79,0.43,-2.15,-3.43,-3.86
2020-11-02,002370,4.6,4.47,4.69,4.37,93329,41633204.0,6.87,-4.08,-0.19,2.01,15.33,13.04,12.13,9.61,9.84,10.07,10.07,14.87,13.27,12.36,4.76,4.77,4.95,5.2,1.34,2.24,3.36,3.58,7.16,4.7,2.01,0.67,0.22,0.89
2020-11-03,002370,4.45,4.51,4.53,4.37,47863,21436477.0,3.58,0.89,0.04,1.03,13.04,12.13,9.61,9.84,10.07,10.07,14.87,13.27,12.36,7.32,4.7,4.73,4.92,5.15,1.33,2.44,2.66,6.21,3.77,1.11,-0.22,-0.67,0.0,-0.44
2020-11-04,002370,4.53,4.44,4.57,4.39,47751,21331595.0,3.99,-1.55,-0.07,1.03,11.62,9.11,9.34,9.57,9.57,14.35,12.76,11.85,6.83,3.19,4.6,4.7,4.89,5.1,4.05,4.28,7.88,5.41,2.7,1.35,0.9,1.58,1.13,1.13
2020-11-05,002370,4.55,4.6,4.62,4.46,74653,34137081.0,3.6,3.6,0.16,1.61,7.4,7.62,7.85,7.85,12.56,10.99,10.09,5.16,1.57,2.47,4.54,4.69,4.86,5.06,0.65,4.13,1.74,-0.87,-2.17,-2.61,-1.96,-2.39,-2.39,-3.26
2020-11-06,002370,4.63,4.49,4.63,4.45,61496,27637780.0,3.91,-2.39,-0.11,1.33,7.87,8.09,8.09,12.81,11.24,10.34,5.39,1.8,2.7,3.82,4.5,4.66,4.82,5.01,6.68,4.23,1.56,0.22,-0.22,0.45,0.0,0.0,-0.89,-1.11
2020-11-09,002370,4.59,4.62,4.79,4.55,78445,36484936.0,5.35,2.9,0.13,1.69,5.71,5.71,10.33,8.79,7.91,3.08,-0.44,0.44,1.54,1.76,4.53,4.65,4.79,4.97,1.3,-1.3,-2.6,-3.03,-2.38,-2.81,-2.81,-3.68,-3.9,-2.16
2020-11-10,002370,4.62,4.57,4.68,4.52,56781,25986682.0,3.46,-1.08,-0.05,1.23,6.42,11.06,9.51,8.63,3.76,0.22,1.11,2.21,2.43,5.97,4.54,4.62,4.75,4.93,-0.22,-1.53,-1.97,-1.31,-1.75,-1.75,-2.63,-2.84,-1.09,-0.22
2020-11-11,002370,4.53,4.48,4.56,4.46,39902,17881342.0,2.19,-1.97,-0.09,0.86,12.56,10.99,10.09,5.16,1.57,2.47,3.59,3.81,7.4,4.93,4.55,4.58,4.72,4.89,0.45,0.0,0.67,0.22,0.22,-0.67,-0.89,0.89,1.79,3.35
2020-11-12,002370,4.5,4.45,4.5,4.43,33936,15123883.0,1.56,-0.67,-0.03,0.73,11.74,10.84,5.87,2.26,3.16,4.29,4.51,8.13,5.64,2.93,4.52,4.53,4.69,4.86,0.67,1.35,0.9,0.9,0.0,-0.22,1.57,2.47,4.04,2.02
2020-11-13,002370,4.45,4.45,4.48,4.39,35718,15799065.0,2.02,0.0,0.0,0.77,11.85,6.83,3.19,4.1,5.24,5.47,9.11,6.61,3.87,2.51,4.51,4.51,4.67,4.83,1.35,0.9,0.9,0.0,-0.22,1.57,2.47,4.04,2.02,2.02
2020-11-16,002370,4.45,4.47,4.51,4.44,39344,17583763.0,1.57,0.45,0.02,0.85,5.63,2.03,2.93,4.05,4.28,7.88,5.41,2.7,1.35,0.9,4.48,4.51,4.64,4.8,0.45,0.45,-0.45,-0.67,1.12,2.01,3.58,1.57,1.57,0.22
2020-11-17,002370,4.49,4.45,4.49,4.4,38101,16872224.0,2.01,-0.45,-0.02,0.82,2.95,3.86,5.0,5.23,8.86,6.36,3.64,2.27,1.82,2.5,4.46,4.5,4.62,4.78,0.9,0.0,-0.22,1.57,2.47,4.04,2.02,2.02,0.67,1.57
2020-11-18,002370,4.44,4.46,4.49,4.41,38672,17237394.0,1.8,0.22,0.01,0.83,3.63,4.76,4.99,8.62,6.12,3.4,2.04,1.59,2.27,1.81,4.46,4.5,4.6,4.76,-0.22,-0.45,1.35,2.24,3.81,1.79,1.79,0.45,1.35,-0.22
2020-11-19,002370,4.45,4.44,4.45,4.41,32650,14447546.0,0.9,-0.45,-0.02,0.7,4.76,4.99,8.62,6.12,3.4,2.04,1.59,2.27,1.81,1.81,4.45,4.49,4.59,4.73,0.0,1.8,2.7,4.28,2.25,2.25,0.9,1.8,0.23,4.05
2020-11-20,002370,4.44,4.44,4.44,4.4,32726,14465316.0,0.9,0.0,0.0,0.71,5.23,8.86,6.36,3.64,2.27,1.82,2.5,2.05,2.05,1.14,4.45,4.48,4.57,4.71,1.8,2.7,4.28,2.25,2.25,0.9,1.8,0.23,4.05,5.18
2020-11-23,002370,4.42,4.49,4.52,4.4,59368,26501135.0,2.7,1.13,0.05,1.28,8.86,6.36,3.64,2.27,1.82,2.5,2.05,2.05,1.14,0.91,4.46,4.47,4.56,4.68,1.56,3.12,1.11,1.11,-0.22,0.67,-0.89,2.9,4.01,2.45
2020-11-24,002370,4.5,4.56,4.56,4.46,64474,29085979.0,2.23,1.56,0.07,1.39,4.93,2.24,0.9,0.45,1.12,0.67,0.67,-0.22,-0.45,1.35,4.48,4.47,4.55,4.66,1.54,-0.44,-0.44,-1.75,-0.88,-2.41,1.32,2.41,0.88,1.75
2020-11-25,002370,4.56,4.54,4.63,4.53,73525,33708828.0,2.19,-0.44,-0.02,1.59,0.66,-0.66,-1.1,-0.44,-0.88,-0.88,-1.77,-1.99,-0.22,0.66,4.49,4.47,4.53,4.64,0.0,0.0,-1.32,-0.44,-1.98,1.76,2.86,1.32,2.2,0.66
2020-11-26,002370,4.54,4.45,4.54,4.43,43267,19323479.0,2.42,-1.98,-0.09,0.93,1.58,1.13,1.81,1.35,1.35,0.45,0.23,2.03,2.93,4.51,4.5,4.47,4.5,4.62,2.02,0.67,1.57,0.0,3.82,4.94,3.37,4.27,2.7,1.35
2020-11-27,002370,4.48,4.48,4.54,4.43,44998,20092547.0,2.47,0.67,0.03,0.97,1.13,1.81,1.35,1.35,0.45,0.23,2.03,2.93,4.51,2.48,4.5,4.48,4.49,4.6,0.0,0.89,-0.67,3.12,4.24,2.68,3.57,2.01,0.67,-0.67
2020-11-30,002370,4.45,4.44,4.48,4.43,48054,21393147.0,1.12,-0.89,-0.04,1.04,1.81,1.35,1.35,0.45,0.23,2.03,2.93,4.51,2.48,2.48,4.49,4.47,4.49,4.59,1.8,0.23,4.05,5.18,3.6,4.5,2.93,1.58,0.23,-3.83
2020-12-01,002370,4.42,4.47,4.52,4.41,62414,27850454.0,2.48,0.68,0.03,1.35,1.81,1.81,0.91,0.68,2.49,3.4,4.99,2.95,2.95,1.59,4.48,4.48,4.49,4.57,-0.45,3.36,4.47,2.91,3.8,2.24,0.89,-0.45,-4.47,-5.37
2020-12-02,002370,4.45,4.42,4.45,4.41,67875,30030216.0,0.89,-1.12,-0.05,1.47,1.81,0.91,0.68,2.49,3.4,4.99,2.95,2.95,1.59,2.49,4.45,4.47,4.49,4.56,4.52,5.66,4.07,4.98,3.39,2.04,0.68,-3.39,-4.3,-6.56
2020-12-03,002370,4.4,4.62,4.62,4.38,161417,72907927.0,5.43,4.52,0.2,3.48,1.6,1.37,3.2,4.11,5.71,3.65,3.65,2.28,3.2,1.6,4.49,4.49,4.49,4.56,1.08,-0.43,0.43,-1.08,-2.38,-3.68,-7.58,-8.44,-10.61,-13.85
2020-12-04,002370,4.6,4.58,4.67,4.52,99463,45610149.0,3.25,-0.87,-0.04,2.15,-1.77,0.0,0.88,2.43,0.44,0.44,-0.88,0.0,-1.55,2.21,4.51,4.5,4.49,4.55,0.44,1.31,-0.22,-1.53,-2.84,-6.77,-7.64,-9.83,-13.1,-15.07
2020-12-07,002370,4.6,4.56,4.6,4.5,66178,30048505.0,2.18,-0.44,-0.02,1.43,0.44,1.33,2.89,0.89,0.89,-0.44,0.44,-1.11,2.67,3.78,4.53,4.51,4.49,4.54,1.75,0.22,-1.1,-2.41,-6.36,-7.24,-9.43,-12.72,-14.69,-14.04
2020-12-08,002370,4.52,4.57,4.64,4.51,55839,25624727.0,2.85,0.22,0.01,1.21,1.11,2.66,0.67,0.67,-0.67,0.22,-1.33,2.44,3.55,2.0,4.55,4.51,4.49,4.54,0.0,-1.31,-2.63,-6.56,-7.44,-9.63,-12.91,-14.88,-14.22,-12.25
2020-12-09,002370,4.53,4.51,4.57,4.51,39671,17965684.0,1.31,-1.31,-0.06,0.86,2.66,0.67,0.67,-0.67,0.22,-1.33,2.44,3.55,2.0,2.88,4.57,4.51,4.49,4.52,0.0,-1.33,-5.32,-6.21,-8.43,-11.75,-13.75,-13.08,-11.09,-14.19
2020-12-10,002370,4.51,4.45,4.51,4.42,51484,22850082.0,2.0,-1.33,-0.06,1.11,2.71,2.71,1.36,2.26,0.68,4.52,5.66,4.07,4.98,3.39,4.53,4.51,4.49,4.5,0.0,-4.04,-4.94,-7.19,-10.56,-12.58,-11.91,-9.89,-13.03,-15.51
2020-12-11,002370,4.45,4.29,4.45,4.24,73077,31738982.0,4.72,-3.6,-0.16,1.58,7.08,5.66,6.6,4.95,8.96,10.14,8.49,9.43,7.78,6.37,4.48,4.49,4.48,4.49,-0.47,-1.4,-3.73,-7.23,-9.32,-8.62,-6.53,-9.79,-12.35,-8.16
2020-12-14,002370,4.25,4.13,4.27,4.0,59504,24674464.0,6.29,-3.73,-0.16,1.28,12.0,13.0,11.25,15.5,16.75,15.0,16.0,14.25,12.75,11.25,4.39,4.46,4.47,4.48,2.42,0.0,-3.63,-5.81,-5.08,-2.91,-6.3,-8.96,-4.6,-5.08
2020-12-15,002370,4.13,4.15,4.23,4.11,38492,16046853.0,2.91,0.48,0.02,0.83,9.98,8.27,12.41,13.63,11.92,12.9,11.19,9.73,8.27,3.89,4.31,4.43,4.45,4.47,-0.48,-4.1,-6.27,-5.54,-3.37,-6.75,-9.4,-5.06,-5.54,-9.16
2020-12-16,002370,4.13,4.01,4.13,4.0,55623,22528305.0,3.13,-3.37,-0.14,1.2,11.25,15.5,16.75,15.0,16.0,14.25,12.75,11.25,6.75,5.75,4.21,4.39,4.43,4.45,-0.75,-2.99,-2.24,0.0,-3.49,-6.23,-1.75,-2.24,-5.99,-6.48
2020-12-17,002370,3.98,3.85,3.98,3.61,178600,67475213.0,9.23,-3.99,-0.16,3.86,27.98,29.36,27.42,28.53,26.59,24.93,23.27,18.28,17.17,14.4,4.09,4.31,4.4,4.43,1.04,1.82,4.16,0.52,-2.34,2.34,1.82,-2.08,-2.6,-1.82
2020-12-18,002370,3.81,3.73,3.89,3.72,84032,31983657.0,4.42,-3.12,-0.12,1.81,25.54,23.66,24.73,22.85,21.24,19.62,14.78,13.71,11.02,6.99,3.97,4.22,4.37,4.4,5.09,7.51,3.75,0.8,5.63,5.09,1.07,0.54,1.34,-0.54
2020-12-21,002370,3.78,3.86,3.92,3.68,106251,40527416.0,6.43,3.49,0.13,2.29,25.0,26.09,24.18,22.55,20.92,16.03,14.95,12.23,8.15,5.71,3.92,4.15,4.33,4.38,3.89,0.26,-2.59,2.07,1.55,-2.33,-2.85,-2.07,-3.89,-5.18
2020-12-22,002370,3.85,3.81,4.01,3.81,90135,35072042.0,5.18,-1.3,-0.05,1.95,21.78,19.95,18.37,16.8,12.07,11.02,8.4,4.46,2.1,2.89,3.85,4.08,4.3,4.35,1.57,-1.31,3.41,2.89,-1.05,-1.57,-0.79,-2.62,-3.94,-5.51
2020-12-23,002370,3.81,3.74,3.87,3.72,59091,22358822.0,3.94,-1.84,-0.07,1.28,22.85,21.24,19.62,14.78,13.71,11.02,6.99,4.57,5.38,7.8,3.8,4.0,4.26,4.33,0.53,5.35,4.81,0.8,0.27,1.07,-0.8,-2.14,-3.74,-7.75
2020-12-24,002370,3.7,3.62,3.76,3.61,68578,25064676.0,4.01,-3.21,-0.12,1.48,24.93,23.27,18.28,17.17,14.4,10.25,7.76,8.59,11.08,7.2,3.75,3.92,4.21,4.3,8.84,8.29,4.14,3.59,4.42,2.49,1.1,-0.55,-4.7,-6.08
2020-12-25,002370,3.6,3.83,3.94,3.55,116946,44366790.0,10.77,5.8,0.21,2.52,25.35,20.28,19.15,16.34,12.11,9.58,10.42,12.96,9.01,5.92,3.77,3.87,4.18,4.28,2.35,-1.57,-2.09,-1.31,-3.13,-4.44,-6.01,-9.92,-11.23,-13.84
2020-12-28,002370,3.91,3.75,3.92,3.74,69602,26378913.0,4.7,-2.09,-0.08,1.5,14.17,13.1,10.43,6.42,4.01,4.81,7.22,3.48,0.53,5.35,3.75,3.83,4.15,4.26,0.53,0.0,0.8,-1.07,-2.4,-4.0,-8.0,-9.33,-12.0,-12.8
2020-12-29,002370,3.71,3.68,3.77,3.68,56272,20940338.0,2.4,-1.87,-0.07,1.21,14.95,12.23,8.15,5.71,6.52,8.97,5.16,2.17,7.07,6.52,3.72,3.79,4.11,4.23,1.9,2.72,0.82,-0.54,-2.17,-6.25,-7.61,-10.33,-11.14,-14.13
2020-12-30,002370,3.75,3.68,3.75,3.66,38495,14204611.0,2.45,0.0,0.0,0.83,12.84,8.74,6.28,7.1,9.56,5.74,2.73,7.65,7.1,3.01,3.71,3.75,4.07,4.21,2.72,0.82,-0.54,-2.17,-6.25,-7.61,-10.33,-11.14,-14.13,-8.15
2020-12-31,002370,3.69,3.75,3.78,3.68,46003,17153756.0,2.72,1.9,0.07,0.99,8.15,5.71,6.52,8.97,5.16,2.17,7.07,6.52,2.45,1.9,3.74,3.74,4.03,4.18,-1.07,-2.4,-4.0,-8.0,-9.33,-12.0,-12.8,-15.73,-9.87,-0.8
2021-01-04,002370,3.7,3.66,3.71,3.61,81774,29759961.0,2.67,-2.4,-0.09,1.77,7.76,8.59,11.08,7.2,4.16,9.14,8.59,4.43,3.88,4.71,3.7,3.74,3.98,4.16,0.0,-1.64,-5.74,-7.1,-9.84,-10.66,-13.66,-7.65,1.64,11.75
2021-01-05,002370,3.64,3.6,3.66,3.56,68267,24532738.0,2.73,-1.64,-0.06,1.47,10.11,12.64,8.71,5.62,10.67,10.11,5.9,5.34,6.18,4.21,3.67,3.71,3.93,4.13,0.0,-4.17,-5.56,-8.33,-9.17,-12.22,-6.11,3.33,13.61,25.0
2021-01-06,002370,3.6,3.42,3.6,3.4,107811,37192947.0,5.56,-5.0,-0.18,2.33,17.94,13.82,10.59,15.88,15.29,10.88,10.29,11.18,9.12,7.65,3.62,3.67,3.88,4.09,0.88,-0.58,-3.51,-4.39,-7.6,-1.17,8.77,19.59,31.58,44.74
2021-01-07,002370,3.43,3.3,3.45,3.23,112945,37414562.0,6.43,-3.51,-0.12,2.44,19.81,16.41,21.98,21.36,16.72,16.1,17.03,14.86,13.31,11.46,3.55,3.63,3.82,4.05,3.03,0.0,-0.91,-4.24,2.42,12.73,23.94,36.36,50.0,65.15
2021-01-08,002370,3.26,3.28,3.4,3.14,85992,28128211.0,7.88,-0.61,-0.02,1.86,19.75,25.48,24.84,20.06,19.43,20.38,18.15,16.56,14.65,9.87,3.45,3.59,3.76,4.01,0.61,-0.3,-3.66,3.05,13.41,24.7,37.2,50.91,66.16,76.83
2021-01-11,002370,3.29,3.15,3.3,3.14,77793,24826213.0,4.88,-3.96,-0.13,1.68,25.48,24.84,20.06,19.43,20.38,18.15,16.56,14.65,9.87,8.28,3.35,3.53,3.7,3.96,3.81,0.32,7.3,18.1,29.84,42.86,57.14,73.02,84.13,65.08
2021-01-12,002370,3.15,3.15,3.27,3.12,57322,18216230.0,4.76,0.0,0.0,1.24,25.64,20.83,20.19,21.15,18.91,17.31,15.38,10.58,8.97,5.77,3.26,3.47,3.65,3.92,0.32,7.3,18.1,29.84,42.86,57.14,73.02,84.13,65.08,38.73
2021-01-13,002370,3.15,3.07,3.16,3.02,66169,20279923.0,4.44,-2.54,-0.08,1.43,24.83,24.17,25.17,22.85,21.19,19.21,14.24,12.58,9.27,8.28,3.19,3.41,3.6,3.87,10.1,21.17,33.22,46.58,61.24,77.52,88.93,69.38,42.35,35.5
2021-01-14,002370,3.36,3.38,3.38,3.36,55237,18645879.0,0.65,10.1,0.31,1.19,11.61,12.5,10.42,8.93,7.14,2.68,1.19,-1.79,-2.68,-5.95,3.21,3.38,3.57,3.84,10.06,21.01,33.14,46.45,61.24,71.6,53.85,29.29,23.08,18.93
2021-01-15,002370,3.72,3.72,3.72,3.72,32231,11989958.0,0.0,10.06,0.34,0.7,1.61,-0.27,-1.61,-3.23,-7.26,-8.6,-11.29,-12.1,-15.05,-9.14,3.29,3.37,3.56,3.81,9.95,20.97,33.06,46.51,55.91,39.78,17.47,11.83,8.06,3.76
2021-01-18,002370,3.8,4.09,4.09,3.72,470595,185509138.0,9.95,9.95,0.37,10.16,-0.27,-1.61,-3.23,-7.26,-8.6,-11.29,-12.1,-15.05,-9.14,0.0,3.48,3.42,3.58,3.79,10.02,21.03,33.25,41.81,27.14,6.85,1.71,-1.71,-5.62,-12.96
2021-01-19,002370,4.29,4.5,4.5,3.9,380055,161579320.0,14.67,10.02,0.41,8.2,-6.15,-7.69,-11.54,-12.82,-15.38,-16.15,-18.97,-13.33,-4.62,4.87,3.75,3.51,3.61,3.79,10.0,21.11,28.89,15.56,-2.89,-7.56,-10.67,-14.22,-20.89,-20.89
2021-01-20,002370,4.63,4.95,4.95,4.51,319437,155738776.0,9.78,10.0,0.45,6.9,-20.18,-23.5,-24.61,-26.83,-27.49,-29.93,-25.06,-17.52,-9.31,-0.22,4.13,3.66,3.67,3.8,10.1,17.17,5.05,-11.72,-15.96,-18.79,-22.02,-28.08,-28.08,-29.9
2021-01-21,002370,5.43,5.45,5.45,5.22,236184,128204910.0,4.65,10.1,0.5,5.1,-33.91,-34.87,-36.78,-37.36,-39.46,-35.25,-28.74,-21.65,-13.79,-5.17,4.54,3.87,3.75,3.84,6.42,-4.59,-19.82,-23.67,-26.24,-29.17,-34.68,-34.68,-36.33,-36.88
2021-01-22,002370,5.8,4.91,5.8,4.91,811288,418499136.0,16.33,-9.91,-0.54,17.51,-30.75,-32.79,-33.4,-35.64,-31.16,-24.24,-16.7,-8.35,0.81,11.0,4.78,4.04,3.82,3.85,5.91,-11.0,-15.27,-18.13,-21.38,-27.49,-27.49,-29.33,-29.94,-26.88
2021-01-25,002370,4.42,4.68,5.2,4.42,606851,283462624.0,15.89,-4.68,-0.23,13.1,-25.34,-26.02,-28.51,-23.53,-15.84,-7.47,1.81,11.99,23.3,31.22,4.9,4.19,3.86,3.86,-6.62,-11.11,-14.1,-17.52,-23.93,-23.93,-25.85,-26.5,-23.29,-26.28
2021-01-26,002370,4.3,4.21,4.37,4.21,325139,137677001.0,3.42,-10.04,-0.47,7.02,-22.33,-24.94,-19.71,-11.64,-2.85,6.89,17.58,29.45,37.77,23.52,4.84,4.3,3.88,3.87,-1.19,-4.51,-8.31,-15.44,-15.44,-17.58,-18.29,-14.73,-18.05,-23.04
2021-01-27,002370,4.0,3.83,4.16,3.79,596618,233601761.0,8.79,-9.03,-0.38,12.88,-16.62,-10.82,-1.85,7.92,18.73,30.61,43.8,53.03,37.2,15.3,4.62,4.37,3.89,3.86,4.96,0.78,-7.05,-7.05,-9.4,-10.18,-6.27,-9.92,-15.4,-12.79
2021-01-28,002370,3.85,3.8,4.02,3.56,469945,178861693.0,12.01,-0.78,-0.03,10.14,-5.06,4.49,14.89,26.4,39.04,53.09,62.92,46.07,22.75,16.85,4.29,4.41,3.9,3.85,1.58,-6.32,-6.32,-8.68,-9.47,-5.53,-9.21,-14.74,-12.11,-6.32
2021-01-29,002370,3.76,3.56,3.86,3.47,362149,131979272.0,10.26,-6.32,-0.24,7.82,7.2,17.87,29.68,42.65,57.06,67.15,49.86,25.94,19.88,15.85,4.02,4.4,3.89,3.84,0.0,0.0,-2.53,-3.37,0.84,-3.09,-8.99,-6.18,0.0,3.93
2021-02-01,002370,3.51,3.46,3.56,3.36,298279,102532765.0,5.62,-2.81,-0.1,6.44,21.73,33.93,47.32,62.2,72.62,54.76,30.06,23.81,19.64,14.88,3.77,4.33,3.88,3.83,2.89,0.29,-0.58,3.76,-0.29,-6.36,-3.47,2.89,6.94,11.27
2021-02-02,002370,3.45,3.53,3.56,3.39,261051,91015834.0,4.91,2.02,0.07,5.64,32.74,46.02,60.77,71.09,53.39,28.91,22.71,18.58,13.86,5.01,3.64,4.24,3.87,3.82,-1.7,-2.55,1.7,-2.27,-8.22,-5.38,0.85,4.82,9.07,6.23
2021-02-03,002370,3.41,3.36,3.47,3.31,227812,77345713.0,4.53,-4.82,-0.17,4.92,49.55,64.65,75.23,57.1,32.02,25.68,21.45,16.62,7.55,7.55,3.54,4.08,3.87,3.8,2.38,6.85,2.68,-3.57,-0.6,5.95,10.12,14.58,11.61,11.01
2021-02-04,002370,3.31,3.38,3.44,3.17,310489,101957484.0,8.04,0.6,0.02,6.7,71.92,82.97,64.04,37.85,31.23,26.81,21.77,12.3,12.3,9.46,3.46,3.87,3.87,3.79,6.21,2.07,-4.14,-1.18,5.33,9.47,13.91,10.95,10.36,8.28
2021-02-05,002370,3.33,3.43,3.59,3.3,345095,119292287.0,8.58,1.48,0.05,7.45,75.76,57.58,32.42,26.06,21.82,16.97,7.88,7.88,5.15,4.24,3.43,3.72,3.88,3.79,0.58,-5.54,-2.62,3.79,7.87,12.24,9.33,8.75,6.71,7.0
2021-02-08,002370,3.41,3.2,3.45,3.18,260442,84843078.0,7.87,-6.71,-0.23,5.62,63.52,37.42,30.82,26.42,21.38,11.95,11.95,9.12,8.18,12.89,3.38,3.58,3.88,3.76,1.25,4.37,11.25,15.62,20.31,17.19,16.56,14.38,14.69,23.44
2021-02-09,002370,3.18,3.19,3.24,3.11,203585,64682152.0,4.06,-0.31,-0.01,4.39,40.51,33.76,29.26,24.12,14.47,14.47,11.58,10.61,15.43,10.93,3.31,3.47,3.89,3.75,4.7,11.6,15.99,20.69,17.55,16.93,14.73,15.05,23.82,30.41
2021-02-10,002370,3.18,3.24,3.34,3.16,176870,57721535.0,5.64,1.57,0.05,3.82,31.65,27.22,22.15,12.66,12.66,9.81,8.86,13.61,9.18,2.53,3.29,3.41,3.89,3.73,9.88,14.2,18.83,15.74,15.12,12.96,13.27,21.91,28.4,16.67
2021-02-18,002370,3.25,3.56,3.56,3.25,224712,78179462.0,9.57,9.88,0.32,4.85,23.69,18.77,9.54,9.54,6.77,5.85,10.46,6.15,-0.31,2.77,3.32,3.39,3.9,3.73,3.93,8.15,5.34,4.78,2.81,3.09,10.96,16.85,6.18,6.46
2021-02-19,002370,3.63,3.62,3.7,3.5,319469,114829148.0,5.62,1.69,0.06,6.9,10.29,1.71,1.71,-0.86,-1.71,2.57,-1.43,-7.43,-4.57,1.71,3.36,3.4,3.9,3.72,6.35,3.59,3.04,1.1,1.38,9.12,14.92,4.42,4.7,3.04
2021-02-22,002370,3.63,3.7,3.85,3.63,311979,116685159.0,6.08,2.21,0.08,6.73,-1.93,-1.93,-4.41,-5.23,-1.1,-4.96,-10.74,-7.99,-1.93,1.93,3.46,3.42,3.88,3.72,1.35,0.81,-1.08,-0.81,6.76,12.43,2.16,2.43,0.81,3.51
2021-02-23,002370,3.66,3.57,3.75,3.55,196250,71015164.0,5.41,-3.51,-0.13,4.24,0.28,-2.25,-3.1,1.13,-2.82,-8.73,-5.92,0.28,4.23,8.45,3.54,3.42,3.83,3.72,4.48,2.52,2.8,10.64,16.53,5.88,6.16,4.48,7.28,4.2
2021-02-24,002370,3.57,3.61,3.73,3.53,168695,61354114.0,5.6,1.12,0.04,3.64,-1.7,-2.55,1.7,-2.27,-8.22,-5.38,0.85,4.82,9.07,6.23,3.61,3.45,3.76,3.73,1.39,1.66,9.42,15.24,4.71,4.99,3.32,6.09,3.05,-1.94
2021-02-25,002370,3.65,3.56,3.66,3.5,136813,48834783.0,4.43,-1.39,-0.05,2.95,-1.71,2.57,-1.43,-7.43,-4.57,1.71,5.71,10.0,7.14,6.57,3.61,3.47,3.67,3.74,3.09,10.96,16.85,6.18,6.46,4.78,7.58,4.49,-0.56,3.37
2021-02-26,002370,3.52,3.59,3.67,3.49,149166,53551218.0,5.06,0.84,0.03,3.22,2.87,-1.15,-7.16,-4.3,2.01,6.02,10.32,7.45,6.88,4.87,3.61,3.48,3.6,3.75,10.03,15.88,5.29,5.57,3.9,6.69,3.62,-1.39,2.51,1.95
2021-03-01,002370,3.73,3.95,3.95,3.65,175457,67066361.0,8.36,10.03,0.36,3.79,-5.48,-11.23,-8.49,-2.47,1.37,5.48,2.74,2.19,0.27,0.55,3.66,3.56,3.57,3.78,5.32,-4.3,-4.05,-5.57,-3.04,-5.82,-10.38,-6.84,-7.34,-8.61
2021-03-02,002370,4.16,3.73,4.16,3.71,413476,159974934.0,11.39,-5.57,-0.22,8.93,-12.67,-9.97,-4.04,-0.27,3.77,1.08,0.54,-1.35,-1.08,6.47,3.69,3.61,3.54,3.79,1.34,1.61,0.0,2.68,-0.27,-5.09,-1.34,-1.88,-3.22,-1.34
2021-03-03,002370,3.62,3.74,3.78,3.61,216697,79772893.0,4.56,0.27,0.01,4.68,-7.48,-1.39,2.49,6.65,3.88,3.32,1.39,1.66,9.42,15.24,3.71,3.66,3.54,3.82,1.34,-0.27,2.41,-0.53,-5.35,-1.6,-2.14,-3.48,-1.6,0.0
2021-03-04,002370,3.69,3.63,3.79,3.63,184809,68088152.0,4.28,-2.94,-0.11,3.99,-1.93,1.93,6.06,3.31,2.75,0.83,1.1,8.82,14.6,4.13,3.73,3.67,3.53,3.83,2.75,5.51,2.48,-2.48,1.38,0.83,-0.55,1.38,3.03,1.65
2021-03-05,002370,3.65,3.7,3.73,3.64,152643,56292703.0,2.48,1.93,0.07,3.29,1.65,5.77,3.02,2.47,0.55,0.82,8.52,14.29,3.85,4.12,3.75,3.68,3.54,3.82,3.51,0.54,-4.32,-0.54,-1.08,-2.43,-0.54,1.08,-0.27,2.7
2021-03-08,002370,3.68,3.74,3.83,3.66,173234,64718701.0,4.59,1.08,0.04,3.74,5.19,2.46,1.91,0.0,0.27,7.92,13.66,3.28,3.55,1.91,3.71,3.68,3.55,3.81,-0.53,-5.35,-1.6,-2.14,-3.48,-1.6,0.0,-1.34,1.6,1.6
2021-03-09,002370,3.71,3.52,3.72,3.4,204625,72431015.0,8.56,-5.88,-0.22,4.42,10.29,9.71,7.65,7.94,16.18,22.35,11.18,11.47,9.71,12.65,3.67,3.68,3.55,3.78,0.57,4.55,3.98,2.56,4.55,6.25,4.83,7.95,7.95,10.8
2021-03-10,002370,3.52,3.42,3.54,3.37,147379,50608417.0,4.83,-2.84,-0.1,3.18,10.68,8.61,8.9,17.21,23.44,12.17,12.46,10.68,13.65,10.39,3.6,3.66,3.55,3.73,7.6,7.02,5.56,7.6,9.36,7.89,11.11,11.11,14.04,10.82
2021-03-11,002370,3.42,3.6,3.68,3.41,177513,62869660.0,7.89,5.26,0.18,3.83,7.33,7.62,15.84,21.99,10.85,11.14,9.38,12.32,9.09,3.81,3.6,3.66,3.57,3.67,1.67,0.28,2.22,3.89,2.5,5.56,5.56,8.33,5.28,3.89
2021-03-12,002370,3.59,3.58,3.66,3.55,126456,45593189.0,3.06,-0.56,-0.02,2.73,3.38,11.27,17.18,6.48,6.76,5.07,7.89,4.79,-0.28,3.66,3.57,3.66,3.57,3.62,0.84,2.79,4.47,3.07,6.15,6.15,8.94,5.87,4.47,2.79
2021-03-15,002370,3.52,3.56,3.61,3.47,102698,36485448.0,3.91,-0.56,-0.02,2.22,13.83,19.88,8.93,9.22,7.49,10.37,7.2,2.02,6.05,5.48,3.54,3.62,3.59,3.59,3.37,5.06,3.65,6.74,6.74,9.55,6.46,5.06,3.37,12.08
2021-03-16,002370,3.56,3.67,3.68,3.53,142478,51508076.0,4.21,3.09,0.11,3.08,17.85,7.08,7.37,5.67,8.5,5.38,0.28,4.25,3.68,2.27,3.57,3.62,3.61,3.57,1.91,0.54,3.54,3.54,6.27,3.27,1.91,0.27,8.72,19.62
2021-03-17,002370,3.66,3.69,3.74,3.62,141058,51954516.0,3.27,0.54,0.02,3.04,4.42,4.7,3.04,5.8,2.76,-2.21,1.66,1.1,-0.28,1.66,3.62,3.61,3.64,3.56,0.0,2.98,2.98,5.69,2.71,1.36,-0.27,8.13,18.97,30.89
2021-03-18,002370,3.69,3.6,3.69,3.59,125424,45450802.0,2.71,-2.44,-0.09,2.71,5.57,3.9,6.69,3.62,-1.39,2.51,1.95,0.56,2.51,4.18,3.62,3.61,3.64,3.56,5.56,5.56,8.33,5.28,3.89,2.22,10.83,21.94,34.17,17.5
2021-03-19,002370,3.57,3.69,3.8,3.55,248636,92072923.0,6.94,2.5,0.09,5.37,5.07,7.89,4.79,-0.28,3.66,3.1,1.69,3.66,5.35,3.94,3.64,3.61,3.64,3.56,2.98,5.69,2.71,1.36,-0.27,8.13,18.97,30.89,14.63,8.4
2021-03-22,002370,3.67,3.72,3.8,3.67,165163,61521974.0,3.52,0.81,0.03,3.57,4.36,1.36,-3.54,0.27,-0.27,-1.63,0.27,1.91,0.54,3.54,3.67,3.6,3.64,3.57,4.84,1.88,0.54,-1.08,7.26,18.01,29.84,13.71,7.53,6.72
2021-03-23,002370,3.71,3.8,3.9,3.69,271066,103059170.0,5.65,2.15,0.08,5.85,0.81,-4.07,-0.27,-0.81,-2.17,-0.27,1.36,0.0,2.98,2.98,3.7,3.63,3.66,3.58,-0.26,-1.58,-3.16,5.0,15.53,27.11,11.32,5.26,4.47,8.42
2021-03-24,002370,3.75,3.67,3.79,3.58,196706,72772782.0,5.53,-3.42,-0.13,4.25,-1.12,2.79,2.23,0.84,2.79,4.47,3.07,6.15,6.15,8.94,3.7,3.66,3.66,3.59,1.91,0.27,8.72,19.62,31.61,15.26,8.99,8.17,12.26,9.81
2021-03-25,002370,3.71,3.61,3.74,3.6,160372,58593031.0,3.81,-1.63,-0.06,3.46,2.22,1.67,0.28,2.22,3.89,2.5,5.56,5.56,8.33,5.28,3.7,3.66,3.66,3.6,1.94,10.53,21.61,33.8,17.17,10.8,9.97,14.13,11.63,13.3
2021-03-26,002370,3.6,3.63,3.68,3.58,122564,44434577.0,2.77,0.55,0.02,2.65,2.23,0.84,2.79,4.47,3.07,6.15,6.15,8.94,5.87,4.47,3.69,3.66,3.66,3.6,9.92,20.94,33.06,16.53,10.19,9.37,13.5,11.02,12.67,9.37
2021-03-29,002370,3.7,3.99,3.99,3.7,237912,93381706.0,7.99,9.92,0.36,5.14,-2.43,-0.54,1.08,-0.27,2.7,2.7,5.41,2.43,1.08,-0.54,3.74,3.71,3.66,3.63,10.03,21.05,6.02,0.25,-0.5,3.26,1.0,2.51,-0.5,-1.5
2021-03-30,002370,4.0,4.39,4.39,3.93,321060,134039769.0,11.53,10.03,0.4,6.93,-6.36,-4.83,-6.11,-3.31,-3.31,-0.76,-3.56,-4.83,-6.36,1.53,3.86,3.78,3.7,3.67,10.02,-3.64,-8.88,-9.57,-6.15,-8.2,-6.83,-9.57,-10.48,-11.16
2021-03-31,002370,4.5,4.13,4.83,4.11,746346,327572064.0,16.4,-5.92,-0.26,16.11,-9.0,-10.22,-7.54,-7.54,-5.11,-7.79,-9.0,-10.46,-2.92,6.81,3.95,3.82,3.72,3.7,2.42,-3.15,-3.87,-0.24,-2.42,-0.97,-3.87,-4.84,-5.57,-5.08
2021-04-01,002370,4.15,3.99,4.23,3.9,437121,174530657.0,7.99,-3.39,-0.14,9.43,-5.38,-2.56,-2.56,0.0,-2.82,-4.1,-5.64,2.31,12.56,23.85,4.03,3.86,3.74,3.71,0.25,-0.5,3.26,1.0,2.51,-0.5,-1.5,-2.26,-1.75,3.26
2021-04-02,002370,3.93,3.9,4.0,3.88,297416,116470544.0,3.01,-2.26,-0.09,6.42,-2.06,-2.06,0.52,-2.32,-3.61,-5.15,2.84,13.14,24.48,9.02,4.08,3.88,3.75,3.72,1.79,5.64,3.33,4.87,1.79,0.77,0.0,0.51,5.64,12.56
2021-04-06,002370,3.86,3.97,3.97,3.78,265519,103742775.0,4.87,1.79,0.07,5.73,0.53,3.17,0.26,-1.06,-2.65,5.56,16.14,27.78,11.9,5.82,4.08,3.91,3.76,3.73,3.78,1.51,3.02,0.0,-1.01,-1.76,-1.26,3.78,10.58,10.58
2021-04-07,002370,3.93,4.03,4.12,3.86,308592,122339176.0,6.55,1.51,0.06,6.66,1.04,-1.81,-3.11,-4.66,3.37,13.73,25.13,9.59,3.63,2.85,4.0,3.93,3.78,3.75,0.0,1.49,-1.49,-2.48,-3.23,-2.73,2.23,8.93,8.93,6.45
2021-04-08,002370,4.03,3.9,4.03,3.89,212579,83795457.0,3.47,-3.23,-0.13,4.59,-2.57,-3.86,-5.4,2.57,12.85,24.16,8.74,2.83,2.06,5.91,3.96,3.95,3.81,3.76,4.87,1.79,0.77,0.0,0.51,5.64,12.56,12.56,10.0,7.95
2021-04-09,002370,3.87,3.96,4.09,3.85,229129,90605329.0,6.15,1.54,0.06,4.95,-2.86,-4.42,3.64,14.03,25.45,9.87,3.9,3.12,7.01,4.68,3.95,3.99,3.82,3.77,0.25,-0.76,-1.52,-1.01,4.04,10.86,10.86,8.33,6.31,3.79
2021-04-12,002370,3.93,3.94,3.97,3.87,149174,58438813.0,2.53,-0.51,-0.02,3.22,-4.91,3.1,13.44,24.81,9.3,3.36,2.58,6.46,4.13,5.68,3.96,4.02,3.84,3.78,-0.25,-1.02,-0.51,4.57,11.42,11.42,8.88,6.85,4.31,11.17
2021-04-13,002370,3.9,3.83,3.93,3.83,140452,54297379.0,2.54,-2.79,-0.11,3.03,4.18,14.62,26.11,10.44,4.44,3.66,7.57,5.22,6.79,3.66,3.93,4.0,3.86,3.78,1.83,2.35,7.57,14.62,14.62,12.01,9.92,7.31,14.36,22.72
2021-04-14,002370,3.81,3.89,3.9,3.69,194216,73744765.0,5.48,1.57,0.06,4.19,18.97,30.89,14.63,8.4,7.59,11.65,9.21,10.84,7.59,6.5,3.9,3.95,3.87,3.78,0.77,5.91,12.85,12.85,10.28,8.23,5.66,12.6,20.82,13.37
2021-04-15,002370,3.84,3.88,3.92,3.82,113959,44045932.0,2.57,-0.26,-0.01,2.46,26.44,10.73,4.71,3.93,7.85,5.5,7.07,3.93,2.88,2.09,3.9,3.93,3.88,3.79,6.19,13.14,13.14,10.57,8.51,5.93,12.89,21.13,13.66,7.73
2021-04-16,002370,3.86,4.07,4.12,3.85,350018,140503053.0,6.96,4.9,0.19,7.55,9.87,3.9,3.12,7.01,4.68,6.23,3.12,2.08,1.3,1.82,3.92,3.94,3.9,3.8,7.86,7.86,5.41,3.44,0.98,7.62,15.48,8.35,2.7,3.19
2021-04-19,002370,4.06,4.27,4.39,4.03,456970,194730377.0,8.85,4.91,0.2,9.86,-0.74,-1.49,2.23,0.0,1.49,-1.49,-2.48,-3.23,-2.73,2.23,3.99,3.97,3.93,3.82,2.81,0.47,-1.41,-3.75,2.58,10.07,3.28,-2.11,-1.64,-2.58
2021-04-20,002370,4.28,4.2,4.39,4.19,345135,147467661.0,4.68,-1.64,-0.07,7.45,-5.25,-1.67,-3.82,-2.39,-5.25,-6.21,-6.92,-6.44,-1.67,4.77,4.06,4.0,3.95,3.84,2.14,0.24,-2.14,4.29,11.9,5.0,-0.48,0.0,-0.95,-2.38
2021-04-21,002370,4.25,4.18,4.29,4.14,222664,93402445.0,3.57,-0.48,-0.02,4.81,-0.48,-2.66,-1.21,-4.11,-5.07,-5.8,-5.31,-0.48,6.04,6.04,4.12,4.01,3.97,3.86,0.72,-1.67,4.78,12.44,5.5,0.0,0.48,-0.48,-1.91,-2.39
2021-04-22,002370,4.18,4.13,4.21,4.09,176617,73143009.0,2.87,-1.2,-0.05,3.81,-1.47,0.0,-2.93,-3.91,-4.65,-4.16,0.73,7.33,7.33,4.89,4.17,4.03,3.99,3.88,-0.48,6.05,13.8,6.78,1.21,1.69,0.73,-0.73,-1.21,-4.12
2021-04-23,002370,4.07,3.98,4.11,3.97,200941,80681432.0,3.39,-3.63,-0.15,4.34,3.02,0.0,-1.01,-1.76,-1.26,3.78,10.58,10.58,8.06,6.05,4.15,4.04,4.01,3.9,10.05,18.09,10.8,5.03,5.53,4.52,3.02,2.51,-0.5,1.01
2021-04-26,002370,4.13,4.38,4.38,4.1,303191,129242119.0,7.04,10.05,0.4,6.54,-3.17,-4.15,-4.88,-4.39,0.49,7.07,7.07,4.63,2.68,0.24,4.17,4.08,4.05,3.92,7.31,0.68,-4.57,-4.11,-5.02,-6.39,-6.85,-9.59,-8.22,-2.97
2021-04-27,002370,4.5,4.49,4.7,4.16,773111,342691152.0,12.33,2.51,0.11,16.69,-5.53,-6.25,-5.77,-0.96,5.53,5.53,3.12,1.2,-1.2,5.29,4.23,4.15,4.08,3.95,-1.78,-6.9,-6.46,-7.35,-8.69,-9.13,-11.8,-10.47,-5.35,-7.35
2021-04-28,002370,4.32,4.25,4.41,4.19,420126,180150393.0,4.9,-5.35,-0.24,9.07,-6.92,-6.44,-1.67,4.77,4.77,2.39,0.48,-1.91,4.53,12.17,4.25,4.18,4.07,3.97,-1.65,-1.18,-2.12,-3.53,-4.0,-6.82,-5.41,0.0,-2.12,-4.71
2021-04-29,002370,4.05,4.05,4.18,4.01,344161,140326744.0,4.0,-4.71,-0.2,7.43,-2.24,2.74,9.48,9.48,6.98,4.99,2.49,9.23,17.21,9.98,4.23,4.2,4.06,3.98,3.7,2.72,1.23,0.74,-2.22,-0.74,4.94,2.72,0.0,-0.74
2021-04-30,002370,4.02,4.08,4.2,3.93,260621,106860826.0,6.67,0.74,0.03,5.63,4.83,11.7,11.7,9.16,7.12,4.58,11.45,19.59,12.21,6.36,4.25,4.2,4.07,4.0,1.96,0.49,0.0,-2.94,-1.47,4.17,1.96,-0.74,-1.47,0.0
2021-05-06,002370,4.09,4.01,4.16,3.98,229152,92878729.0,4.41,-1.72,-0.07,4.95,10.3,10.3,7.79,5.78,3.27,10.05,18.09,10.8,5.03,5.53,4.18,4.17,4.07,4.01,2.24,1.75,-1.25,0.25,5.99,3.74,1.0,0.25,1.75,-0.5
2021-05-07,002370,3.98,4.02,4.1,3.88,223392,88791602.0,5.49,0.25,0.01,4.82,13.14,10.57,8.51,5.93,12.89,21.13,13.66,7.73,8.25,7.22,4.08,4.16,4.08,4.02,1.49,-1.49,0.0,5.72,3.48,0.75,0.0,1.49,-0.75,0.5
2021-05-10,002370,4.0,3.93,4.08,3.91,203627,80820431.0,4.23,-2.24,-0.09,4.4,9.72,7.67,5.12,12.02,20.2,12.79,6.91,7.42,6.39,4.86,4.02,4.13,4.07,4.03,0.76,2.29,8.14,5.85,3.05,2.29,3.82,1.53,2.8,1.78
2021-05-11,002370,3.89,3.96,3.96,3.81,181936,70685399.0,3.82,0.76,0.03,3.93,10.5,7.87,14.96,23.36,15.75,9.71,10.24,9.19,7.61,7.09,4.0,4.11,4.08,4.03,1.52,7.32,5.05,2.27,1.52,3.03,0.76,2.02,1.01,1.26
2021-05-12,002370,3.94,4.02,4.02,3.9,126370,50069750.0,3.03,1.52,0.06,2.73,5.38,12.31,20.51,13.08,7.18,7.69,6.67,5.13,4.62,1.54,3.99,4.12,4.08,4.05,5.72,3.48,0.75,0.0,1.49,-0.75,0.5,-0.5,-0.25,8.96
2021-05-13,002370,4.01,4.1,4.25,3.99,288616,119584476.0,6.47,1.99,0.08,6.23,9.77,17.79,10.53,4.76,5.26,4.26,2.76,2.26,-0.75,0.75,4.01,4.09,4.09,4.06,1.46,-1.22,-1.95,-0.49,-2.68,-1.46,-2.44,-2.2,6.83,2.93
2021-05-14,002370,4.1,4.04,4.16,4.03,187259,76267160.0,3.17,-1.46,-0.06,4.04,16.63,9.43,3.72,4.22,3.23,1.74,1.24,-1.74,-0.25,5.46,4.01,4.05,4.1,4.07,0.25,-0.5,0.99,-1.24,0.0,-0.99,-0.74,8.42,4.46,3.71
2021-05-17,002370,4.04,3.95,4.05,3.94,128432,50942845.0,2.72,-2.23,-0.09,2.77,11.93,6.09,6.6,5.58,4.06,3.55,0.51,2.03,7.87,5.58,4.01,4.02,4.1,4.05,1.77,3.29,1.01,2.28,1.27,1.52,10.89,6.84,6.08,9.62
2021-05-18,002370,3.95,4.01,4.02,3.92,94465,37489059.0,2.53,1.52,0.06,2.04,6.63,7.14,6.12,4.59,4.08,1.02,2.55,8.42,6.12,3.32,4.02,4.01,4.11,4.05,1.75,-0.5,0.75,-0.25,0.0,9.23,5.24,4.49,7.98,12.72
2021-05-19,002370,4.02,3.95,4.08,3.94,115554,46042254.0,3.49,-1.5,-0.06,2.49,6.6,5.58,4.06,3.55,0.51,2.03,7.87,5.58,2.79,2.03,4.01,4.0,4.1,4.05,1.01,2.28,1.27,1.52,10.89,6.84,6.08,9.62,14.43,14.43
2021-05-20,002370,3.95,3.95,3.99,3.92,79498,31438252.0,1.77,0.0,0.0,1.72,6.12,4.59,4.08,1.02,2.55,8.42,6.12,3.32,2.55,4.08,3.98,3.99,4.08,4.05,2.28,1.27,1.52,10.89,6.84,6.08,9.62,14.43,14.43,11.39
2021-05-21,002370,3.95,3.99,4.04,3.93,93695,37260705.0,2.78,1.01,0.04,2.02,4.33,3.82,0.76,2.29,8.14,5.85,3.05,2.29,3.82,1.53,3.97,3.99,4.07,4.05,0.25,0.5,9.77,5.76,5.01,8.52,13.28,13.28,10.28,8.77
2021-05-24,002370,3.97,3.98,4.0,3.95,75283,29899432.0,1.25,-0.25,-0.01,1.62,3.29,0.25,1.77,7.59,5.32,2.53,1.77,3.29,1.01,2.28,3.98,3.99,4.06,4.05,0.75,10.05,6.03,5.28,8.79,13.57,13.57,10.55,9.05,14.32
2021-05-25,002370,3.95,3.98,4.01,3.94,102634,40825250.0,1.76,0.0,0.0,2.22,0.51,2.03,7.87,5.58,2.79,2.03,3.55,1.27,2.54,1.52,3.97,4.0,4.06,4.05,10.05,6.03,5.28,8.79,13.57,13.57,10.55,9.05,14.32,15.08
2021-05-26,002370,3.99,4.16,4.38,3.97,335821,140091256.0,10.3,4.52,0.18,7.25,1.26,7.05,4.79,2.02,1.26,2.77,0.5,1.76,0.76,1.01,4.01,4.01,4.07,4.06,1.44,0.72,4.09,8.65,8.65,5.77,4.33,9.38,10.1,8.65
2021-05-27,002370,4.1,4.19,4.22,4.06,212841,88384244.0,3.85,0.72,0.03,4.59,4.68,2.46,-0.25,-0.99,0.49,-1.72,-0.49,-1.48,-1.23,7.88,4.06,4.02,4.06,4.06,0.0,3.34,7.88,7.88,5.01,3.58,8.59,9.31,7.88,5.97
2021-05-28,002370,4.16,4.1,4.19,4.08,171814,70818368.0,2.63,-2.15,-0.09,3.71,1.96,-0.74,-1.47,0.0,-2.21,-0.98,-1.96,-1.72,7.35,3.43,4.08,4.03,4.04,4.07,5.61,10.24,10.24,7.32,5.85,10.98,11.71,10.24,8.29,7.56
2021-05-31,002370,4.12,4.28,4.33,4.11,274274,116549161.0,5.37,4.39,0.18,5.92,-1.46,-2.19,-0.73,-2.92,-1.7,-2.68,-2.43,6.57,2.68,1.95,4.14,4.06,4.04,4.09,5.61,5.61,2.8,1.4,6.31,7.01,5.61,3.74,3.04,5.61
2021-06-01,002370,4.3,4.51,4.52,4.28,375277,165671191.0,5.61,5.37,0.23,8.1,-6.07,-4.67,-6.78,-5.61,-6.54,-6.31,2.34,-1.4,-2.1,1.17,4.25,4.11,4.06,4.11,0.22,-2.44,-3.77,0.89,1.55,0.22,-1.55,-2.22,0.22,-2.0
2021-06-02,002370,4.48,4.38,4.52,4.33,293142,129405876.0,4.21,-2.88,-0.13,6.33,-5.77,-7.85,-6.7,-7.62,-7.39,1.15,-2.54,-3.23,0.0,4.39,4.29,4.15,4.08,4.12,0.46,-0.91,3.88,4.57,3.2,1.37,0.68,3.2,0.91,-1.6
2021-06-03,002370,4.35,4.3,4.4,4.29,146293,63393602.0,2.51,-1.83,-0.08,3.16,-6.99,-5.83,-6.76,-6.53,2.1,-1.63,-2.33,0.93,5.36,5.36,4.31,4.19,4.09,4.12,0.93,5.81,6.51,5.12,3.26,2.56,5.12,2.79,0.23,0.23
2021-06-04,002370,4.29,4.24,4.34,4.21,135328,57625947.0,3.02,-1.4,-0.06,2.92,-4.04,-4.99,-4.75,4.04,0.24,-0.48,2.85,7.36,7.36,4.51,4.34,4.21,4.1,4.12,7.31,8.02,6.6,4.72,4.01,6.6,4.25,1.65,1.65,10.61
2021-06-07,002370,4.29,4.55,4.55,4.23,261434,115721691.0,7.55,7.31,0.31,5.64,-5.44,-5.2,3.55,-0.24,-0.95,2.36,6.86,6.86,4.02,2.6,4.4,4.27,4.13,4.13,0.66,-0.66,-2.42,-3.08,-0.66,-2.86,-5.27,-5.27,3.08,2.64
2021-06-08,002370,4.56,4.42,4.58,4.4,178168,79531526.0,3.96,-2.86,-0.13,3.85,-8.86,-0.45,-4.09,-4.77,-1.59,2.73,2.73,0.0,-1.36,3.41,4.38,4.31,4.16,4.14,2.26,0.45,-0.23,2.26,0.0,-2.49,-2.49,6.11,5.66,4.52
2021-06-09,002370,4.41,4.43,4.52,4.35,146475,64742801.0,3.85,0.23,0.01,3.16,0.69,-2.99,-3.68,-0.46,3.91,3.91,1.15,-0.23,4.6,5.29,4.39,4.34,4.18,4.16,0.23,-0.45,2.03,-0.23,-2.71,-2.71,5.87,5.42,4.29,5.42
2021-06-10,002370,4.4,4.4,4.44,4.35,104108,45670740.0,2.03,-0.68,-0.03,2.25,-2.99,-3.68,-0.46,3.91,3.91,1.15,-0.23,4.6,5.29,3.91,4.41,4.36,4.19,4.16,0.23,2.73,0.45,-2.05,-2.05,6.59,6.14,5.0,6.14,11.36
2021-06-11,002370,4.41,4.29,4.41,4.26,100704,43498032.0,3.41,-2.5,-0.11,2.17,-1.64,1.64,6.1,6.1,3.29,1.88,6.81,7.51,6.1,4.23,4.42,4.38,4.2,4.15,5.36,3.03,0.47,0.47,9.32,8.86,7.69,8.86,14.22,16.55
2021-06-15,002370,4.28,4.42,4.52,4.26,147497,64953261.0,6.06,3.03,0.13,3.18,1.64,6.1,6.1,3.29,1.88,6.81,7.51,6.1,4.23,3.52,4.39,4.39,4.23,4.16,0.0,-2.49,-2.49,6.11,5.66,4.52,5.66,10.86,13.12,12.67
2021-06-16,002370,4.41,4.29,4.42,4.27,90439,39216284.0,3.39,-2.94,-0.13,1.95,5.85,5.85,3.04,1.64,6.56,7.26,5.85,3.98,3.28,5.85,4.37,4.37,4.24,4.16,0.47,0.47,9.32,8.86,7.69,8.86,14.22,16.55,16.08,25.64
2021-06-17,002370,4.28,4.24,4.31,4.17,111518,47114210.0,3.26,-1.17,-0.05,2.41,8.39,5.52,4.08,9.11,9.83,8.39,6.47,5.76,8.39,6.0,4.33,4.36,4.26,4.17,1.65,10.61,10.14,8.96,10.14,15.57,17.92,17.45,27.12,26.89
2021-06-18,002370,4.23,4.26,4.31,4.16,79508,33716961.0,3.54,0.47,0.02,1.72,5.77,4.33,9.38,10.1,8.65,6.73,6.01,8.65,6.25,3.61,4.3,4.35,4.27,4.18,10.09,9.62,8.45,9.62,15.02,17.37,16.9,26.53,26.29,21.83
2021-06-21,002370,4.24,4.47,4.69,4.24,287198,129665023.0,10.56,4.93,0.21,6.2,2.36,7.31,8.02,6.6,4.72,4.01,6.6,4.25,1.65,1.65,4.34,4.38,4.29,4.19,4.47,3.36,4.47,9.62,11.86,11.41,20.58,20.36,16.11,19.46
2021-06-22,002370,4.46,4.55,4.67,4.46,275001,125906121.0,4.7,1.79,0.08,5.94,2.02,2.69,1.35,-0.45,-1.12,1.35,-0.9,-3.36,-3.36,5.16,4.36,4.38,4.32,4.21,1.54,2.64,7.69,9.89,9.45,18.46,18.24,14.07,17.36,17.36
2021-06-23,002370,4.54,4.47,4.62,4.47,162228,73607847.0,3.3,-1.76,-0.08,3.5,2.46,1.12,-0.67,-1.34,1.12,-1.12,-3.58,-3.58,4.92,4.47,4.4,4.38,4.35,4.23,4.47,9.62,11.86,11.41,20.58,20.36,16.11,19.46,19.46,18.57
2021-06-24,002370,4.58,4.6,4.67,4.48,186329,85238670.0,4.25,2.91,0.13,4.02,0.89,-0.89,-1.56,0.89,-1.34,-3.79,-3.79,4.69,4.24,3.12,4.47,4.4,4.37,4.25,6.52,8.7,8.26,17.17,16.96,12.83,16.09,16.09,15.22,12.39
2021-06-25,002370,4.63,4.75,4.9,4.55,279209,132384503.0,7.61,3.26,0.15,6.03,-2.42,-3.08,-0.66,-2.86,-5.27,-5.27,3.08,2.64,1.54,2.64,4.57,4.43,4.4,4.27,5.26,4.84,13.47,13.26,9.26,12.42,12.42,11.58,8.84,4.42
2021-06-28,002370,4.78,4.76,5.0,4.65,219819,104799148.0,7.37,0.21,0.01,4.74,-5.16,-2.8,-4.95,-7.31,-7.31,0.86,0.43,-0.65,0.43,5.38,4.63,4.48,4.43,4.3,4.62,13.24,13.03,9.03,12.18,12.18,11.34,8.61,4.2,8.82
2021-06-29,002370,4.79,4.93,4.98,4.68,224907,108986541.0,6.3,3.57,0.17,4.85,-3.42,-5.56,-7.91,-7.91,0.21,-0.21,-1.28,-0.21,4.7,6.84,4.7,4.53,4.46,4.33,9.33,9.13,5.27,8.32,8.32,7.51,4.87,0.61,5.07,3.25
2021-06-30,002370,4.96,5.26,5.39,4.86,338827,175850731.0,10.75,6.69,0.33,7.31,-9.05,-11.32,-11.32,-3.5,-3.91,-4.94,-3.91,0.82,2.88,2.47,4.86,4.63,4.5,4.37,2.28,-1.33,1.52,1.52,0.76,-1.71,-5.7,-1.52,-3.23,-4.18
2021-07-01,002370,5.25,5.1,5.38,5.09,257521,134553455.0,5.51,-3.04,-0.16,5.56,-15.32,-15.32,-7.86,-8.25,-9.23,-8.25,-3.73,-1.77,-2.16,5.89,4.96,4.71,4.54,4.41,1.76,4.71,4.71,3.92,1.37,-2.75,1.57,-0.2,-1.18,-2.94
2021-07-02,002370,5.11,5.15,5.19,5.04,145202,74531237.0,2.94,0.98,0.05,3.13,-14.48,-6.94,-7.34,-8.33,-7.34,-2.78,-0.79,-1.19,6.94,6.75,5.04,4.8,4.58,4.45,3.69,3.69,2.91,0.39,-3.69,0.58,-1.17,-2.14,-3.88,0.19
2021-07-05,002370,5.23,5.3,5.34,5.15,166322,87577503.0,3.69,2.91,0.15,3.59,-8.93,-9.32,-10.29,-9.32,-4.85,-2.91,-3.3,4.66,4.47,0.78,5.15,4.89,4.63,4.49,0.75,0.0,-2.45,-6.42,-2.26,-3.96,-4.91,-6.6,-2.64,-4.15
2021-07-06,002370,5.26,5.18,5.34,5.13,200424,104816685.0,3.96,-2.26,-0.12,4.33,-8.97,-9.94,-8.97,-4.48,-2.53,-2.92,5.07,4.87,1.17,4.09,5.2,4.95,4.66,4.53,2.32,-0.19,-4.25,0.0,-1.74,-2.7,-4.44,-0.39,-1.93,-4.44
2021-07-07,002370,5.16,5.16,5.3,5.08,187622,97686821.0,4.25,-0.39,-0.02,4.05,-9.06,-8.07,-3.54,-1.57,-1.97,6.1,5.91,2.17,5.12,5.12,5.18,5.02,4.7,4.57,0.19,-3.88,0.39,-1.36,-2.33,-4.07,0.0,-1.55,-4.07,-4.65
2021-07-08,002370,5.16,4.89,5.17,4.85,281913,141146167.0,6.2,-5.23,-0.27,6.08,-3.71,1.03,3.09,2.68,11.13,10.93,7.01,10.1,10.1,9.28,5.14,5.05,4.72,4.6,1.43,5.93,4.09,3.07,1.23,5.52,3.89,1.23,0.61,-1.02
2021-07-09,002370,4.95,4.82,4.96,4.8,197704,96211954.0,3.27,-1.43,-0.07,4.27,2.08,4.17,3.75,12.29,12.08,8.13,11.25,11.25,10.42,7.71,5.07,5.05,4.74,4.62,7.47,5.6,4.56,2.7,7.05,5.39,2.7,2.07,0.41,-2.07
2021-07-12,002370,4.85,5.09,5.18,4.83,217248,110235584.0,7.26,5.6,0.27,4.69,3.52,3.11,11.59,11.39,7.45,10.56,10.56,9.73,7.04,2.69,5.03,5.09,4.78,4.65,0.0,-0.98,-2.75,1.38,-0.2,-2.75,-3.34,-4.91,-7.27,-7.27
2021-07-13,002370,5.06,5.0,5.09,4.97,132662,66541014.0,2.36,-1.77,-0.09,2.86,0.2,8.45,8.25,4.43,7.44,7.44,6.64,4.02,-0.2,4.23,4.99,5.09,4.81,4.67,0.8,-1.0,3.2,1.6,-1.0,-1.6,-3.2,-5.6,-5.6,-7.8
2021-07-14,002370,4.97,4.88,5.04,4.86,129873,64059042.0,3.6,-2.4,-0.12,2.8,10.91,10.7,6.79,9.88,9.88,9.05,6.38,2.06,6.58,4.73,4.94,5.06,4.84,4.69,1.43,5.74,4.1,1.43,0.82,-0.82,-3.28,-3.28,-5.53,-9.43
2021-07-15,002370,4.83,4.92,4.95,4.64,169790,81128547.0,6.35,0.82,0.04,3.66,15.95,11.85,15.09,15.09,14.22,11.42,6.9,11.64,9.7,8.62,4.94,5.04,4.88,4.7,4.88,3.25,0.61,0.0,-1.63,-4.07,-4.07,-6.3,-10.16,-8.54
2021-07-16,002370,4.88,4.92,5.16,4.8,189247,94925646.0,7.32,0.0,0.0,4.08,8.13,11.25,11.25,10.42,7.71,3.33,7.92,6.04,5.0,3.12,4.96,5.02,4.91,4.72,3.25,0.61,0.0,-1.63,-4.07,-4.07,-6.3,-10.16,-8.54,-7.11
2021-07-19,002370,4.87,4.91,5.08,4.87,114705,56705558.0,4.27,-0.2,-0.01,2.48,9.65,9.65,8.83,6.16,1.85,6.37,4.52,3.49,1.64,5.95,4.93,4.98,4.93,4.75,0.81,0.2,-1.43,-3.87,-3.87,-6.11,-9.98,-8.35,-6.92,-5.91
2021-07-20,002370,4.87,4.87,4.95,4.81,81806,39815437.0,2.85,-0.81,-0.04,1.77,11.02,10.19,7.48,3.12,7.69,5.82,4.78,2.91,7.28,5.61,4.9,4.95,4.95,4.76,1.03,-0.62,-3.08,-3.08,-5.34,-9.24,-7.6,-6.16,-5.13,-3.49
2021-07-21,002370,4.87,4.81,4.92,4.8,80120,38741530.0,2.46,-1.23,-0.06,1.73,10.42,7.71,3.33,7.92,6.04,5.0,3.12,7.5,5.83,3.12,4.89,4.91,4.97,4.77,0.62,-1.87,-1.87,-4.16,-8.11,-6.44,-4.99,-3.95,-2.29,-3.33
2021-07-22,002370,4.84,4.65,4.84,4.64,130171,61348679.0,4.16,-3.33,-0.16,2.81,11.42,6.9,11.64,9.7,8.62,6.68,11.21,9.48,6.68,6.03,4.83,4.89,4.97,4.78,1.51,1.51,-0.86,-4.95,-3.23,-1.72,-0.65,1.08,0.0,-0.65
2021-07-23,002370,4.67,4.66,4.72,4.64,92502,43231187.0,1.72,0.22,0.01,2.0,6.9,11.64,9.7,8.62,6.68,11.21,9.48,6.68,6.03,4.31,4.78,4.87,4.96,4.79,1.29,-1.07,-5.15,-3.43,-1.93,-0.86,0.86,-0.21,-0.86,-3.86
2021-07-26,002370,4.65,4.53,4.72,4.52,130877,59851159.0,4.29,-2.79,-0.13,2.82,14.6,12.61,11.5,9.51,14.16,12.39,9.51,8.85,7.08,4.42,4.7,4.81,4.95,4.79,1.77,-2.43,-0.66,0.88,1.99,3.75,2.65,1.99,-1.1,-1.55
2021-07-27,002370,4.6,4.4,4.61,4.4,114877,51488971.0,4.64,-2.87,-0.13,2.48,15.68,14.55,12.5,17.27,15.45,12.5,11.82,10.0,7.27,7.27,4.61,4.75,4.93,4.79,0.45,2.27,3.86,5.0,6.82,5.68,5.0,1.82,1.36,0.91
2021-07-28,002370,4.39,4.33,4.42,4.14,115776,49622571.0,6.36,-1.59,-0.07,2.5,21.74,19.57,24.64,22.71,19.57,18.84,16.91,14.01,14.01,11.35,4.51,4.7,4.88,4.8,3.93,5.54,6.7,8.55,7.39,6.7,3.46,3.0,2.54,1.39
2021-07-29,002370,4.36,4.36,4.5,4.34,79503,35165932.0,3.7,0.69,0.03,1.72,14.06,18.89,17.05,14.06,13.36,11.52,8.76,8.76,6.22,1.84,4.46,4.64,4.84,4.8,4.82,5.96,7.8,6.65,5.96,2.75,2.29,1.83,0.69,0.92
2021-07-30,002370,4.35,4.5,4.57,4.32,100898,45066179.0,5.73,3.21,0.14,2.18,19.44,17.59,14.58,13.89,12.04,9.26,9.26,6.71,2.31,4.17,4.42,4.6,4.81,4.81,2.67,4.44,3.33,2.67,-0.44,-0.89,-1.33,-2.44,-2.22,-3.11
2021-08-02,002370,4.61,4.58,4.62,4.5,69008,31533961.0,2.67,1.78,0.08,1.49,12.89,10.0,9.33,7.56,4.89,4.89,2.44,-1.78,0.0,1.56,4.43,4.57,4.77,4.81,2.62,1.53,0.87,-2.18,-2.62,-3.06,-4.15,-3.93,-4.8,-3.93
2021-08-03,002370,4.55,4.64,4.7,4.55,108732,50491225.0,3.28,1.31,0.06,2.35,8.79,8.13,6.37,3.74,3.74,1.32,-2.86,-1.1,0.44,1.54,4.48,4.55,4.75,4.81,0.22,-0.43,-3.45,-3.88,-4.31,-5.39,-5.17,-6.03,-5.17,-4.31
2021-08-04,002370,4.6,4.59,4.65,4.56,62040,28499241.0,1.94,-1.08,-0.05,1.34,7.89,6.14,3.51,3.51,1.1,-3.07,-1.32,0.22,1.32,3.07,4.53,4.52,4.72,4.82,0.65,-2.4,-2.83,-3.27,-4.36,-4.14,-5.01,-4.14,-3.27,-5.88
2021-08-05,002370,4.59,4.45,4.62,4.43,73332,33016574.0,4.14,-3.05,-0.14,1.58,9.26,6.55,6.55,4.06,-0.23,1.58,3.16,4.29,6.09,4.97,4.55,4.5,4.7,4.81,0.67,0.22,-0.22,-1.35,-1.12,-2.02,-1.12,-0.22,-2.92,-2.7
2021-08-06,002370,4.44,4.46,4.48,4.35,75104,33070821.0,2.92,0.22,0.01,1.62,8.51,8.51,5.98,1.61,3.45,5.06,6.21,8.05,6.9,6.21,4.54,4.48,4.68,4.8,0.0,-0.45,-1.57,-1.35,-2.24,-1.35,-0.45,-3.14,-2.91,-4.04
2021-08-09,002370,4.43,4.38,4.46,4.36,69215,30431671.0,2.24,-1.79,-0.08,1.49,8.26,5.73,1.38,3.21,4.82,5.96,7.8,6.65,5.96,2.75,4.5,4.47,4.64,4.79,1.37,0.23,0.46,-0.46,0.46,1.37,-1.37,-1.14,-2.28,-2.51
2021-08-10,002370,4.38,4.38,4.44,4.36,69259,30439688.0,1.83,0.0,0.0,1.49,5.73,1.38,3.21,4.82,5.96,7.8,6.65,5.96,2.75,2.29,4.45,4.47,4.61,4.77,0.23,0.46,-0.46,0.46,1.37,-1.37,-1.14,-2.28,-2.51,-1.83
2021-08-11,002370,4.38,4.35,4.39,4.31,73167,31740704.0,1.83,-0.68,-0.03,1.58,2.55,4.41,6.03,7.19,9.05,7.89,7.19,3.94,3.48,3.02,4.4,4.47,4.58,4.74,1.15,0.23,1.15,2.07,-0.69,-0.46,-1.61,-1.84,-1.15,-2.76
2021-08-12,002370,4.31,4.36,4.4,4.25,115316,49890883.0,3.45,0.23,0.01,2.49,5.88,7.53,8.71,10.59,9.41,8.71,5.41,4.94,4.47,3.29,4.39,4.47,4.56,4.72,0.0,0.92,1.83,-0.92,-0.69,-1.83,-2.06,-1.38,-2.98,-2.98
2021-08-13,002370,4.36,4.23,4.36,4.22,110395,47105685.0,3.21,-2.98,-0.13,2.38,8.29,9.48,11.37,10.19,9.48,6.16,5.69,5.21,4.03,4.27,4.34,4.44,4.52,4.69,4.02,4.96,2.13,2.36,1.18,0.95,1.65,0.0,0.0,-1.18
2021-08-16,002370,4.25,4.35,4.4,4.21,109365,47211359.0,4.49,2.84,0.12,2.36,9.74,11.64,10.45,9.74,6.41,5.94,5.46,4.28,4.51,3.56,4.33,4.42,4.49,4.66,2.07,-0.69,-0.46,-1.61,-1.84,-1.15,-2.76,-2.76,-3.91,-4.37
2021-08-17,002370,4.34,4.32,4.44,4.27,96913,42137337.0,3.91,-0.69,-0.03,2.09,10.07,8.9,8.2,4.92,4.45,3.98,2.81,3.04,2.11,3.04,4.32,4.39,4.47,4.63,0.0,0.23,-0.93,-1.16,-0.46,-2.08,-2.08,-3.24,-3.7,-5.32
2021-08-18,002370,4.29,4.29,4.32,4.24,76148,32502122.0,1.85,-0.69,-0.03,1.64,9.67,8.96,5.66,5.19,4.72,3.54,3.77,2.83,3.77,4.72,4.31,4.36,4.44,4.6,0.93,-0.23,-0.47,0.23,-1.4,-1.4,-2.56,-3.03,-4.66,-4.66
2021-08-19,002370,4.28,4.27,4.33,4.24,63498,27173920.0,2.1,-0.47,-0.02,1.37,8.96,5.66,5.19,4.72,3.54,3.77,2.83,3.77,4.72,1.89,4.29,4.34,4.42,4.58,0.23,0.0,0.7,-0.94,-0.94,-2.11,-2.58,-4.22,-4.22,-2.81
2021-08-20,002370,4.27,4.24,4.28,4.18,62651,26423036.0,2.34,-0.7,-0.03,1.35,7.18,6.7,6.22,5.02,5.26,4.31,5.26,6.22,3.35,3.59,4.29,4.32,4.4,4.56,0.71,1.42,-0.24,-0.24,-1.42,-1.89,-3.54,-3.54,-2.12,2.12
2021-08-23,002370,4.24,4.23,4.27,4.22,70635,29961094.0,1.18,-0.24,-0.01,1.52,5.69,5.21,4.03,4.27,3.32,4.27,5.21,2.37,2.61,1.42,4.27,4.3,4.39,4.53,1.65,0.0,0.0,-1.18,-1.65,-3.31,-3.31,-1.89,2.36,2.6
2021-08-24,002370,4.23,4.21,4.3,4.2,81475,34566681.0,2.36,-0.47,-0.02,1.76,5.71,4.52,4.76,3.81,4.76,5.71,2.86,3.1,1.9,1.67,4.25,4.28,4.38,4.5,0.48,0.48,-0.71,-1.19,-2.85,-2.85,-1.43,2.85,3.09,7.84
2021-08-25,002370,4.21,4.17,4.23,4.15,90914,38055072.0,1.9,-0.95,-0.04,1.96,5.78,6.02,5.06,6.02,6.99,4.1,4.34,3.13,2.89,3.61,4.22,4.27,4.37,4.48,1.44,0.24,-0.24,-1.92,-1.92,-0.48,3.84,4.08,8.87,8.15
2021-08-26,002370,4.18,4.21,4.23,4.08,98250,40774705.0,3.6,0.96,0.04,2.12,7.84,6.86,7.84,8.82,5.88,6.13,4.9,4.66,5.39,3.68,4.21,4.25,4.36,4.46,-0.71,-1.19,-2.85,-2.85,-1.43,2.85,3.09,7.84,7.13,6.65
2021-08-27,002370,4.17,4.12,4.18,4.05,91676,37610490.0,3.09,-2.14,-0.09,1.98,7.65,8.64,9.63,6.67,6.91,5.68,5.43,6.17,4.44,4.44,4.19,4.24,4.34,4.43,0.97,-0.73,-0.73,0.73,5.1,5.34,10.19,9.47,8.98,8.01
2021-08-30,002370,4.13,4.02,4.16,4.02,80369,32775445.0,3.4,-2.43,-0.1,1.73,9.45,10.45,7.46,7.71,6.47,6.22,6.97,5.22,5.22,3.98,4.15,4.21,4.31,4.4,1.74,1.74,3.23,7.71,7.96,12.94,12.19,11.69,10.7,18.91
2021-08-31,002370,4.03,3.99,4.09,3.92,92515,36939682.0,4.23,-0.75,-0.03,2.0,13.27,10.2,10.46,9.18,8.93,9.69,7.91,7.91,6.63,6.12,4.1,4.17,4.28,4.37,2.51,4.01,8.52,8.77,13.78,13.03,12.53,11.53,19.8,18.3
2021-09-01,002370,4.0,4.07,4.09,3.95,86793,35039521.0,3.51,2.01,0.08,1.87,9.37,9.62,8.35,8.1,8.86,7.09,7.09,5.82,5.32,3.54,4.08,4.15,4.26,4.34,1.97,6.39,6.63,11.55,10.81,10.32,9.34,17.44,15.97,16.71
2021-09-02,002370,4.07,4.13,4.15,4.01,98146,39950186.0,3.44,1.47,0.06,2.12,7.98,6.73,6.48,7.23,5.49,5.49,4.24,3.74,2.0,2.0,4.07,4.14,4.24,4.33,4.84,5.08,9.93,9.2,8.72,7.75,15.74,14.29,15.01,15.98
2021-09-03,002370,4.13,4.28,4.33,4.13,164085,69530263.0,4.84,3.63,0.15,3.54,3.63,3.39,4.12,2.42,2.42,1.21,0.73,-0.97,-0.97,0.48,4.1,4.14,4.23,4.31,1.4,6.07,5.37,4.91,3.97,11.68,10.28,10.98,11.92,9.81
2021-09-06,002370,4.31,4.27,4.34,4.25,85359,36606534.0,2.1,-0.23,-0.01,1.84,0.47,1.18,-0.47,-0.47,-1.65,-2.12,-3.76,-3.76,-2.35,1.88,4.15,4.15,4.22,4.31,6.32,5.62,5.15,4.22,11.94,10.54,11.24,12.18,10.07,11.01
2021-09-07,002370,4.26,4.41,4.54,4.24,161494,71262576.0,7.03,3.28,0.14,3.49,1.42,-0.24,-0.24,-1.42,-1.89,-3.54,-3.54,-2.12,2.12,2.36,4.23,4.17,4.23,4.31,2.27,1.81,0.91,8.39,7.03,7.71,8.62,6.58,7.48,8.84
2021-09-08,002370,4.39,4.47,4.51,4.37,121587,54338876.0,3.17,1.36,0.06,2.62,-3.2,-3.2,-4.35,-4.81,-6.41,-6.41,-5.03,-0.92,-0.69,3.89,4.31,4.2,4.23,4.31,0.45,-0.45,6.94,5.59,6.26,7.16,5.15,6.04,7.38,3.13
2021-09-09,002370,4.49,4.4,4.49,4.36,89049,39207591.0,2.91,-1.57,-0.07,1.92,-2.98,-4.13,-4.59,-6.19,-6.19,-4.82,-0.69,-0.46,4.13,3.44,4.37,4.22,4.23,4.31,1.14,8.64,7.27,7.95,8.86,6.82,7.73,9.09,4.77,2.73
2021-09-10,002370,4.39,4.4,4.45,4.37,83882,36912734.0,1.82,0.0,0.0,1.81,-4.35,-4.81,-6.41,-6.41,-5.03,-0.92,-0.69,3.89,3.2,2.75,4.39,4.24,4.24,4.31,8.64,7.27,7.95,8.86,6.82,7.73,9.09,4.77,2.73,0.0
2021-09-13,002370,4.42,4.64,4.78,4.42,181184,83635566.0,8.18,5.45,0.24,3.91,-5.88,-7.47,-7.47,-6.11,-2.04,-1.81,2.71,2.04,1.58,0.68,4.46,4.31,4.26,4.31,1.72,2.37,3.23,1.29,2.16,3.45,-0.65,-2.59,-5.17,-3.88
2021-09-14,002370,4.64,4.63,4.72,4.55,109864,50995524.0,3.66,-0.22,-0.01,2.37,-10.11,-10.11,-8.79,-4.84,-4.62,-0.22,-0.88,-1.32,-2.2,5.05,4.51,4.37,4.27,4.31,2.59,3.46,1.51,2.38,3.67,-0.43,-2.38,-4.97,-3.67,-5.4
2021-09-15,002370,4.6,4.71,4.75,4.58,99562,46638786.0,3.67,1.73,0.08,2.15,-10.7,-9.39,-5.46,-5.24,-0.87,-1.53,-1.97,-2.84,4.37,3.06,4.56,4.43,4.29,4.31,1.7,-0.21,0.64,1.91,-2.12,-4.03,-6.58,-5.31,-7.01,1.91
2021-09-16,002370,4.73,4.65,4.79,4.62,100012,47101366.0,3.61,-1.27,-0.06,2.16,-10.17,-6.28,-6.06,-1.73,-2.38,-2.81,-3.68,3.46,2.16,2.81,4.61,4.49,4.31,4.32,1.08,1.94,3.23,-0.86,-2.8,-5.38,-4.09,-5.81,3.23,1.72
2021-09-17,002370,4.64,4.55,4.7,4.51,77308,35374466.0,4.09,-2.15,-0.1,1.67,-3.99,-3.77,0.67,0.0,-0.44,-1.33,5.99,4.66,5.32,6.21,4.64,4.51,4.33,4.32,4.18,5.49,1.32,-0.66,-3.3,-1.98,-3.74,5.49,3.96,3.08
2021-09-22,002370,4.53,4.63,4.74,4.49,81299,37624352.0,5.49,1.76,0.08,1.75,-3.34,1.11,0.45,0.0,-0.89,6.46,5.12,5.79,6.68,4.68,4.63,4.55,4.35,4.33,3.67,-0.43,-2.38,-4.97,-3.67,-5.4,3.67,2.16,1.3,-0.65
2021-09-23,002370,4.65,4.61,4.8,4.55,99095,46182159.0,5.4,-0.43,-0.02,2.14,-0.22,-0.88,-1.32,-2.2,5.05,3.74,4.4,5.27,3.3,4.18,4.63,4.57,4.37,4.34,0.0,-1.95,-4.56,-3.25,-4.99,4.12,2.6,1.74,-0.22,-1.08
2021-09-24,002370,4.59,4.44,4.61,4.43,89057,40001670.0,3.9,-3.69,-0.17,1.92,1.81,1.35,0.45,7.9,6.55,7.22,8.13,6.09,7.0,8.35,4.58,4.57,4.38,4.34,1.8,-0.9,0.45,-1.35,8.11,6.53,5.63,3.6,2.7,-1.8
2021-09-27,002370,4.45,4.32,4.52,4.31,63693,27949378.0,4.73,-2.7,-0.12,1.37,4.18,3.25,10.9,9.51,10.21,11.14,9.05,9.98,11.37,6.96,4.51,4.56,4.39,4.34,1.85,3.24,1.39,11.11,9.49,8.56,6.48,5.56,0.93,0.69
2021-09-28,002370,4.34,4.35,4.4,4.29,50854,22081317.0,2.55,0.69,0.03,1.1,3.73,11.42,10.02,10.72,11.66,9.56,10.49,11.89,7.46,5.36,4.47,4.55,4.4,4.35,2.53,0.69,10.34,8.74,7.82,5.75,4.83,0.23,0.0,-0.92
2021-09-29,002370,4.39,4.2,4.46,4.18,67113,28624891.0,6.44,-3.45,-0.15,1.45,14.35,12.92,13.64,14.59,12.44,13.4,14.83,10.29,8.13,5.26,4.38,4.51,4.41,4.34,4.29,14.29,12.62,11.67,9.52,8.57,3.81,3.57,2.62,-0.71
2021-09-30,002370,4.22,4.36,4.38,4.22,53151,22948011.0,3.81,3.81,0.16,1.06,11.85,12.56,13.51,11.37,12.32,13.74,9.24,7.11,4.27,5.69,4.33,4.48,4.43,4.34,10.09,8.49,7.57,5.5,4.59,0.0,-0.23,-1.15,-4.36,-5.28
2021-10-08,002370,4.42,4.59,4.8,4.4,335100,157460028.0,9.17,5.28,0.23,6.69,7.95,8.86,6.82,7.73,9.09,4.77,2.73,0.0,1.36,-0.45,4.36,4.47,4.45,4.35,3.05,2.18,0.22,-0.65,-5.01,-5.23,-6.1,-9.15,-10.02,-9.8
2021-10-11,002370,4.57,4.47,4.73,4.43,242973,110402299.0,6.54,-2.61,-0.12,4.85,8.13,6.09,7.0,8.35,4.06,2.03,-0.68,0.68,-1.13,8.35,4.39,4.45,4.47,4.36,4.92,2.91,2.01,-2.46,-2.68,-3.58,-6.71,-7.61,-7.38,-5.15
2021-10-12,002370,4.43,4.54,4.69,4.42,172001,78268471.0,6.04,1.57,0.07,3.44,6.33,7.24,8.6,4.3,2.26,-0.45,0.9,-0.9,8.6,7.01,4.43,4.45,4.48,4.37,1.32,0.44,-3.96,-4.19,-5.07,-8.15,-9.03,-8.81,-6.61,-8.81
2021-10-13,002370,4.53,4.48,4.6,4.38,110611,49475536.0,4.85,-1.32,-0.06,2.21,8.22,9.59,5.25,3.2,0.46,1.83,0.0,9.59,7.99,7.08,4.49,4.44,4.49,4.38,1.79,-2.68,-2.9,-3.79,-6.92,-7.81,-7.59,-5.36,-7.59,-8.26
2021-10-14,002370,4.45,4.42,4.56,4.39,70116,31161862.0,3.79,-1.34,-0.06,1.4,9.34,5.01,2.96,0.23,1.59,-0.23,9.34,7.74,6.83,4.78,4.5,4.42,4.49,4.38,-1.36,-1.58,-2.49,-5.66,-6.56,-6.33,-4.07,-6.33,-7.01,-5.88
2021-10-15,002370,4.34,4.32,4.36,4.18,85978,36906765.0,4.07,-2.26,-0.1,1.72,10.29,8.13,5.26,6.7,4.78,14.83,13.16,12.2,10.05,9.09,4.45,4.4,4.49,4.39,0.69,-0.23,-3.47,-4.4,-4.17,-1.85,-4.17,-4.86,-3.7,-0.46
2021-10-18,002370,4.32,4.29,4.35,4.24,75117,32228706.0,2.55,-0.69,-0.03,1.5,6.6,3.77,5.19,3.3,13.21,11.56,10.61,8.49,7.55,2.83,4.41,4.4,4.48,4.39,0.47,-2.8,-3.73,-3.5,-1.17,-3.5,-4.2,-3.03,0.23,1.63
2021-10-19,002370,4.28,4.16,4.31,4.12,146721,61365210.0,4.43,-3.03,-0.13,2.93,6.8,8.25,6.31,16.5,14.81,13.83,11.65,10.68,5.83,5.58,4.33,4.38,4.47,4.39,0.24,-0.72,-0.48,1.92,-0.48,-1.2,0.0,3.37,4.81,6.97
2021-10-20,002370,4.16,4.15,4.17,4.08,61066,25108880.0,2.16,-0.24,-0.01,1.22,9.31,7.35,17.65,15.93,14.95,12.75,11.76,6.86,6.62,5.64,4.27,4.38,4.44,4.4,-0.48,-0.24,2.17,-0.24,-0.96,0.24,3.61,5.06,7.23,3.86
2021-10-21,002370,4.13,4.12,4.13,4.09,53211,21840540.0,0.96,-0.72,-0.03,1.06,7.09,17.36,15.65,14.67,12.47,11.49,6.6,6.36,5.38,1.96,4.21,4.35,4.42,4.4,0.49,2.91,0.49,-0.24,0.97,4.37,5.83,8.01,4.61,4.37
2021-10-22,002370,4.1,4.09,4.14,4.06,41880,17133110.0,1.94,-0.73,-0.03,0.84,18.23,16.5,15.52,13.3,12.32,7.39,7.14,6.16,2.71,1.72,4.16,4.3,4.39,4.4,3.67,1.22,0.49,1.71,5.13,6.6,8.8,5.38,5.13,7.58
2021-10-25,002370,4.11,4.11,4.24,4.06,90113,37268271.0,4.4,0.49,0.02,1.8,16.5,15.52,13.3,12.32,7.39,7.14,6.16,2.71,1.72,1.97,4.13,4.27,4.36,4.4,0.73,0.0,1.22,4.62,6.08,8.27,4.87,4.62,7.06,8.52
2021-10-26,002370,4.1,4.08,4.14,4.04,56285,22983748.0,2.43,-0.73,-0.03,1.12,16.09,13.86,12.87,7.92,7.67,6.68,3.22,2.23,2.48,4.95,4.11,4.22,4.34,4.4,0.74,1.96,5.39,6.86,9.07,5.64,5.39,7.84,9.31,7.35
2021-10-27,002370,4.1,4.08,4.11,4.01,52809,21346915.0,2.45,0.0,0.0,1.05,14.71,13.72,8.73,8.48,7.48,3.99,2.99,3.24,5.74,3.24,4.1,4.18,4.31,4.39,1.96,5.39,6.86,9.07,5.64,5.39,7.84,9.31,7.35,6.62
2021-10-28,002370,4.1,4.1,4.16,4.04,82309,33782834.0,2.94,0.49,0.02,1.64,12.87,7.92,7.67,6.68,3.22,2.23,2.48,4.95,2.48,1.73,4.09,4.15,4.28,4.38,4.88,6.34,8.54,5.12,4.88,7.32,8.78,6.83,6.1,5.85
2021-10-29,002370,4.12,4.27,4.3,4.08,115505,48540892.0,5.37,4.15,0.17,2.31,6.86,6.62,5.64,2.21,1.23,1.47,3.92,1.47,0.74,1.96,4.13,4.14,4.28,4.37,2.11,4.22,0.94,0.7,3.04,4.45,2.58,1.87,1.64,0.94
2021-11-01,002370,4.31,4.34,4.36,4.2,86174,37086613.0,3.75,1.64,0.07,1.72,3.57,2.62,-0.71,-1.67,-1.43,0.95,-1.43,-2.14,-0.95,2.38,4.17,4.15,4.28,4.37,2.53,-0.69,-0.92,1.38,2.76,0.92,0.23,0.0,-0.69,0.69
2021-11-02,002370,4.36,4.22,4.45,4.17,103319,44336297.0,6.45,-2.76,-0.12,2.06,3.36,0.0,-0.96,-0.72,1.68,-0.72,-1.44,-0.24,3.12,4.56,4.2,4.16,4.27,4.36,2.13,1.9,4.27,5.69,3.79,3.08,2.84,2.13,3.55,5.21
2021-11-03,002370,4.22,4.26,4.31,4.19,51600,21986535.0,2.84,0.95,0.04,1.03,-0.48,-1.43,-1.19,1.19,-1.19,-1.91,-0.72,2.63,4.06,6.21,4.24,4.17,4.27,4.35,0.94,3.29,4.69,2.82,2.11,1.88,1.17,2.58,4.23,5.63
2021-11-04,002370,4.27,4.22,4.3,4.17,54411,22954398.0,3.05,-0.94,-0.04,1.09,-0.96,-0.72,1.68,-0.72,-1.44,-0.24,3.12,4.56,6.71,3.36,4.26,4.18,4.27,4.34,4.27,5.69,3.79,3.08,2.84,2.13,3.55,5.21,6.64,7.58
2021-11-05,002370,4.19,4.35,4.4,4.18,102206,43932669.0,5.21,3.08,0.13,2.04,-0.96,1.44,-0.96,-1.67,-0.48,2.87,4.31,6.46,3.11,2.87,4.28,4.2,4.25,4.33,2.53,0.69,0.0,-0.23,-0.92,0.46,2.07,3.45,4.37,2.07
2021-11-08,002370,4.35,4.31,4.46,4.29,55485,24164316.0,3.91,-0.92,-0.04,1.11,-1.17,-3.5,-4.2,-3.03,0.23,1.63,3.73,0.47,0.23,2.56,4.27,4.22,4.25,4.31,1.62,0.93,0.7,0.0,1.39,3.02,4.41,5.34,3.02,-0.23
2021-11-09,002370,4.3,4.31,4.38,4.27,41394,17921879.0,2.55,0.0,0.0,0.83,-3.04,-3.75,-2.58,0.7,2.11,4.22,0.94,0.7,3.04,4.45,4.29,4.25,4.23,4.31,0.93,0.7,0.0,1.39,3.02,4.41,5.34,3.02,-0.23,-0.46
2021-11-10,002370,4.31,4.3,4.35,4.25,39745,17019178.0,2.32,-0.23,-0.01,0.79,-3.29,-2.12,1.18,2.59,4.71,1.41,1.18,3.53,4.94,3.06,4.3,4.27,4.23,4.3,0.93,0.23,1.63,3.26,4.65,5.58,3.26,0.0,-0.23,-0.47
2021-11-11,002370,4.28,4.28,4.34,4.27,41261,17817000.0,1.63,-0.47,-0.02,0.82,-2.58,0.7,2.11,4.22,0.94,0.7,3.04,4.45,2.58,1.87,4.31,4.29,4.22,4.28,0.7,2.1,3.74,5.14,6.07,3.74,0.47,0.23,0.0,3.5
2021-11-12,002370,4.26,4.29,4.31,4.23,38483,16452760.0,1.87,0.23,0.01,0.77,1.65,3.07,5.2,1.89,1.65,4.02,5.44,3.55,2.84,2.6,4.3,4.29,4.22,4.28,1.86,3.5,4.9,5.83,3.5,0.23,0.0,-0.23,3.26,3.03
2021-11-15,002370,4.29,4.36,4.37,4.27,52653,22842604.0,2.33,1.63,0.07,1.05,2.11,4.22,0.94,0.7,3.04,4.45,2.58,1.87,1.64,0.94,4.31,4.29,4.22,4.28,1.83,3.21,4.13,1.83,-1.38,-1.61,-1.83,1.61,1.38,-0.46
2021-11-16,002370,4.36,4.36,4.44,4.29,72699,31833812.0,3.44,0.0,0.0,1.45,3.73,0.47,0.23,2.56,3.96,2.1,1.4,1.17,0.47,1.86,4.32,4.3,4.23,4.28,3.21,4.13,1.83,-1.38,-1.61,-1.83,1.61,1.38,-0.46,-3.44
2021-11-17,002370,4.36,4.48,4.5,4.34,99313,44213078.0,3.67,2.75,0.12,1.98,-0.69,-0.92,1.38,2.76,0.92,0.23,0.0,-0.69,0.69,2.3,4.35,4.33,4.25,4.29,1.34,-0.89,-4.02,-4.24,-4.46,-1.12,-1.34,-3.13,-6.03,-5.58
2021-11-18,002370,4.48,4.4,4.54,4.38,67068,29888541.0,3.57,-1.79,-0.08,1.34,-1.83,0.46,1.83,0.0,-0.68,-0.91,-1.6,-0.23,1.37,2.74,4.38,4.34,4.26,4.29,0.91,-2.27,-2.5,-2.73,0.68,0.45,-1.36,-4.32,-3.86,-4.09
2021-11-19,002370,4.41,4.31,4.44,4.26,95757,41255780.0,4.09,-2.05,-0.09,1.91,3.29,4.69,2.82,2.11,1.88,1.17,2.58,4.23,5.63,6.57,4.38,4.34,4.27,4.28,-0.23,-0.46,-0.7,2.78,2.55,0.7,-2.32,-1.86,-2.09,-3.48
2021-11-22,002370,4.3,4.24,4.3,4.22,78058,33140628.0,1.86,-1.62,-0.07,1.56,5.69,3.79,3.08,2.84,2.13,3.55,5.21,6.64,7.58,5.21,4.36,4.33,4.28,4.27,1.18,0.94,4.48,4.25,2.36,-0.71,-0.24,-0.47,-1.89,-2.83
2021-11-23,002370,4.24,4.26,4.29,4.21,48965,20868321.0,1.89,0.47,0.02,0.98,4.04,3.33,3.09,2.38,3.8,5.46,6.89,7.84,5.46,2.14,4.34,4.33,4.29,4.27,0.47,3.99,3.76,1.88,-1.17,-0.7,-0.94,-2.35,-3.29,-3.52
2021-11-24,002370,4.26,4.25,4.28,4.23,56471,24007761.0,1.17,-0.23,-0.01,1.13,2.84,2.6,1.89,3.31,4.96,6.38,7.33,4.96,1.65,1.42,4.29,4.32,4.3,4.26,4.24,4.0,2.12,-0.94,-0.47,-0.71,-2.12,-3.06,-3.29,-3.29
2021-11-25,002370,4.25,4.4,4.43,4.24,130060,56397984.0,4.47,3.53,0.15,2.6,2.36,1.65,3.07,4.72,6.13,7.08,4.72,1.42,1.18,0.94,4.29,4.33,4.31,4.26,0.45,-1.36,-4.32,-3.86,-4.09,-5.45,-6.36,-6.59,-6.59,-5.91
2021-11-26,002370,4.41,4.25,4.42,4.24,94245,40385850.0,4.09,-3.41,-0.15,1.88,1.65,3.07,4.72,6.13,7.08,4.72,1.42,1.18,0.94,4.48,4.28,4.33,4.31,4.25,2.12,-0.94,-0.47,-0.71,-2.12,-3.06,-3.29,-3.29,-2.59,-2.59
2021-11-29,002370,4.25,4.18,4.34,4.15,109698,46315578.0,4.47,-1.65,-0.07,2.19,5.3,6.99,8.43,9.4,6.99,3.61,3.37,3.13,6.75,6.51,4.27,4.31,4.3,4.25,0.72,1.2,0.96,-0.48,-1.44,-1.67,-1.67,-0.96,-0.96,-0.96
2021-11-30,002370,4.17,4.21,4.21,4.15,53148,22265997.0,1.44,0.72,0.03,1.06,6.99,8.43,9.4,6.99,3.61,3.37,3.13,6.75,6.51,4.58,4.26,4.3,4.3,4.25,0.48,0.24,-1.19,-2.14,-2.38,-2.38,-1.66,-1.66,-1.66,-2.38
2021-12-01,002370,4.22,4.22,4.23,4.16,47406,19912692.0,1.66,0.24,0.01,0.95,8.17,9.13,6.73,3.37,3.12,2.88,6.49,6.25,4.33,1.2,4.25,4.27,4.3,4.26,0.0,-1.42,-2.37,-2.61,-2.61,-1.9,-1.9,-1.9,-2.61,-2.84
2021-12-02,002370,4.22,4.14,4.22,4.13,64762,26987943.0,2.13,-1.9,-0.08,1.29,9.93,7.51,4.12,3.87,3.63,7.26,7.02,5.08,1.94,2.42,4.2,4.25,4.3,4.26,0.48,-0.48,-0.72,-0.72,0.0,0.0,0.0,-0.72,-0.97,-0.72
2021-12-03,002370,4.15,4.1,4.16,4.1,84553,34828238.0,1.45,-0.97,-0.04,1.69,8.29,4.88,4.63,4.39,8.05,7.8,5.85,2.68,3.17,2.93,4.17,4.22,4.28,4.26,0.49,0.24,0.24,0.98,0.98,0.98,0.24,0.0,0.24,-0.24
2021-12-06,002370,4.12,4.07,4.12,4.04,66509,27061524.0,1.95,-0.73,-0.03,1.33,6.44,6.19,5.94,9.65,9.41,7.43,4.21,4.7,4.46,2.97,4.15,4.21,4.27,4.25,0.98,0.98,1.72,1.72,1.72,0.98,0.74,0.98,0.49,1.47
2021-12-07,002370,4.07,4.1,4.11,4.04,61545,25050880.0,1.72,0.74,0.03,1.23,6.19,5.94,9.65,9.41,7.43,4.21,4.7,4.46,2.97,1.98,4.13,4.19,4.26,4.26,0.24,0.98,0.98,0.98,0.24,0.0,0.24,-0.24,0.73,1.22
2021-12-08,002370,4.1,4.09,4.11,4.07,41087,16807472.0,0.98,-0.24,-0.01,0.82,5.16,8.85,8.6,6.63,3.44,3.93,3.69,2.21,1.23,0.98,4.1,4.18,4.25,4.26,1.22,1.22,1.22,0.49,0.24,0.49,0.0,0.98,1.47,3.18
2021-12-09,002370,4.1,4.12,4.14,4.08,44944,18519995.0,1.47,0.73,0.03,0.9,8.58,8.33,6.37,3.19,3.68,3.43,1.96,0.98,0.74,0.74,4.1,4.15,4.24,4.26,0.49,0.49,-0.24,-0.49,-0.24,-0.73,0.24,0.73,2.43,3.16
2021-12-10,002370,4.12,4.11,4.14,4.1,55604,22896656.0,0.97,-0.24,-0.01,1.11,7.8,5.85,2.68,3.17,2.93,1.46,0.49,0.24,0.24,0.98,4.1,4.13,4.23,4.25,0.73,0.0,-0.24,0.0,-0.49,0.49,0.97,2.68,3.41,5.6
2021-12-13,002370,4.11,4.11,4.14,4.08,53489,22005692.0,1.46,0.0,0.0,1.07,6.37,3.19,3.68,3.43,1.96,0.98,0.74,0.74,1.47,1.47,4.11,4.13,4.22,4.24,0.0,-0.24,0.0,-0.49,0.49,0.97,2.68,3.41,5.6,13.14
2021-12-14,002370,4.1,4.08,4.11,4.07,48515,19809317.0,0.97,-0.73,-0.03,0.97,3.44,3.93,3.69,2.21,1.23,0.98,0.98,1.72,1.72,1.72,4.1,4.11,4.21,4.24,0.49,0.74,0.25,1.23,1.72,3.43,4.17,6.37,13.97,10.29
2021-12-15,002370,4.08,4.1,4.1,4.06,40429,16518100.0,0.98,0.49,0.02,0.81,4.19,3.94,2.46,1.48,1.23,1.23,1.97,1.97,1.97,1.23,4.1,4.1,4.19,4.23,0.24,-0.24,0.73,1.22,2.93,3.66,5.85,13.41,9.76,7.8
2021-12-16,002370,4.1,4.08,4.11,4.07,46354,18933362.0,0.98,-0.49,-0.02,0.93,3.69,2.21,1.23,0.98,0.98,1.72,1.72,1.72,0.98,0.74,4.1,4.1,4.17,4.23,0.25,1.23,1.72,3.43,4.17,6.37,13.97,10.29,8.33,11.03
2021-12-17,002370,4.08,4.06,4.09,4.05,55046,22372020.0,0.98,-0.49,-0.02,1.1,2.72,1.73,1.48,1.48,2.22,2.22,2.22,1.48,1.23,1.48,4.09,4.09,4.16,4.22,1.72,2.22,3.94,4.68,6.9,14.53,10.84,8.87,11.58,11.58
2021-12-20,002370,4.06,4.08,4.13,4.05,85296,34888775.0,1.97,0.49,0.02,1.7,1.73,1.48,1.48,2.22,2.22,2.22,1.48,1.23,1.48,0.99,4.08,4.09,4.15,4.21,1.72,3.43,4.17,6.37,13.97,10.29,8.33,11.03,11.03,14.46
2021-12-21,002370,4.08,4.14,4.15,4.07,98919,40783042.0,1.96,1.47,0.06,1.98,0.98,0.98,1.72,1.72,1.72,0.98,0.74,0.98,0.49,1.47,4.09,4.1,4.14,4.21,1.93,2.66,4.83,12.32,8.7,6.76,9.42,9.42,12.8,22.22
2021-12-22,002370,4.17,4.22,4.22,4.14,116584,48858986.0,1.93,1.93,0.08,2.33,-0.72,0.0,0.0,0.0,-0.72,-0.97,-0.72,-1.21,-0.24,0.24,4.12,4.11,4.14,4.2,0.71,2.84,10.19,6.64,4.74,7.35,7.35,10.66,19.91,24.41
2021-12-23,002370,4.21,4.13,4.25,4.13,92792,38791039.0,2.84,-2.13,-0.09,1.85,0.24,0.24,0.24,-0.48,-0.73,-0.48,-0.97,0.0,0.48,2.18,4.13,4.11,4.13,4.2,5.08,12.59,8.96,7.02,9.69,9.69,13.08,22.52,27.12,39.95
2021-12-24,002370,4.14,4.23,4.34,4.08,193153,81488142.0,6.3,2.42,0.1,3.86,1.47,1.47,0.74,0.49,0.74,0.25,1.23,1.72,3.43,4.17,4.16,4.12,4.13,4.2,9.93,6.38,4.49,7.09,7.09,10.4,19.62,24.11,36.64,50.35
2021-12-27,002370,4.19,4.46,4.65,4.15,404409,179041605.0,11.82,5.44,0.23,8.08,-0.24,-0.96,-1.2,-0.96,-1.45,-0.48,0.0,1.69,2.41,4.58,4.24,4.16,4.14,4.2,0.9,-0.9,1.57,1.57,4.71,13.45,17.71,29.6,42.6,56.95
2021-12-28,002370,4.4,4.32,4.5,4.29,215964,93725979.0,4.71,-3.14,-0.14,4.31,-4.2,-4.43,-4.2,-4.66,-3.73,-3.26,-1.63,-0.93,1.17,8.39,4.27,4.18,4.15,4.2,2.31,4.86,4.86,8.1,17.13,21.53,33.8,47.22,62.04,78.24
2021-12-29,002370,4.32,4.32,4.42,4.25,136855,59584526.0,3.94,0.0,0.0,2.73,-3.53,-3.29,-3.76,-2.82,-2.35,-0.71,0.0,2.12,9.41,5.88,4.29,4.2,4.15,4.19,4.86,4.86,8.1,17.13,21.53,33.8,47.22,62.04,78.24,96.06
2021-12-30,002370,4.3,4.44,4.53,4.27,220604,97178052.0,6.02,2.78,0.12,4.41,-3.75,-4.22,-3.28,-2.81,-1.17,-0.47,1.64,8.9,5.39,3.51,4.35,4.24,4.17,4.19,2.03,5.18,13.96,18.24,30.18,43.24,57.66,73.42,90.77,109.46
2021-12-31,002370,4.42,4.48,4.53,4.41,172073,77125342.0,2.7,0.9,0.04,3.4,-7.26,-6.35,-5.9,-4.31,-3.63,-1.59,5.44,2.04,0.23,2.72,4.4,4.28,4.19,4.2,4.24,12.95,17.19,29.02,41.96,56.25,71.87,89.06,107.59,127.68
2022-01-04,002370,4.45,4.6,4.67,4.44,320858,147668558.0,5.13,2.68,0.12,6.34,-6.98,-6.53,-4.95,-4.28,-2.25,4.73,1.35,-0.45,2.03,2.03,4.43,4.33,4.21,4.21,10.0,14.13,25.65,38.26,52.17,67.39,84.13,102.17,121.74,106.52
2022-01-05,002370,4.63,4.77,5.06,4.47,570278,269177264.0,12.83,3.7,0.17,11.28,-7.16,-5.59,-4.92,-2.91,4.03,0.67,-1.12,1.34,1.34,4.47,4.52,4.4,4.25,4.23,10.06,21.17,33.33,46.75,61.43,77.57,94.97,113.84,99.16,75.68
2022-01-06,002370,4.94,5.25,5.25,4.83,260731,133557703.0,8.81,10.06,0.48,5.16,-12.63,-12.01,-10.14,-3.73,-6.83,-8.49,-6.21,-6.21,-3.31,4.76,4.71,4.5,4.31,4.26,10.1,21.14,33.33,46.67,61.33,77.14,94.29,80.95,59.62,63.24
2022-01-07,002370,5.78,5.78,5.78,5.78,183860,106271080.0,0.0,10.1,0.53,3.64,-26.47,-24.91,-19.55,-22.15,-23.53,-21.63,-21.63,-19.2,-12.46,-9.17,4.98,4.66,4.39,4.31,10.03,21.11,33.22,46.54,60.9,76.47,64.36,44.98,48.27,48.44
2022-01-10,002370,5.98,6.36,6.36,5.85,622690,382387072.0,8.82,10.03,0.58,12.31,-25.81,-20.51,-23.08,-24.44,-22.56,-22.56,-20.17,-13.5,-10.26,-1.2,5.35,4.88,4.5,4.38,10.06,21.07,33.18,46.23,60.38,49.37,31.76,34.75,34.91,12.89
2022-01-11,002370,7.0,7.0,7.0,7.0,49460,34622203.0,0.0,10.06,0.64,0.98,-33.57,-35.71,-36.86,-35.29,-35.29,-33.29,-27.71,-25.0,-17.43,-9.14,5.83,5.13,4.65,4.47,10.0,21.0,32.86,45.71,35.71,19.71,22.43,22.57,2.57,-1.86
2022-01-12,002370,7.7,7.7,7.7,7.7,20552,15825409.0,0.0,10.0,0.7,0.41,-41.56,-42.6,-41.17,-41.17,-39.35,-34.29,-31.82,-24.94,-17.4,-9.09,6.42,5.47,4.83,4.59,10.0,20.78,32.47,23.38,8.83,11.3,11.43,-6.75,-10.78,-19.48
2022-01-13,002370,8.47,8.45,8.47,7.93,2403522,2006830944.0,7.01,9.74,0.75,47.53,-44.26,-42.88,-42.88,-41.11,-36.19,-33.8,-27.11,-19.8,-11.73,-2.9,7.06,5.88,5.04,4.73,10.06,20.71,12.43,-0.83,1.42,1.54,-15.03,-18.7,-26.63,-33.85
2022-01-14,002370,7.7,9.3,9.3,7.69,2128867,1858257120.0,19.05,10.06,0.85,42.1,-41.09,-41.09,-39.27,-34.2,-31.73,-24.84,-17.3,-8.97,0.13,10.14,7.76,6.37,5.3,4.9,9.68,2.15,-9.89,-7.85,-7.74,-22.8,-26.13,-33.33,-39.89,-41.4
2022-01-17,002370,9.5,9.59,10.2,8.7,2271241,2189787248.0,16.13,3.12,0.29,44.91,-47.93,-46.32,-41.84,-39.66,-33.56,-26.9,-19.54,-11.49,-2.64,6.9,8.41,6.88,5.58,5.08,-0.94,-12.62,-10.64,-10.53,-25.13,-28.36,-35.35,-41.71,-43.17,-43.17
2022-01-18,002370,9.32,8.63,9.5,8.63,1184324,1050382160.0,9.07,-10.01,-0.96,23.42,-45.89,-41.37,-39.17,-33.02,-26.3,-18.89,-10.78,-1.85,7.76,18.19,8.73,7.28,5.81,5.24,-2.9,-0.7,-0.58,-16.8,-20.39,-28.16,-35.23,-36.85,-36.85,-35.92
2022-01-19,002370,7.77,7.79,8.38,7.77,1438300,1137562672.0,7.07,-9.73,-0.84,28.44,-34.88,-32.43,-25.61,-18.15,-9.91,-0.9,9.01,19.69,31.27,22.27,8.75,7.58,5.99,5.36,10.01,10.14,-7.83,-11.81,-20.41,-28.24,-30.04,-30.04,-29.01,-26.06
2022-01-20,002370,7.55,8.57,8.57,7.42,1626934,1328496048.0,14.76,10.01,0.78,32.17,-29.25,-22.1,-14.29,-5.66,3.77,14.15,25.34,37.47,28.03,12.94,8.78,7.92,6.21,5.51,0.12,-16.22,-19.84,-27.65,-34.77,-36.41,-36.41,-35.47,-32.79,-33.61
2022-01-21,002370,8.58,7.71,8.58,7.71,1121846,880850144.0,10.15,-10.04,-0.86,22.18,-25.03,-17.51,-9.21,-0.13,9.86,20.62,32.3,23.22,8.69,11.15,8.46,8.11,6.39,5.63,-6.87,-10.89,-19.58,-27.5,-29.31,-29.31,-28.27,-25.29,-26.2,-28.4
2022-01-24,002370,7.01,6.94,7.18,6.94,239125,167208937.0,3.11,-9.99,-0.77,4.73,-8.36,0.86,10.95,22.05,34.01,46.97,36.89,20.75,23.49,23.63,7.93,8.17,6.52,5.72,-1.01,-10.66,-19.45,-21.47,-21.47,-20.32,-17.0,-18.01,-20.46,-17.58
2022-01-25,002370,6.25,6.25,6.87,6.25,853474,540611872.0,8.93,-9.94,-0.69,16.88,12.0,23.2,35.52,48.8,63.2,52.0,34.08,37.12,37.28,14.88,7.45,8.09,6.61,5.79,-0.8,-10.56,-12.8,-12.8,-11.52,-7.84,-8.96,-11.68,-8.48,-4.16
2022-01-26,002370,5.95,5.63,6.2,5.63,745784,428418512.0,9.12,-9.92,-0.62,14.75,36.77,50.44,65.19,81.17,68.74,48.85,52.22,52.4,27.53,22.02,7.02,7.89,6.68,5.85,-0.71,-3.2,-3.2,-1.78,2.31,1.07,-1.95,1.6,6.39,2.13
2022-01-27,002370,5.55,5.3,5.59,5.16,1005564,538348608.0,7.64,-5.86,-0.33,19.88,64.15,80.23,97.67,84.11,62.4,66.09,66.28,39.15,33.14,20.16,6.37,7.57,6.73,5.89,2.83,2.83,4.34,8.68,7.36,4.15,7.92,13.02,8.49,6.23
2022-01-28,002370,5.25,5.32,5.45,5.14,669585,355276320.0,5.85,0.38,0.02,13.24,80.93,98.44,84.82,63.04,66.73,66.93,39.69,33.66,20.62,8.75,5.89,7.17,6.77,5.93,2.44,3.95,8.27,6.95,3.76,7.52,12.59,8.08,5.83,6.2
2022-02-07,002370,5.1,5.3,5.45,4.98,640190,333728272.0,8.83,-0.38,-0.02,12.66,104.82,90.76,68.27,72.09,72.29,44.18,37.95,24.5,12.25,9.44,5.56,6.74,6.81,5.97,4.34,8.68,7.36,4.15,7.92,13.02,8.49,6.23,6.6,14.34
2022-02-08,002370,5.34,5.42,5.53,5.26,631719,340828528.0,5.09,2.26,0.12,12.49,80.61,59.32,62.93,63.12,36.5,30.61,17.87,6.27,3.61,3.61,5.39,6.42,6.85,6.01,6.27,4.98,1.85,5.54,10.52,6.09,3.87,4.24,11.81,10.15
2022-02-09,002370,5.47,5.6,5.76,5.3,805124,445239328.0,8.49,3.32,0.18,15.92,58.11,61.7,61.89,35.47,29.62,16.98,5.47,2.83,2.83,4.34,5.39,6.2,6.89,6.06,1.61,-1.43,2.14,6.96,2.68,0.54,0.89,8.21,6.61,1.96
2022-02-10,002370,5.59,5.5,5.69,5.43,602747,334573648.0,4.64,-1.79,-0.1,11.92,57.83,58.01,32.23,26.52,14.18,2.95,0.37,0.37,1.84,6.08,5.43,5.9,6.91,6.1,0.36,4.0,8.91,4.55,2.36,2.73,10.18,8.55,3.82,5.45
2022-02-11,002370,5.49,5.2,5.52,5.18,581611,307816576.0,6.18,-5.45,-0.3,11.5,65.64,38.61,32.63,19.69,7.92,5.21,5.21,6.76,11.2,9.85,5.4,5.65,6.88,6.14,10.0,15.19,10.58,8.27,8.65,16.54,14.81,9.81,11.54,8.46
2022-02-14,002370,5.27,5.72,5.72,5.27,1053539,586300144.0,8.65,10.0,0.52,20.83,36.24,30.36,17.65,6.07,3.42,3.42,4.93,9.3,7.97,4.74,5.49,5.52,6.85,6.19,4.72,0.52,-1.57,-1.22,5.94,4.37,-0.17,1.4,-1.4,-1.75
2022-02-15,002370,5.64,5.81,5.99,5.43,1254406,720875840.0,9.79,1.57,0.09,24.8,26.52,14.18,2.95,0.37,0.37,1.84,6.08,4.79,1.66,5.34,5.57,5.48,6.79,6.24,-1.03,-3.1,-2.75,4.3,2.75,-1.72,-0.17,-2.93,-3.27,-2.58
2022-02-16,002370,5.67,5.57,5.75,5.54,742113,416351456.0,3.61,-4.13,-0.24,14.67,11.91,0.9,-1.62,-1.62,-0.18,3.97,2.71,-0.36,3.25,8.12,5.56,5.47,6.68,6.28,1.08,1.44,8.8,7.18,2.51,4.13,1.26,0.9,1.62,8.8
2022-02-17,002370,5.53,5.42,5.63,5.39,528158,289350432.0,4.31,-2.69,-0.15,10.44,3.71,1.11,1.11,2.6,6.86,5.57,2.41,6.12,11.13,6.68,5.54,5.49,6.53,6.31,4.24,11.81,10.15,5.35,7.01,4.06,3.69,4.43,11.81,20.48
2022-02-18,002370,5.38,5.58,5.65,5.31,605189,336421952.0,6.27,2.95,0.16,11.97,2.64,2.64,4.14,8.47,7.16,3.95,7.72,12.81,8.29,6.03,5.62,5.51,6.34,6.35,8.6,6.99,2.33,3.94,1.08,0.72,1.43,8.6,17.03,15.23
2022-02-21,002370,5.55,5.85,6.06,5.53,895088,515650544.0,9.5,4.84,0.27,17.7,-1.45,0.0,4.16,2.89,-0.18,3.44,8.32,3.98,1.81,2.17,5.65,5.57,6.16,6.4,2.05,-2.39,-0.85,-3.59,-3.93,-3.25,3.59,11.62,9.91,5.3
2022-02-22,002370,5.84,5.61,5.97,5.6,725413,415177760.0,6.32,-4.1,-0.24,14.34,-1.25,2.86,1.61,-1.43,2.14,6.96,2.68,0.54,0.89,8.21,5.61,5.59,6.0,6.43,1.78,3.39,0.53,0.18,0.89,8.02,16.4,14.62,9.8,5.17
2022-02-23,002370,5.58,5.61,5.71,5.55,525068,295402352.0,2.85,0.0,0.0,10.38,3.78,2.52,-0.54,3.06,7.93,3.6,1.44,1.8,9.19,7.57,5.61,5.59,5.9,6.46,3.39,0.53,0.18,0.89,8.02,16.4,14.62,9.8,5.17,-0.53
2022-02-24,002370,5.62,5.49,5.8,5.4,674638,378317600.0,7.13,-2.14,-0.12,13.34,5.37,2.22,5.93,10.93,6.48,4.26,4.63,12.22,10.56,5.74,5.63,5.59,5.74,6.47,2.73,2.37,3.1,10.38,18.94,17.12,12.2,7.47,1.64,0.18
2022-02-25,002370,5.45,5.57,5.64,5.45,449930,249872721.0,3.46,1.46,0.08,8.9,1.28,4.95,9.91,5.5,3.3,3.67,11.19,9.54,4.77,6.42,5.63,5.62,5.63,6.46,0.9,1.62,8.8,17.24,15.44,10.59,5.92,0.18,-1.26,7.36
2022-02-28,002370,5.55,5.59,5.62,5.36,393642,217121619.0,4.67,0.36,0.02,7.78,6.72,11.75,7.28,5.04,5.41,13.06,11.38,6.53,8.21,5.22,5.57,5.61,5.57,6.43,1.25,8.41,16.82,15.03,10.2,5.55,-0.18,-1.61,6.98,14.49
2022-03-01,002370,5.66,5.51,5.66,5.43,356246,196589728.0,4.11,-1.43,-0.08,7.04,10.31,5.89,3.68,4.05,11.6,9.94,5.16,6.81,3.87,3.5,5.55,5.58,5.53,6.38,9.98,18.51,16.7,11.8,7.08,1.27,-0.18,8.53,16.15,9.62
2022-03-02,002370,5.48,6.06,6.06,5.43,902283,524341520.0,11.43,9.98,0.55,17.84,5.89,3.68,4.05,11.6,9.94,5.16,6.81,3.87,3.5,4.24,5.64,5.63,5.55,6.33,7.76,6.11,1.65,-2.64,-7.92,-9.24,-1.32,5.61,-0.33,-1.32
2022-03-03,002370,6.33,6.18,6.53,5.99,1392576,865475952.0,8.91,1.98,0.12,27.54,-6.01,-5.68,1.17,-0.33,-4.67,-3.17,-5.84,-6.18,-5.51,1.17,5.78,5.7,5.6,6.25,4.05,-0.32,-4.53,-9.71,-11.0,-3.24,3.56,-2.27,-3.24,-0.16
2022-03-04,002370,6.2,6.1,6.43,6.0,963277,597665888.0,6.96,-1.29,-0.08,19.05,-5.83,1.0,-0.5,-4.83,-3.33,-6.0,-6.33,-5.67,1.0,8.83,5.89,5.76,5.63,6.15,0.98,-3.28,-8.52,-9.84,-1.97,4.92,-0.98,-1.97,1.15,7.7
2022-03-07,002370,6.1,5.89,6.16,5.84,577523,344619600.0,5.25,-3.44,-0.21,11.42,3.77,2.23,-2.23,-0.68,-3.42,-3.77,-3.08,3.77,11.82,10.1,5.95,5.76,5.66,6.02,0.17,-5.26,-6.62,1.53,8.66,2.55,1.53,4.75,11.54,11.54
2022-03-08,002370,5.86,5.55,5.9,5.49,519954,292504544.0,6.96,-5.77,-0.34,10.28,8.74,4.01,5.65,2.73,2.37,3.1,10.38,18.94,17.12,12.2,5.96,5.75,5.67,5.92,0.54,-0.9,7.75,15.32,8.83,7.75,11.17,18.38,18.38,16.94
2022-03-09,002370,5.46,5.25,5.58,5.01,581343,306577728.0,10.27,-5.41,-0.3,11.5,13.97,15.77,12.57,12.18,12.97,20.96,30.34,28.34,22.95,17.76,5.79,5.72,5.65,5.84,4.76,13.9,21.9,15.05,13.9,17.52,25.14,25.14,23.62,30.1
2022-03-10,002370,5.39,5.44,5.5,5.29,415278,224622431.0,4.0,3.62,0.19,8.21,9.64,6.62,6.24,6.99,14.56,23.44,21.55,16.45,11.53,5.48,5.65,5.71,5.65,5.73,9.93,17.65,11.03,9.93,13.42,20.77,20.77,19.3,25.55,38.05
2022-03-11,002370,5.33,5.86,5.98,5.27,860059,486475536.0,13.05,7.72,0.42,17.01,7.02,6.64,7.4,14.99,23.91,22.01,16.89,11.95,5.88,4.36,5.6,5.74,5.68,5.67,9.22,3.07,2.05,5.29,12.12,12.12,10.75,16.55,28.16,40.96
2022-03-14,002370,5.9,6.09,6.4,5.72,972079,588557232.0,11.6,3.92,0.23,19.22,-1.75,-1.05,5.94,14.16,12.41,7.69,3.15,-2.45,-3.85,4.55,5.64,5.79,5.7,5.64,-0.82,-1.81,1.31,7.88,7.88,6.57,12.15,23.32,35.63,42.2
2022-03-15,002370,5.95,5.65,6.04,5.61,631052,367570736.0,7.06,-7.22,-0.44,12.48,0.89,8.02,16.4,14.62,9.8,5.17,-0.53,-1.96,6.6,14.08,5.66,5.81,5.69,5.62,5.84,9.2,16.28,16.28,14.87,20.88,32.92,46.19,53.27,25.84
2022-03-16,002370,5.82,5.78,5.98,5.4,559916,317667072.0,10.27,2.3,0.13,11.07,12.22,20.93,19.07,14.07,9.26,3.33,1.85,10.74,18.52,11.85,5.76,5.78,5.7,5.63,6.75,13.67,13.67,12.28,18.17,29.93,42.91,49.83,23.01,26.3
2022-03-17,002370,5.74,5.97,6.17,5.69,786855,470508144.0,8.3,3.29,0.19,15.56,14.76,13.01,8.26,3.69,-1.93,-3.34,5.1,12.48,6.15,5.1,5.87,5.76,5.73,5.65,10.05,10.05,8.71,14.41,25.8,38.36,45.06,19.1,22.28,21.61
2022-03-18,002370,5.88,6.29,6.57,5.83,966502,592884928.0,12.4,5.36,0.32,19.11,10.29,5.66,1.2,-4.29,-5.66,2.57,9.78,3.6,2.57,5.83,5.96,5.78,5.77,5.68,4.45,3.18,8.59,19.4,31.32,37.68,13.04,16.06,15.42,6.52
2022-03-21,002370,6.16,6.5,6.57,6.13,986595,631885584.0,7.0,3.34,0.21,19.51,0.49,-3.75,-8.97,-10.28,-2.45,4.4,-1.47,-2.45,0.65,7.18,6.04,5.84,5.8,5.72,-0.15,5.08,15.54,27.08,33.23,9.38,12.31,11.69,3.08,3.38
2022-03-22,002370,6.49,6.21,6.49,6.14,741376,463955008.0,5.38,-4.46,-0.29,14.66,-3.91,-9.12,-10.42,-2.61,4.23,-1.63,-2.61,0.49,7.0,7.0,6.15,5.9,5.83,5.75,9.98,20.93,33.01,39.45,14.49,17.55,16.91,7.89,8.21,9.98
2022-03-23,002370,6.19,6.83,6.83,6.04,871531,575471552.0,12.72,9.98,0.62,17.23,-7.62,-8.94,-0.99,5.96,0.0,-0.99,2.15,8.77,8.77,7.45,6.36,6.06,5.89,5.79,9.96,20.94,26.79,4.1,6.88,6.3,-1.9,-1.61,0.0,-9.22
2022-03-24,002370,7.19,7.51,7.51,6.88,1293685,935009056.0,9.22,9.96,0.68,25.58,-20.06,-13.08,-6.98,-12.21,-13.08,-10.32,-4.51,-4.51,-5.67,-0.73,6.67,6.27,5.99,5.86,9.99,15.31,-5.33,-2.8,-3.33,-10.79,-10.52,-9.05,-17.44,-19.04
2022-03-25,002370,7.8,8.26,8.26,7.8,1979716,1614233520.0,6.13,9.99,0.75,39.15,-23.33,-17.95,-22.56,-23.33,-20.9,-15.77,-15.77,-16.79,-12.44,-3.72,7.06,6.51,6.13,5.96,4.84,-13.92,-11.62,-12.11,-18.89,-18.64,-17.31,-24.94,-26.39,-27.85
2022-03-28,002370,8.4,7.43,8.66,7.43,1568383,1225425552.0,14.89,-10.05,-0.83,31.01,-13.86,-18.71,-19.52,-16.96,-11.57,-11.57,-12.65,-8.08,1.08,11.17,7.25,6.64,6.22,6.02,-4.31,-1.75,-2.29,-9.83,-9.56,-8.08,-16.55,-18.17,-19.78,-21.53
2022-03-29,002370,6.69,6.74,7.11,6.69,1423046,975045088.0,5.65,-9.29,-0.69,28.14,-9.72,-10.61,-7.77,-1.79,-1.79,-2.99,2.09,12.26,23.47,29.45,7.35,6.75,6.28,6.05,8.31,7.72,-0.59,-0.3,1.34,-8.01,-9.79,-11.57,-13.5,-12.46
2022-03-30,002370,6.75,7.05,7.3,6.28,1391697,942038592.0,15.13,4.6,0.31,27.52,-4.78,-1.75,4.62,4.62,3.34,8.76,19.59,31.53,37.9,13.22,7.4,6.88,6.33,6.1,2.98,-4.96,-4.68,-3.12,-12.06,-13.76,-15.46,-17.3,-16.31,-17.16
2022-03-31,002370,6.85,6.74,7.26,6.71,1174411,819430352.0,7.8,-4.4,-0.31,23.2,-8.05,-2.09,-2.09,-3.28,1.79,11.92,23.1,29.06,5.96,8.79,7.24,6.96,6.36,6.14,-0.59,-0.3,1.34,-8.01,-9.79,-11.57,-13.5,-12.46,-13.35,-17.66
2022-04-01,002370,6.54,6.41,6.7,6.36,788665,512362096.0,5.04,-4.9,-0.33,15.58,3.3,3.3,2.04,7.39,18.08,29.87,36.16,11.79,14.78,14.15,6.87,6.97,6.37,6.17,4.84,6.55,-3.28,-5.15,-7.02,-9.05,-7.96,-8.89,-13.42,-14.82
2022-04-06,002370,6.41,6.53,6.72,6.41,660463,435119392.0,4.84,1.87,0.12,13.05,2.5,1.25,6.55,17.16,28.86,35.1,10.92,13.88,13.26,4.52,6.69,6.97,6.4,6.19,4.59,-5.05,-6.89,-8.73,-10.72,-9.65,-10.57,-15.01,-16.39,-8.88
2022-04-07,002370,6.61,6.28,6.83,6.23,681260,440887504.0,9.19,-3.83,-0.25,13.46,4.17,9.63,20.55,32.58,39.0,14.13,17.17,16.53,7.54,7.87,6.6,6.98,6.44,6.21,-1.27,-3.18,-5.1,-7.17,-6.05,-7.01,-11.62,-13.06,-5.25,-0.16
2022-04-08,002370,6.18,5.97,6.2,5.9,565229,340507936.0,4.78,-4.94,-0.31,11.16,15.76,27.29,40.0,46.78,20.51,23.73,23.05,13.56,13.9,15.76,6.39,6.89,6.48,6.22,1.84,-0.17,-2.35,-1.17,-2.18,-7.04,-8.54,-0.34,5.03,-3.69
2022-04-11,002370,6.0,5.77,6.08,5.7,400578,236441427.0,6.37,-3.35,-0.2,7.91,31.75,44.91,51.93,24.74,28.07,27.37,17.54,17.89,19.82,8.77,6.19,6.72,6.49,6.23,3.29,1.04,2.25,1.21,-3.81,-5.37,3.12,8.67,-0.35,-9.36
2022-04-12,002370,5.76,5.86,5.96,5.75,375059,220190225.0,3.64,1.56,0.09,7.41,43.65,50.61,23.65,26.96,26.26,16.52,16.87,18.78,7.83,5.74,6.08,6.48,6.49,6.24,-0.51,0.68,-0.34,-5.29,-6.83,1.54,7.0,-1.88,-10.75,-13.82
2022-04-13,002370,5.8,5.6,5.83,5.57,370586,209367613.0,4.44,-4.44,-0.26,7.32,55.48,27.65,31.06,30.34,20.29,20.65,22.62,11.31,9.16,7.0,5.9,6.29,6.47,6.24,5.36,4.29,-0.89,-2.5,6.25,11.96,2.68,-6.61,-9.82,-9.64
2022-04-14,002370,5.61,5.81,5.9,5.59,425970,246803910.0,5.54,3.75,0.21,8.41,27.19,30.59,29.87,19.86,20.21,22.18,10.91,8.77,6.62,4.29,5.8,6.2,6.48,6.25,0.52,-4.48,-6.02,2.41,7.92,-1.03,-9.98,-13.08,-12.91,-15.49
2022-04-15,002370,5.83,5.57,5.84,5.52,389063,219361917.0,5.51,-4.13,-0.24,7.68,32.25,31.52,21.38,21.74,23.73,12.32,10.14,7.97,5.62,6.88,5.72,6.05,6.47,6.24,-0.36,-1.97,6.82,12.57,3.23,-6.1,-9.34,-9.16,-11.85,-8.98
2022-04-18,002370,5.55,5.38,5.55,5.33,275507,148909464.0,3.95,-3.41,-0.19,5.44,36.21,25.7,26.08,28.14,16.32,14.07,11.82,9.38,10.69,9.57,5.64,5.92,6.44,6.21,1.49,10.59,16.54,6.88,-2.79,-6.13,-5.95,-8.74,-5.76,-3.72
2022-04-19,002370,5.38,5.41,5.46,5.3,237199,127475158.0,2.97,0.56,0.03,4.69,26.42,26.79,28.87,16.98,14.72,12.45,10.0,11.32,10.19,4.72,5.55,5.82,6.39,6.19,9.98,15.9,6.28,-3.33,-6.65,-6.47,-9.24,-6.28,-4.25,-2.03
2022-04-20,002370,5.62,5.95,5.95,5.58,342630,199609505.0,6.84,9.98,0.54,6.77,20.43,22.4,11.11,8.96,6.81,4.48,5.73,4.66,-0.54,-2.15,5.62,5.76,6.37,6.19,5.38,-3.36,-12.1,-15.13,-14.96,-17.48,-14.79,-12.94,-10.92,-10.08
2022-04-21,002370,6.12,5.88,6.27,5.67,968171,583796816.0,10.08,-1.18,-0.07,19.12,20.46,9.35,7.23,5.11,2.82,4.06,3.0,-2.12,-3.7,4.94,5.64,5.72,6.35,6.2,-2.21,-11.05,-14.12,-13.95,-16.5,-13.78,-11.9,-9.86,-9.01,-9.01
2022-04-22,002370,5.71,5.4,5.75,5.31,548581,300551808.0,7.48,-8.16,-0.48,10.84,16.76,14.5,12.24,9.79,11.11,9.98,4.52,2.82,12.05,18.08,5.6,5.66,6.28,6.21,-3.15,-6.48,-6.3,-9.07,-6.11,-4.07,-1.85,-0.93,-0.93,0.0
2022-04-25,002370,5.18,4.86,5.23,4.86,409427,205469739.0,6.85,-10.0,-0.54,8.09,25.1,22.63,19.96,21.4,20.16,14.2,12.35,22.43,29.01,18.31,5.5,5.57,6.15,6.19,3.91,4.12,1.03,4.32,6.58,9.05,10.08,10.08,11.11,12.55
2022-04-26,002370,4.78,4.96,5.05,4.41,444425,212639683.0,13.17,2.06,0.1,8.78,35.15,32.2,33.79,32.43,25.85,23.81,34.92,42.18,30.39,18.59,5.41,5.48,5.98,6.16,2.02,-1.01,2.22,4.44,6.85,7.86,7.86,8.87,10.28,9.27
2022-04-27,002370,4.64,4.96,5.06,4.52,453128,216708931.0,10.89,0.0,0.0,8.95,28.98,30.53,29.2,22.79,20.8,31.64,38.72,27.21,15.71,11.73,5.21,5.42,5.86,6.12,-1.01,2.22,4.44,6.85,7.86,7.86,8.87,10.28,9.27,7.86
2022-04-28,002370,4.88,4.61,4.91,4.6,317200,150429435.0,6.25,-7.06,-0.35,6.27,28.26,26.96,20.65,18.7,29.35,36.3,25.0,13.7,9.78,10.0,4.96,5.3,5.75,6.08,9.98,12.36,14.97,16.05,16.05,17.14,18.66,17.57,16.05,14.32
2022-04-29,002370,4.67,5.07,5.07,4.61,635428,316959568.0,9.98,9.98,0.46,12.55,26.68,20.39,18.44,29.07,36.01,24.73,13.45,9.54,9.76,6.51,4.89,5.25,5.65,6.06,2.17,4.54,5.52,5.52,6.51,7.89,6.9,5.52,3.94,1.38
2022-05-05,002370,4.76,5.18,5.18,4.76,627590,315070832.0,8.28,2.17,0.11,12.4,16.6,14.71,25.0,31.72,20.8,9.87,6.09,6.3,3.15,6.51,4.96,5.23,5.57,6.03,2.32,3.28,3.28,4.25,5.6,4.63,3.28,1.74,-0.77,-2.51
2022-05-06,002370,4.99,5.1,5.3,4.93,495614,255373114.0,7.14,-1.54,-0.08,9.79,10.75,20.69,27.18,16.63,6.09,2.43,2.64,-0.41,2.84,5.07,4.98,5.2,5.51,5.99,4.9,4.9,5.88,7.25,6.27,4.9,3.33,0.78,-0.98,-0.59
2022-05-09,002370,5.1,5.3,5.35,5.09,426827,223694818.0,5.1,3.92,0.2,8.43,16.9,23.18,12.97,2.75,-0.79,-0.59,-3.54,-0.39,1.77,4.13,5.05,5.13,5.45,5.95,0.94,1.89,3.21,2.26,0.94,-0.57,-3.02,-4.72,-4.34,0.0
2022-05-10,002370,5.25,5.3,5.35,5.19,344107,180907028.0,3.02,0.0,0.0,6.8,20.81,10.79,0.77,-2.7,-2.5,-5.39,-2.31,-0.19,2.12,3.08,5.19,5.07,5.4,5.92,1.89,3.21,2.26,0.94,-0.57,-3.02,-4.72,-4.34,0.0,0.94
2022-05-11,002370,5.19,5.15,5.4,5.15,408077,215753128.0,4.72,-2.83,-0.15,8.06,11.65,1.55,-1.94,-1.75,-4.66,-1.55,0.58,2.91,3.88,3.88,5.21,5.05,5.36,5.87,6.21,5.24,3.88,2.33,-0.19,-1.94,-1.55,2.91,3.88,-2.14
2022-05-12,002370,5.2,5.32,5.47,5.15,483056,257730412.0,6.21,3.3,0.17,9.54,1.55,-1.94,-1.75,-4.66,-1.55,0.58,2.91,3.88,3.88,4.85,5.23,5.09,5.33,5.8,1.88,0.56,-0.94,-3.38,-5.08,-4.7,-0.38,0.56,-5.26,3.76
2022-05-13,002370,5.35,5.23,5.42,5.16,305613,160629041.0,4.89,-1.69,-0.09,6.04,-2.13,-1.94,-4.84,-1.74,0.39,2.71,3.68,3.68,4.65,6.01,5.26,5.12,5.3,5.69,2.29,0.76,-1.72,-3.44,-3.06,1.34,2.29,-3.63,5.54,9.56
2022-05-16,002370,5.22,5.24,5.35,5.18,257019,134884611.0,3.25,0.19,0.01,5.08,-2.32,-5.21,-2.12,0.0,2.32,3.28,3.28,4.25,5.6,4.63,5.25,5.15,5.28,5.62,0.57,-1.91,-3.63,-3.24,1.15,2.1,-3.82,5.34,9.35,2.29
2022-05-17,002370,5.25,5.11,5.27,5.0,256437,130174966.0,5.15,-2.48,-0.13,5.07,-1.8,1.4,3.6,6.0,7.0,7.0,8.0,9.4,8.4,7.0,5.21,5.2,5.25,5.57,0.59,-1.17,-0.78,3.72,4.7,-1.37,8.02,12.13,4.89,2.74
2022-05-18,002370,5.09,5.03,5.14,5.01,210491,106746037.0,2.54,-1.57,-0.08,4.16,1.2,3.39,5.79,6.79,6.79,7.78,9.18,8.18,6.79,5.19,5.19,5.2,5.22,5.5,0.4,0.8,5.37,6.36,0.2,9.74,13.92,6.56,4.37,5.57
2022-05-19,002370,4.93,5.03,5.05,4.79,268648,132924638.0,5.17,0.0,0.0,5.31,8.14,10.65,11.69,11.69,12.73,14.2,13.15,11.69,10.02,7.31,5.13,5.18,5.2,5.44,0.8,5.37,6.36,0.2,9.74,13.92,6.56,4.37,5.57,2.58
2022-05-20,002370,5.04,4.96,5.07,4.93,237448,118171824.0,2.78,-1.39,-0.07,4.69,7.51,8.52,8.52,9.53,10.95,9.94,8.52,6.9,4.26,2.43,5.07,5.17,5.18,5.39,6.85,7.86,1.61,11.29,15.52,8.06,5.85,7.06,4.03,3.43
2022-05-23,002370,4.99,5.26,5.3,4.99,481435,249947061.0,6.25,6.05,0.3,9.51,7.21,7.21,8.22,9.62,8.62,7.21,5.61,3.01,1.2,1.6,5.08,5.16,5.15,5.35,1.71,-4.18,4.94,8.94,1.9,-0.19,0.95,-1.9,-2.47,6.46
2022-05-24,002370,5.22,4.96,5.35,4.95,457595,233807153.0,7.6,-5.7,-0.3,9.04,8.08,9.09,10.51,9.49,8.08,6.46,3.84,2.02,2.42,7.07,5.05,5.13,5.1,5.31,1.61,11.29,15.52,8.06,5.85,7.06,4.03,3.43,12.9,8.87
2022-05-25,002370,4.88,5.02,5.04,4.81,233284,115482316.0,4.64,1.21,0.06,4.61,12.27,13.72,12.68,11.23,9.56,6.86,4.99,5.41,10.19,11.23,5.05,5.12,5.08,5.28,9.96,14.14,6.77,4.58,5.78,2.79,2.19,11.55,7.57,4.38
2022-05-26,002370,5.07,5.52,5.52,4.88,459682,247445491.0,12.75,9.96,0.5,9.08,12.09,11.07,9.63,7.99,5.33,3.48,3.89,8.61,9.63,3.28,5.14,5.14,5.12,5.27,3.8,-2.9,-4.89,-3.8,-6.52,-7.07,1.45,-2.17,-5.07,-4.53
2022-05-27,002370,5.5,5.36,5.73,5.32,917989,506004560.0,7.43,-2.9,-0.16,18.13,1.88,0.56,-0.94,-3.38,-5.08,-4.7,-0.38,0.56,-5.26,3.76,5.22,5.15,5.14,5.25,0.0,-2.05,-0.93,-3.73,-4.29,4.48,0.75,-2.24,-1.68,-2.61
2022-05-30,002370,5.3,5.24,5.36,5.2,447533,235419481.0,2.99,-2.24,-0.12,8.84,2.88,1.35,-1.15,-2.88,-2.5,1.92,2.88,-3.08,6.15,10.19,5.22,5.15,5.15,5.24,0.19,1.34,-1.53,-2.1,6.87,3.05,0.0,0.57,-0.38,-0.19
2022-05-31,002370,5.23,5.17,5.25,5.08,301076,155115049.0,3.24,-1.34,-0.07,5.95,3.74,1.18,-0.59,-0.2,4.33,5.31,-0.79,8.66,12.8,5.51,5.26,5.15,5.18,5.22,2.71,-0.19,-0.77,8.32,4.45,1.35,1.93,0.97,1.16,2.71
2022-06-01,002370,5.13,5.18,5.31,5.12,307074,159505519.0,3.68,0.19,0.01,6.07,0.39,-1.37,-0.98,3.52,4.49,-1.56,7.81,11.91,4.69,2.54,5.29,5.17,5.18,5.2,-0.39,-0.97,8.11,4.25,1.16,1.74,0.77,0.97,2.51,3.28
2022-06-02,002370,5.12,5.08,5.16,5.04,237579,120805712.0,2.32,-1.93,-0.1,4.69,0.2,0.6,5.16,6.15,0.0,9.52,13.69,6.35,4.17,5.36,5.21,5.17,5.18,5.19,0.98,10.24,6.3,3.15,3.74,2.76,2.95,4.53,5.31,3.54
2022-06-06,002370,5.07,5.12,5.13,5.05,212507,108216959.0,1.57,0.79,0.04,4.2,0.4,4.95,5.94,-0.2,9.31,13.47,6.14,3.96,5.15,2.18,5.16,5.19,5.18,5.19,9.38,5.47,2.34,2.93,1.95,2.15,3.71,4.49,2.73,3.12
2022-06-07,002370,5.13,5.4,5.6,5.11,666097,356634160.0,9.57,5.47,0.28,13.16,3.72,4.7,-1.37,8.02,12.13,4.89,2.74,3.91,0.98,0.39,5.19,5.2,5.18,5.17,0.0,-2.96,-2.41,-3.33,-3.15,-1.67,-0.93,-2.59,-2.22,-0.74
2022-06-08,002370,5.28,5.24,5.4,5.2,408944,215166699.0,3.7,-2.96,-0.16,8.08,2.88,-3.08,6.15,10.19,3.08,0.96,2.12,-0.77,-1.35,7.69,5.2,5.23,5.18,5.15,0.0,0.57,-0.38,-0.19,1.34,2.1,0.38,0.76,2.29,2.1
2022-06-09,002370,5.21,5.13,5.24,5.13,223906,115458465.0,2.1,-2.1,-0.11,4.42,-1.75,7.6,11.7,4.48,2.34,3.51,0.58,0.0,9.16,5.26,5.19,5.24,5.18,5.14,2.73,1.75,1.95,3.51,4.29,2.53,2.92,4.48,4.29,3.51
2022-06-10,002370,5.12,5.23,5.27,5.08,192423,99940233.0,3.7,1.95,0.1,3.8,8.66,12.8,5.51,3.35,4.53,1.57,0.98,10.24,6.3,3.15,5.22,5.21,5.18,5.15,-0.19,0.0,1.53,2.29,0.57,0.96,2.49,2.29,1.53,1.72
2022-06-13,002370,5.18,5.18,5.22,5.13,164452,84943260.0,1.72,-0.96,-0.05,3.25,11.7,4.48,2.34,3.51,0.58,0.0,9.16,5.26,2.14,2.73,5.24,5.2,5.17,5.16,0.97,2.51,3.28,1.54,1.93,3.47,3.28,2.51,2.7,4.63
2022-06-14,002370,5.15,5.22,5.23,5.02,233841,119774839.0,4.05,0.77,0.04,4.62,6.77,4.58,5.78,2.79,2.19,11.55,7.57,4.38,4.98,3.98,5.2,5.19,5.17,5.16,1.72,2.49,0.77,1.15,2.68,2.49,1.72,1.92,3.83,6.9
2022-06-15,002370,5.21,5.18,5.31,5.18,231926,121219073.0,2.49,-0.77,-0.04,4.58,1.35,2.51,-0.39,-0.97,8.11,4.25,1.16,1.74,0.77,0.97,5.19,5.2,5.18,5.18,3.28,1.54,1.93,3.47,3.28,2.51,2.7,4.63,7.72,8.49
2022-06-16,002370,5.16,5.26,5.35,5.16,300258,158154061.0,3.67,1.54,0.08,5.93,2.91,0.0,-0.58,8.53,4.65,1.55,2.13,1.16,1.36,2.91,5.21,5.2,5.19,5.19,0.0,0.38,1.9,1.71,0.95,1.14,3.04,6.08,6.84,3.8
2022-06-17,002370,5.26,5.19,5.26,5.11,198362,102794157.0,2.85,-1.33,-0.07,3.92,0.98,0.39,9.59,5.68,2.54,3.13,2.15,2.35,3.91,4.7,5.21,5.21,5.2,5.19,1.73,3.28,3.08,2.31,2.5,4.43,7.51,8.29,5.2,4.24
2022-06-20,002370,5.19,5.28,5.28,5.15,242677,126889641.0,2.5,1.73,0.09,4.79,-0.39,8.74,4.85,1.75,2.33,1.36,1.55,3.11,3.88,2.14,5.23,5.23,5.21,5.2,1.52,1.33,0.57,0.76,2.65,5.68,6.44,3.41,2.46,4.17
2022-06-21,002370,5.27,5.26,5.36,5.2,238916,126138071.0,3.03,-0.38,-0.02,4.72,7.69,3.85,0.77,1.35,0.38,0.58,2.12,2.88,1.15,1.54,5.23,5.22,5.21,5.2,1.71,0.95,1.14,3.04,6.08,6.84,3.8,2.85,4.56,6.65
2022-06-22,002370,5.27,5.29,5.35,5.21,284215,150617401.0,2.66,0.57,0.03,5.61,3.65,0.58,1.15,0.19,0.38,1.92,2.69,0.96,1.34,2.88,5.26,5.22,5.23,5.19,0.38,0.57,2.46,5.48,6.24,3.21,2.27,3.97,6.05,1.13
2022-06-23,002370,5.25,5.28,5.31,5.11,288610,149750549.0,3.78,-0.19,-0.01,5.7,2.54,3.13,2.15,2.35,3.91,4.7,2.94,3.33,4.89,4.7,5.26,5.24,5.24,5.2,0.76,2.65,5.68,6.44,3.41,2.46,4.17,6.25,1.33,-0.95
2022-06-24,002370,5.27,5.28,5.32,5.22,219007,115429542.0,1.89,0.0,0.0,4.33,0.96,0.0,0.19,1.72,2.49,0.77,1.15,2.68,2.49,1.72,5.28,5.24,5.23,5.2,2.65,5.68,6.44,3.41,2.46,4.17,6.25,1.33,-0.95,0.38
2022-06-27,002370,5.33,5.37,5.42,5.3,321268,171935930.0,2.27,1.7,0.09,6.35,-1.51,-1.32,0.19,0.94,-0.75,-0.38,1.13,0.94,0.19,0.38,5.3,5.26,5.23,5.2,3.91,4.66,1.68,0.74,2.42,4.47,-0.37,-2.61,-1.3,7.82
2022-06-28,002370,5.37,5.53,5.58,5.24,498487,273859568.0,6.33,2.98,0.16,9.85,-0.19,1.34,2.1,0.38,0.76,2.29,2.1,1.34,1.53,3.44,5.35,5.29,5.24,5.21,1.63,-1.27,-2.17,-0.54,1.45,-3.25,-5.42,-4.16,4.7,1.27
2022-06-29,002370,5.54,5.4,5.62,5.38,300114,164458503.0,4.34,-2.35,-0.13,5.93,-1.3,-0.56,-2.23,-1.86,-0.37,-0.56,-1.3,-1.12,0.74,3.72,5.37,5.31,5.26,5.22,1.11,0.19,1.85,3.89,-0.93,-3.15,-1.85,7.22,3.7,-0.74
2022-06-30,002370,5.4,5.34,5.46,5.3,253577,135966877.0,2.96,-1.11,-0.06,5.11,0.94,-0.75,-0.38,1.13,0.94,0.19,0.38,2.26,5.28,6.04,5.38,5.32,5.26,5.23,1.31,3.0,5.06,0.19,-2.06,-0.75,8.43,4.87,0.37,2.62
2022-07-01,002370,5.34,5.37,5.41,5.25,189915,101511933.0,3.0,0.56,0.03,3.83,0.19,0.57,2.1,1.9,1.14,1.33,3.24,6.29,7.05,4.0,5.4,5.34,5.28,5.24,2.42,4.47,-0.37,-2.61,-1.3,7.82,4.28,-0.19,2.05,-3.54
2022-07-04,002370,5.41,5.47,5.5,5.39,256420,139955404.0,2.05,1.86,0.1,5.17,-2.04,-0.56,-0.74,-1.48,-1.3,0.56,3.53,4.27,1.3,0.37,5.42,5.36,5.3,5.26,2.56,-2.19,-4.39,-3.11,5.85,2.38,-2.01,0.18,-5.3,-6.22
2022-07-05,002370,5.55,5.38,5.61,5.32,312488,170313660.0,5.3,-1.65,-0.09,6.3,0.75,0.56,-0.19,0.0,1.88,4.89,5.64,2.63,1.69,3.38,5.39,5.37,5.29,5.26,-0.56,-2.79,-1.49,7.62,4.09,-0.37,1.86,-3.72,-4.65,-3.53
2022-07-06,002370,5.34,5.21,5.35,5.18,226569,119160983.0,3.16,-3.16,-0.17,4.57,3.28,2.51,2.7,4.63,7.72,8.49,5.41,4.44,6.18,8.3,5.35,5.36,5.29,5.27,0.38,1.73,11.13,7.49,2.88,5.18,-0.58,-1.54,-0.38,-0.38
2022-07-07,002370,5.21,5.21,5.23,5.12,155463,80527333.0,2.11,0.0,0.0,3.13,3.71,3.91,5.86,8.98,9.77,6.64,5.66,7.42,9.57,4.49,5.33,5.36,5.3,5.28,1.73,11.13,7.49,2.88,5.18,-0.58,-1.54,-0.38,-0.38,-0.58
2022-07-08,002370,5.19,5.26,5.3,5.18,147786,77609828.0,2.3,0.96,0.05,2.98,2.7,4.63,7.72,8.49,5.41,4.44,6.18,8.3,3.28,0.97,5.31,5.35,5.3,5.27,10.08,6.46,1.9,4.18,-1.52,-2.47,-1.33,-1.33,-1.52,-2.47
2022-07-11,002370,5.26,5.6,5.79,5.24,830802,464906944.0,10.46,6.46,0.34,16.75,3.44,6.49,7.25,4.2,3.24,4.96,7.06,2.1,-0.19,1.15,5.33,5.38,5.32,5.28,0.0,-4.29,-2.14,-7.5,-8.39,-7.32,-7.32,-7.5,-8.39,-0.36
2022-07-12,002370,5.6,5.37,5.6,5.35,494387,268363736.64,4.46,-4.11,-0.23,9.96,4.3,5.05,2.06,1.12,2.8,4.86,0.0,-2.24,-0.93,8.22,5.33,5.36,5.33,5.28,-0.19,2.05,-3.54,-4.47,-3.35,-3.35,-3.54,-4.47,3.91,14.34
2022-07-13,002370,5.32,5.29,5.36,5.21,287959,151898657.03,2.79,-1.49,-0.08,5.8,7.87,4.8,3.84,5.57,7.68,2.69,0.38,1.73,11.13,7.49,5.35,5.35,5.33,5.29,3.59,-2.08,-3.02,-1.89,-1.89,-2.08,-3.02,5.48,16.07,18.53
2022-07-14,002370,5.4,5.29,5.48,5.27,293858,157108138.89,3.97,0.0,0.0,5.92,3.61,2.66,4.36,6.45,1.52,-0.76,0.57,9.87,6.26,1.71,5.36,5.34,5.33,5.29,-2.08,-3.02,-1.89,-1.89,-2.08,-3.02,5.48,16.07,18.53,25.33
2022-07-15,002370,5.18,5.08,5.18,5.05,330621,168803130.71,2.46,-3.97,-0.21,6.66,7.13,8.91,11.09,5.94,3.56,4.95,14.65,10.89,6.14,8.51,5.33,5.32,5.33,5.29,0.98,2.17,2.17,1.97,0.98,9.84,20.87,23.43,30.51,23.82
2022-07-18,002370,5.04,5.13,5.13,5.01,149105,76145430.5,2.36,0.98,0.05,3.01,9.78,11.98,6.79,4.39,5.79,15.57,11.78,6.99,9.38,3.39,5.23,5.28,5.32,5.29,1.17,1.17,0.97,0.0,8.77,19.69,22.22,29.24,22.61,19.3
2022-07-19,002370,5.11,5.16,5.19,5.08,139792,71811688.46,2.14,0.58,0.03,2.82,10.43,5.31,2.95,4.33,13.98,10.24,5.51,7.87,1.97,0.98,5.19,5.26,5.32,5.28,0.58,0.39,-0.58,8.14,18.99,21.51,28.49,21.9,18.6,10.27
2022-07-20,002370,5.16,5.14,5.19,5.13,132712,68436974.86,1.16,-0.39,-0.02,2.67,4.29,1.95,3.31,12.87,9.16,4.48,6.82,0.97,0.0,1.17,5.16,5.25,5.31,5.28,0.78,-0.19,8.56,19.46,21.98,28.99,22.37,19.07,10.7,9.34
2022-07-21,002370,5.14,5.12,5.18,5.07,153412,78412433.63,2.14,-0.39,-0.02,3.09,3.16,4.54,14.2,10.45,5.72,8.09,2.17,1.18,2.37,2.37,5.13,5.24,5.3,5.28,0.2,8.98,19.92,22.46,29.49,22.85,19.53,11.13,9.77,6.84
2022-07-22,002370,5.1,5.07,5.13,5.03,147275,74754676.86,1.95,-0.98,-0.05,2.97,5.37,15.11,11.33,6.56,8.95,2.98,1.99,3.18,3.18,2.98,5.12,5.22,5.29,5.27,10.06,21.1,23.67,30.77,24.06,20.71,12.23,10.85,7.89,14.79
2022-07-25,002370,5.18,5.58,5.58,5.16,588009,319506925.88,8.28,10.06,0.51,11.85,12.21,8.53,3.88,6.2,0.39,-0.58,0.58,0.58,0.39,-0.58,5.21,5.22,5.3,5.29,10.04,12.37,18.82,12.72,9.68,1.97,0.72,-1.97,4.3,7.53
2022-07-26,002370,5.96,5.7,6.14,5.63,1425076,845353756.56,9.14,2.15,0.12,28.72,-0.53,-4.8,-2.66,-7.99,-8.88,-7.82,-7.82,-7.99,-8.88,-0.89,5.32,5.26,5.31,5.3,10.0,16.32,10.35,7.37,-0.18,-1.4,-4.04,2.11,5.26,1.75
2022-07-27,002370,5.48,6.27,6.27,5.48,1206347,705286277.55,13.86,10.0,0.57,24.31,-2.19,0.0,-5.47,-6.39,-5.29,-5.29,-5.47,-6.39,1.82,12.04,5.55,5.35,5.35,5.34,5.74,0.32,-2.39,-9.25,-10.37,-12.76,-7.18,-4.31,-7.5,-10.05
2022-07-28,002370,6.1,6.11,6.63,5.96,1429777,893467018.32,10.69,-2.55,-0.16,28.82,-8.05,-13.09,-13.93,-12.92,-12.92,-13.09,-13.93,-6.38,3.02,5.2,5.75,5.44,5.39,5.37,2.95,0.16,-6.87,-8.02,-10.47,-4.75,-1.8,-5.07,-7.69,-7.86
2022-07-29,002370,6.12,5.98,6.29,5.96,871340,531792907.6,5.4,-2.13,-0.13,17.56,-13.09,-13.93,-12.92,-12.92,-13.09,-13.93,-6.38,3.02,5.2,11.24,5.93,5.53,5.42,5.39,2.34,-4.85,-6.02,-8.53,-2.68,0.33,-3.01,-5.69,-5.85,-6.02
2022-08-01,002370,5.9,5.83,6.12,5.75,733973,431715626.4,6.19,-2.51,-0.15,14.79,-10.78,-9.74,-9.74,-9.91,-10.78,-2.96,6.78,9.04,15.3,9.39,5.98,5.6,5.44,5.41,-2.4,-3.6,-6.17,-0.17,2.92,-0.51,-3.26,-3.43,-3.6,-5.32
2022-08-02,002370,5.69,5.26,5.69,5.26,695694,375823142.41,7.38,-9.78,-0.57,14.02,-1.33,-1.33,-1.52,-2.47,6.08,16.73,19.2,26.05,19.58,16.35,5.89,5.61,5.43,5.41,6.84,3.99,10.65,14.07,10.27,7.22,7.03,6.84,4.94,4.37
2022-08-03,002370,5.3,5.41,5.62,5.29,619463,335690719.69,6.27,2.85,0.15,12.49,-1.89,-2.08,-3.02,5.48,16.07,18.53,25.33,18.9,15.69,7.56,5.72,5.63,5.44,5.42,1.11,7.58,10.91,7.21,4.25,4.07,3.88,2.03,1.48,2.03
2022-08-04,002370,5.36,5.44,5.47,5.3,373175,201015897.77,3.14,0.55,0.03,7.52,-2.26,-3.21,5.28,15.85,18.3,25.09,18.68,15.47,7.36,6.04,5.58,5.66,5.45,5.42,6.99,10.29,6.62,3.68,3.49,3.31,1.47,0.92,1.47,0.37
2022-08-05,002370,5.54,5.68,5.82,5.42,634943,356114344.74,7.35,4.41,0.24,12.8,-5.35,2.95,13.28,15.68,22.32,16.05,12.92,4.98,3.69,0.92,5.52,5.73,5.48,5.44,5.63,2.11,-0.7,-0.88,-1.06,-2.82,-3.35,-2.82,-3.87,-5.99
2022-08-08,002370,5.58,5.77,6.0,5.56,595167,344351744.94,7.75,1.58,0.09,12.0,0.36,10.43,12.77,19.24,13.13,10.07,2.34,1.08,-1.62,4.68,5.51,5.74,5.48,5.45,0.52,-2.25,-2.43,-2.6,-4.33,-4.85,-4.33,-5.37,-7.45,-7.45
2022-08-09,002370,5.71,5.65,5.8,5.63,421837,239098443.82,2.95,-2.08,-0.12,8.5,9.06,11.37,17.76,11.72,8.7,1.07,-0.18,-2.84,3.37,6.57,5.59,5.74,5.5,5.45,-0.18,-0.35,-0.53,-2.3,-2.83,-2.3,-3.36,-5.49,-5.49,-6.19
2022-08-10,002370,5.6,5.52,5.64,5.48,295922,163812530.86,2.83,-2.3,-0.13,5.96,14.42,20.99,14.78,11.68,3.83,2.55,-0.18,6.2,9.49,5.84,5.61,5.66,5.51,5.46,1.99,1.81,0.0,-0.54,0.0,-1.09,-3.26,-3.26,-3.99,-3.26
2022-08-11,002370,5.61,5.53,5.63,5.51,272985,151388934.9,2.17,0.18,0.01,5.5,20.33,14.16,11.07,3.27,2.0,-0.73,5.63,8.89,5.26,2.36,5.63,5.61,5.52,5.46,1.63,-0.18,-0.72,-0.18,-1.27,-3.44,-3.44,-4.16,-3.44,-5.06
2022-08-12,002370,5.51,5.58,5.62,5.42,383059,212417896.61,3.62,0.9,0.05,7.72,16.05,12.92,4.98,3.69,0.92,7.38,10.7,7.01,4.06,3.87,5.61,5.57,5.55,5.47,-1.08,-1.61,-1.08,-2.15,-4.3,-4.3,-5.02,-4.3,-5.91,-6.27
2022-08-15,002370,5.51,5.43,5.52,5.39,297479,161444411.42,2.33,-2.69,-0.15,6.0,13.54,5.57,4.27,1.48,7.98,11.32,7.61,4.64,4.45,4.27,5.54,5.53,5.56,5.47,1.1,1.66,0.55,-1.66,-1.66,-2.39,-1.66,-3.31,-3.68,-5.16
2022-08-16,002370,5.44,5.45,5.49,5.38,236953,128415254.24,2.03,0.37,0.02,4.78,5.76,4.46,1.67,8.18,11.52,7.81,4.83,4.65,4.46,2.6,5.5,5.55,5.58,5.47,1.28,0.18,-2.02,-2.02,-2.75,-2.02,-3.67,-4.04,-5.5,-4.22
2022-08-17,002370,5.4,5.48,5.52,5.38,229867,125073202.46,2.57,0.55,0.03,4.63,4.46,1.67,8.18,11.52,7.81,4.83,4.65,4.46,2.6,2.04,5.49,5.55,5.59,5.48,-0.36,-2.55,-2.55,-3.28,-2.55,-4.2,-4.56,-6.02,-4.74,-4.93
2022-08-18,002370,5.45,5.32,5.46,5.3,307232,164065989.59,2.92,-2.92,-0.16,6.19,3.21,9.81,13.21,9.43,6.42,6.23,6.04,4.15,3.58,4.15,5.45,5.54,5.6,5.48,0.38,0.38,-0.38,0.38,-1.32,-1.69,-3.2,-1.88,-2.07,0.0
2022-08-19,002370,5.3,5.28,5.34,5.27,158102,83727981.78,1.32,-0.75,-0.04,3.19,10.44,13.85,10.06,7.02,6.83,6.64,4.74,4.17,4.74,3.61,5.39,5.5,5.61,5.48,1.14,0.38,1.14,-0.57,-0.95,-2.46,-1.14,-1.33,0.76,0.19
2022-08-22,002370,5.25,5.3,5.34,5.2,138852,73418658.57,2.65,0.38,0.02,2.8,15.38,11.54,8.46,8.27,8.08,6.15,5.58,6.15,5.0,2.69,5.37,5.45,5.6,5.47,0.0,0.75,-0.94,-1.32,-2.83,-1.51,-1.7,0.38,-0.19,-0.57
2022-08-23,002370,5.28,5.28,5.3,5.23,142818,75124939.46,1.32,-0.38,-0.02,2.88,10.9,7.84,7.65,7.46,5.54,4.97,5.54,4.4,2.1,2.1,5.33,5.42,5.58,5.47,1.14,-0.57,-0.95,-2.46,-1.14,-1.33,0.76,0.19,-0.19,5.11
2022-08-24,002370,5.27,5.21,5.34,5.2,171358,89989773.64,2.65,-1.33,-0.07,3.45,8.46,8.27,8.08,6.15,5.58,6.15,5.0,2.69,2.69,1.92,5.28,5.39,5.53,5.47,0.77,0.38,-1.15,0.19,0.0,2.11,1.54,1.15,6.53,3.07
2022-08-25,002370,5.21,5.19,5.25,5.09,150490,77517920.64,3.07,-0.38,-0.02,3.03,10.61,10.41,8.45,7.86,8.45,7.27,4.91,4.91,4.13,4.91,5.25,5.35,5.48,5.47,0.77,-0.77,0.58,0.39,2.5,1.93,1.54,6.94,3.47,0.96
2022-08-26,002370,5.18,5.14,5.23,5.13,105636,54646447.07,1.93,-0.96,-0.05,2.13,9.55,7.6,7.02,7.6,6.43,4.09,4.09,3.31,4.09,2.34,5.22,5.31,5.44,5.47,0.19,1.56,1.36,3.5,2.92,2.53,7.98,4.47,1.95,2.53
2022-08-29,002370,5.03,5.15,5.15,5.02,102553,52248424.18,2.53,0.19,0.01,2.07,9.96,9.36,9.96,8.76,6.37,6.37,5.58,6.37,4.58,4.18,5.19,5.28,5.4,5.47,1.36,1.17,3.3,2.72,2.33,7.77,4.27,1.75,2.33,2.72
2022-08-30,002370,5.15,5.16,5.22,5.13,92468,47785503.62,1.75,0.19,0.01,1.86,7.02,7.6,6.43,4.09,4.09,3.31,4.09,2.34,1.95,0.39,5.17,5.25,5.4,5.47,0.97,3.1,2.52,2.13,7.56,4.07,1.55,2.13,2.52,1.74
2022-08-31,002370,5.16,5.17,5.21,5.09,125039,64437606.89,2.33,0.19,0.01,2.52,8.45,7.27,4.91,4.91,4.13,4.91,3.14,2.75,1.18,2.55,5.16,5.22,5.39,5.47,2.9,2.32,1.93,7.35,3.87,1.35,1.93,2.32,1.55,2.32
2022-09-01,002370,5.2,5.29,5.32,5.17,213545,112119565.26,2.9,2.32,0.12,4.3,5.61,3.29,3.29,2.51,3.29,1.55,1.16,-0.39,0.97,0.77,5.18,5.22,5.38,5.47,0.0,-0.38,4.91,1.51,-0.95,-0.38,0.0,-0.76,0.0,-2.46
2022-09-02,002370,5.28,5.27,5.29,5.22,127025,66548424.93,1.32,-0.38,-0.02,2.56,2.3,2.3,1.53,2.3,0.57,0.19,-1.34,0.0,-0.19,1.92,5.21,5.22,5.36,5.48,0.0,5.31,1.9,-0.57,0.0,0.38,-0.38,0.38,-2.09,1.71
2022-09-05,002370,5.27,5.18,5.27,5.17,109124,56738097.73,1.9,-1.71,-0.09,2.2,3.29,2.51,3.29,1.55,1.16,-0.39,0.97,0.77,2.9,2.32,5.21,5.2,5.33,5.47,7.14,3.67,1.16,1.74,2.12,1.35,2.12,-0.39,3.47,0.0
2022-09-06,002370,5.17,5.38,5.55,5.14,364639,195429777.02,7.92,3.86,0.2,7.35,3.11,3.89,2.14,1.75,0.19,1.56,1.36,3.5,2.92,2.53,5.26,5.21,5.32,5.46,-0.19,-2.6,-2.04,-1.67,-2.42,-1.67,-4.09,-0.37,-3.72,-4.65
2022-09-07,002370,5.3,5.27,5.37,5.24,237853,125606865.24,2.42,-2.04,-0.11,4.79,1.91,0.19,-0.19,-1.72,-0.38,-0.57,1.53,0.95,0.57,5.92,5.28,5.22,5.3,5.42,-0.57,0.0,0.38,-0.38,0.38,-2.09,1.71,-1.71,-2.66,-2.85
2022-09-08,002370,5.22,5.17,5.24,5.17,129383,67245242.04,1.33,-1.9,-0.1,2.61,1.55,1.16,-0.39,0.97,0.77,2.9,2.32,1.93,7.35,3.87,5.25,5.22,5.29,5.39,1.93,2.32,1.55,2.32,-0.19,3.68,0.19,-0.77,-0.97,-1.16
2022-09-09,002370,5.2,5.22,5.27,5.19,103761,54209845.98,1.55,0.97,0.05,2.09,0.77,-0.77,0.58,0.39,2.5,1.93,1.54,6.94,3.47,0.96,5.24,5.23,5.27,5.37,1.34,0.57,1.34,-1.15,2.68,-0.77,-1.72,-1.92,-2.11,-3.26
2022-09-13,002370,5.2,5.26,5.29,5.2,116821,61372463.12,1.72,0.77,0.04,2.35,-0.96,0.38,0.19,2.31,1.73,1.35,6.73,3.27,0.77,1.35,5.26,5.24,5.26,5.35,-0.19,0.57,-1.9,1.9,-1.52,-2.47,-2.66,-2.85,-3.99,-6.84
2022-09-14,002370,5.18,5.24,5.25,5.12,112589,58488183.78,2.47,-0.38,-0.02,2.27,1.95,1.76,3.91,3.32,2.93,8.4,4.88,2.34,2.93,3.32,5.23,5.24,5.25,5.35,0.95,-1.53,2.29,-1.15,-2.1,-2.29,-2.48,-3.63,-6.49,-5.34
2022-09-15,002370,5.29,5.14,5.29,5.07,125631,64949802.4,4.2,-1.91,-0.1,2.53,2.76,4.93,4.34,3.94,9.47,5.92,3.35,3.94,4.34,3.55,5.21,5.24,5.23,5.34,0.39,4.28,0.78,-0.19,-0.39,-0.58,-1.75,-4.67,-3.5,-6.42
2022-09-16,002370,5.12,5.02,5.16,5.02,110780,56111629.74,2.72,-2.33,-0.12,2.23,5.98,5.38,4.98,10.56,6.97,4.38,4.98,5.38,4.58,5.38,5.18,5.21,5.22,5.32,6.77,3.19,2.19,1.99,1.79,0.6,-2.39,-1.2,-4.18,-5.38
2022-09-19,002370,5.16,5.17,5.36,5.11,184257,95990622.04,4.98,2.99,0.15,3.71,3.52,3.13,8.61,5.09,2.54,3.13,3.52,2.74,3.52,0.98,5.17,5.2,5.21,5.31,0.19,-0.77,-0.97,-1.16,-2.32,-5.22,-4.06,-6.96,-8.12,-7.74
2022-09-20,002370,5.13,5.15,5.18,5.06,123594,63405285.06,2.32,-0.39,-0.02,2.49,4.15,9.68,6.13,3.56,4.15,4.55,3.75,4.55,1.98,5.93,5.14,5.2,5.2,5.29,-0.39,-0.58,-0.78,-1.94,-4.85,-3.69,-6.6,-7.77,-7.38,-9.71
2022-09-21,002370,5.12,5.12,5.13,5.06,83688,42646815.12,1.36,-0.58,-0.03,1.69,9.68,6.13,3.56,4.15,4.55,3.75,4.55,1.98,5.93,2.37,5.12,5.18,5.2,5.27,0.0,-0.2,-1.37,-4.3,-3.12,-6.05,-7.23,-6.84,-9.18,-9.57
2022-09-22,002370,5.12,5.08,5.12,5.07,66681,33951383.48,0.98,-0.78,-0.04,1.34,5.92,3.35,3.94,4.34,3.55,4.34,1.78,5.72,2.17,1.18,5.11,5.16,5.19,5.25,0.59,-0.59,-3.54,-2.36,-5.31,-6.5,-6.1,-8.46,-8.86,-5.91
2022-09-23,002370,5.06,5.05,5.11,5.02,75006,37891663.53,1.77,-0.59,-0.03,1.51,4.38,4.98,5.38,4.58,5.38,2.79,6.77,3.19,2.19,1.99,5.11,5.14,5.18,5.24,0.0,-2.97,-1.78,-4.75,-5.94,-5.54,-7.92,-8.32,-5.35,-1.98
2022-09-26,002370,5.05,4.8,5.05,4.8,133607,65387270.32,4.95,-4.95,-0.25,2.69,9.79,10.21,9.38,10.21,7.5,11.67,7.92,6.88,6.67,6.46,5.04,5.1,5.16,5.21,2.08,3.33,0.21,-1.04,-0.63,-3.12,-3.54,-0.42,3.12,3.96
2022-09-27,002370,4.79,4.88,4.9,4.68,115620,55585770.17,4.58,1.67,0.08,2.33,13.03,12.18,13.03,10.26,14.53,10.68,9.62,9.4,9.19,7.91,4.99,5.06,5.15,5.19,1.64,-1.43,-2.66,-2.25,-4.71,-5.12,-2.05,1.43,2.25,4.51
2022-09-28,002370,4.87,4.78,4.96,4.78,86259,41882230.4,3.69,-2.05,-0.1,1.74,9.83,10.67,7.95,12.13,8.37,7.32,7.11,6.9,5.65,2.51,4.92,5.02,5.13,5.17,0.63,-0.63,-0.21,-2.72,-3.14,0.0,3.56,4.39,6.69,6.28
2022-09-29,002370,4.73,4.6,4.81,4.6,124597,58495790.79,4.39,-3.77,-0.18,2.51,15.0,12.17,16.52,12.61,11.52,11.3,11.09,9.78,6.52,7.83,4.82,4.96,5.1,5.14,3.26,3.7,1.09,0.65,3.91,7.61,8.48,10.87,10.43,11.74
2022-09-30,002370,4.53,4.65,4.75,4.52,148287,69424218.18,5.0,1.09,0.05,2.99,14.16,18.58,14.6,13.5,13.27,13.05,11.73,8.41,9.73,6.42,4.74,4.93,5.07,5.12,2.58,0.0,-0.43,2.8,6.45,7.31,9.68,9.25,10.54,18.28
2022-10-10,002370,4.66,4.6,4.77,4.56,106054,49663762.6,4.52,-1.08,-0.05,2.14,17.54,13.6,12.5,12.28,12.06,10.75,7.46,8.77,5.48,4.17,4.7,4.87,5.04,5.1,1.09,0.65,3.91,7.61,8.48,10.87,10.43,11.74,19.57,15.22
2022-10-11,002370,4.56,4.55,4.65,4.42,106319,47930139.07,5.0,-1.09,-0.05,2.14,17.19,16.06,15.84,15.61,14.25,10.86,12.22,8.82,7.47,7.92,4.64,4.81,5.01,5.07,1.76,5.05,8.79,9.67,12.09,11.65,12.97,20.88,16.48,9.23
2022-10-12,002370,4.58,4.62,4.63,4.43,122060,55201390.37,4.4,1.54,0.07,2.46,15.8,15.58,15.35,14.0,10.61,11.96,8.58,7.22,7.67,4.97,4.6,4.76,4.97,5.05,3.46,7.14,8.01,10.39,9.96,11.26,19.05,14.72,7.58,10.82
2022-10-13,002370,4.6,4.74,4.78,4.57,151204,71048960.3,4.55,2.6,0.12,3.05,12.04,11.82,10.5,7.22,8.53,5.25,3.94,4.38,1.75,1.31,4.63,4.73,4.94,5.03,4.43,5.27,7.59,7.17,8.44,16.03,11.81,4.85,8.02,6.33
2022-10-14,002370,4.72,4.88,4.95,4.71,215995,105411501.01,5.06,2.95,0.14,4.35,8.49,7.22,4.03,5.31,2.12,0.85,1.27,-1.27,-1.7,1.49,4.68,4.71,4.93,5.02,2.25,4.51,4.1,5.33,12.7,8.61,1.84,4.92,3.28,2.46
2022-10-17,002370,4.87,4.95,4.99,4.84,160507,79450898.13,3.07,1.43,0.07,3.24,4.34,1.24,2.48,-0.62,-1.86,-1.45,-3.93,-4.34,-1.24,2.27,4.75,4.72,4.91,5.02,3.03,2.63,3.84,11.11,7.07,0.4,3.43,1.82,1.01,5.66
2022-10-18,002370,4.96,5.06,5.1,4.89,209375,105159063.81,4.24,2.22,0.11,4.22,0.2,1.43,-1.64,-2.86,-2.45,-4.91,-5.32,-2.25,1.23,2.04,4.85,4.74,4.9,5.02,0.4,1.58,8.7,4.74,-1.78,1.19,-0.4,-1.19,3.36,5.14
2022-10-19,002370,5.08,4.95,5.08,4.94,148335,73806693.0,2.77,-2.17,-0.11,2.99,0.4,-2.63,-3.85,-3.44,-5.87,-6.28,-3.24,0.2,1.01,3.24,4.92,4.76,4.89,5.01,3.84,11.11,7.07,0.4,3.43,1.82,1.01,5.66,7.47,7.07
2022-10-20,002370,4.91,5.0,5.14,4.9,225877,114283268.27,4.85,1.01,0.05,4.55,-1.84,-3.06,-2.65,-5.1,-5.51,-2.45,1.02,1.84,4.08,3.67,4.97,4.8,4.88,5.0,10.0,6.0,-0.6,2.4,0.8,0.0,4.6,6.4,6.0,4.2
2022-10-21,002370,4.97,5.31,5.5,4.95,872179,470072462.11,11.0,6.2,0.31,17.58,-4.04,-3.64,-6.06,-6.46,-3.43,0.0,0.81,3.03,2.63,3.84,5.05,4.87,4.9,5.0,-0.19,-6.4,-3.58,-5.08,-5.84,-1.51,0.19,-0.19,-1.88,-1.88
2022-10-24,002370,5.25,4.97,5.3,4.86,680578,346579538.92,8.29,-6.4,-0.34,13.72,-1.85,-4.32,-4.73,-1.65,1.85,2.67,4.94,4.53,5.76,13.17,5.06,4.9,4.89,4.99,0.0,3.02,1.41,0.6,5.23,7.04,6.64,4.83,4.83,5.43
2022-10-25,002370,4.87,4.73,4.97,4.69,309389,147325600.48,5.63,-4.83,-0.24,6.24,-0.85,-1.28,1.92,5.54,6.4,8.74,8.32,9.59,17.27,13.01,4.99,4.92,4.87,4.98,8.25,6.55,5.71,10.57,12.47,12.05,10.15,10.15,10.78,13.74
2022-10-26,002370,4.73,4.94,5.12,4.72,378095,186902311.71,8.46,4.44,0.21,7.62,-1.91,1.27,4.87,5.72,8.05,7.63,8.9,16.53,12.29,5.3,4.99,4.95,4.86,4.96,2.02,1.21,5.87,7.69,7.29,5.47,5.47,6.07,8.91,13.36
2022-10-27,002370,4.95,4.96,5.04,4.86,296319,146225192.66,3.64,0.4,0.02,5.97,-1.65,1.85,2.67,4.94,4.53,5.76,13.17,9.05,2.26,5.35,4.98,4.97,4.85,4.95,0.81,5.44,7.26,6.85,5.04,5.04,5.65,8.47,12.9,16.33
2022-10-28,002370,4.92,4.75,5.0,4.73,237079,114581390.12,5.44,-4.23,-0.21,4.78,4.65,5.5,7.82,7.4,8.67,16.28,12.05,5.07,8.25,6.55,4.87,4.96,4.84,4.94,10.11,12.0,11.58,9.68,9.68,10.32,13.26,17.89,21.47,23.79
2022-10-31,002370,4.76,5.23,5.23,4.69,429186,216381275.02,11.37,10.11,0.48,8.65,6.4,8.74,8.32,9.59,17.27,13.01,5.97,9.17,7.46,6.61,4.92,4.99,4.86,4.94,1.72,1.34,-0.38,-0.38,0.19,2.87,7.07,10.33,12.43,7.07
2022-11-01,002370,5.23,5.15,5.32,5.06,601960,311582315.86,4.97,-1.53,-0.08,12.13,0.79,0.4,1.58,8.7,4.74,-1.78,1.19,-0.4,-1.19,3.36,5.01,5.0,4.87,4.94,2.91,1.17,1.17,1.75,4.47,8.74,12.04,14.17,8.74,11.65
2022-11-02,002370,5.09,5.18,5.3,5.08,534621,277528783.69,4.27,0.58,0.03,10.78,0.0,1.18,8.27,4.33,-2.17,0.79,-0.79,-1.57,2.95,4.72,5.05,5.02,4.89,4.93,0.58,0.58,1.16,3.86,8.11,11.39,13.51,8.11,11.0,8.49
2022-11-03,002370,5.13,5.11,5.21,5.06,250701,128363942.56,2.9,-1.35,-0.07,5.05,1.58,8.7,4.74,-1.78,1.19,-0.4,-1.19,3.36,5.14,4.74,5.08,5.03,4.92,4.93,1.96,2.54,5.28,9.59,12.92,15.07,9.59,12.52,9.98,9.59
2022-11-04,002370,5.2,5.14,5.21,5.1,248100,127584009.04,2.15,0.59,0.03,5.0,7.84,3.92,-2.55,0.39,-1.18,-1.96,2.55,4.31,3.92,2.16,5.16,5.02,4.94,4.94,1.95,4.67,8.95,12.26,14.4,8.95,11.87,9.34,8.95,18.29
2022-11-07,002370,5.14,5.18,5.24,5.12,235955,122228726.11,2.33,0.78,0.04,4.76,3.52,-2.93,0.0,-1.56,-2.34,2.15,3.91,3.52,1.76,1.76,5.15,5.04,4.97,4.94,3.86,8.11,11.39,13.51,8.11,11.0,8.49,8.11,17.37,26.64
2022-11-08,002370,5.17,5.28,5.38,5.08,470536,248374745.88,5.79,1.93,0.1,9.48,-2.17,0.79,-0.79,-1.57,2.95,4.72,4.33,2.56,2.56,3.15,5.18,5.09,5.01,4.94,6.06,9.28,11.36,6.06,8.9,6.44,6.06,15.15,24.24,17.8
2022-11-09,002370,5.23,5.36,5.6,5.23,538775,291084686.02,7.01,1.52,0.08,10.86,-2.1,-3.63,-4.4,0.0,1.72,1.34,-0.38,-0.38,0.19,2.87,5.21,5.13,5.04,4.95,7.65,9.7,4.48,7.28,4.85,4.48,13.43,22.39,16.04,8.21
2022-11-10,002370,5.32,5.57,5.77,5.29,709574,391857608.9,8.96,3.92,0.21,14.3,-4.73,-5.48,-1.13,0.57,0.19,-1.51,-1.51,-0.95,1.7,5.86,5.31,5.19,5.09,4.97,5.57,0.54,3.23,0.9,0.54,9.16,17.77,11.67,4.13,1.8
2022-11-11,002370,5.58,5.4,5.88,5.36,986519,554689005.01,9.34,-3.05,-0.17,19.88,-6.72,-2.43,-0.75,-1.12,-2.8,-2.8,-2.24,0.37,4.48,7.65,5.36,5.26,5.11,4.98,3.7,6.48,4.07,3.7,12.59,21.48,15.19,7.41,5.0,1.3
2022-11-14,002370,5.29,5.52,5.6,5.29,598166,326908411.49,5.74,2.22,0.12,12.06,-1.13,0.57,0.19,-1.51,-1.51,-0.95,1.7,5.86,9.07,11.15,5.43,5.29,5.14,5.0,4.17,1.81,1.45,10.14,18.84,12.68,5.07,2.72,-0.91,-0.36
2022-11-15,002370,5.6,5.56,5.75,5.41,520229,288186759.26,6.16,0.72,0.04,10.49,-1.66,-2.03,-3.7,-3.7,-3.14,-0.55,3.51,6.65,8.69,3.51,5.48,5.33,5.16,5.02,1.08,0.72,9.35,17.99,11.87,4.32,1.98,-1.62,-1.08,0.54
2022-11-16,002370,5.51,5.49,5.62,5.42,459335,253848369.79,3.6,-1.26,-0.07,9.26,-2.21,-3.87,-3.87,-3.32,-0.74,3.32,6.46,8.49,3.32,6.09,5.51,5.36,5.19,5.05,2.0,10.75,19.49,13.3,5.65,3.28,-0.36,0.18,1.82,1.46
2022-11-17,002370,5.46,5.53,5.6,5.39,388180,214795784.54,3.83,0.73,0.04,7.82,-3.34,-3.34,-2.78,-0.19,3.9,7.05,9.09,3.9,6.68,4.27,5.5,5.4,5.22,5.08,9.95,18.63,12.48,4.88,2.53,-1.08,-0.54,1.08,0.72,-0.54
2022-11-18,002370,5.55,6.08,6.08,5.49,1028125,606076906.92,10.67,9.95,0.55,20.72,-5.1,-4.55,-2.0,2.0,5.1,7.1,2.0,4.74,2.37,2.0,5.64,5.5,5.26,5.13,7.89,2.3,-4.61,-6.74,-10.03,-9.54,-8.06,-8.39,-9.54,-10.53
2022-11-21,002370,6.3,6.18,6.56,6.1,1649141,1037936531.97,7.57,1.64,0.1,33.24,-14.1,-11.8,-8.2,-5.41,-3.61,-8.2,-5.74,-7.87,-8.2,-0.33,5.77,5.6,5.32,5.18,0.65,-6.15,-8.25,-11.49,-11.0,-9.55,-9.87,-11.0,-11.97,-10.36
2022-11-22,002370,6.02,5.84,6.22,5.75,951065,570197056.0,7.61,-5.5,-0.34,19.17,-6.43,-2.61,0.35,2.26,-2.61,0.0,-2.26,-2.61,5.74,14.09,5.82,5.65,5.37,5.22,-0.68,-2.91,-6.34,-5.82,-4.28,-4.62,-5.82,-6.85,-5.14,-4.97
2022-11-23,002370,5.76,5.37,5.8,5.27,779804,423016484.18,9.08,-8.05,-0.47,15.72,6.26,9.49,11.57,6.26,9.11,6.64,6.26,15.37,24.48,18.03,5.8,5.65,5.39,5.25,5.59,1.86,2.42,4.1,3.72,2.42,1.3,3.17,3.35,3.91
2022-11-24,002370,5.31,5.48,5.67,5.3,586153,319621697.28,6.89,2.05,0.11,11.81,8.87,10.94,5.66,8.49,6.04,5.66,14.72,23.77,17.36,9.43,5.79,5.64,5.42,5.27,-0.18,0.36,2.01,1.64,0.36,-0.73,1.09,1.28,1.82,4.38
2022-11-25,002370,5.41,5.38,5.47,5.28,410223,220263257.21,3.47,-1.82,-0.1,8.27,11.36,6.06,8.9,6.44,6.06,15.15,24.24,17.8,9.85,7.39,5.65,5.64,5.45,5.29,2.23,3.9,3.53,2.23,1.12,2.97,3.16,3.72,6.32,7.06
2022-11-28,002370,5.37,5.34,5.5,5.28,344319,185380901.39,4.09,-0.74,-0.04,6.94,6.06,8.9,6.44,6.06,15.15,24.24,17.8,9.85,7.39,3.6,5.48,5.62,5.46,5.3,4.68,4.31,3.0,1.87,3.75,3.93,4.49,7.12,7.87,13.3
2022-11-29,002370,5.3,5.5,5.59,5.28,437033,239926613.88,5.81,3.0,0.16,8.81,8.9,6.44,6.06,15.15,24.24,17.8,9.85,7.39,3.6,4.17,5.41,5.62,5.47,5.32,1.27,0.0,-1.09,0.73,0.91,1.45,4.0,4.73,10.0,8.0
2022-11-30,002370,5.5,5.44,5.57,5.4,341850,187249309.77,3.09,-1.09,-0.06,6.89,4.07,3.7,12.59,21.48,15.19,7.41,5.0,1.3,1.85,3.52,5.43,5.61,5.49,5.33,1.1,0.0,1.84,2.02,2.57,5.15,5.88,11.21,9.19,8.09
2022-12-01,002370,5.48,5.36,5.5,5.3,342697,183616073.41,3.68,-1.47,-0.08,6.91,5.66,14.72,23.77,17.36,9.43,6.98,3.21,3.77,5.47,5.09,5.4,5.6,5.5,5.34,1.49,3.36,3.54,4.1,6.72,7.46,12.87,10.82,9.7,6.72
2022-12-02,002370,5.35,5.4,5.44,5.32,261160,140200230.19,2.24,0.75,0.04,5.26,14.29,23.31,16.92,9.02,6.58,2.82,3.38,5.08,4.7,3.38,5.41,5.53,5.51,5.35,2.59,2.78,3.33,5.93,6.67,12.04,10.0,8.89,5.93,9.07
2022-12-05,002370,5.42,5.45,5.54,5.36,357286,194516410.31,3.33,0.93,0.05,7.2,22.39,16.04,8.21,5.78,2.05,2.61,4.29,3.92,2.61,1.49,5.43,5.46,5.53,5.36,1.83,2.39,4.95,5.69,11.01,8.99,7.89,4.95,8.07,6.61
2022-12-06,002370,5.41,5.37,5.55,5.33,399649,216868222.9,4.04,-1.47,-0.08,8.06,16.7,8.82,6.38,2.63,3.19,4.88,4.5,3.19,2.06,3.94,5.4,5.41,5.53,5.38,3.91,6.52,7.26,12.66,10.61,9.5,6.52,9.68,8.19,1.12
2022-12-07,002370,5.32,5.54,5.58,5.22,618191,337558921.97,6.7,3.17,0.17,12.46,11.11,8.62,4.79,5.36,7.09,6.7,5.36,4.21,6.13,6.32,5.42,5.43,5.54,5.4,3.25,3.97,9.21,7.22,6.14,3.25,6.32,4.87,-1.99,-1.62
2022-12-08,002370,5.52,5.66,5.72,5.47,643417,360663611.82,4.51,2.17,0.12,12.97,3.66,0.0,0.55,2.19,1.83,0.55,-0.55,1.28,1.46,2.01,5.48,5.44,5.54,5.43,1.77,6.89,4.95,3.89,1.06,4.06,2.65,-4.06,-3.71,-5.3
2022-12-09,002370,5.61,5.69,5.76,5.55,458220,259844239.7,3.71,0.53,0.03,9.24,-1.44,-0.9,0.72,0.36,-0.9,-1.98,-0.18,0.0,0.54,3.06,5.54,5.47,5.56,5.46,6.33,4.39,3.34,0.53,3.51,2.11,-4.57,-4.22,-5.8,-7.21
2022-12-12,002370,5.77,5.86,6.05,5.68,658164,385659613.86,6.5,2.99,0.17,13.27,-3.17,-1.58,-1.94,-3.17,-4.23,-2.46,-2.29,-1.76,0.7,1.41,5.62,5.53,5.58,5.48,1.37,0.34,-2.39,0.51,-0.85,-7.34,-7.0,-8.53,-9.9,-12.12
2022-12-13,002370,5.87,5.94,5.94,5.71,564654,329224078.13,3.92,1.37,0.08,11.38,-2.1,-2.45,-3.68,-4.73,-2.98,-2.8,-2.28,0.18,0.88,5.95,5.74,5.57,5.6,5.51,-1.01,-3.7,-0.84,-2.19,-8.59,-8.25,-9.76,-11.11,-13.3,-14.65
2022-12-14,002370,5.88,5.64,5.88,5.63,414335,235595001.36,4.21,-5.05,-0.3,8.35,-1.07,-2.31,-3.37,-1.6,-1.42,-0.89,1.6,2.31,7.46,5.51,5.76,5.59,5.6,5.52,1.42,4.43,3.01,-3.72,-3.37,-4.96,-6.38,-8.69,-10.11,-12.23
2022-12-15,002370,5.62,5.65,5.72,5.58,248727,140533921.62,2.48,0.18,0.01,5.01,-1.43,-2.51,-0.72,-0.54,0.0,2.51,3.23,8.42,6.45,5.38,5.76,5.62,5.61,5.54,4.25,2.83,-3.89,-3.54,-5.13,-6.55,-8.85,-10.27,-12.39,-9.73
2022-12-16,002370,5.69,5.82,5.89,5.65,503069,290727799.74,4.25,3.01,0.17,10.14,-3.72,-1.95,-1.77,-1.24,1.24,1.95,7.08,5.13,4.07,1.24,5.78,5.66,5.6,5.56,-0.17,-6.7,-6.36,-7.9,-9.28,-11.51,-12.89,-14.95,-12.37,-13.06
2022-12-19,002370,5.8,5.45,5.81,5.4,398130,220270639.48,7.04,-6.36,-0.37,8.02,2.59,2.78,3.33,5.93,6.67,12.04,10.0,8.89,5.93,9.07,5.7,5.66,5.56,5.57,-0.37,0.0,-1.65,-3.12,-5.5,-6.97,-9.17,-6.42,-7.16,-6.79
2022-12-20,002370,5.36,5.27,5.43,5.18,233199,122782998.65,4.59,-3.3,-0.18,4.7,7.14,7.72,10.42,11.2,16.8,14.67,13.51,10.42,13.71,12.16,5.57,5.65,5.53,5.57,3.42,1.71,0.19,-2.28,-3.8,-6.07,-3.23,-3.98,-3.61,-3.04
2022-12-21,002370,5.32,5.28,5.45,5.24,201884,107332926.0,3.98,0.19,0.01,4.07,6.49,9.16,9.92,15.46,13.36,12.21,9.16,12.4,10.88,3.63,5.49,5.63,5.53,5.57,1.52,0.0,-2.46,-3.98,-6.25,-3.41,-4.17,-3.79,-3.22,-4.17
2022-12-22,002370,5.25,5.16,5.36,5.14,236448,123789144.27,4.17,-2.27,-0.12,4.77,11.28,12.06,17.7,15.56,14.4,11.28,14.59,13.04,5.64,6.03,5.4,5.58,5.51,5.56,2.33,-0.19,-1.74,-4.07,-1.16,-1.94,-1.55,-0.97,-1.94,-2.13
2022-12-23,002370,5.16,5.1,5.28,5.06,209288,107536655.46,4.26,-1.16,-0.06,4.22,13.83,19.57,17.39,16.21,13.04,16.4,14.82,7.31,7.71,5.93,5.25,5.52,5.5,5.55,0.98,-0.59,-2.94,0.0,-0.78,-0.39,0.2,-0.78,-0.98,-1.57
2022-12-26,002370,5.14,5.06,5.15,5.01,173482,87935995.0,2.75,-0.78,-0.04,3.5,20.76,18.56,17.37,14.17,17.56,15.97,8.38,8.78,6.99,5.39,5.17,5.44,5.48,5.53,0.2,-2.17,0.79,0.0,0.4,0.99,0.0,-0.2,-0.79,-0.99
2022-12-27,002370,5.06,4.95,5.07,4.83,228578,112051881.36,4.74,-2.17,-0.11,4.61,22.98,21.74,18.43,21.95,20.29,12.42,12.84,10.97,9.32,6.63,5.11,5.34,5.45,5.51,0.0,3.03,2.22,2.63,3.23,2.22,2.02,1.41,1.21,1.01
2022-12-28,002370,4.88,4.9,4.95,4.87,149881,73449598.71,1.62,-1.01,-0.05,3.02,20.74,17.45,20.94,19.3,11.5,11.91,10.06,8.42,5.75,4.11,5.03,5.26,5.43,5.49,4.08,3.27,3.67,4.29,3.27,3.06,2.45,2.24,2.04,1.22
2022-12-29,002370,4.91,5.04,5.1,4.85,262551,131890499.14,5.1,2.86,0.14,5.29,17.94,21.44,19.79,11.96,12.37,10.52,8.87,6.19,4.54,2.06,5.01,5.2,5.41,5.47,0.4,0.79,1.39,0.4,0.2,-0.4,-0.6,-0.79,-1.59,-2.18
2022-12-30,002370,5.05,4.92,5.06,4.9,195069,96400340.79,3.17,-2.38,-0.12,3.93,20.2,18.57,10.82,11.22,9.39,7.76,5.1,3.47,1.02,4.08,4.97,5.11,5.39,5.43,3.25,3.86,2.85,2.64,2.03,1.83,1.63,0.81,0.2,1.42
2023-01-03,002370,4.97,5.05,5.08,4.96,200500,101077951.5,2.44,2.64,0.13,3.74,17.14,9.48,9.88,8.06,6.45,3.83,2.22,-0.2,2.82,2.02,4.97,5.07,5.37,5.4,1.19,0.2,0.0,-0.59,-0.79,-0.99,-1.78,-2.38,-1.19,-1.39
2023-01-04,002370,5.06,5.06,5.11,4.98,190914,96198614.11,2.57,0.2,0.01,3.56,9.04,9.44,7.63,6.02,3.41,1.81,-0.6,2.41,1.61,2.01,4.99,5.05,5.35,5.37,0.0,-0.2,-0.79,-0.99,-1.19,-1.98,-2.57,-1.38,-1.58,-2.77
2023-01-05,002370,5.03,5.04,5.06,4.97,156005,78292367.6,1.78,-0.4,-0.02,2.91,9.66,7.85,6.24,3.62,2.01,-0.4,2.62,1.81,2.21,2.82,5.02,5.03,5.33,5.36,0.2,-0.4,-0.6,-0.79,-1.59,-2.18,-0.99,-1.19,-2.38,-2.58
2023-01-06,002370,5.02,4.98,5.05,4.97,131609,65895009.79,1.59,-1.19,-0.06,2.45,7.85,6.24,3.62,2.01,-0.4,2.62,1.81,2.21,2.82,1.81,5.01,5.01,5.29,5.34,0.8,0.6,0.4,-0.4,-1.0,0.2,0.0,-1.2,-1.41,0.0
2023-01-09,002370,4.95,5.02,5.02,4.95,96742,48384855.43,1.41,0.8,0.04,1.8,6.67,4.04,2.42,0.0,3.03,2.22,2.63,3.23,2.22,2.02,5.03,5.0,5.26,5.33,-0.2,-0.4,-1.2,-1.79,-0.6,-0.8,-1.99,-2.19,-0.8,0.6
2023-01-10,002370,5.01,4.97,5.01,4.95,87139,43318304.17,1.2,-1.0,-0.05,1.62,4.04,2.42,0.0,3.03,2.22,2.63,3.23,2.22,2.02,1.41,5.01,4.99,5.22,5.32,0.6,-0.2,-0.8,0.4,0.2,-1.01,-1.21,0.2,1.61,1.41
2023-01-11,002370,4.96,4.91,5.0,4.91,92002,45541832.91,1.81,-1.21,-0.06,1.71,3.26,0.81,3.87,3.05,3.46,4.07,3.05,2.85,2.24,2.04,4.98,4.99,5.16,5.3,1.02,0.41,1.63,1.43,0.2,0.0,1.43,2.85,2.65,3.46
2023-01-12,002370,4.89,4.9,4.96,4.89,73895,36316701.36,1.43,-0.2,-0.01,1.38,1.23,4.29,3.48,3.89,4.5,3.48,3.27,2.66,2.45,2.25,4.96,4.99,5.13,5.28,0.61,1.84,1.63,0.41,0.2,1.63,3.06,2.86,3.67,4.49
2023-01-13,002370,4.93,4.88,4.93,4.85,88882,43372574.81,1.63,-0.41,-0.02,1.66,5.15,4.33,4.74,5.36,4.33,4.12,3.51,3.3,3.09,2.27,4.94,4.97,5.09,5.27,2.25,2.05,0.82,0.61,2.05,3.48,3.28,4.1,4.92,4.51
2023-01-16,002370,4.87,4.96,4.99,4.86,112121,55423078.08,2.66,1.64,0.08,2.09,4.12,4.53,5.14,4.12,3.91,3.29,3.09,2.88,2.06,1.44,4.92,4.98,5.05,5.25,0.4,-0.81,-1.01,0.4,1.81,1.61,2.42,3.23,2.82,2.42
2023-01-17,002370,4.98,4.9,4.98,4.88,86798,42604393.78,2.02,-1.21,-0.06,1.62,4.1,4.71,3.69,3.48,2.87,2.66,2.46,1.64,1.02,2.25,4.91,4.96,5.02,5.23,0.41,0.2,1.63,3.06,2.86,3.67,4.49,4.08,3.67,3.27
2023-01-18,002370,4.92,4.89,4.92,4.88,56230,27525192.63,0.82,-0.2,-0.01,1.05,4.71,3.69,3.48,2.87,2.66,2.46,1.64,1.02,2.25,2.05,4.91,4.94,5.0,5.22,0.41,1.84,3.27,3.07,3.89,4.7,4.29,3.89,3.48,3.27
2023-01-19,002370,4.87,4.9,4.91,4.87,56794,27822120.1,0.82,0.2,0.01,1.06,3.9,3.7,3.08,2.87,2.67,1.85,1.23,2.46,2.26,1.03,4.91,4.93,4.98,5.2,1.63,3.06,2.86,3.67,4.49,4.08,3.67,3.27,3.06,2.86
2023-01-20,002370,4.91,4.98,4.98,4.91,92764,46061591.92,1.43,1.63,0.08,1.73,2.85,2.24,2.04,1.83,1.02,0.41,1.63,1.43,0.2,0.0,4.93,4.93,4.97,5.17,1.41,1.2,2.01,2.81,2.41,2.01,1.61,1.41,1.2,1.61
2023-01-30,002370,5.0,5.03,5.05,5.0,108863,54680939.03,1.0,1.0,0.05,2.03,0.4,0.2,0.0,-0.8,-1.4,-0.2,-0.4,-1.6,-1.8,-0.4,4.94,4.93,4.97,5.15,0.2,0.99,1.79,1.39,0.99,0.6,0.4,0.2,0.6,0.6
2023-01-31,002370,5.02,5.04,5.04,4.98,86399,43315314.55,1.19,0.2,0.01,1.61,0.6,0.4,-0.4,-1.0,0.2,0.0,-1.2,-1.41,0.0,1.41,4.97,4.94,4.97,5.12,0.79,1.59,1.19,0.79,0.4,0.2,0.0,0.4,0.4,0.79
2023-02-01,002370,5.04,5.08,5.08,5.0,122570,61794739.06,1.59,0.79,0.04,2.28,0.0,-0.8,-1.4,-0.2,-0.4,-1.6,-1.8,-0.4,1.0,0.8,5.01,4.96,4.97,5.09,0.79,0.39,0.0,-0.39,-0.59,-0.79,-0.39,-0.39,0.0,-0.39
2023-02-02,002370,5.08,5.1,5.12,5.05,110923,56481162.82,1.38,0.39,0.02,2.07,-1.78,-2.38,-1.19,-1.39,-2.57,-2.77,-1.39,0.0,-0.2,0.59,5.05,4.98,4.98,5.08,0.0,-0.39,-0.78,-0.98,-1.18,-0.78,-0.78,-0.39,-0.78,0.2
2023-02-03,002370,5.1,5.06,5.1,5.01,93935,47394260.0,1.76,-0.78,-0.04,1.75,-1.6,-0.4,-0.6,-1.8,-2.0,-0.6,0.8,0.6,1.4,2.2,5.06,4.99,4.98,5.06,0.4,0.0,-0.2,-0.4,0.0,0.0,0.4,0.0,0.99,0.79
2023-02-06,002370,5.04,5.03,5.08,5.02,77295,39007729.0,1.19,-0.59,-0.03,1.44,-0.6,-0.8,-1.99,-2.19,-0.8,0.6,0.4,1.2,1.99,1.59,5.06,5.0,4.99,5.03,0.6,0.4,0.2,0.6,0.6,0.99,0.6,1.59,1.39,1.79
2023-02-07,002370,5.04,5.03,5.06,5.01,77287,38874458.0,0.99,0.0,0.0,1.44,-0.6,-1.8,-2.0,-0.6,0.8,0.6,1.4,2.2,1.8,1.4,5.06,5.01,4.99,5.02,0.4,0.2,0.6,0.6,0.99,0.6,1.59,1.39,1.79,1.19
2023-02-08,002370,5.03,5.01,5.05,5.0,68983,34641136.0,0.99,-0.4,-0.02,1.29,-1.6,-1.8,-0.4,1.0,0.8,1.6,2.4,2.0,1.6,1.2,5.05,5.03,4.99,5.01,0.6,1.0,1.0,1.4,1.0,2.0,1.8,2.2,1.6,1.6
2023-02-09,002370,5.01,5.04,5.04,4.98,76900,38620054.02,1.2,0.6,0.03,1.43,-1.41,0.0,1.41,1.2,2.01,2.81,2.41,2.01,1.61,1.41,5.03,5.04,4.99,5.0,0.4,0.4,0.79,0.4,1.39,1.19,1.59,0.99,0.99,0.6
2023-02-10,002370,5.05,5.04,5.06,5.01,67911,34182056.05,0.99,0.0,0.0,1.27,-0.6,0.8,0.6,1.4,2.2,1.8,1.4,1.0,0.8,0.6,5.03,5.05,4.99,5.0,0.4,0.79,0.4,1.39,1.19,1.59,0.99,0.99,0.6,0.2
2023-02-13,002370,5.05,5.06,5.06,5.03,98939,49957914.26,0.6,0.4,0.02,1.84,0.4,0.2,0.99,1.79,1.39,0.99,0.6,0.4,0.2,0.6,5.04,5.05,4.99,4.99,0.4,0.0,0.99,0.79,1.19,0.59,0.59,0.2,-0.2,-0.59
2023-02-14,002370,5.08,5.05,5.08,5.02,86803,43743065.6,1.19,-0.2,-0.01,1.62,0.4,1.2,1.99,1.59,1.2,0.8,0.6,0.4,0.8,0.8,5.04,5.05,4.99,4.99,0.2,1.19,0.99,1.39,0.79,0.79,0.4,0.0,-0.4,-0.59
2023-02-15,002370,5.06,5.02,5.06,5.01,86795,43632230.62,0.99,-0.59,-0.03,1.62,1.4,2.2,1.8,1.4,1.0,0.8,0.6,1.0,1.0,1.4,5.04,5.04,5.0,5.0,1.79,1.59,1.99,1.39,1.39,1.0,0.6,0.2,0.0,0.8
2023-02-16,002370,5.03,5.0,5.11,4.91,248081,125292297.21,3.98,-0.4,-0.02,4.62,4.28,3.87,3.46,3.05,2.85,2.65,3.05,3.05,3.46,3.05,5.03,5.03,5.01,5.0,2.0,2.4,1.8,1.8,1.4,1.0,0.6,0.4,1.2,0.4
2023-02-17,002370,4.96,5.08,5.1,4.96,238348,120511448.48,2.8,1.6,0.08,4.44,2.82,2.42,2.02,1.81,1.61,2.02,2.02,2.42,2.02,3.02,5.04,5.04,5.02,5.0,0.79,0.2,0.2,-0.2,-0.59,-0.98,-1.18,-0.39,-1.18,-1.77
2023-02-20,002370,5.11,5.05,5.12,4.98,202520,101548474.96,2.76,-0.59,-0.03,3.77,2.01,1.61,1.41,1.2,1.61,1.61,2.01,1.61,2.61,2.41,5.04,5.04,5.02,5.01,0.79,0.79,0.4,0.0,-0.4,-0.59,0.2,-0.59,-1.19,-0.2
2023-02-21,002370,5.05,5.06,5.09,5.02,123153,62223679.72,1.39,0.2,0.01,2.29,0.8,0.6,0.4,0.8,0.8,1.2,0.8,1.79,1.59,1.99,5.04,5.04,5.03,5.01,0.59,0.2,-0.2,-0.59,-0.79,0.0,-0.79,-1.38,-0.4,-0.99
2023-02-22,002370,5.04,5.05,5.09,5.02,96930,49026934.93,1.38,-0.2,-0.01,1.81,0.6,0.4,0.8,0.8,1.2,0.8,1.79,1.59,1.99,1.39,5.05,5.04,5.04,5.01,0.4,0.0,-0.4,-0.59,0.2,-0.59,-1.19,-0.2,-0.79,-2.77
2023-02-23,002370,5.05,5.04,5.07,5.01,91599,46143238.07,1.19,-0.2,-0.01,1.71,0.6,1.0,1.0,1.4,1.0,2.0,1.8,2.2,1.6,1.6,5.06,5.04,5.04,5.01,0.2,-0.2,-0.4,0.4,-0.4,-0.99,0.0,-0.6,-2.58,-2.38
2023-02-24,002370,5.05,5.0,5.05,4.98,85735,42902591.0,1.39,-0.79,-0.04,1.6,1.61,1.61,2.01,1.61,2.61,2.41,2.81,2.21,2.21,1.81,5.04,5.04,5.04,5.01,0.6,0.4,1.2,0.4,-0.2,0.8,0.2,-1.8,-1.6,-2.6
2023-02-27,002370,4.99,4.93,5.03,4.92,103960,51640413.9,2.2,-1.4,-0.07,1.94,2.85,3.25,2.85,3.86,3.66,4.07,3.46,3.46,3.05,2.64,5.02,5.03,5.04,5.0,1.83,2.64,1.83,1.22,2.23,1.62,-0.41,-0.2,-1.22,-2.43
2023-02-28,002370,4.93,5.02,5.02,4.93,106000,52741436.42,1.83,1.83,0.09,1.98,3.04,2.64,3.65,3.45,3.85,3.25,3.25,2.84,2.43,2.03,5.01,5.02,5.04,5.0,0.8,0.0,-0.6,0.4,-0.2,-2.19,-1.99,-2.99,-4.18,-4.38
2023-03-01,002370,5.06,5.02,5.06,5.0,92697,46514700.0,1.2,0.0,0.0,1.73,1.2,2.2,2.0,2.4,1.8,1.8,1.4,1.0,0.6,0.4,5.0,5.02,5.03,5.01,0.0,-0.6,0.4,-0.2,-2.19,-1.99,-2.99,-4.18,-4.38,-4.38
2023-03-02,002370,5.0,4.97,5.02,4.96,94849,47230741.24,1.2,-1.0,-0.05,1.77,3.02,2.82,3.23,2.62,2.62,2.22,1.81,1.41,1.21,2.02,4.99,5.02,5.03,5.01,0.4,1.41,0.8,-1.21,-1.01,-2.01,-3.22,-3.42,-3.42,-3.82
2023-03-03,002370,4.97,4.97,4.99,4.94,67058,33264785.0,1.01,0.0,0.0,1.25,3.24,3.64,3.04,3.04,2.63,2.23,1.82,1.62,2.43,1.62,4.98,5.01,5.02,5.01,1.41,0.8,-1.21,-1.01,-2.01,-3.22,-3.42,-3.42,-3.82,-4.23
2023-03-06,002370,4.97,4.98,5.04,4.97,92130,46072683.96,1.41,0.2,0.01,1.72,3.02,2.41,2.41,2.01,1.61,1.21,1.01,1.81,1.01,0.4,4.99,5.0,5.02,5.01,0.6,-1.41,-1.2,-2.21,-3.41,-3.61,-3.61,-4.02,-4.42,-5.42
2023-03-07,002370,4.99,4.9,5.01,4.9,117271,57912990.0,2.21,-1.61,-0.08,2.19,3.88,3.88,3.47,3.06,2.65,2.45,3.27,2.45,1.84,2.86,4.97,4.99,5.01,5.01,0.2,0.41,-0.61,-1.84,-2.04,-2.04,-2.45,-2.86,-3.88,-4.9
2023-03-08,002370,4.9,4.89,4.91,4.86,64267,31346026.0,1.02,-0.2,-0.01,1.2,4.73,4.32,3.91,3.5,3.29,4.12,3.29,2.67,3.7,3.09,4.94,4.97,5.01,5.01,0.61,-0.41,-1.64,-1.84,-1.84,-2.25,-2.66,-3.68,-4.7,-3.68
2023-03-09,002370,4.88,4.87,4.92,4.86,55391,27022765.0,1.23,-0.41,-0.02,1.03,4.32,3.91,3.5,3.29,4.12,3.29,2.67,3.7,3.09,1.03,4.92,4.95,5.0,5.01,0.0,-1.23,-1.44,-1.44,-1.85,-2.26,-3.29,-4.31,-3.29,-3.49
2023-03-10,002370,4.86,4.8,4.87,4.8,79110,38148272.0,1.44,-1.44,-0.07,1.47,5.21,4.79,4.58,5.42,4.58,3.96,5.0,4.37,2.29,2.5,4.89,4.93,4.99,5.01,0.21,0.0,0.0,-0.42,-0.83,-1.87,-2.92,-1.87,-2.08,-1.87
2023-03-13,002370,4.78,4.78,4.81,4.71,79844,37916188.67,2.08,-0.42,-0.02,1.49,6.79,6.58,7.43,6.58,5.94,7.01,6.37,4.25,4.46,3.4,4.85,4.92,4.97,5.0,0.42,0.42,0.0,-0.42,-1.46,-2.51,-1.46,-1.67,-1.46,-2.3
2023-03-14,002370,4.78,4.68,4.8,4.66,83864,39479179.0,2.93,-2.09,-0.1,1.56,7.73,8.58,7.73,7.08,8.15,7.51,5.36,5.58,4.51,3.22,4.8,4.89,4.96,4.99,2.56,2.14,1.71,0.64,-0.43,0.64,0.43,0.64,-0.21,1.28
2023-03-15,002370,4.7,4.77,4.8,4.7,72294,34479333.0,2.14,1.92,0.09,1.35,7.66,6.81,6.17,7.23,6.6,4.47,4.68,3.62,2.34,2.13,4.78,4.86,4.94,4.98,0.21,-0.21,-1.26,-2.31,-1.26,-1.47,-1.26,-2.1,-0.63,-1.26
2023-03-16,002370,4.77,4.71,4.78,4.71,55963,26500609.25,1.47,-1.26,-0.06,1.04,6.58,5.94,7.01,6.37,4.25,4.46,3.4,2.12,1.91,1.91,4.75,4.83,4.93,4.96,1.06,0.0,-1.06,0.0,-0.21,0.0,-0.85,0.64,0.0,-1.7
2023-03-17,002370,4.73,4.69,4.76,4.68,63550,29876165.0,1.7,-0.42,-0.02,1.18,6.62,7.69,7.05,4.91,5.13,4.06,2.78,2.56,2.56,2.14,4.73,4.81,4.91,4.95,0.43,-0.64,0.43,0.21,0.43,-0.43,1.07,0.43,-1.28,-1.71
2023-03-20,002370,4.71,4.61,4.71,4.6,76697,35445397.82,2.35,-1.71,-0.08,1.43,9.57,8.91,6.74,6.96,5.87,4.57,4.35,4.35,3.91,3.48,4.69,4.77,4.89,4.94,1.08,2.17,1.95,2.17,1.3,2.82,2.17,0.43,0.0,0.43
2023-03-21,002370,4.62,4.65,4.66,4.61,58529,27105520.04,1.08,0.87,0.04,1.09,8.68,6.51,6.72,5.64,4.34,4.12,4.12,3.69,3.25,2.17,4.69,4.74,4.87,4.92,1.29,1.08,1.29,0.43,1.94,1.29,-0.43,-0.86,-0.43,-1.51
2023-03-22,002370,4.65,4.69,4.71,4.64,51470,24129063.0,1.51,0.86,0.04,0.96,5.82,6.03,4.96,3.66,3.45,3.45,3.02,2.59,1.51,0.43,4.67,4.72,4.85,4.91,0.21,0.43,-0.43,1.07,0.43,-1.28,-1.71,-1.28,-2.35,-2.99
2023-03-23,002370,4.68,4.68,4.7,4.65,41428,19336095.45,1.07,-0.21,-0.01,0.77,5.81,4.73,3.44,3.23,3.23,2.8,2.37,1.29,0.22,1.29,4.66,4.71,4.83,4.9,0.64,-0.21,1.28,0.64,-1.07,-1.5,-1.07,-2.14,-2.78,-2.14
2023-03-24,002370,4.68,4.67,4.71,4.65,51678,24173327.92,1.28,-0.21,-0.01,0.96,4.73,3.44,3.23,3.23,2.8,2.37,1.29,0.22,1.29,1.08,4.66,4.69,4.81,4.89,0.0,1.5,0.86,-0.86,-1.28,-0.86,-1.93,-2.57,-1.93,-1.5
2023-03-27,002370,4.67,4.65,4.67,4.62,56241,26100809.52,1.07,-0.43,-0.02,1.05,4.11,3.9,3.9,3.46,3.03,1.95,0.87,1.95,1.73,1.95,4.67,4.68,4.8,4.88,1.94,1.29,-0.43,-0.86,-0.43,-1.51,-2.15,-1.51,-1.08,-2.8
2023-03-28,002370,4.67,4.71,4.74,4.63,74924,35132842.35,2.37,1.29,0.06,1.4,3.67,3.67,3.24,2.81,1.73,0.65,1.73,1.51,1.73,0.86,4.68,4.68,4.78,4.86,0.0,-1.7,-2.12,-1.7,-2.76,-3.4,-2.76,-2.34,-4.03,-4.03
2023-03-29,002370,4.7,4.63,4.71,4.63,62684,29153151.64,1.7,-1.7,-0.08,1.17,3.67,3.24,2.81,1.73,0.65,1.73,1.51,1.73,0.86,2.38,4.67,4.67,4.77,4.85,0.0,-0.43,0.0,-1.08,-1.73,-1.08,-0.65,-2.38,-2.38,-2.16
2023-03-30,002370,4.6,4.56,4.63,4.52,72138,32839433.21,2.38,-1.51,-0.07,1.34,5.75,5.31,4.2,3.1,4.2,3.98,4.2,3.32,4.87,4.2,4.64,4.65,4.74,4.84,1.1,1.54,0.44,-0.22,0.44,0.88,-0.88,-0.88,-0.66,0.66
2023-03-31,002370,4.56,4.61,4.61,4.56,44982,20671880.0,1.1,1.1,0.05,0.84,4.39,3.29,2.19,3.29,3.07,3.29,2.41,3.95,3.29,1.54,4.63,4.65,4.73,4.82,0.43,-0.65,-1.3,-0.65,-0.22,-1.95,-1.95,-1.74,-0.43,-1.52
2023-04-03,002370,4.6,4.58,4.63,4.56,61704,28301211.0,1.52,-0.65,-0.03,1.15,3.29,2.19,3.29,3.07,3.29,2.41,3.95,3.29,1.54,1.1,4.62,4.64,4.71,4.81,0.0,-0.66,0.0,0.44,-1.31,-1.31,-1.09,0.22,-0.87,-1.75
2023-04-04,002370,4.57,4.54,4.58,4.52,59257,26925445.0,1.31,-0.87,-0.04,1.1,3.1,4.2,3.98,4.2,3.32,4.87,4.2,2.43,1.99,2.43,4.58,4.63,4.69,4.79,0.22,0.88,1.32,-0.44,-0.44,-0.22,1.1,0.0,-0.88,-1.54
2023-04-06,002370,4.53,4.52,4.55,4.51,46023,20826308.27,0.88,-0.44,-0.02,0.86,4.43,4.21,4.43,3.55,5.1,4.43,2.66,2.22,2.66,1.55,4.56,4.61,4.67,4.77,1.33,1.77,0.0,0.0,0.22,1.55,0.44,-0.44,-1.11,-3.32
2023-04-07,002370,4.52,4.58,4.58,4.51,57897,26408289.64,1.55,1.33,0.06,1.08,4.21,4.43,3.55,5.1,4.43,2.66,2.22,2.66,1.55,0.89,4.57,4.6,4.66,4.76,0.44,-1.31,-1.31,-1.09,0.22,-0.87,-1.75,-2.4,-4.59,-6.77
2023-04-10,002370,4.58,4.52,4.6,4.5,64813,29407806.92,2.18,-1.31,-0.06,1.21,4.67,3.78,5.33,4.67,2.89,2.44,2.89,1.78,1.11,1.78,4.55,4.59,4.64,4.74,0.0,0.0,0.22,1.55,0.44,-0.44,-1.11,-3.32,-5.53,-3.98
2023-04-11,002370,4.51,4.47,4.52,4.44,71869,32066562.49,1.77,-1.11,-0.05,1.34,5.18,6.76,6.08,4.28,3.83,4.28,3.15,2.48,3.15,3.6,4.53,4.57,4.63,4.72,1.12,1.34,2.68,1.57,0.67,0.0,-2.24,-4.47,-2.91,-4.7
2023-04-12,002370,4.48,4.49,4.52,4.46,41318,18548243.43,1.34,0.45,0.02,0.77,6.28,5.61,3.81,3.36,3.81,2.69,2.02,2.69,3.14,1.35,4.52,4.55,4.62,4.71,0.89,2.23,1.11,0.22,-0.45,-2.67,-4.9,-3.34,-5.12,-5.35
2023-04-13,002370,4.49,4.52,4.53,4.44,61240,27523793.24,2.0,0.67,0.03,1.14,6.08,4.28,3.83,4.28,3.15,2.48,3.15,3.6,1.8,1.8,4.52,4.54,4.6,4.69,1.55,0.44,-0.44,-1.11,-3.32,-5.53,-3.98,-5.75,-5.97,-3.98
2023-04-14,002370,4.52,4.55,4.59,4.51,54675,24848155.0,1.77,0.66,0.03,1.02,2.66,2.22,2.66,1.55,0.89,1.55,2.0,0.22,0.22,0.44,4.51,4.54,4.6,4.68,-0.22,-1.1,-1.76,-3.96,-6.15,-4.62,-6.37,-6.59,-4.62,-4.4
2023-04-17,002370,4.54,4.5,4.54,4.47,44982,20240949.6,1.54,-1.1,-0.05,0.84,3.13,3.58,2.46,1.79,2.46,2.91,1.12,1.12,1.34,2.68,4.51,4.53,4.59,4.66,0.0,-0.67,-2.89,-5.11,-3.56,-5.33,-5.56,-3.56,-3.33,-1.33
2023-04-18,002370,4.5,4.48,4.5,4.46,36829,16479924.0,0.89,-0.44,-0.02,0.69,3.81,2.69,2.02,2.69,3.14,1.35,1.35,1.57,2.91,1.79,4.51,4.52,4.58,4.64,-0.22,-2.46,-4.69,-3.13,-4.91,-5.13,-3.13,-2.9,-0.89,-0.22
2023-04-19,002370,4.46,4.37,4.47,4.35,98279,43100333.1,2.68,-2.46,-0.11,1.83,5.29,4.6,5.29,5.75,3.91,3.91,4.14,5.52,4.37,3.45,4.48,4.5,4.57,4.63,0.0,-2.29,-0.69,-2.52,-2.75,-0.69,-0.46,1.6,2.29,1.83
2023-04-20,002370,4.37,4.21,4.37,4.2,96493,40772865.62,3.89,-3.66,-0.16,1.8,8.33,9.05,9.52,7.62,7.62,7.86,9.29,8.1,7.14,6.43,4.42,4.47,4.54,4.6,1.43,3.09,1.19,0.95,3.09,3.33,5.46,6.18,5.7,4.28
2023-04-21,002370,4.2,4.21,4.27,4.18,59599,25236686.12,2.14,0.0,0.0,1.11,9.57,10.05,8.13,8.13,8.37,9.81,8.61,7.66,6.94,4.55,4.35,4.43,4.52,4.58,3.09,1.19,0.95,3.09,3.33,5.46,6.18,5.7,4.28,2.38
2023-04-24,002370,4.21,4.25,4.34,4.14,72728,30971558.92,4.75,0.95,0.04,1.36,11.11,9.18,9.18,9.42,10.87,9.66,8.7,7.97,5.56,3.14,4.3,4.4,4.5,4.56,0.24,0.0,2.12,2.35,4.47,5.18,4.71,3.29,1.41,1.65
2023-04-25,002370,4.25,4.1,4.26,4.08,86056,35610400.08,4.24,-3.53,-0.15,1.6,10.78,10.78,11.03,12.5,11.27,10.29,9.56,7.11,4.66,6.37,4.23,4.37,4.47,4.54,3.66,5.85,6.1,8.29,9.02,8.54,7.07,5.12,5.37,5.85
2023-04-26,002370,4.1,4.22,4.25,4.09,74606,31278050.8,3.9,2.93,0.12,1.39,10.51,10.76,12.22,11.0,10.02,9.29,6.85,4.4,6.11,4.16,4.2,4.34,4.45,4.52,2.84,3.08,5.21,5.92,5.45,4.03,2.13,2.37,2.84,2.37
2023-04-27,002370,4.22,4.31,4.34,4.18,86030,36952562.0,3.79,2.13,0.09,1.6,8.37,9.81,8.61,7.66,6.94,4.55,2.15,3.83,1.91,1.67,4.22,4.32,4.43,4.51,0.93,3.02,3.71,3.25,1.86,0.0,0.23,0.7,0.23,0.23
2023-04-28,002370,4.31,4.35,4.35,4.26,62978,27141843.46,2.09,0.93,0.04,1.17,7.75,6.57,5.63,4.93,2.58,0.23,1.88,0.0,-0.23,1.88,4.25,4.3,4.42,4.5,2.07,2.76,2.3,0.92,-0.92,-0.69,-0.23,-0.69,-0.69,-0.23
2023-05-04,002370,4.34,4.43,4.44,4.32,76459,33755312.63,2.76,1.84,0.08,1.42,5.09,4.17,3.47,1.16,-1.16,0.46,-1.39,-1.62,0.46,0.69,4.28,4.29,4.41,4.49,0.9,0.45,-0.9,-2.71,-2.48,-2.03,-2.48,-2.48,-2.03,-2.26
2023-05-05,002370,4.45,4.42,4.47,4.39,62857,27772967.0,1.81,-0.23,-0.01,1.17,2.51,1.82,-0.46,-2.73,-1.14,-2.96,-3.19,-1.14,-0.91,1.14,4.35,4.29,4.4,4.48,0.68,-0.68,-2.49,-2.26,-1.81,-2.26,-2.26,-1.81,-2.04,-2.94
2023-05-08,002370,4.41,4.38,4.45,4.35,51130,22433675.96,2.26,-0.9,-0.04,0.95,2.76,0.46,-1.84,-0.23,-2.07,-2.3,-0.23,0.0,2.07,2.76,4.38,4.29,4.39,4.47,0.23,-1.6,-1.37,-0.91,-1.37,-1.37,-0.91,-1.14,-2.05,-0.46
2023-05-09,002370,4.38,4.29,4.39,4.28,62062,26760158.0,2.51,-2.05,-0.09,1.16,2.1,-0.23,1.4,-0.47,-0.7,1.4,1.64,3.74,4.44,3.97,4.37,4.3,4.38,4.46,0.47,0.7,1.17,0.7,0.7,1.17,0.93,0.0,1.63,4.66
2023-05-10,002370,4.29,4.28,4.31,4.25,39504,16908664.0,1.4,-0.23,-0.01,0.74,0.47,2.12,0.24,0.0,2.12,2.35,4.47,5.18,4.71,3.29,4.36,4.3,4.37,4.45,0.93,1.4,0.93,0.93,1.4,1.17,0.23,1.87,4.91,3.74
2023-05-11,002370,4.28,4.3,4.32,4.26,35883,15406766.0,1.4,0.47,0.02,0.67,1.88,0.0,-0.23,1.88,2.11,4.23,4.93,4.46,3.05,1.17,4.33,4.31,4.36,4.43,0.93,0.47,0.47,0.93,0.7,-0.23,1.4,4.42,3.26,2.09
2023-05-12,002370,4.29,4.28,4.34,4.27,41562,17879576.0,1.63,-0.47,-0.02,0.77,-0.23,-0.47,1.64,1.87,3.98,4.68,4.22,2.81,0.94,1.17,4.31,4.33,4.35,4.42,0.93,0.93,1.4,1.17,0.23,1.87,4.91,3.74,2.57,2.57
2023-05-15,002370,4.3,4.28,4.32,4.21,43727,18598501.3,2.57,0.0,0.0,0.81,0.95,3.09,3.33,5.46,6.18,5.7,4.28,2.38,2.61,3.09,4.29,4.33,4.34,4.41,0.93,1.4,1.17,0.23,1.87,4.91,3.74,2.57,2.57,2.8
2023-05-16,002370,4.29,4.29,4.32,4.25,44820,19219083.0,1.64,0.23,0.01,0.84,2.12,2.35,4.47,5.18,4.71,3.29,1.41,1.65,2.12,1.65,4.29,4.33,4.33,4.4,1.17,0.93,0.0,1.63,4.66,3.5,2.33,2.33,2.56,1.4
2023-05-17,002370,4.29,4.33,4.34,4.21,75726,32320260.72,3.03,0.93,0.04,1.41,3.33,5.46,6.18,5.7,4.28,2.38,2.61,3.09,2.61,2.61,4.3,4.33,4.31,4.39,0.0,-0.92,0.69,3.7,2.54,1.39,1.39,1.62,0.46,0.23
2023-05-18,002370,4.31,4.24,4.33,4.23,77138,32845492.15,2.31,-2.08,-0.09,1.44,4.96,5.67,5.2,3.78,1.89,2.13,2.6,2.13,2.13,2.6,4.28,4.31,4.3,4.38,1.18,2.83,5.9,4.72,3.54,3.54,3.77,2.59,2.36,1.89
2023-05-19,002370,4.23,4.26,4.29,4.2,51824,22054991.0,2.12,0.47,0.02,0.97,6.43,5.95,4.52,2.62,2.86,3.33,2.86,2.86,3.33,3.1,4.28,4.29,4.29,4.37,2.35,5.4,4.23,3.05,3.05,3.29,2.11,1.88,1.41,0.7
2023-05-22,002370,4.3,4.36,4.36,4.27,76480,33153349.15,2.11,2.35,0.1,1.43,4.22,2.81,0.94,1.17,1.64,1.17,1.17,1.64,1.41,0.47,4.3,4.29,4.29,4.36,2.98,1.83,0.69,0.69,0.92,-0.23,-0.46,-0.92,-1.61,-2.52
2023-05-23,002370,4.38,4.4,4.49,4.37,147674,65661620.44,2.75,0.92,0.04,2.75,0.46,-1.37,-1.14,-0.69,-1.14,-1.14,-0.69,-0.92,-1.83,-0.23,4.32,4.3,4.3,4.36,0.91,-0.23,-0.23,0.0,-1.14,-1.36,-1.82,-2.5,-3.41,-5.0
2023-05-24,002370,4.42,4.36,4.44,4.35,72908,31936854.45,2.05,-0.91,-0.04,1.36,-0.92,-0.69,-0.23,-0.69,-0.69,-0.23,-0.46,-1.38,0.23,3.22,4.32,4.31,4.31,4.35,0.69,0.69,0.92,-0.23,-0.46,-0.92,-1.61,-2.52,-4.13,-5.05
2023-05-25,002370,4.35,4.31,4.39,4.28,65524,28335326.92,2.52,-1.15,-0.05,1.22,0.93,1.4,0.93,0.93,1.4,1.17,0.23,1.87,4.91,3.74,4.34,4.31,4.31,4.34,1.86,2.09,0.93,0.7,0.23,-0.46,-1.39,-3.02,-3.94,-5.34
2023-05-26,002370,4.3,4.37,4.39,4.27,63647,27502654.0,2.78,1.39,0.06,1.19,1.64,1.17,1.17,1.64,1.41,0.47,2.11,5.15,3.98,2.81,4.36,4.32,4.32,4.34,0.69,-0.46,-0.69,-1.14,-1.83,-2.75,-4.35,-5.26,-6.64,-6.64
2023-05-29,002370,4.38,4.32,4.4,4.3,53450,23209040.0,2.29,-1.14,-0.05,1.0,0.47,0.47,0.93,0.7,-0.23,1.4,4.42,3.26,2.09,2.09,4.35,4.32,4.33,4.33,0.69,0.46,0.0,-0.69,-1.62,-3.24,-4.17,-5.56,-5.56,-4.4
2023-05-30,002370,4.32,4.3,4.35,4.25,51316,22012633.4,2.31,-0.46,-0.02,0.96,1.65,2.12,1.88,0.94,2.59,5.65,4.47,3.29,3.29,3.53,4.33,4.32,4.33,4.33,0.93,0.47,-0.23,-1.16,-2.79,-3.72,-5.12,-5.12,-3.95,-3.95
2023-05-31,002370,4.28,4.25,4.34,4.25,46920,20136036.73,2.09,-1.16,-0.05,0.87,2.12,1.88,0.94,2.59,5.65,4.47,3.29,3.29,3.53,2.35,4.31,4.32,4.32,4.32,1.65,0.94,0.0,-1.65,-2.59,-4.0,-4.0,-2.82,-2.82,-2.82
2023-06-01,002370,4.25,4.28,4.32,4.2,59080,25195125.48,2.82,0.71,0.03,1.1,3.1,2.14,3.81,6.9,5.71,4.52,4.52,4.76,3.57,3.33,4.3,4.32,4.32,4.31,0.23,-0.7,-2.34,-3.27,-4.67,-4.67,-3.5,-3.5,-3.5,-3.5
2023-06-02,002370,4.28,4.23,4.29,4.23,56714,24098109.4,1.4,-1.17,-0.05,1.06,1.42,3.07,6.15,4.96,3.78,3.78,4.02,2.84,2.6,2.13,4.28,4.32,4.31,4.3,0.47,-1.18,-2.13,-3.55,-3.55,-2.36,-2.36,-2.36,-2.36,-2.6
2023-06-05,002370,4.23,4.19,4.25,4.17,72594,30459347.0,1.89,-0.95,-0.04,1.35,4.56,7.67,6.47,5.28,5.28,5.52,4.32,4.08,3.6,2.88,4.25,4.3,4.3,4.29,-0.24,-1.19,-2.63,-2.63,-1.43,-1.43,-1.43,-1.43,-1.67,-2.15
2023-06-06,002370,4.18,4.1,4.18,4.1,76175,31395869.0,1.91,-2.15,-0.09,1.42,9.51,8.29,7.07,7.07,7.32,6.1,5.85,5.37,4.63,3.66,4.21,4.27,4.29,4.29,0.98,-0.49,-0.49,0.73,0.73,0.73,0.73,0.49,0.0,0.49
2023-06-07,002370,4.1,4.07,4.14,4.06,66438,27170716.93,1.95,-0.73,-0.03,1.24,9.36,8.13,8.13,8.37,7.14,6.9,6.4,5.67,4.68,2.96,4.17,4.24,4.28,4.29,0.25,0.25,1.47,1.47,1.47,1.47,1.23,0.74,1.23,-0.25
2023-06-08,002370,4.06,4.06,4.08,4.02,51206,20734329.0,1.47,-0.25,-0.01,0.95,9.2,9.2,9.45,8.21,7.96,7.46,6.72,5.72,3.98,2.99,4.13,4.22,4.26,4.28,0.49,1.72,1.72,1.72,1.72,1.48,0.99,1.48,0.0,-1.23
2023-06-09,002370,4.07,4.07,4.08,4.04,38275,15567909.4,0.99,0.25,0.01,0.71,8.66,8.91,7.67,7.43,6.93,6.19,5.2,3.47,2.48,0.99,4.1,4.19,4.25,4.28,1.47,1.47,1.47,1.47,1.23,0.74,1.23,-0.25,-1.47,-1.72
2023-06-12,002370,4.08,4.12,4.13,4.01,67333,27423995.12,2.95,1.23,0.05,1.25,9.73,8.48,8.23,7.73,6.98,5.99,4.24,3.24,1.75,1.75,4.08,4.17,4.25,4.27,0.24,0.24,0.24,0.0,-0.49,0.0,-1.46,-2.67,-2.91,-2.91
2023-06-13,002370,4.11,4.12,4.13,4.09,40053,16445420.8,0.97,0.0,0.0,0.75,6.36,6.11,5.62,4.89,3.91,2.2,1.22,-0.24,-0.24,0.98,4.09,4.15,4.24,4.27,0.24,0.24,0.0,-0.49,0.0,-1.46,-2.67,-2.91,-2.91,-2.18
2023-06-14,002370,4.12,4.12,4.13,4.08,36081,14849549.0,1.21,0.0,0.0,0.67,6.37,5.88,5.15,4.17,2.45,1.47,0.0,0.0,1.23,1.23,4.1,4.14,4.23,4.26,0.24,0.0,-0.49,0.0,-1.46,-2.67,-2.91,-2.91,-2.18,-0.97
2023-06-15,002370,4.12,4.09,4.13,4.07,37925,15514838.0,1.46,-0.73,-0.03,0.71,6.14,5.41,4.42,2.7,1.72,0.25,0.25,1.47,1.47,1.47,4.1,4.12,4.22,4.25,0.73,0.24,0.73,-0.73,-1.96,-2.2,-2.2,-1.47,-0.24,1.22
2023-06-16,002370,4.1,4.1,4.12,4.08,31896,13080976.0,0.98,0.24,0.01,0.59,5.15,4.17,2.45,1.47,0.0,0.0,1.23,1.23,1.23,1.23,4.11,4.1,4.21,4.24,0.0,0.49,-0.98,-2.2,-2.44,-2.44,-1.71,-0.49,0.98,1.71
2023-06-19,002370,4.07,4.04,4.1,4.04,57364,23287316.0,1.46,-1.46,-0.06,1.07,5.2,3.47,2.48,0.99,0.99,2.23,2.23,2.23,2.23,1.98,4.09,4.09,4.2,4.23,1.98,0.5,-0.74,-0.99,-0.99,-0.25,0.99,2.48,3.22,3.71
2023-06-20,002370,4.07,4.05,4.12,4.04,57563,23481813.0,1.98,0.25,0.01,1.07,3.47,2.48,0.99,0.99,2.23,2.23,2.23,2.23,1.98,1.49,4.08,4.08,4.18,4.22,0.25,-0.99,-1.23,-1.23,-0.49,0.74,2.22,2.96,3.46,2.96
2023-06-21,002370,4.04,4.01,4.06,4.01,44717,17985326.0,1.23,-0.99,-0.04,0.83,3.24,1.75,1.75,2.99,2.99,2.99,2.99,2.74,2.24,2.74,4.06,4.08,4.16,4.21,0.0,-0.25,-0.25,0.5,1.75,3.24,3.99,4.49,3.99,4.49
2023-06-26,002370,4.01,3.93,4.01,3.92,51329,20300857.0,2.24,-2.0,-0.08,0.96,4.08,4.08,5.36,5.36,5.36,5.36,5.1,4.59,5.1,3.57,4.03,4.06,4.14,4.2,1.78,1.78,2.54,3.82,5.34,6.11,6.62,6.11,6.62,6.62
2023-06-27,002370,3.89,3.99,4.0,3.89,49691,19775170.0,2.8,1.53,0.06,0.93,4.88,6.17,6.17,6.17,6.17,5.91,5.4,5.91,4.37,3.08,4.0,4.06,4.12,4.19,0.25,1.0,2.26,3.76,4.51,5.01,4.51,5.01,5.01,6.52
2023-06-28,002370,4.0,3.96,4.0,3.93,36113,14314019.0,1.75,-0.75,-0.03,0.67,5.09,5.09,5.09,5.09,4.83,4.33,4.83,3.31,2.04,1.78,3.99,4.04,4.1,4.18,1.77,3.03,4.55,5.3,5.81,5.3,5.81,5.81,7.32,6.82
2023-06-29,002370,3.96,4.01,4.03,3.95,48531,19435510.58,2.02,1.26,0.05,0.9,4.56,4.56,4.56,4.3,3.8,4.3,2.78,1.52,1.27,1.27,3.98,4.03,4.09,4.17,1.75,3.24,3.99,4.49,3.99,4.49,4.49,5.99,5.49,5.49
2023-06-30,002370,4.02,4.08,4.08,4.01,54320,22088788.0,1.75,1.75,0.07,1.01,2.99,2.99,2.74,2.24,2.74,1.25,0.0,-0.25,-0.25,0.5,3.99,4.03,4.08,4.16,1.47,2.21,2.7,2.21,2.7,2.7,4.17,3.68,3.68,2.94
2023-07-03,002370,4.1,4.12,4.14,4.08,63572,26139140.0,1.47,0.98,0.04,1.18,1.23,0.98,0.49,0.98,-0.49,-1.72,-1.96,-1.96,-1.23,0.0,4.03,4.03,4.07,4.16,1.21,1.7,1.21,1.7,1.7,3.16,2.67,2.67,1.94,8.01
2023-07-04,002370,4.14,4.17,4.17,4.09,92947,38462084.8,1.94,1.21,0.05,1.73,0.73,0.24,0.73,-0.73,-1.96,-2.2,-2.2,-1.47,-0.24,1.22,4.07,4.04,4.07,4.15,0.48,0.0,0.48,0.48,1.92,1.44,1.44,0.72,6.71,4.8
2023-07-05,002370,4.17,4.15,4.19,4.13,55254,22941838.0,1.44,-0.48,-0.02,1.03,-0.73,-0.24,-1.69,-2.91,-3.15,-3.15,-2.42,-1.21,0.24,0.97,4.11,4.05,4.07,4.15,0.48,0.96,0.96,2.41,1.93,1.93,1.2,7.23,5.3,4.34
2023-07-06,002370,4.17,4.14,4.17,4.1,53034,21933151.0,1.69,-0.24,-0.01,0.99,0.49,-0.98,-2.2,-2.44,-2.44,-1.71,-0.49,0.98,1.71,2.2,4.13,4.06,4.07,4.14,1.21,1.21,2.66,2.17,2.17,1.45,7.49,5.56,4.59,3.86
2023-07-07,002370,4.16,4.15,4.19,4.11,53119,22091770.9,1.93,0.24,0.01,0.99,-1.22,-2.43,-2.68,-2.68,-1.95,-0.73,0.73,1.46,1.95,1.46,4.15,4.07,4.07,4.13,0.96,2.41,1.93,1.93,1.2,7.23,5.3,4.34,3.61,3.61
2023-07-10,002370,4.16,4.16,4.19,4.14,46057,19144468.28,1.2,0.24,0.01,0.86,-3.14,-3.38,-3.38,-2.66,-1.45,0.0,0.72,1.21,0.72,1.21,4.15,4.09,4.08,4.13,2.16,1.68,1.68,0.96,6.97,5.05,4.09,3.37,3.37,5.29
2023-07-11,002370,4.15,4.21,4.25,4.15,77748,32660896.8,2.4,1.2,0.05,1.45,-3.61,-3.61,-2.89,-1.69,-0.24,0.48,0.96,0.48,0.96,0.96,4.16,4.11,4.09,4.12,0.48,0.48,-0.24,5.7,3.8,2.85,2.14,2.14,4.04,3.56
2023-07-12,002370,4.21,4.17,4.23,4.16,45002,18871405.83,1.66,-0.95,-0.04,0.84,-3.85,-3.12,-1.92,-0.48,0.24,0.72,0.24,0.72,0.72,2.16,4.17,4.14,4.09,4.11,1.44,0.72,6.71,4.8,3.84,3.12,3.12,5.04,4.56,6.47
2023-07-13,002370,4.18,4.19,4.23,4.18,38774,16295102.0,1.2,0.48,0.02,0.72,-3.59,-2.39,-0.96,-0.24,0.24,-0.24,0.24,0.24,1.67,1.2,4.18,4.15,4.09,4.11,0.24,6.21,4.3,3.34,2.63,2.63,4.53,4.06,5.97,5.97
2023-07-14,002370,4.19,4.18,4.2,4.15,38370,15989761.5,1.19,-0.24,-0.01,0.71,-1.69,-0.24,0.48,0.96,0.48,0.96,0.96,2.41,1.93,1.93,4.18,4.16,4.1,4.11,6.46,4.55,3.59,2.87,2.87,4.78,4.31,6.22,6.22,6.46
2023-07-17,002370,4.3,4.37,4.45,4.24,205938,89336351.22,5.02,4.55,0.19,3.84,-2.36,-1.65,-1.18,-1.65,-1.18,-1.18,0.24,-0.24,-0.24,-0.94,4.22,4.19,4.11,4.11,0.0,-0.92,-1.6,-1.6,0.23,-0.23,1.6,1.6,1.83,2.29
2023-07-18,002370,4.33,4.31,4.37,4.27,104620,45041610.76,2.29,-1.37,-0.06,1.95,-2.34,-1.87,-2.34,-1.87,-1.87,-0.47,-0.94,-0.94,-1.64,4.22,4.24,4.2,4.12,4.11,0.46,-0.23,-0.23,1.62,1.16,3.02,3.02,3.25,3.71,3.94
2023-07-19,002370,4.28,4.29,4.33,4.27,50091,21489230.0,1.39,-0.46,-0.02,0.93,-1.87,-2.34,-1.87,-1.87,-0.47,-0.94,-0.94,-1.64,4.22,2.34,4.27,4.22,4.13,4.12,0.23,0.23,2.1,1.63,3.5,3.5,3.73,4.2,4.43,3.73
2023-07-20,002370,4.29,4.25,4.3,4.24,47551,20324386.5,1.4,-0.93,-0.04,0.89,-1.65,-1.18,-1.18,0.24,-0.24,-0.24,-0.94,4.95,3.07,2.12,4.28,4.23,4.14,4.12,1.18,3.06,2.59,4.47,4.47,4.71,5.18,5.41,4.71,5.88
2023-07-21,002370,4.25,4.27,4.3,4.24,41753,17837236.98,1.41,0.47,0.02,0.78,-1.18,-1.18,0.24,-0.24,-0.24,-0.94,4.95,3.07,2.12,1.42,4.3,4.24,4.16,4.13,2.58,2.11,3.98,3.98,4.22,4.68,4.92,4.22,5.39,5.62
2023-07-24,002370,4.25,4.33,4.38,4.24,78003,33724272.0,3.28,1.41,0.06,1.45,-1.18,0.24,-0.24,-0.24,-0.94,4.95,3.07,2.12,1.42,1.42,4.29,4.26,4.18,4.14,0.69,2.54,2.54,2.77,3.23,3.46,2.77,3.93,4.16,2.31
2023-07-25,002370,4.34,4.35,4.36,4.31,66860,29036330.4,1.15,0.46,0.02,1.25,-1.39,-1.86,-1.86,-2.55,3.25,1.39,0.46,-0.23,-0.23,1.62,4.3,4.27,4.19,4.15,2.07,2.07,2.3,2.76,2.99,2.3,3.45,3.68,1.84,2.3
2023-07-26,002370,4.37,4.41,4.44,4.35,96064,42355079.43,2.07,1.38,0.06,1.79,-2.76,-2.76,-3.45,2.3,0.46,-0.46,-1.15,-1.15,0.69,0.23,4.32,4.29,4.22,4.16,0.68,0.91,1.36,1.59,0.91,2.04,2.27,0.45,0.91,2.49
2023-07-27,002370,4.43,4.4,4.44,4.39,55420,24398896.0,1.13,-0.23,-0.01,1.03,-3.64,-4.33,1.37,-0.46,-1.37,-2.05,-2.05,-0.23,-0.68,1.14,4.35,4.32,4.24,4.17,1.14,1.59,1.82,1.14,2.27,2.5,0.68,1.14,2.73,2.73
2023-07-28,002370,4.38,4.44,4.45,4.38,74255,32858788.3,1.59,0.91,0.04,1.38,-4.11,1.6,-0.23,-1.14,-1.83,-1.83,0.0,-0.46,1.37,1.37,4.39,4.34,4.25,4.18,0.68,0.9,0.23,1.35,1.58,-0.23,0.23,1.8,1.8,3.38
2023-07-31,002370,4.43,4.46,4.47,4.43,66208,29490612.8,0.9,0.45,0.02,1.23,0.45,-1.35,-2.26,-2.93,-2.93,-1.13,-1.58,0.23,0.23,0.45,4.41,4.35,4.27,4.19,0.45,-0.22,0.9,1.12,-0.67,-0.22,1.35,1.35,2.91,2.47
2023-08-01,002370,4.48,4.45,4.48,4.44,57806,25761065.4,0.9,-0.22,-0.01,1.08,-1.58,-2.48,-3.15,-3.15,-1.35,-1.8,0.0,0.0,0.23,0.68,4.43,4.36,4.28,4.2,0.0,1.12,1.35,-0.45,0.0,1.57,1.57,3.15,2.7,11.91
2023-08-02,002370,4.4,4.44,4.45,4.39,71824,31737357.62,1.35,-0.22,-0.01,1.34,-1.37,-2.05,-2.05,-0.23,-0.68,1.14,1.14,1.37,1.82,2.05,4.44,4.38,4.3,4.21,1.35,1.58,-0.23,0.23,1.8,1.8,3.38,2.93,12.16,11.71
2023-08-03,002370,4.42,4.48,4.5,4.41,91544,40890271.92,2.03,0.9,0.04,1.71,-2.49,-2.49,-0.68,-1.13,0.68,0.68,0.91,1.36,1.59,0.91,4.45,4.4,4.32,4.23,0.67,-1.12,-0.67,0.89,0.89,2.46,2.01,11.16,10.71,16.07
2023-08-04,002370,4.47,4.44,4.51,4.43,60776,27111705.0,1.79,-0.89,-0.04,1.13,-2.93,-1.13,-1.58,0.23,0.23,0.45,0.9,1.13,0.45,1.58,4.45,4.42,4.33,4.24,-0.23,0.23,1.8,1.8,3.38,2.93,12.16,11.71,17.12,8.78
2023-08-07,002370,4.42,4.37,4.43,4.36,82246,36022831.62,1.58,-1.58,-0.07,1.53,0.46,0.0,1.83,1.83,2.06,2.52,2.75,2.06,3.21,3.44,4.44,4.42,4.34,4.26,1.83,3.43,3.43,5.03,4.58,13.96,13.5,18.99,10.53,3.89
2023-08-08,002370,4.36,4.43,4.45,4.31,83821,36778505.53,3.2,1.37,0.06,1.56,1.16,3.02,3.02,3.25,3.71,3.94,3.25,4.41,4.64,2.78,4.43,4.43,4.35,4.27,2.03,2.03,3.61,3.16,12.42,11.96,17.38,9.03,2.48,0.45
2023-08-09,002370,4.4,4.5,4.52,4.4,136788,61321510.78,2.71,1.58,0.07,2.55,0.91,0.91,1.14,1.59,1.82,1.14,2.27,2.5,0.68,1.14,4.44,4.44,4.37,4.29,0.44,2.0,1.56,10.67,10.22,15.56,7.33,0.89,-1.11,-1.78
2023-08-10,002370,4.48,4.51,4.52,4.44,104404,46908099.72,1.78,0.22,0.01,1.95,0.0,0.23,0.68,0.9,0.23,1.35,1.58,-0.23,0.23,1.8,4.45,4.45,4.38,4.31,1.77,1.33,10.42,9.98,15.3,7.1,0.67,-1.33,-2.0,-3.77
2023-08-11,002370,4.52,4.53,4.59,4.48,123555,56231545.0,2.44,0.44,0.02,2.3,-0.67,-0.22,0.0,-0.67,0.45,0.67,-1.12,-0.67,0.89,0.89,4.47,4.46,4.4,4.32,0.88,9.93,9.49,14.79,6.62,0.22,-1.77,-2.43,-4.19,-1.55
2023-08-14,002370,4.51,4.53,4.57,4.46,109186,49245283.89,2.43,0.0,0.0,2.03,0.22,0.45,-0.22,0.9,1.12,-0.67,-0.22,1.35,1.35,2.91,4.5,4.47,4.41,4.34,9.93,9.49,14.79,6.62,0.22,-1.77,-2.43,-4.19,-1.55,0.66
2023-08-15,002370,4.53,4.98,4.98,4.46,333302,162868819.75,11.48,9.93,0.45,6.21,0.45,-0.22,0.9,1.12,-0.67,-0.22,1.35,1.35,2.91,2.47,4.61,4.52,4.44,4.36,-0.4,4.42,-3.01,-8.84,-10.64,-11.24,-12.85,-10.44,-8.43,-8.84
2023-08-16,002370,4.88,4.73,4.96,4.71,911921,440117999.32,5.02,-5.02,-0.25,16.99,-5.52,-4.46,-4.25,-5.94,-5.52,-4.03,-4.03,-2.55,-2.97,5.73,4.66,4.55,4.47,4.38,9.94,2.11,-4.02,-5.92,-6.55,-8.25,-5.71,-3.59,-4.02,-3.59
2023-08-17,002370,4.75,4.91,5.2,4.74,1148286,576015719.31,9.73,3.81,0.18,21.4,-5.06,-4.85,-6.54,-6.12,-4.64,-4.64,-3.16,-3.59,5.06,4.64,4.74,4.59,4.5,4.41,-1.63,-7.54,-9.37,-9.98,-11.61,-9.16,-7.13,-7.54,-7.13,-6.52
2023-08-18,002370,4.77,4.63,4.83,4.57,884798,412648139.59,5.3,-5.7,-0.28,16.49,-1.31,-3.06,-2.63,-1.09,-1.09,0.44,0.0,8.97,8.53,13.79,4.76,4.61,4.52,4.42,-1.94,-3.89,-4.54,-6.26,-3.67,-1.51,-1.94,-1.51,-0.86,-0.22
2023-08-21,002370,4.49,4.4,4.54,4.32,493314,218688673.44,4.75,-4.97,-0.23,9.19,2.55,3.01,4.63,4.63,6.25,5.79,15.28,14.81,20.37,11.81,4.73,4.61,4.52,4.43,1.14,0.45,-1.36,1.36,3.64,3.18,3.64,4.32,5.0,3.18
2023-08-22,002370,4.4,4.26,4.45,4.14,486311,206297839.22,7.05,-3.18,-0.14,9.06,7.49,9.18,9.18,10.87,10.39,20.29,19.81,25.6,16.67,9.66,4.59,4.6,4.52,4.43,3.76,1.88,4.69,7.04,6.57,7.04,7.75,8.45,6.57,6.81
2023-08-23,002370,4.3,4.29,4.42,4.25,350931,151951232.13,3.99,0.7,0.03,6.54,6.35,6.35,8.0,7.53,17.18,16.71,22.35,13.65,6.82,4.71,4.5,4.58,4.51,4.44,1.17,3.96,6.29,5.83,6.29,6.99,7.69,5.83,6.06,4.9
2023-08-24,002370,4.26,4.31,4.34,4.21,226374,96846771.24,3.03,0.47,0.02,4.22,7.36,9.03,8.55,18.29,17.81,23.52,14.73,7.84,5.7,4.99,4.38,4.56,4.5,4.44,3.48,5.8,5.34,5.8,6.5,7.19,5.34,5.57,4.41,3.71
2023-08-25,002370,4.26,4.33,4.46,4.22,235073,102368954.22,5.57,0.46,0.02,4.38,8.77,8.29,18.01,17.54,23.22,14.45,7.58,5.45,4.74,2.84,4.32,4.54,4.5,4.45,5.31,4.85,5.31,6.0,6.7,4.85,5.08,3.93,3.23,1.39
2023-08-28,002370,4.51,4.41,4.56,4.37,290750,129766364.47,4.39,1.85,0.08,5.42,4.58,13.96,13.5,18.99,10.53,3.89,1.83,1.14,-0.69,2.06,4.32,4.52,4.5,4.45,2.95,3.4,4.08,4.76,2.95,3.17,2.04,1.36,-0.45,1.81
2023-08-29,002370,4.41,4.54,4.54,4.37,197843,88878974.38,3.85,2.95,0.13,3.69,13.96,13.5,18.99,10.53,3.89,1.83,1.14,-0.69,2.06,4.35,4.38,4.48,4.5,4.46,0.44,1.1,1.76,0.0,0.22,-0.88,-1.54,-3.3,-1.1,1.98
2023-08-30,002370,4.51,4.49,4.56,4.44,157075,70429153.79,2.64,-1.1,-0.05,2.93,11.71,17.12,8.78,2.25,0.23,-0.45,-2.25,0.45,2.7,2.25,4.42,4.46,4.5,4.46,2.23,2.9,1.11,1.34,0.22,-0.45,-2.23,0.0,3.12,2.9
2023-08-31,002370,4.44,4.55,4.59,4.38,230173,103286468.61,4.68,1.34,0.06,4.29,18.72,10.27,3.65,1.6,0.91,-0.91,1.83,4.11,3.65,4.11,4.46,4.42,4.51,4.47,1.54,-0.22,0.0,-1.1,-1.76,-3.52,-1.32,1.76,1.54,0.22
2023-09-01,002370,4.53,4.5,4.62,4.48,119840,54124103.14,3.08,-1.1,-0.05,2.23,7.81,1.34,-0.67,-1.34,-3.13,-0.45,1.79,1.34,1.79,2.46,4.5,4.41,4.51,4.48,0.89,1.11,0.0,-0.67,-2.44,-0.22,2.89,2.67,1.33,2.67
2023-09-04,002370,4.46,4.53,4.54,4.45,121794,54949096.53,2.0,0.67,0.03,2.27,2.02,0.0,-0.67,-2.47,0.22,2.47,2.02,2.47,3.15,3.82,4.52,4.42,4.52,4.49,0.44,-0.66,-1.32,-3.09,-0.88,2.21,1.99,0.66,1.99,2.21
2023-09-05,002370,4.52,4.51,4.55,4.48,93183,42062165.5,1.55,-0.44,-0.02,1.74,-0.67,-1.34,-3.13,-0.45,1.79,1.34,1.79,2.46,3.12,1.34,4.52,4.45,4.52,4.49,-0.22,-0.89,-2.66,-0.44,2.66,2.44,1.11,2.44,2.66,3.33
2023-09-06,002370,4.48,4.46,4.5,4.45,102250,45724631.05,1.11,-1.11,-0.05,1.91,-0.67,-2.47,0.22,2.47,2.02,2.47,3.15,3.82,2.02,2.25,4.51,4.46,4.52,4.49,0.22,-1.57,0.67,3.81,3.59,2.24,3.59,3.81,4.48,2.91
2023-09-07,002370,4.44,4.37,4.47,4.36,94502,41661154.6,2.47,-2.02,-0.09,1.76,-0.46,2.29,4.59,4.13,4.59,5.28,5.96,4.13,4.36,3.21,4.47,4.47,4.51,4.49,0.46,2.75,5.95,5.72,4.35,5.72,5.95,6.64,5.03,4.35
2023-09-08,002370,4.34,4.33,4.39,4.31,76640,33272801.0,1.83,-0.92,-0.04,1.43,3.48,5.8,5.34,5.8,6.5,7.19,5.34,5.57,4.41,3.71,4.44,4.47,4.5,4.49,3.7,6.93,6.7,5.31,6.7,6.93,7.62,6.0,5.31,5.08
2023-09-11,002370,4.33,4.47,4.49,4.32,123089,54660989.87,3.93,3.23,0.14,2.29,5.56,5.09,5.56,6.25,6.94,5.09,5.32,4.17,3.47,1.62,4.43,4.47,4.5,4.49,3.58,3.36,2.01,3.36,3.58,4.25,2.68,2.01,1.79,3.58
2023-09-12,002370,4.48,4.58,4.63,4.44,203272,93038508.16,4.25,2.46,0.11,3.79,2.25,2.7,3.38,4.05,2.25,2.48,1.35,0.68,-1.13,1.13,4.44,4.48,4.48,4.49,0.87,-0.44,0.87,1.09,1.75,0.22,-0.44,-0.66,1.09,0.66
2023-09-13,002370,4.58,4.5,4.62,4.45,151673,68523059.59,3.71,-1.75,-0.08,2.83,2.47,3.15,3.82,2.02,2.25,1.12,0.45,-1.35,0.9,4.04,4.45,4.48,4.47,4.5,1.33,2.67,2.89,3.56,2.0,1.33,1.11,2.89,2.44,2.44
2023-09-14,002370,4.52,4.48,4.56,4.45,119895,53945984.0,2.44,-0.44,-0.02,2.23,3.15,3.82,2.02,2.25,1.12,0.45,-1.35,0.9,4.04,3.82,4.47,4.47,4.45,4.5,3.12,3.35,4.02,2.46,1.79,1.56,3.35,2.9,2.9,3.35
2023-09-15,002370,4.48,4.59,4.62,4.47,219395,100369771.9,3.35,2.46,0.11,4.09,3.36,1.57,1.79,0.67,0.0,-1.79,0.45,3.58,3.36,2.01,4.52,4.48,4.45,4.5,0.87,1.53,0.0,-0.65,-0.87,0.87,0.44,0.44,0.87,-0.22
2023-09-18,002370,4.61,4.59,4.63,4.54,124855,57135799.84,1.96,0.0,0.0,2.33,0.0,0.22,-0.88,-1.54,-3.3,-1.1,1.98,1.76,0.44,1.76,4.55,4.49,4.45,4.51,1.53,0.0,-0.65,-0.87,0.87,0.44,0.44,0.87,-0.22,-1.74
2023-09-19,002370,4.59,4.55,4.66,4.53,141708,64981684.29,2.83,-0.87,-0.04,2.64,0.44,-0.66,-1.32,-3.09,-0.88,2.21,1.99,0.66,1.99,2.21,4.54,4.49,4.47,4.51,0.88,0.22,0.0,1.76,1.32,1.32,1.76,0.66,-0.88,0.88
2023-09-20,002370,4.51,4.52,4.59,4.5,115238,52299026.35,1.98,-0.66,-0.03,2.15,0.0,-0.67,-2.44,-0.22,2.89,2.67,1.33,2.67,2.89,3.56,4.55,4.5,4.48,4.51,0.88,0.66,2.43,1.99,1.99,2.43,1.33,-0.22,1.55,2.65
2023-09-21,002370,4.5,4.48,4.56,4.46,105913,47761071.0,2.21,-0.88,-0.04,1.97,0.22,-1.57,0.67,3.81,3.59,2.24,3.59,3.81,4.48,2.91,4.55,4.51,4.49,4.51,1.56,3.35,2.9,2.9,3.35,2.23,0.67,2.46,3.57,4.91
2023-09-22,002370,4.49,4.53,4.55,4.43,100520,45179482.06,2.68,1.12,0.05,1.87,-0.9,1.35,4.51,4.29,2.93,4.29,4.51,5.19,3.61,2.93,4.53,4.53,4.5,4.51,2.21,1.77,1.77,2.21,1.1,-0.44,1.32,2.43,3.75,6.4
2023-09-25,002370,4.5,4.59,4.63,4.47,131263,60164034.39,3.53,1.32,0.06,2.45,0.45,3.58,3.36,2.01,3.36,3.58,4.25,2.68,2.01,1.79,4.53,4.54,4.51,4.51,0.44,0.44,0.87,-0.22,-1.74,0.0,1.09,2.4,5.01,3.05
2023-09-26,002370,4.57,4.49,4.61,4.48,92780,41914792.28,2.83,-2.18,-0.1,1.73,3.35,3.12,1.79,3.12,3.35,4.02,2.46,1.79,1.56,3.35,4.52,4.53,4.51,4.5,2.67,3.12,2.0,0.45,2.23,3.34,4.68,7.35,5.35,3.34
2023-09-27,002370,4.5,4.6,4.61,4.49,136936,62610668.76,2.67,2.45,0.11,2.55,2.9,1.56,2.9,3.12,3.79,2.23,1.56,1.34,3.12,2.67,4.54,4.54,4.51,4.49,0.65,-0.43,-1.96,-0.22,0.87,2.17,4.78,2.83,0.87,-2.61
2023-09-28,002370,4.59,4.58,4.63,4.55,107622,49391456.0,1.74,-0.43,-0.02,2.01,0.22,1.54,1.76,2.42,0.88,0.22,0.0,1.76,1.32,1.32,4.56,4.55,4.51,4.48,0.0,-1.53,0.22,1.31,2.62,5.24,3.28,1.31,-2.18,2.84
2023-10-09,002370,4.55,4.49,4.58,4.43,144147,64496255.39,3.28,-1.97,-0.09,2.55,4.29,4.51,5.19,3.61,2.93,2.71,4.51,4.06,4.06,4.51,4.55,4.54,4.51,4.48,0.45,2.23,3.34,4.68,7.35,5.35,3.34,-0.22,4.9,8.24
2023-10-10,002370,4.5,4.4,4.51,4.38,127729,56583314.04,2.9,-2.0,-0.09,2.26,5.71,6.39,4.79,4.11,3.88,5.71,5.25,5.25,5.71,4.57,4.51,4.52,4.51,4.48,4.32,5.45,6.82,9.55,7.5,5.45,1.82,7.05,10.45,9.09
2023-10-11,002370,4.4,4.51,4.59,4.38,167969,75709255.0,4.77,2.5,0.11,2.98,6.39,4.79,4.11,3.88,5.71,5.25,5.25,5.71,4.57,2.97,4.52,4.52,4.51,4.49,2.88,4.21,6.87,4.88,2.88,-0.67,4.43,7.76,6.43,6.21
2023-10-12,002370,4.49,4.58,4.64,4.49,148102,67833734.0,3.33,1.55,0.07,2.62,2.23,1.56,1.34,3.12,2.67,2.67,3.12,2.0,0.45,2.23,4.51,4.52,4.51,4.5,2.62,5.24,3.28,1.31,-2.18,2.84,6.11,4.8,4.59,2.84
2023-10-13,002370,4.58,4.68,4.7,4.55,249113,116106482.81,3.28,2.18,0.1,4.41,0.22,0.0,1.76,1.32,1.32,1.76,0.66,-0.88,0.88,1.98,4.53,4.54,4.53,4.51,2.99,1.07,-0.85,-4.27,0.64,3.85,2.56,2.35,0.64,4.06
2023-10-16,002370,4.7,4.63,4.82,4.6,263682,123808620.37,4.7,-1.07,-0.05,4.67,-1.09,0.65,0.22,0.22,0.65,-0.43,-1.96,-0.22,0.87,2.17,4.56,4.55,4.54,4.52,2.16,0.22,-3.24,1.73,4.97,3.67,3.46,1.73,5.18,7.13
2023-10-17,002370,4.7,4.62,4.73,4.55,185292,85699907.86,3.89,-0.22,-0.01,3.28,1.76,1.32,1.32,1.76,0.66,-0.88,0.88,1.98,3.3,5.93,4.6,4.56,4.55,4.52,0.43,-3.03,1.95,5.19,3.9,3.68,1.95,5.41,7.36,9.09
2023-10-18,002370,4.6,4.47,4.64,4.46,146277,66081103.0,3.9,-3.25,-0.15,2.59,3.36,3.36,3.81,2.69,1.12,2.91,4.04,5.38,8.07,6.05,4.6,4.56,4.54,4.52,0.22,5.37,8.72,7.38,7.16,5.37,8.95,10.96,12.75,10.29
2023-10-19,002370,4.47,4.31,4.48,4.31,135192,59047345.89,3.8,-3.58,-0.16,2.4,6.96,7.42,6.26,4.64,6.5,7.66,9.05,11.83,9.74,7.66,4.54,4.53,4.53,4.52,9.28,12.76,11.37,11.14,9.28,12.99,15.08,16.94,14.39,13.23
2023-10-20,002370,4.33,4.53,4.71,4.27,432723,194913688.82,10.21,5.1,0.22,7.67,8.43,7.26,5.62,7.49,8.67,10.07,12.88,10.77,8.67,4.92,4.51,4.52,4.54,4.52,7.28,5.96,5.74,3.97,7.51,9.49,11.26,8.83,7.73,5.52
2023-10-23,002370,4.57,4.6,4.86,4.42,544897,251368260.54,9.71,1.55,0.07,9.65,3.62,2.04,3.85,4.98,6.33,9.05,7.01,4.98,1.36,6.56,4.51,4.53,4.54,4.52,4.35,4.13,2.39,5.87,7.83,9.57,7.17,6.09,3.91,6.74
2023-10-24,002370,4.61,4.71,4.8,4.57,496639,232420738.19,5.0,2.39,0.11,8.8,-1.31,0.44,1.53,2.84,5.47,3.5,1.53,-1.97,3.06,6.35,4.52,4.56,4.54,4.53,1.7,0.0,3.4,5.31,7.01,4.67,3.61,1.49,4.25,4.46
2023-10-25,002370,4.67,4.71,4.79,4.63,407955,192396849.11,3.4,0.0,0.0,7.23,-0.86,0.22,1.51,4.1,2.16,0.22,-3.24,1.73,4.97,3.67,4.57,4.58,4.55,4.53,0.0,3.4,5.31,7.01,4.67,3.61,1.49,4.25,4.46,12.1
2023-10-26,002370,4.67,4.69,4.71,4.61,283932,132555646.26,2.12,-0.42,-0.02,5.03,0.65,1.95,4.56,2.6,0.65,-2.82,2.17,5.42,4.12,3.9,4.65,4.59,4.56,4.54,3.84,5.76,7.46,5.12,4.05,1.92,4.69,4.9,12.58,9.81
2023-10-27,002370,4.69,4.84,4.87,4.58,504661,241047402.05,6.18,3.2,0.15,8.94,2.62,5.24,3.28,1.31,-2.18,2.84,6.11,4.8,4.59,2.84,4.71,4.61,4.58,4.56,2.48,4.13,1.86,0.83,-1.24,1.45,1.65,9.09,6.4,1.24
2023-10-30,002370,4.84,4.88,4.96,4.78,544641,266295697.98,3.72,0.83,0.04,9.65,0.84,-1.05,-2.93,-6.28,-1.46,1.67,0.42,0.21,-1.46,1.88,4.77,4.64,4.6,4.57,3.28,1.02,0.0,-2.05,0.61,0.82,8.2,5.53,0.41,3.07
2023-10-31,002370,4.84,4.93,5.04,4.82,496396,245614570.58,4.51,1.02,0.05,8.79,-1.87,-3.73,-7.05,-2.28,0.83,-0.41,-0.62,-2.28,1.04,2.9,4.81,4.67,4.61,4.59,0.0,-1.01,-3.04,-0.41,-0.2,7.1,4.46,-0.61,2.03,-0.81
2023-11-01,002370,4.88,4.82,4.93,4.79,376083,181995275.28,2.84,-2.23,-0.11,6.66,-3.13,-6.47,-1.67,1.46,0.21,0.0,-1.67,1.67,3.55,5.22,4.83,4.7,4.63,4.6,1.24,-0.83,1.87,2.07,9.54,6.85,1.66,4.36,1.45,0.41
2023-11-02,002370,4.85,4.76,4.88,4.75,247809,118599905.38,2.7,-1.24,-0.06,4.39,-5.68,-0.84,2.32,1.05,0.84,-0.84,2.53,4.42,6.11,3.79,4.85,4.75,4.64,4.61,0.42,3.15,3.36,10.92,8.19,2.94,5.67,2.73,1.68,0.21
2023-11-03,002370,4.75,4.72,4.78,4.69,265158,125265951.12,1.89,-0.84,-0.04,4.7,0.43,3.62,2.35,2.13,0.43,3.84,5.76,7.46,5.12,4.05,4.82,4.77,4.64,4.61,4.03,4.24,11.86,9.11,3.81,6.57,3.6,2.54,1.06,0.0
2023-11-06,002370,4.77,4.88,4.91,4.76,373453,181591902.82,3.18,3.39,0.16,6.62,2.1,0.84,0.63,-1.05,2.31,4.2,5.88,3.57,2.52,0.42,4.82,4.79,4.66,4.62,0.82,8.2,5.53,0.41,3.07,0.2,-0.82,-2.25,-3.28,-1.84
2023-11-07,002370,4.83,4.8,4.92,4.78,274518,132281627.3,2.87,-1.64,-0.08,4.86,0.42,0.21,-1.46,1.88,3.77,5.44,3.14,2.09,0.0,2.72,4.8,4.8,4.68,4.63,10.0,7.29,2.08,4.79,1.88,0.83,-0.63,-1.67,-0.21,0.83
2023-11-08,002370,4.78,5.18,5.28,4.74,1194735,621503400.43,11.25,7.92,0.38,21.17,1.05,-0.63,2.74,4.64,6.33,4.01,2.95,0.84,3.59,3.8,4.87,4.85,4.72,4.65,-0.58,-5.41,-2.9,-5.6,-6.56,-7.92,-8.88,-7.53,-6.56,-7.92
2023-11-09,002370,5.13,4.87,5.15,4.85,1166198,577980772.11,5.79,-5.98,-0.31,20.66,-2.89,0.41,2.27,3.92,1.65,0.62,-1.44,1.24,1.44,8.87,4.89,4.87,4.73,4.66,0.62,3.29,0.41,-0.62,-2.05,-3.08,-1.64,-0.62,-2.05,2.87
2023-11-10,002370,4.83,4.77,4.9,4.76,530183,254252848.92,2.87,-2.05,-0.1,9.39,2.31,4.2,5.88,3.57,2.52,0.42,3.15,3.36,10.92,8.19,4.9,4.86,4.74,4.67,5.45,2.52,1.47,0.0,-1.05,0.42,1.47,0.0,5.03,7.76
2023-11-13,002370,4.81,4.86,5.03,4.8,488982,237468107.28,4.82,1.89,0.09,8.66,3.33,5.0,2.71,1.67,-0.42,2.29,2.5,10.0,7.29,2.08,4.9,4.86,4.75,4.68,0.62,-0.41,-1.85,-2.88,-1.44,-0.41,-1.85,3.09,5.76,6.38
2023-11-14,002370,4.87,4.8,4.89,4.76,401777,192737878.25,2.67,-1.23,-0.06,7.12,5.88,3.57,2.52,0.42,3.15,3.36,10.92,8.19,2.94,5.67,4.9,4.85,4.76,4.69,0.83,-0.63,-1.67,-0.21,0.83,-0.63,4.37,7.08,7.71,3.54
2023-11-15,002370,4.82,4.74,4.84,4.7,359079,170277992.46,2.92,-1.25,-0.06,6.36,4.89,3.83,1.7,4.47,4.68,12.34,9.57,4.26,7.02,4.04,4.81,4.84,4.77,4.7,0.63,-0.42,1.05,2.11,0.63,5.7,8.44,9.07,4.85,3.38
2023-11-16,002370,4.73,4.74,4.77,4.71,257243,121955212.85,1.27,0.0,0.0,4.56,3.61,1.49,4.25,4.46,12.1,9.34,4.03,6.79,3.82,2.76,4.78,4.84,4.79,4.7,-0.42,1.05,2.11,0.63,5.7,8.44,9.07,4.85,3.38,2.74
2023-11-17,002370,4.72,4.69,4.72,4.63,289742,135319413.26,1.9,-1.05,-0.05,5.13,3.24,6.05,6.26,14.04,11.23,5.83,8.64,5.62,4.54,3.02,4.77,4.83,4.8,4.71,2.13,3.2,1.71,6.82,9.59,10.23,5.97,4.48,3.84,4.69
2023-11-20,002370,4.69,4.77,4.79,4.69,310289,147724866.04,2.13,1.71,0.08,5.5,4.69,4.9,12.58,9.81,4.48,7.25,4.26,3.2,1.71,0.64,4.75,4.82,4.81,4.72,1.47,0.0,5.03,7.76,8.39,4.19,2.73,2.1,2.94,6.29
2023-11-21,002370,4.77,4.77,4.84,4.73,316803,151258470.58,2.31,0.0,0.0,5.61,4.02,11.63,8.88,3.59,6.34,3.38,2.33,0.85,-0.21,1.27,4.74,4.82,4.81,4.73,0.0,5.03,7.76,8.39,4.19,2.73,2.1,2.94,6.29,3.14
2023-11-22,002370,4.75,4.7,4.77,4.69,222283,105043815.07,1.68,-1.47,-0.07,3.94,12.58,9.81,4.48,7.25,4.26,3.2,1.71,0.64,2.13,3.2,4.73,4.77,4.81,4.74,6.6,9.36,10.0,5.74,4.26,3.62,4.47,7.87,4.68,2.13
2023-11-23,002370,4.76,4.93,5.01,4.74,783834,381909958.28,5.74,4.89,0.23,13.89,8.65,3.38,6.12,3.16,2.11,0.63,-0.42,1.05,2.11,0.63,4.77,4.78,4.82,4.75,4.26,4.87,0.81,-0.61,-1.22,-0.41,2.84,-0.2,-2.64,-4.67
2023-11-24,002370,4.93,5.04,5.14,4.87,967837,486653817.14,5.48,2.23,0.11,17.15,0.62,3.29,0.41,-0.62,-2.05,-3.08,-1.64,-0.62,-2.05,2.87,4.84,4.8,4.83,4.76,2.58,-1.39,-2.78,-3.37,-2.58,0.6,-2.38,-4.76,-6.75,-8.33
2023-11-27,002370,5.13,4.97,5.17,4.95,645583,323751036.33,4.37,-1.39,-0.07,11.44,1.62,-1.21,-2.22,-3.64,-4.65,-3.23,-2.22,-3.64,1.21,3.84,4.88,4.81,4.84,4.77,0.0,-1.41,-2.01,-1.21,2.01,-1.01,-3.42,-5.43,-7.04,-8.25
2023-11-28,002370,4.97,4.91,4.97,4.81,375999,183200904.18,3.22,-1.21,-0.06,6.66,1.66,0.62,-0.83,-1.87,-0.42,0.62,-0.83,4.16,6.86,7.48,4.91,4.83,4.84,4.78,-0.2,-0.81,0.0,3.26,0.2,-2.24,-4.28,-5.91,-7.13,-6.52
2023-11-29,002370,4.9,4.8,4.9,4.77,278032,133964445.82,2.65,-2.24,-0.11,4.93,1.47,0.0,-1.05,0.42,1.47,0.0,5.03,7.76,8.39,4.19,4.93,4.83,4.84,4.79,1.46,2.29,5.63,2.5,0.0,-2.08,-3.75,-5.0,-4.37,-3.12
2023-11-30,002370,4.76,4.85,4.87,4.75,304050,146433222.13,2.5,1.04,0.05,5.39,0.42,-0.63,0.84,1.89,0.42,5.47,8.21,8.84,4.63,3.16,4.91,4.84,4.84,4.81,1.24,4.54,1.44,-1.03,-3.09,-4.74,-5.98,-5.36,-4.12,-5.15
2023-12-01,002370,4.82,4.84,4.91,4.8,236521,114810571.0,2.27,-0.21,-0.01,4.19,-1.67,-0.21,0.83,-0.63,4.37,7.08,7.71,3.54,2.08,1.46,4.87,4.86,4.85,4.82,4.75,1.65,-0.83,-2.89,-4.55,-5.79,-5.17,-3.93,-4.96,-7.02
2023-12-04,002370,4.86,4.88,5.07,4.86,357029,176443954.88,4.34,0.83,0.04,6.33,-1.44,-0.41,-1.85,3.09,5.76,6.38,2.26,0.82,0.21,1.03,4.86,4.87,4.85,4.83,0.82,-1.64,-3.69,-5.33,-6.56,-5.94,-4.71,-5.74,-7.79,-9.43
2023-12-05,002370,4.92,4.78,4.92,4.77,251668,121643068.44,3.07,-2.05,-0.1,4.46,1.47,0.0,5.03,7.76,8.39,4.19,2.73,2.1,2.94,6.29,4.83,4.87,4.84,4.83,0.42,-1.67,-3.35,-4.6,-3.97,-2.72,-3.77,-5.86,-7.53,-8.79
2023-12-06,002370,4.78,4.7,4.8,4.68,268816,126760169.65,2.51,-1.67,-0.08,4.76,1.92,7.05,9.83,10.47,6.2,4.7,4.06,4.91,8.33,5.13,4.81,4.87,4.82,4.83,0.0,-1.7,-2.98,-2.34,-1.06,-2.13,-4.26,-5.96,-7.23,-7.66
2023-12-07,002370,4.7,4.59,4.7,4.57,260531,120325142.05,2.77,-2.34,-0.11,4.62,9.63,12.47,13.13,8.75,7.22,6.56,7.44,10.94,7.66,5.03,4.76,4.84,4.81,4.83,0.65,-0.65,0.0,1.31,0.22,-1.96,-3.7,-5.01,-5.45,-6.54
2023-12-08,002370,4.6,4.56,4.62,4.55,194807,89114806.61,1.53,-0.65,-0.03,3.45,12.97,13.63,9.23,7.69,7.03,7.91,11.43,8.13,5.49,3.3,4.7,4.79,4.8,4.82,0.0,0.66,1.97,0.88,-1.32,-3.07,-4.39,-4.82,-5.92,-5.92
2023-12-11,002370,4.56,4.55,4.56,4.49,170891,77360766.0,1.54,-0.22,-0.01,3.03,15.14,10.69,9.13,8.46,9.35,12.92,9.58,6.9,4.68,2.9,4.64,4.75,4.78,4.81,0.88,2.2,1.1,-1.1,-2.86,-4.18,-4.62,-5.71,-5.71,-7.69
2023-12-12,002370,4.55,4.54,4.59,4.52,169011,76747583.66,1.54,-0.22,-0.01,2.99,9.96,8.41,7.74,8.63,12.17,8.85,6.19,3.98,2.21,0.88,4.59,4.71,4.77,4.79,2.42,1.32,-0.88,-2.64,-3.96,-4.41,-5.51,-5.51,-7.49,-7.27
2023-12-13,002370,4.55,4.57,4.65,4.53,279975,129007117.55,2.64,0.66,0.03,4.96,8.17,7.51,8.39,11.92,8.61,5.96,3.75,1.99,0.66,1.32,4.56,4.69,4.76,4.79,0.66,-1.53,-3.28,-4.6,-5.03,-6.13,-6.13,-8.1,-7.88,-8.32
2023-12-14,002370,4.59,4.47,4.6,4.46,263404,119084006.02,3.06,-2.19,-0.1,4.67,9.19,10.09,13.68,10.31,7.62,5.38,3.59,2.24,2.91,4.26,4.54,4.65,4.75,4.78,0.67,-1.12,-2.46,-2.91,-4.03,-4.03,-6.04,-5.82,-6.26,-5.15
2023-12-15,002370,4.47,4.38,4.5,4.36,261407,114848080.27,3.13,-2.01,-0.09,4.63,12.61,16.28,12.84,10.09,7.8,5.96,4.59,5.28,6.65,5.5,4.5,4.6,4.73,4.76,0.91,-0.46,-0.91,-2.05,-2.05,-4.11,-3.88,-4.34,-3.2,-1.37
2023-12-18,002370,4.37,4.33,4.42,4.32,128960,56265935.25,2.28,-1.14,-0.05,2.28,17.36,13.89,11.11,8.8,6.94,5.56,6.25,7.64,6.48,4.17,4.46,4.55,4.71,4.75,0.69,0.23,-0.92,-0.92,-3.0,-2.77,-3.23,-2.08,-0.23,0.0
2023-12-19,002370,4.32,4.29,4.36,4.26,119197,51155944.69,2.31,-0.92,-0.04,2.11,15.49,12.68,10.33,8.45,7.04,7.75,9.15,7.98,5.63,3.76,4.41,4.5,4.68,4.73,1.17,0.0,0.0,-2.1,-1.86,-2.33,-1.17,0.7,0.93,2.1
2023-12-20,002370,4.3,4.27,4.34,4.27,92619,39905277.99,1.63,-0.47,-0.02,1.64,12.41,10.07,8.2,6.79,7.49,8.9,7.73,5.39,3.51,2.11,4.35,4.45,4.66,4.7,0.47,0.47,-1.64,-1.41,-1.87,-0.7,1.17,1.41,2.58,1.41
2023-12-21,002370,4.26,4.29,4.29,4.19,127193,53986317.92,2.34,0.47,0.02,2.25,12.17,10.26,8.83,9.55,10.98,9.79,7.4,5.49,4.06,3.58,4.31,4.42,4.63,4.68,0.0,-2.1,-1.86,-2.33,-1.17,0.7,0.93,2.1,0.93,0.93
2023-12-22,002370,4.28,4.21,4.29,4.2,116140,49159956.99,2.1,-1.86,-0.08,2.06,10.0,8.57,9.29,10.71,9.52,7.14,5.24,3.81,3.33,2.14,4.28,4.39,4.59,4.66,-0.24,0.0,-0.48,0.71,2.61,2.85,4.04,2.85,2.85,0.71
2023-12-25,002370,4.2,4.18,4.2,4.14,102931,42933283.83,1.43,-0.71,-0.03,1.82,10.14,10.87,12.32,11.11,8.7,6.76,5.31,4.83,3.62,3.62,4.25,4.35,4.55,4.64,0.72,0.24,1.44,3.35,3.59,4.78,3.59,3.59,1.44,1.2
2023-12-26,002370,4.18,4.12,4.21,4.12,100682,41901817.41,2.15,-1.44,-0.06,1.78,11.41,12.86,11.65,9.22,7.28,5.83,5.34,4.13,4.13,1.94,4.21,4.31,4.51,4.62,1.7,2.91,4.85,5.1,6.31,5.1,5.1,2.91,2.67,1.94
2023-12-27,002370,4.14,4.18,4.19,4.11,69865,29022074.28,1.94,1.46,0.06,1.24,13.14,11.92,9.49,7.54,6.08,5.6,4.38,4.38,2.19,2.43,4.2,4.27,4.48,4.6,1.44,3.35,3.59,4.78,3.59,3.59,1.44,1.2,0.48,1.2
2023-12-28,002370,4.16,4.22,4.24,4.14,113271,47642549.49,2.39,0.96,0.04,2.01,11.11,8.7,6.76,5.31,4.83,3.62,3.62,1.45,1.69,1.21,4.18,4.25,4.45,4.58,2.37,2.61,3.79,2.61,2.61,0.47,0.24,-0.47,0.24,0.71
2023-12-29,002370,4.22,4.29,4.32,4.21,135758,57926596.65,2.61,1.66,0.07,2.41,6.89,4.99,3.56,3.09,1.9,1.9,-0.24,0.0,-0.48,0.71,4.2,4.24,4.42,4.57,0.93,2.1,0.93,0.93,-1.17,-1.4,-2.1,-1.4,-0.93,-1.63
2024-01-02,002370,4.29,4.3,4.33,4.26,89477,38507475.0,1.63,0.23,0.01,1.47,3.76,2.35,1.88,0.7,0.7,-1.41,-1.17,-1.64,-0.47,1.41,4.22,4.23,4.39,4.55,1.86,0.7,0.7,-1.4,-1.63,-2.33,-1.63,-1.16,-1.86,-2.09
2024-01-03,002370,4.28,4.32,4.38,4.28,125339,54211941.74,2.33,0.47,0.02,2.06,1.87,1.4,0.23,0.23,-1.87,-1.64,-2.1,-0.93,0.93,1.17,4.26,4.24,4.37,4.54,0.23,0.23,-1.85,-2.08,-2.78,-2.08,-1.62,-2.31,-2.55,-3.7
2024-01-04,002370,4.33,4.3,4.33,4.27,68769,29619417.27,1.39,-0.46,-0.02,1.13,1.64,0.47,0.47,-1.64,-1.41,-1.87,-0.7,1.17,1.41,2.58,4.29,4.24,4.35,4.52,0.7,-1.4,-1.63,-2.33,-1.63,-1.16,-1.86,-2.09,-3.26,-5.81
2024-01-05,002370,4.28,4.23,4.33,4.21,105564,45144126.5,2.79,-1.63,-0.07,1.73,1.9,1.9,-0.24,0.0,-0.48,0.71,2.61,2.85,4.04,2.85,4.29,4.23,4.33,4.5,0.24,0.0,-0.71,0.0,0.47,-0.24,-0.47,-1.65,-4.26,-5.2
2024-01-08,002370,4.22,4.15,4.24,4.15,86742,36329843.0,2.13,-1.89,-0.08,1.42,3.37,1.2,1.45,0.96,2.17,4.1,4.34,5.54,4.34,4.34,4.26,4.23,4.31,4.47,1.93,1.2,1.93,2.41,1.69,1.45,0.24,-2.41,-3.37,-4.82
2024-01-09,002370,4.15,4.18,4.23,4.15,78927,33021497.16,1.93,0.72,0.03,1.3,1.2,1.45,0.96,2.17,4.1,4.34,5.54,4.34,4.34,2.17,4.24,4.23,4.29,4.44,0.48,1.2,1.67,0.96,0.72,-0.48,-3.11,-4.07,-5.5,-11.48
2024-01-10,002370,4.16,4.13,4.2,4.12,64574,26832129.72,1.91,-1.2,-0.05,1.06,2.18,1.7,2.91,4.85,5.1,6.31,5.1,5.1,2.91,2.67,4.2,4.23,4.27,4.42,2.42,2.91,2.18,1.94,0.73,-1.94,-2.91,-4.36,-10.41,-9.2
2024-01-11,002370,4.14,4.22,4.23,4.14,74866,31424321.0,2.18,2.18,0.09,1.23,1.21,2.42,4.35,4.59,5.8,4.59,4.59,2.42,2.17,1.45,4.18,4.23,4.25,4.4,0.71,0.0,-0.24,-1.42,-4.03,-4.98,-6.4,-12.32,-11.14,-8.53
2024-01-12,002370,4.2,4.17,4.25,4.15,72486,30474935.02,2.37,-1.18,-0.05,1.19,2.17,4.1,4.34,5.54,4.34,4.34,2.17,1.93,1.2,1.93,4.17,4.23,4.24,4.37,1.2,0.96,-0.24,-2.88,-3.84,-5.28,-11.27,-10.07,-7.43,-4.8
2024-01-15,002370,4.19,4.18,4.22,4.15,54372,22741452.0,1.68,0.24,0.01,0.89,4.1,4.34,5.54,4.34,4.34,2.17,1.93,1.2,1.93,2.41,4.18,4.22,4.23,4.35,0.72,-0.48,-3.11,-4.07,-5.5,-11.48,-10.29,-7.66,-5.02,-5.98
2024-01-16,002370,4.19,4.14,4.21,4.09,83640,34639624.68,2.87,-0.96,-0.04,1.37,5.87,7.09,5.87,5.87,3.67,3.42,2.69,3.42,3.91,3.18,4.17,4.2,4.22,4.33,0.48,-2.17,-3.14,-4.59,-10.63,-9.42,-6.76,-4.11,-5.07,-8.94
2024-01-17,002370,4.13,4.05,4.16,4.04,68277,27981518.37,2.9,-2.17,-0.09,1.12,8.42,7.18,7.18,4.95,4.7,3.96,4.7,5.2,4.46,4.21,4.15,4.17,4.21,4.3,0.0,-0.99,-2.47,-8.64,-7.41,-4.69,-1.98,-2.96,-6.91,-9.38
2024-01-18,002370,4.05,3.99,4.05,3.89,139933,55355881.31,3.95,-1.48,-0.06,2.3,11.31,11.31,9.0,8.74,7.97,8.74,9.25,8.48,8.23,6.94,4.11,4.14,4.19,4.28,0.5,-1.0,-7.27,-6.02,-3.26,-0.5,-1.5,-5.51,-8.02,-14.04
2024-01-19,002370,3.98,3.93,4.01,3.93,63787,25288789.02,2.01,-1.5,-0.06,1.05,10.18,7.89,7.63,6.87,7.63,8.14,7.38,7.12,5.85,3.05,4.06,4.11,4.17,4.26,0.51,-5.85,-4.58,-1.78,1.02,0.0,-4.07,-6.62,-12.72,-11.96
2024-01-22,002370,3.89,3.7,3.95,3.66,144659,54854428.82,7.38,-5.85,-0.23,2.37,15.85,15.57,14.75,15.57,16.12,15.3,15.03,13.66,10.66,9.56,3.96,4.07,4.15,4.23,0.0,1.35,4.32,7.3,6.22,1.89,-0.81,-7.3,-6.49,-13.51
2024-01-23,002370,3.69,3.66,3.7,3.6,107640,39343140.38,2.7,-1.08,-0.04,1.77,17.5,16.67,17.5,18.06,17.22,16.94,15.56,12.5,11.39,9.72,3.87,4.02,4.12,4.2,2.46,5.46,8.47,7.38,3.01,0.27,-6.28,-5.46,-12.57,-17.21
2024-01-24,002370,3.68,3.72,3.75,3.6,102305,37778061.61,4.1,1.64,0.06,1.68,16.67,17.5,18.06,17.22,16.94,15.56,12.5,11.39,9.72,2.78,3.8,3.98,4.1,4.17,3.76,6.72,5.65,1.34,-1.34,-7.8,-6.99,-13.98,-18.55,-17.2
2024-01-25,002370,3.75,3.86,3.86,3.71,119666,45417908.26,4.03,3.76,0.14,1.96,14.02,14.56,13.75,13.48,12.13,9.16,8.09,6.47,-0.27,1.08,3.77,3.94,4.09,4.15,2.85,1.81,-2.33,-4.92,-11.14,-10.36,-17.1,-21.5,-20.21,-16.58
2024-01-26,002370,3.87,3.89,3.97,3.84,113619,44436447.25,3.37,0.78,0.03,1.87,10.68,9.9,9.64,8.33,5.47,4.43,2.86,-3.65,-2.34,0.52,3.77,3.91,4.07,4.13,1.03,-3.08,-5.66,-11.83,-11.05,-17.74,-22.11,-20.82,-17.22,-14.65
2024-01-29,002370,3.89,3.78,3.93,3.77,109244,41785637.68,4.11,-2.83,-0.11,1.79,11.94,11.67,10.34,7.43,6.37,4.77,-1.86,-0.53,2.39,5.31,3.78,3.87,4.05,4.11,-0.26,-2.91,-9.26,-8.47,-15.34,-19.84,-18.52,-14.81,-12.17,-11.38
2024-01-30,002370,3.75,3.66,3.77,3.65,83576,31016661.12,3.17,-3.17,-0.12,1.37,15.34,13.97,10.96,9.86,8.22,1.37,2.74,5.75,8.77,7.67,3.78,3.82,4.01,4.09,0.27,-6.28,-5.46,-12.57,-17.21,-15.85,-12.02,-9.29,-8.47,-7.1
2024-01-31,002370,3.66,3.41,3.67,3.4,140176,49212192.16,7.38,-6.83,-0.25,2.3,22.35,19.12,17.94,16.18,8.82,10.29,13.53,16.76,15.59,10.88,3.72,3.76,3.97,4.06,0.59,1.47,-6.16,-11.14,-9.68,-5.57,-2.64,-1.76,-0.29,-0.59
2024-02-01,002370,3.42,3.39,3.43,3.28,129133,43376527.24,4.4,-0.59,-0.02,2.12,23.48,22.26,20.43,12.8,14.33,17.68,21.04,19.82,14.94,11.89,3.63,3.7,3.92,4.03,2.06,-5.6,-10.62,-9.14,-5.01,-2.06,-1.18,0.29,0.0,2.95
2024-02-02,002370,3.39,3.21,3.46,3.1,136524,44805493.18,10.62,-5.31,-0.18,2.24,29.35,27.42,19.35,20.97,24.52,28.06,26.77,21.61,18.39,10.65,3.49,3.63,3.87,3.99,-0.31,-5.61,-4.05,0.31,3.43,4.36,5.92,5.61,8.72,11.21
2024-02-05,002370,3.18,2.89,3.2,2.89,204339,60020926.24,9.66,-9.97,-0.32,3.35,36.68,28.03,29.76,33.56,37.37,35.99,30.45,26.99,18.69,19.72,3.31,3.55,3.81,3.95,4.84,6.57,11.42,14.88,15.92,17.65,17.3,20.76,23.53,24.57
2024-02-06,002370,2.83,3.0,3.03,2.63,243813,68883265.74,13.84,3.81,0.11,4.0,40.68,42.59,46.77,50.95,49.43,43.35,39.54,30.42,31.56,21.67,3.18,3.48,3.75,3.91,2.67,7.33,10.67,11.67,13.33,13.0,16.33,19.0,20.0,23.33
2024-02-07,002370,3.06,2.93,3.08,2.88,212539,62580717.79,6.67,-2.33,-0.07,3.49,30.21,34.03,37.85,36.46,30.9,27.43,19.1,20.14,11.11,5.21,3.08,3.4,3.69,3.87,9.9,13.31,14.33,16.04,15.7,19.11,21.84,22.87,26.28,17.75
2024-02-08,002370,2.91,3.17,3.22,2.91,179308,54528715.87,10.58,8.19,0.24,2.94,32.65,36.43,35.05,29.55,26.12,17.87,18.9,9.97,4.12,5.84,3.04,3.33,3.64,3.84,4.73,5.68,7.26,6.94,10.09,12.62,13.56,16.72,8.83,9.46
2024-02-19,002370,3.2,3.27,3.32,3.2,142858,46512683.24,3.79,3.15,0.1,2.35,24.06,22.81,17.81,14.69,7.19,8.12,0.0,-5.31,-3.75,0.63,3.05,3.27,3.59,3.8,2.45,3.98,3.67,6.73,9.17,10.09,13.15,5.5,6.12,8.87
2024-02-20,002370,3.27,3.31,3.35,3.2,114765,37891961.95,4.59,1.22,0.04,1.88,22.81,17.81,14.69,7.19,8.12,0.0,-5.31,-3.75,0.63,3.75,3.14,3.22,3.55,3.77,2.72,2.42,5.44,7.85,8.76,11.78,4.23,4.83,7.55,5.44
2024-02-21,002370,3.3,3.32,3.4,3.26,149597,50006262.74,4.23,0.3,0.01,2.46,15.64,12.58,5.21,6.13,-1.84,-7.06,-5.52,-1.23,1.84,2.76,3.2,3.19,3.51,3.74,2.11,5.12,7.53,8.43,11.45,3.92,4.52,7.23,5.12,3.01
2024-02-22,002370,3.32,3.39,3.39,3.31,103023,34547778.03,2.41,2.11,0.07,1.69,10.88,3.63,4.53,-3.32,-8.46,-6.95,-2.72,0.3,1.21,2.72,3.29,3.19,3.47,3.71,2.95,5.31,6.19,9.14,1.77,2.36,5.01,2.95,0.88,0.59
2024-02-23,002370,3.38,3.48,3.49,3.37,131785,45241810.35,3.54,2.65,0.09,2.16,1.78,2.67,-5.04,-10.09,-8.61,-4.45,-1.48,-0.59,0.89,0.59,3.35,3.2,3.45,3.68,2.59,3.45,6.32,-0.86,-0.29,2.3,0.29,-1.72,-2.01,-3.45
2024-02-26,002370,3.47,3.51,3.57,3.46,139653,49046050.91,3.16,0.86,0.03,2.29,0.0,-7.51,-12.43,-10.98,-6.94,-4.05,-3.18,-1.73,-2.02,0.87,3.4,3.23,3.43,3.66,2.56,5.41,-1.71,-1.14,1.42,-0.57,-2.56,-2.85,-4.27,-3.42
2024-02-27,002370,3.5,3.6,3.6,3.47,110758,39369560.27,3.7,2.56,0.09,1.82,-7.78,-12.68,-11.24,-7.2,-4.32,-3.46,-2.02,-2.31,0.58,2.88,3.46,3.3,3.42,3.64,2.78,-4.17,-3.61,-1.11,-3.06,-5.0,-5.28,-6.67,-5.83,-1.67
2024-02-28,002370,3.61,3.35,3.7,3.34,217447,76802400.24,10.0,-6.94,-0.25,3.57,-9.28,-7.78,-3.59,-0.6,0.3,1.8,1.5,4.49,6.89,7.78,3.47,3.33,3.41,3.61,2.99,3.58,6.27,4.18,2.09,1.79,0.3,1.19,5.67,5.97
2024-02-29,002370,3.33,3.44,3.45,3.31,133396,45362704.51,4.18,2.69,0.09,2.19,-6.95,-2.72,0.3,1.21,2.72,2.42,5.44,7.85,8.76,11.78,3.48,3.38,3.39,3.59,0.87,3.49,1.45,-0.58,-0.87,-2.33,-1.45,2.91,3.2,8.14
2024-03-01,002370,3.44,3.44,3.47,3.4,88950,30554126.36,2.03,0.0,0.0,1.46,-5.29,-2.35,-1.47,0.0,-0.29,2.65,5.0,5.88,8.82,1.47,3.47,3.41,3.37,3.56,3.49,1.45,-0.58,-0.87,-2.33,-1.45,2.91,3.2,8.14,5.52
2024-03-04,002370,3.45,3.51,3.56,3.42,126808,44338779.97,4.07,2.03,0.07,2.08,-2.92,-2.05,-0.58,-0.88,2.05,4.39,5.26,8.19,0.88,1.46,3.47,3.43,3.35,3.54,-0.57,-2.56,-2.85,-4.27,-3.42,0.85,1.14,5.98,3.42,4.56
2024-03-05,002370,3.48,3.4,3.49,3.4,92730,31747048.23,2.56,-3.13,-0.11,1.52,-1.47,0.0,-0.29,2.65,5.0,5.88,8.82,1.47,2.06,4.71,3.43,3.44,3.33,3.51,0.59,0.29,-1.18,-0.29,4.12,4.41,9.41,6.76,7.94,17.65
2024-03-06,002370,3.4,3.39,3.42,3.35,73287,24783271.0,2.06,-0.29,-0.01,1.2,1.49,1.19,4.18,6.57,7.46,10.45,2.99,3.58,6.27,4.18,3.44,3.45,3.32,3.49,0.59,-0.88,0.0,4.42,4.72,9.73,7.08,8.26,17.99,12.98
2024-03-07,002370,3.4,3.31,3.41,3.31,104075,34987708.0,2.95,-2.36,-0.08,1.71,2.42,5.44,7.85,8.76,11.78,4.23,4.83,7.55,5.44,3.32,3.41,3.44,3.32,3.46,1.51,2.42,6.95,7.25,12.39,9.67,10.88,20.85,15.71,15.11
2024-03-08,002370,3.31,3.35,3.36,3.3,75114,25037843.12,1.81,1.21,0.04,1.23,5.76,8.18,9.09,12.12,4.55,5.15,7.88,5.76,3.64,3.33,3.39,3.43,3.31,3.44,1.19,5.67,5.97,11.04,8.36,9.55,19.4,14.33,13.73,14.93
2024-03-11,002370,3.34,3.39,3.39,3.34,71363,24038315.0,1.49,1.19,0.04,1.17,6.89,7.78,10.78,3.29,3.89,6.59,4.49,2.4,2.1,0.6,3.37,3.42,3.32,3.42,4.42,4.72,9.73,7.08,8.26,17.99,12.98,12.39,13.57,15.63
2024-03-12,002370,3.39,3.54,3.54,3.38,186709,65170306.67,4.72,4.42,0.15,3.06,6.51,9.47,2.07,2.66,5.33,3.25,1.18,0.89,-0.59,0.3,3.4,3.41,3.36,3.42,0.28,5.08,2.54,3.67,12.99,8.19,7.63,8.76,10.73,5.08
2024-03-13,002370,3.53,3.49,3.55,3.46,102531,35750855.89,2.54,-1.41,-0.05,1.68,6.94,-0.29,0.29,2.89,0.87,-1.16,-1.45,-2.89,-2.02,2.31,3.42,3.43,3.38,3.41,6.59,4.01,5.16,14.61,9.74,9.17,10.32,12.32,6.59,4.58
2024-03-14,002370,3.62,3.54,3.72,3.49,243949,88135163.7,6.59,1.43,0.05,4.0,-1.15,-0.57,2.01,0.0,-2.01,-2.29,-3.72,-2.87,1.43,1.72,3.46,3.44,3.41,3.41,2.54,3.67,12.99,8.19,7.63,8.76,10.73,5.08,3.11,0.85
2024-03-15,002370,3.53,3.57,3.63,3.48,165470,58755355.95,4.24,0.85,0.03,2.72,-0.29,2.3,0.29,-1.72,-2.01,-3.45,-2.59,1.72,2.01,6.9,3.51,3.45,3.43,3.4,2.8,12.04,7.28,6.72,7.84,9.8,4.2,2.24,0.0,-0.56
2024-03-18,002370,3.57,3.64,3.67,3.52,193711,69629843.64,4.2,1.96,0.07,3.18,1.14,-0.85,-2.84,-3.12,-4.55,-3.69,0.57,0.85,5.68,3.12,3.56,3.46,3.45,3.39,9.89,5.22,4.67,5.77,7.69,2.2,0.27,-1.92,-2.47,-0.55
2024-03-19,002370,3.65,3.85,4.0,3.63,658793,255733761.49,10.16,5.77,0.21,10.81,-3.86,-5.79,-6.06,-7.44,-6.61,-2.48,-2.2,2.48,0.0,1.1,3.62,3.51,3.48,3.39,-0.52,-1.04,0.0,1.82,-3.38,-5.19,-7.27,-7.79,-5.97,-5.71
2024-03-20,002370,3.79,3.79,3.83,3.69,475089,178130813.72,3.64,-1.56,-0.06,7.8,-7.32,-7.59,-8.94,-8.13,-4.07,-3.79,0.81,-1.63,-0.54,8.4,3.68,3.55,3.5,3.4,0.53,1.58,3.43,-1.85,-3.69,-5.8,-6.33,-4.49,-4.22,-4.75
2024-03-21,002370,3.76,3.76,3.81,3.71,228895,85885497.16,2.64,-0.79,-0.03,3.76,-8.09,-9.43,-8.63,-4.58,-4.31,0.27,-2.16,-1.08,7.82,3.23,3.72,3.59,3.52,3.41,2.39,4.26,-1.06,-2.93,-5.05,-5.59,-3.72,-3.46,-3.99,-5.59
2024-03-22,002370,3.79,3.74,3.85,3.68,217665,82058453.34,4.52,-0.53,-0.02,3.57,-8.7,-7.88,-3.8,-3.53,1.09,-1.36,-0.27,8.7,4.08,3.53,3.76,3.63,3.53,3.42,4.81,-0.53,-2.41,-4.55,-5.08,-3.21,-2.94,-3.48,-5.08,-6.42
2024-03-25,002370,3.7,3.75,3.92,3.63,259772,97017556.76,7.75,0.27,0.01,4.26,-6.61,-2.48,-2.2,2.48,0.0,1.1,10.19,5.51,4.96,6.06,3.78,3.67,3.54,3.44,-0.8,-2.67,-4.8,-5.33,-3.47,-3.2,-3.73,-5.33,-6.67,-6.67
2024-03-26,002370,3.69,3.62,3.72,3.6,169514,61872921.22,3.2,-3.47,-0.13,2.78,-1.67,-1.39,3.33,0.83,1.94,11.11,6.39,5.83,6.94,8.89,3.73,3.67,3.54,3.46,0.83,-1.38,-1.93,0.0,0.28,-0.28,-1.93,-3.31,-3.31,-4.97
2024-03-27,002370,3.6,3.49,3.65,3.48,113158,40488609.0,4.7,-3.59,-0.13,1.86,2.01,6.9,4.31,5.46,14.94,10.06,9.48,10.63,12.64,6.9,3.67,3.67,3.55,3.48,2.29,1.72,3.72,4.01,3.44,1.72,0.29,0.29,-1.43,-2.01
2024-03-28,002370,3.47,3.52,3.57,3.44,125791,44288875.04,3.72,0.86,0.03,2.06,8.14,5.52,6.69,16.28,11.34,10.76,11.92,13.95,8.14,6.1,3.62,3.67,3.55,3.5,0.85,2.84,3.12,2.56,0.85,-0.57,-0.57,-2.27,-2.84,-5.11
2024-03-29,002370,3.51,3.54,3.55,3.47,83296,29250813.61,2.27,0.57,0.02,1.37,4.61,5.76,15.27,10.37,9.8,10.95,12.97,7.2,5.19,2.88,3.58,3.67,3.56,3.51,2.26,2.54,1.98,0.28,-1.13,-1.13,-2.82,-3.39,-5.65,-10.73
2024-04-01,002370,3.56,3.61,3.62,3.53,102490,36620124.36,2.54,1.98,0.07,1.68,3.97,13.31,8.5,7.93,9.07,11.05,5.38,3.4,1.13,0.57,3.56,3.67,3.56,3.52,0.55,0.0,-1.66,-3.05,-3.05,-4.71,-5.26,-7.48,-12.47,-14.4
2024-04-02,002370,3.62,3.59,3.63,3.58,97273,35020690.17,1.39,-0.55,-0.02,1.6,11.73,6.98,6.42,7.54,9.5,3.91,1.96,-0.28,-0.84,1.12,3.55,3.64,3.57,3.53,0.56,-1.11,-2.51,-2.51,-4.18,-4.74,-6.96,-11.98,-13.93,-12.53
2024-04-03,002370,3.59,3.55,3.61,3.51,85922,30496271.89,2.79,-1.11,-0.04,1.41,9.12,8.55,9.69,11.68,5.98,3.99,1.71,1.14,3.13,3.42,3.56,3.62,3.58,3.54,0.0,-1.41,-1.41,-3.1,-3.66,-5.92,-10.99,-12.96,-11.55,-14.37
2024-04-08,002370,3.55,3.43,3.55,3.42,102574,35530675.25,3.66,-3.38,-0.12,1.68,11.4,12.57,14.62,8.77,6.73,4.39,3.8,5.85,6.14,5.56,3.54,3.58,3.59,3.54,2.04,2.04,0.29,-0.29,-2.62,-7.87,-9.91,-8.45,-11.37,-12.24
2024-04-09,002370,3.43,3.5,3.5,3.41,75422,26087745.0,2.62,2.04,0.07,1.24,12.9,14.96,9.09,7.04,4.69,4.11,6.16,6.45,5.87,4.11,3.54,3.56,3.6,3.54,0.0,-1.71,-2.29,-4.57,-9.71,-11.71,-10.29,-13.14,-14.0,-12.29
2024-04-10,002370,3.49,3.4,3.5,3.38,82697,28283870.0,3.43,-2.86,-0.1,1.36,15.98,10.06,7.99,5.62,5.03,7.1,7.4,6.8,5.03,3.55,3.49,3.52,3.6,3.54,1.18,0.59,-1.76,-7.06,-9.12,-7.65,-10.59,-11.47,-9.71,-7.65
2024-04-11,002370,3.4,3.39,3.44,3.36,52087,17744503.4,2.35,-0.29,-0.01,0.86,10.71,8.63,6.25,5.65,7.74,8.04,7.44,5.65,4.17,4.17,3.45,3.5,3.59,3.53,0.88,-1.47,-6.78,-8.85,-7.37,-10.32,-11.21,-9.44,-7.37,-2.65
2024-04-12,002370,3.38,3.34,3.42,3.33,64091,21555879.39,2.65,-1.47,-0.05,1.05,9.61,7.21,6.61,8.71,9.01,8.41,6.61,5.11,5.11,3.3,3.41,3.49,3.58,3.53,0.0,-5.39,-7.49,-5.99,-8.98,-9.88,-8.08,-5.99,-1.2,-5.09
2024-04-15,002370,3.33,3.16,3.34,3.11,125506,40067204.68,6.89,-5.39,-0.18,2.06,14.79,14.15,16.4,16.72,16.08,14.15,12.54,12.54,10.61,9.97,3.36,3.45,3.56,3.52,0.0,-2.22,-0.63,-3.8,-4.75,-2.85,-0.63,4.43,0.32,3.16
2024-04-16,002370,3.13,2.9,3.16,2.89,139780,41531806.61,8.54,-8.23,-0.26,2.29,22.84,25.26,25.61,24.91,22.84,21.11,21.11,19.03,18.34,15.57,3.24,3.39,3.53,3.5,6.55,8.28,4.83,3.79,5.86,8.28,13.79,9.31,12.41,13.45
2024-04-17,002370,2.93,3.09,3.09,2.93,95336,29025948.47,5.52,6.55,0.19,1.56,23.55,23.89,23.21,21.16,19.45,19.45,17.41,16.72,13.99,7.85,3.18,3.33,3.5,3.49,1.62,-1.62,-2.59,-0.65,1.62,6.8,2.59,5.5,6.47,9.71
2024-04-18,002370,3.13,3.03,3.14,3.02,88992,27191152.51,3.88,-1.94,-0.06,1.46,20.2,19.54,17.55,15.89,15.89,13.91,13.25,10.6,4.64,2.32,3.1,3.28,3.46,3.48,0.33,-0.66,1.32,3.63,8.91,4.62,7.59,8.58,11.88,12.87
2024-04-19,002370,3.01,2.97,3.04,2.96,72779,21762751.0,2.64,-1.98,-0.06,1.19,21.96,19.93,18.24,18.24,16.22,15.54,12.84,6.76,4.39,6.08,3.03,3.22,3.42,3.46,1.35,3.37,5.72,11.11,6.73,9.76,10.77,14.14,15.15,15.82
2024-04-22,002370,2.96,2.99,3.01,2.91,52272,15580513.0,3.37,0.67,0.02,0.86,21.99,20.27,20.27,18.21,17.53,14.78,8.59,6.19,7.9,4.47,3.0,3.18,3.38,3.45,2.68,5.02,10.37,6.02,9.03,10.03,13.38,14.38,15.05,15.72
2024-04-23,002370,3.0,3.06,3.07,2.99,68615,20750490.0,2.68,2.34,0.07,1.13,17.06,17.06,15.05,14.38,11.71,5.69,3.34,5.02,1.67,0.67,3.03,3.13,3.35,3.44,2.61,7.84,3.59,6.54,7.52,10.78,11.76,12.42,13.07,12.75
2024-04-24,002370,3.05,3.14,3.14,3.03,93951,29009675.46,3.59,2.61,0.08,1.54,15.51,13.53,12.87,10.23,4.29,1.98,3.63,0.33,-0.66,1.32,3.04,3.11,3.32,3.43,5.1,0.96,3.82,4.78,7.96,8.92,9.55,10.19,9.87,8.92
2024-04-25,002370,3.16,3.18,3.3,3.15,139789,45011388.78,4.78,1.27,0.04,2.29,9.21,8.57,6.03,0.32,-1.9,-0.32,-3.49,-4.44,-2.54,-0.32,3.07,3.09,3.29,3.42,-0.31,2.52,3.46,6.6,7.55,8.18,8.81,8.49,7.55,4.72
2024-04-26,002370,3.17,3.13,3.17,3.11,124846,39066888.71,1.89,-1.57,-0.05,2.05,9.97,7.4,1.61,-0.64,0.96,-2.25,-3.22,-1.29,0.96,6.11,3.1,3.06,3.28,3.41,4.15,5.11,8.31,9.27,9.9,10.54,10.22,9.27,6.39,6.39
2024-04-29,002370,3.11,3.25,3.26,3.1,124339,39748757.86,5.11,3.83,0.12,2.04,7.74,1.94,-0.32,1.29,-1.94,-2.9,-0.97,1.29,6.45,2.26,3.15,3.07,3.26,3.4,1.23,4.31,5.23,5.85,6.46,6.15,5.23,2.46,2.46,2.15
2024-04-30,002370,3.25,3.28,3.29,3.22,111421,36367528.99,2.15,0.92,0.03,1.83,-1.86,-4.04,-2.48,-5.59,-6.52,-4.66,-2.48,2.48,-1.55,1.24,3.2,3.11,3.25,3.39,3.35,4.27,4.88,5.49,5.18,4.27,1.52,1.52,1.22,0.91
2024-05-06,002370,3.28,3.37,3.39,3.26,95901,32143118.74,3.96,2.74,0.09,1.57,-5.21,-3.68,-6.75,-7.67,-5.83,-3.68,1.23,-2.76,0.0,0.92,3.24,3.14,3.24,3.38,1.48,2.08,2.67,2.37,1.48,-1.19,-1.19,-1.48,-1.78,-1.48
2024-05-07,002370,3.39,3.41,3.42,3.38,90414,30726009.21,1.19,1.19,0.04,1.48,-7.1,-10.06,-10.95,-9.17,-7.1,-2.37,-6.21,-3.55,-2.66,0.3,3.29,3.18,3.23,3.37,0.88,1.47,1.17,0.29,-2.35,-2.35,-2.64,-2.93,-2.64,-2.93
2024-05-08,002370,3.4,3.41,3.44,3.35,94834,32241973.24,2.64,0.0,0.0,1.56,-9.25,-10.15,-8.36,-6.27,-1.49,-5.37,-2.69,-1.79,1.19,2.09,3.34,3.22,3.22,3.35,1.47,1.17,0.29,-2.35,-2.35,-2.64,-2.93,-2.64,-2.93,-3.52
2024-05-09,002370,3.4,3.43,3.46,3.37,84220,28856936.46,2.64,0.59,0.02,1.38,-10.68,-8.9,-6.82,-2.08,-5.93,-3.26,-2.37,0.59,1.48,2.08,3.38,3.27,3.22,3.34,0.58,-0.29,-2.92,-2.92,-3.21,-3.5,-3.21,-3.5,-4.08,-5.25
2024-05-10,002370,3.43,3.35,3.45,3.34,78422,26448717.81,3.21,-2.33,-0.08,1.29,-8.08,-5.99,-1.2,-5.09,-2.4,-1.5,1.5,2.4,2.99,3.59,3.39,3.29,3.21,3.33,2.09,-0.6,-0.6,-0.9,-1.19,-0.9,-1.19,-1.79,-2.99,-5.07
2024-05-13,002370,3.4,3.25,3.42,3.25,92354,30543187.0,5.07,-2.99,-0.1,1.52,-3.38,1.54,-2.46,0.31,1.23,4.31,5.23,5.85,6.46,6.15,3.37,3.31,3.21,3.31,2.46,2.46,2.15,1.85,2.15,1.85,1.23,0.0,-2.15,-3.08
2024-05-14,002370,3.27,3.29,3.33,3.25,69885,23039248.3,2.46,1.23,0.04,1.15,1.54,-2.46,0.31,1.23,4.31,5.23,5.85,6.46,6.15,5.23,3.35,3.32,3.2,3.3,1.22,0.91,0.61,0.91,0.61,0.0,-1.22,-3.34,-4.26,-4.86
2024-05-15,002370,3.3,3.28,3.33,3.24,70475,23250641.0,2.74,-0.3,-0.01,1.16,-2.16,0.62,1.54,4.63,5.56,6.17,6.79,6.48,5.56,2.78,3.32,3.33,3.2,3.29,1.22,0.91,1.22,0.91,0.3,-0.91,-3.05,-3.96,-4.57,-5.49
2024-05-16,002370,3.28,3.26,3.32,3.25,48111,15818184.06,2.13,-0.61,-0.02,0.79,0.31,1.23,4.31,5.23,5.85,6.46,6.15,5.23,2.46,2.46,3.29,3.33,3.2,3.29,1.53,1.84,1.53,0.92,-0.31,-2.45,-3.37,-3.99,-4.91,-5.21
2024-05-17,002370,3.25,3.3,3.31,3.25,53176,17436789.0,1.84,1.23,0.04,0.87,1.23,4.31,5.23,5.85,6.46,6.15,5.23,2.46,2.46,2.15,3.28,3.33,3.22,3.28,0.61,0.3,-0.3,-1.52,-3.64,-4.55,-5.15,-6.06,-6.36,-6.67
2024-05-20,002370,3.3,3.29,3.32,3.28,65202,21494940.0,1.21,-0.3,-0.01,1.07,3.35,4.27,4.88,5.49,5.18,4.27,1.52,1.52,1.22,0.91,3.28,3.33,3.23,3.27,0.61,0.0,-1.22,-3.34,-4.26,-4.86,-5.78,-6.08,-6.38,-7.29
2024-05-21,002370,3.3,3.27,3.31,3.24,63955,20865703.0,2.13,-0.61,-0.02,1.05,5.56,6.17,6.79,6.48,5.56,2.78,2.78,2.47,2.16,2.47,3.28,3.31,3.25,3.26,0.61,-0.61,-2.75,-3.67,-4.28,-5.2,-5.5,-5.81,-6.73,-8.87
2024-05-22,002370,3.23,3.25,3.29,3.23,53203,17312809.0,1.83,-0.61,-0.02,0.87,6.5,7.12,6.81,5.88,3.1,3.1,2.79,2.48,2.79,2.48,3.27,3.3,3.26,3.25,0.0,-2.15,-3.08,-3.69,-4.62,-4.92,-5.23,-6.15,-8.31,-12.31
2024-05-23,002370,3.24,3.11,3.25,3.11,108778,34291046.0,4.31,-4.31,-0.14,1.79,11.25,10.93,9.97,7.07,7.07,6.75,6.43,6.75,6.43,5.79,3.24,3.26,3.27,3.24,2.25,1.29,0.64,-0.32,-0.64,-0.96,-1.93,-4.18,-8.36,-10.61
2024-05-24,002370,3.11,3.13,3.18,3.1,63106,19828093.0,2.57,0.64,0.02,1.04,11.29,10.32,7.42,7.42,7.1,6.77,7.1,6.77,6.13,4.84,3.21,3.24,3.27,3.22,0.64,0.0,-0.96,-1.28,-1.6,-2.56,-4.79,-8.95,-11.18,-13.1
2024-05-27,002370,3.14,3.11,3.15,3.06,49501,15343144.0,2.88,-0.64,-0.02,0.81,11.76,8.82,8.82,8.5,8.17,8.5,8.17,7.52,6.21,3.92,3.17,3.23,3.27,3.21,0.64,-0.32,-0.64,-0.96,-1.93,-4.18,-8.36,-10.61,-12.54,-13.5
2024-05-28,002370,3.11,3.05,3.13,3.04,59289,18220814.0,2.89,-1.93,-0.06,0.97,9.54,9.54,9.21,8.88,9.21,8.88,8.22,6.91,4.61,3.62,3.13,3.2,3.26,3.2,1.64,1.31,0.98,0.0,-2.3,-6.56,-8.85,-10.82,-11.8,-10.82
2024-05-29,002370,3.05,3.04,3.1,3.03,60963,18634017.89,2.3,-0.33,-0.01,1.0,9.9,9.57,9.24,9.57,9.24,8.58,7.26,4.95,3.96,3.3,3.09,3.18,3.26,3.19,1.64,1.32,0.33,-1.97,-6.25,-8.55,-10.53,-11.51,-10.53,-10.2
2024-05-30,002370,3.04,3.07,3.09,3.02,64137,19595494.74,2.3,0.99,0.03,1.05,9.93,9.6,9.93,9.6,8.94,7.62,5.3,4.3,3.64,2.65,3.08,3.16,3.25,3.19,0.33,-0.65,-2.93,-7.17,-9.45,-11.4,-12.38,-11.4,-11.07,-13.36
2024-05-31,002370,3.05,3.05,3.08,3.04,51710,15821574.0,1.3,-0.65,-0.02,0.85,8.88,9.21,8.88,8.22,6.91,4.61,3.62,2.96,1.97,1.64,3.06,3.14,3.24,3.19,0.0,-2.3,-6.56,-8.85,-10.82,-11.8,-10.82,-10.49,-12.79,-13.77
2024-06-03,002370,3.05,2.97,3.05,2.94,85918,25683323.0,3.61,-2.62,-0.08,1.41,12.93,12.59,11.9,10.54,8.16,7.14,6.46,5.44,5.1,4.76,3.04,3.1,3.22,3.19,0.34,-4.04,-6.4,-8.42,-9.43,-8.42,-8.08,-10.44,-11.45,-10.44
2024-06-04,002370,2.98,2.85,2.98,2.81,162607,46620552.92,5.72,-4.04,-0.12,2.67,17.79,17.08,15.66,13.17,12.1,11.39,10.32,9.96,9.61,8.54,3.0,3.06,3.19,3.18,0.0,-2.46,-4.56,-5.61,-4.56,-4.21,-6.67,-7.72,-6.67,-6.67
2024-06-05,002370,2.82,2.76,2.85,2.75,97792,27253600.0,3.51,-3.16,-0.09,1.61,19.64,18.18,15.64,14.55,13.82,12.73,12.36,12.0,10.91,8.36,2.94,3.01,3.16,3.18,0.72,-1.45,-2.54,-1.45,-1.09,-3.62,-4.71,-3.62,-3.62,-3.26
2024-06-06,002370,2.74,2.57,2.78,2.54,164085,42883701.52,8.7,-6.88,-0.19,2.69,27.95,25.2,24.02,23.23,22.05,21.65,21.26,20.08,17.32,12.2,2.84,2.96,3.11,3.16,5.84,4.67,5.84,6.23,3.5,2.33,3.5,3.5,3.89,1.56
2024-06-07,002370,2.58,2.7,2.72,2.58,110818,29584253.0,5.45,5.06,0.13,1.82,23.26,22.09,21.32,20.16,19.77,19.38,18.22,15.5,10.47,7.75,2.77,2.92,3.08,3.15,-0.37,0.74,1.11,-1.48,-2.59,-1.48,-1.48,-1.11,-3.33,-4.81
2024-06-11,002370,2.69,2.64,2.69,2.61,68074,17976338.84,2.96,-2.22,-0.06,1.12,20.69,19.92,18.77,18.39,18.01,16.86,14.18,9.2,6.51,4.21,2.7,2.87,3.05,3.14,3.03,3.41,0.76,-0.38,0.76,0.76,1.14,-1.14,-2.65,-6.06
2024-06-12,002370,2.64,2.7,2.72,2.63,71514,19140994.0,3.41,2.27,0.06,1.17,19.01,17.87,17.49,17.11,15.97,13.31,8.37,5.7,3.42,2.28,2.67,2.83,3.02,3.12,1.11,-1.48,-2.59,-1.48,-1.48,-1.11,-3.33,-4.81,-8.15,-4.44
2024-06-13,002370,2.71,2.65,2.73,2.64,70431,18801248.85,3.33,-1.85,-0.05,1.16,17.42,17.05,16.67,15.53,12.88,7.95,5.3,3.03,1.89,3.03,2.65,2.8,2.99,3.1,0.38,-0.75,0.38,0.38,0.75,-1.51,-3.02,-6.42,-2.64,-1.89
2024-06-14,002370,2.66,2.63,2.66,2.6,52820,13855608.43,2.26,-0.75,-0.02,0.87,18.85,18.46,17.31,14.62,9.62,6.92,4.62,3.46,4.62,5.0,2.66,2.75,2.96,3.08,0.0,1.14,1.14,1.52,-0.76,-2.28,-5.7,-1.9,-1.14,-3.04
2024-06-17,002370,2.61,2.59,2.63,2.57,45786,11885742.0,2.28,-1.52,-0.04,0.75,19.84,18.68,15.95,10.89,8.17,5.84,4.67,5.84,6.23,3.5,2.64,2.71,2.92,3.06,2.7,2.7,3.09,0.77,-0.77,-4.25,-0.39,0.39,-1.54,-2.32
2024-06-18,002370,2.58,2.63,2.66,2.58,55504,14581804.0,3.09,1.54,0.04,0.91,18.22,15.5,10.47,7.75,5.43,4.26,5.43,5.81,3.1,1.94,2.64,2.67,2.89,3.03,1.14,1.52,-0.76,-2.28,-5.7,-1.9,-1.14,-3.04,-3.8,-1.14
2024-06-19,002370,2.64,2.64,2.66,2.61,56889,15003685.0,1.9,0.38,0.01,0.93,14.18,9.2,6.51,4.21,3.07,4.21,4.6,1.92,0.77,1.92,2.63,2.65,2.86,3.01,1.14,-1.14,-2.65,-6.06,-2.27,-1.52,-3.41,-4.17,-1.52,-0.76
2024-06-20,002370,2.63,2.56,2.67,2.56,70747,18446991.64,4.17,-3.03,-0.08,1.16,11.33,8.59,6.25,5.08,6.25,6.64,3.91,2.73,3.91,3.91,2.61,2.63,2.82,2.98,1.95,0.39,-3.12,0.78,1.56,-0.39,-1.17,1.56,2.34,1.17
2024-06-21,002370,2.57,2.56,2.61,2.52,56050,14403495.73,3.52,0.0,0.0,0.92,10.32,7.94,6.75,7.94,8.33,5.56,4.37,5.56,5.56,5.95,2.6,2.63,2.8,2.95,0.39,-3.12,0.78,1.56,-0.39,-1.17,1.56,2.34,1.17,0.0
2024-06-24,002370,2.57,2.44,2.57,2.44,89549,22228995.07,5.08,-4.69,-0.12,1.47,11.48,10.25,11.48,11.89,9.02,7.79,9.02,9.02,9.43,6.97,2.57,2.6,2.76,2.92,1.64,5.74,6.56,4.51,3.69,6.56,7.38,6.15,4.92,4.92
2024-06-25,002370,2.43,2.46,2.48,2.41,66717,16378064.0,2.87,0.82,0.02,1.1,11.62,12.86,13.28,10.37,9.13,10.37,10.37,10.79,8.3,6.64,2.53,2.59,2.73,2.9,4.88,5.69,3.66,2.85,5.69,6.5,5.28,4.07,4.07,0.81
2024-06-26,002370,2.45,2.57,2.58,2.45,74353,18669852.15,5.28,4.47,0.11,1.22,11.02,11.43,8.57,7.35,8.57,8.57,8.98,6.53,4.9,1.22,2.52,2.57,2.7,2.87,1.17,-0.78,-1.56,1.17,1.95,0.78,-0.39,-0.39,-3.5,-6.23
2024-06-27,002370,2.57,2.52,2.6,2.51,55835,14194244.75,3.5,-1.95,-0.05,0.92,8.76,5.98,4.78,5.98,5.98,6.37,3.98,2.39,-1.2,2.79,2.51,2.56,2.68,2.85,1.19,0.4,3.17,3.97,2.78,1.59,1.59,-1.59,-4.37,-0.79
2024-06-28,002370,2.52,2.49,2.55,2.48,44476,11205481.81,2.78,-1.19,-0.03,0.73,7.26,6.05,7.26,7.26,7.66,5.24,3.63,0.0,4.03,4.84,2.5,2.55,2.65,2.82,1.61,4.42,5.22,4.02,2.81,2.81,-0.4,-3.21,0.4,2.41
2024-07-01,002370,2.49,2.52,2.53,2.45,56675,14131742.0,3.21,1.2,0.03,0.93,7.35,8.57,8.57,8.98,6.53,4.9,1.22,5.31,6.12,4.08,2.51,2.54,2.62,2.79,3.17,3.97,2.78,1.59,1.59,-1.59,-4.37,-0.79,1.19,-0.79
2024-07-02,002370,2.53,2.59,2.6,2.5,80545,20741375.06,3.97,2.78,0.07,1.32,6.4,6.4,6.8,4.4,2.8,-0.8,3.2,4.0,2.0,1.2,2.54,2.53,2.6,2.77,1.16,0.0,-1.16,-1.16,-4.25,-6.95,-3.47,-1.54,-3.47,-5.41
2024-07-03,002370,2.56,2.59,2.62,2.55,52986,13750231.0,2.7,0.0,0.0,0.87,4.31,4.71,2.35,0.78,-2.75,1.18,1.96,0.0,-0.78,1.96,2.54,2.53,2.59,2.75,0.0,-1.16,-1.16,-4.25,-6.95,-3.47,-1.54,-3.47,-5.41,-5.79
2024-07-04,002370,2.59,2.46,2.59,2.45,68819,17210009.5,5.41,-5.02,-0.13,1.13,8.98,6.53,4.9,1.22,5.31,6.12,4.08,3.27,6.12,6.94,2.53,2.52,2.58,2.72,4.07,4.07,0.81,-2.03,1.63,3.66,1.63,-0.41,-0.81,-3.66
2024-07-05,002370,2.43,2.55,2.56,2.42,72384,18179521.87,5.69,3.66,0.09,1.19,7.85,6.2,2.48,6.61,7.44,5.37,4.55,7.44,8.26,7.02,2.54,2.52,2.57,2.7,0.39,-2.75,-5.49,-1.96,0.0,-1.96,-3.92,-4.31,-7.06,-7.06
2024-07-08,002370,2.53,2.45,2.56,2.43,81936,20293659.0,5.1,-3.92,-0.1,1.35,5.76,2.06,6.17,7.0,4.94,4.12,7.0,7.82,6.58,5.35,2.53,2.52,2.56,2.68,1.22,-1.63,2.04,4.08,2.04,0.0,-0.41,-3.27,-3.27,-3.27
2024-07-09,002370,2.48,2.41,2.48,2.34,72003,17277970.63,5.71,-1.63,-0.04,1.18,5.98,10.26,11.11,8.97,8.12,11.11,11.97,10.68,9.4,9.4,2.49,2.51,2.55,2.66,0.0,3.73,5.81,3.73,1.66,1.24,-1.66,-1.66,-1.66,-0.41
2024-07-10,002370,2.4,2.35,2.41,2.34,69174,16381716.0,2.9,-2.49,-0.06,1.14,10.26,11.11,8.97,8.12,11.11,11.97,10.68,9.4,9.4,5.98,2.44,2.49,2.53,2.63,6.38,8.51,6.38,4.26,3.83,0.85,0.85,0.85,2.13,0.0
2024-07-11,002370,2.38,2.49,2.5,2.38,122028,29902521.49,5.11,5.96,0.14,2.0,9.24,7.14,6.3,9.24,10.08,8.82,7.56,7.56,4.2,1.26,2.45,2.49,2.53,2.62,2.41,0.4,-1.61,-2.01,-4.82,-4.82,-4.82,-3.61,-5.62,-1.61
2024-07-12,002370,2.5,2.5,2.55,2.49,79590,20055748.24,2.41,0.4,0.01,1.31,2.41,1.61,4.42,5.22,4.02,2.81,2.81,-0.4,-3.21,0.4,2.44,2.49,2.52,2.6,0.0,-2.0,-2.4,-5.2,-5.2,-5.2,-4.0,-6.0,-2.0,-6.4
2024-07-15,002370,2.5,2.43,2.5,2.41,58014,14156309.0,3.6,-2.8,-0.07,0.95,4.98,7.88,8.71,7.47,6.22,6.22,2.9,0.0,3.73,5.81,2.44,2.48,2.51,2.58,0.82,0.41,-2.47,-2.47,-2.47,-1.23,-3.29,0.82,-3.7,0.0
2024-07-16,002370,2.43,2.4,2.45,2.39,41203,9941181.0,2.47,-1.23,-0.03,0.68,8.79,9.62,8.37,7.11,7.11,3.77,0.84,4.6,6.69,4.6,2.43,2.46,2.5,2.56,1.67,-1.25,-1.25,-1.25,0.0,-2.08,2.08,-2.5,0.0,0.0
2024-07-17,002370,2.4,2.38,2.44,2.38,58156,13942073.18,2.5,-0.83,-0.02,0.95,10.08,8.82,7.56,7.56,4.2,1.26,5.04,7.14,5.04,2.94,2.44,2.44,2.49,2.54,-0.42,-0.42,-0.42,0.84,-1.26,2.94,-1.68,0.0,0.0,0.0
2024-07-18,002370,2.36,2.35,2.37,2.3,74873,17451612.0,2.94,-1.26,-0.03,1.23,12.61,11.3,11.3,7.83,4.78,8.7,10.87,8.7,6.52,6.09,2.41,2.43,2.48,2.53,0.85,0.85,2.13,0.0,4.26,-0.43,0.0,0.0,0.0,0.0
2024-07-19,002370,2.35,2.32,2.37,2.3,73627,17182749.07,2.98,-1.28,-0.03,1.21,11.3,11.3,7.83,4.78,8.7,10.87,8.7,6.52,6.09,3.04,2.38,2.41,2.46,2.52,2.16,3.45,1.29,5.6,0.86,0.0,0.0,0.0,0.0,0.0
2024-07-22,002370,2.34,2.36,2.37,2.3,76996,18059725.63,3.02,1.72,0.04,1.26,11.3,7.83,4.78,8.7,10.87,8.7,6.52,6.09,3.04,3.04,2.36,2.4,2.46,2.51,1.69,-0.42,3.81,-0.85,0.0,0.0,0.0,0.0,0.0,0.0
2024-07-23,002370,2.36,2.32,2.4,2.32,68188,16081025.0,3.39,-1.69,-0.04,1.12,6.9,3.88,7.76,9.91,7.76,5.6,5.17,2.16,2.16,2.16,2.35,2.39,2.45,2.5,1.29,5.6,0.86,0.0,0.0,0.0,0.0,0.0,0.0,0.0
2024-07-24,002370,2.32,2.27,2.35,2.25,78146,17807996.0,4.31,-2.16,-0.05,1.28,7.11,11.11,13.33,11.11,8.89,8.44,5.33,5.33,5.33,6.67,2.32,2.38,2.44,2.48,7.93,3.08,0.0,0.0,0.0,0.0,0.0,0.0,0.0,0.0
2024-07-25,002370,2.25,2.33,2.45,2.21,128234,29684785.21,10.57,2.64,0.06,2.11,13.12,15.38,13.12,10.86,10.41,7.24,7.24,7.24,8.6,6.33,2.32,2.37,2.43,2.47,0.43,0.0,0.0,0.0,0.0,0.0,0.0,0.0,0.0,0.0
2024-07-26,002370,2.32,2.34,2.34,2.27,107427,24872502.0,3.0,0.43,0.01,1.76,12.33,10.13,7.93,7.49,4.41,4.41,4.41,5.73,3.52,7.93,2.32,2.35,2.42,2.46,0.0,0.0,0.0,0.0,0.0,0.0,0.0,0.0,0.0,0.0
