日期,股票代码,开盘,收盘,最高,最低,成交量,成交额,振幅,涨跌幅,涨跌额,换手率,d-10,d-9,d-8,d-7,d-6,d-5,d-4,d-3,d-2,d-1,5日均,10日均,20日均,30日均,d1,d2,d3,d4,d5,d6,d7,d8,d9,d10
2020-07-09,300847,8.33,9.99,9.99,8.33,390,387447.0,23.92,43.95,3.05,0.08,0.0,0.0,0.0,0.0,0.0,0.0,0.0,0.0,0.0,0.0,9.99,9.99,9.99,9.99,10.01,21.02,33.13,46.45,61.06,77.18,94.89,114.41,135.84,159.46
2020-07-10,300847,10.99,10.99,10.99,10.99,137,150771.0,0.0,10.01,1.0,0.03,0.0,0.0,0.0,0.0,0.0,0.0,0.0,0.0,0.0,-9.1,10.49,10.49,10.49,10.49,10.01,21.02,33.12,46.41,61.06,77.16,94.9,114.38,135.85,159.42
2020-07-13,300847,12.09,12.09,12.09,12.09,251,303132.0,0.0,10.01,1.1,0.05,0.0,0.0,0.0,0.0,0.0,0.0,0.0,0.0,-17.37,-9.1,11.02,11.02,11.02,11.02,10.01,21.01,33.09,46.4,61.04,77.17,94.87,114.39,135.81,131.6
2020-07-14,300847,13.3,13.3,13.3,13.3,240,319559.0,0.0,10.01,1.21,0.05,0.0,0.0,0.0,0.0,0.0,0.0,0.0,-24.89,-17.37,-9.1,11.59,11.59,11.59,11.59,10.0,20.98,33.08,46.39,61.05,77.14,94.89,114.36,110.53,119.17
2020-07-15,300847,14.63,14.63,14.63,14.63,554,811072.0,0.0,10.0,1.33,0.11,0.0,0.0,0.0,0.0,0.0,0.0,-31.72,-24.88,-17.36,-9.09,12.2,12.2,12.2,12.2,9.98,20.98,33.08,46.41,61.04,77.17,94.87,91.39,99.25,119.21
2020-07-16,300847,16.09,16.09,16.09,16.09,1026,1651493.0,0.0,9.98,1.46,0.21,0.0,0.0,0.0,0.0,0.0,-37.91,-31.7,-24.86,-17.34,-9.07,13.42,12.85,12.85,12.85,10.01,21.01,33.13,46.43,61.09,77.19,74.02,81.17,99.32,114.42
2020-07-17,300847,17.7,17.7,17.7,17.7,1431,2533648.0,0.0,10.01,1.61,0.29,0.0,0.0,0.0,0.0,-43.56,-37.91,-31.69,-24.86,-17.34,-9.1,14.76,13.54,13.54,13.54,10.0,21.02,33.11,46.44,61.07,58.19,64.69,81.19,94.92,80.11
2020-07-20,300847,19.47,19.47,19.47,19.47,880,1713846.0,0.0,10.0,1.77,0.18,0.0,0.0,0.0,-48.69,-43.55,-37.9,-31.69,-24.86,-17.36,-9.09,16.24,14.28,14.28,14.28,10.02,21.01,33.13,46.43,43.81,49.72,64.71,77.2,63.74,69.8
2020-07-21,300847,21.42,21.42,21.42,21.42,22751,48733241.0,0.0,10.02,1.95,4.61,0.0,0.0,-53.36,-48.69,-43.56,-37.91,-31.7,-24.88,-17.37,-9.1,17.86,15.08,15.08,15.08,9.99,21.01,33.1,30.72,36.09,49.72,61.06,48.83,54.34,69.42
2020-07-22,300847,23.56,23.56,23.56,23.56,22177,52249483.0,0.0,9.99,2.14,4.49,0.0,-57.6,-53.35,-48.68,-43.55,-37.9,-31.71,-24.87,-17.36,-9.08,19.65,15.92,15.92,15.92,10.02,21.01,18.85,23.73,36.12,46.43,35.31,40.32,54.03,48.39
2020-07-23,300847,25.92,25.92,25.92,25.15,79932,207030936.0,3.27,10.02,2.36,16.2,-60.28,-56.3,-51.93,-47.12,-41.83,-36.02,-29.62,-22.58,-14.83,-6.32,21.61,17.52,16.83,16.83,9.99,8.02,12.46,23.73,33.1,22.99,27.55,40.01,34.88,32.64
2020-07-24,300847,28.51,28.51,28.51,28.12,110653,315417440.0,1.5,9.99,2.59,22.43,-60.92,-57.01,-52.7,-47.97,-42.78,-37.06,-30.76,-23.83,-16.22,-7.82,23.78,19.27,17.81,17.81,-1.79,2.24,12.49,21.01,11.82,15.96,27.29,22.62,20.59,15.01
2020-07-27,300847,26.02,26.5,28.0,25.66,297875,783488624.0,8.21,-7.05,-2.01,60.37,-52.88,-48.17,-42.99,-37.3,-31.02,-24.12,-16.52,-8.18,1.01,11.11,25.18,20.71,18.47,18.47,10.0,21.02,30.19,20.3,24.75,36.94,31.92,29.74,23.74,14.49
2020-07-28,300847,25.51,29.15,29.15,24.17,307124,818156752.0,18.79,10.0,2.65,62.25,-44.97,-39.47,-33.43,-26.77,-19.45,-11.38,-2.52,7.24,17.96,15.85,26.73,22.3,19.24,19.24,10.02,18.35,9.37,13.41,24.49,19.93,17.94,12.49,4.08,4.87
2020-07-29,300847,28.5,32.07,32.07,27.88,303626,933484880.0,14.37,10.02,2.92,61.54,-47.53,-42.29,-36.51,-30.16,-23.17,-15.49,-7.03,2.26,0.43,4.56,28.43,24.04,20.09,20.09,7.58,-0.59,3.09,13.16,9.01,7.2,2.25,-5.39,-4.68,-10.2
2020-07-30,300847,32.1,30.5,34.5,30.0,341967,1113876112.0,14.03,-4.9,-1.57,69.31,-46.37,-41.0,-35.1,-28.6,-21.47,-13.6,-4.97,-6.67,-2.83,6.9,29.35,25.48,20.74,20.74,4.52,8.39,18.98,14.62,12.72,7.51,-0.52,0.23,-5.57,-8.69
2020-07-31,300847,29.23,30.05,31.88,29.23,259052,788075472.0,8.69,-1.48,-0.45,52.5,-39.45,-33.39,-26.72,-19.4,-11.32,-2.46,-4.21,-0.27,9.72,18.03,29.65,26.71,21.29,21.29,10.02,20.77,16.34,14.41,9.12,0.97,1.73,-4.16,-7.32,-9.15
2020-08-03,300847,30.09,33.06,33.06,29.5,267830,844670944.0,11.85,10.02,3.01,54.28,-34.0,-27.39,-20.14,-12.14,-3.36,-5.08,-1.19,8.71,16.95,8.07,30.97,28.07,21.94,21.94,9.77,5.75,3.99,-0.82,-8.23,-7.53,-12.89,-15.76,-17.42,-13.19
2020-08-04,300847,32.96,34.0,36.29,31.15,311866,1034141712.0,15.55,2.84,0.94,63.21,-31.24,-24.37,-16.79,-8.48,-10.11,-6.42,2.95,10.75,2.34,6.13,31.94,29.33,22.58,22.58,2.82,1.12,-3.56,-10.76,-10.09,-15.29,-18.09,-19.71,-15.59,-15.32
2020-08-05,300847,32.5,33.02,34.96,31.66,232343,775808592.0,9.71,-2.88,-0.98,47.09,-25.58,-18.13,-9.95,-11.56,-7.93,1.3,8.97,0.69,4.42,14.62,32.13,30.28,23.1,23.1,4.12,-0.7,-8.12,-7.42,-12.78,-15.66,-17.32,-13.08,-12.81,-15.08
2020-08-06,300847,32.13,32.98,34.38,32.13,197415,658328544.0,6.81,-0.12,-0.04,40.01,-19.33,-11.27,-12.85,-9.27,-0.19,7.38,-0.78,2.89,12.95,8.81,32.62,30.98,24.25,23.57,-0.58,-8.0,-7.31,-12.67,-15.55,-17.22,-12.98,-12.7,-14.98,-16.62
2020-08-07,300847,32.5,30.05,32.79,29.7,190081,583327968.0,9.37,-8.88,-2.93,38.52,-4.01,-5.72,-1.85,7.98,16.16,7.34,11.31,22.19,17.71,15.76,32.62,31.14,25.2,23.87,0.97,1.73,-4.16,-7.32,-9.15,-4.49,-4.19,-6.69,-8.49,-7.72
2020-08-10,300847,28.9,27.87,30.34,27.66,136812,391341168.0,8.92,-7.25,-2.18,27.73,1.23,5.39,15.94,24.73,15.26,19.52,31.2,26.39,24.3,18.55,31.58,31.28,25.99,24.04,9.69,3.34,-0.07,-2.05,2.98,3.3,0.61,-1.33,-0.5,0.68
2020-08-11,300847,27.45,29.08,30.57,27.32,164373,477535760.0,11.66,4.34,1.21,33.31,6.7,17.39,26.28,16.69,21.01,32.83,27.96,25.84,20.02,11.05,30.6,31.27,26.78,24.25,-0.96,-4.23,-6.12,-1.31,-1.0,-3.58,-5.43,-4.64,-3.51,3.34
2020-08-12,300847,28.55,27.28,28.8,26.6,117181,321004992.0,7.57,-6.19,-1.8,23.75,20.56,29.7,19.85,24.29,36.43,31.43,29.25,23.27,14.06,14.92,29.45,30.79,27.41,24.37,2.09,0.07,5.21,5.54,2.79,0.81,1.65,2.86,10.15,17.3
2020-08-13,300847,27.37,26.74,27.85,26.66,81950,222671794.0,4.36,-1.98,-0.54,16.61,29.41,19.58,24.01,36.12,31.13,28.96,22.99,13.8,14.67,8.03,28.2,30.41,27.95,24.46,2.09,7.33,7.67,4.86,2.84,3.7,4.94,12.38,19.67,9.27
2020-08-14,300847,26.75,27.09,27.3,26.58,66978,180610632.0,2.69,1.31,0.35,13.57,19.94,24.38,36.53,31.53,29.35,23.36,14.15,15.01,8.35,4.78,27.61,30.12,28.42,24.56,5.94,6.28,3.51,1.51,2.36,3.58,10.93,18.12,7.86,23.66
2020-08-17,300847,26.95,28.36,28.7,26.63,103693,288987568.0,7.64,4.69,1.27,21.02,24.15,36.27,31.28,29.1,23.13,13.93,14.8,8.15,4.58,2.52,27.71,29.65,28.86,24.7,1.52,-1.13,-3.03,-2.22,-1.06,5.96,12.83,3.03,18.12,24.44
2020-08-18,300847,28.03,28.05,28.79,27.73,84194,236976317.0,3.74,-1.09,-0.31,17.06,30.87,26.07,23.98,18.25,9.41,10.24,3.86,0.43,-1.55,3.5,27.5,29.05,29.19,24.81,-0.04,-1.96,-1.14,0.04,7.13,14.08,4.17,19.43,25.81,30.05
2020-08-19,300847,28.04,26.19,28.04,26.12,91753,247677312.0,6.84,-6.63,-1.86,18.6,33.84,31.62,25.54,16.16,17.04,10.26,6.62,4.52,9.88,10.22,27.29,28.37,29.32,24.86,5.0,5.88,7.14,14.74,22.18,11.57,27.91,34.75,39.29,34.56
2020-08-20,300847,25.75,26.49,27.5,25.16,91200,238373983.0,8.93,1.15,0.3,18.48,36.65,30.33,20.59,21.5,14.47,10.69,8.51,14.07,14.43,11.45,27.24,27.72,29.35,25.41,4.68,5.93,13.44,20.8,10.31,26.46,33.22,37.71,33.03,22.95
2020-08-21,300847,26.25,27.71,27.73,26.2,108330,296233824.0,5.78,4.61,1.22,21.96,25.15,15.8,16.68,9.92,6.3,4.2,9.54,9.89,7.02,4.96,27.36,27.49,29.31,25.96,1.26,8.44,15.48,5.45,20.89,27.35,31.65,27.17,17.54,12.05
2020-08-24,300847,27.1,27.21,28.06,26.25,91396,247215989.0,6.53,-1.8,-0.5,18.52,15.58,16.46,9.71,6.1,4.0,9.33,9.68,6.82,4.76,5.64,27.13,27.42,29.35,26.47,10.44,17.6,7.39,23.12,29.69,34.07,29.51,19.7,14.11,17.93
2020-08-25,300847,27.36,29.3,30.05,26.7,155766,444731884.0,12.31,7.68,2.09,31.57,14.49,7.87,4.31,2.25,7.49,7.83,5.02,3.0,3.86,5.09,27.38,27.44,29.36,27.0,9.22,-0.27,14.33,20.44,24.51,20.27,11.16,5.97,9.52,5.97
2020-08-26,300847,29.0,29.85,32.0,28.8,189069,578115056.0,10.92,1.88,0.55,38.32,0.0,-3.3,-5.21,-0.35,-0.03,-2.64,-4.51,-3.72,-2.57,4.34,28.11,27.7,29.24,27.51,-2.11,12.23,18.22,22.21,18.06,9.11,4.02,7.5,4.02,10.12
2020-08-27,300847,28.02,28.25,29.22,25.78,135632,375135007.0,11.52,-5.36,-1.6,27.49,8.03,5.9,11.33,11.68,8.77,6.67,7.56,8.84,16.56,24.13,28.46,27.85,29.13,27.91,18.58,24.92,29.13,24.74,15.29,9.91,13.59,9.91,16.35,19.29
2020-08-28,300847,28.3,32.36,33.5,28.25,231558,727316524.0,18.58,14.55,4.11,46.93,-3.36,1.59,1.91,-0.74,-2.65,-1.84,-0.67,6.37,13.27,3.43,29.39,28.38,29.25,28.4,9.05,12.73,8.9,0.65,-4.05,-0.83,-4.05,1.58,4.14,1.64
2020-08-31,300847,31.02,33.96,35.29,30.36,237139,776098488.0,15.23,4.94,1.6,48.06,-5.47,-5.17,-7.64,-9.42,-8.66,-7.58,-1.02,5.4,-3.75,10.34,30.74,28.94,29.29,28.89,7.42,3.77,-4.09,-8.57,-5.51,-8.57,-3.21,-0.77,-3.15,4.53
2020-09-01,300847,33.51,35.51,36.48,33.13,241332,843212047.0,9.86,4.56,1.55,48.91,-13.1,-15.36,-16.99,-16.3,-15.3,-9.3,-3.41,-11.8,1.12,6.52,31.99,29.68,29.37,29.36,-0.76,-8.28,-12.56,-9.63,-12.56,-7.43,-5.1,-7.38,-0.03,0.99
2020-09-02,300847,34.5,33.56,35.24,33.1,186280,636164720.0,6.03,-5.49,-1.95,37.75,-15.29,-16.92,-16.22,-15.23,-9.21,-3.32,-11.72,1.21,6.62,10.21,32.73,30.42,29.39,29.69,-2.95,-7.48,-4.38,-7.48,-2.06,0.42,-2.0,5.78,6.85,5.93
2020-09-03,300847,32.57,30.5,32.57,29.61,174181,540288616.0,8.82,-9.12,-3.06,35.3,-7.13,-6.35,-5.23,1.49,8.07,-1.32,13.14,19.18,23.2,19.01,33.18,30.82,29.27,29.84,1.8,5.21,1.8,7.77,10.49,7.84,16.39,17.57,16.56,19.11
2020-09-04,300847,29.15,30.52,31.05,28.67,97829,294486464.0,7.8,0.07,0.02,19.83,-3.28,-2.13,4.81,11.61,1.92,16.85,23.09,27.24,22.92,13.6,32.81,31.1,29.29,29.91,5.14,1.74,7.7,10.42,7.77,16.32,17.5,16.48,19.04,16.81
2020-09-07,300847,29.9,30.85,32.09,29.7,116241,360260987.0,7.83,1.08,0.33,23.56,-5.52,1.18,7.74,-1.62,12.79,18.82,22.83,18.65,9.66,4.55,32.19,31.47,29.44,30.05,0.65,6.55,9.24,6.61,15.07,16.24,15.24,17.76,15.56,17.67
2020-09-08,300847,30.62,29.31,31.05,28.61,105539,314586511.0,7.91,-4.99,-1.54,21.39,5.03,11.85,2.13,17.09,23.35,27.51,23.17,13.84,8.53,12.16,30.95,31.47,29.45,30.06,12.15,14.98,12.21,21.12,22.35,21.29,23.95,21.63,23.85,30.3
2020-09-09,300847,28.71,31.62,32.87,28.3,185273,579290192.0,15.59,7.88,2.31,37.55,13.07,3.25,18.37,24.7,28.9,24.52,15.09,9.72,13.39,9.72,30.56,31.64,29.67,30.04,6.58,4.02,12.27,13.41,12.43,14.9,12.75,14.8,20.78,17.96
2020-09-10,300847,30.49,31.86,33.7,29.5,178368,569154716.0,13.28,0.76,0.24,36.15,-0.95,13.56,19.63,23.66,19.46,10.41,5.25,8.78,5.25,11.42,30.83,32.01,29.93,30.09,3.23,11.42,12.55,11.58,14.03,11.9,13.94,19.87,17.07,10.23
2020-09-11,300847,31.22,32.37,32.89,29.5,140882,441537211.0,10.64,1.6,0.51,28.55,13.56,19.63,23.66,19.46,10.41,5.25,8.78,5.25,11.42,14.24,31.2,32.01,30.19,30.17,9.67,10.78,9.82,12.23,10.13,12.14,17.98,15.23,8.5,3.49
2020-09-14,300847,32.05,34.8,35.5,31.72,222759,750074096.0,11.68,7.51,2.43,45.15,11.25,15.01,11.1,2.68,-2.11,1.17,-2.11,3.63,6.24,3.69,31.99,32.09,30.51,30.22,3.05,2.16,4.4,2.44,4.31,9.74,7.18,0.92,-3.74,-6.95
2020-09-15,300847,33.7,32.79,35.86,32.72,190862,648242879.0,9.02,-5.78,-2.01,38.68,11.49,7.7,-0.46,-5.1,-1.93,-5.1,0.46,3.0,0.52,8.5,32.69,31.82,30.75,30.18,8.42,10.8,8.72,10.7,16.47,13.75,7.11,2.17,-1.25,1.86
2020-09-16,300847,31.51,35.55,35.55,31.15,207260,699763397.0,13.42,8.42,2.76,42.01,13.13,4.56,-0.32,3.02,-0.32,5.52,8.19,5.59,13.96,15.12,33.47,32.02,31.22,30.27,2.19,0.28,2.11,7.43,4.92,-1.21,-5.77,-8.92,-6.05,-4.67
2020-09-17,300847,35.46,34.17,36.33,33.0,196009,678416639.0,9.37,-3.88,-1.38,39.73,-1.3,-5.91,-2.76,-5.91,-0.39,2.12,-0.33,7.58,8.67,7.73,33.94,32.38,31.6,30.31,4.33,6.23,11.76,9.16,2.78,-1.96,-5.24,-2.25,-0.82,0.09
2020-09-18,300847,33.66,33.5,35.65,32.86,133593,453614234.0,8.17,-1.96,-0.67,27.08,-5.51,-2.34,-5.51,0.03,2.56,0.09,8.03,9.13,8.19,10.56,34.16,32.68,31.89,30.42,8.36,14.0,11.34,4.84,0.0,-3.34,-0.3,1.16,2.09,19.4
2020-09-21,300847,33.4,35.42,36.3,33.19,197908,695248042.0,9.28,5.73,1.92,40.11,-3.31,-6.45,-0.96,1.54,-0.9,6.96,8.04,7.11,9.46,7.41,34.29,33.14,32.3,30.67,7.82,5.31,-0.85,-5.42,-8.58,-5.7,-4.32,-3.44,12.93,16.6
2020-09-22,300847,33.99,36.12,38.19,33.71,223498,810829208.0,12.65,1.98,0.7,45.3,-7.89,-2.49,-0.03,-2.43,5.31,6.38,5.46,7.77,5.75,7.68,34.95,33.82,32.64,30.91,3.27,-2.77,-7.25,-10.35,-7.53,-6.17,-5.32,10.74,14.34,9.61
2020-09-23,300847,35.1,34.9,37.3,34.84,172021,616399780.0,6.81,-3.38,-1.22,34.86,-5.65,-3.27,-5.6,1.89,2.93,2.04,4.28,2.32,4.19,9.62,34.82,34.15,32.9,31.16,0.63,-4.01,-7.22,-4.3,-2.89,-2.01,14.61,18.34,13.44,6.19
2020-09-24,300847,34.31,32.45,35.12,32.03,140832,470561469.0,8.85,-7.02,-2.45,28.54,5.21,2.68,10.83,11.96,10.99,13.42,11.3,13.33,19.23,16.45,34.48,34.21,33.11,31.35,3.24,-0.22,2.93,4.44,5.39,23.27,27.27,22.0,14.21,11.86
2020-09-25,300847,32.57,32.21,33.5,31.45,93128,301327498.0,6.32,-0.74,-0.24,18.87,4.58,12.88,14.02,13.04,15.52,13.35,15.42,21.43,18.6,11.67,34.22,34.19,33.1,31.52,0.53,3.69,5.22,6.18,24.19,28.22,22.91,15.06,12.7,12.7
2020-09-28,300847,32.0,30.45,32.38,30.1,79265,246765628.0,7.08,-5.46,-1.76,16.06,17.94,19.14,18.11,20.7,18.44,20.6,26.88,23.92,16.68,11.3,33.23,33.76,32.92,31.59,9.69,11.3,12.32,31.36,35.63,30.02,21.71,19.21,19.21,17.57
2020-09-29,300847,30.67,32.98,33.4,30.32,134193,433017406.0,10.11,8.31,2.53,27.2,18.27,17.25,19.82,17.58,19.72,25.96,23.02,15.83,10.49,6.79,32.6,33.78,32.8,31.76,2.76,3.7,21.29,25.23,20.04,12.37,10.07,10.07,8.55,8.52
2020-09-30,300847,32.71,32.2,33.89,32.12,109560,359485972.0,5.37,-2.37,-0.78,22.21,10.68,13.11,10.99,13.01,18.9,16.13,9.34,4.3,0.81,3.99,32.06,33.44,32.73,31.96,6.21,24.22,28.26,22.95,15.09,12.73,12.73,11.18,11.15,10.56
2020-10-09,300847,32.69,33.76,34.2,32.18,113895,380498288.0,6.27,4.84,1.56,23.08,12.9,10.78,12.8,18.68,15.91,9.14,4.1,0.62,3.79,5.31,32.32,33.4,32.89,32.2,18.48,22.33,17.27,9.77,7.52,7.52,6.04,6.01,5.45,10.57
2020-10-12,300847,33.97,37.38,40.0,33.5,200351,722291894.0,19.25,10.72,3.62,40.61,6.42,8.36,14.0,11.34,4.84,0.0,-3.34,-0.3,1.16,2.09,33.35,33.79,33.23,32.52,10.49,5.91,-0.86,-2.89,-2.89,-4.23,-4.25,-4.76,-0.13,-1.04
2020-10-13,300847,37.11,38.59,41.3,37.1,226990,883075800.0,11.24,3.24,1.21,46.01,-2.16,2.94,0.54,-5.34,-9.7,-12.72,-9.97,-8.65,-7.82,7.82,34.98,34.1,33.62,32.9,2.59,-3.96,-5.93,-5.93,-7.23,-7.26,-7.75,-3.27,-4.15,-3.29
2020-10-14,300847,39.2,37.0,39.59,35.77,170138,629872636.0,9.9,-4.12,-1.59,34.48,6.77,4.28,-1.82,-6.35,-9.48,-6.63,-5.26,-4.39,11.83,15.46,35.79,34.19,34.01,33.16,0.16,-1.89,-1.89,-3.24,-3.27,-3.78,0.89,-0.03,0.86,-1.08
2020-10-15,300847,35.8,35.86,37.06,35.6,91061,328984890.0,3.95,-3.08,-1.14,18.46,4.78,-1.35,-5.9,-9.04,-6.18,-4.8,-3.93,12.36,16.01,11.21,36.52,34.29,34.22,33.36,1.23,1.23,-0.17,-0.2,-0.73,4.1,3.15,4.07,2.06,0.95
2020-10-16,300847,35.5,35.03,36.3,34.8,70140,249211838.0,4.18,-2.31,-0.83,14.22,0.92,-3.74,-6.95,-4.02,-2.61,-1.72,14.94,18.68,13.76,6.49,36.77,34.55,34.38,33.59,3.63,2.2,2.17,1.63,6.57,5.6,6.54,4.48,3.34,2.46
2020-10-19,300847,35.38,35.15,36.3,35.06,72077,256824301.0,3.54,0.34,0.12,14.61,-4.45,-7.64,-4.73,-3.34,-2.45,14.09,17.8,12.92,5.7,3.54,36.33,34.84,34.52,33.68,1.85,1.82,1.28,6.2,5.23,6.17,4.13,2.99,2.11,-12.94
2020-10-20,300847,34.34,35.69,35.8,33.8,80767,279990912.0,5.69,1.54,0.54,16.37,-4.2,-1.18,0.27,1.18,18.34,22.19,17.13,9.64,7.4,7.4,35.75,35.36,34.56,33.74,0.28,-0.25,4.6,3.64,4.57,2.55,1.43,0.56,-14.26,-9.55
2020-10-21,300847,35.79,34.13,35.79,34.0,66353,229402125.0,5.02,-4.37,-1.56,13.45,-1.76,-0.32,0.59,17.65,21.47,16.44,9.0,6.76,6.76,5.29,35.17,35.48,34.63,33.69,4.31,9.38,8.38,9.35,7.24,6.07,5.16,-10.34,-5.42,-4.13
2020-10-22,300847,34.02,34.8,35.6,33.39,70952,247464165.0,6.48,1.96,0.67,14.38,1.5,2.43,19.8,23.69,18.57,10.99,8.72,8.72,7.22,7.19,34.96,35.74,34.59,33.73,7.27,6.29,7.24,5.17,4.02,3.13,-12.07,-7.24,-5.98,-6.49
2020-10-23,300847,34.96,36.6,37.33,34.74,139229,504381248.0,7.44,5.17,1.8,28.22,-1.55,15.14,18.88,13.96,6.68,4.49,4.49,3.05,3.02,2.48,35.27,36.02,34.71,33.94,1.07,1.97,0.0,-1.09,-1.94,-16.39,-11.8,-10.6,-11.09,-11.75
2020-10-26,300847,35.8,35.3,36.99,34.8,94427,337910464.0,5.98,-3.55,-1.3,19.14,14.94,18.68,13.76,6.49,4.31,4.31,2.87,2.84,2.3,7.27,35.3,35.82,34.8,34.09,5.72,3.68,2.55,1.67,-13.31,-8.56,-7.31,-7.82,-8.5,-8.27
2020-10-27,300847,35.06,36.32,37.32,35.02,95835,349025520.0,6.52,2.89,1.02,19.42,17.93,13.05,5.83,3.66,3.66,2.23,2.2,1.66,6.6,5.63,35.43,35.59,34.85,34.28,0.77,-0.33,-1.18,-15.75,-11.12,-9.91,-10.41,-11.07,-10.85,-10.19
2020-10-28,300847,36.3,36.6,36.6,34.5,89437,318156352.0,5.78,0.77,0.28,18.13,14.75,7.42,5.22,5.22,3.77,3.74,3.19,8.2,7.22,8.17,35.92,35.55,34.87,34.52,-1.09,-1.94,-16.39,-11.8,-10.6,-11.09,-11.75,-11.53,-10.87,-14.13
2020-10-29,300847,35.82,35.0,36.2,34.96,71077,252544182.0,3.39,-4.37,-1.6,14.41,6.01,3.83,3.83,2.4,2.37,1.83,6.78,5.81,6.75,4.69,35.96,35.46,34.88,34.63,2.54,-12.57,-7.77,-6.51,-7.03,-7.71,-7.49,-6.8,-10.2,-12.34
2020-10-30,300847,35.2,31.12,35.89,31.08,108465,362897024.0,13.74,-11.09,-3.88,21.98,16.8,16.8,15.19,15.15,14.54,20.11,19.02,20.08,17.76,16.47,34.87,35.07,34.81,34.61,-1.67,3.73,5.14,4.56,3.79,4.05,4.82,1.0,-1.41,-0.84
2020-11-02,300847,30.56,30.11,30.6,29.0,72952,218642710.0,5.14,-3.25,-1.01,14.79,25.17,23.45,23.41,22.76,28.72,27.55,28.69,26.21,24.83,23.76,33.83,34.57,34.7,34.53,7.21,8.67,8.07,7.27,7.54,8.34,4.38,1.89,2.49,0.13
2020-11-03,300847,30.15,31.57,32.28,30.15,61855,193734027.0,7.07,4.85,1.46,12.54,18.74,18.71,18.08,23.81,22.69,23.78,21.39,20.07,19.04,1.49,32.88,34.16,34.76,34.42,3.64,3.07,2.31,2.57,3.33,-0.44,-2.82,-2.25,-4.5,-6.84
2020-11-04,300847,31.63,31.89,32.72,30.95,65951,209208004.0,5.61,1.01,0.32,13.37,15.64,15.02,20.61,19.52,20.58,18.26,16.96,15.96,-1.13,4.3,31.94,33.93,34.71,34.4,2.04,1.29,1.54,2.29,-1.44,-3.79,-3.23,-5.46,-7.78,-9.69
2020-11-05,300847,32.01,32.0,32.54,31.69,57775,185907102.0,2.67,0.34,0.11,11.71,12.34,17.8,16.72,17.77,15.49,14.23,13.25,-3.44,1.86,3.25,31.34,33.65,34.7,34.28,0.94,1.19,1.94,-1.78,-4.13,-3.56,-5.78,-8.09,-10.0,-6.87
2020-11-06,300847,32.25,31.58,32.3,31.16,42779,135651266.0,3.56,-1.31,-0.42,8.67,19.8,18.71,19.77,17.46,16.17,15.18,-1.8,3.59,5.01,4.43,31.43,33.15,34.59,34.19,2.53,3.29,-0.47,-2.85,-2.28,-4.53,-6.87,-8.8,-5.64,-5.64
2020-11-09,300847,31.61,32.03,32.38,31.4,44793,143237319.0,3.1,1.42,0.45,9.08,17.8,18.85,16.56,15.29,14.3,-2.55,2.8,4.2,3.63,2.87,31.81,32.82,34.32,34.14,1.84,-1.87,-4.21,-3.65,-5.87,-8.18,-10.08,-6.96,-6.96,-9.24
2020-11-10,300847,32.04,30.8,32.62,30.7,59482,187679525.0,5.99,-3.84,-1.23,12.06,21.56,19.22,17.92,16.91,-0.33,5.15,6.58,5.99,5.21,5.47,31.66,32.27,33.93,33.99,2.05,-0.39,0.19,-2.11,-4.51,-6.49,-3.25,-3.25,-5.62,-5.91
2020-11-11,300847,30.9,30.29,31.43,30.2,39094,120071410.0,3.99,-1.66,-0.51,7.92,21.19,19.87,18.84,1.32,6.89,8.34,7.75,6.95,7.22,8.01,31.34,31.64,33.59,33.79,1.29,1.88,-0.46,-2.91,-4.92,-1.62,-1.62,-4.03,-4.32,-6.01
2020-11-12,300847,30.4,29.54,30.68,29.47,40763,121924537.0,3.99,-2.48,-0.75,8.26,22.84,21.78,3.83,9.54,11.03,10.42,9.6,9.87,10.69,6.65,30.85,31.09,33.28,33.61,4.47,2.06,-0.44,-2.51,0.88,0.88,-1.59,-1.9,-3.62,3.25
2020-11-13,300847,30.43,30.19,30.86,29.2,44226,132698770.0,5.62,2.2,0.65,8.96,22.91,4.79,10.55,12.05,11.44,10.62,10.89,11.71,7.64,5.07,30.57,31.0,33.04,33.54,-0.13,-2.58,-4.6,-1.29,-1.29,-3.71,-4.01,-5.7,1.03,0.86
2020-11-16,300847,29.95,29.29,30.15,29.13,37011,109405883.0,3.38,-2.98,-0.9,7.5,5.05,10.81,12.32,11.71,10.88,11.16,11.98,7.9,5.32,5.94,30.02,30.92,32.74,33.44,0.41,-1.67,1.74,1.74,-0.75,-1.06,-2.8,4.13,3.96,0.2
2020-11-17,300847,29.3,28.24,29.41,27.48,52845,149199561.0,6.59,-3.58,-1.05,10.71,17.47,19.07,18.41,17.54,17.83,18.7,14.37,11.64,12.3,9.72,29.51,30.58,32.37,33.37,1.98,5.52,5.52,2.94,2.62,0.81,8.0,7.83,3.93,1.98
2020-11-18,300847,28.2,28.41,28.8,28.11,28078,79828219.0,2.44,0.6,0.17,5.69,16.4,15.76,14.91,15.19,16.04,11.81,9.14,9.78,7.26,4.62,29.13,30.24,32.08,33.22,4.89,4.89,2.32,2.01,0.21,7.36,7.18,3.31,1.37,0.6
2020-11-19,300847,28.2,29.27,29.8,27.7,54618,158261537.0,7.39,3.03,0.86,11.07,17.47,16.61,16.9,17.76,13.47,10.76,11.41,8.84,6.17,3.97,29.08,29.96,31.81,33.12,1.81,-0.68,-0.99,-2.73,4.2,4.03,0.27,-1.61,-2.36,-3.01
2020-11-20,300847,29.29,28.65,29.8,28.51,44741,129324231.0,4.41,-2.12,-0.62,9.07,13.29,13.57,14.42,10.24,7.61,8.24,5.75,3.16,1.02,4.52,28.77,29.67,31.41,32.95,1.47,1.15,-0.63,6.46,6.28,2.44,0.52,-0.24,-0.91,-1.75
2020-11-23,300847,28.8,28.45,29.07,27.92,32394,92293620.0,4.01,-0.7,-0.2,6.57,15.97,16.83,12.57,9.89,10.53,7.99,5.34,3.15,6.73,6.73,28.6,29.31,31.07,32.65,1.86,0.07,7.21,7.03,3.16,1.23,0.46,-0.21,-1.05,-1.27
2020-11-24,300847,28.3,28.36,28.98,28.22,29790,85389466.0,2.67,-0.32,-0.09,6.04,15.59,11.37,8.72,9.36,6.84,4.22,2.06,5.6,5.6,3.01,28.63,29.07,30.67,32.31,0.39,7.55,7.37,3.49,1.55,0.78,0.11,-0.74,-0.95,-2.05
2020-11-25,300847,28.42,27.84,28.47,27.8,29393,82398764.0,2.36,-1.83,-0.52,5.96,13.06,10.36,11.01,8.45,5.79,3.6,7.19,7.19,4.57,4.24,28.51,28.82,30.23,32.0,9.55,9.38,5.42,3.45,2.66,1.98,1.11,0.9,-0.22,0.57
2020-11-26,300847,27.88,29.69,30.5,27.88,89683,262947842.0,9.41,6.65,1.85,18.18,10.04,10.69,8.14,5.49,3.3,6.89,6.89,4.27,3.95,2.12,28.6,28.84,29.97,31.8,2.56,-1.15,-3.0,-3.74,-4.38,-5.19,-5.39,-6.43,-5.69,-9.73
2020-11-27,300847,29.2,28.78,30.45,28.42,77261,225003734.0,6.84,-3.07,-0.91,15.66,8.59,6.09,3.48,1.34,4.86,4.86,2.29,1.97,0.18,7.32,28.62,28.7,29.85,31.59,1.98,0.07,-0.69,-1.36,-2.19,-2.4,-3.47,-2.71,-6.88,-7.71
2020-11-30,300847,28.75,28.34,29.35,28.3,38689,111308855.0,3.65,-1.53,-0.44,7.84,6.54,3.92,1.77,5.3,5.3,2.72,2.4,0.6,7.77,7.6,28.6,28.6,29.76,31.36,1.62,0.85,0.18,-0.67,-0.88,-1.98,-1.2,-5.43,-6.28,-8.47
2020-12-01,300847,28.43,28.54,28.8,28.13,31405,89309780.0,2.36,0.71,0.2,6.36,4.55,2.38,5.94,5.94,3.34,3.02,1.21,8.43,8.25,4.34,28.64,28.63,29.61,31.12,0.14,-0.53,-1.37,-1.58,-2.66,-1.89,-6.1,-6.94,-9.11,-7.92
2020-12-02,300847,28.44,28.16,28.58,28.12,32342,91341272.0,1.61,-1.33,-0.38,6.56,2.42,5.97,5.97,3.38,3.06,1.24,8.46,8.29,4.37,2.42,28.7,28.61,29.42,30.93,0.82,-0.04,-0.25,-1.35,-0.57,-4.83,-5.68,-7.88,-6.68,-3.76
2020-12-03,300847,28.18,27.75,28.39,27.6,30515,85259018.0,2.81,-1.46,-0.41,6.18,7.97,7.97,5.33,5.0,3.15,10.51,10.33,6.34,4.35,3.55,28.31,28.46,29.21,30.69,1.44,1.23,0.11,0.9,-3.42,-4.29,-6.52,-5.3,-2.34,-1.84
2020-12-04,300847,27.93,27.8,28.15,27.58,21581,60027691.0,2.05,0.18,0.05,4.37,8.05,5.4,5.08,3.23,10.59,10.41,6.42,4.42,3.63,2.94,28.12,28.37,29.02,30.4,1.04,-0.07,0.72,-3.6,-4.46,-6.69,-5.47,-2.52,-2.01,-3.45
2020-12-07,300847,27.86,27.54,28.09,27.46,24939,69063087.0,2.27,-0.94,-0.26,5.05,5.86,5.54,3.68,11.07,10.89,6.88,4.88,4.08,3.39,2.51,27.96,28.28,28.8,30.14,0.87,1.67,-2.69,-3.56,-5.81,-4.58,-1.6,-1.09,-2.54,-4.36
2020-12-08,300847,27.5,26.94,27.78,26.8,31703,86406251.0,3.56,-2.18,-0.6,6.43,8.13,6.23,13.81,13.62,9.51,7.46,6.64,5.93,5.04,4.81,27.64,28.14,28.6,29.83,3.93,-0.52,-1.41,-3.71,-2.45,0.59,1.11,-0.37,-2.23,-3.56
2020-12-09,300847,26.8,27.04,28.0,26.01,50324,135805571.0,7.39,0.37,0.1,10.2,9.46,17.26,17.07,12.84,10.73,9.88,9.15,8.23,8.0,6.81,27.41,28.06,28.44,29.51,-0.89,-1.78,-4.07,-2.81,0.22,0.74,-0.74,-2.59,-3.92,-9.39
2020-12-10,300847,26.61,26.21,26.8,26.08,30154,79473881.0,2.66,-3.07,-0.83,6.11,16.95,16.76,12.54,10.43,9.59,8.86,7.94,7.71,6.52,7.36,27.11,27.71,28.27,29.21,1.34,-1.03,0.27,3.4,3.93,2.4,0.5,-0.88,-6.52,-3.2
2020-12-11,300847,26.22,25.62,26.56,25.62,29508,76798078.0,3.59,-2.25,-0.59,5.98,18.85,14.56,12.41,11.55,10.81,9.88,9.64,8.43,9.29,4.61,26.67,27.39,28.05,29.03,1.25,2.58,5.78,6.32,4.76,2.81,1.41,-4.37,-0.98,-4.02
2020-12-14,300847,25.73,25.72,25.94,25.25,19312,49506452.0,2.69,0.39,0.1,3.91,16.24,14.06,13.19,12.44,11.49,11.25,10.02,10.89,6.14,5.19,26.31,27.13,27.87,28.88,2.18,5.37,5.91,4.35,2.41,1.01,-4.74,-1.36,-4.39,-8.05
2020-12-15,300847,25.68,26.12,26.28,25.56,23621,61468903.0,2.8,1.56,0.4,4.79,12.68,11.82,11.07,10.13,9.9,8.69,9.55,4.85,3.91,1.49,26.14,26.89,27.76,28.7,3.75,4.29,2.76,0.84,-0.54,-6.2,-2.87,-5.86,-9.46,-7.04
2020-12-16,300847,25.85,26.35,27.1,25.56,37633,98910317.0,5.9,0.88,0.23,7.63,11.82,11.07,10.13,9.9,8.69,9.55,4.85,3.91,1.49,2.82,26.0,26.71,27.66,28.52,3.38,1.86,-0.04,-1.4,-7.02,-3.72,-6.68,-10.25,-7.86,-9.75
2020-12-17,300847,26.19,26.75,27.24,26.19,36588,98088734.0,3.98,1.52,0.4,7.42,8.4,7.48,7.25,6.07,6.91,2.33,1.41,-0.95,0.34,3.47,26.11,26.61,27.53,28.34,0.34,-1.53,-2.88,-8.41,-5.16,-8.07,-11.59,-9.23,-11.1,-8.07
2020-12-18,300847,26.84,25.8,26.84,25.78,31556,82570868.0,3.96,-3.55,-0.95,6.4,9.19,8.96,7.76,8.61,3.96,3.03,0.62,1.94,5.12,5.66,26.15,26.41,27.39,28.15,2.09,0.7,-5.04,-1.67,-4.69,-8.33,-5.89,-7.83,-4.69,0.0
2020-12-21,300847,25.78,25.87,26.34,25.43,19824,51277579.0,3.53,0.27,0.07,4.02,10.46,9.24,10.11,5.39,4.44,2.01,3.34,6.57,7.12,5.54,26.18,26.24,27.26,27.94,0.43,-5.3,-1.93,-4.95,-8.58,-6.15,-8.08,-4.95,-0.27,-1.39
2020-12-22,300847,25.87,24.32,25.98,24.3,38586,96502624.0,6.49,-5.99,-1.55,7.82,14.32,15.23,10.29,9.3,6.75,8.15,11.52,12.1,10.45,8.4,25.82,25.98,27.06,27.73,0.74,4.32,1.11,-2.75,-0.16,-2.22,1.11,6.09,4.89,9.58
2020-12-23,300847,24.24,23.99,24.5,23.35,37189,88928805.0,4.73,-1.36,-0.33,7.54,19.91,14.78,13.75,11.09,12.55,16.06,16.66,14.95,12.81,11.26,25.35,25.68,26.87,27.52,5.75,2.5,-1.42,1.21,-0.88,2.5,7.54,6.34,11.09,6.75
2020-12-24,300847,23.96,24.38,25.37,23.78,41401,102347145.0,6.63,1.63,0.39,8.39,12.7,11.69,9.08,10.51,13.96,14.55,12.87,10.77,9.25,3.03,24.87,25.49,26.6,27.35,0.86,-2.99,-0.41,-2.46,0.86,5.82,4.63,9.31,5.05,2.38
2020-12-25,300847,24.14,23.67,24.59,23.65,30126,72125020.0,3.86,-2.91,-0.71,6.11,12.3,9.68,11.12,14.59,15.18,13.49,11.37,9.85,3.59,7.27,24.45,25.3,26.35,27.13,-0.08,2.58,0.46,3.89,9.0,7.77,12.59,8.2,5.45,-0.89
2020-12-28,300847,23.65,22.67,23.65,22.42,34102,77809387.0,5.2,-4.22,-1.0,6.91,15.7,17.22,20.87,21.5,19.71,17.48,15.88,9.28,13.16,9.68,23.81,24.99,26.06,26.91,7.1,4.9,8.47,13.81,12.53,17.56,12.97,10.1,3.48,5.47
2020-12-29,300847,22.67,23.05,24.28,22.57,40296,93949560.0,7.54,1.68,0.38,8.17,16.44,20.07,20.69,18.92,16.7,15.11,8.55,12.41,8.95,4.79,23.55,24.68,25.79,26.74,3.17,6.68,11.93,10.67,15.62,11.11,8.29,1.78,3.73,3.56
2020-12-30,300847,22.85,23.21,23.78,22.84,24480,56934388.0,4.08,0.69,0.16,4.96,18.65,19.26,17.51,15.32,13.75,7.27,11.08,7.66,3.55,6.3,23.4,24.37,25.54,26.56,5.95,11.16,9.91,14.82,10.34,7.54,1.08,3.02,2.84,-1.38
2020-12-31,300847,23.3,24.5,24.59,23.3,47049,113649591.0,5.56,5.56,1.29,9.54,16.91,15.19,13.05,11.5,5.15,8.88,5.54,1.5,4.21,2.06,23.42,24.15,25.38,26.4,5.31,4.12,8.78,4.53,1.88,-4.24,-2.41,-2.57,-6.57,-4.9
2021-01-04,300847,24.17,25.28,25.8,24.15,51190,127971834.0,6.73,3.18,0.78,10.37,11.14,9.07,7.58,1.45,5.05,1.82,-2.07,0.54,-1.53,1.82,23.74,24.09,25.25,26.29,0.91,5.42,1.31,-1.27,-7.2,-5.42,-5.58,-9.45,-7.83,-6.72
2021-01-05,300847,25.13,25.23,25.51,24.8,39460,98996842.0,2.81,-0.2,-0.05,8.0,6.21,4.76,-1.21,2.3,-0.85,-4.64,-2.1,-4.11,-0.85,4.03,24.25,24.03,25.14,26.18,5.63,1.51,-1.07,-7.02,-5.23,-5.39,-9.27,-7.65,-6.54,-7.29
2021-01-06,300847,25.2,26.13,26.65,24.8,71896,186248026.0,7.33,3.57,0.9,14.57,4.76,-1.21,2.3,-0.85,-4.64,-2.1,-4.11,-0.85,4.03,2.86,24.87,24.21,25.1,26.11,-1.99,-4.48,-10.22,-8.5,-8.65,-12.4,-10.83,-9.76,-10.49,-8.38
2021-01-07,300847,25.58,24.7,25.61,24.41,57813,144727753.0,4.59,-5.47,-1.43,11.72,0.37,3.93,0.74,-3.11,-0.53,-2.58,0.74,5.69,4.51,9.18,25.17,24.28,24.98,26.0,1.05,-5.02,-3.2,-3.36,-7.33,-5.67,-4.53,-5.3,-3.08,-4.21
2021-01-08,300847,24.32,23.19,24.96,23.17,38092,90321502.0,7.25,-6.11,-1.51,7.72,9.5,6.13,2.07,4.79,2.63,6.13,11.35,10.1,15.02,10.53,24.91,24.16,24.83,25.79,1.16,3.1,2.93,-1.29,0.47,1.68,0.86,3.23,2.03,-0.82
2021-01-11,300847,23.19,22.01,23.46,22.01,34751,79003994.0,6.25,-5.09,-1.18,7.04,11.72,7.45,10.31,8.04,11.72,17.22,15.9,21.08,16.36,13.4,24.25,24.0,24.65,25.56,8.63,8.45,4.0,5.86,7.13,6.27,8.77,7.5,4.5,3.77
2021-01-12,300847,22.11,23.83,23.91,21.66,55380,128447389.0,10.22,8.27,1.82,11.22,9.19,12.1,9.79,13.53,19.11,17.77,23.04,18.24,15.24,8.31,23.97,24.11,24.55,25.41,0.17,-3.94,-2.22,-1.05,-1.85,0.46,-0.71,-3.48,-4.15,-6.97
2021-01-13,300847,23.73,22.8,23.87,22.7,34940,80604093.0,4.91,-4.32,-1.03,7.08,6.96,4.76,8.33,13.66,12.38,17.4,12.82,9.96,3.35,5.33,23.31,24.09,24.39,25.22,0.39,2.19,3.42,2.59,5.0,3.77,0.88,0.18,-2.76,-3.29
2021-01-14,300847,22.66,22.3,22.89,21.51,32340,71480915.0,6.05,-2.19,-0.5,6.55,10.55,14.32,19.94,18.6,23.9,19.06,16.04,9.07,11.16,10.97,22.83,24.0,24.18,25.03,4.48,5.74,4.89,7.35,6.1,3.14,2.42,-0.58,-1.12,0.0
2021-01-15,300847,21.9,22.89,23.3,21.9,27600,63112495.0,6.28,2.65,0.59,5.59,12.28,17.81,16.48,21.69,16.94,13.97,7.12,9.18,9.0,4.52,22.77,23.84,23.99,24.86,3.01,2.18,4.59,3.36,0.48,-0.22,-3.15,-3.67,-2.58,-4.11
2021-01-18,300847,23.02,22.99,23.58,22.8,25393,58963472.0,3.41,0.44,0.1,5.15,13.16,11.89,16.89,12.32,9.47,2.89,4.87,4.69,0.39,2.19,22.96,23.61,23.85,24.7,1.74,4.13,2.91,0.04,-0.65,-3.57,-4.09,-3.0,-4.52,-5.18
2021-01-19,300847,22.87,23.02,23.39,22.82,22623,52258960.0,2.48,0.13,0.03,4.59,11.79,16.78,12.23,9.38,2.8,4.78,4.6,0.31,2.1,3.33,22.8,23.39,23.71,24.55,4.0,2.78,-0.09,-0.78,-3.69,-4.21,-3.13,-4.65,-5.3,-5.95
2021-01-20,300847,22.91,23.4,23.94,22.8,32396,75889274.0,4.95,1.65,0.38,6.57,16.89,12.32,9.47,2.89,4.87,4.69,0.39,2.19,3.42,2.59,22.92,23.11,23.66,24.43,1.11,-1.71,-2.39,-5.26,-5.77,-4.7,-6.2,-6.84,-7.48,-9.06
2021-01-21,300847,23.11,23.05,23.66,22.95,28165,65571009.0,3.03,-1.5,-0.35,5.71,11.59,8.76,2.22,4.18,4.01,-0.26,1.53,2.75,1.92,4.31,23.07,22.95,23.61,24.3,-0.22,-0.91,-3.82,-4.34,-3.25,-4.77,-5.42,-6.07,-7.68,-8.2
2021-01-22,300847,22.96,22.3,23.0,22.26,25706,57671689.0,3.21,-3.25,-0.75,5.21,12.13,5.39,7.41,7.23,2.83,4.67,5.93,5.08,7.55,6.29,22.95,22.86,23.51,24.17,2.42,-0.58,-1.12,0.0,-1.57,-2.24,-2.91,-4.57,-5.11,-7.85
2021-01-25,300847,22.53,21.74,22.84,21.72,23165,51250813.0,5.02,-2.51,-0.56,4.7,8.01,10.08,9.9,5.39,7.27,8.56,7.69,10.22,8.93,5.89,22.7,22.83,23.41,24.04,1.98,1.43,2.58,0.97,0.28,-0.41,-2.12,-2.67,-5.47,-8.69
2021-01-26,300847,21.52,21.45,22.17,21.28,20432,44297944.0,4.09,-1.33,-0.29,4.14,12.36,12.17,7.57,9.49,10.81,9.92,12.5,11.18,8.08,7.33,22.39,22.59,23.35,23.9,2.8,3.96,2.33,1.63,0.93,-0.79,-1.35,-4.2,-7.46,-11.66
2021-01-27,300847,21.35,21.66,22.05,21.21,17062,36918202.0,3.92,0.98,0.21,3.46,12.54,7.92,9.85,11.17,10.28,12.87,11.55,8.44,7.69,4.53,22.04,22.48,23.28,23.75,2.95,1.34,0.65,-0.05,-1.75,-2.31,-5.12,-8.36,-12.51,-12.6
2021-01-28,300847,21.31,21.75,22.3,21.25,22057,48134588.0,4.85,0.42,0.09,4.47,7.72,9.65,10.96,10.07,12.66,11.34,8.24,7.48,4.33,3.76,21.78,22.43,23.21,23.6,0.92,0.23,-0.46,-2.16,-2.71,-5.52,-8.74,-12.87,-12.97,-9.79
2021-01-29,300847,21.85,20.75,21.95,20.3,26417,55659873.0,7.59,-4.6,-1.0,5.35,14.78,16.16,15.22,17.93,16.55,13.3,12.51,9.21,8.62,9.85,21.47,22.21,23.02,23.4,5.06,4.34,2.55,1.98,-0.96,-4.34,-8.67,-8.77,-5.45,-3.52
2021-02-01,300847,20.75,21.49,21.8,20.61,19624,41733201.0,5.73,3.57,0.74,3.98,14.41,13.49,16.16,14.8,11.6,10.82,7.57,6.99,8.2,6.5,21.42,22.06,22.83,23.25,0.74,-0.98,-1.54,-4.37,-7.63,-11.82,-11.91,-8.7,-6.84,-4.19
2021-02-02,300847,21.2,21.17,21.65,21.07,14009,29780781.0,2.7,-1.49,-0.32,2.84,11.01,13.62,12.29,9.16,8.4,5.22,4.65,5.84,4.18,3.46,21.36,21.88,22.63,23.1,0.52,-0.05,-2.93,-6.24,-10.49,-10.58,-7.32,-5.43,-2.74,1.98
2021-02-03,300847,21.2,20.22,21.28,20.1,20000,40904117.0,5.57,-4.49,-0.95,4.05,19.1,17.71,14.43,13.63,10.3,9.7,10.95,9.2,8.46,7.71,21.08,21.56,22.34,22.96,4.65,1.63,-1.83,-6.28,-6.38,-2.97,-0.99,1.83,6.78,4.35
2021-02-04,300847,20.38,20.38,21.16,19.63,21856,44406431.0,7.57,0.79,0.16,4.43,20.53,17.17,16.35,12.94,12.33,13.6,11.82,11.05,10.29,8.41,20.8,21.29,22.12,22.84,0.83,-2.6,-7.02,-7.11,-3.73,-1.77,1.03,5.94,3.53,5.79
2021-02-05,300847,20.2,19.63,20.55,19.53,15002,29993088.0,5.0,-3.68,-0.75,3.04,17.77,16.95,13.52,12.9,14.18,12.39,11.62,10.86,8.96,8.35,20.58,21.02,21.94,22.68,1.12,-3.46,-3.57,-0.05,1.99,4.89,9.98,7.49,9.83,7.79
2021-02-08,300847,19.82,18.57,19.85,18.5,22480,42529392.0,6.88,-5.4,-1.06,4.56,23.46,19.84,19.19,20.54,18.65,17.84,17.03,15.03,14.38,11.08,19.99,20.71,21.77,22.51,2.05,1.94,5.65,7.81,10.88,16.26,13.62,16.1,13.95,14.49
2021-02-09,300847,18.56,18.69,18.95,18.36,18245,34093991.0,3.18,0.65,0.12,3.7,20.75,20.1,21.46,19.55,18.74,17.92,15.9,15.25,11.93,8.12,19.5,20.43,21.51,22.38,1.28,4.98,7.12,10.17,15.52,12.89,15.36,13.22,13.75,14.5
2021-02-10,300847,18.58,18.75,18.93,18.57,11888,22264704.0,1.93,0.32,0.06,2.41,18.74,20.09,18.2,17.39,16.59,14.59,13.95,10.66,6.89,2.05,19.2,20.14,21.31,22.24,4.64,6.77,9.81,15.15,12.53,14.99,12.85,13.39,14.13,14.29
2021-02-18,300847,18.99,19.32,19.62,18.99,18707,36251701.0,3.36,3.04,0.57,3.79,17.43,15.59,14.8,14.01,12.06,11.43,8.21,4.53,-0.21,-0.32,18.99,19.9,21.16,22.11,3.62,6.57,11.75,9.21,11.59,9.52,10.04,10.77,10.92,11.28
2021-02-19,300847,19.37,20.02,20.02,19.21,22937,45312315.0,4.19,3.62,0.7,4.65,14.26,13.48,12.7,10.78,10.15,6.98,3.33,-1.35,-1.46,2.13,19.07,19.82,21.02,21.96,2.85,7.84,5.39,7.69,5.69,6.19,6.89,7.04,7.39,8.89
2021-02-22,300847,20.21,20.0,20.59,20.0,25160,51038117.0,2.95,-0.1,-0.02,5.1,9.0,8.25,6.4,5.8,2.75,-0.75,-5.25,-5.35,-1.9,0.1,19.36,19.67,20.87,21.78,7.95,5.5,7.8,5.8,6.3,7.0,7.15,7.5,9.0,8.25
2021-02-23,300847,19.81,21.0,21.59,19.61,53052,110625366.0,9.9,5.0,1.0,10.75,10.4,8.52,7.9,4.79,1.22,-3.37,-3.47,0.05,2.09,5.0,19.82,19.66,20.77,21.64,0.48,2.67,0.76,1.24,1.9,2.05,2.38,3.81,3.1,-0.14
2021-02-24,300847,20.63,20.66,21.1,20.25,32840,67858165.0,4.05,-1.62,-0.34,6.66,5.09,4.49,1.48,-1.98,-6.42,-6.52,-3.11,-1.14,1.68,6.62,20.2,19.7,20.63,21.46,4.36,2.42,2.9,3.58,3.73,4.07,5.52,4.79,1.5,-4.31
2021-02-25,300847,20.48,21.05,21.56,20.15,41301,86240425.0,6.82,1.89,0.39,8.37,5.01,1.99,-1.49,-5.96,-6.05,-2.63,-0.65,2.18,7.15,4.71,20.55,19.77,20.53,21.34,0.52,1.0,1.66,1.81,2.14,3.56,2.85,-0.38,-6.08,-8.03
2021-02-26,300847,20.48,20.43,21.16,20.28,26724,55141849.0,4.18,-2.95,-0.62,5.42,1.33,-2.12,-6.56,-6.66,-3.25,-1.28,1.53,6.46,4.04,6.31,20.63,19.85,20.44,21.24,4.06,4.75,4.89,5.24,6.71,5.97,2.64,-3.23,-5.24,-4.94
2021-03-01,300847,20.04,21.05,21.26,20.04,27015,56399478.0,5.97,3.03,0.62,5.48,-0.95,-5.44,-5.54,-2.1,-0.1,2.74,7.73,5.29,7.58,5.59,20.84,20.1,20.4,21.21,1.66,1.81,2.14,3.56,2.85,-0.38,-6.08,-8.03,-7.74,-7.84
2021-03-02,300847,20.74,21.34,21.4,20.74,24400,51479407.0,3.14,1.38,0.29,4.95,-8.63,-8.73,-5.4,-3.47,-0.72,4.1,1.74,3.95,2.03,2.51,20.91,20.36,20.4,21.13,0.42,0.75,2.16,1.45,-1.73,-7.36,-9.28,-9.0,-9.09,-9.37
2021-03-03,300847,21.38,21.03,21.43,20.92,21232,44839311.0,2.39,-1.45,-0.31,4.3,-9.51,-6.21,-4.3,-1.58,3.2,0.86,3.06,1.15,1.63,2.29,20.98,20.59,20.36,21.07,2.23,3.66,2.95,-0.29,-5.99,-7.94,-7.66,-7.75,-8.04,9.37
2021-03-04,300847,21.29,20.75,21.5,20.66,29747,62893844.0,3.99,-1.33,-0.28,6.03,-5.03,-3.1,-0.34,4.5,2.13,4.36,2.42,2.9,3.58,3.73,20.92,20.73,20.31,21.02,5.06,4.34,1.06,-4.72,-6.7,-6.41,-6.51,-6.8,10.84,3.61
2021-03-05,300847,20.6,21.49,21.8,20.45,38545,81998527.0,6.51,3.57,0.74,7.81,-2.1,0.68,5.57,3.18,5.43,3.47,3.96,4.65,4.79,5.13,21.13,20.88,20.35,20.97,0.74,-2.42,-8.0,-9.91,-9.63,-9.73,-10.0,7.03,0.05,6.89
2021-03-08,300847,21.27,20.7,21.65,20.68,28850,61152812.0,4.51,-3.68,-0.79,5.85,-0.44,4.4,2.03,4.26,2.32,2.8,3.48,3.63,3.97,5.42,21.06,20.95,20.31,20.9,1.3,-4.49,-6.47,-6.18,-6.28,-6.57,11.11,3.86,10.97,10.14
2021-03-09,300847,20.7,19.45,20.97,19.4,23448,46826116.0,7.58,-6.04,-1.25,4.75,11.29,8.76,11.13,9.07,9.59,10.31,10.46,10.82,12.37,11.6,20.68,20.8,20.23,20.78,1.65,-0.46,-0.15,-0.26,-0.57,18.25,10.54,18.1,17.22,16.45
2021-03-10,300847,19.77,19.01,19.77,18.89,17536,33555946.0,4.52,-2.26,-0.44,3.55,11.7,14.13,12.02,12.55,13.29,13.45,13.82,15.4,14.61,11.01,20.28,20.63,20.17,20.63,1.84,2.16,2.05,1.74,20.99,13.1,20.83,19.94,19.15,18.46
2021-03-11,300847,19.15,19.29,19.36,18.78,10518,20161208.0,3.05,1.47,0.28,2.13,14.8,12.67,13.21,13.95,14.11,14.48,16.08,15.28,11.66,5.27,19.99,20.45,20.11,20.5,0.67,0.57,0.26,19.23,11.46,19.08,18.2,17.42,16.74,20.63
2021-03-12,300847,19.32,18.96,19.42,18.9,13034,24863004.0,2.7,-1.71,-0.33,2.64,11.96,12.49,13.23,13.39,13.76,15.34,14.55,10.95,4.6,2.43,19.48,20.31,20.08,20.39,2.32,2.0,21.31,13.4,21.15,20.25,19.46,18.78,22.73,21.89
2021-03-15,300847,18.89,18.9,19.4,18.68,10246,19439454.0,3.8,-0.32,-0.06,2.08,13.81,14.56,14.72,15.1,16.7,15.9,12.26,5.84,3.64,3.96,19.12,20.09,20.09,20.3,2.33,21.69,13.76,21.53,20.63,19.84,19.15,23.12,22.28,28.57
2021-03-16,300847,18.96,19.28,19.34,18.9,12338,23641835.0,2.33,2.01,0.38,2.5,13.23,13.39,13.76,15.34,14.55,10.95,4.6,2.43,2.75,2.65,19.09,19.89,20.12,20.23,19.29,11.51,19.14,18.26,17.48,16.8,20.7,19.87,26.04,30.03
2021-03-17,300847,19.27,21.37,23.0,19.13,64921,136116984.0,20.07,10.84,2.09,13.16,12.02,12.39,13.96,13.17,9.62,3.35,1.2,1.52,1.41,1.1,19.56,19.92,20.25,20.22,0.61,7.49,6.69,5.99,5.38,8.89,8.14,13.71,17.31,6.22
2021-03-18,300847,21.0,20.91,21.5,20.71,48204,101415806.0,3.7,-2.15,-0.46,9.77,3.81,5.26,4.54,1.26,-4.54,-6.52,-6.23,-6.33,-6.62,11.06,19.88,19.94,20.33,20.19,9.85,9.04,8.32,7.7,11.29,10.52,16.21,19.89,8.56,6.41
2021-03-19,300847,21.0,22.75,22.97,20.62,89902,198716407.0,11.24,8.8,1.84,18.22,5.72,5.0,1.7,-4.12,-6.11,-5.82,-5.92,-6.21,11.54,4.27,20.64,20.06,20.47,20.26,0.22,-0.44,-1.01,2.29,1.58,6.81,10.2,-0.22,-2.2,-1.49
2021-03-22,300847,22.23,22.77,22.8,22.23,64036,143942069.0,2.51,0.09,0.02,12.98,-2.61,-5.67,-11.07,-12.91,-12.64,-12.73,-13.0,3.46,-3.28,3.33,21.42,20.27,20.61,20.3,-0.53,-1.1,2.2,1.49,6.72,10.1,-0.31,-2.28,-1.58,4.52
2021-03-23,300847,22.54,21.7,22.65,21.57,47155,103358855.0,4.74,-4.7,-1.07,9.56,-2.78,-8.34,-10.25,-9.97,-10.06,-10.34,6.63,-0.32,6.49,5.7,21.9,20.49,20.64,20.32,3.78,7.24,6.5,11.98,15.53,4.61,2.53,3.27,9.68,10.14
2021-03-24,300847,21.36,21.52,22.52,21.36,35342,77650337.0,5.35,-0.83,-0.18,7.16,-7.44,-9.36,-9.08,-9.18,-9.46,7.68,0.66,7.54,6.74,6.04,21.93,20.74,20.69,20.36,8.13,7.39,12.92,16.5,5.48,3.39,4.14,10.59,11.06,10.87
2021-03-25,300847,21.45,23.2,23.27,21.45,82628,188012527.0,8.46,7.81,1.68,16.75,-9.74,-9.46,-9.56,-9.84,7.23,0.23,7.09,6.29,5.59,4.99,22.39,21.14,20.79,20.45,-0.39,4.74,8.06,-2.16,-4.09,-3.41,2.59,3.02,2.84,0.0
2021-03-26,300847,22.9,22.92,23.11,22.5,56939,129636156.0,2.63,-1.21,-0.28,11.54,-13.69,-13.78,-14.04,2.22,-4.44,2.09,1.33,0.67,0.09,3.42,22.42,21.53,20.92,20.56,6.02,9.38,-0.96,-2.92,-2.23,3.84,4.28,4.1,1.22,0.04
2021-03-29,300847,22.99,23.95,24.3,22.31,93102,219190032.0,8.68,4.49,1.03,18.87,-13.04,-13.31,3.09,-3.63,2.96,2.2,1.52,0.94,4.3,3.59,22.66,22.04,21.06,20.74,4.68,-5.22,-7.1,-6.43,-0.63,-0.21,-0.38,-3.13,-4.26,-9.27
2021-03-30,300847,23.5,23.31,25.07,23.0,89286,214070523.0,8.64,-2.67,-0.64,18.1,-15.91,0.0,-6.52,-0.13,-0.87,-1.52,-2.09,1.17,0.48,5.65,22.98,22.44,21.16,20.9,-2.62,-4.55,-3.86,2.1,2.53,2.36,-0.47,-1.63,-6.78,-9.27
2021-03-31,300847,22.66,22.0,22.7,21.9,55750,123365314.0,3.43,-5.62,-1.31,11.3,5.02,-1.83,4.89,4.11,3.42,2.83,6.26,5.53,10.96,14.47,23.08,22.5,21.21,21.0,1.14,1.86,8.18,8.64,8.45,5.45,4.23,-1.23,-3.86,1.5
2021-04-01,300847,22.11,22.15,22.25,21.56,33722,73822359.0,3.14,0.68,0.15,6.83,-0.28,6.54,5.75,5.06,4.45,7.93,7.19,12.71,16.28,5.29,22.87,22.63,21.28,21.1,1.17,7.45,7.9,7.72,4.74,3.52,-1.9,-4.51,0.81,0.41
2021-04-02,300847,21.98,21.96,22.41,21.65,31210,68873179.0,3.43,-0.86,-0.19,6.33,6.1,5.31,4.62,4.02,7.48,6.74,12.24,15.8,4.85,2.77,22.67,22.55,21.3,21.16,8.38,8.83,8.65,5.65,4.42,-1.05,-3.69,1.68,1.28,2.78
2021-04-06,300847,22.25,23.1,23.8,22.09,61660,141907282.0,7.79,5.19,1.14,12.5,3.21,2.54,1.95,5.34,4.62,10.0,13.49,2.76,0.72,1.45,22.5,22.58,21.42,21.27,3.46,3.29,0.43,-0.74,-5.93,-8.44,-3.33,-3.72,-2.29,1.73
2021-04-07,300847,22.8,23.4,23.9,22.8,55223,129513166.0,4.76,1.3,0.3,11.19,-0.66,-1.23,2.06,1.36,6.58,9.96,-0.44,-2.41,-1.71,4.39,22.52,22.75,21.62,21.35,1.97,-0.85,-2.01,-7.14,-9.62,-4.57,-4.96,-3.55,0.43,-0.51
2021-04-08,300847,23.35,22.89,23.86,22.89,45086,104985127.0,4.15,-2.18,-0.51,9.14,-1.62,1.66,0.96,6.16,9.52,-0.83,-2.8,-2.1,3.98,4.41,22.7,22.89,21.82,21.42,1.35,0.17,-5.07,-7.6,-2.45,-2.84,-1.4,2.66,1.7,1.92
2021-04-09,300847,22.72,22.7,23.2,22.3,33146,75450617.0,3.93,-0.83,-0.19,6.72,4.35,3.63,8.97,12.42,1.79,-0.22,0.49,6.73,7.17,7.0,22.81,22.84,21.99,21.48,1.01,-4.27,-6.83,-1.63,-2.03,-0.57,3.52,2.56,2.78,0.22
2021-04-12,300847,22.52,21.7,22.93,21.5,33145,73224936.0,6.3,-4.41,-1.0,6.72,7.49,13.02,16.6,5.58,3.49,4.23,10.7,11.16,10.98,7.91,22.76,22.72,22.12,21.52,0.14,-2.53,2.9,2.49,4.01,8.29,7.28,7.51,4.84,4.7
2021-04-13,300847,21.45,20.8,21.73,20.71,28031,59046062.0,4.7,-4.15,-0.9,5.68,17.33,21.05,9.61,7.44,8.21,14.92,15.4,15.21,12.02,10.72,22.3,22.4,22.22,21.51,1.68,7.36,6.92,8.51,12.98,11.92,12.16,9.38,9.23,4.81
2021-04-14,300847,20.61,20.96,21.15,20.57,16262,33981224.0,2.79,0.77,0.16,3.3,21.88,10.35,8.17,8.95,15.7,16.19,15.99,12.79,11.47,5.64,21.81,22.17,22.3,21.5,6.54,6.11,7.68,12.12,11.07,11.31,8.54,8.4,4.01,4.48
2021-04-15,300847,20.86,21.62,22.33,20.35,36653,78494823.0,9.45,3.15,0.66,7.43,11.55,9.34,10.12,16.95,17.44,17.25,14.0,12.68,6.78,3.93,21.56,22.13,22.32,21.52,2.87,4.39,8.7,7.68,7.91,5.23,5.09,0.83,1.3,-1.06
2021-04-16,300847,21.74,21.92,22.24,21.5,32460,70792576.0,3.42,1.39,0.3,6.58,3.49,4.23,10.7,11.16,10.98,7.91,6.65,1.07,-1.63,3.86,21.4,22.11,22.37,21.56,2.97,7.21,6.2,6.43,3.79,3.65,-0.55,-0.09,-2.42,-4.24
2021-04-19,300847,21.99,22.34,22.57,21.71,31445,69834245.0,3.92,1.92,0.42,6.37,3.22,9.63,10.09,9.9,6.86,5.62,0.09,-2.58,2.86,2.44,21.53,22.14,22.35,21.58,5.19,4.21,4.43,1.84,1.7,-2.42,-1.97,-4.25,-6.04,-6.45
2021-04-20,300847,22.17,23.08,23.5,22.12,51195,117697144.0,6.18,3.31,0.74,10.38,7.59,8.05,7.87,4.88,3.66,-1.76,-4.39,0.95,0.54,2.03,21.98,22.14,22.36,21.66,0.87,1.08,-1.43,-1.56,-5.55,-5.11,-7.32,-9.06,-9.45,-10.75
2021-04-21,300847,23.11,22.85,23.28,22.66,30920,70953057.0,2.69,-1.0,-0.23,6.27,5.47,5.3,2.38,1.19,-4.1,-6.66,-1.46,-1.85,-0.4,3.71,22.36,22.09,22.42,21.78,2.1,-0.44,-0.57,-4.6,-4.16,-6.39,-8.14,-8.53,-9.85,-10.07
2021-04-22,300847,23.01,22.77,23.33,22.31,43038,98276950.0,4.46,-0.35,-0.08,8.72,6.95,3.99,2.78,-2.6,-5.2,0.09,-0.31,1.17,5.33,4.35,22.59,22.07,22.48,21.9,-0.09,-0.22,-4.26,-3.82,-6.06,-7.82,-8.21,-9.53,-9.75,-7.38
2021-04-23,300847,22.54,22.37,22.75,22.25,22840,51225462.0,2.2,-1.76,-0.4,4.63,4.27,3.06,-2.34,-4.94,0.36,-0.04,1.44,5.62,4.63,4.85,22.68,22.04,22.44,22.01,1.56,-2.55,-2.1,-4.38,-6.17,-6.57,-7.91,-8.14,-5.72,-6.57
2021-04-26,300847,22.5,21.87,22.72,21.81,22914,51178873.0,4.07,-2.24,-0.5,4.64,5.14,-0.37,-3.03,2.38,1.97,3.48,7.75,6.74,6.97,4.31,22.59,22.06,22.39,22.1,-0.32,0.14,-2.19,-4.02,-4.44,-5.81,-6.04,-3.57,-4.44,-4.12
2021-04-27,300847,21.78,21.39,21.8,21.22,17929,38393786.0,2.65,-2.19,-0.48,3.63,2.4,-0.33,5.23,4.81,6.36,10.74,9.71,9.94,7.21,7.07,22.25,22.12,22.26,22.18,2.38,0.0,-1.87,-2.29,-3.69,-3.93,-1.4,-2.29,-1.96,-2.99
2021-04-28,300847,21.89,21.19,21.9,21.12,17350,36960680.0,3.65,-0.94,-0.2,3.52,0.14,5.73,5.3,6.87,11.27,10.23,10.46,7.72,7.58,3.22,21.92,22.14,22.15,22.25,0.94,-0.94,-1.37,-2.78,-3.02,-0.47,-1.37,-1.04,-2.08,-2.17
2021-04-29,300847,21.1,20.88,21.39,20.88,15347,32391523.0,2.41,-1.46,-0.31,3.11,6.94,6.51,8.09,12.55,11.49,11.73,8.96,8.81,4.41,4.89,21.54,22.07,22.1,22.23,0.53,0.1,-1.34,-1.58,1.01,0.1,0.43,-0.62,-0.72,-1.44
2021-04-30,300847,20.91,20.08,20.99,20.07,19695,40113667.0,4.41,-3.83,-0.8,3.99,10.81,12.46,17.09,15.99,16.24,13.35,13.2,8.62,9.12,6.58,21.08,21.88,21.99,22.2,4.08,2.59,2.34,5.03,4.08,4.43,3.34,3.24,2.49,1.2
2021-05-06,300847,20.0,20.48,20.9,20.0,16594,34155463.0,4.48,1.99,0.4,3.36,12.85,17.5,16.4,16.65,13.75,13.6,9.0,9.5,6.95,4.95,20.8,21.7,21.92,22.13,0.59,0.34,2.98,2.05,2.39,1.32,1.22,0.49,-0.78,-1.12
2021-05-07,300847,20.46,20.12,20.6,20.05,12768,25784364.0,2.69,-1.76,-0.36,2.59,17.21,16.11,16.36,13.47,13.32,8.73,9.23,6.68,4.69,4.24,20.55,21.4,21.77,22.04,2.14,4.82,3.88,4.22,3.13,3.03,2.29,0.99,0.65,3.68
2021-05-10,300847,20.2,20.38,20.55,20.1,14215,28909086.0,2.24,1.29,0.26,2.88,15.82,16.07,13.18,13.03,8.46,8.96,6.42,4.43,3.98,2.49,20.39,21.15,21.62,22.0,3.48,2.55,2.89,1.82,1.72,0.98,-0.29,-0.64,2.36,2.94
2021-05-11,300847,20.38,20.93,21.09,20.38,22780,47493279.0,3.48,2.7,0.55,4.62,14.47,11.63,11.48,6.97,7.46,4.96,2.99,2.55,1.08,0.83,20.4,20.97,21.52,21.98,-0.14,0.19,-0.86,-0.96,-1.67,-2.91,-3.25,-0.33,0.24,0.81
2021-05-12,300847,20.9,20.51,20.9,20.28,17367,35540767.0,2.96,-2.01,-0.42,3.52,12.18,12.03,7.5,7.99,5.47,3.5,3.06,1.58,1.33,3.99,20.48,20.78,21.41,21.89,2.24,1.17,1.07,0.34,-0.93,-1.27,1.71,2.29,2.88,4.92
2021-05-13,300847,20.52,20.39,20.97,20.38,17125,35348989.0,2.88,-0.59,-0.12,3.47,11.48,6.97,7.46,4.96,2.99,2.55,1.08,0.83,3.48,2.55,20.47,20.64,21.35,21.8,1.77,1.67,0.93,-0.34,-0.69,2.31,2.89,3.48,5.54,5.44
2021-05-14,300847,20.55,20.58,20.75,20.2,16521,33891424.0,2.7,0.93,0.19,3.35,7.92,8.42,5.89,3.91,3.47,1.98,1.73,4.41,3.47,3.81,20.56,20.55,21.34,21.69,0.73,0.0,-1.26,-1.6,1.36,1.94,2.53,4.57,4.47,-28.86
2021-05-17,300847,20.69,20.18,20.73,20.18,17893,36339600.0,2.67,-1.94,-0.4,3.63,8.52,6.0,4.01,3.57,2.08,1.83,4.51,3.57,3.91,2.82,20.52,20.45,21.3,21.59,1.98,0.69,0.35,3.37,3.96,4.56,6.64,6.54,-27.45,-24.78
2021-05-18,300847,20.12,20.3,20.58,19.73,14673,29691951.0,4.21,0.59,0.12,2.97,8.41,6.39,5.93,4.41,4.16,6.89,5.93,6.28,5.17,5.07,20.39,20.4,21.23,21.53,0.1,-0.25,2.76,3.35,3.94,6.01,5.91,-27.88,-25.22,-26.65
2021-05-19,300847,19.99,20.1,20.32,19.96,12911,25944339.0,1.77,-0.99,-0.2,2.62,5.16,4.71,3.21,2.96,5.66,4.71,5.06,3.96,3.86,3.11,20.31,20.4,21.14,21.46,0.75,3.78,4.38,4.98,7.06,6.97,-27.16,-24.48,-25.92,-25.97
2021-05-20,300847,20.15,20.04,20.25,19.87,12234,24542202.0,1.89,-0.3,-0.06,2.48,5.18,3.67,3.42,6.14,5.18,5.54,4.43,4.33,3.57,2.26,20.24,20.35,21.02,21.4,4.09,4.69,5.29,7.39,7.29,-26.95,-24.25,-25.7,-25.75,-26.75
2021-05-21,300847,20.39,20.63,20.86,20.36,23458,48276208.0,2.5,2.94,0.59,4.75,1.18,0.93,3.59,2.65,3.0,1.92,1.82,1.08,-0.2,-0.54,20.25,20.4,20.9,21.32,1.7,2.28,4.31,4.22,-29.04,-26.42,-27.82,-27.87,-28.84,-29.91
2021-05-24,300847,20.54,20.87,20.98,20.42,15812,32857229.0,2.71,1.16,0.24,3.2,0.64,3.28,2.35,2.69,1.62,1.52,0.78,-0.49,-0.83,2.15,20.39,20.45,20.8,21.23,1.1,3.11,3.02,-29.85,-27.26,-28.65,-28.7,-29.66,-30.71,-30.81
2021-05-25,300847,20.82,21.02,21.1,20.59,18501,38638169.0,2.44,0.72,0.15,3.75,2.43,1.51,1.85,0.78,0.68,-0.05,-1.31,-1.65,1.31,1.89,20.53,20.46,20.72,21.17,2.38,2.28,-30.35,-27.78,-29.16,-29.21,-30.16,-31.21,-31.3,-25.59
2021-05-26,300847,20.96,21.2,21.52,20.9,23350,49663708.0,2.95,0.86,0.18,4.73,0.0,0.33,-0.72,-0.81,-1.53,-2.78,-3.11,-0.19,0.38,0.96,20.75,20.53,20.66,21.12,1.42,-30.94,-28.4,-29.76,-29.81,-30.75,-31.79,-31.89,-26.23,-27.45
2021-05-27,300847,21.22,21.39,21.5,21.13,23247,49544479.0,1.75,0.9,0.19,4.71,-0.76,-1.8,-1.89,-2.6,-3.83,-4.16,-1.28,-0.71,-0.14,1.85,21.02,20.63,20.63,21.11,-31.56,-29.03,-30.39,-30.43,-31.37,-32.4,-32.49,-26.88,-28.1,-28.56
2021-05-28,300847,14.3,14.4,14.64,14.13,44674,63944579.0,2.38,-32.68,-6.99,6.04,46.85,46.71,45.65,43.81,43.31,47.63,48.48,49.33,52.3,52.16,19.78,20.01,20.28,20.89,5.42,3.4,3.33,1.94,0.42,0.28,8.61,6.81,6.11,12.5
2021-05-31,300847,14.2,14.92,15.18,13.87,66741,96905973.0,9.1,3.61,0.52,9.02,49.46,48.38,46.5,46.0,50.4,51.26,52.13,55.16,55.01,5.55,18.59,19.49,19.97,20.69,-0.2,-0.27,-1.61,-3.08,-3.22,4.83,3.08,2.41,8.58,8.45
2021-06-01,300847,14.89,14.62,14.89,14.54,39586,57933348.0,2.35,-2.01,-0.3,5.35,41.54,39.75,39.27,43.47,44.29,45.12,48.01,47.87,0.69,4.4,17.31,18.92,19.66,20.46,1.78,0.41,-1.09,-1.23,6.98,5.2,4.51,10.81,10.67,7.93
2021-06-02,300847,14.46,14.48,14.88,14.38,32363,47080572.0,3.42,-0.96,-0.14,4.37,41.31,40.82,45.06,45.9,46.73,49.65,49.51,1.81,5.56,3.55,15.96,18.36,19.38,20.21,1.38,-0.14,-0.28,8.01,6.22,5.52,11.88,11.74,8.98,6.91
2021-06-03,300847,14.4,14.27,14.68,14.27,29129,42139399.0,2.83,-1.45,-0.21,3.94,41.91,46.18,47.02,47.86,50.81,50.67,2.59,6.38,4.34,4.27,14.54,17.78,19.07,19.94,1.33,1.19,9.6,7.78,7.08,13.52,13.38,10.58,8.48,2.31
2021-06-04,300847,14.2,14.18,14.46,14.16,20712,29500338.0,2.1,-0.63,-0.09,2.8,47.32,48.16,49.01,51.98,51.84,3.39,7.2,5.16,5.08,3.67,14.49,17.14,18.77,19.65,1.83,10.3,8.46,7.76,14.25,14.1,11.28,9.17,2.96,2.12
2021-06-07,300847,14.2,14.25,14.44,14.09,21271,30373963.0,2.47,0.49,0.07,2.87,48.9,49.75,52.73,52.59,3.9,7.74,5.68,5.61,4.19,2.63,14.36,16.47,18.46,19.36,9.75,7.93,7.23,13.68,13.54,10.74,8.63,2.46,1.61,20.28
2021-06-08,300847,14.21,15.16,15.64,13.98,90963,134665053.0,11.65,6.39,0.91,12.29,50.93,53.93,53.79,4.72,8.58,6.51,6.44,5.01,3.43,3.29,14.47,15.89,18.17,19.11,1.45,0.79,6.86,6.73,4.09,2.11,-3.69,-4.49,13.06,23.15
2021-06-09,300847,15.0,14.85,15.38,14.81,63392,95175046.0,3.76,-2.04,-0.31,8.57,45.31,45.17,-1.15,2.5,0.54,0.47,-0.88,-2.36,-2.5,5.6,14.54,15.25,17.89,18.86,2.9,9.09,8.96,6.26,4.24,-1.68,-2.49,15.42,25.72,32.32
2021-06-10,300847,14.69,15.1,15.28,14.66,55391,82788551.0,4.18,1.68,0.25,7.48,46.66,-0.14,3.55,1.57,1.5,0.14,-1.36,-1.5,6.68,4.91,14.71,14.62,17.63,18.63,7.28,7.15,4.5,2.52,-3.31,-4.11,13.51,23.64,30.13,18.41
2021-06-11,300847,15.0,15.4,16.2,14.8,87158,135444029.0,9.27,1.99,0.3,11.78,-1.08,2.57,0.61,0.54,-0.81,-2.3,-2.43,5.68,3.92,3.24,14.95,14.72,17.37,18.43,5.06,2.47,0.52,-5.19,-5.97,11.3,21.23,27.6,16.1,12.21
2021-06-15,300847,15.15,15.94,16.18,14.95,104437,163810319.0,7.99,3.51,0.54,14.11,1.54,-0.4,-0.47,-1.81,-3.28,-3.41,4.62,2.88,2.21,8.36,15.29,14.83,17.16,18.25,-1.0,-2.89,-8.41,-9.16,7.53,17.13,23.27,12.17,8.41,6.52
2021-06-16,300847,15.78,15.03,15.78,15.0,67935,104517299.0,4.89,-5.71,-0.91,9.18,-0.73,-0.8,-2.13,-3.6,-3.73,4.27,2.53,1.87,8.0,7.87,15.26,14.87,16.89,18.06,2.99,-2.86,-3.66,14.04,24.22,30.74,18.96,14.97,12.97,11.84
2021-06-17,300847,15.08,14.95,15.48,14.64,51552,77114846.0,5.59,-0.53,-0.08,6.97,1.64,0.27,-1.23,-1.37,6.83,5.05,4.37,10.66,10.52,7.79,15.28,14.91,16.63,17.89,-2.34,-3.14,14.65,24.88,31.44,19.6,15.59,13.58,12.44,8.83
2021-06-18,300847,14.12,13.89,14.6,13.58,79743,110754497.0,6.82,-7.09,-1.06,10.77,8.1,6.48,6.33,15.17,13.25,12.52,19.29,19.15,16.2,13.99,15.04,14.88,16.33,17.67,4.25,23.4,34.41,41.47,28.73,24.41,22.25,21.02,17.13,17.28
2021-06-21,300847,13.75,14.28,14.48,13.66,60434,85523780.0,5.9,2.81,0.39,8.17,5.86,5.71,14.49,12.59,11.86,18.59,18.45,15.52,13.32,6.88,14.82,14.89,16.01,17.47,20.03,30.74,37.61,25.21,21.01,18.91,17.72,13.94,14.08,7.77
2021-06-22,300847,14.39,17.14,17.14,14.02,186891,296732064.0,21.85,20.03,2.86,25.25,3.0,11.55,9.7,8.99,15.55,15.41,12.55,10.41,4.14,3.28,15.06,15.17,15.82,17.37,8.93,14.64,4.32,0.82,-0.93,-1.93,-5.08,-4.96,-10.21,-7.47
2021-06-23,300847,17.82,17.44,18.67,16.53,278185,491126080.0,12.49,1.75,0.3,37.59,-5.38,-6.96,-7.56,-2.0,-2.12,-4.54,-6.35,-11.68,-12.4,3.69,15.54,15.4,15.64,17.25,12.67,2.52,-0.92,-2.64,-3.61,-6.71,-6.59,-11.75,-9.06,-11.41
2021-06-24,300847,17.48,18.39,19.65,17.2,235701,431575392.0,14.05,5.45,0.95,31.85,-10.58,-11.16,-5.81,-5.93,-8.26,-10.0,-15.12,-15.81,-0.35,8.55,16.23,15.76,15.5,17.18,-2.77,-6.04,-7.67,-8.59,-11.53,-11.42,-16.31,-13.76,-15.99,-9.84
2021-06-25,300847,17.77,17.09,17.88,17.01,175575,304292768.0,4.73,-7.07,-1.3,23.72,-10.17,-4.76,-4.88,-7.23,-8.99,-14.17,-14.87,0.76,9.76,15.52,16.87,15.96,15.29,17.07,1.11,-0.64,-1.64,-4.8,-4.68,-9.95,-7.2,-9.6,-2.98,-4.33
2021-06-28,300847,16.76,16.73,17.28,16.6,114205,192156789.0,3.98,-2.11,-0.36,15.43,-2.41,-2.53,-4.94,-6.75,-12.05,-12.77,3.25,12.47,18.37,7.71,17.36,16.09,15.41,16.94,1.49,0.48,-2.75,-2.63,-8.01,-5.2,-7.65,-0.9,-2.27,2.03
2021-06-29,300847,16.6,16.73,16.98,16.21,96730,160026798.0,4.6,0.0,0.0,13.07,-0.19,-2.65,-4.5,-9.93,-10.67,5.74,15.18,21.22,10.3,6.6,17.28,16.17,15.5,16.83,0.48,-2.75,-2.63,-8.01,-5.2,-7.65,-0.9,-2.27,2.03,-1.49
2021-06-30,300847,16.81,16.26,16.81,15.96,94398,153301263.0,5.08,-2.81,-0.47,12.75,-1.13,-3.01,-8.52,-9.27,7.39,16.98,23.12,12.03,8.27,6.39,17.04,16.29,15.58,16.69,0.06,0.18,-5.35,-2.46,-4.98,1.97,0.55,4.98,1.35,0.92
2021-07-01,300847,16.26,14.99,16.27,14.8,98701,152439797.0,9.04,-7.81,-1.27,13.34,4.59,-1.35,-2.16,15.81,26.15,32.77,20.81,16.76,14.73,13.58,16.36,16.29,15.6,16.52,8.67,2.67,5.8,3.07,10.61,9.07,13.88,9.94,9.47,10.74
2021-07-02,300847,15.48,15.12,16.29,15.02,101705,159356797.0,8.47,0.87,0.13,13.74,-2.8,-3.6,14.11,24.3,30.83,19.04,15.05,13.05,11.92,8.32,15.97,16.42,15.65,16.36,1.79,4.89,2.18,9.66,8.13,12.9,8.99,8.53,9.79,14.35
2021-07-05,300847,14.6,15.15,15.39,14.6,70463,105947849.0,5.22,0.2,0.03,9.52,-0.82,17.4,27.88,34.59,22.47,18.36,16.3,15.14,11.44,11.58,15.65,16.5,15.69,16.17,4.69,1.98,9.44,7.92,12.67,8.78,8.32,9.57,14.13,13.93
2021-07-06,300847,15.04,15.62,15.86,14.6,107233,164181023.0,8.32,3.1,0.47,14.49,17.4,27.88,34.59,22.47,18.36,16.3,15.14,11.44,11.58,5.41,15.43,16.35,15.76,16.0,-1.09,6.15,4.67,9.28,5.51,5.06,6.27,10.69,10.5,10.12
2021-07-07,300847,15.04,15.18,15.45,15.04,77368,117830914.0,2.62,-2.82,-0.44,10.45,24.14,30.65,18.88,14.89,12.9,11.77,8.18,8.31,2.33,5.45,15.21,16.13,15.76,15.8,9.22,7.71,12.45,8.56,8.1,9.35,13.9,13.7,13.31,16.67
2021-07-08,300847,15.17,15.77,16.58,14.8,128866,203370984.0,11.73,3.89,0.59,17.41,32.77,20.81,16.76,14.73,13.58,9.93,10.07,3.99,7.16,4.39,15.37,15.86,15.81,15.62,3.68,8.24,4.5,4.06,5.26,9.64,9.45,9.07,12.3,8.81
2021-07-09,300847,15.51,16.07,16.35,15.46,103890,165802805.0,5.64,1.9,0.3,6.88,15.65,11.77,9.83,8.73,5.24,5.37,-0.45,2.59,-0.06,7.24,15.56,15.76,15.86,15.45,6.22,2.55,2.12,3.3,7.59,7.41,7.03,10.21,6.78,7.41
2021-07-12,300847,15.7,16.49,17.07,15.7,111605,181878539.0,8.53,2.61,0.42,7.39,10.06,8.15,7.07,3.63,3.76,-1.97,1.02,-1.59,5.61,4.14,15.83,15.74,15.91,15.52,-0.06,-0.49,0.67,4.85,4.67,4.31,7.4,4.06,4.67,5.94
2021-07-13,300847,16.33,16.29,16.48,15.95,81325,131638355.0,3.21,-1.21,-0.2,5.38,6.46,5.39,2.01,2.13,-3.51,-0.56,-3.13,3.95,2.51,7.02,15.96,15.69,15.93,15.56,0.74,1.9,6.14,5.95,5.59,8.72,5.34,5.95,7.24,-0.31
2021-07-14,300847,16.41,15.99,16.41,15.6,75152,120506488.0,4.97,-1.84,-0.3,4.98,7.76,4.29,4.42,-1.35,1.67,-0.96,6.28,4.81,9.42,5.64,16.12,15.67,15.98,15.61,3.81,8.13,7.94,7.57,10.76,7.32,7.94,9.26,1.56,-4.19
2021-07-15,300847,15.7,16.39,16.6,15.7,95146,155458229.0,5.63,2.5,0.4,6.3,3.63,3.76,-1.97,1.02,-1.59,5.61,4.14,8.73,4.97,4.52,16.25,15.81,16.05,15.67,5.49,5.31,4.94,8.05,4.7,5.31,6.59,-0.92,-6.53,-8.72
2021-07-16,300847,16.2,16.95,17.29,15.76,150916,249744333.0,9.33,3.42,0.56,9.99,3.36,-2.35,0.63,-1.97,5.2,3.74,8.31,4.57,4.12,5.33,16.42,15.99,16.2,15.76,1.83,1.47,4.48,1.24,1.83,3.07,-4.19,-9.62,-11.74,-9.73
2021-07-19,300847,17.01,16.75,17.26,16.67,108542,184000007.0,3.48,-1.18,-0.2,7.19,-7.68,-4.86,-7.32,-0.54,-1.92,2.4,-1.14,-1.56,-0.42,3.72,16.47,16.15,16.33,15.85,2.69,5.73,2.45,3.04,4.3,-3.04,-8.54,-10.69,-8.66,-6.75
2021-07-20,300847,16.37,16.95,17.2,16.02,121914,203924609.0,7.04,1.19,0.2,8.07,-1.0,-3.56,3.5,2.06,6.55,2.87,2.43,3.62,7.93,7.74,16.61,16.28,16.32,15.94,4.48,1.24,1.83,3.07,-4.19,-9.62,-11.74,-9.73,-7.85,-8.32
2021-07-21,300847,17.0,17.16,17.71,16.81,139846,240299014.0,5.31,1.24,0.21,9.26,-8.09,-1.37,-2.74,1.55,-1.96,-2.38,-1.25,2.86,2.68,2.32,16.84,16.48,16.3,16.0,0.0,0.58,1.81,-5.36,-10.72,-12.82,-10.84,-8.97,-9.44,-10.9
2021-07-22,300847,17.16,16.7,17.16,16.42,102687,171561260.0,4.31,-2.68,-0.46,6.8,0.97,-0.43,3.96,0.37,-0.06,1.1,5.3,5.12,4.75,7.86,16.9,16.57,16.22,16.06,3.35,4.61,-2.75,-8.26,-10.42,-8.38,-6.47,-6.95,-8.44,4.13
2021-07-23,300847,16.58,16.87,17.26,16.15,122891,205071700.0,6.65,1.02,0.17,8.14,1.24,5.7,2.04,1.61,2.79,7.06,6.87,6.5,9.66,6.25,16.89,16.65,16.21,16.12,3.56,-3.73,-9.19,-11.32,-9.31,-7.41,-7.88,-9.37,3.08,-2.55
2021-07-26,300847,16.64,16.34,17.47,16.31,115135,194217978.0,6.88,-3.14,-0.53,7.62,4.66,1.04,0.61,1.78,6.01,5.82,5.46,8.58,5.21,5.82,16.8,16.64,16.19,16.15,-0.61,-6.24,-8.45,-6.36,-4.41,-4.9,-6.43,6.43,0.61,0.86
2021-07-27,300847,16.1,15.32,16.24,15.2,99708,156374241.0,6.36,-6.24,-1.02,6.6,8.42,7.96,9.21,13.75,13.55,13.16,16.51,12.89,13.55,14.93,16.48,16.54,16.12,16.13,0.0,-2.35,-0.13,1.96,1.44,-0.2,13.51,7.31,7.57,9.66
2021-07-28,300847,15.25,14.3,15.32,14.21,59054,86170222.0,7.25,-6.66,-1.02,3.91,15.48,16.82,21.67,21.46,21.04,24.63,20.76,21.46,22.94,14.29,15.91,16.37,16.02,16.11,4.62,6.99,9.23,8.67,6.92,21.61,14.97,15.24,17.48,18.18
2021-07-29,300847,14.35,14.79,14.96,14.35,48628,71591821.0,4.27,3.43,0.49,3.22,15.68,20.49,20.28,19.86,23.41,19.58,20.28,21.74,13.17,6.76,15.52,16.21,16.01,16.1,3.45,5.61,5.07,3.38,17.58,11.16,11.43,13.59,14.27,13.05
2021-07-30,300847,14.79,15.03,15.3,14.68,50894,76319242.0,4.19,1.62,0.24,3.37,17.78,17.57,17.17,20.64,16.89,17.57,19.01,10.63,4.36,1.91,15.16,16.02,16.01,16.14,3.93,3.39,1.73,15.7,9.38,9.65,11.78,12.44,11.24,14.37
2021-08-02,300847,14.98,15.38,15.62,14.9,53135,81460836.0,4.79,2.33,0.35,3.52,15.84,15.44,18.86,15.17,15.84,17.25,8.99,2.82,0.4,2.68,14.96,15.88,16.02,16.18,1.04,-0.59,13.07,6.89,7.15,9.23,9.88,8.71,11.77,8.06
2021-08-03,300847,15.38,15.06,15.54,14.93,51302,78066430.0,3.97,-2.08,-0.32,3.4,15.2,18.62,14.94,15.61,17.01,8.77,2.61,0.2,2.48,4.62,14.91,15.7,15.99,16.11,1.53,15.47,9.16,9.43,11.55,12.22,11.02,14.14,10.36,10.23
2021-08-04,300847,15.05,15.27,15.29,14.94,42992,65291248.0,2.32,1.39,0.21,2.85,18.54,14.86,15.53,16.93,8.7,2.54,0.13,2.41,4.55,4.02,15.11,15.51,15.99,16.04,13.88,7.66,7.92,10.02,10.67,9.5,12.57,8.84,8.71,5.96
2021-08-05,300847,15.22,16.61,17.39,15.18,185334,304003712.0,14.47,8.78,1.34,12.27,13.04,13.7,15.09,6.98,0.92,-1.45,0.79,2.9,2.37,0.72,15.47,15.5,16.04,15.98,-1.02,-0.78,1.14,1.75,0.66,3.49,0.06,-0.06,-2.59,-0.84
2021-08-06,300847,16.16,16.12,16.44,15.66,121742,194845277.0,4.7,-2.95,-0.49,8.06,10.22,11.56,3.7,-2.17,-4.47,-2.3,-0.26,-0.77,-2.36,11.05,15.69,15.42,16.04,15.95,2.23,4.22,4.84,3.72,6.64,3.1,2.98,0.37,2.17,6.08
2021-08-09,300847,15.99,16.23,16.48,15.8,84749,137215289.0,4.22,0.68,0.11,5.61,10.57,2.78,-3.04,-5.32,-3.16,-1.14,-1.65,-3.23,10.06,4.05,15.86,15.41,16.02,15.93,3.51,4.13,3.02,5.91,2.4,2.28,-0.31,1.48,5.36,6.1
2021-08-10,300847,16.15,16.61,16.8,16.08,129768,215133374.0,4.44,2.34,0.38,8.59,1.0,-4.73,-6.97,-4.85,-2.86,-3.36,-4.91,8.15,2.24,2.49,16.17,15.54,16.04,15.93,1.75,0.66,3.49,0.06,-0.06,-2.59,-0.84,2.95,3.67,1.93
2021-08-11,300847,16.5,16.75,16.9,16.43,98199,163568586.0,2.83,0.84,0.14,6.5,-6.76,-8.95,-6.88,-4.93,-5.42,-6.94,5.84,0.06,0.3,2.25,16.46,15.79,16.08,15.94,-0.18,2.63,-0.78,-0.9,-3.4,-1.67,2.09,2.81,1.07,9.25
2021-08-12,300847,16.6,16.45,16.72,16.2,77206,126909787.0,3.1,-1.79,-0.3,5.11,-7.65,-5.56,-3.58,-4.07,-5.62,7.35,1.48,1.73,3.7,4.32,16.43,15.95,16.08,15.99,4.5,1.03,0.91,-1.64,0.12,3.95,4.68,2.92,11.25,8.09
2021-08-13,300847,16.65,16.53,17.19,16.42,112036,187591113.0,4.68,0.49,0.08,7.42,-6.82,-4.87,-5.36,-6.88,5.91,0.12,0.37,2.31,2.92,1.83,16.51,16.1,16.06,16.04,0.54,0.42,-2.12,-0.36,3.45,4.17,2.42,10.71,7.56,4.66
2021-08-16,300847,16.31,16.17,16.62,16.13,72498,118224510.0,2.96,-2.18,-0.36,4.8,-3.16,-3.66,-5.21,7.81,1.92,2.17,4.15,4.77,3.66,6.57,16.5,16.18,16.03,16.07,2.66,0.06,1.86,5.75,6.49,4.7,13.17,9.96,6.99,8.35
2021-08-17,300847,16.11,15.87,16.6,15.7,88849,142557545.0,5.57,-1.86,-0.3,5.88,-1.02,-2.61,10.76,4.71,4.97,7.01,7.64,6.5,9.49,5.86,16.35,16.26,15.98,16.08,1.95,3.78,7.75,8.51,6.68,15.31,12.04,9.01,10.4,12.22
2021-08-18,300847,15.74,15.77,16.18,15.43,58761,92981034.0,4.73,-0.63,-0.1,3.89,-0.91,12.7,6.55,6.8,8.88,9.53,8.36,11.41,7.71,7.58,16.16,16.31,15.91,16.1,4.44,8.43,9.19,7.36,16.04,12.75,9.7,11.1,12.94,17.31
2021-08-19,300847,15.79,16.32,16.47,15.5,89133,143582258.0,6.15,3.49,0.55,5.9,12.19,6.06,6.32,8.39,9.03,7.87,10.9,7.23,7.1,4.39,16.13,16.28,15.89,16.12,4.78,5.51,3.74,12.13,8.95,6.0,7.35,9.13,13.36,11.34
2021-08-20,300847,16.33,16.79,17.1,15.8,148979,247206470.0,7.97,2.88,0.47,9.86,4.05,4.3,6.33,6.96,5.82,8.8,5.19,5.06,2.41,4.24,16.18,16.35,15.89,16.14,2.56,0.83,8.99,5.9,3.04,4.35,6.08,10.18,8.22,6.97
2021-08-23,300847,16.64,17.06,17.22,16.5,136871,231857577.0,4.29,1.61,0.27,9.06,-0.12,1.82,2.42,1.33,4.18,0.73,0.61,-1.94,-0.18,3.64,16.36,16.43,15.92,16.16,-0.76,7.27,4.22,1.41,2.7,4.4,8.44,6.51,5.28,2.11
2021-08-24,300847,16.78,16.81,16.93,16.48,99676,166891757.0,2.64,-1.47,-0.25,6.6,1.94,2.55,1.46,4.31,0.85,0.73,-1.82,-0.06,3.76,4.49,16.55,16.45,16.0,16.18,8.86,5.77,2.91,4.22,5.95,10.05,8.09,6.84,3.63,4.4
2021-08-25,300847,16.88,17.83,18.3,16.53,240212,423967424.0,10.53,6.07,1.02,15.91,2.24,1.15,3.99,0.54,0.42,-2.12,-0.36,3.45,4.17,2.42,16.96,16.56,16.17,16.24,-0.28,-2.97,-1.74,-0.11,3.76,1.91,0.73,-2.3,-1.57,-1.68
2021-08-26,300847,17.52,17.14,17.78,17.05,159392,277020480.0,4.09,-3.87,-0.69,10.55,-1.94,0.82,-2.52,-2.64,-5.1,-3.4,0.29,1.0,-0.7,7.33,17.13,16.63,16.29,16.26,0.93,2.22,3.91,7.93,6.01,4.78,1.63,2.39,2.28,3.68
2021-08-27,300847,17.0,16.87,17.3,16.71,89779,151745620.0,3.44,-1.58,-0.27,5.94,2.87,-0.54,-0.66,-3.17,-1.44,2.33,3.05,1.32,9.52,6.4,17.14,16.66,16.38,16.26,3.85,5.57,9.66,7.71,6.46,3.26,4.03,3.91,5.33,7.65
2021-08-30,300847,17.0,17.06,17.52,16.72,106703,182895556.0,4.74,1.13,0.19,7.07,-0.6,-0.72,-3.23,-1.5,2.27,2.99,1.26,9.45,6.34,3.47,17.14,16.75,16.47,16.27,4.4,8.44,6.51,5.28,2.11,2.87,2.75,4.16,6.45,0.64
2021-08-31,300847,16.88,17.69,17.81,16.6,161335,281953456.0,7.09,3.69,0.63,10.68,0.0,-2.53,-0.78,3.01,3.73,1.99,10.24,7.11,4.22,5.54,17.32,16.93,16.6,16.3,4.58,2.71,1.53,-1.53,-0.79,-0.9,0.45,2.66,-2.94,-3.05
2021-09-01,300847,17.53,18.09,18.5,17.18,201096,360776176.0,7.46,2.26,0.4,13.32,-5.82,-4.13,-0.47,0.23,-1.46,6.52,3.49,0.7,1.98,3.67,17.37,17.17,16.74,16.33,0.44,-0.72,-3.7,-2.99,-3.1,-1.77,0.39,-5.09,-5.2,-9.62
2021-09-02,300847,17.75,18.0,18.17,17.13,143051,252526428.0,5.75,-0.5,-0.09,9.47,-3.85,-0.18,0.53,-1.17,6.83,3.79,0.99,2.28,3.97,8.0,17.54,17.33,16.81,16.37,-0.22,-3.22,-2.5,-2.61,-1.28,0.89,-4.61,-4.72,-9.17,-10.28
2021-09-03,300847,17.5,17.04,17.96,17.03,110598,192315217.0,5.17,-5.33,-0.96,7.32,0.41,1.12,-0.59,7.46,4.4,1.59,2.88,4.58,8.63,6.69,17.58,17.36,16.85,16.38,2.23,2.99,2.88,4.28,6.57,0.76,0.65,-4.05,-5.22,-5.05
2021-09-06,300847,16.8,17.35,17.42,16.7,66617,114184856.0,4.23,1.82,0.31,4.41,3.11,1.38,9.58,6.47,3.59,4.91,6.65,10.78,8.8,7.54,17.63,17.39,16.91,16.41,1.15,1.04,2.42,4.67,-1.04,-1.15,-5.76,-6.92,-6.74,-7.32
2021-09-07,300847,17.18,17.2,17.55,17.01,57578,98941614.0,3.11,-0.86,-0.15,3.81,-0.47,7.58,4.53,1.7,3.0,4.7,8.76,6.82,5.58,2.41,17.54,17.43,16.94,16.47,1.92,3.31,5.58,-0.17,-0.29,-4.94,-6.1,-5.93,-6.51,-5.17
2021-09-08,300847,17.2,16.98,17.53,16.9,76553,131347510.0,3.66,-1.28,-0.22,5.07,8.28,5.21,2.37,3.67,5.38,9.47,7.51,6.27,3.08,3.85,17.31,17.34,16.95,16.56,4.65,6.95,1.12,1.0,-3.71,-4.89,-4.71,-5.3,-3.95,-3.95
2021-09-09,300847,16.8,17.76,17.77,16.52,143605,248223021.0,7.36,4.59,0.78,9.51,7.63,4.72,6.05,7.81,11.99,9.99,8.72,5.45,6.23,6.11,17.27,17.4,17.02,16.66,2.25,-3.32,-3.43,-7.94,-9.07,-8.9,-9.46,-8.16,-8.16,-12.89
2021-09-10,300847,18.13,17.1,18.16,17.08,123871,216297124.0,6.08,-3.72,-0.66,8.2,1.29,2.58,4.27,8.31,6.38,5.15,1.99,2.75,2.63,4.04,17.28,17.43,17.04,16.73,0.41,0.29,-4.39,-5.56,-5.38,-5.96,-4.62,-4.62,-9.53,-14.39
2021-09-13,300847,16.7,16.95,17.17,16.68,55474,93724432.0,2.87,-0.88,-0.15,3.67,5.04,6.77,10.91,8.93,7.67,4.44,5.22,5.1,6.53,8.87,17.2,17.42,17.08,16.78,1.18,-3.54,-4.72,-4.54,-5.13,-3.78,-3.78,-8.73,-13.63,-15.04
2021-09-14,300847,16.86,16.26,17.15,16.21,63663,106302713.0,5.55,-4.07,-0.69,4.22,9.87,14.13,12.09,10.8,7.46,8.27,8.14,9.62,12.03,5.92,17.01,17.27,17.1,16.82,0.55,-0.68,-0.49,-1.11,0.31,0.31,-4.86,-9.96,-11.44,-13.28
2021-09-15,300847,16.26,15.86,16.35,15.75,61467,98114080.0,3.69,-2.46,-0.4,4.07,17.46,15.37,14.03,10.6,11.43,11.3,12.83,15.3,9.02,8.89,16.79,17.05,17.11,16.84,1.83,2.02,1.39,2.84,2.84,-2.46,-7.69,-9.21,-11.1,-9.65
2021-09-16,300847,15.96,15.92,16.15,15.61,47502,75605572.0,3.4,0.38,0.06,3.15,16.4,15.05,11.6,12.43,12.3,13.84,16.34,9.99,9.87,4.74,16.42,16.84,17.09,16.82,1.63,1.01,2.45,2.45,-2.83,-8.04,-9.55,-11.43,-9.99,-8.92
2021-09-17,300847,16.0,15.67,16.18,15.53,42809,67642800.0,4.08,-1.57,-0.25,2.83,15.65,12.17,13.01,12.88,14.42,16.93,10.56,10.43,5.28,3.99,16.13,16.7,17.03,16.8,2.62,4.08,4.08,-1.28,-6.57,-8.1,-10.02,-8.55,-7.47,-8.62
2021-09-22,300847,15.4,15.78,16.08,15.23,34360,54374086.0,5.42,0.7,0.11,2.28,14.38,15.23,15.1,16.68,19.24,12.74,12.61,7.35,6.04,6.24,15.9,16.55,16.97,16.79,3.36,3.36,-1.96,-7.22,-8.75,-10.65,-9.19,-8.11,-9.25,-9.06
2021-09-23,300847,15.78,16.15,16.31,15.75,45131,72430479.0,3.55,2.34,0.37,2.99,11.43,11.3,12.83,15.3,9.02,8.89,3.81,2.54,2.73,2.1,15.88,16.44,16.93,16.77,0.99,-4.21,-9.35,-10.84,-12.69,-11.27,-10.22,-11.33,-11.15,-9.23
2021-09-24,300847,16.16,15.34,16.31,15.25,49494,77896717.0,6.56,-5.02,-0.81,3.28,14.95,16.52,19.08,12.59,12.46,7.21,5.9,6.1,5.44,6.95,15.77,16.28,16.81,16.73,0.85,-4.56,-6.13,-8.08,-6.58,-5.48,-6.65,-6.45,-4.43,-4.5
2021-09-27,300847,15.4,14.38,15.47,14.04,58097,84702257.0,9.32,-6.26,-0.96,3.85,26.57,29.34,22.29,22.15,16.45,15.03,15.24,14.53,16.17,16.17,15.46,15.94,16.67,16.66,1.81,0.14,-1.95,-0.35,0.83,-0.42,-0.21,1.95,1.88,2.16
2021-09-28,300847,14.35,14.4,14.64,14.35,21847,31598947.0,2.02,0.14,0.02,1.45,26.55,19.65,19.51,13.94,12.54,12.75,12.06,13.66,13.66,7.8,15.21,15.67,16.55,16.59,0.0,-2.08,-0.49,0.69,-0.56,-0.35,1.81,1.74,2.01,1.25
2021-09-29,300847,14.38,13.75,14.4,13.74,27215,38073778.0,4.58,-4.51,-0.65,1.8,24.96,24.82,19.0,17.54,17.76,17.03,18.7,18.7,12.59,6.55,14.8,15.35,16.38,16.51,2.55,4.22,5.45,4.15,4.36,6.62,6.55,6.84,6.04,3.85
2021-09-30,300847,13.77,13.99,14.1,13.77,14775,20644856.0,2.4,1.75,0.24,0.98,24.55,18.74,17.28,17.5,16.78,18.45,18.45,12.35,6.32,4.58,14.37,15.12,16.2,16.44,2.43,3.65,2.36,2.57,4.79,4.72,5.0,4.22,2.07,0.64
2021-10-08,300847,14.2,14.22,14.33,14.1,16021,22778524.0,1.64,1.64,0.23,1.06,15.96,14.54,14.75,14.04,15.67,15.67,9.72,3.83,2.13,0.0,14.15,14.96,16.0,16.39,1.97,0.7,0.91,3.09,3.02,3.31,2.53,0.42,-0.98,-1.9
2021-10-11,300847,14.27,14.41,14.5,14.12,18250,26213002.0,2.67,1.34,0.19,1.21,14.38,14.59,13.88,15.51,15.51,9.56,3.68,1.98,-0.14,1.49,14.15,14.81,15.83,16.33,-0.62,-0.42,1.73,1.67,1.94,1.18,-0.9,-2.29,-3.19,-4.23
2021-10-12,300847,14.16,14.09,14.32,14.02,15964,22612719.0,2.08,-2.22,-0.32,1.06,15.41,14.69,16.33,16.33,10.34,4.42,2.71,0.57,2.21,3.42,14.09,14.65,15.68,16.24,1.85,4.05,3.97,4.26,3.48,1.35,-0.07,-0.99,-2.06,-3.9
2021-10-13,300847,14.07,14.32,14.35,14.07,11808,16802244.0,1.99,1.63,0.23,0.78,14.29,15.92,15.92,9.95,4.05,2.35,0.21,1.85,3.06,1.78,14.21,14.5,15.53,16.15,2.37,2.3,2.58,1.82,-0.28,-1.68,-2.58,-3.63,-5.45,-3.0
2021-10-14,300847,14.35,14.51,14.66,14.23,19071,27720717.0,3.0,1.33,0.19,1.26,14.62,14.62,8.71,2.88,1.19,-0.91,0.7,1.9,0.63,0.84,14.31,14.34,15.39,16.07,0.96,1.24,0.48,-1.59,-2.96,-3.86,-4.89,-6.69,-4.27,-7.86
2021-10-15,300847,14.51,14.45,14.65,14.33,13423,19468679.0,2.21,-0.41,-0.06,0.89,13.82,7.96,2.16,0.49,-1.61,0.0,1.19,-0.07,0.14,2.3,14.36,14.25,15.27,15.96,1.66,0.9,-1.18,-2.56,-3.46,-4.5,-6.3,-3.88,-7.47,-8.51
2021-10-18,300847,14.45,14.51,14.69,14.38,12276,17836215.0,2.15,0.42,0.06,0.81,7.58,1.81,0.14,-1.95,-0.35,0.83,-0.42,-0.21,1.95,1.88,14.38,14.26,15.1,15.87,0.48,-1.59,-2.96,-3.86,-4.89,-6.69,-4.27,-7.86,-8.89,-5.72
2021-10-19,300847,14.48,14.22,14.58,14.16,19387,27695179.0,2.89,-2.0,-0.29,1.28,3.39,1.69,-0.42,1.2,2.4,1.13,1.34,3.53,3.46,3.74,14.4,14.25,14.96,15.78,0.42,-0.98,-1.9,-2.95,-4.78,-2.32,-5.98,-7.03,-3.8,10.06
2021-10-20,300847,14.28,14.04,14.28,14.02,16011,22571775.0,1.83,-1.27,-0.18,1.06,2.71,0.57,2.21,3.42,2.14,2.35,4.56,4.49,4.78,3.99,14.35,14.28,14.81,15.68,0.28,-0.64,-1.71,-3.56,-1.07,-4.77,-5.84,-2.56,11.47,6.98
2021-10-21,300847,14.08,13.77,14.08,13.75,18692,25883442.0,2.35,-1.92,-0.27,1.24,2.55,4.22,5.45,4.15,4.36,6.62,6.55,6.84,6.04,3.85,14.2,14.25,14.69,15.55,1.31,0.22,-1.67,0.87,-2.9,-3.99,-0.65,13.65,9.08,7.12
2021-10-22,300847,13.77,13.8,13.95,13.77,12799,17705612.0,1.31,0.22,0.03,0.85,4.07,5.3,3.99,4.21,6.46,6.39,6.68,5.88,3.7,2.25,14.07,14.21,14.59,15.41,0.0,-1.88,0.65,-3.12,-4.2,-0.87,13.41,8.84,6.88,9.71
2021-10-25,300847,13.8,13.41,13.8,13.38,23795,32121906.0,3.04,-2.83,-0.39,1.58,8.37,7.03,7.25,9.57,9.49,9.79,8.97,6.73,5.23,4.26,13.85,14.11,14.46,15.25,0.97,3.58,-0.3,-1.42,2.01,16.7,12.01,9.99,12.9,9.69
2021-10-26,300847,13.42,13.47,13.54,13.28,18631,25012181.0,1.94,0.45,0.06,1.23,7.83,8.06,10.39,10.32,10.62,9.79,7.53,6.02,5.05,3.92,13.7,14.05,14.35,15.14,3.12,-0.74,-1.86,1.56,16.18,11.51,9.5,12.4,9.21,10.76
2021-10-27,300847,13.51,13.54,13.89,13.51,24069,32910111.0,2.82,0.52,0.07,1.59,6.22,8.51,8.44,8.73,7.92,5.7,4.22,3.26,2.15,0.22,13.6,13.97,14.24,15.01,-1.26,-2.36,1.03,15.58,10.93,8.94,11.82,8.64,10.19,11.23
2021-10-28,300847,13.3,12.89,13.37,12.85,26492,34516286.0,3.84,-4.8,-0.65,1.75,14.09,14.01,14.32,13.46,11.13,9.57,8.56,7.39,5.37,8.09,13.42,13.81,14.08,14.86,2.56,6.13,21.41,16.52,14.43,17.46,14.12,15.75,16.83,16.91
2021-10-29,300847,12.89,13.16,13.22,12.83,18342,24018165.0,3.03,2.09,0.27,1.21,14.19,14.5,13.64,11.3,9.74,8.73,7.56,5.53,8.26,4.21,13.29,13.68,13.97,14.74,3.95,18.92,14.13,12.08,15.05,11.78,13.37,14.44,14.51,16.26
2021-11-01,300847,13.13,13.49,13.68,13.12,22263,29897150.0,4.26,2.51,0.33,1.47,11.97,11.13,8.84,7.32,6.33,5.18,3.2,5.87,1.91,0.76,13.31,13.58,13.92,14.6,16.01,11.34,9.34,12.23,9.04,10.6,11.64,11.71,13.42,15.27
2021-11-02,300847,13.56,15.25,15.65,13.5,154136,229274540.0,15.94,13.05,1.76,10.21,8.0,5.78,4.3,3.33,2.22,0.3,2.89,-0.96,-2.07,1.33,13.67,13.68,13.96,14.53,-1.51,-3.28,-0.72,-3.54,-2.16,-1.25,-1.18,0.33,1.97,0.07
2021-11-03,300847,14.74,14.58,15.02,14.32,92356,134770246.0,4.59,-4.39,-0.67,6.12,-0.28,-1.68,-2.58,-3.63,-5.45,-3.0,-6.63,-7.68,-4.47,9.29,13.87,13.74,14.01,14.45,1.17,3.84,0.89,2.33,3.29,3.36,4.94,6.65,4.66,3.29
2021-11-04,300847,14.39,14.59,14.75,14.35,62759,91137577.0,2.74,0.07,0.01,4.16,-1.88,-2.79,-3.83,-5.64,-3.21,-6.83,-7.87,-4.67,9.06,4.67,14.21,13.82,14.04,14.4,3.77,0.82,2.26,3.22,3.29,4.87,6.58,4.59,3.22,6.79
2021-11-05,300847,14.38,14.69,15.14,14.34,81186,120164313.0,5.48,0.69,0.1,5.38,-2.72,-3.77,-5.58,-3.14,-6.76,-7.81,-4.6,9.14,4.74,2.86,14.52,13.91,14.06,14.36,0.14,1.57,2.52,2.59,4.15,5.85,3.88,2.52,6.06,4.02
2021-11-08,300847,14.59,14.55,14.71,14.3,32900,47598544.0,2.79,-0.95,-0.14,2.18,-3.5,-5.31,-2.87,-6.5,-7.55,-4.34,9.44,5.03,3.15,5.87,14.73,14.02,14.07,14.31,2.54,3.51,3.57,5.15,6.87,4.88,3.51,7.08,5.02,3.99
2021-11-09,300847,14.45,14.75,14.92,14.45,37572,55248618.0,3.23,1.37,0.2,2.49,-6.3,-3.88,-7.47,-8.51,-5.33,8.3,3.94,2.08,4.78,1.8,14.63,14.15,14.1,14.28,2.1,2.17,3.73,5.42,3.46,2.1,5.63,3.59,2.58,7.46
2021-11-10,300847,14.65,14.93,15.06,14.54,40783,60429594.0,3.53,1.22,0.18,2.7,-4.47,-8.05,-9.08,-5.91,7.63,3.3,1.44,4.13,1.17,2.61,14.7,14.29,14.13,14.26,0.94,2.48,4.15,2.21,0.87,4.35,2.34,1.34,6.16,4.42
2021-11-11,300847,14.86,14.92,15.07,14.77,31821,47483141.0,2.01,-0.07,-0.01,2.11,-9.48,-10.49,-7.38,5.96,1.69,-0.14,2.51,-0.41,1.02,1.96,14.77,14.49,14.15,14.21,2.55,4.22,2.28,0.94,4.42,2.41,1.41,6.23,4.49,3.82
2021-11-12,300847,15.01,15.22,15.3,14.83,48129,72881510.0,3.15,2.01,0.3,3.19,-10.86,-7.75,5.53,1.28,-0.54,2.09,-0.81,0.61,1.55,1.62,14.87,14.7,14.19,14.21,2.17,0.26,-1.05,2.37,0.39,-0.59,4.14,2.43,1.77,1.84
2021-11-15,300847,15.02,15.29,15.55,15.02,46544,71213177.0,3.48,0.46,0.07,3.08,-8.92,4.19,0.0,-1.8,0.8,-2.06,-0.67,0.27,0.33,1.86,15.02,14.88,14.23,14.24,-0.2,-1.5,1.9,-0.07,-1.05,3.66,1.96,1.31,1.37,0.59
2021-11-16,300847,15.22,14.74,15.26,14.7,43179,64484728.0,3.66,-3.6,-0.55,2.86,6.46,2.18,0.34,2.99,0.07,1.5,2.45,2.52,4.08,5.78,15.02,14.83,14.25,14.25,2.17,5.7,3.66,2.65,7.53,5.77,5.09,5.16,4.34,7.06
2021-11-17,300847,14.75,14.96,15.06,14.75,23016,34381455.0,2.1,1.49,0.22,1.52,1.83,0.0,2.64,-0.27,1.15,2.1,2.17,3.73,5.42,3.46,15.03,14.86,14.3,14.29,4.14,2.14,1.14,5.95,4.21,3.54,3.61,2.81,5.48,12.83
2021-11-18,300847,14.93,15.31,15.58,14.81,74654,113852109.0,5.15,2.34,0.35,4.94,-0.41,2.23,-0.68,0.74,1.69,1.76,3.31,5.0,3.04,1.69,15.1,14.94,14.38,14.34,-0.2,-1.18,3.53,1.83,1.18,1.24,0.46,3.07,10.25,9.86
2021-11-19,300847,15.23,15.08,15.28,14.86,41494,62324237.0,2.74,-1.5,-0.23,2.75,1.88,-1.01,0.4,1.35,1.41,2.96,4.64,2.69,1.35,4.85,15.08,14.98,14.44,14.36,0.33,5.11,3.38,2.72,2.79,1.99,4.64,11.94,11.54,10.94
2021-11-22,300847,15.12,14.89,15.13,14.83,33313,49783452.0,1.99,-1.26,-0.19,2.21,-0.81,0.61,1.55,1.62,3.17,4.86,2.9,1.55,5.06,3.03,15.0,15.01,14.51,14.38,6.45,4.7,4.03,4.1,3.29,5.98,13.36,12.96,12.36,9.07
2021-11-23,300847,14.91,15.56,15.85,14.82,83144,127934163.0,6.92,4.5,0.67,5.51,0.67,1.62,1.69,3.24,4.93,2.97,1.62,5.13,3.1,2.09,15.16,15.09,14.62,14.43,0.19,-0.45,-0.39,-1.16,1.41,8.48,8.1,7.52,4.37,2.06
2021-11-24,300847,15.56,15.25,15.59,15.13,44373,67998032.0,2.96,-1.99,-0.31,2.94,-0.46,-0.4,1.12,2.78,0.86,-0.46,2.97,0.99,0.0,4.76,15.22,15.12,14.7,14.46,1.57,1.64,0.85,3.48,10.69,10.3,9.7,6.49,4.13,21.18
2021-11-25,300847,15.45,15.25,15.49,15.13,31619,48341861.0,2.36,0.0,0.0,2.09,-0.4,1.12,2.78,0.86,-0.46,2.97,0.99,0.0,4.76,3.04,15.21,15.16,14.82,14.49,1.64,0.85,3.48,10.69,10.3,9.7,6.49,4.13,21.18,13.44
2021-11-26,300847,15.24,15.27,15.5,15.17,31428,48160402.0,2.16,0.13,0.02,2.08,0.86,2.5,0.59,-0.73,2.7,0.73,-0.26,4.48,2.77,2.11,15.24,15.16,14.93,14.51,0.72,3.34,10.54,10.15,9.56,6.35,3.99,21.02,13.29,9.5
2021-11-29,300847,15.1,15.14,15.38,14.82,28038,42478554.0,3.67,-0.85,-0.13,1.86,4.93,2.97,1.62,5.13,3.1,2.09,6.95,5.2,4.52,4.59,15.29,15.15,15.01,14.53,4.23,11.49,11.1,10.5,7.27,4.89,22.06,14.27,10.44,8.98
2021-11-30,300847,15.15,15.48,15.78,15.15,69557,108410600.0,4.16,2.25,0.34,4.61,0.73,-0.59,2.84,0.86,-0.13,4.62,2.9,2.24,2.31,1.52,15.28,15.22,15.02,14.58,9.04,8.66,8.07,4.91,2.58,19.38,11.76,8.01,6.59,5.88
2021-12-01,300847,15.83,16.14,16.88,15.63,134694,217622862.0,8.07,4.26,0.66,8.92,-3.65,-0.32,-2.24,-3.2,1.41,-0.26,-0.9,-0.83,-1.6,0.96,15.46,15.34,15.1,14.65,4.21,3.66,0.62,-1.61,14.5,7.19,3.59,2.23,1.55,1.61
2021-12-02,300847,16.0,16.28,16.82,15.86,103135,169317399.0,5.95,0.87,0.14,6.83,-1.77,-3.66,-4.6,-0.06,-1.7,-2.33,-2.27,-3.03,-0.5,6.43,15.66,15.43,15.18,14.73,2.76,-0.25,-2.46,13.51,6.27,2.7,1.35,0.68,0.74,0.12
2021-12-03,300847,16.25,16.23,16.73,15.95,79459,129590821.0,4.79,-0.31,-0.05,5.26,-4.2,-5.14,-0.63,-2.26,-2.88,-2.82,-3.57,-1.07,5.83,5.45,15.85,15.55,15.26,14.81,0.06,-2.16,13.86,6.59,3.02,1.66,0.99,1.05,0.43,3.82
2021-12-06,300847,16.09,15.73,16.24,15.7,58333,92808173.0,3.33,-3.08,-0.5,3.86,-3.63,0.96,-0.7,-1.34,-1.27,-2.04,0.51,7.52,7.13,6.56,15.97,15.63,15.32,14.89,0.95,17.48,9.98,6.29,4.9,4.2,4.26,3.62,7.12,3.31
2021-12-07,300847,15.73,15.4,15.88,15.17,42294,65210132.0,4.51,-2.1,-0.33,2.8,4.48,2.77,2.11,2.18,1.38,4.02,11.27,10.88,10.28,7.05,15.96,15.62,15.35,14.95,20.0,12.34,8.57,7.14,6.43,6.49,5.84,9.42,5.52,3.31
2021-12-08,300847,15.31,17.0,18.48,15.31,180308,307136848.0,20.58,10.39,1.6,11.94,1.83,1.18,1.24,0.46,3.07,10.25,9.86,9.27,6.07,3.72,16.13,15.79,15.46,15.07,1.76,-1.65,-2.94,-3.59,-3.53,-4.12,-0.88,-4.41,-6.41,-5.24
2021-12-09,300847,17.01,16.75,17.3,16.43,117720,197430026.0,5.12,-1.47,-0.25,7.79,-5.72,-5.66,-6.39,-3.96,2.74,2.37,1.83,-1.16,-3.35,12.48,16.22,15.94,15.55,15.2,-0.18,-1.49,-2.15,-2.09,-2.69,0.6,-2.99,-5.01,-3.82,-3.34
2021-12-10,300847,16.53,16.33,16.72,16.33,62391,102597546.0,2.33,-2.51,-0.42,4.13,-5.08,-5.82,-3.37,3.37,3.0,2.45,-0.55,-2.76,13.17,5.94,16.24,16.05,15.6,15.3,1.04,0.37,0.43,-0.18,3.18,-0.49,-2.57,-1.35,-0.86,-1.41
2021-12-13,300847,16.25,16.45,16.5,16.1,53626,87440821.0,2.45,0.73,0.12,3.55,-4.47,-1.99,4.84,4.47,3.91,0.87,-1.37,14.78,7.45,3.85,16.39,16.18,15.66,15.4,-0.36,-0.3,-0.91,2.43,-1.22,-3.28,-2.07,-1.58,-2.13,-2.55
2021-12-14,300847,16.35,16.19,16.39,16.1,44358,71948811.0,1.76,-1.58,-0.26,2.94,-1.99,4.84,4.47,3.91,0.87,-1.37,14.78,7.45,3.85,2.48,16.54,16.25,15.73,15.43,1.3,0.68,4.08,0.37,-1.73,-0.49,0.0,-0.56,-0.99,1.91
2021-12-15,300847,16.25,16.07,16.4,16.02,36282,58764836.0,2.35,-0.74,-0.12,2.4,5.37,4.99,4.43,1.37,-0.87,15.36,7.99,4.37,3.0,2.31,16.36,16.24,15.79,15.48,1.43,4.85,1.12,-1.0,0.25,0.75,0.19,-0.25,2.68,21.97
2021-12-16,300847,16.15,16.29,16.3,16.02,29751,48146498.0,1.74,1.37,0.22,1.97,4.99,4.43,1.37,-0.87,15.36,7.99,4.37,3.0,2.31,2.37,16.27,16.24,15.84,15.54,3.44,-0.25,-2.33,-1.1,-0.61,-1.17,-1.6,1.29,20.32,11.48
2021-12-17,300847,16.28,16.05,16.85,16.05,42005,68532032.0,4.91,-1.47,-0.24,2.78,4.24,1.18,-1.06,15.14,7.79,4.17,2.8,2.12,2.18,1.56,16.21,16.23,15.89,15.58,1.25,-0.87,0.37,0.87,0.31,-0.12,2.8,22.12,13.15,9.22
2021-12-20,300847,15.95,15.59,16.25,15.53,30975,49338528.0,4.49,-2.87,-0.46,2.05,4.57,2.25,19.0,11.4,7.66,6.25,5.54,5.6,4.96,8.5,16.04,16.21,15.92,15.62,2.05,3.34,3.85,3.27,2.82,5.84,25.72,16.48,12.44,14.24
2021-12-21,300847,15.58,15.81,15.91,15.55,24936,39214671.0,2.31,1.41,0.22,1.65,2.12,18.84,11.25,7.52,6.11,5.4,5.47,4.82,8.36,4.5,15.96,16.25,15.93,15.65,1.9,2.4,1.83,1.39,4.36,23.97,14.86,10.88,12.65,10.25
2021-12-22,300847,15.97,15.73,16.11,15.72,20854,33067059.0,2.47,-0.51,-0.08,1.38,17.56,10.05,6.36,4.96,4.26,4.33,3.69,7.19,3.37,1.21,15.89,16.13,15.96,15.68,2.92,2.35,1.91,4.9,24.6,15.45,11.44,13.22,10.81,10.93
2021-12-23,300847,15.7,16.0,16.19,15.37,37694,59754712.0,5.21,1.72,0.27,2.5,12.56,8.78,7.35,6.64,6.7,6.05,9.63,5.73,3.51,4.81,15.84,16.05,16.0,15.72,0.63,0.19,3.12,22.5,13.5,9.56,11.31,8.94,9.06,14.13
2021-12-24,300847,16.1,15.86,16.1,15.6,29383,46387607.0,3.13,-0.88,-0.14,1.95,7.18,5.77,5.06,5.13,4.49,8.01,4.17,1.99,3.27,3.78,15.8,16.0,16.03,15.74,1.07,4.04,23.58,14.5,10.53,12.3,9.9,10.03,15.13,14.69
2021-12-27,300847,15.85,15.94,16.03,15.63,17012,26920460.0,2.52,0.5,0.08,1.13,5.57,4.86,4.93,4.29,7.81,3.97,1.79,3.07,3.58,3.01,15.87,15.95,16.07,15.76,3.51,22.96,13.93,9.97,11.73,9.35,9.47,14.55,14.12,20.89
2021-12-28,300847,15.94,16.33,16.5,15.82,39665,64445055.0,4.27,2.45,0.39,2.63,3.6,3.67,3.03,6.51,2.72,0.57,1.83,2.34,1.77,1.33,15.97,15.97,16.11,15.81,20.02,11.21,7.35,9.06,6.74,6.86,11.82,11.39,18.0,14.21
2021-12-29,300847,17.5,18.29,19.6,17.5,302808,574048288.0,12.86,12.0,1.96,20.05,-6.29,-6.86,-3.71,-7.14,-9.09,-7.94,-7.49,-8.0,-8.4,-5.71,16.48,16.19,16.22,15.92,-0.71,-4.16,-2.62,-4.7,-4.59,-0.16,-0.55,5.36,1.97,3.66
2021-12-30,300847,17.35,17.65,18.16,16.78,241979,420715200.0,7.55,-3.5,-0.64,16.02,-2.86,0.42,-3.16,-5.18,-3.99,-3.52,-4.05,-4.47,-1.67,16.81,16.81,16.32,16.28,16.0,-0.68,0.91,-1.25,-1.13,3.46,3.06,9.18,5.67,7.42,-0.28
2021-12-31,300847,17.46,17.22,17.53,17.0,137815,237472544.0,3.0,-2.44,-0.43,9.13,-0.88,-4.41,-6.41,-5.24,-4.76,-5.29,-5.71,-2.94,15.29,6.82,17.09,16.44,16.33,16.07,3.43,1.22,1.34,6.04,5.63,11.9,8.3,10.1,2.21,0.7
2022-01-04,300847,17.39,17.49,17.81,17.19,121974,212498119.0,3.6,1.57,0.27,8.08,-5.47,-7.45,-6.28,-5.82,-6.34,-6.75,-4.01,14.02,5.64,1.98,17.4,16.63,16.42,16.16,-0.34,-0.23,4.4,4.0,10.18,6.63,8.4,0.63,-0.86,-1.66
2022-01-05,300847,17.2,17.09,17.43,16.8,85361,145819534.0,3.6,-2.29,-0.4,5.65,-5.3,-4.11,-3.63,-4.17,-4.58,-1.79,16.67,8.1,4.35,6.01,17.55,16.76,16.51,16.21,2.11,6.85,6.44,12.76,9.13,10.94,2.98,1.46,0.64,-2.52
2022-01-06,300847,16.88,17.2,17.45,16.77,72942,125182633.0,3.98,0.64,0.11,4.83,-3.94,-3.46,-4.0,-4.41,-1.61,16.88,8.29,4.53,6.2,3.94,17.33,16.91,16.52,16.27,6.16,5.76,12.03,8.43,10.23,2.33,0.81,0.0,-3.14,-3.78
2022-01-07,300847,17.11,17.84,18.26,17.02,136060,240621101.0,7.21,3.72,0.64,9.01,-4.88,-5.41,-5.82,-3.06,15.16,6.7,3.0,4.64,2.41,2.53,17.37,17.09,16.57,16.36,1.96,8.02,4.54,6.28,-1.35,-2.8,-3.59,-6.61,-7.23,-11.49
2022-01-10,300847,17.5,18.0,18.19,17.44,99853,178064034.0,4.2,0.9,0.16,6.61,-7.68,-8.08,-5.39,12.39,4.13,0.52,2.12,-0.06,0.06,4.7,17.52,17.3,16.65,16.45,7.06,3.61,5.33,-2.22,-3.67,-4.44,-7.44,-8.06,-12.28,-13.33
2022-01-11,300847,17.66,18.46,19.27,17.64,148155,271378160.0,9.06,2.56,0.46,9.81,-9.13,-6.46,11.11,2.95,-0.62,0.96,-1.19,-1.08,3.51,3.12,17.72,17.56,16.75,16.56,1.03,2.71,-4.66,-6.07,-6.83,-9.75,-10.35,-14.46,-15.49,-15.22
2022-01-12,300847,18.13,18.46,18.65,17.91,93033,170227845.0,4.01,0.0,0.0,6.16,-7.87,9.44,1.4,-2.12,-0.56,-2.68,-2.57,1.95,1.56,7.59,17.99,17.77,16.87,16.66,2.71,-4.66,-6.07,-6.83,-9.75,-10.35,-14.46,-15.49,-15.22,-19.34
2022-01-13,300847,18.6,17.19,18.96,16.9,131975,231085063.0,11.16,-6.88,-1.27,8.74,15.98,7.46,3.73,5.38,3.14,3.25,8.05,7.63,14.02,10.36,17.99,17.66,16.92,16.7,2.39,0.87,0.06,-3.08,-3.72,-8.14,-9.25,-8.96,-13.38,-14.37
2022-01-14,300847,17.0,16.8,17.6,16.59,90782,155765308.0,5.88,-2.27,-0.39,6.01,9.46,5.67,7.35,5.06,5.18,10.07,9.64,16.15,12.42,14.29,17.78,17.58,16.95,16.71,3.21,2.38,-0.83,-1.49,-6.01,-7.14,-6.85,-11.37,-12.38,-14.05
2022-01-17,300847,16.8,17.27,17.34,16.38,95316,160423762.0,5.71,2.8,0.47,6.31,7.02,8.73,6.41,6.53,11.48,11.05,17.64,13.86,15.75,7.45,17.64,17.58,17.01,16.75,-0.41,-3.53,-4.17,-8.57,-9.67,-9.38,-13.78,-14.77,-16.39,-14.19
2022-01-18,300847,17.11,16.46,17.2,16.2,88376,146775264.0,5.79,-4.69,-0.81,5.85,9.94,7.59,7.72,12.72,12.28,18.95,15.12,17.04,8.64,7.04,17.24,17.48,17.05,16.77,1.22,0.55,-4.07,-5.22,-4.92,-9.54,-10.57,-12.27,-9.96,-9.9
2022-01-19,300847,16.35,16.58,16.66,16.25,42395,69699227.0,2.49,0.73,0.12,2.81,7.26,7.38,12.37,11.94,18.58,14.77,16.68,8.31,6.71,5.85,16.86,17.43,17.09,16.81,-0.18,-4.76,-5.91,-5.61,-10.19,-11.22,-12.91,-10.62,-10.55,-9.71
2022-01-20,300847,16.48,15.63,16.55,15.57,57739,92160141.0,5.91,-5.73,-0.95,3.82,12.07,17.28,16.83,23.76,19.78,21.77,13.04,11.37,10.47,7.0,16.55,17.27,17.09,16.77,1.02,-0.19,0.13,-4.73,-5.82,-7.61,-5.18,-5.12,-4.22,-4.35
2022-01-21,300847,15.59,15.48,15.79,15.38,29416,45791308.0,2.62,-0.96,-0.15,1.95,18.73,18.27,25.29,21.26,23.28,14.43,12.74,11.83,8.32,7.61,16.28,17.03,17.06,16.73,0.78,1.1,-3.81,-4.91,-6.72,-4.26,-4.2,-3.29,-3.42,-4.84
2022-01-24,300847,15.6,15.2,15.6,15.0,33009,50383634.0,3.88,-1.81,-0.28,2.19,21.27,28.47,24.33,26.4,17.33,15.6,14.67,11.07,10.33,5.27,15.87,16.75,17.03,16.69,2.96,-2.04,-3.16,-5.0,-2.5,-2.43,-1.51,-1.64,-3.09,-1.64
2022-01-25,300847,15.26,14.7,15.65,14.61,47997,72794630.0,6.84,-3.29,-0.5,3.18,31.9,27.65,29.77,20.47,18.69,17.73,14.03,13.28,8.08,6.78,15.52,16.38,16.97,16.63,1.29,0.14,-1.77,0.82,0.88,1.84,1.7,0.2,1.7,-0.54
2022-01-26,300847,14.57,14.59,14.89,14.4,35177,51513878.0,3.33,-0.75,-0.11,2.33,29.51,31.67,22.22,20.42,19.44,15.69,14.93,9.65,8.33,8.68,15.12,15.99,16.88,16.58,0.89,-1.03,1.58,1.64,2.6,2.47,0.96,2.47,0.21,1.17
2022-01-27,300847,14.59,14.0,14.72,14.0,28201,40326571.0,4.93,-4.04,-0.59,1.87,35.43,25.71,23.86,22.86,19.0,18.21,12.79,11.43,11.79,6.36,14.79,15.67,16.67,16.51,3.14,5.86,5.93,6.93,6.79,5.21,6.79,4.43,5.43,6.21
2022-01-28,300847,14.22,14.22,14.44,13.99,30368,43235074.0,3.21,1.57,0.22,2.01,25.8,23.95,22.94,19.09,18.3,12.87,11.51,11.87,6.43,5.22,14.54,15.41,16.49,16.44,4.22,4.29,5.27,5.13,3.59,5.13,2.81,3.8,4.57,3.38
2022-02-07,300847,14.3,14.51,14.82,14.3,30978,45079610.0,3.66,2.04,0.29,2.05,21.26,20.28,16.5,15.73,10.42,9.09,9.44,4.13,2.94,0.98,14.4,15.14,16.36,16.39,2.21,3.17,3.03,1.52,3.03,0.76,1.72,2.48,1.31,2.89
2022-02-08,300847,14.51,14.77,14.83,14.51,27527,40432438.0,2.21,1.79,0.26,1.82,18.54,14.82,14.06,8.82,7.51,7.86,2.62,1.45,-0.48,2.14,14.42,14.97,16.22,16.36,1.35,1.22,-0.27,1.22,-1.02,-0.07,0.68,-0.47,1.08,3.32
2022-02-09,300847,14.75,14.9,14.97,14.65,34346,50964601.0,2.17,0.88,0.13,2.27,13.72,12.97,7.78,6.48,6.83,1.64,0.48,-1.43,1.16,1.23,14.48,14.8,16.11,16.33,0.34,-1.14,0.34,-1.88,-0.94,-0.2,-1.34,0.2,2.42,1.48
2022-02-10,300847,14.81,14.77,14.95,14.61,27586,40659765.0,2.28,-0.87,-0.13,1.83,13.28,8.08,6.78,7.12,1.92,0.75,-1.16,1.44,1.51,2.46,14.63,14.71,15.99,16.3,-0.27,1.22,-1.02,-0.07,0.68,-0.47,1.08,3.32,2.37,6.7
2022-02-11,300847,14.73,14.24,14.73,14.2,28019,40311533.0,3.59,-3.59,-0.53,1.86,11.2,9.86,10.21,4.86,3.66,1.69,4.37,4.44,5.42,5.28,14.64,14.59,15.81,16.24,4.99,2.67,3.65,4.42,3.23,4.85,7.16,6.18,10.67,7.02
2022-02-14,300847,14.33,14.6,14.95,14.15,45665,66795633.0,5.62,2.53,0.36,3.02,10.25,10.6,5.23,4.03,2.05,4.73,4.81,5.8,5.65,4.1,14.66,14.53,15.64,16.2,0.14,1.1,1.85,0.68,2.26,4.52,3.56,7.95,4.38,5.48
2022-02-15,300847,14.5,14.45,14.62,14.25,25298,36479835.0,2.53,-1.03,-0.15,1.68,9.82,4.49,3.3,1.33,4.0,4.07,5.05,4.91,3.37,4.91,14.59,14.5,15.44,16.15,2.15,2.91,1.73,3.32,5.61,4.64,9.07,5.47,6.57,7.27
2022-02-16,300847,14.46,14.65,14.76,14.4,23077,33653262.0,2.49,1.38,0.2,1.53,3.4,2.22,0.28,2.92,2.99,3.96,3.82,2.29,3.82,1.53,14.54,14.51,15.25,16.09,1.5,0.34,1.91,4.16,3.21,7.58,4.03,5.12,5.8,4.37
2022-02-17,300847,14.58,14.75,14.87,14.52,30040,44158606.0,2.39,0.68,0.1,1.99,1.38,-0.55,2.07,2.13,3.1,2.96,1.45,2.96,0.69,1.65,14.54,14.59,15.13,15.97,-0.34,1.22,3.46,2.51,6.85,3.32,4.41,5.08,3.66,3.05
2022-02-18,300847,14.7,14.66,14.7,14.36,21348,31022138.0,2.31,-0.61,-0.09,1.41,0.56,3.2,3.27,4.25,4.11,2.58,4.11,1.81,2.79,3.55,14.62,14.63,15.02,15.87,1.84,4.09,3.14,7.5,3.96,5.05,5.73,4.3,3.68,2.59
2022-02-21,300847,14.66,14.9,14.93,14.53,30437,45155047.0,2.73,1.64,0.24,2.02,2.0,2.06,3.03,2.89,1.38,2.89,0.62,1.58,2.34,1.17,14.68,14.67,14.9,15.8,2.42,1.48,5.77,2.28,3.36,4.03,2.62,2.01,0.94,0.2
2022-02-22,300847,14.98,14.9,15.26,14.72,39499,59112296.0,3.62,0.0,0.0,2.62,0.75,1.7,1.56,0.07,1.56,-0.68,0.27,1.02,-0.14,1.43,14.77,14.68,14.82,15.71,1.48,5.77,2.28,3.36,4.03,2.62,2.01,0.94,0.2,-1.88
2022-02-23,300847,14.8,15.09,15.12,14.74,37337,55998412.0,2.55,1.28,0.19,2.47,1.56,1.42,-0.07,1.42,-0.81,0.14,0.88,-0.27,1.29,3.53,14.86,14.7,14.75,15.64,4.44,0.99,2.05,2.72,1.33,0.73,-0.33,-1.06,-3.11,-6.03
2022-02-24,300847,15.08,15.39,15.76,14.94,94365,144659761.0,5.43,1.99,0.3,6.25,0.07,-1.41,0.07,-2.14,-1.2,-0.47,-1.61,-0.07,2.14,1.2,14.99,14.76,14.74,15.58,-0.97,0.06,0.71,-0.65,-1.23,-2.27,-2.99,-5.0,-7.86,-8.51
2022-02-25,300847,15.19,15.07,15.24,14.9,52055,78447522.0,2.21,-2.08,-0.32,3.45,-1.14,0.34,-1.88,-0.94,-0.2,-1.34,0.2,2.42,1.48,5.77,15.07,14.85,14.72,15.49,2.19,2.85,1.46,0.86,-0.2,-0.93,-2.99,-5.91,-6.57,-7.17
2022-02-28,300847,15.22,15.09,15.4,14.91,32292,48933542.0,3.25,0.13,0.02,2.14,0.27,-1.95,-1.01,-0.27,-1.41,0.13,2.35,1.41,5.7,2.21,15.11,14.89,14.71,15.39,2.72,1.33,0.73,-0.33,-1.06,-3.11,-6.03,-6.69,-7.29,-6.16
2022-03-01,300847,15.07,15.27,15.5,14.98,37564,57166697.0,3.45,1.19,0.18,2.49,-2.4,-1.47,-0.73,-1.87,-0.33,1.87,0.93,5.21,1.74,2.8,15.18,14.98,14.74,15.29,0.13,-0.46,-1.51,-2.23,-4.26,-7.14,-7.79,-8.38,-7.27,-11.2
2022-03-02,300847,15.2,15.14,15.29,15.08,28050,42512536.0,1.38,-0.85,-0.13,1.86,-2.12,-1.39,-2.52,-0.99,1.19,0.27,4.51,1.06,2.12,2.79,15.19,15.03,14.77,15.18,0.4,-0.66,-1.39,-3.43,-6.34,-7.0,-7.6,-6.47,-10.44,-12.95
2022-03-03,300847,15.2,14.92,15.2,14.9,30379,45583107.0,1.98,-1.45,-0.22,2.01,-0.2,-1.34,0.2,2.42,1.48,5.77,2.28,3.36,4.03,2.62,15.1,15.04,14.81,15.1,0.8,0.07,-2.01,-4.96,-5.63,-6.23,-5.09,-9.12,-11.66,-9.38
2022-03-04,300847,14.85,14.73,15.04,14.63,25756,38208040.0,2.75,-1.27,-0.19,1.71,0.48,2.05,4.31,3.35,7.72,4.17,5.26,5.95,4.51,3.9,15.03,15.05,14.84,15.03,1.36,-0.75,-3.73,-4.41,-5.02,-3.87,-7.94,-10.52,-8.21,-8.15
2022-03-07,300847,14.78,14.48,14.93,14.4,23776,34839878.0,3.6,-1.7,-0.25,1.57,3.68,5.97,5.0,9.44,5.83,6.94,7.64,6.18,5.56,4.44,14.91,15.01,14.84,14.94,0.97,-2.07,-2.76,-3.38,-2.21,-6.35,-8.98,-6.63,-6.56,-5.39
2022-03-08,300847,14.54,14.05,14.62,13.98,27477,39082562.0,4.42,-2.97,-0.43,1.82,9.16,8.15,12.73,9.01,10.16,10.87,9.37,8.73,7.58,6.8,14.66,14.92,14.8,14.86,0.93,0.21,-0.43,0.78,-3.49,-6.19,-3.77,-3.7,-2.49,-1.42
2022-03-09,300847,14.05,13.53,14.18,13.03,32096,43698486.0,8.19,-3.7,-0.52,2.13,16.04,20.95,16.96,18.19,18.96,17.34,16.65,15.43,14.58,12.2,14.34,14.77,14.73,14.76,4.07,3.4,4.66,0.22,-2.59,-0.07,0.0,1.26,2.37,2.44
2022-03-10,300847,13.75,13.81,14.08,13.71,23709,32917571.0,2.73,2.07,0.28,1.57,14.95,11.16,12.33,13.06,11.52,10.87,9.7,8.9,6.64,3.43,14.12,14.61,14.69,14.7,1.3,2.53,-1.81,-4.56,-2.1,-2.03,-0.8,0.29,0.36,-0.22
2022-03-11,300847,13.7,13.95,13.99,13.39,17068,23509786.0,4.34,1.01,0.14,1.13,13.82,15.01,15.76,14.19,13.52,12.32,11.5,9.19,5.9,5.15,13.96,14.5,14.67,14.64,1.51,-2.8,-5.52,-3.08,-3.01,-1.79,-0.72,-0.65,-1.22,-0.72
2022-03-14,300847,13.87,13.58,14.16,13.57,27369,37846955.0,4.23,-2.65,-0.37,1.81,13.49,14.22,12.68,12.01,10.83,10.02,7.74,4.5,3.76,3.1,13.78,14.35,14.62,14.59,-0.15,-2.95,-0.44,-0.37,0.88,1.99,2.06,1.47,1.99,0.59
2022-03-15,300847,13.55,12.79,13.56,12.78,27204,35838827.0,5.74,-5.82,-0.79,1.8,21.28,19.64,18.94,17.68,16.82,14.4,10.95,10.17,9.47,10.8,13.53,14.1,14.54,14.53,3.05,5.71,5.79,7.11,8.29,8.37,7.74,8.29,6.8,6.65
2022-03-16,300847,12.93,13.11,13.18,12.41,25725,33059540.0,6.02,2.5,0.32,1.7,23.21,22.48,21.19,20.31,17.81,14.26,13.46,12.73,14.1,9.27,13.45,13.89,14.46,14.48,3.13,3.2,4.5,5.64,5.72,5.11,5.64,4.2,4.04,3.97
2022-03-17,300847,13.15,13.33,13.52,13.11,22621,30251861.0,3.13,1.68,0.22,1.5,15.94,14.72,13.88,11.52,8.16,7.4,6.71,8.01,3.43,0.53,13.35,13.74,14.39,14.46,1.5,2.78,3.9,3.98,3.38,3.9,2.48,2.33,2.25,2.03
2022-03-18,300847,13.33,13.45,13.53,13.14,17458,23446905.0,2.93,0.9,0.12,1.16,14.46,13.62,11.26,7.91,7.15,6.47,7.76,3.2,0.3,2.89,13.25,13.61,14.33,14.43,1.86,2.97,3.05,2.45,2.97,1.56,1.41,1.34,1.12,-0.22
2022-03-21,300847,13.46,13.67,13.7,13.4,16162,21943572.0,2.23,1.64,0.22,1.07,11.42,9.1,5.82,5.07,4.4,5.67,1.19,-1.64,0.9,0.97,13.27,13.53,14.27,14.4,1.32,1.39,0.8,1.32,-0.07,-0.22,-0.29,-0.51,-1.83,-1.61
2022-03-22,300847,13.6,13.66,13.85,13.52,18023,24656133.0,2.41,-0.07,-0.01,1.19,8.14,4.88,4.14,3.48,4.73,0.3,-2.51,0.0,0.07,1.33,13.44,13.49,14.21,14.36,1.46,0.88,1.39,0.0,-0.15,-0.22,-0.44,-1.76,-1.54,-1.54
2022-03-23,300847,13.7,13.82,13.86,13.65,18702,25766327.0,1.54,1.17,0.16,1.24,3.88,3.15,2.49,3.74,-0.66,-3.44,-0.95,-0.88,0.37,1.47,13.59,13.52,14.14,14.33,-0.29,0.22,-1.16,-1.3,-1.37,-1.59,-2.89,-2.68,-2.68,-4.92
2022-03-24,300847,13.78,13.62,13.78,13.49,14221,19359354.0,2.1,-1.45,-0.2,0.94,4.37,3.71,4.97,0.52,-2.3,0.22,0.3,1.56,2.67,2.74,13.64,13.5,14.05,14.29,1.69,0.29,0.15,0.07,-0.15,-1.47,-1.25,-1.25,-3.52,-5.29
2022-03-25,300847,13.65,13.55,13.85,13.45,14687,20053001.0,2.94,-0.51,-0.07,0.97,4.01,5.28,0.82,-2.01,0.52,0.59,1.86,2.97,3.05,2.45,13.66,13.46,13.98,14.27,0.81,0.66,0.59,0.37,-0.96,-0.74,-0.74,-3.03,-4.8,-3.54
2022-03-28,300847,13.5,13.51,13.66,13.2,12549,16869247.0,3.39,-0.3,-0.04,0.83,7.27,2.73,-0.15,2.42,2.5,3.79,4.92,5.0,4.39,4.92,13.63,13.45,13.9,14.23,0.96,0.89,0.67,-0.67,-0.44,-0.44,-2.74,-4.52,-3.26,-5.03
2022-03-29,300847,13.47,13.24,13.64,13.18,14335,19158683.0,3.4,-2.0,-0.27,0.95,2.88,0.0,2.58,2.66,3.95,5.08,5.16,4.55,5.08,3.64,13.55,13.5,13.8,14.19,2.95,2.72,1.36,1.59,1.59,-0.76,-2.57,-1.28,-3.1,-2.34
2022-03-30,300847,13.29,13.49,13.63,13.29,16317,22027209.0,2.57,1.89,0.25,1.08,-0.83,1.73,1.81,3.09,4.21,4.29,3.69,4.21,2.78,2.63,13.48,13.53,13.71,14.15,0.82,-0.52,-0.3,-0.3,-2.59,-4.37,-3.11,-4.89,-4.15,7.12
2022-03-31,300847,13.58,13.38,13.6,13.33,12499,16803001.0,2.0,-0.82,-0.11,0.83,1.43,1.5,2.78,3.9,3.98,3.38,3.9,2.48,2.33,2.25,13.43,13.54,13.64,14.11,0.3,0.52,0.52,-1.79,-3.59,-2.32,-4.11,-3.36,8.0,0.0
2022-04-01,300847,13.37,13.27,13.42,13.21,13224,17551989.0,1.57,-0.82,-0.11,0.88,2.42,3.71,4.84,4.92,4.31,4.84,3.41,3.26,3.18,2.95,13.38,13.52,13.56,14.06,1.36,1.36,-0.98,-2.79,-1.51,-3.32,-2.56,8.89,0.83,1.51
2022-04-06,300847,13.14,13.31,13.45,13.14,15805,21006616.0,2.34,0.3,0.04,1.05,4.26,5.4,5.48,4.87,5.4,3.96,3.81,3.73,3.5,2.13,13.34,13.48,13.51,14.01,1.05,-1.28,-3.08,-1.8,-3.61,-2.85,8.56,0.53,1.2,0.9
2022-04-07,300847,13.33,13.04,13.45,12.99,18035,23906639.0,3.46,-2.03,-0.27,1.19,6.62,6.7,6.08,6.62,5.16,5.0,4.93,4.7,3.31,3.54,13.3,13.42,13.46,13.94,0.77,-1.07,0.23,-1.61,-0.84,10.81,2.61,3.3,2.99,-0.15
2022-04-08,300847,13.12,12.88,13.14,12.73,13218,17022882.0,3.14,-1.23,-0.16,0.88,8.88,8.25,8.8,7.31,7.15,7.07,6.83,5.42,5.66,5.66,13.18,13.33,13.42,13.87,0.16,1.48,-0.39,0.39,12.19,3.88,4.58,4.27,1.09,-0.39
2022-04-11,300847,12.8,12.35,12.9,12.32,14074,17648329.0,4.5,-4.11,-0.53,0.93,11.85,12.42,10.88,10.71,10.63,10.39,8.93,9.17,9.17,6.66,12.97,13.2,13.35,13.77,5.83,3.89,4.7,17.0,8.34,9.07,8.74,5.43,3.89,-1.62
2022-04-12,300847,12.36,12.85,13.07,12.25,32853,41750993.0,6.64,4.05,0.5,2.18,13.06,11.51,11.35,11.27,11.02,9.55,9.8,9.8,7.27,5.31,12.89,13.13,13.29,13.7,-0.16,0.62,12.45,4.12,4.82,4.51,1.32,-0.16,-5.45,-10.66
2022-04-13,300847,12.83,12.52,12.83,12.41,21914,27439271.0,3.27,-2.57,-0.33,1.45,10.07,9.91,9.83,9.59,8.14,8.38,8.38,5.88,3.95,5.32,12.73,13.03,13.24,13.61,3.27,15.42,6.87,7.59,7.27,3.99,2.48,-2.96,-8.31,-10.54
2022-04-14,300847,12.52,12.71,12.93,12.43,19582,24898674.0,3.99,1.52,0.19,1.3,9.73,9.65,9.41,7.96,8.21,8.21,5.71,3.78,5.15,3.22,12.66,12.98,13.24,13.52,13.69,5.27,5.98,5.66,2.44,0.94,-4.41,-9.68,-11.88,-11.64
2022-04-15,300847,12.54,13.46,14.45,12.43,68263,91628846.0,15.89,5.9,0.75,4.52,9.65,9.41,7.96,8.21,8.21,5.71,3.78,5.15,3.22,4.02,12.78,12.98,13.26,13.47,-0.59,0.07,-0.22,-3.27,-4.68,-9.73,-14.71,-16.79,-16.57,-13.97
2022-04-18,300847,13.1,13.31,13.38,12.91,56471,74045161.0,3.49,-1.11,-0.15,3.74,5.34,3.95,4.18,4.18,1.78,-0.08,1.24,-0.62,0.15,11.93,12.97,12.97,13.25,13.42,1.2,0.9,-2.18,-3.61,-8.72,-13.75,-15.85,-15.63,-13.0,-11.04
2022-04-19,300847,13.26,13.3,13.47,13.03,38085,50314025.0,3.31,-0.08,-0.01,2.52,2.99,3.22,3.22,0.84,-1.0,0.31,-1.53,-0.77,10.9,2.69,13.06,12.97,13.25,13.37,0.98,-2.11,-3.53,-8.65,-13.68,-15.79,-15.56,-12.93,-10.98,-8.8
2022-04-20,300847,13.3,13.12,13.43,13.05,31420,41626651.0,2.86,-1.35,-0.18,2.08,3.07,3.07,0.69,-1.15,0.15,-1.69,-0.92,10.73,2.53,3.22,13.18,12.95,13.22,13.32,-0.76,-2.21,-7.39,-12.5,-14.63,-14.41,-11.74,-9.76,-7.55,-5.49
2022-04-21,300847,13.0,12.37,13.02,12.32,34718,43939170.0,5.34,-5.72,-0.75,2.3,9.17,6.66,4.71,6.09,4.14,4.95,17.29,8.6,9.33,9.01,13.11,12.89,13.15,13.27,3.72,-1.78,-7.19,-9.46,-9.22,-6.39,-4.28,-1.94,0.24,-0.81
2022-04-22,300847,12.37,12.49,12.83,12.08,29070,36143163.0,6.06,0.97,0.12,1.92,8.77,6.79,8.2,6.21,7.04,19.62,10.76,11.51,11.18,7.78,12.92,12.85,13.09,13.23,-2.72,-8.09,-10.33,-10.09,-7.29,-5.2,-2.88,-0.72,-1.76,-1.04
2022-04-25,300847,12.1,11.02,12.15,11.0,35864,41208481.0,9.21,-11.77,-1.47,2.37,17.27,18.82,16.64,17.55,31.36,21.64,22.45,22.09,18.36,16.64,12.46,12.72,12.96,13.14,4.17,1.63,1.91,5.08,7.44,10.07,12.52,11.34,12.16,10.25
2022-04-26,300847,11.48,10.66,11.48,10.58,32697,35979909.0,8.17,-3.27,-0.36,2.16,23.53,21.27,22.21,36.58,26.47,27.32,26.94,23.06,21.27,14.84,11.93,12.5,12.81,13.03,5.07,5.35,8.63,11.07,13.79,16.32,15.1,15.95,13.98,13.32
2022-04-27,300847,10.44,11.05,11.2,10.33,29564,31870643.0,8.16,3.66,0.39,1.96,24.2,25.17,39.88,29.53,30.4,30.01,26.04,24.2,17.62,11.13,11.52,12.35,12.69,12.94,1.63,4.8,7.15,9.77,12.22,11.04,11.86,9.95,9.32,8.14
2022-04-28,300847,11.08,11.08,11.23,10.74,25685,28255725.0,4.43,0.27,0.03,1.7,20.39,34.54,24.58,25.42,25.05,21.23,19.46,13.13,6.89,4.28,11.26,12.19,12.58,12.89,4.51,6.86,9.48,11.91,10.74,11.55,9.66,9.03,7.85,5.14
2022-04-29,300847,11.19,11.45,11.58,11.19,26222,29906752.0,3.52,3.34,0.37,1.74,29.13,19.57,20.38,20.02,16.35,14.66,8.58,2.59,0.09,0.36,11.05,11.99,12.48,12.83,3.41,5.94,8.3,7.16,7.95,6.11,5.5,4.37,1.75,8.21
2022-05-05,300847,11.42,11.73,11.84,11.32,22889,26744274.0,4.54,2.45,0.28,1.52,18.2,18.99,18.64,15.02,13.34,7.33,1.41,-1.06,-0.8,2.3,11.19,11.83,12.4,12.78,3.41,5.71,4.6,5.37,3.58,2.98,1.88,-0.68,5.63,5.03
2022-05-06,300847,11.43,11.83,12.13,11.34,26461,31404966.0,6.73,0.85,0.1,1.75,18.78,18.43,14.81,13.14,7.14,1.23,-1.23,-0.97,2.12,4.41,11.43,11.68,12.33,12.72,4.82,3.72,4.48,2.7,2.11,1.01,-1.52,4.73,4.14,4.31
2022-05-09,300847,12.08,12.16,12.4,11.7,18717,22679938.0,5.92,2.79,0.33,1.24,14.79,11.28,9.66,3.85,-1.88,-4.27,-4.02,-1.03,1.2,3.68,11.65,11.58,12.27,12.67,0.9,1.64,-0.08,-0.66,-1.73,-4.19,1.89,1.32,1.48,2.8
2022-05-10,300847,11.99,12.11,12.27,11.99,18514,22466261.0,2.3,-0.41,-0.05,1.23,8.59,7.01,1.33,-4.25,-6.59,-6.34,-3.42,-1.25,1.17,3.42,11.86,11.56,12.22,12.62,2.06,0.33,-0.25,-1.32,-3.8,2.31,1.73,1.9,3.22,5.04
2022-05-11,300847,12.06,11.94,12.36,11.9,30552,37149341.0,3.8,-1.4,-0.17,2.02,7.82,2.1,-3.53,-5.88,-5.63,-2.69,-0.5,1.93,4.2,3.11,11.95,11.5,12.18,12.56,1.76,1.17,0.08,-2.43,3.77,3.18,3.35,4.69,6.53,0.08
2022-05-12,300847,11.9,11.9,12.15,11.7,30672,36396997.0,3.77,-0.34,-0.04,2.03,3.85,-1.88,-4.27,-4.02,-1.03,1.2,3.68,5.98,4.87,5.64,11.99,11.59,12.15,12.5,1.51,0.42,-2.1,4.12,3.53,3.7,5.04,6.89,0.42,3.03
2022-05-13,300847,12.08,11.73,12.08,11.67,26740,31472117.0,3.45,-1.43,-0.17,1.77,-1.63,-4.03,-3.77,-0.77,1.46,3.94,6.26,5.14,5.91,4.11,11.97,11.7,12.1,12.44,1.88,-0.68,5.63,5.03,5.2,6.56,8.44,1.88,4.52,6.48
2022-05-16,300847,11.81,11.62,11.95,11.55,28713,33674147.0,3.41,-0.94,-0.11,1.9,-3.03,-2.77,0.26,2.51,5.02,7.36,6.23,7.01,5.19,4.59,11.86,11.76,12.05,12.38,0.26,6.63,6.02,6.2,7.57,9.47,2.84,5.51,7.49,12.48
2022-05-17,300847,11.55,11.48,11.65,11.31,27615,31606441.0,2.93,-1.2,-0.14,1.83,-0.71,2.39,4.69,7.25,9.64,8.49,9.28,7.43,6.81,5.66,11.73,11.8,11.99,12.32,7.93,7.32,7.49,8.89,10.8,4.09,6.79,8.8,13.85,12.63
2022-05-18,300847,11.42,12.2,12.39,11.42,76183,91686695.0,8.45,6.27,0.72,5.04,1.4,3.68,6.22,8.58,7.44,8.23,6.39,5.78,4.64,2.01,11.79,11.87,11.93,12.28,0.98,1.15,2.46,4.26,-2.05,0.49,2.38,7.13,5.98,11.31
2022-05-19,300847,11.89,12.24,12.32,11.85,54139,65394219.0,3.85,0.33,0.04,3.58,-0.08,2.36,4.64,3.54,4.3,2.53,1.94,0.84,-1.69,4.56,11.85,11.92,11.87,12.24,0.82,2.12,3.92,-2.37,0.16,2.04,6.78,5.64,10.95,9.07
2022-05-20,300847,12.31,12.04,12.34,11.94,47919,57813562.0,3.27,-1.63,-0.2,3.17,1.59,3.85,2.76,3.52,1.76,1.17,0.08,-2.43,3.77,3.18,11.92,11.94,11.81,12.2,3.82,5.65,-0.75,1.83,3.74,8.55,7.39,12.79,10.88,9.55
2022-05-23,300847,12.07,12.49,12.5,11.93,77293,94451882.0,4.73,3.74,0.45,5.12,3.94,2.85,3.6,1.84,1.26,0.17,-2.35,3.86,3.27,3.44,12.09,11.98,11.78,12.17,1.84,-4.32,-1.84,0.0,4.64,3.52,8.73,6.89,5.6,5.28
2022-05-24,300847,12.32,11.65,12.72,11.57,99608,121309791.0,9.21,-6.73,-0.84,6.6,6.05,6.83,5.01,4.41,3.28,0.69,7.09,6.48,6.66,8.04,12.12,11.93,11.74,12.12,2.58,5.24,7.21,12.19,10.99,16.57,14.59,13.22,12.88,12.7
2022-05-25,300847,11.53,11.84,11.95,11.53,47412,55765020.0,3.61,1.63,0.19,3.14,7.2,5.38,4.77,3.64,1.04,7.46,6.85,7.03,8.41,10.32,12.05,11.92,11.71,12.09,3.55,5.49,10.39,9.21,14.7,12.75,11.4,11.06,10.9,9.54
2022-05-26,300847,12.0,12.08,12.26,11.64,53613,64509937.0,5.24,2.03,0.24,3.55,4.38,3.78,2.66,0.09,6.44,5.84,6.01,7.39,9.28,2.66,12.02,11.94,11.76,12.08,3.39,8.2,7.04,12.42,10.51,9.19,8.86,8.69,7.37,7.2
2022-05-27,300847,12.31,12.26,12.49,12.05,59729,73216996.0,3.64,1.49,0.18,3.95,0.25,-0.83,-3.32,2.82,2.24,2.41,3.73,5.56,-0.83,1.74,12.06,11.99,11.84,12.06,6.61,5.46,10.77,8.89,7.59,7.26,7.1,5.79,5.63,7.67
2022-05-30,300847,12.62,13.04,13.07,12.3,114011,145636761.0,6.28,6.36,0.78,7.55,-2.85,-5.28,0.73,0.16,0.33,1.63,3.41,-2.85,-0.33,1.54,12.17,12.13,11.94,12.08,-0.84,4.14,2.38,1.15,0.84,0.69,-0.54,-0.69,1.23,0.23
2022-05-31,300847,12.79,12.9,12.93,12.6,73621,94099656.0,2.53,-1.07,-0.14,4.87,-7.54,-1.67,-2.22,-2.06,-0.79,0.95,-5.16,-2.7,-0.87,3.73,12.42,12.27,12.03,12.09,5.27,3.49,2.25,1.94,1.78,0.54,0.39,2.33,1.32,6.05
2022-06-01,300847,12.8,13.23,13.58,12.74,116708,154507682.0,6.51,2.56,0.33,7.73,-2.75,-3.3,-3.14,-1.88,-0.16,-6.2,-3.77,-1.96,2.59,1.49,12.7,12.38,12.12,12.08,0.91,-0.3,-0.6,-0.76,-1.97,-2.12,-0.23,-1.21,3.4,0.38
2022-06-02,300847,13.18,13.08,13.35,12.9,75657,98844119.0,3.4,-1.13,-0.15,5.01,-4.5,-4.34,-3.1,-1.4,-7.36,-4.96,-3.18,1.32,0.23,5.27,12.9,12.46,12.19,12.07,0.84,0.54,0.38,-0.84,-0.99,0.92,-0.08,4.59,1.53,0.92
2022-06-06,300847,13.0,13.14,13.19,12.71,61626,80287138.0,3.67,0.46,0.06,4.08,-2.91,-1.65,0.08,-5.98,-3.54,-1.73,2.83,1.73,6.85,5.04,13.08,12.57,12.26,12.06,0.08,-0.08,-1.29,-1.45,0.46,-0.53,4.11,1.07,0.46,-0.23
2022-06-07,300847,13.14,12.95,13.15,12.75,50386,65037841.0,3.04,-1.45,-0.19,3.34,-1.96,-0.24,-6.27,-3.84,-2.04,2.51,1.41,6.51,4.71,3.45,13.06,12.62,12.3,12.06,1.39,0.15,0.0,1.93,0.93,5.64,2.55,1.93,1.24,0.15
2022-06-08,300847,12.96,12.93,13.13,12.62,48218,62068876.0,3.94,-0.15,-0.02,3.19,0.79,-5.31,-2.85,-1.03,3.57,2.46,7.61,5.78,4.52,4.2,13.07,12.75,12.34,12.08,0.31,0.15,2.09,1.08,5.8,2.71,2.09,1.39,0.31,0.46
2022-06-09,300847,12.97,12.68,12.97,12.55,38513,48993110.0,3.25,-1.93,-0.25,2.55,-4.78,-2.31,-0.48,4.14,3.03,8.21,6.37,5.1,4.78,4.62,12.96,12.83,12.37,12.08,2.13,4.1,3.08,7.89,4.73,4.1,3.39,2.29,2.44,0.95
2022-06-10,300847,12.68,12.83,12.95,12.58,31346,40254069.0,2.92,1.18,0.15,2.08,-2.54,-0.72,3.9,2.78,7.95,6.12,4.85,4.53,4.37,3.1,12.91,12.9,12.42,12.14,2.88,1.87,6.63,3.51,2.88,2.18,1.09,1.25,-0.23,1.64
2022-06-13,300847,12.69,13.07,13.2,12.69,50300,65396658.0,3.98,1.87,0.24,3.33,-1.58,2.99,1.89,7.01,5.2,3.94,3.62,3.47,2.21,2.05,12.89,12.99,12.49,12.22,0.0,4.67,1.61,0.99,0.31,-0.77,-0.61,-2.07,-0.23,-0.08
2022-06-14,300847,12.97,12.95,13.07,12.6,34999,44825724.0,3.6,-0.92,-0.12,2.32,3.73,2.62,7.78,5.95,4.68,4.37,4.21,2.94,2.78,4.76,12.89,12.98,12.55,12.29,5.64,2.55,1.93,1.24,0.15,0.31,-1.16,0.69,0.85,1.16
2022-06-15,300847,12.95,13.1,13.68,12.92,80836,107949421.0,5.87,1.16,0.15,5.35,0.08,5.11,3.33,2.09,1.78,1.63,0.39,0.23,2.17,1.16,12.93,13.0,12.63,12.36,1.37,0.76,0.08,-0.99,-0.84,-2.29,-0.46,-0.31,0.0,0.23
2022-06-16,300847,13.02,13.13,13.28,12.91,46627,61067605.0,2.82,0.23,0.03,3.09,5.19,3.41,2.17,1.86,1.7,0.46,0.31,2.25,1.24,5.96,13.02,12.99,12.68,12.41,0.53,-0.15,-1.22,-1.07,-2.51,-0.69,-0.53,-0.23,0.0,-1.22
2022-06-17,300847,12.97,13.0,13.2,12.8,42890,55778525.0,3.05,-0.99,-0.13,2.84,4.3,3.05,2.73,2.58,1.33,1.17,3.12,2.11,6.87,3.75,13.05,12.98,12.72,12.45,0.85,-0.23,-0.08,-1.54,0.31,0.46,0.77,1.0,-0.23,-0.77
2022-06-20,300847,12.93,12.9,13.11,12.88,29784,38626175.0,1.77,-0.77,-0.1,1.97,2.41,2.1,1.94,0.7,0.54,2.48,1.48,6.21,3.11,2.48,13.02,12.95,12.76,12.49,0.54,0.7,-0.78,1.09,1.24,1.55,1.78,0.54,0.0,-0.78
2022-06-21,300847,12.83,12.67,12.97,12.57,31903,40738608.0,3.1,-1.78,-0.23,2.11,4.61,4.46,3.18,3.02,5.01,3.98,8.83,5.65,5.01,4.3,12.96,12.93,12.77,12.51,2.53,1.03,2.92,3.08,3.39,3.63,2.37,1.82,1.03,1.18
2022-06-22,300847,12.67,12.5,12.99,12.45,40675,51608092.0,4.26,-1.34,-0.17,2.69,5.46,4.18,4.02,6.02,4.98,9.88,6.67,6.02,5.3,4.18,12.84,12.88,12.81,12.52,2.4,4.32,4.48,4.8,5.04,3.76,3.2,2.4,2.56,0.32
2022-06-23,300847,12.52,12.8,12.8,12.45,28545,36156613.0,2.8,2.4,0.3,1.89,4.18,4.02,6.02,4.98,9.88,6.67,6.02,5.3,4.18,4.34,12.77,12.9,12.86,12.55,1.87,2.03,2.34,2.58,1.33,0.78,0.0,0.16,-2.03,-2.81
2022-06-24,300847,12.79,12.9,13.04,12.77,29437,38018706.0,2.11,0.78,0.1,1.95,1.41,3.37,2.35,7.13,3.99,3.37,2.66,1.57,1.72,0.23,12.75,12.9,12.9,12.58,1.24,1.55,1.78,0.54,0.0,-0.78,-0.62,-2.79,-3.57,-2.48
2022-06-27,300847,12.94,12.92,13.06,12.85,27346,35393540.0,1.63,0.16,0.02,1.81,2.72,1.71,6.46,3.35,2.72,2.02,0.93,1.09,-0.39,1.48,12.76,12.89,12.94,12.62,1.39,1.63,0.39,-0.15,-0.93,-0.77,-2.94,-3.72,-2.63,-4.72
2022-06-28,300847,12.86,13.06,13.1,12.8,38311,49829664.0,2.32,1.08,0.14,2.54,2.11,6.87,3.75,3.12,2.42,1.33,1.48,0.0,1.87,2.03,12.84,12.9,12.94,12.67,0.54,-0.69,-1.23,-1.99,-1.84,-3.98,-4.75,-3.68,-5.74,-6.58
2022-06-29,300847,12.99,12.73,13.13,12.72,34984,45230652.0,3.14,-2.53,-0.33,2.32,7.55,4.4,3.77,3.07,1.97,2.12,0.63,2.52,2.67,2.99,12.88,12.86,12.93,12.71,1.89,1.34,0.55,0.71,-1.49,-2.28,-1.18,-3.3,-4.16,-4.4
2022-06-30,300847,12.83,12.75,12.97,12.7,28132,36127923.0,2.12,0.16,0.02,1.86,4.57,3.94,3.23,2.13,2.28,0.79,2.68,2.83,3.15,3.39,12.87,12.82,12.9,12.73,1.18,0.39,0.55,-1.65,-2.43,-1.33,-3.45,-4.31,-4.55,-0.16
2022-07-01,300847,12.75,12.63,12.9,12.59,25869,32965956.0,2.43,-0.94,-0.12,1.71,4.85,4.13,3.02,3.18,1.67,3.57,3.73,4.05,4.29,3.02,12.82,12.79,12.88,12.74,1.35,1.5,-0.71,-1.5,-0.4,-2.53,-3.4,-3.64,0.79,-1.98
2022-07-04,300847,12.63,12.76,12.8,12.54,19951,25331577.0,2.06,1.03,0.13,1.32,4.55,3.43,3.59,2.07,3.99,4.15,4.47,4.7,3.43,2.87,12.79,12.77,12.86,12.77,0.47,-1.72,-2.51,-1.41,-3.53,-4.39,-4.62,-0.24,-2.98,-2.98
2022-07-05,300847,12.75,12.48,12.82,12.26,35741,44747727.0,4.39,-2.19,-0.28,2.37,5.79,5.95,4.4,6.36,6.53,6.85,7.1,5.79,5.22,4.4,12.67,12.75,12.84,12.77,0.48,-0.32,0.8,-1.36,-2.24,-2.48,2.0,-0.8,-0.8,1.44
2022-07-06,300847,12.46,12.24,12.54,12.15,19574,24129436.0,3.13,-1.92,-0.24,1.3,6.91,5.35,7.33,7.49,7.82,8.07,6.75,6.17,5.35,5.51,12.57,12.73,12.8,12.79,1.63,2.78,0.57,-0.33,-0.57,4.0,1.14,1.14,3.43,11.03
2022-07-07,300847,12.29,12.35,12.44,12.19,17017,21018995.0,2.04,0.9,0.11,1.13,5.0,6.97,7.14,7.47,7.71,6.4,5.82,5.0,5.17,2.87,12.49,12.68,12.79,12.8,1.86,-0.32,-1.21,-1.46,3.08,0.24,0.24,2.51,10.04,6.56
2022-07-08,300847,12.36,12.36,12.58,12.31,20499,25475613.0,2.19,0.08,0.01,1.36,5.93,6.09,6.42,6.66,5.36,4.79,3.98,4.14,1.87,1.06,12.44,12.63,12.76,12.81,-0.4,-1.29,-1.54,2.99,0.16,0.16,2.43,9.95,6.47,5.34
2022-07-11,300847,12.29,12.18,12.31,12.0,19981,24288642.0,2.51,-1.46,-0.18,1.32,8.83,9.17,9.42,8.08,7.5,6.67,6.83,4.5,3.67,4.83,12.32,12.55,12.72,12.81,0.16,-0.08,4.52,1.64,1.64,3.94,11.58,8.05,6.9,6.24
2022-07-12,300847,12.1,11.99,12.2,11.92,19696,23751059.0,2.3,-1.56,-0.19,1.3,9.9,10.15,8.81,8.22,7.38,7.55,5.2,4.36,5.54,3.27,12.22,12.45,12.67,12.77,1.5,6.17,3.25,3.25,5.59,13.34,9.76,8.59,7.92,6.76
2022-07-13,300847,11.99,12.12,12.17,11.9,21592,26000372.0,2.25,1.08,0.13,1.43,10.34,8.99,8.4,7.56,7.73,5.38,4.54,5.71,3.45,2.52,12.2,12.39,12.62,12.75,5.03,2.15,2.15,4.46,12.13,8.58,7.43,6.77,5.61,8.91
2022-07-14,300847,12.03,12.37,12.73,11.96,35529,44013882.0,6.35,2.06,0.25,2.35,8.44,7.86,7.02,7.19,4.85,4.01,5.18,2.93,2.01,1.76,12.2,12.35,12.59,12.72,0.08,0.08,2.34,9.86,6.39,5.25,4.61,3.48,6.71,7.52
2022-07-15,300847,12.32,12.0,12.38,12.0,22072,26821218.0,3.07,-2.99,-0.37,1.46,7.5,6.67,6.83,4.5,3.67,4.83,2.58,1.67,1.42,6.08,12.13,12.28,12.54,12.68,3.17,5.5,13.25,9.67,8.5,7.83,6.67,10.0,10.83,10.67
2022-07-18,300847,12.04,12.36,12.38,12.04,19999,24543476.0,2.83,3.0,0.36,1.32,6.31,6.48,4.15,3.32,4.49,2.24,1.33,1.08,5.73,2.82,12.17,12.24,12.51,12.66,2.43,9.95,6.47,5.34,4.69,3.56,6.8,7.61,7.44,7.28
2022-07-19,300847,12.39,12.61,12.66,12.3,28099,35275238.0,2.91,2.02,0.25,1.86,4.23,1.95,1.14,2.28,0.08,-0.81,-1.06,3.5,0.65,0.65,12.29,12.26,12.51,12.65,7.77,4.36,3.25,2.62,1.51,4.68,5.47,5.31,5.15,12.61
2022-07-20,300847,12.66,13.14,13.59,12.6,97114,127744995.0,7.85,4.2,0.53,6.43,-0.48,-1.27,-0.16,-2.3,-3.17,-3.41,1.03,-1.75,-1.75,0.48,12.5,12.35,12.54,12.65,0.15,-0.91,-1.52,-2.59,0.46,1.22,1.07,0.91,8.07,6.7
2022-07-21,300847,12.95,12.82,13.16,12.78,58630,75795275.0,2.89,-2.44,-0.32,3.88,-2.66,-1.56,-3.68,-4.54,-4.77,-0.39,-3.13,-3.13,-0.94,6.34,12.59,12.4,12.54,12.66,1.56,0.94,-0.16,2.96,3.74,3.59,3.43,10.76,9.36,5.23
2022-07-22,300847,12.83,12.83,13.02,12.67,28435,36495174.0,2.73,0.08,0.01,1.88,-0.71,-2.84,-3.71,-3.95,0.47,-2.29,-2.29,-0.08,7.26,3.87,12.75,12.44,12.53,12.66,0.86,-0.23,2.88,3.66,3.51,3.35,10.68,9.28,5.14,4.36
2022-07-25,300847,12.67,12.7,12.94,12.6,21714,27656415.0,2.65,-1.01,-0.13,1.44,-2.3,-3.17,-3.41,1.03,-1.75,-1.75,0.48,7.86,4.44,3.33,12.82,12.49,12.52,12.65,0.79,3.94,4.72,4.57,4.41,11.81,10.39,6.22,5.43,5.12
2022-07-26,300847,12.7,12.72,12.8,12.49,21824,27638732.0,2.44,0.16,0.02,1.45,-2.32,-2.56,1.92,-0.88,-0.88,1.36,8.81,5.36,4.24,3.6,12.84,12.57,12.51,12.64,3.77,4.56,4.4,4.25,11.64,10.22,6.05,5.27,4.95,5.42
2022-07-27,300847,12.77,13.03,13.2,12.63,50397,65710351.0,4.48,2.44,0.31,3.34,-3.64,0.79,-1.98,-1.98,0.24,7.6,4.2,3.09,2.45,1.35,12.82,12.66,12.52,12.64,2.07,1.92,1.77,8.98,7.6,3.53,2.76,2.46,2.92,4.22
2022-07-28,300847,13.0,13.25,13.3,12.97,58163,76533503.0,2.53,1.69,0.22,3.85,-1.85,-4.55,-4.55,-2.39,4.78,1.46,0.39,-0.23,-1.31,1.77,12.91,12.75,12.55,12.64,0.23,0.08,7.17,5.81,1.81,1.06,0.75,1.21,2.49,4.38
2022-07-29,300847,13.25,13.07,13.28,13.03,34624,45368351.0,1.89,-1.36,-0.18,2.29,-4.99,-4.99,-2.84,4.3,1.0,-0.08,-0.69,-1.77,1.3,2.07,12.95,12.85,12.57,12.64,1.45,8.65,7.27,3.21,2.45,2.14,2.6,3.9,5.81,5.89
2022-08-01,300847,13.08,13.19,13.26,12.99,36698,48171953.0,2.07,0.92,0.12,2.43,-4.7,-2.54,4.62,1.31,0.23,-0.38,-1.46,1.62,2.39,2.23,13.05,12.94,12.59,12.65,7.66,6.29,2.27,1.52,1.21,1.67,2.96,4.85,4.93,2.35
2022-08-02,300847,13.5,13.54,14.2,13.04,200866,272895352.0,8.79,2.65,0.35,13.3,-2.91,4.22,0.92,-0.15,-0.77,-1.84,1.23,1.99,1.84,1.69,13.22,13.03,12.64,12.68,3.55,-0.37,-1.11,-1.4,-0.96,0.3,2.14,2.22,-0.3,0.59
2022-08-03,300847,13.0,13.47,14.02,12.8,175717,238377799.0,9.01,-0.52,-0.07,11.63,6.17,2.81,1.72,1.09,0.0,3.12,3.91,3.75,3.59,10.94,13.3,13.06,12.7,12.71,0.15,-0.59,-0.89,-0.45,0.82,2.67,2.75,0.22,1.11,2.0
2022-08-04,300847,13.4,13.28,13.49,13.08,83265,110324083.0,3.04,-1.41,-0.19,5.51,0.61,-0.46,-1.07,-2.14,0.92,1.68,1.53,1.38,8.56,7.19,13.31,13.11,12.75,12.73,0.83,0.53,0.98,2.26,4.14,4.22,1.66,2.56,3.46,2.56
2022-08-05,300847,13.25,13.17,13.39,13.04,60122,79352299.0,2.64,-0.83,-0.11,3.98,-0.15,-0.77,-1.84,1.23,1.99,1.84,1.69,8.9,7.52,3.45,13.33,13.14,12.79,12.74,1.37,1.82,3.11,5.01,5.09,2.51,3.42,4.33,3.42,3.49
2022-08-08,300847,13.14,13.32,13.35,13.0,45360,60005609.0,2.66,1.14,0.15,3.0,-0.46,-1.54,1.54,2.31,2.15,2.0,9.23,7.85,3.77,3.0,13.36,13.2,12.85,12.75,0.68,1.95,3.83,3.9,1.35,2.25,3.15,2.25,2.33,1.28
2022-08-09,300847,13.23,13.4,13.41,13.09,50277,66672034.0,2.4,0.6,0.08,3.33,-2.22,0.84,1.6,1.45,1.3,8.48,7.1,3.06,2.29,1.99,13.33,13.27,12.92,12.76,1.34,3.21,3.28,0.75,1.64,2.54,1.64,1.72,0.67,0.15
2022-08-10,300847,13.26,13.47,13.58,13.16,57443,77011847.0,3.13,0.52,0.07,3.8,0.3,1.06,0.91,0.76,7.9,6.53,2.51,1.75,1.44,1.9,13.33,13.32,12.99,12.79,2.67,2.75,0.22,1.11,2.0,1.11,1.19,0.15,-0.37,-0.82
2022-08-11,300847,13.6,13.67,13.83,13.48,82616,112941758.0,2.6,1.48,0.2,5.47,-1.34,-1.48,-1.63,5.34,4.01,0.07,-0.67,-0.96,-0.52,0.74,13.41,13.36,13.05,12.82,1.24,-1.24,-0.37,0.51,-0.37,-0.29,-1.32,-1.83,-2.27,-6.0
2022-08-12,300847,13.61,13.42,13.84,13.41,50673,68765738.0,3.15,-1.83,-0.25,3.36,-0.97,-1.12,5.89,4.55,0.6,-0.15,-0.45,0.0,1.27,3.13,13.46,13.39,13.12,12.84,0.6,1.49,2.38,1.49,1.56,0.52,0.0,-0.45,-4.25,-4.62
2022-08-15,300847,13.43,13.31,13.5,13.21,36426,48569022.0,2.16,-0.82,-0.11,2.41,0.38,7.49,6.13,2.12,1.36,1.06,1.51,2.8,4.69,4.77,13.45,13.4,13.17,12.86,2.33,3.23,2.33,2.4,1.35,0.83,0.38,-3.46,-3.83,-3.53
2022-08-16,300847,13.31,13.58,13.62,13.26,38837,52480766.0,2.7,2.03,0.27,2.57,7.09,5.73,1.73,0.98,0.68,1.13,2.41,4.3,4.37,1.81,13.49,13.41,13.22,12.9,1.18,0.29,0.37,-0.66,-1.18,-1.62,-5.38,-5.74,-5.45,-5.38
2022-08-17,300847,13.51,13.48,13.74,13.31,47993,64706270.0,3.17,-0.74,-0.1,3.18,5.33,1.35,0.6,0.3,0.75,2.03,3.91,3.98,1.43,2.33,13.49,13.41,13.24,12.94,1.04,1.11,0.07,-0.45,-0.89,-4.67,-5.04,-4.75,-4.67,-6.6
2022-08-18,300847,13.44,13.52,13.62,13.3,42851,57835285.0,2.37,0.3,0.04,2.84,1.43,0.68,0.38,0.83,2.11,3.98,4.06,1.5,2.41,3.31,13.46,13.43,13.27,12.98,0.81,-0.22,-0.74,-1.18,-4.96,-5.33,-5.03,-4.96,-6.88,-8.8
2022-08-19,300847,13.46,13.05,13.63,13.03,45961,60967903.0,4.44,-3.48,-0.47,3.04,2.76,2.46,2.92,4.22,6.14,6.22,3.61,4.53,5.45,4.53,13.39,13.42,13.28,13.0,3.37,2.84,2.38,-1.53,-1.92,-1.61,-1.53,-3.52,-5.52,-4.98
2022-08-22,300847,13.05,13.37,13.49,13.0,40909,54371765.0,3.75,2.45,0.32,2.71,2.69,3.15,4.46,6.38,6.46,3.85,4.77,5.69,4.77,4.85,13.4,13.43,13.32,13.04,0.37,-0.07,-3.89,-4.26,-3.96,-3.89,-5.83,-7.78,-7.26,-6.96
2022-08-23,300847,13.41,13.26,13.42,13.14,24349,32208781.0,2.09,-0.82,-0.11,1.61,2.05,3.35,5.25,5.33,2.74,3.65,4.57,3.65,3.73,2.66,13.34,13.41,13.34,13.08,0.75,-3.09,-3.47,-3.17,-3.09,-5.05,-7.01,-6.49,-6.18,-5.28
2022-08-24,300847,13.32,12.7,13.36,12.66,38128,49294524.0,5.28,-4.22,-0.56,2.52,7.27,9.24,9.32,6.64,7.58,8.53,7.58,7.66,6.56,6.0,13.18,13.34,13.33,13.1,1.18,0.79,1.1,1.18,-0.87,-2.91,-2.36,-2.05,-1.1,-1.26
2022-08-25,300847,12.7,12.68,12.85,12.58,28702,36396206.0,2.13,-0.16,-0.02,1.9,9.94,10.02,7.31,8.27,9.22,8.27,8.35,7.23,6.68,6.2,13.01,13.24,13.3,13.11,0.95,1.26,1.34,-0.71,-2.76,-2.21,-1.89,-0.95,-1.1,-1.26
2022-08-26,300847,12.69,12.45,12.8,12.4,20210,25477833.0,3.15,-1.81,-0.23,1.34,11.61,8.87,9.84,10.81,9.84,9.92,8.79,8.23,7.74,3.63,12.89,13.14,13.27,13.13,3.13,3.21,1.12,-0.96,-0.4,-0.08,0.88,0.72,0.56,0.08
2022-08-29,300847,12.3,12.69,12.84,12.22,22348,28261575.0,4.98,1.93,0.24,1.48,10.47,11.46,12.44,11.46,11.54,10.39,9.82,9.33,5.16,4.75,12.76,13.08,13.24,13.14,1.26,-0.79,-2.84,-2.29,-1.97,-1.02,-1.18,-1.34,-1.81,-1.89
2022-08-30,300847,12.8,12.6,12.85,12.47,16935,21337763.0,2.99,-0.71,-0.09,1.12,9.22,10.18,9.22,9.3,8.18,7.62,7.14,3.05,2.65,2.97,12.62,12.98,13.19,13.14,-0.08,-2.14,-1.59,-1.27,-0.32,-0.48,-0.63,-1.11,-1.19,-1.51
2022-08-31,300847,12.56,12.22,12.59,12.22,22715,27992228.0,2.94,-3.02,-0.38,1.5,12.44,11.46,11.54,10.39,9.82,9.33,5.16,4.75,5.07,5.16,12.53,12.85,13.13,13.11,0.9,1.47,1.8,2.78,2.62,2.45,1.96,1.88,1.55,0.65
2022-09-01,300847,12.2,12.1,12.33,12.07,15574,18974594.0,2.13,-0.98,-0.12,1.03,12.84,12.92,11.76,11.18,10.69,6.46,6.05,6.38,6.46,4.31,12.41,12.71,13.07,13.08,2.48,2.81,3.8,3.64,3.47,2.98,2.89,2.56,1.65,-1.74
2022-09-02,300847,12.11,12.31,12.4,12.07,16824,20638166.0,2.73,1.74,0.21,1.11,12.92,11.76,11.18,10.69,6.46,6.05,6.38,6.46,4.31,2.15,12.38,12.64,13.03,13.07,1.06,2.03,1.87,1.71,1.22,1.14,0.81,-0.08,-3.41,-5.93
2022-09-05,300847,12.35,12.4,12.44,12.26,12078,14929580.0,1.46,0.73,0.09,0.8,10.03,9.46,8.97,4.81,4.4,4.73,4.81,2.69,0.57,1.14,12.33,12.54,12.98,13.06,1.29,1.13,0.97,0.48,0.4,0.08,-0.81,-4.11,-6.61,-6.77
2022-09-06,300847,12.41,12.47,12.56,12.33,12835,16001651.0,1.85,0.56,0.07,0.85,8.84,8.35,4.22,3.81,4.14,4.22,2.11,0.0,0.57,0.89,12.3,12.46,12.94,13.05,0.56,0.4,-0.08,-0.16,-0.48,-1.36,-4.65,-7.14,-7.3,-6.5
2022-09-07,300847,12.45,12.43,12.54,12.37,15864,19745014.0,1.36,-0.32,-0.04,1.05,8.0,3.88,3.48,3.8,3.88,1.78,-0.32,0.24,0.57,1.54,12.34,12.43,12.89,13.03,0.72,0.24,0.16,-0.16,-1.05,-4.34,-6.84,-7.0,-6.19,-4.75
2022-09-08,300847,12.38,12.36,12.52,12.32,16647,20689308.0,1.61,-0.56,-0.07,1.1,4.3,3.9,4.22,4.3,2.19,0.08,0.65,0.97,1.95,1.79,12.39,12.4,12.82,13.0,0.81,0.73,0.4,-0.49,-3.8,-6.31,-6.47,-5.66,-4.21,-4.45
2022-09-09,300847,12.43,12.3,12.46,12.15,12896,15804142.0,2.51,-0.49,-0.06,0.85,5.35,5.68,5.76,3.62,1.48,2.06,2.39,3.37,3.21,3.05,12.39,12.39,12.76,12.97,1.22,0.89,0.0,-3.33,-5.85,-6.02,-5.2,-3.74,-3.98,-8.21
2022-09-13,300847,12.42,12.39,12.45,12.25,11962,14794259.0,1.63,0.73,0.09,0.79,4.82,4.9,2.78,0.65,1.22,1.55,2.53,2.37,2.2,1.71,12.39,12.36,12.72,12.95,0.16,-0.73,-4.04,-6.54,-6.7,-5.89,-4.44,-4.68,-8.88,-8.72
2022-09-14,300847,12.26,12.22,12.41,12.18,13384,16412219.0,1.86,-1.37,-0.17,0.89,5.5,3.37,1.23,1.81,2.13,3.12,2.96,2.79,2.3,2.22,12.34,12.32,12.65,12.9,0.65,-2.7,-5.24,-5.4,-4.58,-3.11,-3.36,-7.61,-7.45,-6.71
2022-09-15,300847,12.3,11.82,12.3,11.65,22399,26723085.0,5.32,-3.27,-0.4,1.48,8.07,5.84,6.44,6.78,7.81,7.64,7.47,6.95,6.87,6.52,12.22,12.28,12.57,12.85,0.59,-2.03,-2.2,-1.35,0.17,-0.08,-4.48,-4.31,-3.55,-4.99
2022-09-16,300847,11.75,11.52,11.89,11.51,13534,15840255.0,3.21,-2.54,-0.3,0.9,7.12,7.73,8.08,9.12,8.95,8.77,8.25,8.17,7.82,6.86,12.05,12.22,12.47,12.79,0.52,0.35,1.22,2.78,2.52,-2.0,-1.82,-1.04,-2.52,-3.91
2022-09-19,300847,11.58,11.35,11.58,11.16,13197,14998760.0,3.65,-1.48,-0.17,0.87,11.11,11.47,12.54,12.37,12.19,11.65,11.56,11.2,10.22,6.54,11.86,12.13,12.38,12.73,1.85,2.73,4.32,4.05,-0.53,-0.35,0.44,-1.06,-2.47,-4.23
2022-09-20,300847,11.38,11.49,11.56,11.38,8554,9831091.0,1.59,1.23,0.14,0.57,9.31,10.37,10.19,10.02,9.49,9.4,9.05,8.08,4.48,1.76,11.68,12.03,12.29,12.67,1.48,3.05,2.79,-1.74,-1.57,-0.78,-2.26,-3.66,-5.4,-7.83
2022-09-21,300847,11.49,11.66,11.66,11.27,9600,11004484.0,3.39,1.48,0.17,0.64,11.45,11.27,11.09,10.56,10.47,10.12,9.14,5.5,2.75,2.57,11.57,11.95,12.21,12.61,1.54,1.29,-3.17,-3.0,-2.23,-3.69,-5.06,-6.78,-9.18,-6.69
2022-09-22,300847,11.51,11.7,11.84,11.49,13667,16007143.0,3.0,0.34,0.04,0.9,9.14,8.96,8.44,8.36,8.01,7.05,3.48,0.78,0.61,1.48,11.54,11.88,12.16,12.55,0.94,-3.5,-3.33,-2.56,-4.02,-5.38,-7.09,-9.49,-7.01,-4.53
2022-09-23,300847,11.62,11.36,11.81,11.32,14093,16217808.0,4.19,-2.91,-0.34,0.93,10.6,10.07,9.98,9.63,8.66,5.04,2.3,2.12,3.0,4.59,11.51,11.78,12.09,12.47,-0.62,-0.44,0.35,-1.14,-2.55,-4.31,-6.78,-4.23,-1.67,-0.62
2022-09-26,300847,11.2,10.9,11.29,10.89,14168,15676210.0,3.52,-4.05,-0.46,0.94,14.42,14.33,13.96,12.95,9.18,6.34,6.15,7.07,8.72,8.45,11.42,11.64,12.01,12.39,3.76,4.59,3.03,1.56,-0.28,-2.84,-0.18,2.48,3.58,5.05
2022-09-27,300847,10.99,11.27,11.31,10.9,14391,16070056.0,3.76,3.39,0.37,0.95,14.22,13.85,12.84,9.08,6.24,6.06,6.97,8.62,8.35,3.58,11.38,11.53,11.94,12.32,1.15,-0.35,-1.77,-3.55,-6.03,-3.46,-0.89,0.18,1.6,1.6
2022-09-28,300847,11.29,11.02,11.4,11.02,11419,12743311.0,3.37,-2.22,-0.25,0.76,12.61,11.62,7.89,5.08,4.9,5.81,7.44,7.17,2.45,2.63,11.25,11.41,11.86,12.24,1.91,0.45,-1.36,-3.9,-1.27,1.36,2.45,3.9,3.9,3.99
2022-09-29,300847,11.21,10.94,11.23,10.93,9575,10558127.0,2.72,-0.73,-0.08,0.63,12.53,8.78,5.95,5.76,6.68,8.33,8.05,3.29,3.48,4.3,11.1,11.32,11.8,12.15,1.19,-0.64,-3.2,-0.55,2.1,3.2,4.66,4.66,4.75,4.84
2022-09-30,300847,11.0,10.68,11.07,10.68,11627,12589291.0,3.56,-2.38,-0.26,0.77,11.33,8.43,8.24,9.18,10.86,10.58,5.71,5.9,6.74,5.15,10.96,11.24,11.73,12.06,1.78,-0.84,1.87,4.59,5.71,7.21,7.21,7.3,7.4,7.3
2022-10-10,300847,10.72,10.47,10.87,10.41,10700,11397477.0,4.31,-1.97,-0.21,0.71,11.24,11.05,12.01,13.74,13.45,8.45,8.65,9.51,7.88,6.34,10.88,11.15,11.64,11.97,1.15,3.92,6.69,7.83,9.36,9.36,9.46,9.55,9.46,13.37
2022-10-11,300847,10.59,10.46,10.59,10.28,10763,11204248.0,2.96,-0.1,-0.01,0.71,12.45,13.42,15.18,14.88,9.82,10.02,10.89,9.24,7.68,5.74,10.71,11.05,11.54,11.87,4.02,6.79,7.93,9.46,9.46,9.56,9.66,9.56,13.48,8.03
2022-10-12,300847,10.41,10.83,10.88,10.37,13555,14395078.0,4.88,3.54,0.37,0.9,12.44,14.18,13.89,8.87,9.06,9.93,8.29,6.75,4.82,2.12,10.68,10.96,11.46,11.79,3.14,4.25,5.72,5.72,5.82,5.91,5.82,9.6,4.34,6.09
2022-10-13,300847,10.77,11.04,11.17,10.74,18229,20089643.0,3.97,1.94,0.21,1.21,10.24,9.96,5.12,5.31,6.15,4.56,3.07,1.21,-1.4,1.3,10.7,10.9,11.39,11.74,2.26,3.71,3.71,3.8,3.89,3.8,7.52,2.36,4.08,9.15
2022-10-14,300847,11.06,11.22,11.29,11.06,11579,12955557.0,2.08,1.63,0.18,0.77,6.78,2.08,2.26,3.07,1.54,0.09,-1.72,-4.25,-1.63,0.99,10.8,10.88,11.33,11.69,2.05,2.05,2.14,2.23,2.14,5.79,0.71,2.41,7.4,4.72
2022-10-17,300847,11.14,11.38,11.45,11.14,21579,24496726.0,2.76,1.43,0.16,1.43,1.35,1.53,2.33,0.81,-0.63,-2.42,-4.94,-2.33,0.27,1.35,10.99,10.93,11.29,11.65,0.62,0.7,0.79,0.7,4.31,-0.7,0.97,5.89,3.25,4.31
2022-10-18,300847,11.42,11.37,11.45,11.33,12422,14152933.0,1.05,-0.09,-0.01,0.82,-0.18,0.62,-0.88,-2.29,-4.06,-6.53,-3.97,-1.41,-0.35,1.06,11.17,10.94,11.24,11.61,0.79,0.88,0.79,4.4,-0.62,1.06,5.98,3.34,4.4,3.78
2022-10-19,300847,11.44,11.34,11.46,11.25,12771,14517158.0,1.85,-0.26,-0.03,0.85,1.33,-0.18,-1.6,-3.38,-5.87,-3.29,-0.71,0.36,1.78,1.78,11.27,10.97,11.19,11.57,1.15,1.06,4.67,-0.35,1.32,6.26,3.62,4.67,4.06,4.94
2022-10-20,300847,11.3,11.32,11.47,11.23,12249,13889053.0,2.12,-0.18,-0.02,0.81,0.0,-1.42,-3.21,-5.7,-3.12,-0.53,0.53,1.96,1.96,2.05,11.33,11.01,11.17,11.54,1.24,4.86,-0.18,1.5,6.45,3.8,4.86,4.24,5.12,4.24
2022-10-21,300847,11.28,11.37,11.46,11.23,11599,13196929.0,2.03,0.44,0.05,0.77,-1.42,-3.21,-5.7,-3.12,-0.53,0.53,1.96,1.96,2.05,2.14,11.36,11.08,11.16,11.51,4.4,-0.62,1.06,5.98,3.34,4.4,3.78,4.66,3.78,4.4
2022-10-24,300847,11.47,11.39,11.87,11.23,17894,20551174.0,5.63,0.18,0.02,1.18,-3.21,-5.7,-3.12,-0.53,0.53,1.96,1.96,2.05,2.14,2.05,11.36,11.17,11.16,11.48,-0.79,0.88,5.79,3.16,4.21,3.6,4.48,3.6,4.21,3.86
2022-10-25,300847,11.3,11.13,11.3,10.92,21730,24169595.0,3.34,-2.28,-0.26,1.44,-3.02,-0.37,2.29,3.39,4.85,4.85,4.95,5.04,4.95,8.7,11.31,11.24,11.14,11.44,3.23,8.27,5.57,6.65,6.02,6.92,6.02,6.65,6.29,5.57
2022-10-26,300847,11.19,11.44,11.49,11.13,19116,21724174.0,3.23,2.79,0.31,1.27,-2.25,0.36,1.44,2.88,2.88,2.96,3.05,2.96,6.65,1.53,11.33,11.3,11.13,11.41,5.33,2.71,3.76,3.15,4.02,3.15,3.76,3.41,2.71,6.12
2022-10-27,300847,11.54,11.72,12.05,11.41,39695,46782085.0,5.59,2.45,0.28,2.63,-2.1,-1.05,0.35,0.35,0.44,0.53,0.44,4.03,-0.96,0.7,11.41,11.37,11.13,11.38,0.26,1.28,0.68,1.54,0.68,1.28,0.94,0.26,3.58,2.39
2022-10-28,300847,11.55,11.11,11.75,11.11,34918,39597583.0,5.46,-5.2,-0.61,2.31,1.62,3.06,3.06,3.15,3.24,3.15,6.84,1.71,3.42,8.46,11.36,11.36,11.12,11.34,6.84,6.21,7.11,6.21,6.84,6.48,5.76,9.27,8.01,8.73
2022-10-31,300847,11.08,11.71,11.87,11.06,30416,34998706.0,7.29,5.4,0.6,2.01,3.53,3.53,3.62,3.71,3.62,7.32,2.17,3.89,8.95,6.24,11.42,11.39,11.16,11.32,0.77,1.62,0.77,1.37,1.02,0.34,3.67,2.48,3.16,8.28
2022-11-01,300847,11.62,11.74,11.8,11.52,29143,33981891.0,2.39,0.26,0.03,1.93,-0.61,-0.52,-0.43,-0.52,3.04,-1.91,-0.26,4.6,2.0,3.04,11.54,11.43,11.18,11.3,1.36,0.51,1.11,0.77,0.09,3.41,2.21,2.9,8.01,14.4
2022-11-02,300847,11.74,11.71,11.9,11.63,29454,34650320.0,2.3,-0.26,-0.03,1.95,-1.46,-1.38,-1.46,2.06,-2.84,-1.2,3.61,1.03,2.06,1.46,11.6,11.46,11.22,11.28,0.77,1.37,1.02,0.34,3.67,2.48,3.16,8.28,14.69,32.37
2022-11-03,300847,11.51,11.71,11.8,11.51,22621,26439555.0,2.48,0.0,0.0,1.5,-0.35,-0.43,3.13,-1.82,-0.17,4.69,2.09,3.13,2.52,3.39,11.6,11.5,11.26,11.28,1.37,1.02,0.34,3.67,2.48,3.16,8.28,14.69,32.37,41.84
2022-11-04,300847,11.71,11.76,11.87,11.67,25185,29636002.0,1.71,0.43,0.05,1.67,-1.8,1.71,-3.17,-1.54,3.26,0.69,1.71,1.11,1.97,1.11,11.73,11.54,11.31,11.29,0.6,-0.09,3.23,2.04,2.72,7.82,14.2,31.8,41.24,65.31
2022-11-07,300847,11.79,11.7,11.83,11.67,20246,23757902.0,1.36,-0.51,-0.06,1.34,1.71,-3.17,-1.54,3.26,0.69,1.71,1.11,1.97,1.11,1.71,11.72,11.57,11.37,11.3,0.43,3.76,2.56,3.25,8.38,14.79,32.48,41.97,66.15,68.38
2022-11-08,300847,11.69,11.74,11.75,11.5,18042,21009034.0,2.14,0.34,0.04,1.19,-1.74,-0.09,4.78,2.17,3.22,2.61,3.48,2.61,3.22,2.87,11.72,11.63,11.44,11.31,3.41,2.21,2.9,8.01,14.4,32.03,41.48,65.59,67.8,86.97
2022-11-09,300847,11.73,12.09,12.14,11.69,49988,59836863.0,3.83,2.98,0.35,3.31,-1.71,3.08,0.51,1.54,0.94,1.8,0.94,1.54,1.2,0.51,11.8,11.7,11.5,11.32,-0.74,-0.08,4.88,11.08,28.21,37.39,60.79,62.94,81.56,70.39
2022-11-10,300847,11.98,11.84,12.0,11.76,26052,30867857.0,1.99,-2.07,-0.25,1.73,2.47,-0.09,0.94,0.34,1.19,0.34,0.94,0.6,-0.09,3.23,11.83,11.71,11.54,11.33,2.03,7.09,13.43,30.91,40.29,64.19,66.39,85.39,73.99,69.76
2022-11-11,300847,12.0,11.83,12.08,11.8,28860,34430545.0,2.36,-0.08,-0.01,1.91,-0.42,0.59,0.0,0.85,0.0,0.59,0.25,-0.42,2.88,1.69,11.84,11.78,11.57,11.34,7.19,13.52,31.02,40.41,64.33,66.53,85.55,74.13,69.91,68.47
2022-11-14,300847,11.7,12.29,12.68,11.7,76017,93459871.0,8.28,3.89,0.46,5.03,1.45,0.85,1.71,0.85,1.45,1.11,0.43,3.76,2.56,3.25,11.96,11.84,11.62,11.39,9.28,26.12,35.15,58.18,60.29,78.6,67.62,63.55,62.16,57.77
2022-11-15,300847,12.44,13.3,13.43,12.25,123305,159016767.0,9.6,8.22,1.01,8.16,-3.67,-2.86,-3.67,-3.1,-3.43,-4.08,-0.9,-2.04,-1.39,3.51,12.27,12.0,11.71,11.46,16.54,24.89,46.17,48.12,65.04,54.89,51.13,49.85,45.79,42.71
2022-11-16,300847,13.38,14.94,15.5,13.38,291840,433259166.0,15.94,12.33,1.64,19.32,-11.06,-11.81,-11.29,-11.58,-12.18,-9.27,-10.31,-9.72,-5.23,0.37,12.84,12.32,11.89,11.59,11.18,30.12,31.86,46.92,37.88,34.54,33.4,29.79,27.04,22.16
2022-11-17,300847,14.76,16.39,16.61,14.6,256703,395621197.0,13.45,9.71,1.45,17.0,-19.18,-18.7,-18.97,-19.52,-16.85,-17.81,-17.26,-13.15,-8.01,6.16,13.75,12.79,12.15,11.77,18.61,20.2,33.92,25.69,22.64,21.6,18.3,15.8,11.35,20.44
2022-11-18,300847,16.4,19.0,19.44,16.4,316681,586698497.0,18.55,15.92,2.61,20.97,-27.62,-27.87,-28.35,-25.98,-26.83,-26.34,-22.68,-18.11,-5.49,1.28,15.18,13.51,12.53,12.04,3.68,15.53,8.42,5.79,4.89,2.05,-0.11,-3.95,3.89,6.74
2022-11-21,300847,19.31,19.04,19.7,18.05,266009,504417372.0,8.68,0.21,0.04,17.61,-34.46,-34.9,-32.74,-33.52,-33.07,-29.75,-25.6,-14.13,-7.98,7.7,16.53,14.25,12.91,12.33,15.28,8.19,5.57,4.67,1.84,-0.32,-4.15,3.68,6.51,2.42
2022-11-22,300847,18.33,20.1,21.95,18.33,286381,580432093.0,19.01,5.57,1.06,18.96,-35.9,-33.77,-34.53,-34.1,-30.82,-26.73,-15.44,-9.38,6.06,7.47,17.89,15.08,13.36,12.65,2.49,0.0,-0.85,-3.53,-5.57,-9.2,-1.79,0.9,-2.99,-6.57
2022-11-23,300847,20.47,20.18,20.6,19.24,210914,421112453.0,6.77,0.4,0.08,13.97,-36.9,-37.63,-37.21,-34.1,-30.2,-19.44,-13.67,1.04,2.39,14.09,18.94,15.89,13.8,12.96,-0.4,-1.24,-3.91,-5.95,-9.56,-2.18,0.5,-3.37,-6.94,-7.78
2022-11-24,300847,20.08,19.8,20.1,17.67,175162,339453291.0,12.04,-1.88,-0.38,11.6,-32.09,-31.64,-28.24,-24.0,-12.28,-6.0,10.02,11.49,24.22,16.58,19.62,16.69,14.2,13.26,0.66,-2.07,-4.14,-7.83,-0.3,2.42,-1.52,-5.15,-6.01,-4.65
2022-11-25,300847,19.5,18.67,19.93,18.4,159151,301590664.0,7.73,-5.71,-1.13,10.54,-34.35,-31.09,-27.01,-15.76,-9.73,5.65,7.07,19.29,11.96,9.24,19.56,17.37,14.58,13.5,3.86,1.66,-2.25,5.73,8.62,4.45,0.59,-0.32,1.12,0.96
2022-11-28,300847,17.85,18.89,19.39,17.85,128478,241739911.0,8.25,1.18,0.22,8.51,-28.96,-24.76,-13.17,-6.95,8.91,10.36,22.97,15.41,12.61,11.65,19.53,18.03,14.94,13.75,0.48,-3.39,4.5,7.36,3.23,-0.58,-1.48,-0.05,-0.21,1.16
2022-11-29,300847,18.36,17.7,18.98,17.56,172693,311034849.0,7.52,-6.3,-1.19,11.43,-23.52,-11.73,-5.41,10.71,12.19,25.0,17.31,14.46,13.5,10.42,19.05,18.47,15.23,13.97,3.11,11.53,14.58,10.17,6.1,5.14,6.67,6.5,7.97,14.69
2022-11-30,300847,17.75,18.07,18.25,17.07,144048,256285642.0,6.67,2.09,0.37,9.54,-9.2,-2.69,13.88,15.41,28.59,20.68,17.75,16.75,13.59,11.19,18.63,18.78,15.55,14.19,9.24,12.23,7.91,3.93,2.99,4.48,4.32,5.76,12.34,-0.39
2022-12-01,300847,17.9,19.5,19.74,17.81,200488,381849007.0,10.68,7.91,1.43,13.28,-6.74,9.15,10.61,23.25,15.67,12.86,11.9,8.87,6.57,2.47,18.57,19.09,15.94,14.46,4.0,0.0,-3.69,-4.56,-3.18,-3.33,-2.0,4.1,-7.69,-3.85
2022-12-02,300847,19.3,18.5,20.28,18.36,167087,321554603.0,9.85,-5.13,-1.0,11.06,5.88,7.3,19.55,12.2,9.48,8.55,5.61,3.38,-0.6,7.52,18.53,19.04,16.28,14.7,5.41,1.51,0.59,2.05,1.89,3.3,9.73,-2.7,1.35,-2.16
2022-12-05,300847,18.82,18.91,19.5,17.79,200286,372592266.0,9.24,2.22,0.41,13.26,10.74,23.38,15.8,12.98,12.03,8.99,6.69,2.59,10.96,14.0,18.54,19.03,16.64,14.95,-0.69,-1.59,-0.16,-0.32,1.06,7.35,-4.81,-0.85,-4.28,-5.82
2022-12-06,300847,18.56,18.13,18.78,17.95,131040,239870059.0,4.39,-4.12,-0.78,8.68,22.28,14.76,11.98,11.03,8.02,5.74,1.67,9.97,12.98,8.64,18.62,18.83,16.96,15.18,2.65,4.14,3.97,5.41,11.97,-0.72,3.42,-0.17,-1.77,-3.81
2022-12-07,300847,18.29,18.05,18.61,17.86,94194,171802912.0,4.14,-0.44,-0.08,6.24,15.34,12.54,11.59,8.57,6.27,2.18,10.53,13.55,9.18,5.15,18.62,18.62,17.26,15.4,4.6,4.43,5.87,12.47,-0.28,3.88,0.28,-1.33,-3.38,-5.21
2022-12-08,300847,18.0,18.38,18.88,17.85,102400,188320066.0,5.71,1.83,0.33,6.78,12.61,11.65,8.63,6.33,2.24,10.59,13.61,9.24,5.21,4.26,18.39,18.48,17.58,15.63,2.56,3.97,10.45,-2.07,2.01,-1.52,-3.1,-5.11,-6.91,-9.3
2022-12-09,300847,18.3,18.7,18.85,17.69,84549,154264776.0,6.31,1.74,0.32,5.6,12.66,9.61,7.29,3.17,11.59,14.64,10.23,6.16,5.2,6.73,18.43,18.48,17.93,15.88,2.19,8.56,-3.74,0.27,-3.21,-4.76,-6.74,-8.5,-10.86,-13.58
2022-12-12,300847,18.66,18.91,19.11,17.95,121285,226133799.0,6.2,1.12,0.21,8.03,8.02,5.74,1.67,9.97,12.98,8.64,4.62,3.68,5.18,5.01,18.43,18.48,18.26,16.12,7.35,-4.81,-0.85,-4.28,-5.82,-7.77,-9.52,-11.85,-14.54,-13.91
2022-12-13,300847,18.91,17.39,20.3,16.83,240584,451893217.0,18.35,-8.04,-1.52,15.93,12.77,8.44,17.29,20.5,15.86,11.59,10.58,12.18,12.0,13.55,18.29,18.45,18.46,16.31,3.51,7.82,4.08,2.42,0.29,-1.61,-4.14,-7.07,-6.38,-5.69
2022-12-14,300847,17.18,17.38,18.0,17.18,142302,250710109.0,4.72,-0.06,-0.01,9.42,6.23,14.9,18.04,13.5,9.31,8.32,9.9,9.72,11.23,18.16,18.15,18.38,18.58,16.5,7.88,4.14,2.47,0.35,-1.55,-4.09,-7.02,-6.33,-5.64,-6.5
2022-12-15,300847,17.24,18.21,18.75,17.16,119722,218249848.0,9.15,4.78,0.83,7.93,15.03,18.18,13.64,9.44,8.45,10.02,9.85,11.36,18.3,4.9,18.12,18.26,18.68,16.71,-0.6,-2.2,-4.23,-6.04,-8.46,-11.26,-10.6,-9.94,-10.76,-6.1
2022-12-16,300847,17.9,17.62,18.1,17.28,75347,133381962.0,4.5,-3.24,-0.59,4.99,17.36,12.85,8.68,7.7,9.26,9.09,10.59,17.48,4.17,8.51,17.9,18.17,18.61,16.91,1.08,-1.02,-2.89,-5.39,-8.29,-7.6,-6.92,-7.78,-2.95,-6.36
2022-12-19,300847,17.64,17.03,17.81,17.0,55172,94972465.0,4.6,-3.35,-0.59,3.65,14.71,10.47,9.47,11.06,10.88,12.41,19.41,5.88,10.29,6.47,17.53,17.98,18.51,17.09,2.41,0.47,-2.11,-5.11,-4.4,-3.7,-4.58,0.41,-3.11,7.22
2022-12-20,300847,17.1,17.17,17.44,16.8,52528,89945180.0,3.76,0.82,0.14,3.48,11.79,10.77,12.38,12.2,13.75,20.83,7.14,11.61,7.74,6.01,17.48,17.88,18.36,17.27,-0.35,-2.91,-5.88,-5.18,-4.48,-5.36,-0.41,-3.9,6.35,5.36
2022-12-21,300847,16.94,16.51,17.11,16.39,76583,127487728.0,4.19,-3.84,-0.66,5.07,13.54,15.19,15.01,16.6,23.86,9.82,14.4,10.43,8.66,6.41,17.31,17.73,18.18,17.41,0.97,-2.12,-1.39,-0.67,-1.57,3.57,-0.06,10.6,9.57,4.12
2022-12-22,300847,16.51,15.89,16.67,15.75,45291,72921811.0,5.57,-3.76,-0.62,3.0,19.87,19.68,21.33,28.89,14.29,19.05,14.92,13.08,10.73,8.63,16.84,17.48,17.98,17.55,1.7,2.45,3.21,2.27,7.61,3.84,14.92,13.85,8.18,8.81
2022-12-23,300847,16.0,15.65,16.16,15.59,33071,52232642.0,3.59,-1.51,-0.24,2.19,20.91,22.58,30.21,15.46,20.27,16.1,14.24,11.87,9.75,6.93,16.45,17.18,17.83,17.68,4.03,4.79,3.83,9.27,5.43,16.68,15.59,9.84,10.48,7.35
2022-12-26,300847,16.02,16.2,16.28,15.53,35921,57487315.0,4.79,3.51,0.55,2.38,23.05,30.71,15.9,20.73,16.55,14.68,12.3,10.17,7.34,4.06,16.28,16.9,17.7,17.81,1.23,0.31,5.56,1.85,12.72,11.67,6.11,6.73,3.7,6.73
2022-12-27,300847,16.2,15.96,16.4,15.64,36920,58640968.0,4.69,-1.48,-0.24,2.44,29.8,15.09,19.88,15.73,13.87,11.51,9.4,6.59,3.32,4.09,16.04,16.76,17.61,17.9,1.82,7.14,3.38,14.41,13.35,7.71,8.33,5.26,8.33,4.57
2022-12-28,300847,15.8,15.59,16.25,15.46,28569,44951861.0,4.95,-2.32,-0.37,1.89,16.43,21.28,17.08,15.2,12.81,10.67,7.83,4.53,5.3,6.08,15.86,16.58,17.48,17.92,9.69,5.84,17.13,16.04,10.26,10.9,7.76,10.9,7.06,7.7
2022-12-29,300847,15.59,16.5,17.1,15.42,91605,151293685.0,10.78,5.84,0.91,6.07,21.6,17.38,15.5,13.1,10.96,8.11,4.8,5.58,6.36,5.38,15.98,16.41,17.33,17.92,0.0,10.67,9.64,4.18,4.79,1.82,4.79,1.15,1.76,2.61
2022-12-30,300847,16.34,15.8,16.5,15.72,66782,107320455.0,4.73,-4.24,-0.7,4.42,15.14,13.3,10.94,8.84,6.04,2.8,3.56,4.33,3.37,8.78,16.01,16.23,17.2,17.81,15.57,14.49,8.8,9.43,6.33,9.43,5.63,6.27,7.15,9.11
2023-01-03,300847,15.8,17.54,18.26,15.71,104667,179479685.0,16.14,11.01,1.74,6.93,13.37,11.01,8.91,6.11,2.86,3.63,4.39,3.44,8.85,5.03,16.28,16.28,17.13,17.76,3.14,-2.0,-1.43,-4.22,-1.43,-4.85,-4.28,-3.48,-1.71,-0.63
2023-01-04,300847,18.09,17.17,18.09,16.7,91088,155124616.0,7.92,-2.11,-0.37,6.03,4.43,2.46,-0.18,-3.23,-2.51,-1.8,-2.69,2.4,-1.2,9.34,16.52,16.28,17.08,17.67,0.12,0.7,-2.15,0.7,-2.8,-2.21,-1.4,0.41,1.51,6.17
2023-01-05,300847,17.0,17.07,17.19,16.75,64230,109242356.0,2.56,-0.58,-0.1,4.25,2.15,-0.48,-3.52,-2.81,-2.09,-2.99,2.09,-1.49,9.01,8.0,16.82,16.34,17.03,17.56,1.29,-1.58,1.29,-2.23,-1.64,-0.82,1.0,2.11,6.8,13.65
2023-01-06,300847,17.0,16.58,17.29,16.5,65770,110362098.0,4.63,-2.87,-0.49,4.35,1.03,-2.06,-1.33,-0.61,-1.52,3.64,0.0,10.67,9.64,4.18,16.83,16.41,16.94,17.46,1.33,4.28,0.66,1.27,2.11,3.98,5.13,9.95,17.01,17.19
2023-01-09,300847,16.6,16.4,16.8,16.18,61830,101348595.0,3.74,-1.09,-0.18,4.09,-0.12,0.62,1.36,0.43,5.69,1.98,12.86,11.8,6.24,6.86,16.95,16.48,16.83,17.38,5.43,1.77,2.38,3.23,5.12,6.28,11.16,18.29,18.48,17.07
2023-01-10,300847,16.4,16.6,17.29,15.89,109039,180403787.0,8.54,1.22,0.2,7.22,2.45,3.21,2.27,7.61,3.84,14.92,13.85,8.18,8.81,5.73,16.76,16.52,16.71,17.3,0.54,1.14,1.99,3.86,5.0,9.82,16.87,17.05,15.66,11.81
2023-01-11,300847,16.66,16.09,16.69,16.02,52207,84895000.0,4.04,-3.07,-0.51,3.46,2.37,1.44,6.74,3.0,13.98,12.92,7.3,7.93,4.87,7.93,16.55,16.53,16.65,17.25,4.35,5.22,7.15,8.33,13.3,20.57,20.76,19.33,15.35,18.02
2023-01-12,300847,16.39,16.44,16.79,15.89,68821,112278348.0,5.59,2.18,0.35,4.56,2.27,7.61,3.84,14.92,13.85,8.18,8.81,5.73,8.81,5.03,16.42,16.62,16.6,17.2,2.98,4.87,6.02,10.89,18.0,18.19,16.79,12.9,15.51,16.18
2023-01-13,300847,16.35,15.86,16.93,15.71,74405,120128850.0,7.42,-3.53,-0.58,4.93,8.85,5.03,16.23,15.15,9.42,10.06,6.94,10.06,6.24,6.87,16.28,16.55,16.48,17.07,8.7,9.9,14.94,22.32,22.51,21.06,17.02,19.74,20.43,37.96
2023-01-16,300847,15.76,16.83,17.24,15.76,119602,199448197.0,9.33,6.12,0.97,7.92,4.7,15.86,14.78,9.07,9.71,6.6,9.71,5.9,6.54,7.42,16.36,16.66,16.44,17.02,3.57,8.32,15.27,15.45,14.08,10.28,12.83,13.49,30.01,38.8
2023-01-17,300847,16.73,17.12,17.43,16.63,82110,139541617.0,4.75,1.72,0.29,5.44,9.8,8.78,3.37,3.97,1.02,3.97,0.36,0.96,1.8,3.67,16.47,16.62,16.45,16.96,6.48,13.32,13.49,12.15,8.41,10.92,11.57,27.8,36.45,32.59
2023-01-18,300847,17.2,17.85,18.23,16.86,104342,184648875.0,8.0,4.26,0.73,6.91,7.3,1.96,2.55,-0.36,2.55,-1.01,-0.42,0.42,2.25,3.38,16.82,16.68,16.48,16.95,8.68,8.85,7.56,3.98,6.39,7.0,22.58,30.87,27.17,17.09
2023-01-19,300847,17.9,19.2,19.4,17.63,133227,249297943.0,9.92,7.56,1.35,8.82,-2.5,-1.93,-4.71,-1.93,-5.33,-4.76,-3.97,-2.21,-1.13,3.4,17.37,16.9,16.62,16.99,1.2,0.0,-3.33,-1.09,-0.52,13.96,21.67,18.23,8.85,16.3
2023-01-20,300847,19.01,19.0,19.43,18.41,114551,216759375.0,5.31,-1.04,-0.2,7.58,-6.08,-8.75,-6.08,-9.34,-8.8,-8.04,-6.36,-5.32,-0.98,5.38,18.0,17.14,16.77,17.01,1.05,-2.32,-0.05,0.53,15.16,22.95,19.47,10.0,17.53,15.0
2023-01-30,300847,19.12,18.56,19.2,18.43,81578,152626569.0,4.05,-2.32,-0.44,5.4,-8.84,-6.19,-9.44,-8.9,-8.14,-6.46,-5.43,-1.09,5.26,5.43,18.35,17.35,16.92,17.0,0.0,2.32,2.91,17.89,25.86,22.31,12.61,20.31,17.73,22.31
2023-01-31,300847,18.38,18.03,18.56,17.96,76071,138667853.0,3.23,-2.86,-0.53,5.04,-3.73,-7.07,-6.51,-5.73,-4.01,-2.95,1.5,8.02,8.18,6.9,18.53,17.5,17.01,16.97,5.32,5.93,21.35,29.56,25.9,15.92,23.85,21.19,25.9,19.47
2023-02-01,300847,18.04,18.8,18.99,17.82,103568,191041877.0,6.49,4.27,0.77,6.86,-6.34,-5.78,-4.99,-3.25,-2.19,2.3,8.87,9.03,7.74,4.15,18.72,17.77,17.15,17.02,1.6,16.38,24.26,20.74,11.17,18.78,16.22,20.74,14.57,13.14
2023-02-02,300847,18.46,18.45,19.1,18.35,69842,129519332.0,3.99,-1.86,-0.35,4.62,-8.5,-7.74,-6.05,-5.01,-0.65,5.72,5.89,4.63,1.14,3.49,18.57,17.97,17.29,17.06,18.59,26.61,23.04,13.28,21.03,18.43,23.04,16.75,15.28,20.05
2023-02-03,300847,18.46,21.05,21.88,18.32,171926,340054082.0,19.3,14.09,2.6,11.38,-7.59,-5.9,-4.86,-0.49,5.9,6.06,4.8,1.31,3.66,4.26,18.98,18.49,17.52,17.15,10.97,7.84,-0.71,6.08,3.8,7.84,2.33,1.05,5.23,-2.8
2023-02-06,300847,20.41,22.3,23.36,20.41,197777,435512346.0,14.01,5.94,1.25,13.1,-15.53,-14.6,-10.68,-4.95,-4.8,-5.93,-9.06,-6.96,-6.42,7.2,19.73,19.04,17.85,17.31,1.79,-6.28,0.13,-2.02,1.79,-3.41,-4.62,-0.67,-8.25,-12.65
2023-02-07,300847,22.33,20.96,22.7,20.51,150858,323803001.0,9.82,-6.01,-1.34,9.99,-15.02,-11.12,-5.41,-5.27,-6.39,-9.51,-7.41,-6.87,6.68,13.9,20.31,19.42,18.02,17.44,-0.29,6.54,4.25,8.3,2.77,1.48,5.68,-2.39,-7.06,-6.54
2023-02-08,300847,20.61,20.34,20.9,20.0,94289,191737337.0,4.29,-2.96,-0.62,6.24,-8.85,-3.0,-2.85,-4.0,-7.2,-5.05,-4.5,9.4,16.8,13.5,20.62,19.67,18.18,17.54,9.78,7.42,11.6,5.9,4.57,8.9,0.59,-4.23,-3.69,-2.75
2023-02-09,300847,20.39,22.33,22.33,20.11,141734,303657206.0,10.91,9.78,1.99,9.38,-3.53,-3.38,-4.53,-7.71,-5.57,-5.02,8.8,16.16,12.88,3.93,21.4,19.98,18.44,17.74,-2.15,1.66,-3.54,-4.75,-0.81,-8.37,-12.76,-12.27,-11.42,-12.27
2023-02-10,300847,21.75,21.06,21.85,20.64,104068,220946235.0,5.42,-5.69,-1.27,6.89,-5.86,-6.98,-10.08,-7.99,-7.46,6.01,13.18,9.98,1.26,8.19,21.4,20.19,18.66,17.91,7.79,2.28,1.0,5.18,-2.85,-7.5,-6.98,-6.08,-6.98,-8.74
2023-02-13,300847,20.9,21.0,22.7,20.7,116575,251272398.0,9.5,-0.28,-0.06,7.72,-7.25,-10.34,-8.26,-7.73,5.7,12.85,9.66,0.97,7.87,5.56,21.14,20.43,18.89,18.09,2.57,1.29,5.48,-2.57,-7.24,-6.71,-5.81,-6.71,-8.48,-8.67
2023-02-14,300847,21.38,21.15,21.54,20.8,71605,151351632.0,3.52,0.71,0.15,4.74,-10.77,-8.7,-8.17,5.19,12.31,9.13,0.48,7.36,5.05,9.13,21.18,20.74,19.12,18.25,0.57,4.73,-3.26,-7.9,-7.38,-6.48,-7.38,-9.13,-9.31,-9.69
2023-02-15,300847,20.55,20.9,21.27,19.93,104888,215064709.0,6.34,-1.18,-0.25,6.95,-4.72,-4.16,9.78,17.21,13.9,4.87,12.04,9.63,13.9,8.08,21.29,20.95,19.36,18.42,5.98,-2.11,-6.79,-6.27,-5.36,-6.27,-8.04,-8.23,-8.61,-3.83
2023-02-16,300847,20.66,20.32,22.15,19.81,120976,253216098.0,11.2,-2.78,-0.58,8.01,-3.58,10.45,17.92,14.59,5.5,12.72,10.3,14.59,8.73,7.37,20.89,21.14,19.56,18.58,0.69,-4.13,-3.59,-2.66,-3.59,-5.41,-5.61,-6.0,-1.08,3.64
2023-02-17,300847,20.34,19.4,20.46,19.06,105746,206014666.0,6.89,-4.53,-0.92,7.0,14.8,22.56,19.1,9.65,17.16,14.64,19.1,13.01,11.59,16.21,20.55,20.98,19.73,18.67,0.41,0.98,1.96,0.98,-0.93,-1.13,-1.55,3.61,8.56,10.82
2023-02-20,300847,19.34,19.35,19.48,19.0,54551,104729106.0,2.47,-0.26,-0.05,3.61,22.95,19.47,10.0,17.53,15.0,19.47,13.37,11.95,16.58,7.68,20.22,20.68,19.86,18.79,1.24,2.22,1.24,-0.67,-0.88,-1.29,3.88,8.84,11.11,11.47
2023-02-21,300847,19.3,19.06,19.59,18.81,76441,146164172.0,4.03,-1.5,-0.29,5.06,20.68,11.11,18.71,16.16,20.68,14.51,13.08,17.76,8.77,3.56,19.81,20.49,19.96,18.84,3.78,2.78,0.84,0.63,0.21,5.46,10.49,12.8,13.17,6.51
2023-02-22,300847,19.06,19.46,19.78,18.8,73543,142323905.0,5.14,2.1,0.4,4.87,11.17,18.78,16.22,20.74,14.57,13.14,17.82,8.83,3.62,4.2,19.52,20.4,20.04,18.92,0.67,-1.23,-1.44,-1.85,3.29,8.22,10.48,10.84,4.32,0.67
2023-02-23,300847,19.45,18.86,19.59,18.64,63869,121246824.0,4.88,-3.08,-0.6,4.23,19.8,17.22,21.78,15.56,14.11,18.83,9.76,4.51,5.1,6.12,19.23,20.06,20.02,18.98,1.91,1.7,1.27,6.57,11.66,14.0,14.37,7.64,3.87,2.39
2023-02-24,300847,18.87,18.99,19.22,18.83,45774,87175789.0,2.07,0.69,0.13,3.03,16.04,20.55,14.39,12.96,17.63,8.66,3.45,4.04,5.05,4.04,19.14,19.85,20.02,19.06,1.0,0.58,5.85,10.9,13.22,13.59,6.9,3.16,1.69,-1.32
2023-02-27,300847,18.92,18.57,19.18,18.3,57138,106382238.0,4.63,-2.21,-0.42,3.78,24.04,17.7,16.23,21.04,11.8,6.45,7.05,8.09,7.05,5.03,18.99,19.61,20.02,19.13,2.85,8.24,13.41,15.78,16.16,9.32,5.49,3.98,0.92,3.02
2023-02-28,300847,18.49,18.76,19.1,18.3,73148,136676741.0,4.31,1.02,0.19,4.84,17.7,16.23,21.04,11.8,6.45,7.05,8.09,7.05,5.03,4.81,18.93,19.37,20.06,19.2,7.14,12.26,14.61,14.98,8.21,4.42,2.93,-0.11,1.97,1.55
2023-03-01,300847,18.98,19.51,20.1,18.55,104958,203853929.0,8.26,4.0,0.75,6.95,14.66,19.41,10.3,5.01,5.61,6.63,5.61,3.61,3.4,2.96,18.94,19.23,20.09,19.32,7.94,10.2,10.56,4.05,0.41,-1.03,-3.95,-1.95,-2.36,-3.38
2023-03-02,300847,19.64,20.61,21.06,19.3,171039,345421824.0,9.02,5.64,1.1,11.33,14.77,6.01,0.93,1.5,2.49,1.5,-0.41,-0.62,-1.04,4.15,19.29,19.26,20.2,19.46,4.32,4.66,-1.5,-4.95,-6.31,-9.07,-7.18,-7.57,-8.54,-11.84
2023-03-03,300847,20.5,20.31,21.5,19.95,136384,283341391.0,7.52,-1.46,-0.3,9.03,2.56,-2.36,-1.8,-0.85,-1.8,-3.66,-3.86,-4.26,0.75,5.56,19.55,19.35,20.16,19.6,6.2,-0.05,-3.55,-4.92,-7.73,-5.81,-6.2,-7.19,-10.54,-13.98
2023-03-06,300847,20.7,20.63,21.57,19.78,123282,254908315.0,8.81,1.58,0.32,8.16,-1.52,-0.96,0.0,-0.96,-2.83,-3.03,-3.44,1.62,6.47,8.7,19.96,19.48,20.08,19.73,-1.6,-5.04,-6.4,-9.16,-7.27,-7.66,-8.63,-11.92,-15.32,-16.43
2023-03-07,300847,19.96,18.68,20.3,18.49,145618,280457916.0,8.77,-9.45,-1.95,9.64,5.95,6.98,5.95,3.95,3.73,3.3,8.71,13.9,16.28,16.66,19.95,19.44,19.96,19.78,4.87,3.37,0.32,2.41,1.98,0.91,-2.73,-6.48,-7.71,-5.57
2023-03-08,300847,18.7,19.27,19.59,18.41,82719,157690739.0,6.32,3.16,0.59,5.48,7.44,6.41,4.4,4.18,3.75,9.18,14.39,16.78,17.16,10.27,19.9,19.42,19.91,19.83,0.21,-2.75,-0.73,-1.14,-2.18,-5.71,-9.34,-10.53,-8.46,-8.3
2023-03-09,300847,19.3,18.8,19.31,18.74,70615,133564044.0,2.96,-2.44,-0.47,4.68,4.54,2.56,2.35,1.92,7.26,12.38,14.73,15.1,8.32,4.54,19.54,19.41,19.73,19.82,-0.32,1.76,1.33,0.27,-3.35,-7.07,-8.3,-6.17,-6.01,-8.09
2023-03-10,300847,18.5,18.1,18.74,18.06,83551,152654759.0,3.62,-3.72,-0.7,5.53,6.42,6.2,5.76,11.3,16.61,19.05,19.44,12.4,8.47,6.92,19.1,19.32,19.59,19.79,5.69,5.25,4.14,0.39,-3.48,-4.75,-2.54,-2.38,-4.53,-5.03
2023-03-13,300847,17.8,19.1,19.13,17.5,93606,174533817.0,9.01,5.52,1.0,6.2,9.6,9.14,14.86,20.34,22.86,23.26,16.0,11.94,10.34,7.09,18.79,19.38,19.49,19.81,-0.26,-1.31,-4.87,-8.53,-9.74,-7.64,-7.49,-9.53,-10.0,-12.57
2023-03-14,300847,18.93,18.85,19.05,18.45,59703,111767096.0,3.14,-1.31,-0.25,3.95,3.52,8.94,14.15,16.53,16.91,10.03,6.18,4.66,1.57,3.69,18.82,19.39,19.38,19.83,0.0,-3.61,-7.32,-8.54,-6.42,-6.26,-8.33,-8.81,-11.41,-11.41
2023-03-15,300847,18.69,18.48,18.85,18.21,51332,94779600.0,3.4,-1.96,-0.37,3.4,10.38,15.65,18.07,18.45,11.48,7.58,6.04,2.91,5.05,4.61,18.67,19.28,19.26,19.82,-1.68,-5.47,-6.71,-4.55,-4.38,-6.49,-6.98,-9.63,-9.63,-12.61
2023-03-16,300847,18.15,17.21,18.17,17.03,103219,180900605.0,6.17,-6.87,-1.27,6.83,23.66,26.25,26.66,19.2,15.03,13.39,10.04,12.33,11.86,10.69,18.35,18.94,19.1,19.78,1.51,0.17,2.5,2.67,0.41,-0.12,-2.96,-2.96,-6.16,-7.79
2023-03-17,300847,17.41,17.07,17.47,16.91,70093,120065976.0,3.25,-0.81,-0.14,4.64,27.14,27.56,20.05,15.85,14.19,10.82,13.13,12.66,11.47,7.45,18.14,18.62,18.98,19.65,1.0,3.34,3.51,1.23,0.7,-2.17,-2.17,-5.39,-7.03,-8.96
2023-03-20,300847,17.08,16.77,17.24,16.57,75416,126900014.0,3.93,-1.76,-0.3,4.99,30.18,22.51,18.23,16.54,13.1,15.45,14.97,13.76,9.66,5.43,17.68,18.23,18.85,19.46,5.19,5.37,3.04,2.5,-0.42,-0.42,-3.7,-5.37,-7.33,-6.68
2023-03-21,300847,16.99,17.49,17.64,16.99,95748,166282542.0,3.88,4.29,0.72,6.34,19.48,15.3,13.66,10.3,12.6,12.12,10.95,6.95,2.83,1.47,17.4,18.11,18.78,19.35,1.03,-1.2,-1.72,-4.52,-4.52,-7.66,-9.26,-11.15,-10.52,-11.15
2023-03-22,300847,17.3,17.31,17.67,17.07,75561,131085272.0,3.43,-1.03,-0.18,5.0,14.76,13.12,9.78,12.07,11.6,10.43,6.44,2.34,1.0,3.34,17.17,17.92,18.67,19.25,-0.17,-0.69,-3.52,-3.52,-6.7,-8.32,-10.23,-9.59,-10.23,-4.91
2023-03-23,300847,17.16,17.09,17.28,16.87,67750,115488941.0,2.37,-1.27,-0.22,4.49,14.46,11.08,13.4,12.92,11.74,7.71,3.56,2.19,4.56,4.74,17.15,17.75,18.58,19.07,0.59,-2.28,-2.28,-5.5,-7.14,-9.07,-8.43,-9.07,-3.69,-5.5
2023-03-24,300847,17.19,16.7,17.19,16.6,61415,103001936.0,3.45,-2.28,-0.39,4.07,12.89,15.24,14.76,13.55,9.46,5.24,3.86,6.27,6.45,4.1,17.07,17.61,18.47,18.93,0.0,0.0,-3.29,-4.97,-6.95,-6.29,-6.95,-1.44,-3.29,-1.02
2023-03-27,300847,16.7,16.16,16.7,16.1,84136,137296060.0,3.59,-3.23,-0.54,5.57,18.82,18.32,17.08,12.86,8.51,7.08,9.57,9.75,7.33,6.77,16.95,17.31,18.35,18.77,3.34,-0.06,-1.79,-3.84,-3.16,-3.84,1.86,-0.06,2.29,-3.16
2023-03-28,300847,16.28,16.13,16.7,16.01,80156,130859801.0,4.27,-0.19,-0.03,5.31,18.99,17.74,13.49,9.12,7.68,10.18,10.37,7.93,7.37,4.31,16.68,17.04,18.21,18.6,0.12,-1.61,-3.66,-2.98,-3.66,2.05,0.12,2.48,-2.98,-3.78
2023-03-29,300847,16.13,15.82,16.15,15.75,60847,96588963.0,2.48,-1.92,-0.31,4.03,19.68,15.37,10.92,9.46,12.0,12.19,9.71,9.14,6.03,6.03,16.38,16.77,18.03,18.43,0.32,-1.77,-1.07,-1.77,4.05,2.09,4.49,-1.07,-1.9,-2.34
2023-03-30,300847,15.84,15.23,15.87,15.1,97381,149811714.0,4.87,-3.73,-0.59,6.45,20.33,15.7,14.17,16.82,17.02,14.44,13.84,10.6,10.6,6.95,16.01,16.58,17.76,18.26,2.04,2.76,2.04,8.08,6.04,8.54,2.76,1.9,1.44,0.13
2023-03-31,300847,15.22,15.29,15.54,15.15,61926,94824475.0,2.56,0.39,0.06,4.1,15.31,13.8,16.44,16.63,14.06,13.47,10.23,10.23,6.6,4.75,15.73,16.4,17.51,18.12,2.35,1.64,7.65,5.62,8.11,2.35,1.5,1.05,-0.26,0.26
2023-04-03,300847,15.3,15.49,15.65,15.3,70804,109743775.0,2.29,1.31,0.2,4.69,12.68,15.29,15.49,12.94,12.35,9.15,9.15,5.56,3.73,1.57,15.59,16.27,17.25,17.99,0.32,6.26,4.26,6.71,1.03,0.19,-0.26,-1.55,-1.03,-1.16
2023-04-04,300847,15.45,15.12,15.54,14.87,121889,184755969.0,4.33,-2.39,-0.37,8.07,18.63,18.83,16.21,15.6,12.31,12.31,8.61,6.72,4.51,5.25,15.39,16.03,17.07,17.86,8.86,6.81,9.33,3.51,2.65,2.18,0.86,1.39,1.26,-0.79
2023-04-06,300847,15.12,16.34,16.46,14.89,197865,314015005.0,10.38,8.07,1.22,13.1,18.67,16.05,15.45,12.16,12.16,8.46,6.58,4.37,5.1,4.37,15.49,15.94,16.93,17.76,-1.16,1.16,-4.22,-5.02,-5.45,-6.67,-6.18,-6.3,-8.2,-9.3
2023-04-07,300847,16.13,16.03,16.15,15.7,111931,178168045.0,2.75,-1.9,-0.31,7.41,10.06,9.49,6.37,6.37,2.87,1.08,-1.02,-0.32,-1.02,4.84,15.65,15.83,16.79,17.66,3.12,-2.37,-3.18,-3.62,-4.87,-4.37,-4.49,-6.43,-7.55,-4.05
2023-04-10,300847,16.43,15.56,16.53,15.4,114026,181481199.0,7.05,-2.93,-0.47,7.55,11.62,8.44,8.44,4.87,3.05,0.91,1.62,0.91,6.88,4.87,15.71,15.72,16.66,17.55,0.58,-0.26,-0.71,-1.99,-1.48,-1.61,-3.6,-4.76,-1.16,-4.43
2023-04-11,300847,15.63,15.33,15.65,15.2,55008,84199390.0,2.89,-1.48,-0.23,3.64,9.87,9.87,6.25,4.41,2.24,2.96,2.24,8.29,6.25,8.75,15.68,15.63,16.47,17.44,1.24,0.78,-0.52,0.0,-0.13,-2.15,-3.33,0.33,-3.0,-6.2
2023-04-12,300847,15.35,15.4,15.52,15.26,48091,74067602.0,1.7,0.46,0.07,3.18,9.44,5.83,4.0,1.83,2.56,1.83,7.86,5.83,8.32,2.56,15.73,15.56,16.3,17.33,0.32,-0.97,-0.45,-0.58,-2.6,-3.77,-0.13,-3.44,-6.62,-5.52
2023-04-13,300847,15.4,15.1,15.45,15.08,60692,92173954.0,2.4,-1.95,-0.3,4.02,7.1,5.24,3.05,3.78,3.05,9.15,7.1,9.62,3.78,2.92,15.48,15.49,16.13,17.18,0.99,1.52,1.39,-0.66,-1.85,1.85,-1.52,-4.77,-3.64,-1.59
2023-04-14,300847,15.08,14.96,15.25,14.96,51637,77760646.0,1.92,-0.93,-0.14,3.42,6.08,3.88,4.61,3.88,10.03,7.95,10.49,4.61,3.74,3.28,15.27,15.46,16.02,16.99,2.47,2.34,0.27,-0.94,2.81,-0.6,-3.88,-2.74,-0.67,-2.41
2023-04-17,300847,14.88,15.09,15.33,14.72,68179,102340177.0,4.08,0.87,0.13,4.51,5.57,6.32,5.57,11.82,9.71,12.3,6.32,5.43,4.96,3.6,15.18,15.44,15.92,16.82,1.46,-0.6,-1.79,1.92,-1.46,-4.71,-3.58,-1.52,-3.25,0.33
2023-04-18,300847,15.31,15.05,15.31,14.88,61071,92009640.0,2.85,-0.27,-0.04,4.04,5.17,4.44,10.62,8.53,11.09,5.17,4.3,3.83,2.49,3.02,15.12,15.4,15.83,16.63,-0.33,-1.53,2.19,-1.2,-4.45,-3.32,-1.26,-2.99,0.6,-0.4
2023-04-19,300847,15.0,14.6,15.0,14.55,83692,122930230.0,2.99,-2.99,-0.45,5.54,6.8,13.13,11.0,13.61,7.56,6.67,6.19,4.81,5.36,5.22,14.96,15.35,15.69,16.5,1.51,5.34,1.85,-1.51,-0.34,1.78,0.0,3.7,2.67,18.29
2023-04-20,300847,14.6,14.64,14.82,14.39,48723,70984696.0,2.95,0.27,0.04,3.23,14.38,12.23,14.87,8.76,7.85,7.37,5.98,6.53,6.39,4.24,14.87,15.18,15.56,16.34,5.05,1.57,-1.78,-0.61,1.5,-0.27,3.42,2.39,17.96,41.53
2023-04-21,300847,14.51,14.87,15.38,14.5,125531,189691560.0,6.01,1.57,0.23,8.31,11.38,14.0,7.93,7.03,6.55,5.17,5.72,5.59,3.45,2.21,14.85,15.06,15.45,16.21,0.0,-3.3,-2.15,-0.07,-1.82,1.82,0.81,16.14,39.34,36.72
2023-04-24,300847,14.75,14.61,14.87,13.96,92788,133338371.0,6.12,-1.75,-0.26,6.14,18.41,12.11,11.17,10.67,9.24,9.81,9.67,7.45,6.16,10.17,14.75,14.96,15.34,16.1,-1.57,-0.41,1.71,-0.07,3.63,2.6,18.21,41.82,39.15,41.68
2023-04-25,300847,14.35,13.98,14.38,13.66,89241,124643397.0,4.93,-4.31,-0.63,5.91,14.57,13.62,13.1,11.64,12.23,12.08,9.81,8.49,12.59,8.86,14.54,14.83,15.23,15.93,4.08,6.29,4.43,8.3,7.22,23.53,48.21,45.42,48.07,41.34
2023-04-26,300847,13.98,14.27,14.55,13.88,64517,92685901.0,4.79,2.07,0.29,4.27,11.82,11.31,9.87,10.45,10.3,8.07,6.77,10.81,7.13,3.6,14.47,14.72,15.14,15.77,4.13,2.31,6.1,5.05,21.02,45.2,42.47,45.06,38.47,63.0
2023-04-27,300847,14.1,14.66,14.86,13.89,92228,133472297.0,6.8,2.73,0.39,6.11,11.23,9.79,10.37,10.22,7.99,6.7,10.73,7.06,3.53,4.75,14.48,14.67,15.08,15.65,-0.41,3.27,2.25,17.8,41.34,38.68,41.2,34.79,58.66,70.46
2023-04-28,300847,14.6,14.48,14.6,14.02,92541,132437082.0,3.96,-1.23,-0.18,6.13,8.77,9.34,9.2,6.99,5.71,9.7,6.06,2.57,3.78,5.99,14.4,14.62,15.04,15.55,4.56,3.52,19.27,43.09,40.4,42.96,36.46,60.64,72.58,86.46
2023-05-04,300847,14.45,14.79,15.14,14.37,108521,161500243.0,5.32,2.14,0.31,7.19,6.68,6.54,4.38,3.13,7.03,3.48,0.07,1.25,3.41,1.6,14.44,14.59,15.02,15.48,1.35,16.77,40.09,37.46,39.96,33.6,57.27,68.97,82.56,82.29
2023-05-05,300847,14.7,14.39,14.99,14.23,85064,123748175.0,5.14,-2.7,-0.4,5.63,7.59,5.41,4.15,8.08,4.5,1.05,2.25,4.43,2.6,6.39,14.52,14.53,14.96,15.4,20.01,43.99,41.28,43.85,37.32,61.64,73.66,87.63,87.35,80.06
2023-05-08,300847,14.39,17.27,17.27,14.39,284923,469996033.0,20.01,20.01,2.88,18.87,4.24,2.99,6.88,3.34,-0.07,1.11,3.27,1.46,5.21,4.17,15.12,14.8,15.07,15.39,19.98,17.72,19.86,14.42,34.68,44.7,56.34,56.11,50.03,42.27
2023-05-09,300847,18.66,20.58,20.72,18.18,556335,1092461757.0,14.71,19.17,3.31,36.84,-18.48,-15.4,-18.21,-20.9,-19.97,-18.26,-19.69,-16.72,-17.55,-5.01,16.3,15.39,15.28,15.5,-1.21,0.58,-3.98,13.02,21.43,31.2,31.0,25.9,19.39,15.79
2023-05-10,300847,19.35,19.9,20.33,19.05,388780,765433282.0,6.22,-3.3,-0.68,25.74,-19.27,-21.94,-24.51,-23.62,-21.99,-23.36,-20.52,-21.31,-9.34,8.77,17.39,15.89,15.48,15.59,4.02,-0.7,16.88,25.58,35.68,35.48,30.2,23.47,19.75,10.55
2023-05-11,300847,20.3,18.4,20.7,18.18,319625,598439711.0,12.66,-7.54,-1.5,21.16,-18.21,-20.9,-19.97,-18.26,-19.69,-16.72,-17.55,-5.01,13.97,11.83,18.11,16.27,15.62,15.65,7.39,26.41,35.82,46.74,46.52,40.82,33.53,29.51,19.57,26.03
2023-05-12,300847,18.05,19.38,19.76,17.23,413229,759017467.0,13.75,5.33,0.98,27.36,-16.54,-15.55,-13.76,-15.26,-12.13,-13.0,0.23,20.26,17.99,20.14,19.11,16.81,15.82,15.76,20.02,28.95,39.32,39.11,33.69,26.78,22.96,13.52,19.66,20.23
2023-05-15,300847,18.36,23.26,23.26,18.2,530313,1092501617.0,26.11,20.02,3.88,35.11,-20.05,-18.35,-19.78,-16.81,-17.64,-5.11,13.85,11.7,13.74,8.57,20.3,17.71,16.21,16.0,7.44,16.08,15.91,11.39,5.63,2.45,-5.42,-0.3,0.17,5.12
2023-05-16,300847,22.21,22.88,24.99,22.2,578668,1371267338.0,11.99,-1.63,-0.38,38.32,-33.06,-34.23,-31.8,-32.48,-22.21,-6.67,-8.42,-6.76,-10.99,4.77,20.76,18.53,16.6,16.23,18.01,17.83,13.24,7.39,4.15,-3.85,1.35,1.84,6.86,3.5
2023-05-17,300847,22.49,25.86,27.0,21.58,568088,1395713650.0,23.69,13.02,2.98,37.62,-32.34,-29.84,-30.54,-19.97,-3.99,-5.79,-4.08,-8.43,7.78,15.8,21.96,19.67,17.15,16.59,4.25,0.19,-4.99,-7.85,-14.93,-10.32,-9.9,-5.45,-8.43,-1.31
2023-05-18,300847,24.99,26.47,26.96,24.4,522195,1330851865.0,9.9,2.36,0.61,34.58,-37.95,-38.57,-29.22,-15.08,-16.68,-15.16,-19.02,-4.67,2.42,10.66,23.57,20.84,17.72,16.96,-2.12,-7.18,-9.97,-16.89,-12.39,-11.98,-7.63,-10.54,-3.59,-3.06
2023-05-19,300847,25.5,24.43,25.91,23.57,449197,1116184999.0,8.84,-7.71,-2.04,29.74,-36.4,-26.73,-12.09,-13.75,-12.18,-16.16,-1.32,6.02,14.55,14.38,24.58,21.84,18.19,17.26,0.57,-2.46,-9.95,-5.08,-4.63,0.08,-3.07,4.46,5.03,5.77
2023-05-22,300847,23.0,23.33,24.57,22.8,324507,767628800.0,7.25,-4.5,-1.1,21.49,-24.25,-9.12,-10.83,-9.21,-13.33,2.02,9.61,18.42,18.25,13.64,24.59,22.45,18.62,17.53,2.14,-5.7,-0.6,-0.13,4.8,1.5,9.39,9.99,10.76,6.22
2023-05-23,300847,23.29,21.39,23.83,20.42,436855,942503603.0,14.62,-8.32,-1.94,28.93,1.47,-0.44,1.37,-3.23,13.91,22.38,32.22,32.03,26.89,20.32,24.3,22.53,18.96,17.7,2.85,8.42,8.93,14.31,10.71,19.31,19.96,20.8,15.85,15.47
2023-05-24,300847,20.71,21.03,22.0,20.58,318772,674670438.0,6.64,-1.68,-0.36,21.11,-1.21,0.58,-3.98,13.02,21.43,31.2,31.0,25.9,19.39,15.79,23.33,22.64,19.27,17.87,10.27,10.79,16.26,12.6,21.35,22.02,22.87,17.83,17.45,10.56
2023-05-25,300847,20.86,22.42,23.19,20.86,416607,916996432.0,11.08,6.61,1.39,27.59,-0.77,-5.27,11.51,19.8,29.43,29.24,24.21,17.79,14.24,5.47,22.52,23.04,19.66,18.09,3.93,9.05,5.62,13.83,14.45,15.25,10.53,10.17,3.7,2.45
2023-05-26,300847,21.64,22.23,23.3,20.45,399030,876759444.0,12.71,-0.85,-0.19,26.42,-3.37,13.74,22.2,32.03,31.83,26.7,20.15,16.53,7.58,13.4,22.08,23.33,20.07,18.32,9.99,6.52,14.8,15.43,16.24,11.47,11.11,4.59,3.33,2.47
2023-05-29,300847,22.23,23.2,24.45,21.91,412421,953239954.0,11.43,4.36,0.97,27.31,6.16,14.06,23.23,23.05,18.26,12.14,8.76,0.41,5.84,6.34,22.05,23.32,20.52,18.58,2.07,10.0,10.6,11.38,6.81,6.47,0.22,-0.99,-1.81,-1.9
2023-05-30,300847,22.25,22.46,23.68,22.1,350955,795340836.0,6.81,-3.19,-0.74,23.24,13.08,22.17,21.99,17.24,11.18,7.83,-0.45,4.93,5.43,10.63,22.27,23.28,20.91,18.83,13.62,14.25,15.05,10.33,9.97,3.52,2.27,1.42,1.34,0.04
2023-05-31,300847,21.96,23.9,25.52,21.7,496646,1181178843.0,17.01,6.41,1.44,32.88,24.42,24.24,19.4,13.23,9.82,1.38,6.87,7.37,12.67,9.12,22.84,23.09,21.38,19.13,7.36,8.12,3.68,3.35,-2.72,-3.89,-4.69,-4.77,-5.98,-1.72
2023-06-01,300847,23.11,24.72,25.66,22.7,483611,1166692371.0,12.38,3.43,0.82,32.02,18.77,14.14,8.24,4.98,-3.08,2.16,2.64,7.71,4.32,12.42,23.3,22.91,21.88,19.45,4.53,0.24,-0.08,-5.95,-7.08,-7.85,-7.93,-9.1,-4.98,-7.93
2023-06-02,300847,24.12,22.91,25.84,22.89,437086,1067774329.0,11.93,-7.32,-1.81,28.94,13.19,7.34,4.11,-3.89,1.31,1.79,6.82,3.45,11.49,12.1,23.44,22.76,22.3,19.71,8.16,7.81,1.48,0.26,-0.57,-0.65,-1.92,2.53,-0.65,4.1
2023-06-05,300847,22.62,23.93,24.78,22.62,350576,835725579.0,9.43,4.45,1.02,23.21,8.62,5.35,-2.74,2.52,3.01,8.09,4.69,12.82,13.44,14.24,23.58,22.82,22.63,20.02,3.22,-2.84,-4.01,-4.81,-4.89,-6.1,-1.84,-4.89,-0.33,0.88
2023-06-06,300847,23.94,23.5,24.7,22.93,319460,758032632.0,7.4,-1.8,-0.43,21.15,3.92,-4.06,1.13,1.61,6.63,3.27,11.3,11.91,12.69,8.07,23.79,23.03,22.78,20.32,-1.06,-2.26,-3.06,-3.15,-4.38,-0.04,-3.15,1.49,2.72,7.19
2023-06-07,300847,23.01,22.54,23.25,21.7,290585,651637690.0,6.6,-4.09,-0.96,19.24,1.38,6.87,7.37,12.67,9.12,17.6,18.25,19.08,14.19,13.82,23.52,23.18,22.91,20.57,1.91,1.06,0.98,-0.31,4.21,0.98,5.81,7.1,11.76,8.16
2023-06-08,300847,22.19,22.14,22.97,21.88,195832,439570956.0,4.84,-1.77,-0.4,12.97,5.99,6.49,11.75,8.23,16.64,17.28,18.1,13.25,12.89,6.26,23.0,23.15,23.1,20.82,2.89,2.8,1.49,6.1,2.8,7.72,9.03,13.78,10.12,6.05
2023-06-09,300847,22.18,22.41,22.78,21.14,236269,521489571.0,7.41,1.22,0.27,15.64,10.22,15.66,12.02,20.72,21.38,22.23,17.22,16.84,9.98,8.66,22.9,23.17,23.25,21.1,1.56,0.27,4.82,1.56,6.43,7.72,12.41,8.79,4.77,4.24
2023-06-12,300847,22.05,21.87,22.76,21.77,200813,446666737.0,4.42,-2.41,-0.54,13.3,12.31,8.77,17.23,17.87,18.7,13.83,13.46,6.8,5.51,4.64,22.49,23.04,23.18,21.36,2.74,7.41,4.07,9.05,10.38,15.18,11.48,7.36,6.81,5.17
2023-06-13,300847,21.93,22.42,22.47,21.26,205688,450811339.0,5.53,2.51,0.55,13.62,11.38,20.04,20.7,21.54,16.56,16.18,9.36,8.04,7.15,7.06,22.28,23.03,23.16,21.62,4.77,1.52,6.38,7.67,12.36,8.74,4.73,4.19,2.59,7.63
2023-06-14,300847,22.36,22.77,23.49,22.1,301023,688190904.0,6.2,1.56,0.35,19.93,15.48,16.11,16.92,12.13,11.76,5.2,3.94,3.08,2.99,1.67,22.32,22.92,23.0,21.89,-0.04,4.74,6.02,10.63,7.07,3.12,2.59,1.01,5.97,5.31
2023-06-15,300847,22.42,21.64,22.76,21.59,244901,540431007.0,5.14,-4.96,-1.13,16.22,18.85,19.69,14.78,14.4,7.69,6.39,5.51,5.42,4.08,8.8,22.22,22.61,22.76,22.12,10.21,11.55,16.4,12.66,8.5,7.95,6.28,11.51,10.81,11.28
2023-06-16,300847,21.64,22.77,23.85,21.64,347723,798798059.0,10.21,5.22,1.13,23.02,19.41,14.51,14.14,7.44,6.15,5.27,5.18,3.84,8.55,5.18,22.29,22.6,22.68,22.4,6.02,10.63,7.07,3.12,2.59,1.01,5.97,5.31,5.75,8.87
2023-06-19,300847,22.48,23.68,24.14,22.45,343552,808113376.0,7.42,4.0,0.91,22.75,10.38,10.02,3.56,2.32,1.47,1.38,0.09,4.63,1.38,6.24,22.66,22.57,22.7,22.61,6.38,2.96,-0.84,-1.35,-2.87,1.9,1.27,1.69,4.69,-2.79
2023-06-20,300847,23.5,24.14,25.19,22.81,408683,989519118.0,10.05,1.94,0.46,27.06,8.29,1.93,0.7,-0.13,-0.22,-1.49,2.98,-0.22,4.56,5.83,23.0,22.64,22.83,22.73,0.99,-2.73,-3.23,-4.72,-0.04,-0.66,-0.25,2.69,-4.64,-8.49
2023-06-21,300847,23.95,23.01,24.38,23.0,244311,576811281.0,5.72,-4.68,-1.13,16.18,1.09,-0.13,-0.96,-1.04,-2.3,2.13,-1.04,3.7,4.96,9.52,23.05,22.68,22.93,22.84,2.04,1.52,-0.04,4.87,4.22,4.65,7.74,0.04,-4.0,-7.04
2023-06-26,300847,23.12,21.69,23.48,21.25,227624,505805299.0,9.69,-5.74,-1.32,15.07,8.09,7.2,7.11,5.74,10.54,7.11,12.24,13.6,18.54,14.73,23.06,22.64,22.9,22.95,7.7,6.04,11.25,10.56,11.02,14.29,6.13,1.84,-1.38,-4.24
2023-06-27,300847,21.75,23.07,23.36,21.01,287314,647345462.0,10.83,6.36,1.38,19.02,8.42,8.33,6.95,11.8,8.33,13.52,14.9,19.9,16.04,11.76,23.12,22.71,22.94,23.07,-0.3,4.59,3.94,4.38,7.46,-0.22,-4.25,-7.28,-9.97,-9.88
2023-06-28,300847,22.76,22.01,23.0,21.67,227469,508336239.0,5.77,-4.59,-1.06,15.06,5.03,3.69,8.4,5.03,10.06,11.4,16.24,12.51,8.35,7.8,22.78,22.72,22.88,23.03,9.63,8.95,9.4,12.63,4.59,0.36,-2.82,-5.63,-5.54,-8.31
2023-06-29,300847,22.0,23.68,24.13,21.58,341785,796081758.0,11.59,7.59,1.67,22.63,4.12,8.85,5.47,10.52,11.86,16.73,12.97,8.8,8.25,6.58,22.69,22.85,22.94,23.05,1.27,1.69,4.69,-2.79,-6.71,-9.67,-12.29,-12.2,-14.78,-17.69
2023-06-30,300847,23.74,22.95,23.98,22.71,251201,579871951.0,5.36,-3.08,-0.73,16.63,3.43,0.22,5.02,6.3,10.92,7.35,3.39,2.86,1.28,6.25,22.68,22.86,22.89,22.96,4.92,8.02,0.31,-3.75,-6.8,-9.5,-9.41,-12.07,-15.08,-13.55
2023-07-03,300847,22.94,23.84,24.08,22.53,317841,747857425.0,6.75,3.88,0.89,21.05,1.02,5.86,7.15,11.81,8.21,4.22,3.68,2.09,7.1,6.44,23.11,23.08,22.85,22.87,3.98,-3.44,-7.34,-10.28,-12.88,-12.79,-15.35,-18.25,-16.78,-16.61
2023-07-04,300847,23.5,23.09,24.79,22.98,335502,801682026.0,7.59,-3.15,-0.75,22.21,3.79,5.05,9.62,6.09,2.18,1.65,0.09,5.0,4.35,4.79,23.11,23.12,22.86,22.82,-0.3,-4.33,-7.36,-10.05,-9.96,-12.6,-15.59,-14.08,-13.9,-13.56
2023-07-05,300847,22.63,21.93,23.02,21.85,255616,569717543.0,5.07,-5.02,-1.16,16.93,10.48,15.29,11.58,7.46,6.91,5.26,10.43,9.75,10.21,13.46,23.1,22.94,22.76,22.78,0.73,-2.46,-5.29,-5.2,-7.98,-11.13,-9.53,-9.35,-8.98,-9.94
2023-07-06,300847,21.64,21.52,22.09,21.5,164205,357394473.0,2.69,-1.87,-0.41,10.87,17.16,13.4,9.21,8.65,6.98,12.23,11.53,12.0,15.3,7.07,22.67,22.68,22.66,22.78,-0.6,-3.49,-3.39,-6.23,-9.43,-7.81,-7.62,-7.25,-8.22,-11.25
2023-07-07,300847,21.22,20.31,21.39,20.23,190607,396803358.0,5.39,-5.62,-1.21,12.62,20.51,16.07,15.47,13.69,19.28,18.54,19.03,22.54,13.79,9.19,22.14,22.41,22.55,22.76,2.26,2.36,-0.64,-4.04,-2.31,-2.12,-1.72,-2.76,-5.96,-6.94
2023-07-10,300847,20.51,20.56,20.77,19.97,97427,199070989.0,3.94,1.23,0.25,3.29,17.58,16.98,15.17,20.83,20.08,20.58,24.14,15.27,10.62,7.11,21.48,22.3,22.47,22.7,1.12,-1.85,-5.2,-3.5,-3.31,-2.92,-3.94,-7.1,-8.07,-7.0
2023-07-11,300847,20.57,20.22,20.79,20.21,99355,203390992.0,2.82,-1.65,-0.34,3.36,15.59,13.81,19.4,18.65,19.15,22.66,13.9,9.3,5.84,2.77,20.91,22.01,22.36,22.63,-0.2,-3.61,-1.88,-1.68,-1.29,-2.32,-5.54,-6.53,-5.44,-3.86
2023-07-12,300847,20.1,19.19,20.18,19.11,153283,299178198.0,5.29,-5.09,-1.03,5.18,20.36,26.27,25.48,26.01,29.72,20.46,15.59,11.93,8.69,8.79,20.36,21.73,22.22,22.5,1.56,3.39,3.6,4.01,2.92,-0.47,-1.51,-0.36,1.3,2.03
2023-07-13,300847,19.27,19.27,19.49,19.17,80099,154865678.0,1.67,0.42,0.08,2.71,25.87,25.09,25.61,29.32,20.08,15.23,11.58,8.35,8.45,5.27,19.91,21.29,22.07,22.39,2.96,3.17,3.58,2.49,-0.88,-1.92,-0.78,0.88,1.61,3.01
2023-07-14,300847,19.27,19.55,19.84,19.18,93028,181848885.0,3.43,1.45,0.28,3.14,25.03,25.55,29.25,20.02,15.17,11.52,8.29,8.39,5.21,1.62,19.76,20.95,21.91,22.24,1.69,2.1,1.02,-2.3,-3.32,-2.2,-0.56,0.15,1.53,-1.48
2023-07-17,300847,19.3,19.49,19.88,19.22,77829,152192980.0,3.38,-0.31,-0.06,2.63,25.29,28.98,19.77,14.93,11.29,8.06,8.17,4.99,1.4,3.23,19.54,20.51,21.8,22.07,2.41,1.33,-2.0,-3.03,-1.9,-0.26,0.46,1.85,-1.18,-0.46
2023-07-18,300847,19.5,19.59,19.96,19.32,94871,186689827.0,3.28,0.51,0.1,3.2,28.31,19.15,14.34,10.71,7.51,7.61,4.45,0.88,2.69,2.9,19.42,20.16,21.64,21.96,0.82,-2.5,-3.52,-2.4,-0.77,-0.05,1.33,-1.68,-0.97,-1.23
2023-07-19,300847,19.5,19.01,19.75,18.8,105731,202499053.0,4.85,-2.96,-0.58,3.57,22.45,17.5,13.78,10.48,10.59,7.34,3.67,5.53,5.74,6.17,19.38,19.87,21.41,21.8,0.47,-0.58,0.58,2.26,3.0,4.42,1.32,2.05,1.79,-1.84
2023-07-20,300847,18.95,18.8,19.1,18.68,63419,119522286.0,2.21,-1.1,-0.21,2.14,18.25,14.51,11.19,11.3,8.03,4.34,6.21,6.42,6.85,5.73,19.29,19.6,21.14,21.64,0.53,1.7,3.4,4.15,5.59,2.45,3.19,2.93,-0.74,-2.23
2023-07-21,300847,18.9,18.39,18.9,18.36,57520,106557312.0,2.87,-2.18,-0.41,1.94,16.5,13.13,13.24,9.91,6.15,8.06,8.28,8.71,7.57,4.03,19.06,19.41,20.91,21.5,3.97,5.71,6.47,7.94,4.73,5.49,5.22,1.47,-0.05,0.16
2023-07-24,300847,18.33,18.78,19.12,18.31,80032,150870680.0,4.4,2.12,0.39,2.7,13.44,13.54,10.21,6.44,8.36,8.57,9.01,7.86,4.31,3.22,18.91,19.23,20.76,21.39,3.51,4.26,5.7,2.56,3.3,3.04,-0.64,-2.13,-1.92,-2.18
2023-07-25,300847,19.1,19.33,19.44,18.78,97834,187311061.0,3.51,2.93,0.55,3.31,10.7,7.45,3.78,5.64,5.86,6.28,5.17,1.7,0.64,1.81,18.86,19.14,20.58,21.29,1.29,2.69,-0.36,0.36,0.1,-3.47,-4.91,-4.71,-4.97,-5.07
2023-07-26,300847,19.17,18.87,19.58,18.84,68851,131711737.0,3.83,-2.38,-0.46,2.33,7.11,3.45,5.31,5.52,5.94,4.83,1.38,0.32,1.49,3.18,18.83,19.11,20.42,21.19,5.19,2.07,2.81,2.54,-1.11,-2.6,-2.38,-2.65,-2.76,-4.08
2023-07-27,300847,18.81,19.57,19.85,18.8,158331,308244105.0,5.56,3.71,0.7,5.35,3.67,5.53,5.74,6.17,5.05,1.6,0.53,1.7,3.4,4.15,18.99,19.14,20.21,21.09,-1.58,-0.87,-1.12,-4.65,-6.08,-5.88,-6.13,-6.23,-7.51,-7.82
2023-07-28,300847,19.15,19.05,19.26,18.58,104674,197879721.0,3.47,-2.66,-0.52,3.54,6.78,7.0,7.43,6.3,2.8,1.72,2.91,4.63,5.38,6.84,19.12,19.09,20.02,20.97,1.84,1.57,-2.05,-3.52,-3.31,-3.57,-3.67,-4.99,-5.3,-5.83
2023-07-31,300847,19.05,19.37,19.4,18.88,83616,160350938.0,2.73,1.68,0.32,2.82,5.3,5.72,4.61,1.17,0.11,1.27,2.97,3.71,5.14,2.01,19.24,19.08,19.79,20.89,-0.1,-3.67,-5.11,-4.9,-5.16,-5.27,-6.56,-6.87,-7.38,-6.56
2023-08-01,300847,19.35,18.62,19.35,18.53,96581,181027557.0,4.23,-3.87,-0.75,3.26,7.72,6.58,3.08,2.0,3.18,4.91,5.67,7.12,3.94,4.7,19.1,18.98,19.57,20.75,0.21,-1.29,-1.07,-1.34,-1.45,-2.79,-3.11,-3.65,-2.79,-3.33
2023-08-02,300847,18.6,18.27,18.66,18.13,66985,122570779.0,2.85,-1.88,-0.35,2.26,8.94,5.35,4.25,5.46,7.23,8.0,9.49,6.23,7.0,6.73,18.98,18.9,19.39,20.57,0.6,0.82,0.55,0.44,-0.93,-1.26,-1.81,-0.93,-1.48,-2.74
2023-08-03,300847,18.38,18.0,18.38,17.85,67341,121198438.0,2.9,-1.48,-0.27,2.27,7.0,5.88,7.11,8.91,9.69,11.2,7.9,8.68,8.4,4.54,18.66,18.82,19.21,20.37,2.33,2.06,1.94,0.56,0.22,-0.33,0.56,0.0,-1.28,0.11
2023-08-04,300847,18.07,18.19,18.42,17.9,57229,104367047.0,2.89,1.06,0.19,1.93,5.59,6.82,8.6,9.39,10.89,7.6,8.38,8.1,4.25,2.68,18.49,18.8,19.11,20.21,0.99,0.88,-0.49,-0.82,-1.37,-0.49,-1.04,-2.31,-0.93,-1.04
2023-08-07,300847,18.2,18.23,18.37,18.07,44507,81338291.0,1.65,0.22,0.04,1.5,5.81,7.58,8.36,9.85,6.59,7.36,7.08,3.27,1.72,1.94,18.26,18.75,18.99,20.09,0.66,-0.71,-1.04,-1.59,-0.71,-1.26,-2.52,-1.15,-1.26,0.82
2023-08-08,300847,18.32,17.95,18.35,17.84,60582,108828980.0,2.8,-1.54,-0.28,2.05,8.97,9.75,11.27,7.96,8.74,8.46,4.6,3.03,3.25,2.97,18.13,18.61,18.88,19.92,0.84,0.5,-0.06,0.84,0.28,-1.0,0.39,0.28,2.4,6.74
2023-08-09,300847,18.02,17.72,18.1,17.66,54865,97737693.0,2.45,-1.28,-0.23,1.85,10.87,12.4,9.06,9.85,9.57,5.66,4.08,4.3,4.02,3.91,18.02,18.5,18.8,19.78,1.81,1.24,2.14,1.58,0.28,1.69,1.58,3.72,8.13,4.06
2023-08-10,300847,17.72,17.74,18.04,17.72,37179,66334335.0,1.81,0.11,0.02,1.26,12.02,8.69,9.48,9.2,5.3,3.72,3.95,3.67,3.56,2.14,17.97,18.31,18.73,19.58,1.13,2.03,1.47,0.17,1.58,1.47,3.61,8.0,3.95,2.09
2023-08-11,300847,17.94,17.49,17.94,17.4,45239,79740240.0,3.04,-1.41,-0.25,1.53,10.69,11.49,11.21,7.24,5.63,5.86,5.57,5.46,4.02,3.68,17.83,18.16,18.62,19.4,3.49,2.92,1.6,3.03,2.92,5.09,9.55,5.43,3.54,-2.69
2023-08-14,300847,17.3,18.03,18.1,17.15,69968,124474931.0,5.43,3.09,0.54,2.36,13.12,12.83,8.8,7.17,7.41,7.11,7.0,5.54,5.19,4.61,17.79,18.02,18.55,19.2,-0.17,-1.44,-0.06,-0.17,1.94,6.27,2.27,0.44,-5.6,-1.22
2023-08-15,300847,17.95,17.74,18.0,17.54,43596,77487909.0,2.55,-1.61,-0.29,1.47,10.32,6.39,4.79,5.02,4.73,4.62,3.19,2.85,2.28,3.19,17.74,17.94,18.46,19.03,0.17,1.58,1.47,3.61,8.0,3.95,2.09,-4.06,0.39,-2.48
2023-08-16,300847,17.62,17.3,17.77,17.3,35525,62091202.0,2.65,-2.48,-0.44,1.2,7.86,6.24,6.47,6.18,6.07,4.62,4.28,3.7,4.62,4.05,17.66,17.84,18.37,18.87,4.16,4.05,6.24,10.75,6.59,4.68,-1.62,2.95,0.0,2.89
2023-08-17,300847,17.14,17.88,18.02,17.14,87295,155349128.0,5.09,3.35,0.58,2.95,7.23,7.47,7.18,7.06,5.6,5.25,4.67,5.6,5.02,3.68,17.69,17.83,18.33,18.75,0.67,2.8,7.16,3.13,1.29,-4.81,-0.39,-3.24,-0.45,-2.24
2023-08-18,300847,17.68,17.43,18.0,17.43,64214,113590124.0,3.19,-2.52,-0.45,2.17,5.68,5.39,5.28,3.84,3.5,2.93,3.84,3.27,1.95,3.38,17.68,17.75,18.28,18.65,5.45,9.93,5.79,3.9,-2.35,2.18,-0.75,2.12,0.29,1.61
2023-08-21,300847,17.47,17.62,18.38,17.43,85303,152954403.0,5.45,1.09,0.19,2.88,5.39,5.28,3.84,3.5,2.93,3.84,3.27,1.95,3.38,3.27,17.59,17.69,18.22,18.56,8.74,4.65,2.78,-3.41,1.08,-1.82,1.02,-0.79,0.51,1.82
2023-08-22,300847,17.68,18.56,19.16,17.68,191047,353085358.0,8.4,5.33,0.94,6.45,3.79,2.38,2.04,1.47,2.38,1.81,0.51,1.92,1.81,3.96,17.76,17.75,18.18,18.5,-0.65,-2.42,-8.3,-4.04,-6.79,-4.09,-5.82,-4.58,-3.34,-3.72
2023-08-23,300847,18.25,17.97,18.44,17.8,114464,206840914.0,3.45,-3.18,-0.59,3.87,1.69,1.35,0.79,1.69,1.12,-0.17,1.24,1.12,3.26,7.64,17.89,17.78,18.14,18.46,0.78,-5.29,-0.89,-3.73,-0.95,-2.73,-1.45,-0.17,-0.56,-0.33
2023-08-24,300847,18.05,16.9,18.11,16.49,124248,211711971.0,9.02,-5.95,-1.07,4.2,9.4,8.79,9.76,9.16,7.76,9.28,9.16,11.46,16.19,11.83,17.7,17.69,18.0,18.38,0.71,5.38,2.37,5.33,3.43,4.79,6.15,5.74,5.98,6.45
2023-08-25,300847,17.0,16.5,17.02,16.41,68871,114433648.0,3.61,-2.37,-0.4,2.33,9.32,10.3,9.69,8.29,9.81,9.69,12.0,16.76,12.37,10.36,17.51,17.59,17.88,18.28,7.94,4.85,7.88,5.94,7.33,8.73,8.3,8.55,9.03,8.24
2023-08-28,300847,17.8,16.47,17.81,16.37,68783,116795018.0,8.73,-0.18,-0.03,2.32,10.57,9.96,8.55,10.08,9.96,12.28,17.04,12.65,10.63,3.97,17.28,17.44,17.73,18.18,5.04,8.08,6.13,7.53,8.93,8.5,8.74,9.23,8.44,13.84
2023-08-29,300847,16.51,17.17,17.3,16.4,87441,148930961.0,5.46,4.25,0.7,2.95,9.76,8.35,9.88,9.76,12.07,16.83,12.44,10.43,3.78,8.6,17.0,17.38,17.66,18.1,3.67,1.81,3.15,4.48,4.08,4.31,4.78,4.02,9.2,7.45
2023-08-30,300847,17.01,17.45,17.8,17.01,73733,128375473.0,4.6,1.63,0.28,2.49,4.47,5.94,5.82,8.05,12.64,8.41,6.47,0.06,4.7,1.7,16.9,17.39,17.62,18.05,0.17,1.49,2.81,2.41,2.64,3.09,2.35,7.45,5.73,3.15
2023-08-31,300847,17.45,17.23,17.48,17.15,47205,81381028.0,1.89,-1.26,-0.22,1.59,5.07,4.96,7.17,11.72,7.52,5.6,-0.76,3.85,0.87,3.79,16.96,17.33,17.58,17.99,2.79,4.12,3.71,3.95,4.41,3.66,8.82,7.08,4.47,0.81
2023-09-01,300847,17.3,17.45,17.71,17.18,54898,95635138.0,3.08,1.28,0.22,1.85,4.77,6.98,11.53,7.33,5.41,-0.93,3.67,0.7,3.61,1.75,17.15,17.33,17.54,17.96,2.81,2.41,2.64,3.09,2.35,7.45,5.73,3.15,-0.46,-0.29
2023-09-04,300847,17.44,17.74,17.94,17.32,75767,133947186.0,3.55,1.66,0.29,2.56,6.12,10.62,6.47,4.56,-1.73,2.83,-0.12,2.77,0.92,2.25,17.41,17.34,17.52,17.93,0.73,0.96,1.41,0.68,5.69,4.0,1.47,-2.09,-1.92,-4.0
2023-09-05,300847,17.67,17.58,17.87,17.45,61435,108426308.0,2.37,-0.9,-0.16,2.08,9.8,5.67,3.78,-2.46,2.06,-0.86,2.01,0.17,1.49,2.81,17.49,17.25,17.5,17.87,1.88,2.33,1.59,6.66,4.95,2.39,-1.19,-1.02,-3.13,-3.75
2023-09-06,300847,17.49,17.89,17.91,17.33,77527,137166209.0,3.3,1.76,0.31,2.62,6.41,4.5,-1.79,2.77,-0.17,2.71,0.87,2.19,3.52,3.12,17.58,17.24,17.51,17.84,0.56,-0.17,4.81,3.13,0.61,-2.91,-2.74,-4.81,-5.42,-7.49
2023-09-07,300847,17.99,17.25,17.99,17.25,67517,118104959.0,4.14,-3.58,-0.64,2.28,4.99,-1.33,3.25,0.29,3.19,1.33,2.67,4.0,3.59,3.83,17.58,17.27,17.48,17.76,3.54,8.7,6.96,4.35,0.7,0.87,-1.28,-1.91,-4.06,-4.23
2023-09-08,300847,17.15,17.63,17.86,17.11,67097,118025861.0,4.35,2.2,0.38,2.27,-0.53,4.09,1.11,4.03,2.16,3.51,4.85,4.44,4.68,5.14,17.62,17.39,17.49,17.71,6.35,4.65,2.1,-1.47,-1.3,-3.4,-4.03,-6.13,-6.3,-5.84
2023-09-11,300847,17.89,18.19,18.75,17.34,161541,292322584.0,8.0,3.18,0.56,5.46,2.71,-0.23,2.65,0.81,2.13,3.46,3.06,3.29,3.75,3.0,17.71,17.56,17.5,17.67,1.43,-1.04,-4.51,-4.34,-6.38,-6.98,-9.02,-9.18,-8.74,-7.81
2023-09-12,300847,17.88,17.94,18.45,17.85,96756,174105438.0,3.3,-1.37,-0.25,3.27,-3.08,-0.28,-2.07,-0.78,0.5,0.11,0.34,0.78,0.06,5.04,17.78,17.63,17.51,17.65,0.33,-3.18,-3.01,-5.07,-5.69,-7.75,-7.92,-7.47,-6.52,-6.91
2023-09-13,300847,18.0,17.31,18.0,17.18,74567,130419334.0,4.57,-3.51,-0.63,2.52,3.61,1.75,3.08,4.42,4.02,4.25,4.71,3.96,9.14,7.39,17.66,17.62,17.51,17.62,0.35,0.52,-1.62,-2.25,-4.39,-4.56,-4.1,-3.12,-3.52,-4.16
2023-09-14,300847,17.31,17.05,17.37,16.9,49940,85432799.0,2.72,-1.5,-0.26,1.69,3.43,4.79,6.15,5.74,5.98,6.45,5.68,10.95,9.17,6.51,17.62,17.6,17.47,17.59,2.05,-0.12,-0.76,-2.93,-3.11,-2.64,-1.64,-2.05,-2.7,-2.4
2023-09-15,300847,17.28,16.9,17.4,16.8,54911,93829731.0,3.52,-0.88,-0.15,1.86,5.42,6.79,6.37,6.61,7.08,6.31,11.61,9.82,7.14,3.39,17.48,17.55,17.44,17.54,0.77,0.12,-2.07,-2.25,-1.78,-0.77,-1.18,-1.83,-1.54,0.71
2023-09-18,300847,16.79,16.87,17.03,16.65,38993,65700284.0,2.25,-0.18,-0.03,1.32,7.75,7.33,7.57,8.05,7.27,12.61,10.81,8.11,4.32,4.5,17.21,17.46,17.4,17.5,0.3,-1.9,-2.07,-1.6,-0.59,-1.01,-1.66,-1.36,0.89,0.59
2023-09-19,300847,16.86,16.5,16.92,16.4,46323,76826433.0,3.08,-2.19,-0.37,1.56,8.96,9.21,9.7,8.9,14.33,12.5,9.76,5.91,6.1,3.84,16.93,17.35,17.3,17.45,0.3,0.12,0.61,1.64,1.21,0.55,0.85,3.15,2.85,2.3
2023-09-20,300847,16.4,16.22,16.55,16.21,33434,54622856.0,2.06,-1.7,-0.28,1.13,10.49,10.98,10.18,15.67,13.82,11.04,7.16,7.34,5.06,4.38,16.71,17.19,17.21,17.4,1.85,2.34,3.39,2.96,2.28,2.59,4.93,4.62,4.07,4.56
2023-09-21,300847,16.23,16.13,16.52,16.1,33978,55343766.0,2.59,-0.55,-0.09,1.15,11.74,10.93,16.46,14.6,11.8,7.89,8.07,5.78,5.09,2.8,16.52,17.07,17.17,17.35,2.91,3.97,3.53,2.85,3.16,5.52,5.21,4.65,5.15,4.03
2023-09-22,300847,16.18,16.6,16.6,16.06,47384,77888265.0,3.35,2.91,0.47,1.6,11.21,16.75,14.88,12.08,8.16,8.34,6.04,5.35,3.05,2.86,16.46,16.97,17.18,17.32,1.02,0.6,-0.06,0.24,2.53,2.23,1.69,2.17,1.08,2.95
2023-09-25,300847,16.65,16.39,16.77,16.32,42755,70487787.0,2.71,-1.27,-0.21,1.44,14.89,13.05,10.29,6.43,6.62,4.35,3.68,1.41,1.23,1.72,16.37,16.79,17.17,17.26,1.89,1.22,1.53,3.84,3.54,2.99,3.48,2.38,4.27,0.37
2023-09-26,300847,16.4,16.46,16.7,16.28,45616,75187590.0,2.56,0.43,0.07,1.54,13.33,10.57,6.7,6.88,4.61,3.93,1.66,1.47,1.97,3.01,16.36,16.64,17.14,17.22,0.79,1.09,3.4,3.1,2.55,3.04,1.94,3.83,-0.06,-0.36
2023-09-27,300847,16.38,16.25,16.59,16.24,52198,85506168.0,2.13,-1.28,-0.21,1.76,10.84,6.96,7.14,4.86,4.19,1.91,1.72,2.22,3.26,2.83,16.37,16.54,17.08,17.18,2.4,4.74,4.43,3.88,4.37,3.26,5.17,1.23,0.92,0.62
2023-09-28,300847,16.31,16.6,16.64,16.31,50522,83566113.0,2.03,2.15,0.35,1.71,6.5,6.68,4.41,3.74,1.47,1.29,1.78,2.82,2.39,1.72,16.46,16.49,17.05,17.14,2.53,2.23,1.69,2.17,1.08,2.95,-0.9,-1.2,-1.51,-3.25
2023-10-09,300847,16.6,16.83,17.02,16.46,53066,89199193.0,3.37,1.39,0.23,1.79,5.71,3.46,2.79,0.55,0.36,0.85,1.88,1.46,0.79,1.09,16.51,16.48,17.02,17.12,0.83,0.3,0.77,-0.3,1.54,-2.26,-2.55,-2.85,-4.58,-6.18
2023-10-10,300847,16.83,16.68,16.97,16.58,36806,61456019.0,2.32,-0.89,-0.15,1.24,2.71,2.05,-0.18,-0.36,0.12,1.15,0.72,0.06,0.36,2.65,16.56,16.47,16.96,17.09,1.2,1.68,0.6,2.46,-1.38,-1.68,-1.98,-3.72,-5.34,-4.98
2023-10-11,300847,16.68,16.73,16.88,16.47,40082,66925353.0,2.46,0.3,0.05,1.35,2.73,0.49,0.3,0.79,1.82,1.4,0.73,1.03,3.34,3.04,16.62,16.49,16.92,17.03,1.37,0.3,2.15,-1.67,-1.97,-2.27,-4.0,-5.62,-5.26,-3.59
2023-10-12,300847,16.8,16.84,16.96,16.52,49686,83107743.0,2.63,0.66,0.11,1.68,0.18,0.0,0.48,1.51,1.09,0.42,0.73,3.03,2.72,2.18,16.74,16.55,16.87,16.99,-0.36,1.48,-2.32,-2.61,-2.91,-4.63,-6.24,-5.88,-4.22,-5.34
2023-10-13,300847,16.69,16.56,16.78,16.46,38504,63959309.0,1.9,-1.66,-0.28,1.3,0.36,0.85,1.88,1.46,0.79,1.09,3.4,3.1,2.55,3.04,16.73,16.59,16.83,16.98,3.2,-0.66,-0.97,-1.27,-3.02,-4.65,-4.29,-2.6,-3.74,-2.48
2023-10-16,300847,16.67,16.5,17.09,16.42,56818,94956859.0,4.05,-0.36,-0.06,1.92,1.1,2.13,1.71,1.04,1.34,3.65,3.35,2.8,3.29,2.19,16.66,16.58,16.78,16.98,-0.3,-0.61,-0.91,-2.67,-4.3,-3.94,-2.24,-3.39,-2.12,-1.76
2023-10-17,300847,16.39,16.41,16.45,16.17,46694,76094518.0,1.7,-0.55,-0.09,1.58,3.71,3.28,2.6,2.91,5.26,4.95,4.39,4.89,3.77,5.69,16.61,16.59,16.69,16.98,-0.06,-0.37,-2.13,-3.78,-3.41,-1.71,-2.86,-1.58,-1.22,-0.55
2023-10-18,300847,16.3,16.03,16.4,16.02,32727,52718800.0,2.32,-2.32,-0.38,1.11,4.24,3.56,3.87,6.24,5.93,5.37,5.87,4.74,6.68,2.68,16.47,16.54,16.59,16.94,2.0,0.19,-1.5,-1.12,0.62,-0.56,0.75,1.12,1.81,0.87
2023-10-19,300847,15.95,15.91,16.35,15.9,33201,53578455.0,2.81,-0.75,-0.12,1.12,4.34,4.65,7.04,6.73,6.16,6.67,5.53,7.48,3.46,3.14,16.28,16.51,16.52,16.89,0.94,-0.75,-0.38,1.38,0.19,1.51,1.89,2.58,1.63,1.26
2023-10-20,300847,16.03,15.7,16.06,15.6,29705,47104460.0,2.89,-1.32,-0.21,1.0,6.67,9.1,8.78,8.21,8.72,7.56,9.55,5.45,5.13,4.81,16.11,16.42,16.46,16.84,0.57,0.96,2.74,1.53,2.87,3.25,3.95,2.99,2.61,2.93
2023-10-23,300847,15.71,15.42,15.79,15.37,32649,50714316.0,2.68,-1.78,-0.28,1.1,10.74,10.41,9.82,10.34,9.17,11.19,7.03,6.7,6.38,4.49,15.89,16.28,16.38,16.77,2.79,4.6,3.37,4.73,5.12,5.84,4.86,4.47,4.8,7.13
2023-10-24,300847,15.51,15.77,15.85,15.42,28131,44165976.0,2.79,2.27,0.35,0.95,10.05,9.47,9.99,8.82,10.83,6.68,6.36,6.03,4.15,2.4,15.77,16.19,16.33,16.7,2.28,1.08,2.41,2.79,3.49,2.54,2.16,2.47,4.76,5.71
2023-10-25,300847,15.85,15.78,16.13,15.68,36484,57794341.0,2.85,0.06,0.01,1.23,7.65,8.16,7.02,8.99,4.91,4.59,4.27,2.42,0.7,1.08,15.72,16.09,16.29,16.64,1.01,2.34,2.72,3.42,2.47,2.09,2.41,4.69,5.64,5.51
2023-10-26,300847,15.67,15.93,15.94,15.47,36885,58007238.0,2.98,0.95,0.15,1.25,9.63,8.47,10.47,6.33,6.01,5.69,3.81,2.07,2.46,4.27,15.72,16.0,16.28,16.58,1.38,1.76,2.45,1.51,1.13,1.44,3.7,4.65,4.52,4.96
2023-10-27,300847,15.9,16.07,16.15,15.69,37299,59561040.0,2.89,0.88,0.14,1.26,6.95,8.92,4.84,4.53,4.21,2.36,0.64,1.02,2.8,1.59,15.79,15.95,16.27,16.54,0.87,1.56,0.62,0.25,0.56,2.8,3.73,3.61,4.04,3.3
2023-10-30,300847,16.08,16.13,16.21,15.9,36080,58042728.0,1.93,0.37,0.06,1.22,7.48,3.46,3.14,2.83,1.01,-0.69,-0.31,1.45,0.25,1.57,15.94,15.91,16.25,16.49,1.18,0.25,-0.12,0.19,2.42,3.35,3.22,3.66,2.91,6.14
2023-10-31,300847,16.14,15.98,16.32,15.85,30515,48891693.0,2.91,-0.93,-0.15,1.03,3.79,3.47,3.15,1.32,-0.38,0.0,1.77,0.57,1.89,2.27,15.98,15.87,16.23,16.42,1.19,0.81,1.13,3.38,4.32,4.19,4.63,3.88,7.13,8.2
2023-11-01,300847,16.05,16.02,16.17,15.88,23061,36879213.0,1.81,0.25,0.04,0.78,3.27,2.96,1.13,-0.57,-0.19,1.57,0.38,1.7,2.08,2.77,16.03,15.87,16.21,16.35,0.56,0.87,3.12,4.06,3.93,4.37,3.62,6.87,7.93,7.8
2023-11-02,300847,15.93,15.71,16.11,15.7,28894,45871000.0,2.56,-1.94,-0.31,0.98,4.14,2.29,0.57,0.96,2.74,1.53,2.87,3.25,3.95,2.99,15.98,15.85,16.18,16.3,2.86,5.16,6.11,5.98,6.43,5.67,8.98,10.06,9.93,8.72
2023-11-03,300847,15.72,16.13,16.16,15.72,41218,66276987.0,2.8,2.67,0.42,1.39,2.16,0.45,0.83,2.61,1.4,2.74,3.12,3.82,2.86,2.48,15.99,15.89,16.16,16.27,2.42,3.35,3.22,3.66,2.91,6.14,7.19,7.07,5.89,4.59
2023-11-06,300847,16.23,16.5,16.52,16.08,43589,71180105.0,2.73,2.29,0.37,1.47,-1.8,-1.43,0.31,-0.87,0.44,0.81,1.49,0.56,0.19,0.5,16.07,16.0,16.14,16.26,1.03,0.91,1.33,0.61,3.76,4.79,4.67,3.52,2.24,4.48
2023-11-07,300847,16.53,16.62,16.67,16.26,51623,84912855.0,2.48,0.73,0.12,1.74,-2.52,-0.8,-1.97,-0.68,-0.31,0.37,-0.55,-0.92,-0.62,1.6,16.2,16.09,16.14,16.25,0.18,0.6,-0.12,3.01,4.03,3.91,2.77,1.5,3.73,3.55
2023-11-08,300847,16.58,16.55,16.65,16.4,41870,69148673.0,1.5,-0.42,-0.07,1.41,-1.65,-2.8,-1.52,-1.16,-0.49,-1.4,-1.77,-1.46,0.73,1.65,16.3,16.16,16.13,16.25,1.03,0.3,3.44,4.47,4.35,3.2,1.93,4.17,3.99,2.48
2023-11-09,300847,16.59,16.58,16.72,16.43,40628,67399301.0,1.75,0.18,0.03,1.37,-2.98,-1.7,-1.34,-0.67,-1.58,-1.95,-1.64,0.55,1.46,1.34,16.48,16.23,16.12,16.26,0.12,3.26,4.28,4.16,3.02,1.75,3.98,3.8,2.29,1.21
2023-11-10,300847,16.49,16.55,16.6,16.33,26419,43524561.0,1.63,-0.18,-0.03,0.89,-1.1,-0.73,-0.06,-0.98,-1.35,-1.04,1.16,2.08,1.96,2.39,16.56,16.28,16.11,16.27,3.44,4.47,4.35,3.2,1.93,4.17,3.99,2.48,1.39,1.51
2023-11-13,300847,16.65,17.01,17.12,16.5,70756,119304096.0,3.75,2.78,0.46,2.39,-1.76,-1.09,-2.0,-2.36,-2.06,0.12,1.03,0.91,1.33,0.61,16.66,16.36,16.14,16.29,1.65,1.53,0.41,-0.82,1.35,1.18,-0.29,-1.35,-1.23,-2.41
2023-11-14,300847,16.9,17.04,17.29,16.86,59622,101655799.0,2.53,0.18,0.03,2.01,-3.2,-4.09,-4.45,-4.15,-2.02,-1.13,-1.25,-0.83,-1.54,1.54,16.75,16.47,16.17,16.31,1.35,0.23,-1.0,1.17,1.0,-0.47,-1.53,-1.41,-2.58,-2.35
2023-11-15,300847,17.04,16.93,17.27,16.82,39152,66349166.0,2.64,-0.65,-0.11,1.32,-3.86,-4.22,-3.92,-1.78,-0.89,-1.01,-0.59,-1.31,1.78,2.79,16.82,16.56,16.22,16.33,0.89,-0.35,1.83,1.65,0.18,-0.89,-0.77,-1.95,-1.71,-2.89
2023-11-16,300847,16.9,16.7,17.08,16.68,37348,63026861.0,2.36,-1.36,-0.23,1.26,-3.42,-3.12,-0.96,-0.06,-0.18,0.24,-0.48,2.64,3.66,3.54,16.85,16.66,16.26,16.34,1.02,3.23,3.05,1.56,0.48,0.6,-0.6,-0.36,-1.56,4.07
2023-11-17,300847,16.8,16.87,16.87,16.6,32982,55244095.0,1.62,1.02,0.17,1.11,-2.65,-0.48,0.42,0.3,0.72,0.0,3.13,4.16,4.04,2.89,16.91,16.73,16.31,16.35,2.19,2.02,0.53,-0.53,-0.41,-1.6,-1.36,-2.55,3.02,-1.66
2023-11-20,300847,16.85,17.21,17.24,16.82,50813,86767165.0,2.49,2.02,0.34,1.72,-1.78,-0.89,-1.01,-0.59,-1.31,1.78,2.79,2.68,1.55,0.3,16.95,16.81,16.4,16.36,0.0,-1.45,-2.5,-2.38,-3.54,-3.31,-4.47,0.99,-3.6,3.66
2023-11-21,300847,17.21,16.85,17.21,16.78,44519,75525732.0,2.5,-2.09,-0.36,1.5,-0.66,-0.77,-0.36,-1.07,2.03,3.04,2.92,1.79,0.54,2.74,16.91,16.83,16.46,16.37,0.65,-0.42,-0.3,-1.48,-1.25,-2.43,3.15,-1.54,5.88,4.63
2023-11-22,300847,16.86,16.55,16.96,16.53,32934,55008993.0,2.55,-1.78,-0.3,1.11,0.73,1.15,0.42,3.57,4.6,4.48,3.33,2.06,4.3,4.11,16.84,16.83,16.5,16.36,1.39,1.51,0.3,0.54,-0.66,5.02,0.24,7.79,6.53,7.61
2023-11-23,300847,16.46,16.71,16.78,16.41,24789,41291538.0,2.24,0.97,0.16,0.84,1.89,1.16,4.33,5.36,5.24,4.08,2.8,5.06,4.88,3.35,16.84,16.84,16.54,16.36,0.54,-0.66,-0.42,-1.62,4.01,-0.72,6.76,5.51,6.58,4.67
2023-11-24,300847,16.68,16.4,16.8,16.25,33605,55109382.0,3.29,-1.86,-0.31,1.14,2.15,5.35,6.4,6.28,5.11,3.82,6.09,5.91,4.37,3.26,16.74,16.83,16.55,16.35,1.22,1.46,0.24,5.98,1.16,8.78,7.5,8.6,6.65,8.17
2023-11-27,300847,16.36,16.45,16.6,16.18,33196,54720947.0,2.56,0.3,0.05,1.12,5.81,6.86,6.74,5.56,4.26,6.55,6.37,4.82,3.71,3.83,16.59,16.77,16.57,16.35,1.16,-0.06,5.65,0.85,8.45,7.17,8.27,6.32,7.84,9.12
2023-11-28,300847,16.47,16.48,16.64,16.32,36158,59625267.0,1.95,0.18,0.03,1.22,5.94,5.82,4.66,3.37,5.64,5.45,3.92,2.82,2.94,1.72,16.52,16.71,16.59,16.35,-0.24,5.46,0.67,8.25,6.98,8.07,6.13,7.65,8.92,17.42
2023-11-29,300847,16.36,16.2,16.44,16.16,28766,46759108.0,1.7,-1.7,-0.28,0.97,6.87,5.69,4.39,6.68,6.5,4.95,3.84,3.96,2.72,2.97,16.45,16.64,16.6,16.36,7.28,2.41,10.12,8.83,9.94,7.96,9.51,10.8,19.44,15.19
2023-11-30,300847,16.2,16.73,17.38,16.11,162888,274273307.0,7.84,3.27,0.53,5.5,6.02,4.72,7.01,6.83,5.28,4.16,4.28,3.04,3.29,2.05,16.45,16.64,16.65,16.39,-0.84,6.63,5.38,6.46,4.54,6.04,7.29,15.66,11.54,12.37
2023-12-01,300847,16.52,16.39,16.59,16.0,112930,183416908.0,3.53,-2.03,-0.34,3.82,5.44,7.75,7.56,6.0,4.88,5.0,3.75,4.0,2.75,8.62,16.45,16.6,16.67,16.41,8.85,7.57,8.66,6.71,8.24,9.52,18.06,13.85,14.7,11.96
2023-12-04,300847,16.26,17.29,17.84,16.25,206679,356145388.0,9.7,5.49,0.9,6.98,6.09,5.91,4.37,3.26,3.38,2.15,2.4,1.17,6.95,2.09,16.62,16.6,16.71,16.47,1.97,3.01,1.16,2.6,3.82,11.91,7.92,8.73,6.13,4.4
2023-12-05,300847,17.08,17.15,17.63,17.02,176733,305363375.0,3.53,-0.81,-0.14,5.97,1.12,-0.35,-1.41,-1.29,-2.47,-2.23,-3.41,2.12,-2.53,4.82,16.75,16.63,16.73,16.52,3.85,1.98,3.44,4.66,12.83,8.8,9.62,7.0,5.25,6.47
2023-12-06,300847,17.0,17.42,17.81,16.95,167627,293247703.0,5.01,1.57,0.27,5.66,0.06,-1.0,-0.88,-2.06,-1.83,-3.01,2.54,-2.12,5.25,4.01,17.0,16.72,16.78,16.57,0.4,1.84,3.04,11.08,7.12,7.92,5.34,3.62,4.82,4.25
2023-12-07,300847,17.38,16.95,17.49,16.9,116692,199676277.0,3.39,-2.7,-0.47,3.94,-0.71,-0.59,-1.78,-1.54,-2.72,2.84,-1.83,5.56,4.32,5.38,17.04,16.75,16.79,16.61,4.66,5.9,14.16,10.09,10.91,8.26,6.49,7.73,7.14,5.6
2023-12-08,300847,16.92,17.72,17.74,16.71,174687,304905123.0,6.08,4.54,0.77,5.9,0.54,-0.66,-0.42,-1.62,4.01,-0.72,6.76,5.51,6.58,4.67,17.31,16.88,16.85,16.66,1.3,9.2,5.3,6.09,3.56,1.86,3.05,2.48,1.02,2.6
2023-12-11,300847,17.52,17.84,17.95,17.38,138279,244001294.0,3.22,0.68,0.12,4.67,-4.49,-4.26,-5.41,0.0,-4.55,2.65,1.44,2.47,0.63,2.07,17.42,17.02,16.89,16.72,8.46,4.6,5.38,2.86,1.18,2.35,1.79,0.34,1.91,1.29
2023-12-12,300847,17.69,18.7,19.35,17.69,242831,455264339.0,9.3,4.82,0.86,8.2,-5.94,-7.07,-1.75,-6.22,0.85,-0.34,0.68,-1.13,0.28,1.47,17.73,17.24,16.98,16.81,-0.21,0.53,-1.87,-3.48,-2.35,-2.89,-4.28,-2.78,-3.37,-4.65
2023-12-13,300847,18.36,18.2,18.66,18.19,136213,250173012.0,2.51,-2.67,-0.5,4.6,-9.62,-4.45,-8.8,-1.92,-3.08,-2.09,-3.85,-2.47,-1.32,6.38,17.88,17.44,17.04,16.88,3.3,0.82,-0.82,0.33,-0.22,-1.65,-0.11,-0.71,-2.03,-8.24
2023-12-14,300847,18.19,18.16,18.8,17.91,103928,190396423.0,4.89,-0.22,-0.04,3.51,-2.96,-7.37,-0.39,-1.56,-0.56,-2.35,-0.95,0.22,8.04,4.19,18.12,17.58,17.11,16.96,1.05,-0.61,0.55,0.0,-1.43,0.11,-0.5,-1.82,-8.04,-6.44
2023-12-15,300847,18.22,17.92,18.35,17.5,102063,182669257.0,4.68,-1.32,-0.24,3.45,-5.2,1.94,0.74,1.77,-0.06,1.37,2.57,10.57,6.63,7.43,18.16,17.73,17.17,17.02,0.73,1.9,1.34,-0.11,1.45,0.84,-0.5,-6.81,-5.19,-1.79
2023-12-18,300847,17.83,17.5,18.05,17.42,77808,137681022.0,3.52,-2.34,-0.42,2.63,2.41,1.21,2.24,0.4,1.84,3.04,11.08,7.12,7.92,5.34,18.1,17.76,17.18,17.06,4.34,3.77,2.29,3.89,3.26,1.89,-4.57,-2.91,0.57,2.51
2023-12-19,300847,17.56,18.0,18.26,17.45,103111,185140921.0,4.63,2.86,0.5,3.48,1.03,2.06,0.23,1.66,2.87,10.89,6.93,7.74,5.16,3.44,17.96,17.84,17.24,17.1,0.89,-0.56,1.0,0.39,-0.94,-7.22,-5.61,-2.22,-0.33,-3.06
2023-12-20,300847,18.0,17.23,18.16,17.2,84330,148562169.0,5.33,-4.28,-0.77,2.85,3.55,1.69,3.14,4.36,12.5,8.49,9.3,6.69,4.94,6.16,17.76,17.82,17.27,17.12,3.89,5.51,4.88,3.48,-3.08,-1.39,2.15,4.12,1.28,-0.23
2023-12-21,300847,17.11,17.49,17.9,17.03,71780,125807091.0,5.05,1.51,0.26,2.42,2.7,4.17,5.4,13.62,9.57,10.39,7.75,5.99,7.22,6.64,17.63,17.88,17.31,17.15,3.95,3.32,1.94,-4.52,-2.86,0.63,2.57,-0.23,-1.72,-3.66
2023-12-22,300847,17.46,17.62,18.18,17.28,96494,171346741.0,5.15,0.74,0.13,3.26,2.66,3.88,11.98,7.99,8.8,6.19,4.46,5.67,5.09,3.59,17.57,17.87,17.37,17.19,2.55,1.19,-5.22,-3.58,-0.11,1.82,-0.96,-2.44,-4.37,-5.28
2023-12-25,300847,17.45,17.83,18.07,17.37,87984,157622659.0,3.97,1.19,0.21,2.97,3.34,11.4,7.43,8.23,5.64,3.91,5.12,4.55,3.05,4.66,17.63,17.86,17.44,17.22,0.0,-6.34,-4.71,-1.29,0.62,-2.13,-3.59,-5.5,-6.39,-9.37
2023-12-26,300847,17.71,16.8,17.83,16.45,104720,176973789.0,7.74,-5.78,-1.03,3.54,17.63,13.43,14.29,11.55,9.73,11.0,10.4,8.81,10.52,9.85,17.39,17.67,17.46,17.21,-0.6,1.13,4.76,6.79,3.87,2.32,0.3,-0.65,-3.81,-6.67
2023-12-27,300847,16.51,16.31,16.7,15.98,66368,107972044.0,4.29,-2.92,-0.49,2.24,16.77,17.65,14.83,12.95,14.27,13.64,12.02,13.77,13.08,11.58,17.21,17.49,17.46,17.19,4.17,7.91,9.99,6.99,5.4,3.31,2.33,-0.92,-3.86,-3.99
2023-12-28,300847,16.22,16.94,16.99,16.22,72322,121136071.0,4.72,3.86,0.63,2.44,15.91,13.13,11.28,12.58,11.96,10.36,12.08,11.41,9.93,2.96,17.1,17.36,17.47,17.2,3.9,5.9,3.01,1.48,-0.53,-1.48,-4.6,-7.44,-7.56,-6.14
2023-12-29,300847,16.9,17.38,17.6,16.8,61107,106027599.0,4.72,2.6,0.44,2.06,9.23,7.44,8.69,8.1,6.55,8.21,7.56,6.13,-0.6,1.13,17.05,17.31,17.52,17.21,3.22,0.4,-1.09,-3.05,-3.97,-7.02,-9.78,-9.9,-8.52,-9.95
2024-01-02,300847,17.38,17.48,17.94,17.36,71624,126135419.0,3.34,0.58,0.1,2.42,3.97,5.18,4.61,3.11,4.72,4.09,2.71,-3.8,-2.13,1.38,16.98,17.31,17.53,17.22,-0.17,-1.66,-3.6,-4.52,-7.55,-10.3,-10.41,-9.04,-10.47,-12.47
2024-01-03,300847,17.3,17.19,17.45,17.01,49199,84699532.0,2.52,-1.66,-0.29,1.66,7.35,6.76,5.23,6.88,6.23,4.82,-1.82,-0.12,3.47,5.47,17.06,17.23,17.53,17.23,0.0,-1.98,-2.91,-5.99,-8.78,-8.9,-7.5,-8.96,-10.99,-12.39
2024-01-04,300847,17.1,16.78,17.19,16.66,44136,74469291.0,3.08,-2.39,-0.41,1.49,9.0,7.44,9.12,8.46,7.02,0.24,1.98,5.64,7.68,4.74,17.15,17.18,17.5,17.24,0.42,-0.54,-3.69,-6.56,-6.67,-5.24,-6.73,-8.82,-10.25,-13.11
2024-01-05,300847,16.77,16.34,16.85,16.23,39808,65626479.0,3.69,-2.62,-0.44,1.34,10.29,12.01,11.34,9.86,2.9,4.68,8.44,10.54,7.52,5.91,17.03,17.07,17.47,17.23,2.14,-1.1,-4.04,-4.16,-2.69,-4.22,-6.36,-7.83,-10.77,-12.18
2024-01-08,300847,16.33,15.86,16.69,15.84,49919,80984122.0,5.2,-2.94,-0.48,1.69,14.77,14.08,12.56,5.43,7.26,11.11,13.26,10.16,8.52,6.38,16.73,16.89,17.38,17.21,1.89,-1.13,-1.26,0.25,-1.32,-3.53,-5.04,-8.07,-9.52,-10.47
2024-01-09,300847,15.85,15.7,16.16,15.45,52746,83297215.0,4.48,-1.01,-0.16,1.78,16.96,15.4,8.09,9.97,13.92,16.12,12.94,11.26,9.06,8.03,16.37,16.68,17.27,17.19,-0.13,-0.25,1.27,-0.32,-2.55,-4.08,-7.13,-8.6,-9.55,-15.41
2024-01-10,300847,15.6,15.1,15.68,15.01,57925,88120240.0,4.27,-3.82,-0.6,1.96,18.79,11.26,13.19,17.26,19.52,16.26,14.52,12.26,11.19,7.66,15.96,16.51,17.09,17.14,3.71,5.3,3.64,1.32,-0.26,-3.44,-4.97,-5.96,-12.05,-0.53
2024-01-11,300847,15.0,15.62,15.66,14.98,42951,66160816.0,4.5,3.44,0.52,1.45,11.48,13.42,17.49,19.76,16.49,14.75,12.48,11.42,7.88,4.67,15.72,16.44,16.96,17.12,1.79,0.19,-2.05,-3.59,-6.66,-8.13,-9.09,-14.98,-3.84,9.41
2024-01-12,300847,15.53,15.62,15.9,15.51,39413,61809551.0,2.5,0.0,0.0,1.33,9.54,13.48,15.67,12.51,10.83,8.64,7.61,4.19,1.1,0.97,15.58,16.31,16.84,17.08,0.19,-2.05,-3.59,-6.66,-8.13,-9.09,-14.98,-3.84,9.41,7.87
2024-01-15,300847,15.5,15.2,15.65,15.15,37080,56895028.0,3.2,-2.69,-0.42,1.25,16.17,18.42,15.18,13.47,11.22,10.17,6.67,3.5,3.37,4.95,15.45,16.09,16.7,17.04,0.66,-0.92,-4.08,-5.59,-6.58,-12.63,-1.18,12.43,10.86,24.93
2024-01-16,300847,15.2,15.06,15.3,14.77,36113,54120606.0,3.49,-0.92,-0.14,1.22,21.46,18.14,16.38,14.08,13.0,9.41,6.16,6.03,7.65,5.96,15.32,15.85,16.58,16.97,0.0,-3.19,-4.71,-5.71,-11.82,-0.27,13.48,11.89,26.1,22.84
2024-01-17,300847,14.97,14.5,15.06,14.5,29478,43401246.0,3.72,-3.72,-0.56,1.0,20.34,18.55,16.21,15.1,11.45,8.14,8.0,9.66,7.93,5.52,15.2,15.58,16.4,16.88,0.55,-1.03,-2.07,-8.41,3.59,17.86,16.21,30.97,27.59,24.07
2024-01-18,300847,14.41,14.18,14.58,13.86,63966,90105860.0,4.97,-2.21,-0.32,2.16,24.03,21.57,20.42,16.59,13.13,12.99,14.72,12.91,10.39,8.66,14.91,15.32,16.25,16.77,1.2,0.14,-6.35,5.92,20.52,18.83,33.92,30.47,26.87,19.61
2024-01-19,300847,14.15,14.06,14.35,14.05,37044,52481739.0,2.12,-0.85,-0.12,1.25,19.93,18.79,15.02,11.6,11.46,13.17,11.39,8.9,7.19,3.77,14.6,15.09,16.08,16.68,1.0,-5.55,6.83,21.55,19.84,35.06,31.58,27.95,20.63,21.76
2024-01-22,300847,14.01,13.14,14.2,13.03,45705,61986732.0,8.32,-6.54,-0.92,1.54,28.09,24.02,20.34,20.18,22.03,20.11,17.42,15.58,11.9,10.13,14.19,14.82,15.85,16.53,1.07,14.31,30.06,28.23,44.52,40.79,36.91,29.07,30.29,17.05
2024-01-23,300847,13.11,13.16,13.28,12.94,46417,60880004.0,2.59,0.15,0.02,1.57,24.88,21.17,21.02,22.87,20.94,18.24,16.38,12.67,10.9,9.74,13.81,14.56,15.62,16.37,14.13,29.86,28.04,44.3,40.58,36.7,28.88,30.09,16.87,10.26
2024-01-24,300847,13.22,14.39,15.02,13.06,146305,206587089.0,14.89,9.35,1.23,4.94,20.06,19.91,21.75,19.83,17.15,15.31,11.64,9.88,8.73,1.68,13.79,14.49,15.5,16.23,18.76,17.1,31.97,28.56,25.02,17.86,18.97,6.88,0.83,-0.83
2024-01-25,300847,14.27,16.94,17.09,14.14,255599,399739801.0,20.5,17.72,2.55,8.63,10.75,12.45,10.68,8.2,6.51,3.11,1.49,0.42,-6.08,6.22,14.34,14.62,15.53,16.18,-0.53,12.1,9.21,6.2,0.12,1.06,-9.21,-14.34,-15.76,-15.82
2024-01-26,300847,16.34,16.3,16.85,15.95,216941,354074052.0,5.31,-3.78,-0.64,7.33,-0.31,-1.88,-4.08,-5.58,-8.59,-10.03,-10.97,-16.74,-5.83,7.15,14.79,14.69,15.5,16.12,16.5,13.5,10.37,4.05,5.03,-5.64,-10.98,-12.45,-12.52,-8.34
2024-01-29,300847,16.3,17.1,18.99,16.3,348162,606325714.0,16.5,4.91,0.8,11.76,-3.99,-6.13,-7.61,-10.55,-11.96,-12.88,-18.53,-7.85,4.85,3.37,15.58,14.88,15.49,16.09,8.19,5.2,-0.82,0.12,-10.06,-15.15,-16.55,-16.61,-12.63,-10.7
2024-01-30,300847,16.75,17.44,18.5,16.63,282655,497510105.0,10.94,1.99,0.34,9.55,-8.0,-9.44,-12.33,-13.71,-14.61,-20.14,-9.68,2.77,1.32,14.19,16.43,15.12,15.48,16.09,3.15,-2.75,-1.83,-11.81,-16.8,-18.18,-18.23,-14.33,-12.44,-3.78
2024-01-31,300847,17.0,17.07,17.99,16.85,246002,428242961.0,6.54,-2.12,-0.37,8.31,-10.62,-13.47,-14.84,-15.73,-21.19,-10.86,1.42,0.0,12.7,9.79,16.97,15.38,15.48,16.06,-0.64,0.29,-9.9,-15.0,-16.4,-16.46,-12.48,-10.54,-1.7,-4.98
2024-02-01,300847,16.5,16.06,16.96,15.84,214397,351230638.0,6.56,-5.92,-1.01,7.24,-7.95,-9.41,-10.35,-16.16,-5.18,7.89,6.38,19.89,16.79,13.57,16.79,15.57,15.44,16.02,6.6,-4.23,-9.65,-11.15,-11.21,-6.97,-4.92,4.48,1.0,1.68
2024-02-02,300847,15.97,15.98,17.12,15.7,221126,365433718.0,8.84,-0.5,-0.08,7.47,-8.6,-9.55,-15.41,-4.33,8.85,7.32,20.96,17.83,14.59,8.03,16.73,15.76,15.42,15.97,-3.75,-9.2,-10.7,-10.76,-6.51,-4.44,5.01,1.5,2.19,5.82
2024-02-05,300847,15.1,13.83,15.38,13.8,193867,281280506.0,9.89,-13.45,-2.15,6.55,2.9,-3.77,8.84,23.84,22.1,37.61,34.06,30.36,22.9,24.06,16.08,15.83,15.32,15.85,4.92,3.18,3.11,8.03,10.41,21.33,17.28,18.08,22.27,19.45
2024-02-06,300847,13.3,13.72,14.51,12.3,192069,253230877.0,15.98,-0.8,-0.11,6.49,7.97,22.11,38.94,36.99,54.39,50.41,46.26,37.89,39.19,25.04,15.33,15.88,15.22,15.71,4.01,3.94,8.89,11.3,22.3,18.22,19.02,23.25,20.41,29.74
2024-02-07,300847,13.61,13.21,14.27,13.0,174730,240251364.0,9.26,-3.72,-0.51,5.9,15.54,31.46,29.62,46.08,42.31,38.38,30.46,31.69,18.31,11.62,14.56,15.76,15.13,15.59,7.95,13.1,15.59,27.02,22.79,23.62,28.01,25.06,34.75,30.2
2024-02-08,300847,13.26,14.15,14.26,13.23,149593,207486746.0,7.8,7.12,0.94,5.05,29.18,27.36,43.54,39.83,35.98,28.19,29.4,16.25,9.67,7.86,14.18,15.49,15.06,15.52,5.58,7.92,18.59,14.63,15.41,19.51,16.75,25.8,21.55,20.78
2024-02-19,300847,14.16,14.71,14.94,14.11,147351,214443966.0,5.87,3.96,0.56,4.98,19.42,34.59,31.11,27.5,20.2,21.33,9.0,2.83,1.13,1.06,13.92,15.33,15.01,15.44,3.81,14.07,10.27,11.01,14.96,12.3,21.01,16.93,16.18,15.02
2024-02-20,300847,14.65,15.08,15.27,14.04,164624,242032478.0,8.36,2.52,0.37,5.56,35.26,31.77,28.13,20.8,21.94,9.54,3.35,1.64,1.57,6.41,14.17,15.12,15.0,15.37,11.27,7.56,8.29,12.14,9.55,18.04,14.06,13.33,12.2,11.07
2024-02-21,300847,14.8,15.62,16.78,14.55,200939,314208003.0,14.79,3.58,0.54,6.79,27.15,23.64,16.56,17.66,5.7,-0.27,-1.92,-1.99,2.68,4.95,14.55,14.94,15.03,15.3,3.84,4.55,8.26,5.76,13.96,10.12,9.41,8.32,7.23,3.39
2024-02-22,300847,15.28,15.85,16.22,15.27,151861,239668029.0,6.08,1.47,0.23,5.13,17.81,11.07,12.12,0.72,-4.98,-6.55,-6.61,-2.16,0.0,9.89,15.08,14.82,15.1,15.26,3.03,6.69,4.23,12.3,8.52,7.82,6.75,5.68,1.89,2.97
2024-02-23,300847,15.82,16.16,16.33,15.76,158864,254473168.0,3.6,1.96,0.31,5.37,7.61,8.63,-2.41,-7.93,-9.45,-9.52,-5.2,-3.11,6.47,2.92,15.48,14.83,15.2,15.24,4.64,2.23,10.15,6.44,5.75,4.7,3.65,-0.06,0.99,1.49
2024-02-26,300847,16.16,16.0,16.91,15.89,172566,280367673.0,6.31,-0.99,-0.16,5.83,7.74,-3.21,-8.68,-10.2,-10.26,-5.98,-3.9,5.6,2.08,2.77,15.74,14.83,15.3,15.23,3.25,11.25,7.5,6.81,5.75,4.69,0.94,2.0,2.5,-0.75
2024-02-27,300847,15.85,16.52,16.52,15.72,158545,254623051.0,5.0,3.25,0.52,5.36,-2.16,-7.7,-9.22,-9.29,-4.96,-2.86,6.74,3.18,3.88,7.57,16.03,15.1,15.46,15.25,7.75,4.12,3.45,2.42,1.39,-2.24,-1.21,-0.73,-3.87,-2.78
2024-02-28,300847,16.5,16.23,17.8,16.15,261190,442672117.0,9.99,-1.76,-0.29,8.82,-10.15,-11.64,-11.7,-7.49,-5.45,3.9,0.43,1.11,4.71,2.29,16.15,15.35,15.62,15.27,5.98,5.3,4.25,3.2,-0.49,0.55,1.05,-2.16,-1.05,-0.8
2024-02-29,300847,15.6,16.9,17.2,15.6,216590,359175362.0,9.86,4.13,0.67,7.32,-8.53,-8.59,-4.23,-2.12,7.56,3.97,4.68,8.4,5.9,14.1,16.36,15.72,15.74,15.33,1.12,0.12,-0.89,-4.44,-3.43,-2.96,-6.04,-4.97,-4.73,-5.38
2024-03-01,300847,16.88,16.7,17.09,16.29,161365,267994580.0,4.73,-1.18,-0.2,5.45,-12.46,-8.29,-6.26,3.01,-0.43,0.25,3.81,1.41,9.27,5.59,16.47,15.98,15.73,15.36,1.32,0.3,-3.29,-2.28,-1.8,-4.91,-3.83,-3.59,-4.25,-7.13
2024-03-04,300847,16.61,16.64,16.92,16.43,137892,229784817.0,2.93,-0.36,-0.06,4.66,-9.07,-7.06,2.13,-1.28,-0.61,2.92,0.55,8.34,4.69,4.02,16.6,16.17,15.75,15.4,0.66,-2.94,-1.92,-1.44,-4.57,-3.49,-3.25,-3.91,-6.79,-4.93
2024-03-05,300847,16.44,16.16,16.75,16.07,119591,195760618.0,4.09,-2.88,-0.48,4.04,-4.98,4.42,0.93,1.62,5.23,2.8,10.77,7.03,6.35,5.29,16.53,16.28,15.7,15.43,-0.06,0.99,1.49,-1.73,-0.62,-0.37,-1.05,-4.02,-2.1,0.43
2024-03-06,300847,15.97,16.0,16.15,15.7,105658,168321991.0,2.78,-0.99,-0.16,3.57,6.88,3.31,4.01,7.71,5.22,13.38,9.55,8.85,7.77,6.69,16.48,16.32,15.63,15.46,2.0,2.5,-0.75,0.37,0.63,-0.06,-3.06,-1.12,1.44,0.75
2024-03-07,300847,16.0,15.6,16.32,15.59,92444,147362684.0,4.56,-2.5,-0.4,3.12,4.04,4.75,8.47,5.97,14.18,10.33,9.62,8.53,7.44,3.59,16.22,16.29,15.56,15.5,5.13,1.79,2.95,3.21,2.5,-0.58,1.41,4.04,3.33,5.77
2024-03-08,300847,16.4,15.93,16.4,15.69,95157,151883754.0,4.55,2.12,0.33,3.21,4.08,7.78,5.29,13.45,9.62,8.92,7.84,6.76,2.93,4.02,16.07,16.27,15.55,15.56,-0.31,0.82,1.07,0.38,-2.64,-0.69,1.88,1.19,3.58,2.95
2024-03-11,300847,15.56,15.87,15.88,15.43,87628,137131192.0,2.82,-0.38,-0.06,2.96,9.59,7.06,15.36,11.47,10.76,9.66,8.55,4.67,5.77,6.29,15.91,16.25,15.54,15.62,1.2,1.45,0.76,-2.27,-0.32,2.27,1.58,3.97,3.34,1.51
2024-03-12,300847,15.82,15.95,16.06,15.68,75295,119253663.0,2.39,0.5,0.08,2.54,5.36,13.52,9.69,8.99,7.91,6.82,3.0,4.08,4.59,1.28,15.87,16.2,15.65,15.71,0.94,0.25,-2.76,-0.82,1.76,1.07,3.45,2.82,1.0,-2.51
2024-03-13,300847,15.81,16.07,16.1,15.59,96524,153309849.0,3.2,0.75,0.12,3.26,14.18,10.33,9.62,8.53,7.44,3.59,4.68,5.2,1.86,3.01,15.88,16.18,15.77,15.81,-0.5,-3.48,-1.56,1.0,0.31,2.68,2.05,0.25,-3.24,-6.04
2024-03-14,300847,15.98,15.42,15.99,15.23,96972,151398589.0,4.73,-4.04,-0.65,3.28,12.93,12.21,11.1,9.98,6.04,7.16,7.68,4.27,5.45,5.71,15.85,16.03,15.88,15.84,0.58,2.59,5.25,4.54,7.0,6.36,4.47,0.84,-2.08,-2.4
2024-03-15,300847,15.45,15.41,15.51,15.12,52733,80712686.0,2.53,-0.06,-0.01,1.78,13.03,11.9,10.78,6.81,7.94,8.47,5.03,6.22,6.48,5.75,15.74,15.9,15.94,15.79,2.66,5.32,4.61,7.07,6.42,4.54,0.91,-2.01,-2.34,5.0
2024-03-18,300847,15.42,15.75,15.82,15.4,79716,125127730.0,2.73,2.21,0.34,2.69,9.87,8.77,4.87,5.97,6.49,3.12,4.29,4.55,3.83,0.71,15.72,15.82,15.99,15.77,3.05,2.35,4.76,4.13,2.29,-1.27,-4.13,-4.44,2.73,-0.38
2024-03-19,300847,15.71,15.94,16.23,15.56,113184,180400759.0,4.25,1.21,0.19,3.82,7.65,3.79,4.88,5.4,2.06,3.21,3.47,2.76,-0.32,1.67,15.72,15.79,16.04,15.73,1.13,3.51,2.89,1.07,-2.45,-5.27,-5.58,1.51,-1.57,-1.44
2024-03-20,300847,15.77,15.94,16.12,15.77,63447,101246980.0,2.2,0.0,0.0,2.14,2.41,3.49,3.99,0.7,1.84,2.09,1.4,-1.65,0.32,2.92,15.69,15.79,16.05,15.68,3.51,2.89,1.07,-2.45,-5.27,-5.58,1.51,-1.57,-1.44,-2.26
2024-03-21,300847,15.94,16.45,16.5,15.82,133690,217167312.0,4.27,3.2,0.51,4.52,3.16,3.67,0.38,1.52,1.77,1.07,-1.96,0.0,2.59,1.9,15.9,15.87,16.08,15.66,-0.3,-2.07,-5.47,-8.21,-8.51,-1.64,-4.62,-4.5,-5.29,-5.53
2024-03-22,300847,16.35,16.02,16.4,15.7,97737,156435987.0,4.26,-2.61,-0.43,3.3,4.46,1.15,2.29,2.55,1.85,-1.21,0.76,3.38,2.68,5.1,16.02,15.88,16.08,15.66,0.56,-2.93,-5.74,-6.05,1.0,-2.06,-1.94,-2.75,-3.0,-3.5
2024-03-25,300847,15.83,15.4,16.11,15.36,64782,102296891.0,4.68,-3.87,-0.62,2.19,3.39,4.56,4.82,4.1,0.98,2.99,5.66,4.95,7.42,6.77,15.95,15.83,16.05,15.64,0.97,-1.95,-2.27,5.06,1.88,2.01,1.17,0.91,0.39,-0.39
2024-03-26,300847,15.42,15.09,15.55,14.88,62085,93995118.0,4.35,-2.01,-0.31,2.1,7.93,8.2,7.46,4.23,6.32,9.07,8.33,10.89,10.22,8.27,15.78,15.75,15.97,15.68,0.07,-0.27,7.22,3.98,4.11,3.25,2.98,2.45,1.66,0.0
2024-03-27,300847,15.09,14.39,15.1,14.39,43092,63516723.0,4.71,-4.64,-0.7,1.46,11.88,11.12,7.78,9.94,12.79,12.02,14.66,13.97,11.95,8.06,15.47,15.58,15.88,15.71,4.59,12.44,9.03,9.17,8.27,7.99,7.44,6.6,4.86,3.54
2024-03-28,300847,14.41,14.79,15.05,14.41,54873,81184140.0,4.45,2.78,0.4,1.85,10.96,7.63,9.78,12.63,11.87,14.5,13.81,11.8,7.91,4.79,15.14,15.52,15.78,15.76,9.4,6.09,6.22,5.34,5.07,4.53,3.72,2.03,0.74,14.94
2024-03-29,300847,14.79,15.49,16.18,14.78,106895,166337376.0,9.47,4.73,0.7,3.61,4.94,7.04,9.81,9.07,11.64,10.96,9.0,5.21,2.17,1.83,15.03,15.53,15.72,15.8,1.29,1.42,0.58,0.32,-0.19,-0.97,-2.58,-3.81,9.75,11.43
2024-04-01,300847,15.44,15.63,15.69,15.3,64611,99929637.0,2.52,0.9,0.14,2.18,3.4,6.08,5.36,7.84,7.19,5.29,1.63,-1.31,-1.63,5.75,15.08,15.51,15.67,15.83,0.51,-0.32,-0.58,-1.09,-1.86,-3.45,-4.67,8.77,10.43,6.91
2024-04-02,300847,15.51,15.43,15.71,15.26,54305,84260191.0,2.88,-1.28,-0.2,1.83,6.36,5.64,8.13,7.47,5.57,1.9,-1.05,-1.38,6.03,2.82,15.15,15.46,15.63,15.85,0.97,0.71,0.19,-0.58,-2.2,-3.43,10.17,11.86,8.3,8.62
2024-04-03,300847,15.32,15.18,15.58,15.08,56278,86294350.0,3.24,-1.62,-0.25,1.9,6.9,9.42,8.75,6.83,3.12,0.13,-0.2,7.29,4.05,4.18,15.3,15.39,15.59,15.83,2.37,1.84,1.05,-0.59,-1.84,11.99,13.7,10.08,10.41,13.77
2024-04-08,300847,15.1,15.07,15.54,14.8,52351,79554318.0,4.87,-0.72,-0.11,1.77,11.49,10.81,8.85,5.07,2.03,1.69,9.32,6.01,6.15,5.27,15.36,15.25,15.56,15.8,2.59,1.79,0.13,-1.13,12.81,14.53,10.88,11.21,14.6,19.97
2024-04-09,300847,15.05,15.45,15.46,14.73,54689,82422297.0,4.84,2.52,0.38,1.85,11.34,9.37,5.57,2.51,2.17,9.84,6.52,6.65,5.77,5.5,15.35,15.19,15.54,15.78,-0.71,-2.33,-3.56,10.03,11.72,8.16,8.48,11.78,17.02,9.39
2024-04-10,300847,15.26,14.76,15.34,14.65,59290,88594610.0,4.47,-4.47,-0.69,2.0,9.97,6.14,3.07,2.73,10.44,7.1,7.24,6.35,6.08,5.53,15.18,15.13,15.48,15.74,2.24,0.95,15.18,16.94,13.21,13.55,17.01,22.49,14.5,11.25
2024-04-11,300847,14.6,14.77,15.09,14.52,35044,52215028.0,3.86,0.07,0.01,1.18,7.09,3.99,3.65,11.43,8.06,8.2,7.3,7.02,6.47,5.65,15.05,15.1,15.42,15.68,0.88,15.1,16.86,13.13,13.47,16.93,22.41,14.42,11.17,17.13
2024-04-12,300847,14.8,14.52,14.9,14.45,31594,46399946.0,3.05,-1.69,-0.25,1.07,4.5,4.15,11.97,8.58,8.72,7.82,7.54,6.99,6.16,4.43,14.91,15.11,15.35,15.62,17.08,18.87,15.08,15.43,18.94,24.52,16.39,13.09,19.15,18.18
2024-04-15,300847,14.56,16.24,17.0,14.47,243945,390509135.0,17.42,11.85,1.72,8.24,4.01,11.82,8.43,8.57,7.67,7.39,6.84,6.01,4.28,2.97,15.15,15.25,15.39,15.6,6.28,2.89,3.2,6.34,11.33,4.06,1.11,6.53,5.67,7.33
2024-04-16,300847,15.96,15.81,17.26,15.59,270924,447427083.0,10.28,-2.65,-0.43,9.15,3.78,0.64,0.77,-0.06,-0.32,-0.83,-1.6,-3.21,-4.43,9.04,15.22,15.29,15.41,15.57,5.69,6.01,9.23,14.36,6.89,3.86,9.42,8.54,10.25,8.1
2024-04-17,300847,15.08,16.48,16.71,15.08,209258,336416411.0,10.31,4.24,0.67,7.07,4.05,4.18,3.32,3.05,2.52,1.72,0.07,-1.19,12.73,14.46,15.56,15.37,15.44,15.57,1.7,4.79,9.71,2.55,-0.36,4.98,4.13,5.76,3.7,2.31
2024-04-18,300847,16.17,16.17,16.76,15.91,172120,280847340.0,5.16,-1.88,-0.31,5.81,-1.26,-2.07,-2.33,-2.83,-3.58,-5.15,-6.35,6.85,8.49,5.03,15.84,15.44,15.45,15.57,6.8,11.81,4.51,1.55,6.99,6.12,7.79,5.69,4.27,6.31
2024-04-19,300847,15.93,16.71,17.27,15.82,221470,370452385.0,8.97,3.34,0.54,7.48,-1.52,-1.77,-2.28,-3.03,-4.61,-5.82,7.46,9.1,5.63,5.94,16.28,15.6,15.49,15.59,8.2,1.14,-1.74,3.53,2.69,4.31,2.27,0.9,2.87,2.03
2024-04-22,300847,16.48,17.24,18.08,16.42,248631,432003750.0,9.93,3.17,0.53,8.4,-5.36,-5.85,-6.58,-8.1,-9.26,3.53,5.12,1.77,2.07,5.18,16.48,15.81,15.53,15.65,-1.97,-4.76,0.35,-0.46,1.1,-0.87,-2.2,-0.29,-1.1,-0.12
2024-04-23,300847,16.81,16.22,16.9,16.0,174236,284405971.0,5.22,-5.92,-1.02,5.89,-3.37,-4.13,-5.69,-6.87,6.25,7.88,4.44,4.75,7.94,13.0,16.56,15.89,15.54,15.66,1.23,6.66,5.8,7.46,5.36,3.95,5.98,5.12,6.17,7.89
2024-04-24,300847,16.22,16.28,16.42,15.93,125613,203358089.0,3.02,0.37,0.06,4.24,-3.7,-5.27,-6.47,6.72,8.35,4.9,5.21,8.41,13.5,6.09,16.52,16.04,15.59,15.67,6.27,5.41,7.06,4.98,3.56,5.59,4.73,5.77,7.49,6.82
2024-04-25,300847,16.27,17.09,17.3,16.1,191062,320230093.0,7.37,4.98,0.81,6.45,-6.27,-7.45,5.59,7.2,3.79,4.1,7.27,12.3,4.97,1.99,16.71,16.28,15.69,15.71,0.41,1.99,0.0,-1.35,0.59,-0.23,0.76,2.4,1.76,1.05
2024-04-26,300847,16.77,16.95,17.16,16.63,168113,284131682.0,3.1,-0.82,-0.14,5.68,-10.4,2.22,3.79,0.48,0.78,3.85,8.72,1.62,-1.26,4.03,16.76,16.52,15.81,15.74,2.83,0.83,-0.53,1.42,0.59,1.59,3.24,2.6,1.89,-1.36
2024-04-29,300847,16.71,16.95,17.43,16.47,166162,281137882.0,5.66,0.0,0.0,5.61,3.22,4.8,1.46,1.76,4.86,9.78,2.61,-0.3,5.04,4.19,16.7,16.59,15.92,15.79,0.83,-0.53,1.42,0.59,1.59,3.24,2.6,1.89,-1.36,-4.25
2024-04-30,300847,16.96,16.35,17.09,16.26,123120,204628971.0,4.9,-3.54,-0.6,4.16,6.15,2.77,3.08,6.21,11.19,3.94,0.98,6.4,5.54,7.2,16.72,16.64,15.96,15.82,3.12,5.14,4.28,5.32,7.03,6.36,5.63,2.26,-0.73,-1.35
2024-05-06,300847,16.5,16.77,16.86,16.42,99748,166497114.0,2.69,2.57,0.42,3.37,1.77,2.07,5.18,10.11,2.92,0.0,5.36,4.51,6.15,4.08,16.82,16.67,16.02,15.85,2.5,1.67,2.68,4.35,3.7,2.98,-0.3,-3.22,-3.82,4.29
2024-05-07,300847,16.69,17.07,17.19,16.61,123387,209731002.0,3.46,1.79,0.3,4.17,0.9,3.97,8.85,1.75,-1.14,4.15,3.31,4.94,2.89,1.51,16.82,16.76,16.1,15.89,-0.12,0.88,2.52,1.87,1.17,-2.05,-4.92,-5.51,2.46,-1.7
2024-05-08,300847,16.93,16.6,17.05,16.46,91847,153168317.0,3.46,-2.75,-0.47,3.1,4.92,9.84,2.67,-0.24,5.1,4.25,5.89,3.83,2.43,4.43,16.75,16.75,16.18,15.91,3.73,5.42,4.76,4.04,0.72,-2.23,-2.83,5.36,1.08,-0.06
2024-05-09,300847,16.68,17.17,17.22,16.54,140919,239522370.0,4.1,3.43,0.57,4.76,9.31,2.18,-0.73,4.59,3.75,5.38,3.33,1.93,3.93,3.08,16.79,16.74,16.28,15.94,1.92,1.28,0.58,-2.62,-5.47,-6.06,1.86,-2.27,-3.38,-0.06
2024-05-10,300847,17.0,17.41,17.5,16.85,168457,290047735.0,3.79,1.4,0.24,5.69,0.3,-2.55,2.67,1.84,3.44,1.42,0.06,2.02,1.19,2.2,17.0,16.86,16.38,15.98,-0.11,-0.8,-3.96,-6.78,-7.35,0.46,-3.62,-4.71,-1.44,-4.42
2024-05-13,300847,17.15,17.02,17.39,16.7,114020,194511992.0,3.96,-2.24,-0.39,3.85,-1.68,3.59,2.75,4.37,2.34,0.96,2.93,2.1,3.11,4.79,17.05,16.94,16.49,16.04,1.47,-1.76,-4.64,-5.23,2.76,-1.41,-2.53,0.82,-2.23,-6.05
2024-05-14,300847,16.89,16.71,17.27,16.67,102652,173671495.0,3.53,-1.82,-0.31,3.47,3.78,2.94,4.56,2.52,1.14,3.12,2.28,3.3,4.98,4.32,16.98,16.9,16.59,16.09,0.06,-2.87,-3.47,4.67,0.42,-0.72,2.69,-0.42,-4.31,-5.69
2024-05-15,300847,16.61,16.01,16.72,15.95,111687,180681469.0,4.61,-4.19,-0.7,3.77,7.59,9.28,7.15,5.71,7.77,6.9,7.96,9.72,9.03,8.28,16.86,16.81,16.66,16.14,1.37,0.75,9.24,4.81,3.62,7.18,3.94,-0.12,-1.56,-1.06
2024-05-16,300847,16.01,15.97,16.23,15.93,68132,109342830.0,1.87,-0.25,-0.04,2.3,9.42,7.28,5.84,7.91,7.03,8.1,9.86,9.17,8.41,4.96,16.62,16.71,16.65,16.18,1.0,9.52,5.07,3.88,7.45,4.2,0.13,-1.31,-0.81,0.0
2024-05-17,300847,15.92,16.11,16.13,15.82,53602,85668676.0,1.94,0.88,0.14,1.81,8.03,6.57,8.66,7.77,8.85,10.62,9.92,9.17,5.69,2.59,16.36,16.68,16.66,16.2,8.57,4.16,2.98,6.52,3.29,-0.74,-2.17,-1.68,-0.87,-1.92
2024-05-20,300847,16.07,16.82,17.49,16.01,142020,239068167.0,9.19,4.41,0.71,4.8,5.31,7.37,6.5,7.56,9.31,8.62,7.87,4.43,1.37,0.75,16.32,16.69,16.68,16.24,-0.24,-1.37,2.02,-1.07,-4.93,-6.3,-5.83,-5.05,-6.06,-5.77
2024-05-21,300847,16.64,16.46,16.78,16.35,79239,130904311.0,2.56,-2.14,-0.36,2.68,5.14,4.28,5.32,7.03,6.36,5.63,2.26,-0.73,-1.35,6.97,16.27,16.63,16.7,16.28,0.79,4.25,1.09,-2.86,-4.25,-3.77,-2.98,-4.01,-3.71,-2.67
2024-05-22,300847,16.39,16.42,16.59,16.29,61827,101708888.0,1.82,-0.24,-0.04,2.09,4.67,5.71,7.43,6.75,6.02,2.64,-0.37,-0.98,7.37,3.01,16.36,16.61,16.68,16.32,4.51,1.34,-2.62,-4.02,-3.53,-2.74,-3.78,-3.47,-2.44,-2.13
2024-05-23,300847,16.52,16.73,17.16,16.3,161884,272174387.0,5.24,1.89,0.31,5.47,5.64,7.36,6.69,5.95,2.58,-0.43,-1.04,7.3,2.94,1.78,16.51,16.57,16.66,16.38,-0.54,-4.42,-5.8,-5.32,-4.54,-5.56,-5.26,-4.24,-3.95,-6.99
2024-05-24,300847,16.6,15.93,16.64,15.85,120179,194482632.0,4.72,-4.78,-0.8,4.06,10.41,9.72,8.96,5.49,2.4,1.77,10.35,5.87,4.67,8.26,16.47,16.42,16.64,16.39,0.38,-1.07,-0.56,0.25,-0.82,-0.5,0.56,0.88,-2.32,-2.57
2024-05-27,300847,15.93,15.75,15.99,15.36,69380,108319727.0,3.95,-1.13,-0.18,2.34,13.22,12.43,8.85,5.66,5.01,13.87,9.24,8.01,11.72,8.33,16.26,16.29,16.61,16.42,0.06,0.57,1.4,0.32,0.63,1.71,2.03,-1.21,-1.46,-5.27
2024-05-28,300847,15.59,15.48,15.76,15.48,45480,71069884.0,1.78,-1.71,-0.27,1.54,11.56,8.01,4.84,4.2,12.98,8.4,7.17,10.85,7.49,3.29,16.06,16.17,16.53,16.45,2.33,3.17,2.07,2.39,3.49,3.81,0.52,0.26,-3.62,-2.33
2024-05-29,300847,15.58,15.52,15.84,15.45,41775,65144450.0,2.52,0.26,0.04,1.41,8.22,5.05,4.4,13.2,8.61,7.38,11.07,7.7,3.5,2.01,15.88,16.12,16.46,16.48,2.9,1.8,2.13,3.22,3.54,0.26,0.0,-3.87,-2.58,-2.45
2024-05-30,300847,15.35,15.52,15.97,15.33,63153,98837249.0,4.12,0.0,0.0,2.13,5.87,5.22,14.09,9.46,8.22,11.94,8.55,4.31,2.8,3.33,15.64,16.07,16.39,16.46,1.8,2.13,3.22,3.54,0.26,0.0,-3.87,-2.58,-2.45,-2.71
2024-05-31,300847,15.41,15.62,15.8,15.41,48636,76032335.0,2.51,0.64,0.1,1.64,4.67,13.5,8.89,7.66,11.36,7.98,3.76,2.27,2.79,3.63,15.58,16.02,16.35,16.45,1.47,2.56,2.88,-0.38,-0.64,-4.48,-3.2,-3.07,-3.33,-3.78
2024-06-03,300847,15.55,15.63,15.85,15.33,55534,86551587.0,3.33,0.06,0.01,1.88,14.09,9.46,8.22,11.94,8.55,4.31,2.8,3.33,4.17,3.07,15.55,15.91,16.3,16.42,2.5,2.82,-0.45,-0.7,-4.54,-3.26,-3.13,-3.39,-3.84,-2.88
2024-06-04,300847,15.68,15.96,16.02,15.63,71966,114127169.0,2.5,2.11,0.33,2.43,7.36,6.14,9.79,6.46,2.3,0.83,1.34,2.18,1.09,1.41,15.65,15.86,16.24,16.42,0.69,-2.51,-2.76,-6.52,-5.26,-5.14,-5.39,-5.83,-4.89,-5.01
2024-06-05,300847,15.75,15.54,16.07,15.52,65692,103845394.0,3.45,-2.63,-0.42,2.22,6.89,10.57,7.22,3.03,1.55,2.06,2.9,1.8,2.13,3.22,15.65,15.77,16.19,16.38,0.13,-0.13,-3.99,-2.7,-2.57,-2.83,-3.28,-2.32,-2.45,-3.86
2024-06-06,300847,15.52,14.6,15.56,14.56,92248,137198902.0,6.44,-6.05,-0.94,3.12,17.86,14.29,9.82,8.24,8.79,9.68,8.52,8.86,10.03,10.37,15.47,15.55,16.06,16.29,6.3,2.19,3.56,3.7,3.42,2.95,3.97,3.84,2.33,0.21
2024-06-07,300847,14.73,14.95,15.52,14.71,68642,103282730.0,5.55,2.4,0.35,2.32,13.12,8.7,7.14,7.68,8.57,7.41,7.75,8.91,9.25,5.78,15.34,15.46,15.94,16.25,-0.2,1.14,1.27,1.0,0.54,1.54,1.4,-0.07,-2.14,-2.88
2024-06-11,300847,14.76,14.85,14.92,14.53,51049,75016382.0,2.61,-0.67,-0.1,1.72,10.05,8.47,9.02,9.91,8.74,9.08,10.25,10.6,7.09,6.81,15.18,15.37,15.83,16.2,1.82,1.95,1.68,1.21,2.22,2.09,0.61,-1.48,-2.22,-5.59
2024-06-12,300847,14.75,14.98,15.12,14.75,42773,64127786.0,2.49,0.88,0.13,1.44,6.85,7.39,8.27,7.12,7.46,8.61,8.95,5.49,5.22,1.15,14.98,15.32,15.74,16.13,1.07,0.8,0.33,1.34,1.2,-0.27,-2.34,-3.07,-6.41,-5.01
2024-06-13,300847,14.98,14.97,15.14,14.94,38992,58582537.0,1.34,-0.07,-0.01,1.32,6.02,6.89,5.76,6.09,7.23,7.56,4.15,3.88,-0.13,1.2,14.87,15.26,15.69,16.06,0.87,0.4,1.4,1.27,-0.2,-2.27,-3.01,-6.35,-4.94,-1.2
2024-06-14,300847,14.95,15.04,15.1,14.85,33681,50489477.0,1.67,0.47,0.07,1.14,7.54,6.4,6.73,7.88,8.22,4.78,4.51,0.47,1.82,1.95,14.96,15.21,15.64,16.0,-0.07,0.93,0.8,-0.66,-2.73,-3.46,-6.78,-5.39,-1.66,-1.6
2024-06-17,300847,14.91,14.88,15.03,14.81,29949,44733727.0,1.46,-1.06,-0.16,1.01,6.68,7.02,8.17,8.51,5.06,4.79,0.74,2.09,2.23,1.96,14.94,15.14,15.58,15.95,2.02,1.88,0.4,-1.68,-2.42,-5.78,-4.37,-0.6,-0.54,-2.49
2024-06-18,300847,14.94,15.11,15.18,14.9,43692,65760024.0,1.88,1.55,0.23,1.48,6.38,7.52,7.85,4.43,4.16,0.13,1.48,1.61,1.34,0.87,15.0,15.09,15.5,15.89,0.33,-1.13,-3.18,-3.9,-7.21,-5.82,-2.12,-2.05,-3.97,-3.44
2024-06-19,300847,15.11,14.83,15.16,14.82,42442,63358235.0,2.25,-1.85,-0.28,1.43,8.1,8.43,4.99,4.72,0.67,2.02,2.16,1.89,1.42,2.43,14.97,14.97,15.42,15.82,0.74,-1.35,-2.09,-5.46,-4.05,-0.27,-0.2,-2.16,-1.62,-2.63
2024-06-20,300847,14.85,14.47,14.94,14.44,45477,66748613.0,3.37,-2.43,-0.36,1.54,11.29,7.76,7.48,3.32,4.71,4.85,4.57,4.09,5.12,4.99,14.87,14.87,15.32,15.75,1.11,0.35,-3.11,-1.66,2.21,2.28,0.28,0.83,-0.21,-1.52
2024-06-21,300847,14.47,14.55,14.63,14.32,27442,39775934.0,2.14,0.55,0.08,0.93,8.66,8.38,4.19,5.59,5.73,5.45,4.96,6.01,5.87,4.33,14.77,14.86,15.21,15.66,-0.21,-3.64,-2.2,1.65,1.72,-0.27,0.27,-0.76,-2.06,-3.92
2024-06-24,300847,14.46,13.88,14.52,13.84,48927,68919139.0,4.67,-4.6,-0.67,1.65,12.14,7.8,9.25,9.39,9.1,8.6,9.68,9.54,7.95,5.71,14.57,14.76,15.11,15.54,1.01,2.52,6.56,6.63,4.54,5.12,4.03,2.67,0.72,0.5
2024-06-25,300847,13.88,13.77,14.02,13.57,33403,46082151.0,3.24,-0.79,-0.11,1.13,9.95,11.42,11.57,11.27,10.76,11.86,11.72,10.1,7.81,7.0,14.3,14.65,15.01,15.44,3.34,7.41,7.48,5.37,5.95,4.87,3.49,1.53,1.31,0.73
2024-06-26,300847,13.77,14.19,14.23,13.6,42032,58795999.0,4.58,3.05,0.42,1.42,11.18,11.32,11.03,10.51,11.62,11.47,9.85,7.57,6.76,3.09,14.17,14.57,14.94,15.35,4.23,4.3,2.26,2.82,1.76,0.42,-1.48,-1.69,-2.26,-0.99
2024-06-27,300847,14.13,14.16,14.79,14.01,58844,84295847.0,5.5,-0.21,-0.03,1.99,8.07,7.78,7.28,8.35,8.21,6.64,4.43,3.64,0.07,1.57,14.11,14.49,14.88,15.29,4.52,2.47,3.04,1.98,0.64,-1.27,-1.48,-2.05,-0.78,0.14
2024-06-28,300847,13.95,14.49,14.8,13.9,76186,110375353.0,6.36,2.33,0.33,2.57,8.63,8.13,9.21,9.06,7.48,5.25,4.46,0.86,2.37,6.4,14.1,14.43,14.82,15.24,0.14,0.69,-0.35,-1.66,-3.52,-3.73,-4.28,-3.04,-2.14,-2.42
2024-07-01,300847,14.33,14.47,14.51,14.22,42969,61718511.0,2.0,-0.14,-0.02,1.45,5.7,6.75,6.61,5.06,2.88,2.11,-1.41,0.07,4.01,4.08,14.22,14.39,14.77,15.19,0.83,-0.21,-1.52,-3.39,-3.59,-4.15,-2.9,-2.0,-2.28,-3.04
2024-07-02,300847,14.39,14.4,14.59,14.33,30273,43734183.0,1.8,-0.48,-0.07,1.02,5.93,5.79,4.26,2.09,1.33,-2.16,-0.7,3.21,3.28,1.26,14.34,14.32,14.7,15.11,0.28,-1.04,-2.92,-3.13,-3.68,-2.43,-1.53,-1.81,-2.57,-3.4
2024-07-03,300847,14.37,14.11,14.44,14.11,30594,43431800.0,2.29,-2.01,-0.29,1.03,7.44,5.88,3.69,2.91,-0.64,0.85,4.82,4.89,2.83,3.4,14.33,14.25,14.61,15.03,0.99,-0.92,-1.13,-1.7,-0.43,0.5,0.21,-0.57,-1.42,-1.06
2024-07-04,300847,14.11,13.75,14.25,13.69,30210,42035040.0,3.97,-2.55,-0.36,1.02,9.13,6.87,6.06,2.41,3.94,8.04,8.11,5.99,6.57,5.48,14.24,14.18,14.52,14.94,1.67,1.45,0.87,2.18,3.13,2.84,2.04,1.16,1.53,1.45
2024-07-05,300847,13.76,13.92,13.98,13.54,23015,31709353.0,3.2,1.24,0.17,0.78,8.05,7.24,3.55,5.1,9.23,9.31,7.16,7.75,6.65,5.24,14.13,14.11,14.49,14.84,0.22,-0.36,0.93,1.87,1.58,0.79,-0.07,0.29,0.22,1.8
2024-07-08,300847,13.9,13.51,13.95,13.47,25980,35430727.0,3.45,-2.95,-0.41,0.88,7.8,4.08,5.64,9.8,9.87,7.72,8.31,7.2,5.79,3.79,13.94,14.08,14.42,14.76,2.66,4.0,4.96,4.66,3.85,2.96,3.33,3.26,4.89,6.37
2024-07-09,300847,13.54,13.87,13.87,13.35,35603,48550137.0,3.85,2.66,0.36,1.2,5.02,6.59,10.79,10.86,8.69,9.29,8.16,6.74,4.72,4.49,13.83,14.09,14.37,14.7,1.3,2.24,1.95,1.15,0.29,0.65,0.58,2.16,3.6,2.6
2024-07-10,300847,13.74,13.78,14.05,13.71,28433,39556296.0,2.45,-0.65,-0.09,0.96,3.79,7.88,7.95,5.84,6.42,5.32,3.94,1.97,1.75,1.17,13.77,14.05,14.31,14.64,2.9,2.61,1.81,0.94,1.31,1.23,2.83,4.28,3.27,2.47
2024-07-11,300847,14.03,14.09,14.18,13.93,32886,46324444.5,1.81,2.25,0.31,1.11,6.17,6.25,4.16,4.74,3.66,2.3,0.36,0.14,-0.43,0.86,13.83,14.04,14.26,14.6,0.35,-0.43,-1.28,-0.92,-0.99,0.57,1.99,0.99,0.21,-1.85
2024-07-12,300847,14.14,13.95,14.14,13.87,26240,36689524.0,1.92,-0.99,-0.14,0.89,6.71,4.61,5.19,4.11,2.74,0.79,0.58,0.0,1.3,2.24,13.84,13.98,14.21,14.54,0.57,-0.29,0.07,0.0,1.58,3.01,2.01,1.22,-0.86,1.0
2024-07-15,300847,13.91,13.79,14.03,13.71,21004,29018691.0,2.29,-1.15,-0.16,0.71,5.84,6.42,5.32,3.94,1.97,1.75,1.17,2.48,3.43,3.14,13.9,13.92,14.15,14.48,0.87,1.23,1.16,2.76,4.21,3.19,2.39,0.29,2.18,0.0
2024-07-16,300847,13.71,13.91,13.91,13.63,23490,32350209.0,2.03,0.87,0.12,0.79,7.04,5.94,4.55,2.57,2.35,1.76,3.08,4.04,3.74,2.93,13.9,13.87,14.09,14.43,0.36,0.29,1.87,3.31,2.3,1.51,-0.58,1.29,0.0,0.0
2024-07-17,300847,13.91,13.71,13.96,13.7,21454,29617249.0,1.87,-1.44,-0.2,0.72,5.4,4.01,2.04,1.82,1.24,2.55,3.5,3.21,2.41,1.53,13.89,13.83,14.04,14.35,1.75,3.36,4.81,3.79,2.99,0.88,2.77,0.0,0.0,0.0
2024-07-18,300847,13.6,13.91,13.95,13.43,34958,48042164.0,3.79,1.46,0.2,1.18,6.11,4.1,3.87,3.28,4.62,5.58,5.29,4.47,3.57,3.95,13.85,13.84,14.01,14.3,1.87,3.31,2.3,1.51,-0.58,1.29,0.0,0.0,0.0,0.0
2024-07-19,300847,13.8,14.12,14.17,13.79,33606,47170595.0,2.73,1.51,0.21,1.14,1.38,1.16,0.58,1.89,2.83,2.54,1.74,0.87,1.23,1.16,13.89,13.86,13.99,14.28,1.77,0.78,0.0,-2.05,-0.21,0.0,0.0,0.0,0.0,0.0
2024-07-22,300847,14.11,14.19,14.37,14.01,36604,52051509.0,2.55,0.5,0.07,1.24,-0.43,-1.0,0.29,1.21,0.93,0.14,-0.71,-0.36,-0.43,1.14,13.97,13.93,14.0,14.26,0.28,-0.49,-2.54,-0.7,0.0,0.0,0.0,0.0,0.0,0.0
2024-07-23,300847,14.19,13.78,14.23,13.78,29402,41191805.0,3.17,-2.89,-0.41,0.99,0.65,1.96,2.9,2.61,1.81,0.94,1.31,1.23,2.83,4.28,13.94,13.92,14.01,14.22,2.47,0.36,2.25,0.0,0.0,0.0,0.0,0.0,0.0,0.0
2024-07-24,300847,13.68,13.68,14.12,13.64,30997,42849023.0,3.48,-0.73,-0.1,1.05,3.01,3.96,3.67,2.86,1.98,2.35,2.27,3.89,5.35,4.33,13.94,13.91,13.98,14.18,1.1,3.0,0.0,0.0,0.0,0.0,0.0,0.0,0.0,0.0
2024-07-25,300847,13.55,13.73,13.83,13.35,28805,39115083.0,3.51,0.37,0.05,0.97,6.22,5.92,5.09,4.19,4.57,4.49,6.14,7.64,6.59,5.77,13.9,13.88,13.96,14.13,2.62,0.0,0.0,0.0,0.0,0.0,0.0,0.0,0.0,0.0
2024-07-26,300847,13.68,14.07,14.09,13.68,32502,45427760.0,2.99,2.48,0.34,1.1,3.36,2.56,1.68,2.05,1.97,3.58,5.04,4.02,3.22,1.1,13.89,13.89,13.94,14.1,0.0,0.0,0.0,0.0,0.0,0.0,0.0,0.0,0.0,0.0
