日期,股票代码,开盘,收盘,最高,最低,成交量,成交额,振幅,涨跌幅,涨跌额,换手率,d-10,d-9,d-8,d-7,d-6,d-5,d-4,d-3,d-2,d-1,5日均,10日均,20日均,30日均,d1,d2,d3,d4,d5,d6,d7,d8,d9,d10
2011-01-28,601519,24.91,25.38,25.58,23.2,683746,1687207423.0,10.26,9.4,2.18,77.7,0.0,0.0,0.0,0.0,0.0,0.0,0.0,0.0,0.0,0.0,25.38,25.38,25.38,25.38,-2.72,-1.54,-8.12,-5.67,-5.95,1.38,7.57,4.77,6.78,7.8
2011-01-31,601519,24.5,23.95,24.69,23.5,324566,782279561.0,4.69,-5.63,-1.43,36.88,0.0,0.0,0.0,0.0,0.0,0.0,0.0,0.0,0.0,8.85,24.66,24.66,24.66,24.66,4.34,-2.63,-0.04,-0.33,7.43,13.99,11.02,13.15,14.24,9.44
2011-02-01,601519,23.9,24.08,24.99,23.81,268238,654512434.0,4.93,0.54,0.13,30.48,0.0,0.0,0.0,0.0,0.0,0.0,0.0,0.0,7.43,3.7,24.47,24.47,24.47,24.47,-3.16,-0.58,-0.87,6.85,13.37,10.42,12.54,13.62,8.85,10.3
2011-02-09,601519,23.0,22.78,23.32,22.37,208206,475687046.0,3.95,-5.4,-1.3,23.66,0.0,0.0,0.0,0.0,0.0,0.0,0.0,14.35,10.37,11.71,24.05,24.05,24.05,24.05,5.09,4.78,12.95,19.84,16.73,18.96,20.11,15.06,16.59,12.6
2011-02-10,601519,22.72,23.64,23.94,22.72,170555,398107030.0,5.36,3.78,0.86,19.38,0.0,0.0,0.0,0.0,0.0,0.0,12.59,8.67,9.99,2.64,23.97,23.97,23.97,23.97,0.97,8.84,15.48,12.48,14.64,15.74,10.87,12.35,8.5,10.36
2011-02-11,601519,23.77,23.39,23.87,23.21,142374,334890662.0,2.79,-1.06,-0.25,16.18,0.0,0.0,0.0,0.0,0.0,10.21,6.38,7.67,0.47,3.15,23.57,23.87,23.87,23.87,10.0,16.72,13.68,15.86,16.97,12.06,13.55,9.66,11.54,12.87
2011-02-14,601519,23.4,25.73,25.73,23.3,243196,600117403.0,10.39,10.0,2.34,27.64,0.0,0.0,0.0,0.0,9.79,5.97,7.25,0.09,2.75,2.45,23.92,24.14,24.14,24.14,6.1,3.34,5.32,6.34,1.87,3.23,-0.31,1.4,2.6,0.54
2011-02-15,601519,26.0,26.01,27.3,25.77,378678,998287454.0,5.95,1.09,0.28,43.03,0.0,0.0,0.0,-0.74,-4.19,-3.03,-9.51,-7.1,-7.37,-0.16,24.31,24.37,24.37,24.37,2.23,4.19,5.19,0.77,2.11,-1.38,0.31,1.5,-0.54,-2.04
2011-02-16,601519,25.7,26.07,26.59,25.53,185289,482652978.0,4.08,0.23,0.06,21.06,0.0,0.0,0.2,-3.29,-2.12,-8.66,-6.23,-6.5,0.78,6.93,24.97,24.56,24.56,24.56,3.95,4.95,0.54,1.88,-1.61,0.08,1.27,-0.77,-2.26,-2.19
2011-02-17,601519,26.18,27.0,27.1,26.02,195981,522222259.0,4.14,3.57,0.93,22.27,0.0,-1.69,-5.11,-3.96,-10.38,-7.99,-8.26,-1.11,4.92,2.19,25.64,24.8,24.8,24.8,1.33,-2.93,-1.63,-5.0,-3.37,-2.22,-4.19,-5.63,-5.56,-5.48
2011-02-18,601519,27.0,25.77,27.36,25.71,194344,513986758.0,6.11,-4.56,-1.23,22.08,-0.51,-3.97,-2.8,-9.3,-6.88,-7.16,0.08,6.18,3.42,5.41,26.12,24.84,24.89,24.89,1.71,3.07,-0.47,1.24,2.44,0.39,-1.13,-1.05,-0.97,-4.04
2011-02-21,601519,25.49,26.16,26.21,25.06,100410,258515691.0,4.46,1.51,0.39,11.41,-1.48,-0.28,-6.94,-4.47,-4.75,2.67,8.94,6.11,8.14,9.18,26.2,25.06,25.0,25.0,1.53,-1.95,-0.27,0.92,-1.11,-2.6,-2.52,-2.45,-5.47,-4.24
2011-02-22,601519,25.89,25.15,26.56,25.1,121075,312451928.0,5.58,-3.86,-1.01,13.76,-0.44,-7.09,-4.62,-4.9,2.51,8.76,5.94,7.97,9.0,4.42,26.03,25.17,25.01,25.01,1.99,3.74,4.97,2.86,1.31,1.39,1.47,-1.67,-0.4,-1.19
2011-02-23,601519,25.1,25.45,25.65,25.1,71583,181917386.0,2.19,1.19,0.3,8.13,-7.09,-4.62,-4.9,2.51,8.76,5.94,7.97,9.0,4.42,5.82,25.91,25.44,25.04,25.04,2.51,3.73,1.65,0.12,0.2,0.28,-2.83,-1.57,-2.36,-1.14
2011-02-24,601519,25.5,25.86,26.09,25.36,70938,182615154.0,2.87,1.61,0.41,8.06,-5.6,-5.88,1.46,7.65,4.85,6.86,7.89,3.35,4.73,1.14,25.68,25.66,25.09,25.09,2.09,0.04,-1.47,-1.39,-1.31,-4.37,-3.13,-3.91,-2.71,-2.32
2011-02-25,601519,26.05,25.88,26.4,25.7,104124,270928856.0,2.71,0.08,0.02,11.83,-7.12,0.12,6.23,3.46,5.45,6.46,1.98,3.35,-0.19,1.52,25.7,25.91,25.14,25.14,-0.04,-1.55,-1.47,-1.39,-4.44,-3.21,-3.98,-2.78,-2.4,-2.9
2011-02-28,601519,25.7,25.36,25.87,24.87,91192,230205842.0,3.86,-2.01,-0.52,10.36,3.46,9.77,6.92,8.97,10.01,5.39,6.8,3.14,4.91,6.15,25.54,25.87,25.16,25.16,0.47,0.55,0.63,-2.48,-1.22,-2.01,-0.79,-0.39,-0.91,-2.01
2011-03-01,601519,25.48,25.12,25.48,25.0,76286,191911279.0,1.89,-0.95,-0.24,8.67,9.2,6.36,8.4,9.44,4.84,6.24,2.6,4.36,5.6,3.48,25.53,25.78,25.15,25.15,1.51,1.59,-1.55,-0.28,-1.07,0.16,0.56,0.04,-1.07,-2.67
2011-03-02,601519,25.01,25.39,25.5,24.62,90166,226511468.0,3.5,1.07,0.27,10.25,8.0,10.07,11.13,6.46,7.88,4.18,5.97,7.23,5.08,3.49,25.52,25.71,25.17,25.17,0.51,-2.6,-1.34,-2.13,-0.91,-0.51,-1.02,-2.13,-3.7,-5.95
2011-03-03,601519,25.3,24.53,25.52,24.51,64764,162086168.0,3.98,-3.39,-0.86,7.36,10.57,11.63,6.94,8.36,4.65,6.45,7.71,5.55,3.96,4.04,25.26,25.47,25.13,25.13,0.82,2.12,1.3,2.57,2.98,2.45,1.3,-0.33,-2.65,-1.43
2011-03-04,601519,24.58,24.56,24.73,23.99,58147,141345821.0,3.02,0.12,0.03,6.61,14.05,9.25,10.71,6.92,8.75,10.05,7.84,6.21,6.29,6.38,24.99,25.35,25.09,25.11,2.0,1.18,2.44,2.85,2.32,1.18,-0.45,-2.77,-1.55,-2.28
2011-03-07,601519,24.45,24.83,25.05,24.37,54543,134611412.0,2.77,1.1,0.27,6.2,7.55,8.99,5.25,7.06,8.33,6.16,4.55,4.64,4.72,1.48,24.89,25.21,25.14,25.09,0.08,1.33,1.73,1.21,0.08,-1.53,-3.83,-2.62,-3.34,-5.84
2011-03-08,601519,24.85,24.47,24.85,24.25,52628,128455053.0,2.42,-1.45,-0.36,5.98,9.53,5.77,7.59,8.87,6.68,5.07,5.15,5.24,1.98,3.3,24.76,25.14,25.16,25.07,2.82,3.23,2.7,1.55,-0.08,-2.41,-1.19,-1.92,-4.45,-4.58
2011-03-09,601519,24.48,25.08,25.16,24.26,83224,205984428.0,3.68,2.49,0.61,9.46,5.73,7.54,8.82,6.64,5.03,5.11,5.19,1.94,3.26,2.43,24.69,25.11,25.27,25.07,0.72,0.2,-0.92,-2.51,-4.78,-3.59,-4.31,-6.78,-6.9,-6.38
2011-03-10,601519,25.09,24.94,25.26,24.85,62430,156395272.0,1.63,-0.56,-0.14,7.09,4.99,6.24,4.1,2.54,2.62,2.7,-0.48,0.8,0.0,1.25,24.78,25.02,25.34,25.06,0.76,-0.36,-1.96,-4.25,-3.05,-3.77,-6.26,-6.38,-5.85,-5.77
2011-03-11,601519,24.81,24.64,25.13,24.61,46295,115349507.0,2.09,-1.2,-0.3,5.26,7.27,5.12,3.54,3.62,3.7,0.49,1.79,0.98,2.23,2.64,24.79,24.89,25.4,25.05,0.85,-0.77,-3.08,-1.87,-2.6,-5.11,-5.24,-4.71,-4.63,-5.32
2011-03-14,601519,24.6,24.3,24.85,24.28,45104,110092568.0,2.31,-1.38,-0.34,5.13,6.55,4.94,5.02,5.11,1.85,3.17,2.35,3.62,4.04,3.5,24.69,24.79,25.33,25.02,0.62,-1.73,-0.49,-1.23,-3.79,-3.91,-3.37,-3.29,-3.99,-3.99
2011-03-15,601519,24.39,23.5,24.45,22.8,64366,151665650.0,6.79,-3.29,-0.8,7.31,11.75,11.84,11.93,8.46,9.87,8.99,10.35,10.79,10.22,8.99,24.49,24.62,25.2,24.96,1.62,2.89,2.13,-0.51,-0.64,-0.09,0.0,-0.72,-0.72,-1.45
2011-03-16,601519,23.56,23.78,23.88,23.38,57253,135165199.0,2.13,1.19,0.28,6.51,9.07,9.15,5.77,7.14,6.29,7.61,8.04,7.49,6.29,4.58,24.23,24.46,25.09,24.92,1.68,0.93,-1.68,-1.81,-1.26,-1.18,-1.89,-1.89,-2.61,-4.96
2011-03-17,601519,23.55,23.75,24.18,23.26,58334,138519023.0,3.87,-0.13,-0.03,6.63,9.72,6.32,7.7,6.84,8.17,8.6,8.04,6.84,5.12,2.67,23.99,24.38,24.93,24.88,1.05,-1.56,-1.68,-1.14,-1.05,-1.77,-1.77,-2.48,-4.84,-5.09
2011-03-18,601519,23.55,23.66,24.0,23.5,40176,95265555.0,2.11,-0.38,-0.09,4.57,5.23,6.6,5.74,7.06,7.49,6.94,5.74,4.04,1.62,2.89,23.8,24.3,24.82,24.83,-1.18,-1.31,-0.76,-0.68,-1.39,-1.39,-2.11,-4.48,-4.73,-5.54
2011-03-21,601519,23.38,23.22,23.38,22.96,38898,90143602.0,1.78,-1.86,-0.44,4.42,9.1,8.23,9.58,10.02,9.45,8.23,6.49,4.01,5.31,4.53,23.58,24.13,24.67,24.8,0.56,1.12,1.21,0.47,0.47,-0.26,-2.67,-2.93,-3.75,-1.38
2011-03-22,601519,23.3,23.2,23.35,22.98,28361,65564010.0,1.59,-0.09,-0.02,3.22,8.14,9.49,9.92,9.36,8.14,6.4,3.92,5.22,4.44,1.74,23.52,24.01,24.58,24.77,1.21,1.29,0.56,0.56,-0.17,-2.59,-2.84,-3.66,-1.29,-2.28
2011-03-23,601519,23.2,23.41,23.48,23.19,24911,58204801.0,1.25,0.91,0.21,2.83,8.5,8.93,8.37,7.16,5.43,2.98,4.27,3.49,0.82,0.69,23.45,23.84,24.47,24.8,0.38,-0.34,-0.34,-1.07,-3.46,-3.72,-4.53,-2.18,-3.16,-2.65
2011-03-24,601519,23.48,23.09,23.5,23.05,35284,81832103.0,1.92,-1.37,-0.32,4.01,9.59,9.02,7.81,6.07,3.6,4.9,4.12,1.43,1.3,1.87,23.32,23.65,24.34,24.78,1.04,1.04,0.3,-2.12,-2.38,-3.2,-0.82,-1.82,-1.3,-1.39
2011-03-25,601519,23.07,23.19,23.33,23.01,25880,60034689.0,1.39,0.43,0.1,2.94,9.21,8.0,6.26,3.78,5.08,4.3,1.61,1.48,2.04,2.13,23.22,23.51,24.2,24.77,0.6,-0.13,-2.54,-2.8,-3.62,-1.25,-2.24,-1.72,-1.81,-3.06
2011-03-28,601519,23.2,23.16,23.33,23.08,30023,69608374.0,1.08,-0.13,-0.03,3.41,7.67,5.94,3.47,4.77,3.99,1.3,1.17,1.73,1.82,1.08,23.21,23.4,24.09,24.68,0.0,-2.42,-2.68,-3.5,-1.12,-2.12,-1.6,-1.68,-2.94,-2.85
2011-03-29,601519,23.16,22.54,23.16,22.51,45486,103293880.0,2.81,-2.68,-0.62,5.17,8.62,6.09,7.42,6.62,3.86,3.73,4.31,4.4,3.64,3.64,23.08,23.3,23.96,24.57,0.27,0.0,-0.84,1.6,0.58,1.11,1.02,-0.27,-0.18,-0.13
2011-03-30,601519,22.36,22.01,22.6,22.0,38357,85019105.0,2.66,-2.35,-0.53,4.36,8.55,9.91,9.09,6.27,6.14,6.73,6.82,6.05,6.05,5.27,22.8,23.12,23.79,24.43,2.41,1.54,4.04,3.0,3.54,3.45,2.14,2.23,2.27,2.14
2011-03-31,601519,22.01,22.18,22.54,22.0,26139,58248212.0,2.45,0.77,0.17,2.97,9.91,9.09,6.27,6.14,6.73,6.82,6.05,6.05,5.27,2.73,22.62,22.97,23.68,24.27,0.77,3.25,2.21,2.75,2.66,1.35,1.44,1.49,1.35,1.17
2011-04-01,601519,22.3,22.25,22.35,22.0,19616,43452770.0,1.58,0.32,0.07,2.23,9.09,6.27,6.14,6.73,6.82,6.05,6.05,5.27,2.73,2.45,22.43,22.82,23.56,24.16,2.92,1.89,2.43,2.34,1.03,1.12,1.17,1.03,0.85,-0.31
2011-04-06,601519,22.2,22.75,22.9,22.01,41150,92509504.0,4.0,2.25,0.5,4.68,6.22,6.09,6.68,6.77,6.0,6.0,5.22,2.68,2.41,1.54,22.35,22.78,23.46,24.04,-0.35,0.18,0.09,-1.19,-1.1,-1.05,-1.19,-1.36,-2.51,-6.07
2011-04-07,601519,22.6,22.49,22.67,22.4,24017,54050667.0,1.19,-1.14,-0.26,2.73,4.24,4.82,4.91,4.15,4.15,3.39,0.89,0.63,-0.22,2.23,22.34,22.71,23.36,23.95,1.33,1.24,-0.04,0.04,0.09,-0.04,-0.22,-1.38,-4.98,-5.65
2011-04-08,601519,22.5,22.62,22.79,22.5,20889,47297232.0,1.29,0.58,0.13,2.37,4.36,4.44,3.69,3.69,2.93,0.44,0.18,-0.67,1.78,0.76,22.46,22.63,23.23,23.86,0.66,-0.62,-0.53,-0.49,-0.62,-0.8,-1.95,-5.53,-6.19,-9.59
2011-04-11,601519,22.63,22.2,22.77,22.17,29399,65829512.0,2.65,-1.86,-0.42,3.34,6.0,5.23,5.23,4.47,1.94,1.67,0.81,3.29,2.26,2.8,22.46,22.54,23.1,23.74,1.26,1.35,1.4,1.26,1.08,-0.09,-3.74,-4.41,-7.88,-8.11
2011-04-12,601519,22.21,22.3,22.48,22.17,17837,39739160.0,1.4,0.45,0.1,2.03,5.23,5.23,4.47,1.94,1.67,0.81,3.29,2.26,2.8,2.71,22.47,22.45,22.98,23.62,0.9,0.94,0.81,0.63,-0.54,-4.17,-4.84,-8.3,-8.52,-9.51
2011-04-13,601519,22.28,22.48,22.5,22.04,22630,50314718.0,2.06,0.81,0.18,2.57,5.85,5.08,2.54,2.27,1.41,3.9,2.86,3.4,3.31,2.0,22.42,22.38,22.89,23.52,0.13,0.0,-0.18,-1.33,-4.94,-5.6,-9.03,-9.25,-10.23,-13.03
2011-04-14,601519,22.5,22.26,22.51,22.26,17537,39191099.0,1.11,-0.98,-0.22,1.99,4.04,1.53,1.26,0.4,2.88,1.84,2.38,2.29,0.99,1.08,22.37,22.35,22.83,23.43,0.99,0.81,-0.36,-4.0,-4.67,-8.13,-8.36,-9.34,-12.17,-21.38
2011-04-15,601519,22.22,22.43,22.48,22.18,21672,48426106.0,1.35,0.76,0.17,2.46,1.89,1.62,0.77,3.25,2.21,2.75,2.66,1.35,1.44,1.49,22.33,22.4,22.76,23.33,0.04,-1.11,-4.73,-5.39,-8.83,-9.05,-10.03,-12.84,-21.98,-23.0
2011-04-18,601519,22.38,22.25,22.44,22.14,17560,39093208.0,1.34,-0.8,-0.18,2.0,1.81,0.95,3.43,2.39,2.94,2.85,1.54,1.63,1.67,1.54,22.34,22.4,22.68,23.25,-0.31,-3.96,-4.63,-8.09,-8.31,-9.3,-12.13,-21.35,-22.38,-22.34
2011-04-19,601519,22.18,21.43,22.18,21.38,41217,89158511.0,3.6,-3.69,-0.82,4.68,4.54,7.11,6.03,6.59,6.5,5.14,5.24,5.29,5.14,4.96,22.17,22.32,22.57,23.15,-0.28,-0.98,-4.57,-4.81,-5.83,-8.77,-18.34,-19.41,-19.37,-20.95
2011-04-20,601519,21.26,21.14,21.37,21.0,32985,69625037.0,1.73,-1.35,-0.29,3.75,9.05,7.95,8.52,8.43,7.05,7.14,7.19,7.05,6.86,5.62,21.9,22.16,22.47,23.02,0.38,-3.26,-3.5,-4.54,-7.52,-17.22,-18.31,-18.26,-19.87,-20.67
2011-04-22,601519,21.22,20.48,21.22,20.3,45467,94280805.0,4.35,-3.12,-0.66,5.17,11.67,12.27,12.17,10.74,10.84,10.89,10.74,10.54,9.26,5.27,21.55,21.96,22.33,22.89,-0.15,-0.39,-1.46,-4.54,-14.55,-15.67,-15.62,-17.29,-18.12,-16.31
2011-04-25,601519,20.4,19.66,20.45,19.65,34629,68767595.0,3.91,-4.0,-0.82,3.94,15.98,15.88,14.4,14.5,14.55,14.4,14.2,12.88,8.75,7.99,20.99,21.66,22.15,22.71,3.76,2.64,-0.56,-10.99,-12.16,-12.11,-13.84,-14.7,-12.82,-14.09
2011-04-26,601519,19.48,20.02,20.4,19.35,36840,73531384.0,5.34,1.83,0.36,4.19,17.67,16.18,16.28,16.33,16.18,15.97,14.63,10.44,9.66,5.68,20.55,21.44,21.99,22.55,0.8,-2.35,-12.59,-13.74,-13.69,-15.38,-16.23,-14.39,-15.63,-15.28
2011-04-27,601519,20.0,19.66,20.18,19.44,22424,44190635.0,3.7,-1.8,-0.36,2.55,15.64,15.74,15.79,15.64,15.43,14.09,9.93,9.16,5.2,4.94,20.19,21.18,21.82,22.38,-0.56,-10.99,-12.16,-12.11,-13.84,-14.7,-12.82,-14.09,-13.73,-14.65
2011-04-28,601519,19.55,17.69,19.55,17.69,98113,178017476.0,9.46,-10.02,-1.97,8.92,27.19,27.25,27.08,26.85,25.38,20.8,19.95,15.6,15.32,14.08,19.5,20.7,21.54,22.16,-1.07,-2.37,-2.32,-4.24,-5.2,-3.11,-4.52,-4.13,-5.14,-4.01
2011-04-29,601519,17.46,17.27,17.5,16.45,50290,85469436.0,5.94,-2.37,-0.42,4.57,36.84,36.66,36.41,34.83,29.91,29.0,24.32,24.01,22.67,18.84,18.86,20.2,21.28,21.95,0.0,0.06,-1.91,-2.9,-0.75,-2.2,-1.8,-2.84,-1.68,-0.41
2011-05-03,601519,17.08,17.22,17.27,16.9,31466,53774565.0,2.14,-0.29,-0.05,2.86,33.02,32.78,31.24,26.45,25.56,21.01,20.71,19.41,15.68,3.55,18.37,19.68,21.04,21.73,0.35,-1.63,-2.61,-0.46,-1.92,-1.51,-2.56,-1.39,-0.12,2.03
2011-05-04,601519,17.25,16.42,17.28,16.3,40493,67553866.0,5.69,-4.65,-0.8,3.68,37.67,36.07,31.1,30.18,25.46,25.15,23.8,19.94,7.36,5.95,17.65,19.1,20.75,21.49,3.17,2.13,4.38,2.86,3.29,2.19,3.41,4.75,7.0,8.4
2011-05-05,601519,16.32,16.69,16.94,16.21,34502,57503719.0,4.45,1.64,0.27,3.14,36.83,31.83,30.91,26.16,25.85,24.49,20.6,7.96,6.54,6.6,17.06,18.62,20.47,21.26,0.48,2.7,1.2,1.62,0.54,1.74,3.06,5.27,6.65,3.59
2011-05-06,601519,16.68,16.71,16.77,16.0,27405,45262731.0,4.61,0.12,0.02,2.49,33.56,32.62,27.81,27.5,26.12,22.19,9.38,7.94,8.0,5.88,16.86,18.18,20.17,21.04,2.57,1.08,1.5,0.42,1.62,2.93,5.15,6.52,3.47,1.62
2011-05-09,601519,16.75,16.87,17.14,16.6,35766,60492612.0,3.23,0.96,0.16,3.25,27.83,23.19,22.89,21.57,17.77,5.42,4.04,4.1,2.05,1.02,16.78,17.82,19.89,20.83,0.12,0.53,-0.53,0.65,1.96,4.15,5.51,2.49,0.65,-1.48
2011-05-10,601519,16.84,16.73,16.89,16.48,33226,55266145.0,2.43,-0.83,-0.14,3.02,24.09,23.79,22.45,18.63,6.19,4.79,4.85,2.79,1.76,4.0,16.68,17.53,19.6,20.61,1.37,0.3,1.49,2.81,5.02,6.4,3.35,1.49,-0.66,-6.1
2011-05-11,601519,16.73,16.8,16.96,16.57,29950,50414196.0,2.33,0.42,0.07,2.72,23.11,21.79,17.98,5.61,4.22,4.28,2.23,1.21,3.44,1.93,16.76,17.21,19.33,20.4,-0.12,1.07,2.38,4.58,5.95,2.92,1.07,-1.07,-6.49,-7.74
2011-05-12,601519,16.69,16.38,16.78,16.38,25704,42557462.0,2.38,-2.5,-0.42,2.34,23.2,19.35,6.84,5.43,5.49,3.42,2.38,4.64,3.11,3.54,16.7,16.88,19.03,20.17,3.66,5.01,7.26,8.67,5.56,3.66,1.47,-4.09,-5.37,-6.11
2011-05-13,601519,16.42,16.95,16.98,16.38,34734,57926794.0,3.66,3.48,0.57,3.16,19.35,6.84,5.43,5.49,3.42,2.38,4.64,3.11,3.54,2.44,16.75,16.8,18.75,19.96,1.47,3.66,5.01,2.01,0.18,-1.95,-7.32,-8.55,-9.26,-10.03
2011-05-16,601519,16.96,17.06,17.2,16.88,35509,60690986.0,1.89,0.65,0.11,3.23,3.67,2.31,2.37,0.36,-0.65,1.54,0.06,0.47,-0.59,0.59,16.78,16.78,18.49,19.78,2.99,4.34,1.35,-0.47,-2.58,-7.91,-9.14,-9.85,-10.61,-11.14
2011-05-17,601519,17.0,17.48,17.57,16.91,56697,98508372.0,3.87,2.46,0.42,5.15,2.13,2.19,0.18,-0.83,1.36,-0.12,0.3,-0.77,0.41,1.71,16.93,16.81,18.25,19.63,1.83,-1.09,-2.86,-4.92,-10.13,-11.33,-12.01,-12.76,-13.27,-13.67
2011-05-18,601519,17.5,17.3,17.8,17.2,54659,95784383.0,3.43,-1.03,-0.18,4.97,0.47,-1.51,-2.5,-0.35,-1.8,-1.4,-2.44,-1.28,0.0,2.15,17.03,16.9,18.0,19.47,-0.06,-1.85,-3.93,-9.19,-10.4,-11.1,-11.85,-12.37,-12.77,-12.2
2011-05-19,601519,17.29,16.79,17.29,16.78,28153,47798326.0,2.95,-2.95,-0.51,2.56,0.95,-0.06,2.15,0.66,1.07,0.0,1.19,2.5,4.71,6.08,17.12,16.91,17.77,19.28,1.13,-1.01,-6.43,-7.68,-8.4,-9.17,-9.71,-10.13,-9.53,-10.66
2011-05-20,601519,16.79,16.57,16.98,16.55,15902,26575677.0,2.56,-1.31,-0.22,1.45,1.33,3.56,2.05,2.48,1.39,2.6,3.93,6.16,7.55,4.47,17.04,16.89,17.54,19.08,0.3,-5.19,-6.46,-7.18,-7.97,-8.51,-8.93,-8.33,-9.47,-8.81
2011-05-23,601519,16.46,15.57,16.62,15.52,37223,59407844.0,6.64,-6.04,-1.0,3.38,10.44,8.83,9.28,8.12,9.41,10.82,13.21,14.69,11.4,9.41,16.74,16.76,17.29,18.85,0.9,-0.45,-1.22,-2.06,-2.63,-3.08,-2.44,-3.66,-2.95,-2.44
2011-05-24,601519,15.47,15.59,15.71,14.93,42808,65288336.0,5.01,0.13,0.02,3.89,13.13,13.6,12.39,13.73,15.2,17.68,19.22,15.81,13.73,11.32,16.36,16.65,17.09,18.61,-0.58,-1.35,-2.18,-2.76,-3.21,-2.57,-3.78,-3.08,-2.57,-2.82
2011-05-25,601519,15.5,15.12,15.5,15.05,20516,31356599.0,2.89,-3.01,-0.47,1.87,12.69,11.5,12.82,14.29,16.74,18.27,14.88,12.82,10.43,4.39,15.93,16.48,16.84,18.38,1.72,0.86,0.26,-0.2,0.46,-0.79,-0.07,0.46,0.2,0.2
2011-05-26,601519,15.22,15.18,15.38,15.12,23735,36206865.0,1.72,0.4,0.06,2.16,10.98,12.3,13.76,16.2,17.72,14.35,12.3,9.92,3.9,2.51,15.61,16.36,16.62,18.14,0.46,-0.13,-0.59,0.07,-1.19,-0.46,0.07,-0.2,-0.2,-4.94
2011-05-27,601519,15.11,14.89,15.25,14.77,18034,27010463.0,3.16,-1.91,-0.29,1.64,14.96,16.45,18.96,20.51,17.06,14.96,12.53,6.36,4.94,4.13,15.27,16.15,16.48,17.89,1.81,1.34,2.01,0.74,1.48,2.01,1.75,1.75,-3.09,-3.96
2011-05-30,601519,14.98,14.7,15.16,14.61,21845,32703835.0,3.69,-1.28,-0.19,1.99,17.73,20.26,21.83,18.34,16.22,13.76,7.53,6.09,5.27,4.38,15.1,15.92,16.35,17.63,2.65,3.33,2.04,2.79,3.33,3.06,3.06,-1.84,-2.72,-0.82
2011-05-31,601519,14.68,15.07,15.09,14.68,24065,35915850.0,2.79,2.52,0.37,2.19,19.69,21.25,17.78,15.67,13.22,7.02,5.59,4.77,3.88,3.27,14.99,15.68,16.24,17.39,0.8,-0.46,0.27,0.8,0.53,0.53,-4.25,-5.11,-3.25,-3.38
2011-06-01,601519,15.06,15.16,15.19,14.95,26021,39267365.0,1.59,0.6,0.09,2.37,19.06,15.65,13.58,11.17,5.08,3.68,2.88,2.01,1.4,0.94,15.0,15.46,16.18,17.15,-1.06,-0.33,0.2,-0.07,-0.07,-4.82,-5.67,-3.83,-3.96,-5.8
2011-06-02,601519,15.0,14.81,15.0,14.7,21103,31303773.0,1.98,-2.31,-0.35,1.92,17.62,15.51,13.06,6.87,5.44,4.63,3.74,3.13,2.65,3.33,14.93,15.27,16.09,16.93,2.03,2.57,2.3,2.3,-2.57,-3.44,-1.55,-1.69,-3.58,-5.33
2011-06-03,601519,14.81,15.06,15.11,14.81,20958,31515203.0,2.03,1.69,0.25,1.91,14.65,12.22,6.08,4.66,3.85,2.97,2.36,1.89,2.57,1.28,14.96,15.11,16.0,16.73,0.86,0.6,0.6,-4.18,-5.05,-3.19,-3.32,-5.18,-6.91,-5.78
2011-06-07,601519,15.0,15.12,15.19,14.91,15912,24036583.0,1.86,0.4,0.06,1.45,11.47,5.37,3.96,3.15,2.28,1.68,1.21,1.88,0.6,1.34,15.04,15.07,15.92,16.55,0.2,0.2,-4.56,-5.42,-3.57,-3.7,-5.56,-7.28,-6.15,-6.22
2011-06-08,601519,15.09,15.06,15.15,14.86,15983,23933877.0,1.92,-0.4,-0.06,1.45,5.72,4.31,3.5,2.62,2.02,1.55,2.22,0.94,1.68,2.22,15.04,15.02,15.83,16.4,0.6,-4.18,-5.05,-3.19,-3.32,-5.18,-6.91,-5.78,-5.84,-5.05
2011-06-09,601519,15.1,14.41,15.15,14.38,25583,37885571.0,5.11,-4.32,-0.65,2.33,7.79,6.95,6.05,5.42,4.94,5.63,4.31,5.08,5.63,5.35,14.89,14.95,15.71,16.21,0.14,-0.76,1.18,1.04,-0.9,-2.71,-1.53,-1.6,-0.76,8.26
2011-06-10,601519,14.3,14.21,14.43,13.9,35409,50041236.0,3.68,-1.39,-0.2,3.22,10.65,9.71,9.06,8.56,9.28,7.91,8.71,9.28,8.99,8.99,14.77,14.85,15.6,16.03,0.63,2.6,2.46,0.49,-1.34,-0.14,-0.21,0.63,9.78,12.74
2011-06-13,601519,14.11,14.27,14.3,13.9,18640,26327890.0,2.81,0.42,0.06,1.69,9.71,9.06,8.56,9.28,7.91,8.71,9.28,8.99,8.99,3.81,14.61,14.79,15.47,15.92,2.17,2.03,0.07,-1.75,-0.56,-0.63,0.21,9.32,12.26,11.98
2011-06-14,601519,14.17,14.52,14.58,14.17,26295,38033353.0,2.87,1.75,0.25,2.39,6.99,6.49,7.2,5.86,6.63,7.2,6.92,6.92,1.83,0.92,14.49,14.77,15.34,15.82,0.28,-1.65,-3.44,-2.27,-2.34,-1.52,7.44,10.33,10.06,12.05
2011-06-15,601519,14.4,14.36,14.56,14.33,16833,24311069.0,1.58,-1.1,-0.16,1.53,5.3,6.0,4.68,5.44,6.0,5.72,5.72,0.7,-0.21,1.74,14.35,14.7,15.19,15.73,-0.56,-2.37,-1.18,-1.25,-0.42,8.64,11.56,11.28,13.3,11.84
2011-06-16,601519,14.28,13.87,14.28,13.85,21527,30229055.0,2.99,-3.41,-0.49,1.96,9.68,8.3,9.1,9.68,9.39,9.39,4.19,3.25,5.27,5.13,14.25,14.57,15.02,15.64,1.08,2.31,2.24,3.1,12.47,15.5,15.21,17.3,15.79,14.28
2011-06-17,601519,13.87,13.86,14.02,13.76,15211,21188503.0,1.87,-0.07,-0.01,1.38,9.01,9.81,10.39,10.1,10.1,4.87,3.92,5.96,5.81,3.78,14.18,14.47,14.87,15.55,2.38,2.31,3.17,12.55,15.58,15.3,17.39,15.87,14.36,15.15
2011-06-20,601519,13.83,14.07,14.19,13.81,19346,27094600.0,2.74,1.52,0.21,1.76,9.41,9.99,9.7,9.7,4.49,3.55,5.58,5.43,3.4,1.52,14.14,14.37,14.74,15.46,0.78,1.63,10.87,13.86,13.57,15.64,14.14,12.65,13.43,15.14
2011-06-21,601519,14.07,14.14,14.18,13.9,19212,27018457.0,1.99,0.5,0.07,1.75,9.28,8.99,8.99,3.81,2.88,4.89,4.75,2.73,0.86,2.09,14.06,14.28,14.67,15.37,1.13,10.33,13.3,13.01,15.06,13.58,12.09,12.87,14.57,14.29
2011-06-22,601519,14.13,14.18,14.3,14.01,21762,30852898.0,2.05,0.28,0.04,1.98,8.14,8.14,3.0,2.07,4.07,3.93,1.93,0.07,1.28,1.21,14.02,14.19,14.6,15.28,10.01,12.98,12.69,14.74,13.26,11.78,12.55,14.25,13.96,15.66
2011-06-23,601519,14.18,15.6,15.6,14.03,117644,178140540.0,11.07,10.01,1.42,10.69,7.98,2.85,1.92,3.92,3.78,1.78,-0.07,1.14,1.07,1.92,14.37,14.31,14.63,15.24,2.69,2.44,4.29,2.95,1.6,2.31,3.85,3.59,5.13,5.51
2011-06-24,601519,15.38,15.89,16.02,15.31,138015,216137021.0,4.55,1.86,0.29,12.55,-5.75,-6.6,-4.77,-4.9,-6.73,-8.43,-7.32,-7.38,-6.6,1.89,14.78,14.48,14.66,15.23,0.57,2.39,1.07,-0.25,0.44,1.95,1.7,3.21,3.59,1.45
2011-06-27,601519,15.75,15.87,15.98,15.62,66586,104938240.0,2.27,-0.13,-0.02,6.05,-8.45,-6.66,-6.79,-8.58,-10.24,-9.15,-9.22,-8.45,-0.13,2.56,15.14,14.64,14.71,15.19,2.52,1.2,-0.13,0.57,2.08,1.83,3.34,3.72,1.58,1.58
2011-06-28,601519,15.8,15.91,16.27,15.69,62894,100575272.0,3.65,0.25,0.04,5.72,-7.07,-7.2,-8.99,-10.64,-9.56,-9.62,-8.86,-0.57,2.1,1.85,15.49,14.77,14.77,15.15,0.94,-0.38,0.31,1.82,1.57,3.08,3.46,1.32,1.32,-0.06
2011-06-29,601519,15.8,15.45,16.06,15.43,47253,74404489.0,3.96,-2.89,-0.46,4.3,-5.64,-7.45,-9.14,-8.04,-8.1,-7.32,1.1,3.82,3.56,5.44,15.74,14.88,14.79,15.09,2.59,3.3,4.85,4.6,6.15,6.54,4.34,4.34,2.91,3.62
2011-06-30,601519,15.6,15.64,15.85,15.42,38626,60451424.0,2.78,1.23,0.19,3.51,-7.39,-9.08,-7.98,-8.04,-7.26,1.17,3.89,3.63,5.51,4.15,15.75,15.06,14.81,15.03,2.05,3.58,3.32,4.86,5.24,3.07,3.07,1.66,2.37,10.49
2011-07-01,601519,15.71,15.84,15.96,15.6,46409,73249081.0,2.3,1.28,0.2,4.22,-10.13,-9.04,-9.1,-8.33,0.0,2.69,2.44,4.29,2.95,1.6,15.74,15.26,14.87,15.0,2.27,2.02,3.54,3.91,1.77,1.77,0.38,1.07,9.09,7.26
2011-07-04,601519,15.88,16.18,16.2,15.88,48703,78158533.0,2.02,2.15,0.34,4.43,-10.64,-10.71,-9.95,-1.76,0.88,0.63,2.46,1.13,-0.19,0.5,15.8,15.47,14.92,14.99,-0.12,1.36,1.73,-0.37,-0.37,-1.73,-1.05,6.8,5.01,6.92
2011-07-05,601519,16.16,16.02,16.16,15.88,37859,60510121.0,1.73,-0.99,-0.16,3.44,-10.71,-9.95,-1.76,0.88,0.63,2.46,1.13,-0.19,0.5,2.02,15.83,15.66,14.97,15.0,2.37,2.75,0.62,0.62,-0.75,-0.06,7.87,6.05,7.99,5.37
2011-07-06,601519,15.98,16.39,16.4,15.83,52471,84496972.0,3.56,2.31,0.37,4.77,-9.67,-1.45,1.2,0.95,2.78,1.45,0.13,0.82,2.34,2.08,16.01,15.88,15.03,15.03,0.43,-1.65,-1.65,-2.99,-2.32,5.43,3.66,5.55,2.99,2.44
2011-07-07,601519,16.35,16.17,16.46,16.15,53092,86430271.0,1.89,-1.34,-0.22,4.83,-3.41,-0.8,-1.05,0.74,-0.56,-1.86,-1.18,0.31,0.06,1.55,16.12,15.94,15.12,15.06,-0.31,-0.31,-1.67,-0.99,6.86,5.07,6.99,4.39,3.83,2.66
2011-07-08,601519,16.12,15.85,16.12,15.74,35695,56816020.0,2.35,-1.98,-0.32,3.24,1.78,1.52,3.37,2.03,0.7,1.4,2.92,2.67,4.19,4.57,16.12,15.93,15.2,15.09,1.7,0.32,1.01,9.02,7.19,9.15,6.5,5.93,4.73,3.15
2011-07-11,601519,15.8,16.02,16.12,15.8,27653,44307427.0,2.02,1.07,0.17,2.51,1.14,2.97,1.65,0.32,1.01,2.53,2.28,3.8,4.18,2.03,16.09,15.95,15.29,15.12,-0.75,-0.06,7.87,6.05,7.99,5.37,4.81,3.62,2.06,-4.12
2011-07-12,601519,15.9,15.59,15.9,15.52,29883,46871549.0,2.37,-2.68,-0.43,2.72,4.83,3.48,2.13,2.84,4.38,4.12,5.67,6.06,3.87,3.87,16.0,15.91,15.34,15.15,2.69,10.84,8.98,10.97,8.27,7.7,6.48,4.87,-1.48,-1.03
2011-07-13,601519,15.66,15.92,16.01,15.6,24478,38788725.0,2.63,2.12,0.33,2.23,2.95,1.6,2.31,3.85,3.59,5.13,5.51,3.33,3.33,1.92,15.91,15.96,15.42,15.18,8.54,6.72,8.67,6.03,5.46,4.27,2.7,-3.52,-3.08,-4.4
2011-07-14,601519,15.93,16.89,17.28,15.93,108709,181841438.0,8.48,6.09,0.97,9.88,-0.5,0.19,1.69,1.44,2.95,3.33,1.19,1.19,-0.19,0.5,16.05,16.09,15.57,15.24,0.59,2.43,-0.06,-0.59,-1.72,-3.2,-9.06,-8.64,-9.89,-8.82
2011-07-15,601519,16.76,16.87,16.99,16.62,50118,84262370.0,2.19,-0.12,-0.02,4.56,-3.97,-2.53,-2.77,-1.32,-0.96,-3.01,-3.01,-4.33,-3.67,3.97,16.26,16.19,15.72,15.31,2.55,0.06,-0.47,-1.6,-3.08,-8.95,-8.54,-9.78,-8.71,-9.48
2011-07-18,601519,16.88,16.94,17.3,16.8,45478,77347272.0,2.96,0.41,0.07,4.13,-3.57,-3.81,-2.38,-2.02,-4.05,-4.05,-5.36,-4.7,2.86,1.13,16.44,16.27,15.87,15.37,-0.35,-0.89,-2.01,-3.48,-9.33,-8.91,-10.15,-9.09,-9.86,-11.04
2011-07-19,601519,16.8,16.47,16.88,16.4,34663,57400704.0,2.83,-2.77,-0.47,3.15,-1.46,0.0,0.37,-1.71,-1.71,-3.05,-2.38,5.37,3.6,5.49,16.62,16.31,15.98,15.42,1.94,0.79,-0.73,-6.74,-6.31,-7.59,-6.5,-7.29,-8.5,-8.32
2011-07-20,601519,16.6,16.57,16.79,16.48,30230,50152471.0,1.88,0.61,0.1,2.75,-0.49,-0.12,-2.18,-2.18,-3.52,-2.85,4.85,3.09,4.98,2.43,16.75,16.33,16.1,15.47,0.18,-1.33,-7.3,-6.88,-8.15,-7.06,-7.85,-9.05,-8.87,-8.27
2011-07-21,601519,16.59,16.14,16.6,16.1,27178,44340102.0,3.02,-2.6,-0.43,2.47,2.24,0.12,0.12,-1.24,-0.56,7.33,5.53,7.45,4.84,4.29,16.6,16.33,16.13,15.52,1.3,-4.83,-4.4,-5.7,-4.58,-5.39,-6.63,-6.44,-5.82,-9.36
2011-07-22,601519,16.3,16.07,16.35,16.01,19293,31182763.0,2.11,-0.43,-0.07,1.75,0.69,0.69,-0.69,0.0,7.93,6.12,8.06,5.43,4.87,3.69,16.44,16.35,16.14,15.59,-4.42,-3.98,-5.29,-4.17,-4.98,-6.22,-6.04,-5.41,-8.96,-10.39
2011-07-26,601519,15.16,15.2,15.36,14.89,37412,56527974.0,2.92,-5.41,-0.87,3.4,8.26,6.78,7.52,16.05,14.1,16.19,13.36,12.76,11.48,9.81,16.09,16.27,16.11,15.62,1.51,0.13,1.32,0.46,-0.86,-0.66,0.0,-3.75,-5.26,-12.17
2011-07-27,601519,15.05,15.36,15.43,14.94,21433,32639502.0,3.22,1.05,0.16,1.95,6.43,7.16,15.66,13.72,15.8,12.99,12.38,11.11,9.44,2.81,15.87,16.24,16.08,15.64,-0.91,0.26,-0.59,-1.89,-1.69,-1.04,-4.75,-6.25,-13.09,-10.16
2011-07-28,601519,15.22,15.1,15.22,15.02,20073,30305372.0,1.3,-1.69,-0.26,1.82,6.59,15.05,13.12,15.18,12.38,11.78,10.52,8.85,2.26,2.73,15.57,16.16,16.06,15.67,1.99,1.13,-0.2,0.0,0.66,-3.11,-4.64,-11.59,-8.61,-9.21
2011-07-29,601519,15.05,15.11,15.4,15.02,19315,29340146.0,2.52,0.07,0.01,1.76,15.05,13.12,15.18,12.38,11.78,10.52,8.85,2.26,2.73,1.33,15.37,15.98,16.03,15.71,1.06,-0.26,-0.07,0.6,-3.18,-4.7,-11.65,-8.67,-9.27,-0.79
2011-08-01,601519,15.02,15.15,15.27,14.9,17354,26200022.0,2.45,0.26,0.04,1.58,14.03,16.11,13.29,12.68,11.41,9.73,3.09,3.56,2.15,3.36,15.18,15.81,16.0,15.75,-0.53,-0.33,0.33,-3.43,-4.95,-11.88,-8.91,-9.5,-1.06,0.99
2011-08-02,601519,15.07,14.78,15.07,14.3,24475,35816387.0,5.08,-2.44,-0.37,2.23,20.98,18.04,17.41,16.08,14.34,7.41,7.9,6.43,7.69,6.78,15.1,15.59,15.93,15.78,2.17,2.84,-1.01,-2.57,-9.68,-6.63,-7.24,1.42,3.52,0.54
2011-08-03,601519,14.5,14.99,15.1,14.45,25964,38676293.0,4.4,1.42,0.21,2.36,16.82,16.19,14.88,13.15,6.3,6.78,5.33,6.57,5.67,4.29,15.03,15.45,15.88,15.81,1.4,-2.4,-3.94,-10.94,-7.94,-8.54,0.0,2.07,-0.87,-1.4
2011-08-04,601519,14.99,14.99,15.2,14.93,14226,21386670.0,1.8,0.0,0.0,1.29,12.46,11.19,9.51,2.88,3.35,1.94,3.15,2.28,0.94,1.14,15.0,15.29,15.81,15.83,-2.4,-3.94,-10.94,-7.94,-8.54,0.0,2.07,-0.87,-1.4,-4.94
2011-08-05,601519,14.59,14.52,14.63,14.3,22483,32633594.0,2.2,-3.14,-0.47,2.04,16.08,14.34,7.41,7.9,6.43,7.69,6.78,5.38,5.59,6.29,14.89,15.13,15.73,15.8,-0.83,-8.06,-4.96,-5.58,3.24,5.37,2.34,1.79,-1.86,6.75
2011-08-08,601519,14.35,13.46,14.4,13.12,34253,46935632.0,8.82,-7.3,-1.06,3.11,24.62,17.07,17.61,16.01,17.38,16.39,14.86,15.09,15.85,11.51,14.55,14.87,15.61,15.72,-0.82,2.53,1.86,11.37,13.67,10.4,9.81,5.87,15.16,13.67
2011-08-09,601519,13.05,13.21,13.35,12.8,28313,37006527.0,4.09,-1.86,-0.25,2.57,20.0,20.55,18.91,20.31,19.3,17.73,17.97,18.75,14.3,12.5,14.23,14.67,15.47,15.63,4.47,3.79,13.47,15.82,12.49,11.88,7.87,17.34,15.82,17.26
2011-08-10,601519,13.48,13.41,13.8,13.39,24046,32560161.0,3.1,1.51,0.2,2.19,15.24,13.67,15.01,14.04,12.55,12.77,13.52,9.26,7.54,-0.3,13.92,14.47,15.36,15.54,2.24,11.78,14.09,10.81,10.22,6.26,15.59,14.09,15.51,23.56
2011-08-11,601519,13.05,13.63,13.71,12.93,27420,36900699.0,5.82,1.64,0.22,2.49,17.71,19.1,18.1,16.55,16.78,17.56,13.15,11.37,3.25,6.73,13.65,14.32,15.24,15.48,9.98,12.25,9.02,8.44,4.55,13.72,12.25,13.65,21.57,18.64
2011-08-15,601519,13.78,14.99,14.99,13.78,53897,78404184.0,8.88,9.98,1.36,4.9,11.76,10.81,9.36,9.58,10.3,6.17,4.5,-3.12,0.15,-0.51,13.74,14.31,15.15,15.46,2.07,-0.87,-1.4,-4.94,3.4,2.07,3.34,10.54,7.87,5.4
2011-08-16,601519,15.28,14.69,15.3,14.67,52130,77743314.0,4.2,-2.0,-0.3,4.74,4.09,2.73,2.93,3.61,-0.27,-1.84,-9.0,-5.93,-6.54,2.18,13.99,14.27,15.04,15.42,1.16,0.61,-3.0,5.51,4.15,5.45,12.8,10.07,7.56,8.85
2011-08-17,601519,14.6,14.77,14.86,14.4,25728,37742822.0,3.13,0.54,0.08,2.34,4.65,4.86,5.56,1.6,0.0,-7.29,-4.17,-4.79,4.1,6.25,14.3,14.27,14.93,15.38,0.07,-3.52,4.94,3.59,4.87,12.19,9.48,6.97,8.26,6.23
2011-08-18,601519,14.71,14.39,14.78,14.34,16217,23575653.0,2.98,-2.57,-0.38,1.47,5.3,6.0,2.02,0.42,-6.9,-3.77,-4.39,4.53,6.69,3.63,14.49,14.21,14.83,15.32,-0.97,7.71,6.32,7.64,15.15,12.37,9.8,11.12,9.03,9.73
2011-08-19,601519,14.09,14.12,14.25,13.9,20937,29493310.0,2.43,-1.88,-0.27,1.9,9.35,5.25,3.6,-3.96,-0.72,-1.37,7.84,10.07,6.91,6.33,14.59,14.12,14.7,15.25,9.77,8.36,9.7,17.35,14.52,11.9,13.24,11.12,11.83,8.71
2011-08-22,601519,14.15,14.96,15.5,14.15,62971,94695555.0,9.56,5.95,0.84,5.72,3.39,1.77,-5.65,-2.47,-3.11,5.94,8.13,5.02,4.45,0.71,14.59,14.16,14.64,15.21,2.27,3.54,10.76,8.09,5.61,6.89,4.88,5.55,2.61,-1.4
2011-08-23,601519,14.9,15.27,15.3,14.8,49076,73997712.0,3.34,2.07,0.31,4.46,-2.7,-9.8,-6.76,-7.36,1.28,3.38,0.41,-0.14,-3.72,4.73,14.7,14.34,14.6,15.19,1.44,8.51,5.89,3.47,4.72,2.75,3.41,0.52,-3.41,-5.24
2011-08-24,601519,15.31,15.11,15.49,15.07,37638,57481590.0,2.75,-1.05,-0.16,3.42,-11.41,-8.43,-9.02,-0.53,1.53,-1.39,-1.92,-5.44,2.85,1.53,14.77,14.53,14.6,15.16,9.66,7.02,4.57,5.82,3.84,4.5,1.59,-2.38,-4.24,-2.51
2011-08-25,601519,15.11,16.26,16.57,15.11,121440,194339113.0,9.66,7.61,1.15,11.04,-8.67,-9.27,-0.79,1.26,-1.65,-2.18,-5.69,2.58,1.26,2.51,15.14,14.82,14.65,15.18,-0.55,-2.83,-1.66,-3.51,-2.89,-5.6,-9.29,-11.01,-9.41,-9.1
2011-08-26,601519,16.04,16.03,16.17,15.73,78140,124441395.0,2.71,-1.41,-0.23,7.1,-12.84,-4.7,-2.73,-5.53,-6.04,-9.41,-1.46,-2.73,-1.53,5.34,15.53,15.06,14.69,15.18,-1.43,-0.25,-2.12,-1.5,-4.24,-7.99,-9.73,-8.11,-7.8,-7.05
2011-08-29,601519,15.8,15.29,15.8,15.28,53793,83594873.0,3.24,-4.62,-0.74,4.89,-1.9,0.13,-2.75,-3.27,-6.74,1.44,0.13,1.37,8.44,5.82,15.59,15.09,14.7,15.13,4.58,2.62,3.27,0.39,-3.53,-5.36,-3.66,-3.34,-2.55,-5.23
2011-08-30,601519,15.38,15.45,15.99,15.35,54618,85708779.0,4.19,1.05,0.16,4.97,-0.33,-3.19,-3.71,-7.17,0.98,-0.33,0.91,7.95,5.34,2.93,15.63,15.16,14.72,15.08,1.55,2.2,-0.65,-4.53,-6.34,-4.66,-4.34,-3.56,-6.21,-5.44
2011-08-31,601519,15.35,15.66,15.69,15.18,32915,50674097.0,3.3,1.36,0.21,2.99,-2.11,-2.64,-6.13,2.11,0.79,2.04,9.16,6.52,4.08,5.34,15.74,15.25,14.76,15.04,0.83,-1.98,-5.81,-7.6,-5.94,-5.62,-4.85,-7.47,-6.7,-4.79
2011-09-01,601519,15.59,15.35,15.79,15.23,31230,48470813.0,3.58,-1.98,-0.31,2.84,-2.95,-6.43,1.77,0.46,1.71,8.8,6.17,3.74,4.99,3.02,15.56,15.35,14.78,15.0,0.0,-3.91,-5.73,-4.04,-3.71,-2.93,-5.6,-4.82,-2.87,-1.69
2011-09-02,601519,15.24,14.97,15.35,14.86,28993,43576138.0,3.19,-2.48,-0.38,2.64,-4.1,4.31,2.96,4.24,11.51,8.82,6.33,7.6,5.59,6.26,15.34,15.43,14.78,14.95,-1.47,-3.34,-1.6,-1.27,-0.47,-3.21,-2.4,-0.4,0.8,-1.27
2011-09-05,601519,14.74,14.25,14.75,14.23,23656,34291010.0,3.47,-4.81,-0.72,2.15,8.92,7.52,8.85,16.44,13.63,11.03,12.37,10.26,10.96,7.87,15.14,15.36,14.76,14.88,1.54,3.37,3.72,4.56,1.68,2.53,4.63,5.89,3.72,1.89
2011-09-06,601519,14.12,14.24,14.47,14.11,15095,21598409.0,2.53,-0.07,-0.01,1.37,8.43,9.78,17.43,14.6,11.98,13.32,11.2,11.91,8.79,4.54,14.89,15.26,14.8,14.82,3.44,3.79,4.63,1.76,2.6,4.71,5.97,3.79,1.97,6.53
2011-09-07,601519,14.4,14.64,14.73,14.36,19902,29016755.0,2.6,2.81,0.4,1.81,7.87,15.39,12.6,10.03,11.35,9.26,9.96,6.89,2.72,0.77,14.69,15.21,14.87,14.8,0.96,1.78,-1.02,-0.2,1.84,3.07,0.96,-0.82,3.62,2.8
2011-09-08,601519,14.66,14.4,14.78,14.39,17949,26178301.0,2.66,-1.64,-0.24,1.63,15.15,12.37,9.8,11.12,9.03,9.73,6.67,2.5,0.56,2.36,14.5,15.03,14.92,14.77,3.47,0.63,1.46,3.54,4.79,2.64,0.83,5.35,4.51,1.39
2011-09-09,601519,14.42,14.6,14.9,14.42,17951,26268490.0,3.33,1.39,0.2,1.63,12.14,9.57,10.89,8.81,9.5,6.45,2.29,0.35,2.15,2.5,14.43,14.88,14.97,14.76,-0.75,0.07,2.12,3.36,1.23,-0.55,3.9,3.08,0.0,1.3
2011-09-13,601519,14.39,14.45,14.49,14.17,13857,19825246.0,2.19,-1.03,-0.15,1.26,11.5,12.84,10.73,11.43,8.33,4.09,2.12,3.95,4.3,5.15,14.47,14.8,14.94,14.73,1.11,3.18,4.43,2.28,0.48,4.98,4.15,1.04,2.35,4.15
2011-09-14,601519,14.51,14.56,14.61,13.93,22668,32531413.0,4.71,0.76,0.11,2.06,14.79,12.63,13.35,10.19,5.89,3.88,5.74,6.1,6.96,4.02,14.53,14.71,14.94,14.71,2.4,3.64,1.51,-0.27,4.19,3.37,0.27,1.58,3.37,3.37
2011-09-15,601519,14.56,14.79,14.91,14.51,30410,44974195.0,2.75,1.58,0.23,2.76,8.13,8.82,5.79,1.65,-0.28,1.52,1.86,2.69,-0.14,0.69,14.56,14.62,14.94,14.71,2.03,-0.07,-1.83,2.57,1.76,-1.28,0.0,1.76,1.76,-2.5
2011-09-16,601519,14.85,14.8,15.09,14.7,27721,41418703.0,2.64,0.07,0.01,2.52,7.41,4.42,0.34,-1.56,0.2,0.54,1.36,-1.43,-0.61,1.43,14.64,14.57,14.96,14.71,-0.14,-1.89,2.5,1.69,-1.35,-0.07,1.69,1.69,-2.57,-5.07
2011-09-19,601519,14.6,14.21,14.78,14.19,24606,35221480.0,3.99,-3.99,-0.59,2.24,8.17,3.95,1.97,3.81,4.16,5.0,2.11,2.96,5.07,6.34,14.56,14.49,14.96,14.68,2.18,6.76,5.91,2.74,4.08,5.91,5.91,1.48,-1.13,-1.76
2011-09-20,601519,14.12,14.37,14.52,14.12,12598,18082714.0,2.81,1.13,0.16,1.15,4.46,2.48,4.32,4.67,5.52,2.62,3.47,5.59,6.87,4.67,14.55,14.51,14.93,14.68,5.57,4.73,1.6,2.92,4.73,4.73,0.35,-2.23,-2.85,-0.49
2011-09-21,601519,14.36,15.0,15.17,14.31,37514,55745468.0,5.98,4.38,0.63,3.41,1.12,2.94,3.28,4.12,1.26,2.1,4.19,5.45,3.28,1.47,14.63,14.58,14.92,14.73,0.33,-2.67,-1.4,0.33,0.33,-3.87,-6.33,-6.93,-4.67,-1.33
2011-09-22,601519,14.87,14.56,15.05,14.55,29403,43653930.0,3.33,-2.93,-0.44,2.67,1.24,1.58,2.41,-0.41,0.41,2.47,3.71,1.58,-0.21,4.26,14.59,14.57,14.89,14.77,0.27,1.58,3.37,3.37,-0.96,-3.5,-4.12,-1.79,1.65,2.2
2011-09-23,601519,14.25,14.53,14.6,14.18,19482,28065044.0,2.88,-0.21,-0.03,1.77,4.23,5.08,2.19,3.03,5.15,6.42,4.23,2.4,6.98,6.14,14.53,14.59,14.81,14.81,1.79,3.58,3.58,-0.76,-3.3,-3.92,-1.58,1.86,2.41,1.72
2011-09-26,601519,14.45,14.53,14.79,14.3,22803,33322706.0,3.37,0.0,0.0,2.07,4.2,1.33,2.17,4.27,5.52,3.36,1.54,6.08,5.24,2.1,14.6,14.58,14.73,14.84,3.58,3.58,-0.76,-3.3,-3.92,-1.58,1.86,2.41,1.72,2.89
2011-09-27,601519,14.86,14.82,15.05,14.66,28221,41966541.0,2.68,2.0,0.29,2.57,-1.16,-0.34,1.71,2.93,0.82,-0.95,3.48,2.66,-0.41,0.89,14.69,14.62,14.71,14.84,1.55,-2.7,-5.2,-5.8,-3.51,-0.13,0.4,-0.27,0.88,-0.47
2011-09-28,601519,14.98,14.37,15.05,14.3,21368,31261772.0,5.06,-3.04,-0.45,1.94,2.17,4.27,5.52,3.36,1.54,6.08,5.24,2.1,3.43,5.24,14.56,14.6,14.65,14.82,0.35,-2.23,-2.85,-0.49,2.99,3.55,2.85,4.04,2.64,0.77
2011-09-29,601519,14.2,13.85,14.42,13.83,25505,36059977.0,4.11,-3.62,-0.52,2.32,7.81,9.11,6.87,4.99,9.69,8.82,5.57,6.94,8.82,8.82,14.42,14.5,14.56,14.79,1.44,0.79,3.25,6.86,7.44,6.71,7.94,6.5,4.55,2.38
2011-09-30,601519,13.95,13.67,14.05,13.56,15772,21677124.0,3.54,-1.3,-0.18,1.43,11.28,9.0,7.08,11.87,10.99,7.67,9.07,10.99,10.99,6.34,14.25,14.39,14.48,14.77,2.12,4.61,8.27,8.85,8.12,9.36,7.9,5.93,3.73,1.98
2011-10-10,601519,13.8,13.72,13.96,13.58,9000,12363062.0,2.78,0.37,0.05,0.82,8.84,6.92,11.71,10.82,7.51,8.91,10.82,10.82,6.19,3.46,14.09,14.34,14.42,14.76,4.23,7.87,8.45,7.73,8.97,7.51,5.54,3.35,1.6,2.04
2011-10-11,601519,14.25,13.79,14.3,13.5,15737,21922096.0,5.83,0.51,0.07,1.43,7.56,12.37,11.48,8.15,9.56,11.48,11.48,6.81,4.07,3.41,13.88,14.28,14.39,14.72,7.32,7.9,7.18,8.41,6.96,5.0,2.83,1.09,1.52,6.6
2011-10-12,601519,13.6,14.6,14.8,13.56,36999,53237370.0,8.99,5.87,0.81,3.36,11.87,10.99,7.67,9.07,10.99,10.99,6.34,3.61,2.95,5.46,13.93,14.24,14.41,14.7,1.92,1.23,2.4,1.03,-0.82,-2.88,-4.52,-4.11,0.68,1.44
2011-10-13,601519,14.51,14.65,14.88,14.46,32409,47504110.0,2.88,0.34,0.05,2.95,4.08,0.97,2.28,4.08,4.08,-0.28,-2.84,-3.46,-1.11,2.35,14.09,14.25,14.41,14.68,0.89,2.05,0.68,-1.16,-3.21,-4.85,-4.44,0.34,1.09,0.68
2011-10-14,601519,14.63,14.69,14.78,14.53,19500,28566144.0,1.71,0.27,0.04,1.77,0.48,1.79,3.58,3.58,-0.76,-3.3,-3.92,-1.58,1.86,2.41,14.29,14.27,14.43,14.63,1.77,0.41,-1.43,-3.47,-5.11,-4.7,0.07,0.82,0.41,1.16
2011-10-17,601519,14.8,14.83,14.95,14.55,19460,28705620.0,2.72,0.95,0.14,1.77,1.65,3.44,3.44,-0.89,-3.44,-4.05,-1.72,1.72,2.27,1.58,14.51,14.3,14.44,14.59,-0.54,-2.36,-4.38,-6.0,-5.6,-0.88,-0.13,-0.54,0.2,1.01
2011-10-18,601519,14.65,14.21,14.75,14.15,20794,30017104.0,4.05,-4.18,-0.62,1.89,6.36,6.36,1.91,-0.71,-1.34,1.06,4.59,5.16,4.45,5.65,14.6,14.24,14.43,14.55,1.9,-0.21,-1.9,-1.48,3.45,4.22,3.8,4.57,5.42,6.05
2011-10-19,601519,14.35,14.18,14.48,14.05,12415,17687260.0,3.03,-0.21,-0.03,1.13,7.12,2.63,0.0,-0.64,1.78,5.34,5.91,5.2,6.41,4.98,14.51,14.22,14.41,14.51,0.0,-1.69,-1.27,3.67,4.44,4.02,4.8,5.64,6.28,13.4
2011-10-20,601519,14.08,13.84,14.18,13.7,15290,21221618.0,3.39,-2.4,-0.34,1.39,5.26,2.55,1.9,4.38,8.03,8.61,7.88,9.12,7.66,5.69,14.35,14.22,14.36,14.45,0.72,1.16,6.21,7.01,6.58,7.37,8.24,8.89,16.18,18.5
2011-10-21,601519,13.9,13.55,13.94,13.52,12120,16627338.0,3.03,-2.1,-0.29,1.1,3.92,3.25,5.77,9.47,10.06,9.32,10.58,9.1,7.1,4.88,14.12,14.21,14.3,14.39,3.32,8.49,9.3,8.86,9.67,10.55,11.22,18.67,21.03,19.11
2011-10-24,601519,13.74,13.93,14.0,13.35,15153,20823059.0,4.8,2.8,0.38,1.38,4.57,7.12,10.86,11.46,10.71,11.99,10.49,8.46,6.22,4.42,13.94,14.23,14.28,14.35,5.53,6.32,5.89,6.68,7.54,8.18,15.43,17.73,15.87,14.57
2011-10-25,601519,13.96,14.5,14.7,13.77,32026,45869251.0,6.68,4.09,0.57,2.91,3.85,7.48,8.06,7.33,8.57,7.12,5.16,2.98,1.23,1.67,14.0,14.3,14.29,14.36,2.14,1.72,2.48,3.31,3.93,10.9,13.1,11.31,10.07,9.31
2011-10-26,601519,14.31,14.5,14.81,14.3,36934,53741340.0,3.52,0.0,0.0,3.36,3.5,4.06,3.36,4.55,3.15,1.26,-0.84,-2.52,-2.1,2.8,14.06,14.29,14.27,14.37,1.72,2.48,3.31,3.93,10.9,13.1,11.31,10.07,9.31,11.38
2011-10-27,601519,14.6,14.44,14.75,14.37,23524,34211101.0,2.62,-0.41,-0.06,2.14,3.55,2.85,4.04,2.64,0.77,-1.32,-2.99,-2.57,2.3,3.06,14.18,14.27,14.26,14.36,2.91,3.74,4.36,11.36,13.57,11.77,10.53,9.76,11.84,14.13
2011-10-28,601519,14.71,14.81,14.86,14.48,37416,54988262.0,2.63,2.56,0.37,3.4,2.07,3.25,1.86,0.0,-2.07,-3.73,-3.31,1.52,2.28,1.86,14.44,14.28,14.27,14.38,1.15,1.76,8.58,10.74,8.98,7.77,7.02,9.05,11.28,7.9
2011-10-31,601519,14.81,14.97,14.98,14.67,31335,46456459.0,2.09,1.08,0.16,2.85,1.91,0.55,-1.3,-3.34,-4.98,-4.57,0.2,0.95,0.55,1.3,14.64,14.29,14.3,14.39,0.67,7.41,9.55,7.82,6.61,5.88,7.88,10.09,6.75,9.08
2011-11-01,601519,14.8,14.73,15.07,14.61,32427,48139032.0,3.07,-1.6,-0.24,2.95,0.96,-0.89,-2.94,-4.59,-4.18,0.62,1.37,0.96,1.71,2.53,14.69,14.34,14.29,14.4,9.16,11.34,9.57,8.35,7.6,9.64,11.88,8.49,10.86,9.98
2011-11-02,601519,14.45,15.78,16.08,14.4,113656,175697554.0,11.41,7.13,1.05,10.33,0.56,-1.53,-3.19,-2.78,2.08,2.85,2.43,3.19,4.03,4.65,14.95,14.5,14.36,14.44,3.93,2.28,1.14,0.44,2.34,4.44,1.27,3.49,2.66,2.66
2011-11-03,601519,15.82,15.65,16.4,15.61,116956,187805355.0,5.01,-0.82,-0.13,10.63,-9.16,-10.7,-10.31,-5.83,-5.12,-5.51,-4.8,-4.04,-3.46,3.01,15.19,14.69,14.45,14.47,3.13,1.98,1.28,3.19,5.3,2.11,4.35,3.51,3.51,0.96
2011-11-04,601519,15.81,15.75,16.14,15.61,59665,94456376.0,3.39,0.64,0.1,5.42,-10.7,-10.31,-5.83,-5.12,-5.51,-4.8,-4.04,-3.46,3.01,5.06,15.38,14.91,14.56,14.5,1.33,0.63,2.54,4.63,1.46,3.68,2.86,2.86,0.32,-2.29
2011-11-07,601519,15.8,15.8,15.96,15.53,39591,62291841.0,2.73,0.32,0.05,3.6,-9.85,-5.34,-4.64,-5.02,-4.31,-3.54,-2.96,3.54,5.6,3.93,15.54,15.09,14.66,14.55,0.32,2.22,4.3,1.14,3.35,2.53,2.53,0.0,-2.59,-5.0
2011-11-08,601519,15.8,15.43,15.85,15.32,33178,51667400.0,3.35,-2.34,-0.37,3.02,-4.05,-3.33,-3.72,-3.0,-2.22,-1.63,4.96,7.05,5.35,4.18,15.68,15.19,14.74,14.59,4.67,6.8,3.56,5.83,4.99,4.99,2.4,-0.26,-2.72,-2.46
2011-11-09,601519,15.49,16.08,16.15,15.43,53282,84453730.0,4.67,4.21,0.65,4.84,-4.02,-4.41,-3.69,-2.92,-2.33,4.21,6.29,4.6,3.43,2.72,15.74,15.34,14.82,14.63,2.49,-0.62,1.55,0.75,0.75,-1.74,-4.29,-6.65,-6.41,-5.78
2011-11-10,601519,15.82,15.81,16.48,15.78,69767,112197284.0,4.35,-1.68,-0.27,6.34,-6.53,-5.83,-5.07,-4.5,1.9,3.93,2.28,1.14,0.44,2.34,15.77,15.48,14.87,14.67,1.08,3.29,2.47,2.47,-0.06,-2.66,-5.06,-4.81,-4.17,-6.58
2011-11-11,601519,15.78,15.69,15.98,15.59,30257,47568914.0,2.47,-0.76,-0.12,2.75,-4.68,-3.91,-3.34,3.14,5.2,3.53,2.37,1.67,3.59,5.71,15.76,15.57,14.92,14.71,4.08,3.25,3.25,0.7,-1.91,-4.33,-4.08,-3.44,-5.86,-5.67
2011-11-14,601519,15.83,16.09,16.33,15.83,48308,77882366.0,3.19,2.55,0.4,4.39,-5.37,-4.8,1.58,3.6,1.96,0.82,0.13,2.02,4.11,0.95,15.82,15.68,14.99,14.76,0.68,0.68,-1.8,-4.35,-6.71,-6.46,-5.84,-8.2,-8.02,-8.58
2011-11-15,601519,16.15,16.13,16.2,15.92,27209,43735309.0,1.74,0.25,0.04,2.47,-5.34,1.01,3.02,1.38,0.25,-0.44,1.44,3.52,0.38,2.58,15.96,15.82,15.08,14.8,0.43,-2.05,-4.59,-6.94,-6.7,-6.08,-8.43,-8.25,-8.8,-7.19
2011-11-16,601519,16.19,15.6,16.2,15.36,47834,74842210.0,5.21,-3.29,-0.53,4.35,4.69,6.77,5.08,3.91,3.19,5.14,7.29,4.04,6.32,5.47,15.86,15.8,15.15,14.84,1.28,-1.35,-3.78,-3.53,-2.88,-5.32,-5.13,-5.71,-4.04,-4.36
2011-11-17,601519,15.55,15.46,15.8,15.35,23489,36532138.0,2.88,-0.9,-0.14,2.14,6.84,5.15,3.97,3.26,5.21,7.36,4.1,6.38,5.54,5.54,15.79,15.78,15.23,14.9,-0.45,-2.91,-2.65,-2.01,-4.46,-4.27,-4.85,-3.17,-3.49,-6.47
2011-11-18,601519,15.39,14.86,15.39,14.82,29418,44282973.0,3.69,-3.88,-0.6,2.67,8.91,7.69,6.95,8.97,11.2,7.83,10.19,9.31,9.31,6.61,15.63,15.69,15.3,14.94,1.01,1.28,1.95,-0.61,-0.4,-1.01,0.74,0.4,-2.69,-5.38
2011-11-21,601519,14.79,15.0,15.01,14.7,15019,22337826.0,2.09,0.94,0.14,1.37,8.57,7.82,9.86,12.11,8.71,11.09,10.2,10.2,7.48,4.69,15.41,15.61,15.35,14.98,0.33,1.0,-1.53,-1.33,-1.93,-0.2,-0.53,-3.6,-6.27,-7.4
2011-11-22,601519,14.8,14.88,15.05,14.71,12112,18027433.0,2.27,-0.8,-0.12,1.1,7.75,9.79,12.03,8.63,11.01,10.13,10.13,7.41,4.62,2.04,15.16,15.56,15.37,15.01,1.81,-0.74,-0.54,-1.14,0.6,0.27,-2.82,-5.51,-6.65,-7.26
2011-11-23,601519,14.86,14.81,15.15,14.76,11270,16813366.0,2.62,-0.47,-0.07,1.02,9.42,11.65,8.27,10.64,9.76,9.76,7.05,4.27,1.69,1.96,15.0,15.43,15.39,15.02,-0.27,-0.07,-0.68,1.08,0.74,-2.36,-5.06,-6.21,-6.82,-5.67
2011-11-24,601519,14.6,14.56,14.77,14.32,12937,18829985.0,3.04,-1.69,-0.25,1.18,15.08,11.59,14.04,13.13,13.13,10.34,7.47,4.82,5.1,5.8,14.82,15.31,15.39,15.02,1.65,1.03,2.82,2.47,-0.69,-3.43,-4.6,-5.22,-4.05,-3.23
2011-11-25,601519,14.56,14.51,14.8,14.41,10809,15804108.0,2.68,-0.34,-0.05,0.98,10.9,13.32,12.42,12.42,9.65,6.8,4.16,4.44,5.14,2.5,14.75,15.19,15.38,15.01,1.38,3.17,2.83,-0.34,-3.1,-4.27,-4.89,-3.72,-2.89,-4.34
2011-11-28,601519,14.64,14.6,14.71,14.41,11141,16222939.0,2.07,0.62,0.09,1.01,13.32,12.42,12.42,9.65,6.8,4.16,4.44,5.14,2.5,2.71,14.67,15.04,15.36,15.0,2.53,2.19,-0.96,-3.7,-4.86,-5.48,-4.32,-3.49,-4.93,-5.62
2011-11-29,601519,14.72,14.93,14.97,14.63,24956,36908924.0,2.33,2.26,0.33,2.27,10.73,10.73,8.0,5.19,2.6,2.87,3.55,0.96,1.16,0.55,14.68,14.92,15.37,15.03,-0.07,-3.15,-5.83,-6.97,-7.57,-6.43,-5.63,-7.03,-7.7,-9.58
2011-11-30,601519,14.92,13.82,14.92,13.77,27290,38791219.0,7.7,-7.43,-1.11,2.48,17.65,14.74,11.76,9.01,9.3,10.02,7.26,7.48,6.83,8.71,14.48,14.74,15.27,15.02,4.63,1.74,0.51,-0.14,1.09,1.95,0.43,-0.29,-2.32,-5.14
2011-12-01,601519,14.3,14.07,14.46,14.03,25553,36435607.0,3.11,1.81,0.25,2.32,12.62,9.69,6.99,7.27,7.98,5.27,5.49,4.85,6.7,6.34,14.39,14.6,15.19,15.02,-0.07,-1.28,-1.92,-0.71,0.14,-1.35,-2.06,-4.05,-6.82,-9.03
2011-12-02,601519,13.95,13.79,14.06,13.75,13455,18643134.0,2.2,-1.99,-0.28,1.22,11.93,9.16,9.45,10.18,7.42,7.64,6.98,8.87,8.51,5.16,14.24,14.5,15.1,15.03,0.73,0.07,1.31,2.18,0.65,-0.07,-2.1,-4.93,-7.18,-8.92
2011-12-05,601519,13.71,13.6,13.89,13.56,9944,13622502.0,2.39,-1.38,-0.19,0.9,10.69,10.99,11.73,8.92,9.14,8.48,10.4,10.03,6.64,3.69,14.04,14.36,14.99,15.02,1.47,2.72,3.6,2.06,1.32,-0.74,-3.6,-5.88,-7.65,-7.94
2011-12-06,601519,13.51,13.74,13.8,13.5,8159,11150958.0,2.21,1.03,0.14,0.74,11.48,12.22,9.41,9.63,8.96,10.89,10.52,7.11,4.15,2.89,13.8,14.24,14.9,15.0,1.67,2.55,1.02,0.29,-1.75,-4.59,-6.84,-8.59,-8.88,-6.99
2011-12-07,601519,13.76,13.89,13.97,13.61,6660,9224692.0,2.62,1.09,0.15,0.61,11.32,8.52,8.74,8.08,9.99,9.63,6.25,3.31,2.06,1.4,13.82,14.15,14.79,14.98,1.44,-0.07,-0.79,-2.81,-5.62,-7.85,-9.58,-9.86,-7.99,-8.64
2011-12-08,601519,13.85,13.9,14.09,13.6,11087,15354859.0,3.53,0.07,0.01,1.01,8.6,8.82,8.16,10.07,9.71,6.32,3.38,2.13,1.47,2.72,13.78,14.08,14.7,14.96,-0.14,-0.86,-2.88,-5.68,-7.91,-9.64,-9.93,-8.06,-8.71,-13.74
2011-12-09,601519,13.63,13.69,13.88,13.63,5858,8044002.0,1.8,-1.51,-0.21,0.53,8.58,7.92,9.83,9.46,6.09,3.15,1.91,1.25,2.49,3.37,13.76,14.0,14.6,14.92,0.66,-1.39,-4.24,-6.5,-8.25,-8.55,-6.65,-7.3,-12.42,-13.51
2011-12-12,601519,13.63,13.51,13.78,13.5,6696,9140907.0,2.05,-1.31,-0.18,0.61,8.96,10.89,10.52,7.11,4.15,2.89,2.22,3.48,4.37,2.81,13.75,13.89,14.47,14.87,-0.07,-2.96,-5.26,-7.03,-7.33,-5.4,-6.07,-11.25,-12.36,-12.88
2011-12-13,601519,13.5,12.91,13.5,12.9,17967,23568690.0,4.44,-4.44,-0.6,1.63,16.05,15.66,12.09,8.99,7.67,6.98,8.29,9.22,7.6,6.82,13.58,13.69,14.31,14.81,1.55,-0.85,-2.71,-3.02,-1.01,-1.7,-7.13,-8.29,-8.83,-10.15
2011-12-14,601519,12.88,12.83,13.11,12.82,6733,8702289.0,2.25,-0.62,-0.08,0.61,16.38,12.79,9.67,8.35,7.64,8.97,9.91,8.27,7.49,5.3,13.37,13.59,14.17,14.71,-0.23,-2.1,-2.42,-0.39,-1.09,-6.55,-7.72,-8.26,-9.59,-12.86
2011-12-15,601519,12.75,12.18,12.8,12.09,17960,22161855.0,5.53,-5.07,-0.65,1.63,19.6,16.29,14.89,14.14,15.55,16.54,14.81,13.98,11.66,8.44,13.02,13.4,14.0,14.6,3.12,2.79,4.93,4.19,-1.56,-2.79,-3.37,-4.76,-8.21,-10.1
2011-12-16,601519,12.25,12.54,12.56,12.14,13772,16968729.0,3.45,2.96,0.36,1.25,15.82,14.42,13.67,15.07,16.06,14.33,13.51,11.2,7.99,5.44,12.79,13.28,13.89,14.49,-0.16,1.91,1.2,-4.39,-5.58,-6.14,-7.5,-10.85,-12.68,-12.36
2011-12-19,601519,12.43,12.45,12.52,11.93,12641,15527792.0,4.7,-0.72,-0.09,1.15,16.43,15.67,17.1,18.11,16.35,15.51,13.16,9.89,7.29,5.28,12.58,13.16,13.76,14.38,2.65,1.93,-3.69,-4.9,-5.46,-6.83,-10.2,-12.05,-11.73,-10.84
2011-12-20,601519,12.34,12.4,12.78,12.34,12180,15332318.0,3.53,-0.4,-0.05,1.11,11.83,13.21,14.18,12.48,11.67,9.4,6.24,3.73,1.78,1.46,12.48,13.03,13.64,14.28,2.34,-3.31,-4.52,-5.08,-6.45,-9.84,-11.69,-11.37,-10.48,-15.73
2011-12-21,601519,12.68,12.03,12.69,12.01,9266,11469238.0,5.48,-2.98,-0.37,0.84,16.32,17.32,15.57,14.74,12.41,9.16,6.58,4.58,4.25,6.41,12.32,12.84,13.5,14.14,-0.33,-1.58,-2.16,-3.57,-7.07,-8.98,-8.65,-7.73,-13.13,-15.63
2011-12-22,601519,11.99,11.56,11.99,11.0,21526,24695670.0,8.23,-3.91,-0.47,1.96,28.09,26.18,25.27,22.73,19.18,16.36,14.18,13.82,16.18,15.36,12.2,12.61,13.35,14.0,2.42,1.82,0.35,-3.29,-5.28,-4.93,-3.98,-9.6,-12.2,-9.52
2011-12-23,601519,11.47,11.59,11.84,11.41,9928,11548946.0,3.72,0.26,0.03,0.9,21.65,20.77,18.32,14.9,12.18,10.08,9.73,12.01,11.22,5.08,12.01,12.4,13.2,13.86,1.55,0.09,-3.54,-5.52,-5.18,-4.23,-9.84,-12.42,-9.75,-1.47
2011-12-26,601519,11.55,11.5,11.77,11.39,6818,7912787.0,3.28,-0.78,-0.09,0.62,20.98,18.53,15.1,12.38,10.27,9.92,12.2,11.41,5.27,3.95,11.82,12.2,13.05,13.71,0.87,-2.78,-4.78,-4.43,-3.48,-9.13,-11.74,-9.04,-0.7,-0.17
2011-12-27,601519,11.52,11.26,11.6,11.2,8880,10121374.0,3.48,-2.09,-0.24,0.81,20.54,17.05,14.29,12.14,11.79,14.11,13.3,7.05,5.71,5.09,11.59,12.03,12.86,13.55,-0.71,-2.75,-2.4,-1.42,-7.19,-9.86,-7.1,1.42,1.95,-0.53
2011-12-28,601519,11.1,10.88,11.18,10.59,19804,21541244.0,5.24,-3.37,-0.38,1.8,23.8,20.87,18.6,18.22,20.68,19.83,13.22,11.8,11.14,9.54,11.36,11.84,12.72,13.39,0.64,1.01,2.02,-3.95,-6.71,-3.86,4.96,5.51,2.94,1.93
2011-12-29,601519,10.75,10.77,10.95,10.59,14016,15051843.0,3.31,-1.01,-0.11,1.27,20.87,18.6,18.22,20.68,19.83,13.22,11.8,11.14,9.54,5.57,11.2,11.7,12.55,13.24,2.04,3.06,-2.97,-5.76,-2.88,6.04,6.59,3.99,2.97,-1.86
2011-12-30,601519,10.84,10.88,10.99,10.79,11128,12112163.0,1.86,1.02,0.11,1.01,16.4,16.03,18.44,17.61,11.12,9.73,9.08,7.51,3.61,1.48,11.06,11.53,12.41,13.1,2.02,-3.95,-6.71,-3.86,4.96,5.51,2.94,1.93,-2.85,0.18
2012-01-04,601519,11.1,10.5,11.1,10.49,9084,9817467.0,5.61,-3.49,-0.38,0.83,19.35,21.83,20.97,14.3,12.87,12.2,10.58,6.58,4.39,4.77,10.86,11.34,12.25,12.95,-0.48,-3.33,-0.38,8.76,9.33,6.67,5.62,0.67,3.81,7.62
2012-01-05,601519,10.33,9.92,10.45,9.71,15992,16204207.0,7.05,-5.52,-0.58,1.45,31.62,30.69,23.48,21.94,21.22,19.46,15.14,12.77,13.18,14.32,10.59,11.09,12.06,12.79,2.32,5.44,15.12,15.73,12.9,11.79,6.55,9.88,13.91,9.38
2012-01-06,601519,9.92,10.07,10.15,9.81,9085,9040569.0,3.43,1.51,0.15,0.83,29.36,22.22,20.69,19.98,18.25,13.97,11.62,12.03,13.15,6.52,10.43,10.89,11.87,12.63,3.87,13.41,14.0,11.22,10.13,4.97,8.24,12.21,7.75,6.55
2012-01-09,601519,10.0,10.38,10.46,10.0,16551,17055507.0,4.57,3.08,0.31,1.5,19.9,18.4,17.7,16.0,11.8,9.5,9.9,11.0,4.5,1.5,10.35,10.77,11.69,12.49,10.02,10.6,7.9,6.84,1.83,5.01,8.86,4.53,3.37,2.79
2012-01-10,601519,10.4,11.15,11.42,10.4,48084,52793192.0,9.83,7.42,0.77,4.37,13.85,13.17,11.54,7.5,5.29,5.67,6.73,0.48,-2.4,0.58,10.4,10.73,11.57,12.38,2.96,0.45,-0.54,-5.2,-2.24,1.35,-2.69,-3.77,-4.3,-5.47
2012-01-11,601519,11.09,11.12,11.48,10.97,37287,41822827.0,4.57,-0.27,-0.03,3.39,7.29,5.74,1.91,-0.18,0.18,1.19,-4.74,-7.47,-4.65,4.1,10.53,10.69,11.45,12.26,0.72,-0.27,-4.95,-1.98,1.62,-2.43,-3.51,-4.05,-5.22,-4.59
2012-01-12,601519,11.06,11.02,11.2,10.91,19560,21632596.0,2.61,-0.9,-0.1,1.78,6.32,2.47,0.37,0.73,1.74,-4.22,-6.97,-4.12,4.67,5.22,10.75,10.67,11.35,12.13,0.64,-4.08,-1.09,2.54,-1.54,-2.63,-3.18,-4.36,-3.72,-2.9
2012-01-13,601519,11.0,10.49,11.09,10.46,20033,21429584.0,5.72,-4.81,-0.53,1.82,6.88,4.68,5.07,6.12,-0.1,-2.96,0.0,9.18,9.75,7.07,10.83,10.63,11.23,12.02,0.76,3.91,7.72,3.43,2.29,1.72,0.48,1.14,2.0,5.34
2012-01-16,601519,10.33,10.28,10.57,10.25,8965,9309488.0,3.05,-2.0,-0.21,0.81,6.83,7.22,8.29,1.95,-0.98,2.05,11.41,12.0,9.27,8.2,10.81,10.58,11.14,11.89,6.03,9.92,5.54,4.38,3.79,2.53,3.21,4.09,7.49,8.56
2012-01-17,601519,10.28,10.88,10.9,10.27,19222,20529269.0,6.13,5.84,0.6,1.75,7.01,8.08,1.75,-1.17,1.85,11.2,11.78,9.06,7.98,2.92,10.76,10.58,11.06,11.8,3.86,-0.28,-1.38,-1.93,-3.13,-2.48,-1.65,1.56,2.57,0.18
2012-01-18,601519,10.9,10.74,11.3,10.69,23926,26234645.0,5.61,-1.29,-0.14,2.18,3.84,-2.25,-5.05,-2.15,6.83,7.39,4.77,3.74,-1.12,1.96,10.68,10.6,10.97,11.7,1.02,-0.09,-0.65,-1.86,-1.21,-0.37,2.89,3.91,1.49,3.35
2012-01-19,601519,10.41,10.6,10.85,10.36,23059,24459604.0,4.56,-1.3,-0.14,2.1,0.87,-2.03,0.97,10.23,10.81,8.11,7.05,2.03,5.21,9.07,10.6,10.67,10.88,11.6,1.23,0.66,-0.57,0.09,0.94,4.25,5.28,2.83,4.72,6.51
2012-01-20,601519,10.53,10.65,10.73,10.53,14245,15165610.0,1.89,0.47,0.05,1.29,-3.61,-0.66,8.45,9.02,6.36,5.32,0.38,3.51,7.31,3.04,10.63,10.73,10.81,11.49,0.19,-1.03,-0.38,0.47,3.76,4.79,2.35,4.23,6.01,6.48
2012-01-30,601519,10.65,10.48,10.67,10.45,12390,13040302.0,2.07,-1.6,-0.17,0.49,0.1,9.28,9.86,7.18,6.12,1.15,4.31,8.13,3.83,2.68,10.67,10.74,10.76,11.38,0.57,1.24,2.1,5.44,6.49,4.01,5.92,7.73,8.21,9.92
2012-01-31,601519,10.54,10.47,10.54,10.39,7914,8259125.0,1.43,-0.1,-0.01,0.32,9.91,10.49,7.8,6.74,1.73,4.91,8.76,4.43,3.27,2.69,10.59,10.67,10.7,11.27,1.34,2.2,5.54,6.59,4.11,6.02,7.83,8.31,10.03,12.7
2012-02-01,601519,10.51,10.42,10.61,10.37,7558,7941376.0,2.29,-0.48,-0.05,0.3,10.7,8.0,6.94,1.93,5.11,8.97,4.63,3.47,2.89,1.64,10.52,10.6,10.65,11.16,2.69,6.05,7.1,4.61,6.53,8.35,8.83,10.56,13.24,12.0
2012-02-02,601519,10.48,10.69,10.7,10.45,10177,10768229.0,2.4,2.59,0.27,0.41,7.18,6.12,1.15,4.31,8.13,3.83,2.68,2.11,0.86,1.53,10.54,10.57,10.62,11.09,3.37,4.4,1.96,3.84,5.61,6.08,7.76,10.38,9.17,9.92
2012-02-03,601519,10.7,10.92,11.05,10.65,23966,26149420.0,3.74,2.15,0.23,0.96,4.13,-0.75,2.35,6.1,1.88,0.75,0.19,-1.03,-0.38,0.47,10.6,10.61,10.62,11.03,2.2,-0.18,1.65,3.39,3.85,5.49,8.06,6.87,7.6,8.06
2012-02-06,601519,10.94,10.99,11.16,10.9,19836,21822687.0,2.38,0.64,0.07,0.79,-3.03,0.0,3.67,-0.46,-1.56,-2.11,-3.3,-2.66,-1.83,1.38,10.7,10.68,10.63,10.99,-0.82,1.0,2.73,3.18,4.82,7.37,6.19,6.92,7.37,10.92
2012-02-07,601519,10.9,10.67,10.9,10.63,13290,14281147.0,2.46,-2.91,-0.32,0.53,2.54,6.3,2.07,0.94,0.38,-0.85,-0.19,0.66,3.95,4.99,10.74,10.66,10.62,10.93,4.03,5.81,6.28,7.97,10.59,9.37,10.12,10.59,14.25,10.4
2012-02-08,601519,10.65,11.05,11.1,10.65,21679,23702485.0,4.22,3.56,0.38,0.87,6.1,1.88,0.75,0.19,-1.03,-0.38,0.47,3.76,4.79,2.35,10.86,10.69,10.65,10.88,2.17,2.62,4.25,6.79,5.61,6.33,6.79,10.32,6.61,12.4
2012-02-09,601519,11.05,11.1,11.29,10.98,26303,29359478.0,2.81,0.45,0.05,1.05,-1.18,-2.28,-2.82,-4.01,-3.37,-2.55,0.64,1.64,-0.73,1.09,10.95,10.74,10.71,10.84,2.16,3.78,6.31,5.14,5.86,6.31,9.82,6.13,11.89,10.54
2012-02-10,601519,11.11,11.22,11.34,11.02,23572,26405985.0,2.88,1.08,0.12,0.94,-2.63,-3.18,-4.36,-3.72,-2.9,0.27,1.27,-1.09,0.73,2.45,11.01,10.8,10.77,10.81,2.67,5.17,4.01,4.72,5.17,8.65,4.99,10.7,9.36,12.75
2012-02-13,601519,11.08,11.5,11.52,11.0,38347,43468099.0,4.63,2.5,0.28,1.53,-3.0,-4.18,-3.55,-2.73,0.45,1.45,-0.91,0.91,2.64,3.09,11.11,10.9,10.82,10.81,2.61,1.48,2.17,2.61,6.0,2.43,8.0,6.7,10.0,9.3
2012-02-14,601519,11.46,11.52,11.8,11.36,27771,31966714.0,3.83,0.17,0.02,1.11,-7.22,-6.6,-5.81,-2.73,-1.76,-4.05,-2.29,-0.62,-0.18,1.41,11.28,11.01,10.84,10.8,1.3,2.0,2.43,5.82,2.26,7.81,6.51,9.81,9.11,7.73
2012-02-15,601519,11.45,11.62,11.67,11.4,30196,34948663.0,2.34,0.87,0.1,1.21,-6.93,-6.14,-3.07,-2.11,-4.39,-2.63,-0.96,-0.53,1.05,3.51,11.39,11.13,10.87,10.81,1.12,1.55,4.91,1.38,6.88,5.59,8.86,8.18,6.8,5.77
2012-02-16,601519,11.66,11.65,11.75,11.51,35597,41461967.0,2.07,0.26,0.03,1.42,-7.04,-4.0,-3.04,-5.3,-3.56,-1.91,-1.48,0.09,2.52,1.39,11.5,11.22,10.9,10.82,1.29,4.64,1.12,6.61,5.32,8.58,7.9,6.52,5.49,5.06
2012-02-17,601519,11.68,11.52,11.8,11.4,18063,20897024.0,3.43,-1.12,-0.13,0.72,-3.07,-2.11,-4.39,-2.63,-0.96,-0.53,1.05,3.51,2.37,3.07,11.56,11.28,10.95,10.84,5.82,2.26,7.81,6.51,9.81,9.11,7.73,6.68,6.25,7.29
2012-02-20,601519,11.68,11.63,12.19,11.55,62598,74408151.0,5.56,0.95,0.11,2.5,-3.38,-5.63,-3.9,-2.25,-1.82,-0.26,2.16,1.04,1.73,2.16,11.59,11.35,11.02,10.87,1.29,6.79,5.5,8.77,8.08,6.71,5.67,5.25,6.28,7.74
2012-02-21,601519,11.54,11.73,11.78,11.29,41872,48406592.0,4.21,0.86,0.1,1.67,-3.45,-1.68,0.0,0.44,2.04,4.52,3.37,4.07,4.52,7.97,11.63,11.45,11.06,10.9,5.88,4.6,7.84,7.16,5.8,4.77,4.35,5.37,6.82,5.54
2012-02-22,601519,11.68,12.3,12.42,11.66,91108,110900581.0,6.48,4.86,0.57,3.64,-4.8,-3.17,-2.74,-1.2,1.2,0.09,0.77,1.2,4.55,1.03,11.77,11.58,11.14,10.96,-0.24,2.85,2.2,0.89,-0.08,-0.49,0.49,1.87,0.65,-1.87
2012-02-23,601519,12.27,12.17,12.27,12.01,53528,65026239.0,2.11,-1.06,-0.13,2.14,-6.0,-5.58,-4.08,-1.75,-2.83,-2.16,-1.75,1.5,-1.92,3.41,11.87,11.69,11.21,11.03,3.94,3.29,1.97,0.99,0.58,1.56,2.96,1.73,-0.82,0.66
2012-02-24,601519,12.1,12.39,12.65,12.06,66268,82416782.0,4.85,1.81,0.22,2.64,-5.97,-4.48,-2.16,-3.23,-2.57,-2.16,1.08,-2.32,2.99,1.74,12.04,11.8,11.3,11.11,1.45,0.16,-0.81,-1.21,-0.24,1.13,-0.08,-2.58,-1.13,-1.13
2012-02-27,601519,12.46,12.35,12.57,12.3,55770,69219088.0,2.18,-0.32,-0.04,2.23,-6.34,-4.07,-5.12,-4.47,-4.07,-0.89,-4.23,0.98,-0.24,2.85,12.19,11.89,11.4,11.18,0.49,-0.49,-0.89,0.08,1.46,0.24,-2.27,-0.81,-0.81,0.24
2012-02-28,601519,12.32,12.19,12.41,12.14,35705,43745184.0,2.19,-1.3,-0.16,1.42,-2.8,-3.87,-3.21,-2.8,0.41,-2.97,2.31,1.07,4.2,3.54,12.28,11.95,11.48,11.21,0.82,0.41,1.39,2.79,1.56,-0.98,0.49,0.49,1.56,1.89
2012-02-29,601519,12.17,12.04,12.29,12.02,19981,24195795.0,2.21,-1.23,-0.15,0.8,-2.91,-2.25,-1.83,1.41,-2.0,3.33,2.08,5.24,4.58,3.24,12.23,12.0,11.56,11.24,1.66,2.66,4.07,2.82,0.25,1.74,1.74,2.82,3.16,-0.66
2012-03-01,601519,12.0,12.19,12.24,12.0,25117,30525007.0,1.99,1.25,0.15,1.0,-2.08,-1.67,1.58,-1.83,3.5,2.25,5.42,4.75,3.42,2.42,12.23,12.05,11.64,11.28,1.39,2.79,1.56,-0.98,0.49,0.49,1.56,1.89,-1.89,-3.77
2012-03-02,601519,12.28,12.36,12.36,12.2,22441,27609995.0,1.31,1.39,0.17,0.9,-3.28,-0.08,-3.44,1.8,0.57,3.69,3.03,1.72,0.74,0.33,12.23,12.13,11.71,11.34,1.38,0.16,-2.35,-0.89,-0.89,0.16,0.49,-3.24,-5.1,-4.69
2012-03-05,601519,12.37,12.38,12.53,12.29,37239,46288469.0,1.94,0.16,0.02,1.49,-0.81,-4.15,1.06,-0.16,2.93,2.28,0.98,0.0,-0.41,0.57,12.23,12.21,11.78,11.41,0.0,-2.5,-1.05,-1.05,0.0,0.32,-3.39,-5.25,-4.85,-5.17
2012-03-06,601519,12.38,12.03,12.38,12.0,23481,28480647.0,3.07,-2.83,-0.35,0.94,-1.83,3.5,2.25,5.42,4.75,3.42,2.42,2.0,3.0,4.42,12.2,12.24,11.85,11.45,0.33,1.83,1.83,2.91,3.24,-0.58,-2.49,-2.08,-2.41,-4.82
2012-03-07,601519,11.99,11.81,12.07,11.8,21367,25480597.0,2.24,-1.83,-0.22,0.85,5.25,3.98,7.2,6.53,5.17,4.15,3.73,4.75,6.19,4.92,12.15,12.19,11.88,11.49,3.73,3.73,4.83,5.17,1.27,-0.68,-0.25,-0.59,-3.05,-3.47
2012-03-08,601519,11.85,12.06,12.25,11.85,29146,35209857.0,3.39,2.12,0.25,1.16,3.54,6.75,6.08,4.73,3.71,3.29,4.3,5.74,4.47,1.86,12.13,12.18,11.93,11.54,1.58,2.65,2.99,-0.83,-2.74,-2.32,-2.65,-5.06,-5.47,-6.3
2012-03-09,601519,12.13,12.24,12.25,12.06,20879,25422903.0,1.58,1.49,0.18,0.83,4.89,4.23,2.9,1.91,1.49,2.49,3.9,2.65,0.08,1.58,12.1,12.16,11.98,11.59,1.14,1.47,-2.29,-4.17,-3.76,-4.08,-6.45,-6.86,-7.68,-8.91
2012-03-12,601519,12.31,12.21,12.38,12.08,27430,33459708.0,2.45,-0.25,-0.03,1.09,4.06,2.73,1.74,1.32,2.32,3.73,2.48,-0.08,1.41,1.41,12.07,12.15,12.02,11.65,1.72,-2.05,-3.93,-3.52,-3.85,-6.22,-6.63,-7.45,-8.68,-7.29
2012-03-13,601519,12.21,12.38,12.42,12.05,31150,38264001.0,3.03,1.39,0.17,1.24,2.99,1.99,1.58,2.57,3.98,2.74,0.17,1.66,1.66,2.74,12.14,12.17,12.06,11.71,-3.39,-5.25,-4.85,-5.17,-7.51,-7.92,-8.72,-9.94,-8.56,-10.18
2012-03-15,601519,11.86,11.52,11.96,11.46,44593,52105605.0,4.04,-6.95,-0.86,1.78,7.24,6.81,7.85,9.34,8.03,5.32,6.89,6.89,8.03,8.38,12.08,12.12,12.06,11.75,1.82,2.26,1.91,-0.61,-1.04,-1.91,-3.21,-1.74,-3.47,-8.16
2012-03-16,601519,11.58,11.63,11.73,11.45,28853,33453039.0,2.43,0.95,0.11,1.15,6.9,7.95,9.43,8.12,5.41,6.99,6.99,8.12,8.47,4.45,12.0,12.06,12.06,11.78,1.29,0.95,-1.55,-1.98,-2.84,-4.13,-2.67,-4.39,-9.03,-11.35
2012-03-19,601519,11.58,11.76,11.78,11.56,19932,23276692.0,1.89,1.12,0.13,0.8,6.92,8.39,7.09,4.41,5.97,5.97,7.09,7.44,3.46,1.47,11.9,12.0,12.07,11.81,-0.17,-2.64,-3.06,-3.91,-5.19,-3.74,-5.44,-10.03,-12.33,-9.18
2012-03-20,601519,11.7,11.34,11.74,11.33,25508,29239626.0,3.49,-3.57,-0.42,1.02,10.59,9.27,6.53,8.12,8.12,9.27,9.62,5.56,3.53,3.97,11.73,11.9,12.05,11.82,0.97,0.53,-0.35,-1.68,-0.18,-1.94,-6.7,-9.08,-5.82,-4.06
2012-03-21,601519,11.4,11.32,11.45,11.13,18295,20633574.0,2.82,-0.18,-0.02,0.73,11.23,8.45,10.06,10.06,11.23,11.59,7.46,5.39,5.84,5.48,11.51,11.83,12.03,11.84,0.71,-0.18,-1.5,0.0,-1.77,-6.54,-8.92,-5.65,-3.89,5.04
2012-03-22,601519,11.32,11.3,11.4,11.18,11994,13528025.0,1.94,-0.18,-0.02,0.48,7.96,9.57,9.57,10.73,11.09,6.98,4.92,5.37,5.01,2.42,11.47,11.78,11.98,11.85,0.0,-1.33,0.18,-1.59,-6.37,-8.76,-5.49,-3.72,5.22,4.87
2012-03-23,601519,11.3,11.04,11.3,10.98,15761,17490939.0,2.83,-2.3,-0.26,0.63,11.57,11.57,12.75,13.11,8.93,6.83,7.29,6.92,4.28,3.83,11.35,11.67,11.93,11.85,1.0,2.54,0.72,-4.17,-6.61,-3.26,-1.45,7.7,7.34,6.34
2012-03-26,601519,11.06,11.03,11.15,10.96,7536,8319316.0,1.72,-0.09,-0.01,0.3,11.77,12.96,13.32,9.12,7.03,7.48,7.12,4.47,4.01,3.1,11.21,11.55,11.86,11.84,2.63,0.82,-4.08,-6.53,-3.17,-1.36,7.8,7.43,6.44,9.34
2012-03-27,601519,11.07,11.06,11.32,11.03,12052,13426783.0,2.63,0.27,0.03,0.48,12.24,12.6,8.43,6.35,6.8,6.44,3.81,3.35,2.45,1.09,11.15,11.44,11.79,11.83,0.54,-4.34,-6.78,-3.44,-1.63,7.5,7.14,6.15,9.04,9.4
2012-03-28,601519,11.08,10.49,11.12,10.48,19253,20540916.0,5.79,-5.15,-0.57,0.77,18.51,14.12,11.93,12.4,12.02,9.26,8.78,7.82,6.39,8.02,10.98,11.25,11.71,11.79,0.86,-1.72,1.81,3.72,13.35,12.96,11.92,14.97,15.35,12.3
2012-03-29,601519,10.48,10.24,10.58,10.16,12972,13403560.0,4.0,-2.38,-0.25,0.52,17.72,15.45,15.94,15.55,12.7,12.2,11.22,9.74,11.42,9.45,10.77,11.12,11.62,11.75,0.68,4.3,6.25,16.11,15.72,14.65,17.77,18.16,15.04,15.53
2012-03-30,601519,10.24,10.17,10.31,10.12,9205,9410304.0,1.86,-0.68,-0.07,0.37,15.91,16.4,16.01,13.14,12.65,11.66,10.18,11.86,9.88,4.55,10.6,10.97,11.52,11.7,5.01,6.98,16.91,16.52,15.44,18.58,18.98,15.83,16.32,19.37
2012-04-05,601519,10.2,10.59,10.68,10.15,18606,19411157.0,5.21,4.13,0.42,0.74,16.06,15.67,12.81,12.32,11.33,9.85,11.53,9.56,4.24,1.58,10.51,10.86,11.43,11.66,2.74,12.28,11.9,10.86,13.88,14.26,11.24,11.71,14.64,14.54
2012-04-06,601519,10.51,10.81,10.88,10.51,24320,26098098.0,3.49,2.08,0.22,0.97,11.7,8.94,8.47,7.52,6.09,7.71,5.8,0.67,-1.9,1.62,10.46,10.8,11.35,11.64,9.99,9.62,8.6,11.56,11.93,8.97,9.44,12.3,12.21,19.24
2012-04-09,601519,11.49,11.89,11.89,11.32,160921,190729260.0,5.27,9.99,1.08,6.42,1.15,0.71,-0.18,-1.5,0.0,-1.77,-6.54,-8.92,-5.65,-3.89,10.74,10.86,11.34,11.64,-0.34,-1.26,1.43,1.77,-0.93,-0.5,2.1,2.02,8.41,4.63
2012-04-10,601519,11.79,11.77,11.85,11.32,130932,151261124.0,4.46,-1.01,-0.12,5.23,0.71,-0.18,-1.5,0.0,-1.77,-6.54,-8.92,-5.65,-3.89,5.04,11.05,10.91,11.34,11.63,-0.25,2.46,2.8,0.08,0.51,3.14,3.06,9.52,5.69,1.87
2012-04-11,601519,11.5,11.61,11.74,11.45,54636,63471185.0,2.46,-1.36,-0.16,2.18,-1.31,-2.62,-1.14,-2.88,-7.6,-9.96,-6.72,-4.98,3.84,3.49,11.33,10.97,11.32,11.61,3.88,4.22,1.46,1.89,4.57,4.48,11.02,7.15,3.27,4.48
2012-04-12,601519,11.62,11.92,12.06,11.61,74929,88660380.0,3.88,2.67,0.31,2.99,-3.96,-2.5,-4.22,-8.87,-11.2,-8.01,-6.29,2.41,2.07,1.12,11.6,11.05,11.3,11.59,1.51,-1.17,-0.76,1.85,1.76,8.14,4.36,0.59,1.76,1.68
2012-04-13,601519,11.84,11.73,12.1,11.7,60314,71335831.0,3.36,-1.59,-0.19,2.41,-3.25,-4.96,-9.57,-11.88,-8.72,-7.01,1.62,1.28,0.34,3.08,11.78,11.12,11.28,11.57,0.43,0.85,3.5,3.41,9.89,6.05,2.22,3.41,3.32,4.18
2012-04-16,601519,11.63,11.67,11.78,11.5,31775,36984166.0,2.39,-0.51,-0.06,1.27,-3.3,-8.0,-10.35,-7.13,-5.39,3.39,3.04,2.09,4.87,5.22,11.74,11.24,11.24,11.55,1.37,4.03,3.94,10.45,6.6,2.74,3.94,3.86,4.71,5.74
2012-04-17,601519,11.6,11.67,11.83,11.55,32444,37922062.0,2.4,0.0,0.0,1.29,-8.4,-10.74,-7.53,-5.8,2.94,2.6,1.65,4.42,4.76,1.99,11.72,11.38,11.25,11.54,4.03,3.94,10.45,6.6,2.74,3.94,3.86,4.71,5.74,6.43
2012-04-18,601519,11.78,12.06,12.14,11.72,73713,88496787.0,3.6,3.34,0.39,2.94,-12.03,-8.87,-7.17,1.45,1.11,0.17,2.9,3.24,0.51,0.94,11.81,11.57,11.27,11.54,0.58,6.88,3.15,-0.58,0.58,0.5,1.33,2.32,2.99,4.98
2012-04-19,601519,12.04,12.01,12.13,11.9,33360,40073181.0,1.91,-0.41,-0.05,1.33,-10.25,-8.57,-0.08,-0.42,-1.34,1.34,1.68,-1.01,-0.59,2.02,11.83,11.71,11.29,11.52,7.33,3.58,-0.17,1.0,0.92,1.75,2.75,3.41,5.41,1.58
2012-04-20,601519,12.0,12.57,12.89,11.91,100599,125450955.0,8.16,4.66,0.56,4.01,-8.65,-0.17,-0.5,-1.43,1.26,1.6,-1.09,-0.67,1.93,1.85,12.0,11.89,11.35,11.53,-1.03,-4.61,-3.5,-3.58,-2.78,-1.83,-1.19,0.72,-2.94,-3.74
2012-04-23,601519,12.31,11.79,12.44,11.75,73212,88405834.0,5.49,-6.21,-0.78,2.92,1.19,0.85,-0.09,2.64,2.98,0.26,0.68,3.32,3.23,9.7,12.02,11.88,11.37,11.52,1.7,2.88,2.8,3.65,4.66,5.34,7.38,3.48,2.63,2.63
2012-04-24,601519,11.68,11.76,11.99,11.42,45370,52965250.0,4.83,-0.25,-0.03,1.81,3.77,2.8,5.6,5.95,3.15,3.59,6.3,6.22,12.87,8.93,12.04,11.88,11.39,11.52,3.15,3.06,3.91,4.93,5.61,7.65,3.74,2.89,2.89,7.06
2012-04-25,601519,11.72,11.98,12.13,11.67,39358,47032329.0,3.91,1.87,0.22,1.57,0.6,3.34,3.68,0.94,1.37,4.03,3.94,10.45,6.6,2.74,12.02,11.92,11.44,11.52,1.17,2.0,3.01,3.67,5.68,1.84,1.0,1.0,5.09,4.34
2012-04-26,601519,11.99,11.84,12.12,11.72,29839,35382097.0,3.34,-1.17,-0.14,1.19,2.9,3.24,0.51,0.94,3.58,3.5,9.98,6.14,2.3,3.5,11.99,11.91,11.48,11.51,3.21,4.22,4.9,6.93,3.04,2.2,2.2,6.33,5.57,7.35
2012-05-02,601519,11.97,12.0,12.22,11.92,41499,50098205.0,2.53,1.35,0.16,1.66,1.51,-1.17,-0.76,1.85,1.76,8.14,4.36,0.59,1.76,1.68,11.87,11.93,11.53,11.5,2.83,3.5,5.5,1.67,0.83,0.83,4.92,4.17,5.92,-45.17
2012-05-03,601519,11.95,12.19,12.34,11.95,36140,44116837.0,3.25,1.58,0.19,1.44,-1.42,-1.0,1.59,1.51,7.87,4.1,0.33,1.51,1.42,2.26,11.95,11.99,11.61,11.49,1.89,3.86,0.08,-0.74,-0.74,3.28,2.54,4.27,-46.02,-48.32
2012-05-04,601519,12.28,12.33,12.42,12.12,34899,42911245.0,2.46,1.15,0.14,1.39,-2.39,0.17,0.08,6.35,2.64,-1.07,0.08,0.0,0.83,1.82,12.07,12.05,11.72,11.52,2.68,-1.05,-1.87,-1.87,2.11,1.38,3.08,-46.63,-48.91,-50.36
2012-05-08,601519,12.49,12.32,12.66,12.27,55088,68598930.0,3.16,-0.08,-0.01,2.2,-1.06,-1.14,5.05,1.39,-2.28,-1.14,-1.22,-0.41,0.57,1.22,12.14,12.08,11.83,11.54,-0.97,-1.79,-1.79,2.19,1.46,3.17,-46.59,-48.86,-50.32,-50.73
2012-05-09,601519,12.2,11.9,12.2,11.9,33790,40637424.0,2.44,-3.41,-0.42,1.35,1.93,8.32,4.54,0.76,1.93,1.85,2.69,3.7,4.37,6.39,12.15,12.07,11.89,11.55,1.68,1.68,5.8,5.04,6.81,-44.71,-47.06,-48.57,-48.99,-49.41
2012-05-10,601519,11.9,11.91,12.1,11.81,23232,27803421.0,2.44,0.08,0.01,0.93,9.14,5.33,1.52,2.71,2.62,3.47,4.49,5.17,7.2,3.3,12.13,12.0,11.95,11.57,1.6,5.71,4.95,6.72,-44.75,-47.1,-48.61,-49.03,-49.45,-49.62
2012-05-11,601519,11.99,11.94,12.1,11.82,30324,36314341.0,2.35,0.25,0.03,1.21,5.25,1.44,2.62,2.54,3.38,4.4,5.08,7.11,3.21,2.37,12.08,12.02,11.95,11.59,5.44,4.69,6.45,-44.89,-47.24,-48.74,-49.16,-49.58,-49.75,-50.17
2012-05-14,601519,12.07,12.22,12.59,12.03,64214,79226383.0,4.69,2.35,0.28,2.56,-0.33,0.83,0.75,1.58,2.58,3.24,5.24,1.41,0.58,0.58,12.06,12.06,11.97,11.62,2.29,4.01,-46.15,-48.45,-49.92,-50.33,-50.74,-50.9,-51.31,-53.52
2012-05-15,601519,12.1,12.47,12.5,11.93,40380,49287483.0,4.66,2.05,0.25,1.61,1.68,1.59,2.43,3.44,4.11,6.12,2.26,1.42,1.42,5.53,12.09,12.11,12.01,11.66,1.92,-47.23,-49.48,-50.92,-51.32,-51.72,-51.88,-52.29,-54.45,-53.17
2012-05-16,601519,12.47,12.48,12.71,12.35,79465,99669401.0,2.89,0.08,0.01,3.17,-1.86,-1.05,-0.08,0.57,2.51,-1.21,-2.02,-2.02,1.94,1.21,12.2,12.18,12.04,11.71,-47.28,-49.52,-50.96,-51.36,-51.76,-51.92,-52.32,-54.49,-53.21,-52.8
2012-05-17,601519,6.22,6.47,6.58,6.22,98659,63019570.0,2.88,-48.16,-6.01,1.97,96.46,98.39,99.68,103.54,96.14,94.53,94.53,102.41,100.96,104.34,11.12,11.62,11.78,11.56,-2.63,-5.41,-6.18,-6.96,-7.26,-8.04,-12.21,-9.74,-8.96,-9.43
2012-05-18,601519,6.28,6.11,6.3,6.04,95689,59129554.0,4.02,-5.56,-0.36,1.91,104.3,105.63,109.6,101.99,100.33,100.33,108.44,106.95,110.43,8.94,9.95,11.01,11.5,11.41,0.16,-0.65,-1.47,-1.8,-2.62,-7.04,-4.42,-3.6,-4.09,-6.87
2012-05-21,601519,6.05,5.98,6.12,5.89,53882,32197350.0,3.76,-2.13,-0.13,1.08,110.87,114.94,107.13,105.43,105.43,113.75,112.22,115.79,11.71,6.96,8.7,10.38,11.22,11.27,1.51,0.67,0.33,-0.5,-5.02,-2.34,-1.51,-2.01,-4.85,-9.03
2012-05-22,601519,6.05,6.01,6.07,5.95,41527,24917834.0,2.01,0.5,0.03,0.83,112.77,105.04,103.36,103.36,111.6,110.08,113.61,10.59,5.88,2.86,7.41,9.75,10.91,11.13,0.17,-0.17,-1.0,-5.49,-2.83,-2.0,-2.5,-5.32,-9.48,-9.82
2012-05-23,601519,6.0,5.95,6.02,5.9,36126,21523178.0,2.0,-1.0,-0.06,0.72,106.78,105.08,105.08,113.39,111.86,115.42,11.53,6.78,3.73,2.88,6.1,9.15,10.61,10.98,0.84,0.0,-4.54,-1.85,-1.01,-1.51,-4.37,-8.57,-8.91,-8.91
2012-05-24,601519,5.93,5.93,6.0,5.8,52542,31092596.0,3.36,-0.34,-0.02,1.05,108.62,108.62,117.07,115.52,119.14,13.45,8.62,5.52,4.66,3.79,6.0,8.56,10.28,10.82,0.34,-4.22,-1.52,-0.67,-1.18,-4.05,-8.26,-8.6,-8.6,-8.77
2012-05-25,601519,5.93,5.61,5.95,5.58,58649,33687621.0,6.24,-5.4,-0.32,1.17,116.85,125.63,124.01,127.78,17.92,12.9,9.68,8.78,7.89,7.53,5.9,7.92,9.97,10.61,1.25,4.1,4.99,4.46,1.43,-3.03,-3.39,-3.39,-3.57,-2.32
2012-05-28,601519,5.64,5.65,5.68,5.46,43034,23972197.0,3.92,0.71,0.04,0.86,130.59,128.94,132.78,20.51,15.38,12.09,11.17,10.26,9.89,8.97,5.83,7.27,9.66,10.4,3.36,4.25,3.72,0.71,-3.72,-4.07,-4.07,-4.25,-3.01,-3.01
2012-05-29,601519,5.63,5.75,5.84,5.61,64720,37102113.0,4.07,1.77,0.1,1.29,122.82,126.56,17.29,12.3,9.09,8.2,7.31,6.95,6.06,1.25,5.78,6.59,9.35,10.21,2.43,1.91,-1.04,-5.39,-5.74,-5.74,-5.91,-4.7,-4.7,-4.87
2012-05-31,601519,5.7,5.8,5.89,5.66,50251,28981655.0,4.0,0.87,0.05,1.0,124.56,16.25,11.31,8.13,7.24,6.36,6.01,5.12,0.35,3.18,5.75,5.93,9.05,10.0,1.03,-1.9,-6.21,-6.55,-6.55,-6.72,-5.52,-5.52,-5.69,-5.69
2012-06-01,601519,5.79,5.75,5.86,5.74,29550,17145238.0,2.07,-0.86,-0.05,0.59,14.63,9.76,6.62,5.75,4.88,4.53,3.66,-1.05,1.74,2.61,5.71,5.85,8.74,9.8,-1.04,-5.39,-5.74,-5.74,-5.91,-4.7,-4.7,-4.87,-4.87,-5.22
2012-06-04,601519,5.65,5.35,5.69,5.34,66006,36275701.0,6.09,-6.96,-0.4,1.32,17.98,14.61,13.67,12.73,12.36,11.42,6.37,9.36,10.3,9.74,5.66,5.78,8.4,9.59,1.68,1.31,1.31,1.12,2.43,2.43,2.24,2.24,1.87,6.17
2012-06-05,601519,5.4,5.36,5.44,5.3,48609,26031118.0,2.62,0.19,0.01,0.97,15.47,14.53,13.58,13.21,12.26,7.17,10.19,11.13,10.57,7.36,5.6,5.72,8.05,9.38,1.12,1.12,0.93,2.24,2.24,2.05,2.05,1.68,5.97,3.36
2012-06-06,601519,5.4,5.34,5.42,5.29,28333,15162118.0,2.43,-0.37,-0.02,0.57,14.74,13.8,13.42,12.48,7.37,10.4,11.34,10.78,7.56,2.84,5.52,5.65,7.7,9.16,1.5,1.31,2.62,2.62,2.43,2.43,2.06,6.37,3.75,5.62
2012-06-07,601519,5.39,5.31,5.42,5.3,24412,13060866.0,2.25,-0.56,-0.03,0.49,13.58,13.21,12.26,7.17,10.19,11.13,10.57,7.36,2.64,2.26,5.42,5.58,7.37,8.94,1.88,3.2,3.2,3.01,3.01,2.64,6.97,4.33,6.21,4.14
2012-06-08,601519,5.34,5.35,5.41,5.31,29935,16035078.0,1.88,0.75,0.04,0.6,12.99,12.05,6.97,9.98,10.92,10.36,7.16,2.45,2.07,2.07,5.34,5.53,7.04,8.69,2.43,2.43,2.24,2.24,1.87,6.17,3.55,5.42,3.36,0.93
2012-06-11,601519,5.38,5.47,5.48,5.35,37308,20232145.0,2.43,2.24,0.12,0.74,11.21,6.17,9.16,10.09,9.53,6.36,1.68,1.31,1.31,1.12,5.37,5.51,6.72,8.48,0.18,0.0,0.0,-0.37,3.84,1.28,3.11,1.1,-1.28,-4.57
2012-06-12,601519,5.47,5.33,5.48,5.31,34891,18721522.0,3.11,-2.56,-0.14,0.7,6.97,9.98,10.92,10.36,7.16,2.45,2.07,2.07,1.88,3.2,5.36,5.48,6.37,8.27,2.63,2.63,2.25,6.57,3.94,5.82,3.75,1.31,-2.06,-2.25
2012-06-13,601519,5.33,5.45,5.47,5.33,31432,17013394.0,2.63,2.25,0.12,0.63,9.57,10.51,9.94,6.75,2.06,1.69,1.69,1.5,2.81,2.81,5.38,5.45,6.02,8.05,0.37,0.0,4.22,1.65,3.49,1.47,-0.92,-4.22,-4.4,-5.14
2012-06-14,601519,5.42,5.4,5.47,5.38,26164,14178472.0,1.65,-0.92,-0.05,0.52,9.48,8.92,5.76,1.12,0.74,0.74,0.56,1.86,1.86,1.67,5.4,5.41,5.67,7.84,0.93,5.19,2.59,4.44,2.41,0.0,-3.33,-3.52,-4.26,-3.15
2012-06-15,601519,5.43,5.38,5.45,5.33,28202,15201744.0,2.22,-0.37,-0.02,0.56,9.94,6.75,2.06,1.69,1.69,1.5,2.81,2.81,2.63,2.63,5.41,5.37,5.61,7.62,5.58,2.97,4.83,2.79,0.37,-2.97,-3.16,-3.9,-2.79,-3.35
2012-06-18,601519,5.4,5.54,5.68,5.37,59891,33357681.0,5.76,2.97,0.16,1.2,5.96,1.3,0.93,0.93,0.74,2.05,2.05,1.86,1.86,1.49,5.42,5.39,5.59,7.4,0.0,1.81,-0.18,-2.53,-5.78,-5.96,-6.68,-5.6,-6.14,-5.42
2012-06-19,601519,5.52,5.49,5.54,5.42,35392,19392449.0,2.17,-0.9,-0.05,0.71,0.37,0.0,0.0,-0.18,1.11,1.11,0.92,0.92,0.55,4.8,5.45,5.41,5.56,7.17,2.73,0.73,-1.64,-4.92,-5.1,-5.83,-4.74,-5.28,-4.55,-4.92
2012-06-20,601519,5.49,5.53,5.64,5.43,39875,22133686.0,3.83,0.73,0.04,0.8,-0.18,-0.18,-0.37,0.92,0.92,0.74,0.74,0.37,4.6,2.03,5.47,5.42,5.54,6.94,0.0,-2.35,-5.61,-5.79,-6.51,-5.42,-5.97,-5.24,-5.61,-6.69
2012-06-21,601519,5.53,5.39,5.53,5.36,34722,18742006.0,3.07,-2.53,-0.14,0.69,1.12,0.93,2.24,2.24,2.05,2.05,1.68,5.97,3.36,5.22,5.47,5.43,5.51,6.72,0.19,-3.15,-3.34,-4.08,-2.97,-3.53,-2.78,-3.15,-4.27,-5.94
2012-06-25,601519,5.37,5.19,5.4,5.18,29428,15497071.0,4.08,-3.71,-0.2,0.59,4.44,5.79,5.79,5.6,5.6,5.21,9.65,6.95,8.88,6.76,5.43,5.42,5.47,6.5,0.58,0.39,-0.39,0.77,0.19,0.96,0.58,-0.58,-2.31,-3.08
2012-06-26,601519,5.17,5.17,5.22,5.1,26140,13486509.0,2.31,-0.39,-0.02,0.52,7.45,7.45,7.25,7.25,6.86,11.37,8.63,10.59,8.43,5.88,5.35,5.39,5.45,6.27,0.77,0.0,1.16,0.58,1.35,0.97,-0.19,-1.93,-2.71,-5.42
2012-06-27,601519,5.17,5.15,5.21,5.13,23979,12389325.0,1.55,-0.39,-0.02,0.48,6.82,6.63,6.63,6.24,10.72,7.99,9.94,7.8,5.26,1.75,5.29,5.37,5.42,6.04,0.39,1.55,0.97,1.75,1.36,0.19,-1.55,-2.33,-5.05,-4.66
2012-06-28,601519,5.17,5.06,5.17,5.05,27983,14306868.0,2.33,-1.75,-0.09,0.56,8.32,8.32,7.92,12.48,9.7,11.68,9.5,6.93,3.37,3.17,5.19,5.33,5.39,5.79,3.36,2.77,3.56,3.16,1.98,0.2,-0.59,-3.36,-2.96,-1.98
2012-06-29,601519,5.04,5.17,5.23,5.0,50025,25530553.0,4.55,2.17,0.11,1.0,9.4,9.0,13.6,10.8,12.8,10.6,8.0,4.4,4.2,3.4,5.15,5.31,5.36,5.55,0.58,1.35,0.97,-0.19,-1.93,-2.71,-5.42,-5.03,-4.06,-4.26
2012-07-02,601519,5.2,5.17,5.2,5.14,35207,18183763.0,1.16,0.0,0.0,0.7,6.03,10.51,7.78,9.73,7.59,5.06,1.56,1.36,0.58,1.75,5.14,5.29,5.33,5.5,1.35,0.97,-0.19,-1.93,-2.71,-5.42,-5.03,-4.06,-4.26,-5.03
2012-07-03,601519,5.16,5.14,5.24,5.09,32568,16811170.0,2.9,-0.58,-0.03,0.65,11.59,8.84,10.81,8.64,6.09,2.55,2.36,1.57,2.75,2.16,5.14,5.25,5.32,5.47,1.56,0.39,-1.36,-2.14,-4.86,-4.47,-3.5,-3.7,-4.47,-7.59
2012-07-04,601519,5.15,5.18,5.22,5.08,37814,19495924.0,2.72,0.78,0.04,0.75,9.06,11.02,8.86,6.3,2.76,2.56,1.77,2.95,2.36,3.15,5.14,5.21,5.31,5.45,-0.39,-2.12,-2.9,-5.6,-5.21,-4.25,-4.44,-5.21,-8.3,-8.11
2012-07-05,601519,5.14,5.02,5.16,5.01,27172,13733508.0,2.9,-3.09,-0.16,0.54,12.57,10.38,7.78,4.19,3.99,3.19,4.39,3.79,4.59,4.19,5.14,5.16,5.29,5.41,1.0,0.2,-2.59,-2.19,-1.2,-1.39,-2.19,-5.38,-5.18,-2.79
2012-07-06,601519,5.07,5.07,5.07,4.85,41790,20865633.0,4.38,1.0,0.05,0.83,14.02,11.34,7.63,7.42,6.6,7.84,7.22,8.04,7.63,6.39,5.12,5.13,5.28,5.38,-0.79,-3.55,-3.16,-2.17,-2.37,-3.16,-6.31,-6.11,-3.75,-3.75
2012-07-09,601519,5.03,4.84,5.03,4.83,25168,12410088.0,3.94,-4.54,-0.23,0.5,11.8,8.07,7.87,7.04,8.28,7.66,8.49,8.07,6.83,4.97,5.05,5.1,5.26,5.35,1.03,1.45,2.48,2.27,1.45,-1.86,-1.65,0.83,0.83,-2.07
2012-07-10,601519,4.84,4.85,4.89,4.82,21804,10571488.0,1.45,0.21,0.01,0.44,8.3,8.09,7.26,8.51,7.88,8.71,8.3,7.05,5.19,4.36,4.99,5.06,5.23,5.32,1.24,2.27,2.06,1.24,-2.06,-1.86,0.62,0.62,-2.27,-3.51
2012-07-11,601519,4.85,4.87,4.91,4.82,15705,7624711.0,1.86,0.41,0.02,0.31,8.09,7.26,8.51,7.88,8.71,8.3,7.05,5.19,4.36,1.45,4.93,5.04,5.2,5.3,1.85,1.64,0.82,-2.46,-2.26,0.21,0.21,-2.67,-3.9,-2.87
2012-07-12,601519,4.85,4.9,4.96,4.78,25816,12604083.0,3.7,0.62,0.03,0.52,8.16,9.41,8.79,9.62,9.21,7.95,6.07,5.23,2.3,2.72,4.91,5.02,5.18,5.27,1.02,0.2,-3.06,-2.86,-0.41,-0.41,-3.27,-4.49,-3.47,-3.47
2012-07-13,601519,4.92,4.91,4.95,4.87,16310,7997727.0,1.63,0.2,0.01,0.33,7.39,6.78,7.6,7.19,5.95,4.11,3.29,0.41,0.82,1.85,4.87,4.99,5.15,5.24,0.0,-3.26,-3.05,-0.61,-0.61,-3.46,-4.68,-3.67,-3.67,2.65
2012-07-16,601519,4.88,4.69,4.91,4.68,34482,16290635.0,4.68,-4.48,-0.22,0.69,11.11,11.97,11.54,10.26,8.33,7.48,4.49,4.91,5.98,5.77,4.84,4.95,5.12,5.2,1.28,1.49,4.05,4.05,1.07,-0.21,0.85,0.85,7.46,2.99
2012-07-17,601519,4.69,4.72,4.75,4.64,13771,6476497.0,2.35,0.64,0.03,0.27,12.93,12.5,11.21,9.27,8.41,5.39,5.82,6.9,6.68,5.82,4.82,4.9,5.08,5.18,0.85,3.39,3.39,0.42,-0.85,0.21,0.21,6.78,2.33,0.42
2012-07-18,601519,4.73,4.75,4.76,4.65,17500,8210728.0,2.33,0.64,0.03,0.35,12.26,10.97,9.03,8.17,5.16,5.59,6.67,6.45,5.59,2.15,4.79,4.86,5.04,5.16,2.74,2.74,-0.21,-1.47,-0.42,-0.42,6.11,1.68,-0.21,-0.63
2012-07-19,601519,4.75,4.8,4.88,4.7,31394,15130458.0,3.79,1.05,0.05,0.63,9.79,7.87,7.02,4.04,4.47,5.53,5.32,4.47,1.06,1.28,4.77,4.84,5.0,5.14,1.67,-1.25,-2.5,-1.46,-1.46,5.0,0.63,-1.25,-1.67,-0.63
2012-07-20,601519,4.78,4.74,4.88,4.73,22554,10833902.0,3.13,-1.25,-0.06,0.45,7.19,6.34,3.38,3.81,4.86,4.65,3.81,0.42,0.63,3.17,4.74,4.81,4.97,5.12,0.0,-1.27,-0.21,-0.21,6.33,1.9,0.0,-0.42,0.63,0.0
2012-07-23,601519,4.7,4.63,4.74,4.6,21467,9975177.0,2.95,-2.32,-0.11,0.43,9.35,6.3,6.74,7.83,7.61,6.74,3.26,3.48,6.09,6.09,4.73,4.79,4.94,5.1,1.08,2.16,2.16,8.86,4.32,2.38,1.94,3.02,2.38,4.75
2012-07-24,601519,4.64,4.66,4.68,4.6,24356,11321980.0,1.73,0.65,0.03,0.49,6.3,6.74,7.83,7.61,6.74,3.26,3.48,6.09,6.09,3.04,4.72,4.77,4.92,5.07,1.5,1.5,8.15,3.65,1.72,1.29,2.36,1.72,4.08,7.3
2012-07-25,601519,4.65,4.69,4.73,4.6,18881,8817987.0,2.79,0.64,0.03,0.38,6.74,7.83,7.61,6.74,3.26,3.48,6.09,6.09,3.04,1.74,4.7,4.75,4.89,5.05,0.85,7.46,2.99,1.07,0.64,1.71,1.07,3.41,6.61,5.33
2012-07-26,601519,4.7,4.62,4.73,4.61,19051,8918294.0,2.56,-1.49,-0.07,0.38,7.59,7.38,6.51,3.04,3.25,5.86,5.86,2.82,1.52,2.6,4.67,4.72,4.87,5.02,9.09,4.55,2.6,2.16,3.25,2.6,4.98,8.23,6.93,6.49
2012-07-27,601519,4.63,4.78,5.04,4.63,49982,24183673.0,8.87,3.46,0.16,1.0,6.91,6.05,2.59,2.81,5.4,5.4,2.38,1.08,2.16,2.16,4.68,4.71,4.85,5.0,1.05,-0.84,-1.26,-0.21,-0.84,1.46,4.6,3.35,2.93,2.09
2012-07-30,601519,4.75,4.64,4.83,4.62,38400,18138711.0,4.39,-2.93,-0.14,0.77,6.28,2.81,3.03,5.63,5.63,2.6,1.3,2.38,2.38,9.09,4.68,4.7,4.82,4.98,2.16,1.72,2.8,2.16,4.53,7.76,6.47,6.03,5.17,4.74
2012-07-31,601519,4.61,4.63,4.74,4.56,22151,10272196.0,3.88,-0.22,-0.01,0.44,4.17,4.39,7.02,7.02,3.95,2.63,3.73,3.73,10.53,5.92,4.67,4.69,4.8,4.95,1.94,3.02,2.38,4.75,7.99,6.7,6.26,5.4,4.97,9.07
2012-08-01,601519,4.6,4.69,4.72,4.57,17848,8340633.0,3.24,1.3,0.06,0.36,4.16,6.78,6.78,3.72,2.41,3.5,3.5,10.28,5.69,3.72,4.67,4.69,4.77,4.92,1.71,1.07,3.41,6.61,5.33,4.9,4.05,3.62,7.68,3.62
2012-08-02,601519,4.68,4.66,4.77,4.63,20435,9557016.0,2.99,-0.64,-0.03,0.41,5.4,5.4,2.38,1.08,2.16,2.16,8.86,4.32,2.38,1.94,4.68,4.67,4.76,4.89,1.72,4.08,7.3,6.01,5.58,4.72,4.29,8.37,4.29,1.5
2012-08-03,601519,4.68,4.73,4.74,4.63,24246,11379323.0,2.36,1.5,0.07,0.48,5.4,2.38,1.08,2.16,2.16,8.86,4.32,2.38,1.94,3.02,4.67,4.67,4.74,4.87,2.54,5.71,4.44,4.02,3.17,2.75,6.77,2.75,0.0,-0.21
2012-08-06,601519,4.71,4.84,4.85,4.68,43339,20727171.0,3.59,2.33,0.11,0.86,1.28,0.0,1.07,1.07,7.69,3.21,1.28,0.85,1.92,1.28,4.71,4.69,4.74,4.86,3.31,2.07,1.65,0.83,0.41,4.34,0.41,-2.27,-2.48,-3.72
2012-08-07,601519,4.83,4.99,5.0,4.79,59785,29176699.0,4.34,3.1,0.15,1.19,-2.3,-1.25,-1.25,5.22,0.84,-1.04,-1.46,-0.42,-1.04,1.25,4.78,4.73,4.75,4.85,-1.0,-1.4,-2.2,-2.61,1.2,-2.61,-5.21,-5.41,-6.61,-5.21
2012-08-08,601519,4.91,4.87,4.94,4.8,61865,30103154.0,2.81,-2.4,-0.12,1.23,-1.46,-1.46,5.0,0.63,-1.25,-1.67,-0.63,-1.25,1.04,4.17,4.82,4.74,4.75,4.84,1.03,0.21,-0.21,3.7,-0.21,-2.87,-3.08,-4.31,-2.87,-3.08
2012-08-09,601519,4.88,4.89,4.92,4.76,63541,30745561.0,3.29,0.41,0.02,1.27,-0.63,5.88,1.47,-0.42,-0.84,0.21,-0.42,1.89,5.04,3.78,4.86,4.77,4.75,4.84,-0.2,-0.61,3.27,-0.61,-3.27,-3.48,-4.7,-3.27,-3.48,-2.86
2012-08-10,601519,4.85,4.86,4.88,4.8,28971,14027961.0,1.64,-0.61,-0.03,0.58,5.0,0.63,-1.25,-1.67,-0.63,-1.25,1.04,4.17,2.92,2.5,4.89,4.78,4.74,4.83,0.0,3.91,0.0,-2.67,-2.88,-4.12,-2.67,-2.88,-2.26,-3.09
2012-08-13,601519,4.86,4.69,4.86,4.68,36675,17534112.0,3.7,-3.5,-0.17,0.73,3.21,1.28,0.85,1.92,1.28,3.63,6.84,5.56,5.13,4.27,4.86,4.78,4.74,4.81,7.68,3.62,0.85,0.64,-0.64,0.85,0.64,1.28,0.43,-1.71
2012-08-14,601519,4.74,4.9,5.05,4.73,119888,58894792.0,6.82,4.48,0.21,2.39,0.21,-0.21,0.85,0.21,2.54,5.71,4.44,4.02,3.17,2.75,4.84,4.81,4.75,4.8,-0.82,-3.47,-3.67,-4.9,-3.47,-3.67,-3.06,-3.88,-5.92,-6.12
2012-08-15,601519,4.86,4.73,4.86,4.71,64478,30700361.0,3.06,-3.47,-0.17,1.29,0.21,1.27,0.64,2.97,6.16,4.88,4.46,3.61,3.18,7.22,4.81,4.82,4.75,4.79,0.0,-0.21,-1.48,0.0,-0.21,0.42,-0.42,-2.54,-2.75,-2.54
2012-08-16,601519,4.73,4.66,4.73,4.59,35806,16663088.0,2.96,-1.48,-0.07,0.71,3.92,3.27,5.66,8.93,7.63,7.19,6.32,5.88,10.02,5.88,4.77,4.82,4.74,4.78,1.29,0.0,1.5,1.29,1.93,1.07,-1.07,-1.29,-1.07,-1.5
2012-08-17,601519,4.61,4.69,4.72,4.61,17989,8417360.0,2.36,0.64,0.03,0.36,2.82,5.21,8.46,7.16,6.72,5.86,5.42,9.54,5.42,2.6,4.73,4.81,4.74,4.76,-0.64,0.85,0.64,1.28,0.43,-1.71,-1.92,-1.71,-2.13,-4.26
2012-08-20,601519,4.66,4.64,4.66,4.54,29741,13709908.0,2.56,-1.07,-0.05,0.59,6.83,10.13,8.81,8.37,7.49,7.05,11.23,7.05,4.19,3.96,4.72,4.79,4.74,4.76,1.94,1.72,2.37,1.51,-0.65,-0.86,-0.65,-1.08,-3.23,-1.72
2012-08-21,601519,4.64,4.68,4.73,4.58,36369,17000087.0,3.23,0.86,0.04,0.73,9.17,7.86,7.42,6.55,6.11,10.26,6.11,3.28,3.06,1.75,4.68,4.76,4.74,4.75,0.85,1.5,0.64,-1.5,-1.71,-1.5,-1.92,-4.06,-2.56,-2.35
2012-08-22,601519,4.67,4.66,4.72,4.63,21882,10222533.0,1.92,-0.43,-0.02,0.44,6.7,6.26,5.4,4.97,9.07,4.97,2.16,1.94,0.65,2.16,4.67,4.74,4.74,4.74,1.93,1.07,-1.07,-1.29,-1.07,-1.5,-3.65,-2.15,-1.93,-2.58
2012-08-23,601519,4.68,4.73,4.75,4.63,31531,14821185.0,2.58,1.5,0.07,0.63,6.26,5.4,4.97,9.07,4.97,2.16,1.94,0.65,2.16,1.94,4.68,4.72,4.75,4.74,-0.42,-2.54,-2.75,-2.54,-2.96,-5.07,-3.59,-3.38,-4.02,-2.96
2012-08-24,601519,4.71,4.62,4.71,4.61,33046,15369017.0,2.11,-2.33,-0.11,0.66,5.86,5.42,9.54,5.42,2.6,2.39,1.08,2.6,2.39,3.04,4.67,4.7,4.74,4.73,-0.22,-0.43,-0.22,-0.65,-2.81,-1.3,-1.08,-1.73,-0.65,4.76
2012-08-27,601519,4.58,4.54,4.61,4.52,21360,9712239.0,1.95,-1.73,-0.08,0.43,7.52,11.73,7.52,4.65,4.42,3.1,4.65,4.42,5.09,4.2,4.65,4.68,4.73,4.72,1.32,1.54,1.1,-1.1,0.44,0.66,0.0,1.1,6.61,7.93
2012-08-28,601519,4.54,4.56,4.6,4.51,21371,9745324.0,1.98,0.44,0.02,0.43,11.97,7.76,4.88,4.66,3.33,4.88,4.66,5.32,4.43,2.22,4.62,4.65,4.73,4.72,1.1,0.66,-1.54,0.0,0.22,-0.44,0.66,6.14,7.46,6.8
2012-08-29,601519,4.55,4.54,4.61,4.52,17839,8143249.0,1.97,-0.44,-0.02,0.36,7.52,4.65,4.42,3.1,4.65,4.42,5.09,4.2,1.99,1.77,4.6,4.63,4.72,4.71,1.1,-1.1,0.44,0.66,0.0,1.1,6.61,7.93,7.27,7.49
2012-08-30,601519,4.52,4.47,4.59,4.43,28369,12740153.0,3.52,-1.54,-0.07,0.57,6.77,6.55,5.19,6.77,6.55,7.22,6.32,4.06,3.84,4.06,4.55,4.61,4.71,4.7,0.45,2.01,2.24,1.57,2.68,8.28,9.62,8.95,9.17,10.51
2012-08-31,601519,4.45,4.47,4.49,4.43,14765,6590777.0,1.34,0.0,0.0,0.29,6.55,5.19,6.77,6.55,7.22,6.32,4.06,3.84,4.06,3.61,4.52,4.59,4.7,4.69,2.01,2.24,1.57,2.68,8.28,9.62,8.95,9.17,10.51,8.5
2012-09-03,601519,4.49,4.52,4.56,4.46,18988,8556066.0,2.24,1.12,0.05,0.38,4.48,6.05,5.83,6.5,5.61,3.36,3.14,3.36,2.91,0.67,4.51,4.58,4.69,4.69,1.11,0.44,1.55,7.08,8.41,7.74,7.96,9.29,7.3,7.74
2012-09-04,601519,4.52,4.46,4.57,4.45,16208,7315406.0,2.65,-1.33,-0.06,0.32,6.29,6.07,6.74,5.84,3.6,3.37,3.6,3.15,0.9,2.47,4.49,4.56,4.66,4.68,1.79,2.91,8.52,9.87,9.19,9.42,10.76,8.74,9.19,4.26
2012-09-05,601519,4.45,4.51,4.54,4.42,20237,9073657.0,2.69,1.12,0.05,0.4,6.79,7.47,6.56,4.3,4.07,4.3,3.85,1.58,3.17,3.39,4.49,4.54,4.64,4.68,1.77,7.32,8.65,7.98,8.2,9.53,7.54,7.98,3.1,3.99
2012-09-06,601519,4.51,4.58,4.59,4.48,22919,10399229.0,2.44,1.55,0.07,0.46,6.03,5.13,2.9,2.68,2.9,2.46,0.22,1.79,2.01,1.34,4.51,4.53,4.63,4.67,5.68,6.99,6.33,6.55,7.86,5.9,6.33,1.53,2.4,0.44
2012-09-07,601519,4.6,4.75,4.84,4.6,84764,40188134.0,5.24,3.71,0.17,1.69,2.39,0.22,0.0,0.22,-0.22,-2.39,-0.87,-0.65,-1.3,-0.22,4.56,4.54,4.62,4.67,3.16,2.53,2.74,4.0,2.11,2.53,-2.11,-1.26,-3.16,-6.11
2012-09-10,601519,4.73,4.76,4.9,4.71,67526,32430940.0,4.0,0.21,0.01,1.35,-2.12,-2.34,-2.12,-2.55,-4.67,-3.18,-2.97,-3.61,-2.55,2.76,4.61,4.56,4.62,4.68,2.31,2.52,3.78,1.89,2.31,-2.31,-1.47,-3.36,-6.3,-6.51
2012-09-11,601519,4.75,4.83,4.87,4.72,51006,24514309.0,3.15,1.47,0.07,1.02,-2.54,-2.33,-2.75,-4.87,-3.39,-3.18,-3.81,-2.75,2.54,3.81,4.69,4.59,4.62,4.68,1.04,2.28,0.41,0.83,-3.73,-2.9,-4.76,-7.66,-7.87,-8.07
2012-09-12,601519,4.83,4.8,4.88,4.74,38184,18336145.0,2.9,-0.62,-0.03,0.76,-2.74,-3.16,-5.27,-3.8,-3.59,-4.22,-3.16,2.11,3.38,2.74,4.74,4.61,4.62,4.69,2.92,1.04,1.46,-3.12,-2.29,-4.17,-7.08,-7.29,-7.5,-8.54
2012-09-13,601519,4.81,4.8,4.94,4.72,67557,32586451.0,4.58,0.0,0.0,1.35,-2.75,-4.87,-3.39,-3.18,-3.81,-2.75,2.54,3.81,3.18,3.39,4.79,4.65,4.63,4.69,1.04,1.46,-3.12,-2.29,-4.17,-7.08,-7.29,-7.5,-8.54,-6.67
2012-09-14,601519,4.83,4.76,4.85,4.75,48502,23302201.0,2.08,-0.83,-0.04,0.97,-5.47,-4.0,-3.79,-4.42,-3.37,1.89,3.16,2.53,2.74,4.0,4.79,4.68,4.63,4.69,2.31,-2.31,-1.47,-3.36,-6.3,-6.51,-6.72,-7.77,-5.88,-5.88
2012-09-17,601519,4.8,4.62,4.87,4.6,53683,25326688.0,5.67,-2.94,-0.14,1.07,-0.87,-0.65,-1.3,-0.22,5.22,6.52,5.87,6.09,7.39,5.43,4.76,4.69,4.63,4.69,0.65,1.52,-0.43,-3.46,-3.68,-3.9,-4.98,-3.03,-3.03,-2.16
2012-09-18,601519,4.62,4.58,4.65,4.54,23829,10894923.0,2.38,-0.87,-0.04,0.48,0.66,0.0,1.1,6.61,7.93,7.27,7.49,8.81,6.83,7.27,4.71,4.7,4.63,4.67,2.4,0.44,-2.62,-2.84,-3.06,-4.15,-2.18,-2.18,-1.31,0.0
2012-09-19,601519,4.58,4.62,4.69,4.57,29635,13731157.0,2.62,0.87,0.04,0.59,-0.66,0.44,5.91,7.22,6.56,6.78,8.1,6.13,6.56,1.75,4.68,4.71,4.63,4.66,-0.43,-3.46,-3.68,-3.9,-4.98,-3.03,-3.03,-2.16,-0.87,-0.43
2012-09-20,601519,4.6,4.44,4.6,4.42,38527,17330430.0,3.9,-3.9,-0.18,0.77,3.85,9.5,10.86,10.18,10.41,11.76,9.73,10.18,5.2,6.11,4.6,4.7,4.61,4.65,0.45,0.23,0.0,-1.13,0.9,0.9,1.8,3.15,3.6,13.74
2012-09-21,601519,4.4,4.37,4.46,4.35,23606,10416191.0,2.48,-1.58,-0.07,0.47,11.26,12.64,11.95,12.18,13.56,11.49,11.95,6.9,7.82,5.75,4.53,4.66,4.6,4.63,1.83,1.6,0.46,2.52,2.52,3.43,4.81,5.26,15.56,13.96
2012-09-24,601519,4.37,4.41,4.45,4.32,14366,6296173.0,2.97,0.92,0.04,0.29,13.43,12.73,12.96,14.35,12.27,12.73,7.64,8.56,6.48,3.24,4.48,4.62,4.59,4.62,0.68,-0.45,1.59,1.59,2.49,3.85,4.31,14.51,12.93,10.88
2012-09-25,601519,4.4,4.38,4.44,4.36,10031,4406991.0,1.81,-0.68,-0.03,0.2,11.7,11.93,13.3,11.24,11.7,6.65,7.57,5.5,2.29,2.06,4.44,4.58,4.58,4.61,0.23,2.28,2.28,3.2,4.57,5.02,15.3,13.7,11.64,10.27
2012-09-26,601519,4.38,4.34,4.39,4.31,21668,9400933.0,1.83,-0.91,-0.04,0.43,13.23,14.62,12.53,12.99,7.89,8.82,6.73,3.48,3.25,3.02,4.39,4.53,4.57,4.59,3.23,3.23,4.15,5.53,5.99,16.36,14.75,12.67,11.29,9.68
2012-09-27,601519,4.34,4.39,4.48,4.34,40531,17898172.0,3.23,1.15,0.05,0.81,13.82,11.75,12.21,7.14,8.06,5.99,2.76,2.53,2.3,1.15,4.38,4.49,4.57,4.58,2.05,2.96,4.33,4.78,15.03,13.44,11.39,10.02,8.43,8.88
2012-09-28,601519,4.38,4.46,4.48,4.36,25030,11104242.0,2.73,1.59,0.07,0.5,11.24,11.7,6.65,7.57,5.5,2.29,2.06,1.83,0.69,2.75,4.4,4.46,4.57,4.58,1.35,2.69,3.14,13.23,11.66,9.64,8.3,6.73,7.17,9.19
2012-10-08,601519,4.47,4.44,4.52,4.42,18521,8265942.0,2.24,-0.45,-0.02,0.37,10.18,5.2,6.11,4.07,0.9,0.68,0.45,-0.68,1.36,1.36,4.4,4.44,4.56,4.57,3.15,3.6,13.74,12.16,10.14,8.78,7.21,7.66,9.68,7.43
2012-10-09,601519,4.44,4.58,4.58,4.44,37676,17114276.0,3.15,3.15,0.14,0.75,4.73,5.63,3.6,0.45,0.23,0.0,-1.13,0.9,0.9,1.8,4.44,4.44,4.57,4.57,0.44,10.26,8.73,6.77,5.46,3.93,4.37,6.33,4.15,4.37
2012-10-10,601519,4.57,4.59,4.6,4.52,25160,11491613.0,1.75,0.22,0.01,0.5,3.76,1.77,-1.33,-1.55,-1.77,-2.88,-0.88,-0.88,0.0,1.33,4.49,4.44,4.57,4.56,10.02,8.5,6.54,5.23,3.7,4.14,6.1,3.92,4.14,2.83
2012-10-11,601519,4.57,5.05,5.05,4.55,410182,205928174.0,10.89,10.02,0.46,8.18,1.1,-1.98,-2.2,-2.42,-3.52,-1.54,-1.54,-0.66,0.66,1.1,4.62,4.5,4.6,4.57,-1.39,-3.17,-4.36,-5.74,-5.35,-3.56,-5.54,-5.35,-6.53,-7.13
2012-10-12,601519,4.84,4.96,4.98,4.78,278684,136411881.0,3.96,-1.78,-0.09,5.56,-6.69,-6.9,-7.11,-8.16,-6.28,-6.28,-5.44,-4.18,-3.77,5.65,4.72,4.56,4.61,4.59,-1.41,-2.62,-4.03,-3.63,-1.81,-3.83,-3.63,-4.84,-5.44,-6.25
2012-10-15,601519,4.85,4.76,4.89,4.63,146955,69635753.0,5.24,-4.03,-0.2,2.93,-3.89,-4.1,-5.18,-3.24,-3.24,-2.38,-1.08,-0.65,9.07,7.56,4.79,4.59,4.61,4.59,1.47,0.0,0.42,2.31,0.21,0.42,-0.84,-1.47,-2.31,-5.88
2012-10-16,601519,4.72,4.74,4.83,4.68,91283,43326950.0,3.15,-0.42,-0.02,1.82,-5.13,-6.2,-4.27,-4.27,-3.42,-2.14,-1.71,7.91,6.41,4.49,4.82,4.63,4.6,4.6,0.42,0.84,2.74,0.63,0.84,-0.42,-1.05,-1.9,-5.49,-5.7
2012-10-17,601519,4.74,4.69,4.76,4.61,79006,36989796.0,3.16,-1.05,-0.05,1.58,-4.77,-2.82,-2.82,-1.95,-0.65,-0.22,9.54,8.03,6.07,4.77,4.84,4.67,4.6,4.6,1.92,3.84,1.71,1.92,0.64,0.0,-0.85,-4.48,-4.69,-4.9
2012-10-18,601519,4.69,4.75,4.78,4.66,74461,35249220.0,2.56,1.28,0.06,1.49,-3.86,-3.86,-3.0,-1.72,-1.29,8.37,6.87,4.94,3.65,2.15,4.78,4.7,4.6,4.61,2.53,0.42,0.63,-0.63,-1.26,-2.11,-5.68,-5.89,-6.11,-4.21
2012-10-19,601519,4.75,4.76,4.87,4.71,110000,52739948.0,3.37,0.21,0.01,2.19,-4.88,-4.03,-2.76,-2.34,7.22,5.73,3.82,2.55,1.06,1.49,4.74,4.73,4.6,4.62,0.21,0.42,-0.84,-1.47,-2.31,-5.88,-6.09,-6.3,-4.41,-3.57
2012-10-22,601519,4.72,4.75,4.77,4.67,48408,22802146.0,2.1,-0.21,-0.01,0.97,-3.21,-1.93,-1.5,8.14,6.64,4.71,3.43,1.93,2.36,4.28,4.74,4.76,4.6,4.63,0.63,-0.63,-1.26,-2.11,-5.68,-5.89,-6.11,-4.21,-3.37,-1.26
2012-10-23,601519,4.75,4.67,4.78,4.65,53497,25111655.0,2.74,-1.68,-0.08,1.07,-1.51,-1.08,8.6,7.1,5.16,3.87,2.37,2.8,4.73,2.58,4.72,4.77,4.61,4.64,1.07,0.43,-0.43,-4.07,-4.28,-4.5,-2.57,-1.71,0.43,1.07
2012-10-24,601519,4.63,4.64,4.72,4.61,43060,20088185.0,2.36,-0.64,-0.03,0.86,-0.22,9.54,8.03,6.07,4.77,3.25,3.69,5.64,3.47,3.69,4.71,4.78,4.61,4.64,1.08,0.22,-3.45,-3.66,-3.88,-1.94,-1.08,1.08,1.72,-1.51
2012-10-25,601519,4.63,4.64,4.69,4.63,54476,25381412.0,1.29,0.0,0.0,1.09,9.07,7.56,5.62,4.32,2.81,3.24,5.18,3.02,3.24,1.94,4.69,4.74,4.62,4.64,0.22,-3.45,-3.66,-3.88,-1.94,-1.08,1.08,1.72,-1.51,-3.02
2012-10-26,601519,4.61,4.46,4.65,4.43,78194,35094299.0,4.74,-3.88,-0.18,1.56,12.42,10.38,9.03,7.45,7.9,9.93,7.67,7.9,6.55,5.87,4.63,4.69,4.62,4.63,0.45,0.22,0.0,2.02,2.91,5.16,5.83,2.47,0.9,-0.67
2012-10-29,601519,4.48,4.42,4.48,4.36,25763,11363559.0,2.69,-0.9,-0.04,0.51,12.16,10.78,9.17,9.63,11.7,9.4,9.63,8.26,7.57,6.65,4.57,4.65,4.62,4.62,1.13,0.9,2.94,3.85,6.11,6.79,3.39,1.81,0.23,0.0
2012-10-30,601519,4.42,4.43,4.47,4.4,18010,7987217.0,1.58,0.23,0.01,0.36,9.77,8.18,8.64,10.68,8.41,8.64,7.27,6.59,5.68,1.82,4.52,4.62,4.63,4.61,0.68,2.71,3.61,5.87,6.55,3.16,1.58,0.0,-0.23,-0.68
2012-10-31,601519,4.43,4.46,4.46,4.4,19428,8619793.0,1.35,0.68,0.03,0.39,8.18,8.64,10.68,8.41,8.64,7.27,6.59,5.68,1.82,1.59,4.48,4.6,4.63,4.6,2.02,2.91,5.16,5.83,2.47,0.9,-0.67,-0.9,-1.35,-1.57
2012-11-01,601519,4.47,4.54,4.55,4.44,41025,18533165.0,2.47,1.79,0.08,0.82,7.66,9.68,7.43,7.66,6.31,5.63,4.73,0.9,0.68,0.45,4.46,4.58,4.64,4.59,1.1,3.3,3.96,0.66,-0.88,-2.42,-2.64,-3.08,-3.3,-3.96
2012-11-02,601519,4.54,4.54,4.59,4.49,25976,11747552.0,2.2,0.0,0.0,0.52,8.46,6.24,6.46,5.12,4.45,3.56,-0.22,-0.45,-0.67,1.34,4.48,4.55,4.64,4.58,3.3,3.96,0.66,-0.88,-2.42,-2.64,-3.08,-3.3,-3.96,-5.73
2012-11-05,601519,4.53,4.63,4.69,4.53,60593,28002751.0,3.52,1.98,0.09,1.21,5.3,5.52,4.19,3.53,2.65,-1.1,-1.32,-1.55,0.44,1.32,4.52,4.54,4.65,4.58,1.94,-1.3,-2.81,-4.32,-4.54,-4.97,-5.18,-5.83,-7.56,-9.94
2012-11-06,601519,4.71,4.55,4.72,4.46,44867,20452885.0,5.62,-1.73,-0.08,0.9,7.17,5.83,5.16,4.26,0.45,0.22,0.0,2.02,2.91,5.16,4.54,4.53,4.65,4.58,0.44,-1.1,-2.64,-2.86,-3.3,-3.52,-4.18,-5.93,-8.35,-8.13
2012-11-07,601519,4.57,4.5,4.57,4.45,22859,10302290.0,2.64,-1.1,-0.05,0.46,6.07,5.39,4.49,0.67,0.45,0.22,2.25,3.15,5.39,6.07,4.55,4.52,4.65,4.58,0.0,-1.56,-1.78,-2.22,-2.44,-3.11,-4.89,-7.33,-7.11,-6.22
2012-11-08,601519,4.5,4.38,4.5,4.38,23797,10535695.0,2.67,-2.67,-0.12,0.47,7.08,6.16,2.28,2.05,1.83,3.88,4.79,7.08,7.76,4.34,4.52,4.49,4.61,4.58,1.14,0.91,0.46,0.23,-0.46,-2.28,-4.79,-4.57,-3.65,-4.11
2012-11-09,601519,4.37,4.38,4.43,4.36,16621,7301987.0,1.6,0.0,0.0,0.33,6.65,2.75,2.52,2.29,4.36,5.28,7.57,8.26,4.82,3.21,4.49,4.48,4.58,4.58,0.91,0.46,0.23,-0.46,-2.28,-4.79,-4.57,-3.65,-4.11,-4.34
2012-11-12,601519,4.4,4.39,4.42,4.38,13465,5918997.0,0.91,0.23,0.01,0.27,2.28,2.05,1.83,3.88,4.79,7.08,7.76,4.34,2.74,1.14,4.44,4.48,4.57,4.58,0.23,0.0,-0.68,-2.51,-5.01,-4.78,-3.87,-4.33,-4.56,-5.01
2012-11-13,601519,4.4,4.36,4.4,4.33,20050,8732877.0,1.59,-0.68,-0.03,0.4,3.23,3.0,5.08,6.0,8.31,9.01,5.54,3.93,2.31,2.08,4.4,4.47,4.55,4.57,0.69,0.0,-1.83,-4.36,-4.13,-3.21,-3.67,-3.9,-4.36,-5.96
2012-11-14,601519,4.36,4.36,4.39,4.31,14033,6095413.0,1.83,0.0,0.0,0.28,3.48,5.57,6.5,8.82,9.51,6.03,4.41,2.78,2.55,2.09,4.37,4.46,4.53,4.58,0.0,-1.83,-4.36,-4.13,-3.21,-3.67,-3.9,-4.36,-5.96,-10.09
2012-11-15,601519,4.36,4.28,4.36,4.28,16933,7310231.0,1.83,-1.83,-0.08,0.34,6.31,7.24,9.58,10.28,6.78,5.14,3.5,3.27,2.8,2.57,4.35,4.44,4.51,4.57,0.0,-2.57,-2.34,-1.4,-1.87,-2.1,-2.57,-4.21,-8.41,-9.58
2012-11-16,601519,4.28,4.11,4.28,4.06,45614,18853512.0,5.14,-3.97,-0.17,0.91,13.05,15.52,16.26,12.56,10.84,9.11,8.87,8.37,8.13,7.39,4.3,4.39,4.47,4.56,1.46,1.7,2.68,2.19,1.95,1.46,-0.24,-4.62,-5.84,-6.33
2012-11-19,601519,4.12,4.16,4.17,4.06,22492,9271498.0,2.68,1.22,0.05,0.45,15.52,16.26,12.56,10.84,9.11,8.87,8.37,8.13,7.39,5.42,4.25,4.35,4.44,4.55,0.48,1.44,0.96,0.72,0.24,-1.44,-5.77,-6.97,-7.45,-7.45
2012-11-20,601519,4.17,4.17,4.18,4.12,19968,8309281.0,1.44,0.24,0.01,0.4,14.56,10.92,9.22,7.52,7.28,6.8,6.55,5.83,3.88,1.21,4.22,4.31,4.42,4.54,1.2,0.72,0.48,0.0,-1.68,-6.0,-7.19,-7.67,-7.67,-7.91
2012-11-21,601519,4.18,4.21,4.22,4.13,20304,8470474.0,2.16,0.96,0.04,0.41,10.65,8.96,7.26,7.02,6.54,6.3,5.57,3.63,0.97,1.21,4.19,4.28,4.4,4.52,-0.24,-0.48,-0.95,-2.61,-6.89,-8.08,-8.55,-8.55,-8.79,-2.85
2012-11-22,601519,4.2,4.14,4.2,4.14,11770,4896918.0,1.43,-1.66,-0.07,0.23,8.7,7.0,6.76,6.28,6.04,5.31,3.38,0.72,0.97,1.93,4.16,4.26,4.37,4.49,1.21,0.72,-0.97,-5.31,-6.52,-7.0,-7.0,-7.25,-1.21,-3.38
2012-11-23,601519,4.12,4.14,4.19,4.12,12320,5128863.0,1.69,0.0,0.0,0.25,7.52,7.28,6.8,6.55,5.83,3.88,1.21,1.46,2.43,1.94,4.16,4.23,4.36,4.47,0.72,-0.97,-5.31,-6.52,-7.0,-7.0,-7.25,-1.21,-3.38,-2.42
2012-11-26,601519,4.17,4.1,4.17,4.09,12104,4977339.0,1.93,-0.97,-0.04,0.24,8.07,7.58,7.33,6.6,4.65,1.96,2.2,3.18,2.69,2.44,4.15,4.2,4.34,4.44,0.0,-4.39,-5.61,-6.1,-6.1,-6.34,-0.24,-2.44,-1.46,0.49
2012-11-27,601519,4.06,3.93,4.1,3.89,23256,9238629.0,5.12,-4.15,-0.17,0.46,13.11,12.85,12.08,10.03,7.2,7.46,8.48,7.97,7.71,7.2,4.1,4.16,4.32,4.42,-0.25,-1.53,-2.04,-2.04,-2.29,4.07,1.78,2.8,4.83,9.41
2012-11-28,601519,3.92,3.81,3.92,3.79,26137,10047186.0,3.31,-3.05,-0.12,0.52,15.83,15.04,12.93,10.03,10.29,11.35,10.82,10.55,10.03,8.18,4.02,4.1,4.28,4.39,1.57,1.05,1.05,0.79,7.35,4.99,6.04,8.14,12.86,7.87
2012-11-29,601519,3.8,3.8,3.87,3.76,16743,6395845.0,2.89,-0.26,-0.01,0.33,15.96,13.83,10.9,11.17,12.23,11.7,11.44,10.9,9.04,4.26,3.96,4.06,4.25,4.36,1.32,1.32,1.05,7.63,5.26,6.32,8.42,13.16,8.16,7.63
2012-11-30,601519,3.82,3.82,3.85,3.7,12383,4702957.0,3.95,0.53,0.02,0.25,15.68,12.7,12.97,14.05,13.51,13.24,12.7,10.81,5.95,4.59,3.89,4.03,4.21,4.33,0.79,0.52,7.07,4.71,5.76,7.85,12.57,7.59,7.07,11.26
2012-12-03,601519,3.81,3.78,3.85,3.77,14532,5530072.0,2.09,-1.05,-0.04,0.29,10.61,10.88,11.94,11.41,11.14,10.61,8.75,3.98,2.65,2.12,3.83,3.99,4.17,4.29,1.59,8.2,5.82,6.88,8.99,13.76,8.73,8.2,12.43,13.23
2012-12-04,601519,3.79,3.83,3.84,3.71,16636,6276798.0,3.44,1.32,0.05,0.33,12.67,13.75,13.21,12.94,12.4,10.51,5.66,4.31,3.77,3.77,3.81,3.96,4.13,4.27,6.79,4.44,5.48,7.57,12.27,7.31,6.79,10.97,11.75,14.36
2012-12-05,601519,3.83,3.99,4.09,3.8,55417,22084502.0,7.57,4.18,0.16,1.11,11.05,10.53,10.26,9.74,7.89,3.16,1.84,1.32,1.32,1.05,3.84,3.93,4.11,4.24,0.25,1.25,3.26,7.77,3.01,2.51,6.52,7.27,9.77,7.02
2012-12-06,601519,3.99,3.95,4.0,3.88,30019,11833233.0,3.01,-1.0,-0.04,0.6,8.25,7.99,7.47,5.67,1.03,-0.26,-0.77,-0.77,-1.03,5.41,3.87,3.91,4.09,4.22,2.28,4.3,8.86,4.05,3.54,7.59,8.35,10.89,8.1,7.09
2012-12-07,601519,3.94,4.02,4.04,3.91,41282,16501811.0,3.29,1.77,0.07,0.82,7.16,6.65,4.86,0.26,-1.02,-1.53,-1.53,-1.79,4.6,2.3,3.91,3.9,4.07,4.21,2.49,6.97,2.24,1.74,5.72,6.47,8.96,6.22,5.22,6.72
2012-12-10,601519,4.06,4.1,4.12,4.04,40737,16620085.0,1.99,1.99,0.08,0.81,3.22,1.49,-2.97,-4.21,-4.7,-4.7,-4.95,1.24,-0.99,0.0,3.98,3.9,4.05,4.2,4.88,0.24,-0.24,3.66,4.39,6.83,4.15,3.17,4.63,3.41
2012-12-11,601519,4.1,4.09,4.3,4.06,53885,22492494.0,5.85,-0.24,-0.01,1.08,0.99,-3.45,-4.68,-5.17,-5.17,-5.42,0.74,-1.48,-0.49,1.48,4.03,3.92,4.04,4.18,0.49,0.0,3.91,4.65,7.09,4.4,3.42,4.89,3.67,6.6
2012-12-12,601519,4.07,4.09,4.11,4.02,31911,12968320.0,2.2,0.0,0.0,0.64,-2.49,-3.73,-4.23,-4.23,-4.48,1.74,-0.5,0.5,2.49,6.97,4.05,3.95,4.03,4.17,0.0,3.91,4.65,7.09,4.4,3.42,4.89,3.67,6.6,9.29
2012-12-13,601519,4.09,4.01,4.09,3.99,25777,10409170.0,2.44,-1.96,-0.08,0.51,-3.01,-3.51,-3.51,-3.76,2.51,0.25,1.25,3.26,7.77,3.01,4.06,3.97,4.01,4.15,5.99,6.73,9.23,6.48,5.49,6.98,5.74,8.73,11.47,10.72
2012-12-14,601519,4.03,4.22,4.25,4.0,87930,36566882.0,6.23,5.24,0.21,1.75,-3.75,-3.75,-4.0,2.25,0.0,1.0,3.0,7.5,2.75,2.25,4.1,4.01,4.02,4.14,1.42,3.79,1.18,0.24,1.66,0.47,3.32,5.92,5.21,4.5
2012-12-17,601519,4.19,4.23,4.28,4.18,60586,25605113.0,2.37,0.24,0.01,1.21,-7.89,-8.13,-2.15,-4.31,-3.35,-1.44,2.87,-1.67,-2.15,1.67,4.13,4.05,4.02,4.13,3.55,0.95,0.0,1.42,0.24,3.07,5.67,4.96,4.26,5.44
2012-12-18,601519,4.22,4.23,4.38,4.18,62171,26503655.0,4.73,0.0,0.0,1.24,-8.13,-2.15,-4.31,-3.35,-1.44,2.87,-1.67,-2.15,1.67,2.39,4.16,4.09,4.02,4.12,0.95,0.0,1.42,0.24,3.07,5.67,4.96,4.26,5.44,6.15
2012-12-19,601519,4.22,4.23,4.27,4.18,41139,17368453.0,2.13,0.0,0.0,0.82,-2.15,-4.31,-3.35,-1.44,2.87,-1.67,-2.15,1.67,2.39,4.78,4.18,4.12,4.03,4.11,0.0,1.42,0.24,3.07,5.67,4.96,4.26,5.44,6.15,5.44
2012-12-20,601519,4.2,4.21,4.23,4.13,40237,16849617.0,2.36,-0.47,-0.02,0.8,-3.15,-2.18,-0.24,4.12,-0.48,-0.97,2.91,3.63,6.05,3.39,4.22,4.14,4.03,4.1,1.9,0.71,3.56,6.18,5.46,4.75,5.94,6.65,5.94,6.65
2012-12-21,601519,4.22,4.2,4.29,4.19,41580,17578861.0,2.38,-0.24,-0.01,0.83,-3.58,-1.67,2.63,-1.91,-2.39,1.43,2.15,4.53,1.91,0.95,4.22,4.16,4.03,4.1,0.95,3.81,6.43,5.71,5.0,6.19,6.9,6.19,6.9,8.1
2012-12-24,601519,4.19,4.2,4.24,4.18,27174,11438553.0,1.43,0.0,0.0,0.54,-1.44,2.87,-1.67,-2.15,1.67,2.39,4.78,2.15,1.2,2.63,4.21,4.17,4.04,4.09,3.81,6.43,5.71,5.0,6.19,6.9,6.19,6.9,8.1,10.71
2012-12-25,601519,4.2,4.32,4.36,4.18,63987,27473318.0,4.29,2.86,0.12,1.28,2.87,-1.67,-2.15,1.67,2.39,4.78,2.15,1.2,2.63,1.44,4.23,4.19,4.06,4.09,3.47,2.78,2.08,3.24,3.94,3.24,3.94,5.09,7.64,5.09
2012-12-26,601519,4.32,4.39,4.47,4.31,58728,25730046.0,3.7,1.62,0.07,1.17,-4.64,-5.1,-1.39,-0.7,1.62,-0.93,-1.86,-0.46,-1.62,1.16,4.26,4.22,4.09,4.09,1.14,0.46,1.59,2.28,1.59,2.28,3.42,5.92,3.42,3.64
2012-12-27,601519,4.39,4.35,4.44,4.33,56183,24651400.0,2.51,-0.91,-0.04,1.12,-5.54,-1.85,-1.15,1.15,-1.39,-2.31,-0.92,-2.08,0.69,3.23,4.29,4.26,4.11,4.09,1.38,2.53,3.22,2.53,3.22,4.37,6.9,4.37,4.6,7.59
2012-12-28,601519,4.36,4.41,4.41,4.33,31233,13650710.0,1.84,1.38,0.06,0.62,-1.85,-1.15,1.15,-1.39,-2.31,-0.92,-2.08,0.69,3.23,2.54,4.33,4.28,4.14,4.1,1.13,1.81,1.13,1.81,2.95,5.44,2.95,3.17,6.12,4.76
2012-12-31,601519,4.43,4.43,4.46,4.38,43585,19254380.0,1.81,0.45,0.02,0.87,-2.28,0.0,-2.51,-3.42,-2.05,-3.2,-0.46,2.05,1.37,0.68,4.38,4.3,4.17,4.11,1.35,0.68,1.35,2.48,4.97,2.48,2.71,5.64,4.29,4.29
2013-01-04,601519,4.46,4.4,4.49,4.38,36983,16383157.0,2.48,-0.68,-0.03,0.74,0.0,-2.51,-3.42,-2.05,-3.2,-0.46,2.05,1.37,0.68,1.83,4.4,4.31,4.2,4.12,1.36,2.05,3.18,5.68,3.18,3.41,6.36,5.0,5.0,4.77
2013-01-07,601519,4.42,4.45,4.46,4.38,31947,14119880.0,1.82,1.14,0.05,0.64,-2.51,-3.42,-2.05,-3.2,-0.46,2.05,1.37,0.68,1.83,2.51,4.41,4.34,4.23,4.13,0.9,2.02,4.49,2.02,2.25,5.17,3.82,3.82,3.6,3.37
2013-01-08,601519,4.45,4.47,4.49,4.38,48395,21485719.0,2.47,0.45,0.02,0.97,-3.42,-2.05,-3.2,-0.46,2.05,1.37,0.68,1.83,2.51,1.83,4.43,4.36,4.25,4.14,1.57,4.03,1.57,1.79,4.7,3.36,3.36,3.13,2.91,3.58
2013-01-09,601519,4.5,4.46,4.54,4.43,57148,25611583.0,2.46,-0.22,-0.01,1.14,-3.16,-4.29,-1.58,0.9,0.23,-0.45,0.68,1.35,0.68,1.35,4.44,4.39,4.27,4.15,4.26,1.79,2.02,4.93,3.59,3.59,3.36,3.14,3.81,0.9
2013-01-10,601519,4.45,4.56,4.65,4.43,127858,58274759.0,4.93,2.24,0.1,2.55,-4.29,-1.58,0.9,0.23,-0.45,0.68,1.35,0.68,1.35,2.48,4.47,4.42,4.3,4.17,-0.44,-0.22,2.63,1.32,1.32,1.1,0.88,1.54,-1.32,-0.22
2013-01-11,601519,4.51,4.38,4.54,4.35,77649,34589039.0,4.17,-3.95,-0.18,1.55,0.23,2.76,2.07,1.38,2.53,3.22,2.53,3.22,4.37,6.9,4.46,4.43,4.31,4.18,3.88,6.85,5.48,5.48,5.25,5.02,5.71,2.74,3.88,1.6
2013-01-14,601519,4.35,4.51,4.55,4.33,79672,35515787.0,5.02,2.97,0.13,1.59,3.23,2.54,1.85,3.0,3.7,3.0,3.7,4.85,7.39,4.85,4.48,4.44,4.33,4.2,3.77,2.44,2.44,2.22,2.0,2.66,-0.22,0.89,-1.33,-0.44
2013-01-15,601519,4.51,4.6,4.68,4.48,100689,46406875.0,4.43,2.0,0.09,2.01,-0.89,-1.56,-0.45,0.22,-0.45,0.22,1.34,3.79,1.34,1.56,4.5,4.47,4.36,4.23,0.43,0.43,0.22,0.0,0.65,-2.17,-1.09,-3.26,-2.39,-2.17
2013-01-16,601519,4.6,4.56,4.62,4.5,57826,26363967.0,2.61,-0.87,-0.04,1.15,-2.0,-0.89,-0.22,-0.89,-0.22,0.89,3.33,0.89,1.11,4.0,4.52,4.48,4.38,4.26,1.32,1.1,0.88,1.54,-1.32,-0.22,-2.41,-1.54,-1.32,8.11
2013-01-17,601519,4.56,4.54,4.62,4.49,47235,21439370.0,2.85,-0.44,-0.02,0.94,-0.67,0.0,-0.67,0.0,1.11,3.56,1.11,1.34,4.23,2.9,4.52,4.49,4.39,4.28,1.54,1.32,1.98,-0.88,0.22,-1.98,-1.1,-0.88,8.59,13.66
2013-01-18,601519,4.55,4.57,4.61,4.5,46040,20989831.0,2.42,0.66,0.03,0.92,-0.22,-0.89,-0.22,0.89,3.33,0.89,1.11,4.0,2.67,2.67,4.56,4.51,4.41,4.31,0.66,1.31,-1.53,-0.44,-2.63,-1.75,-1.53,7.88,12.91,10.5
2013-01-21,601519,4.56,4.57,4.6,4.5,54620,24891777.0,2.19,0.0,0.0,1.09,-0.89,-0.22,0.89,3.33,0.89,1.11,4.0,2.67,2.67,2.44,4.57,4.52,4.43,4.32,1.31,-1.53,-0.44,-2.63,-1.75,-1.53,7.88,12.91,10.5,10.5
2013-01-22,601519,4.57,4.5,4.63,4.47,61094,27822956.0,3.5,-1.53,-0.07,1.22,0.45,1.57,4.03,1.57,1.79,4.7,3.36,3.36,3.13,2.91,4.55,4.52,4.44,4.34,0.0,1.11,-1.11,-0.22,0.0,9.56,14.67,12.22,12.22,10.44
2013-01-23,601519,4.5,4.47,4.5,4.39,50373,22381893.0,2.44,-0.67,-0.03,1.01,3.42,5.92,3.42,3.64,6.61,5.24,5.24,5.01,4.78,5.47,4.53,4.53,4.46,4.36,1.79,-0.45,0.45,0.67,10.29,15.44,12.98,12.98,11.19,14.54
2013-01-24,601519,4.49,4.43,4.55,4.39,66493,29701352.0,3.58,-0.89,-0.04,1.33,5.92,3.42,3.64,6.61,5.24,5.24,5.01,4.78,5.47,2.51,4.51,4.51,4.47,4.37,0.45,1.35,1.58,11.29,16.48,14.0,14.0,12.19,15.58,11.06
2013-01-25,601519,4.4,4.44,4.45,4.35,38662,16948069.0,2.26,0.23,0.01,0.77,4.37,4.6,7.59,6.21,6.21,5.98,5.75,6.44,3.45,4.6,4.48,4.52,4.47,4.38,1.13,1.35,11.04,16.22,13.74,13.74,11.94,15.32,10.81,10.14
2013-01-28,601519,4.4,4.47,4.49,4.39,48829,21675049.0,2.25,0.68,0.03,0.97,3.64,6.61,5.24,5.24,5.01,4.78,5.47,2.51,3.64,1.37,4.46,4.51,4.48,4.39,0.67,10.29,15.44,12.98,12.98,11.19,14.54,10.07,9.4,9.4
2013-01-29,601519,4.47,4.48,4.5,4.43,40576,18111598.0,1.57,0.22,0.01,0.81,5.64,4.29,4.29,4.06,3.84,4.51,1.58,2.71,0.45,1.35,4.46,4.5,4.48,4.41,10.04,15.18,12.72,12.72,10.94,14.29,9.82,9.15,9.15,7.37
2013-01-30,601519,4.48,4.93,4.93,4.48,261476,127419612.0,10.04,10.04,0.45,5.22,3.12,3.12,2.9,2.68,3.35,0.45,1.56,-0.67,0.22,0.45,4.55,4.54,4.51,4.43,4.67,2.43,2.43,0.81,3.85,-0.2,-0.81,-0.81,-2.43,-3.65
2013-01-31,601519,5.15,4.94,5.16,4.85,443690,222125379.0,6.29,0.2,0.01,8.85,-4.74,-4.95,-5.15,-4.54,-7.22,-6.19,-8.25,-7.42,-7.22,1.65,4.65,4.58,4.54,4.46,2.23,2.23,0.61,3.64,-0.4,-1.01,-1.01,-2.63,-3.85,-4.25
2013-02-01,601519,4.86,5.0,5.05,4.73,250125,121391527.0,6.48,1.21,0.06,4.99,-2.54,-2.75,-2.11,-4.86,-3.81,-5.92,-5.07,-4.86,4.23,9.09,4.76,4.62,4.57,4.48,1.0,-0.6,2.4,-1.6,-2.2,-2.2,-3.8,-5.0,-5.4,-4.4
2013-02-04,601519,4.96,4.91,5.05,4.85,149109,73598877.0,4.0,-1.8,-0.09,2.98,-5.15,-4.54,-7.22,-6.19,-8.25,-7.42,-7.22,1.65,6.39,4.12,4.85,4.66,4.59,4.5,1.22,4.28,0.2,-0.41,-0.41,-2.04,-3.26,-3.67,-2.65,-3.87
2013-02-05,601519,4.87,4.91,4.97,4.73,109700,53321258.0,4.89,0.0,0.0,2.19,-2.11,-4.86,-3.81,-5.92,-5.07,-4.86,4.23,9.09,6.77,6.77,4.94,4.7,4.61,4.53,4.28,0.2,-0.41,-0.41,-2.04,-3.26,-3.67,-2.65,-3.87,-4.07
2013-02-06,601519,4.93,4.92,5.12,4.9,115229,57215375.0,4.48,0.2,0.01,2.3,-8.16,-7.14,-9.18,-8.37,-8.16,0.61,5.31,3.06,3.06,1.43,4.94,4.74,4.63,4.55,0.0,-0.61,-0.61,-2.24,-3.46,-3.86,-2.85,-4.07,-4.27,-5.49
2013-02-07,601519,4.91,4.8,4.92,4.77,86158,41661487.0,3.05,-2.44,-0.12,1.72,-4.61,-6.71,-5.87,-5.66,3.35,8.18,5.87,5.87,4.19,7.34,4.91,4.78,4.65,4.57,1.88,1.88,0.21,-1.04,-1.46,-0.42,-1.67,-1.87,-3.12,-0.42
2013-02-08,601519,4.8,4.85,4.89,4.8,41339,20011628.0,1.88,1.04,0.05,0.82,-7.29,-6.46,-6.25,2.71,7.5,5.21,5.21,3.54,6.67,2.5,4.88,4.82,4.67,4.59,0.82,-0.82,-2.06,-2.47,-1.44,-2.68,-2.89,-4.12,-1.44,0.82
2013-02-18,601519,4.88,4.81,4.89,4.74,48668,23404921.0,3.09,-0.82,-0.04,0.97,-5.27,-5.06,4.01,8.86,6.54,6.54,4.85,8.02,3.8,3.16,4.86,4.85,4.68,4.6,0.0,-1.25,-1.66,-0.62,-1.87,-2.08,-3.33,-0.62,1.66,-1.66
2013-02-19,601519,4.79,4.66,4.81,4.64,86379,40588890.0,3.53,-3.12,-0.15,1.72,-3.02,6.25,11.21,8.84,8.84,7.11,10.34,6.03,5.39,5.39,4.81,4.87,4.69,4.61,1.93,1.5,2.58,1.29,1.07,-0.21,2.58,4.94,1.5,0.86
2013-02-20,601519,4.65,4.73,4.75,4.65,43094,20304389.0,2.15,1.5,0.07,0.86,6.02,10.97,8.6,8.6,6.88,10.11,5.81,5.16,5.16,3.44,4.77,4.85,4.7,4.62,0.0,1.06,-0.21,-0.42,-1.69,1.06,3.38,0.0,-0.63,8.46
2013-02-21,601519,4.73,4.61,4.73,4.58,57549,26715331.0,3.17,-2.54,-0.12,1.15,12.66,10.26,10.26,8.52,11.79,7.42,6.77,6.77,5.02,3.71,4.73,4.82,4.7,4.63,3.69,2.39,2.17,0.87,3.69,6.07,2.6,1.95,11.28,17.79
2013-02-22,601519,4.6,4.63,4.78,4.59,71729,33511849.0,4.12,0.43,0.02,1.43,10.02,10.02,8.28,11.55,7.19,6.54,6.54,4.79,3.49,3.05,4.69,4.78,4.7,4.64,1.94,1.73,0.43,3.24,5.62,2.16,1.51,10.8,17.28,13.82
2013-02-25,601519,4.63,4.68,4.72,4.61,68881,32275258.0,2.38,1.08,0.05,1.37,9.54,7.81,11.06,6.72,6.07,6.07,4.34,3.04,2.6,3.69,4.66,4.76,4.71,4.65,0.64,-0.64,2.14,4.49,1.07,0.43,9.62,16.03,12.61,7.91
2013-02-26,601519,4.66,4.6,4.71,4.59,52571,24448984.0,2.56,-1.71,-0.08,1.05,8.28,11.55,7.19,6.54,6.54,4.79,3.49,3.05,4.14,2.83,4.65,4.73,4.71,4.65,1.09,3.91,6.3,2.83,2.17,11.52,18.04,14.57,9.78,10.65
2013-02-27,601519,4.61,4.57,4.65,4.53,32121,14741177.0,2.61,-0.65,-0.03,0.64,13.02,8.61,7.95,7.95,6.18,4.86,4.42,5.52,4.19,3.97,4.62,4.69,4.72,4.65,4.6,7.0,3.5,2.84,12.25,18.82,15.32,10.5,11.38,6.35
2013-02-28,601519,4.57,4.75,4.78,4.56,84596,39749214.0,4.81,3.94,0.18,1.69,7.89,7.24,7.24,5.48,4.17,3.73,4.82,3.51,3.29,1.97,4.65,4.69,4.73,4.66,2.95,-0.42,-1.05,8.0,14.32,10.95,6.32,7.16,2.32,7.37
2013-03-01,601519,4.73,4.78,4.89,4.7,78706,37728295.0,4.0,0.63,0.03,1.57,4.04,4.04,2.34,1.06,0.64,1.7,0.43,0.21,-1.06,1.7,4.68,4.68,4.75,4.67,-1.05,-1.67,7.32,13.6,10.25,5.65,6.49,1.67,6.69,2.3
2013-03-04,601519,4.73,4.57,4.73,4.52,61236,28306801.0,4.39,-4.39,-0.21,1.22,8.19,6.42,5.09,4.65,5.75,4.42,4.2,2.88,5.75,8.19,4.65,4.66,4.76,4.68,2.84,12.25,18.82,15.32,10.5,11.38,6.35,11.6,7.0,4.38
2013-03-05,601519,4.58,4.66,4.7,4.55,42958,19871190.0,3.28,1.97,0.09,0.86,5.71,4.4,3.96,5.05,3.74,3.52,2.2,5.05,7.47,3.96,4.67,4.66,4.77,4.68,10.09,16.52,13.09,8.37,9.23,4.29,9.44,4.94,2.36,0.43
2013-03-06,601519,4.65,5.13,5.13,4.65,256108,127999124.0,10.3,10.09,0.47,5.11,2.15,1.72,2.8,1.51,1.29,0.0,2.8,5.16,1.72,1.08,4.78,4.7,4.78,4.7,5.85,2.73,-1.56,-0.78,-5.26,-0.58,-4.68,-7.02,-8.77,-6.04
2013-03-07,601519,5.24,5.27,5.43,5.13,427837,226436035.0,5.85,2.73,0.14,8.54,-7.8,-6.82,-7.99,-8.19,-9.36,-6.82,-4.68,-7.8,-8.38,0.0,4.88,4.76,4.79,4.72,0.0,-4.17,-3.42,-7.78,-3.23,-7.21,-9.49,-11.2,-8.54,-4.55
2013-03-08,601519,5.2,5.04,5.27,5.01,188607,96193286.0,4.93,-4.36,-0.23,3.76,-4.59,-5.79,-5.99,-7.19,-4.59,-2.4,-5.59,-6.19,2.4,8.38,4.93,4.8,4.79,4.74,0.2,0.99,-3.57,1.19,-2.98,-5.36,-7.14,-4.37,-0.2,-0.79
2013-03-11,601519,5.03,5.02,5.05,4.9,91348,45421165.0,2.98,-0.4,-0.02,1.82,-3.67,-3.88,-5.1,-2.45,-0.2,-3.47,-4.08,4.69,10.82,7.55,5.02,4.84,4.8,4.75,1.39,-3.19,1.59,-2.59,-4.98,-6.77,-3.98,0.2,-0.4,-1.59
2013-03-12,601519,5.0,4.84,5.09,4.7,129404,63344291.0,7.77,-3.59,-0.18,2.58,0.21,-1.06,1.7,4.04,0.64,0.0,9.15,15.53,12.13,7.45,5.06,4.86,4.8,4.76,0.41,5.37,1.03,-1.45,-3.31,-0.41,3.93,3.31,2.07,1.65
2013-03-13,601519,4.82,4.72,4.86,4.6,74301,35039543.0,5.37,-2.48,-0.12,1.48,1.09,3.91,6.3,2.83,2.17,11.52,18.04,14.57,9.78,10.65,4.98,4.88,4.79,4.77,8.05,3.6,1.06,-0.85,2.12,6.57,5.93,4.66,4.24,2.97
2013-03-14,601519,4.7,4.77,5.1,4.6,118141,57559965.0,10.59,1.06,0.05,2.36,3.91,6.3,2.83,2.17,11.52,18.04,14.57,9.78,10.65,5.65,4.88,4.88,4.78,4.78,2.52,0.0,-1.89,1.05,5.45,4.82,3.56,3.14,1.89,4.82
2013-03-15,601519,4.77,4.78,4.89,4.71,76827,36963337.0,3.77,0.21,0.01,1.53,3.82,0.42,-0.21,8.92,15.29,11.89,7.22,8.07,3.18,8.28,4.83,4.88,4.78,4.79,-0.21,-2.09,0.84,5.23,4.6,3.35,2.93,1.67,4.6,1.88
2013-03-18,601519,4.75,4.64,4.77,4.6,84856,39420518.0,3.56,-2.93,-0.14,1.69,2.83,2.17,11.52,18.04,14.57,9.78,10.65,5.65,10.87,6.3,4.75,4.89,4.77,4.8,0.86,3.88,8.41,7.76,6.47,6.03,4.74,7.76,4.96,7.76
2013-03-19,601519,4.63,4.62,4.68,4.53,62410,28694178.0,3.23,-0.43,-0.02,1.25,3.75,13.25,19.87,16.34,11.48,12.36,7.28,12.58,7.95,5.3,4.71,4.88,4.77,4.8,4.33,8.87,8.23,6.93,6.49,5.19,8.23,5.41,8.23,6.49
2013-03-20,601519,4.63,4.79,4.82,4.58,82153,38805429.0,5.19,3.68,0.17,1.64,12.01,18.56,15.07,10.26,11.14,6.11,11.35,6.77,4.15,2.18,4.72,4.85,4.77,4.8,5.01,4.38,3.13,2.71,1.46,4.38,1.67,4.38,2.71,5.43
2013-03-21,601519,4.81,4.92,5.03,4.77,132335,64960541.0,5.43,2.71,0.13,2.64,13.84,10.48,5.87,6.71,1.89,6.92,2.52,0.0,-1.89,1.05,4.75,4.81,4.79,4.8,1.63,0.41,0.0,-1.22,1.63,-1.02,1.63,0.0,2.64,4.47
2013-03-22,601519,4.89,4.9,5.0,4.84,63225,31038308.0,3.25,-0.41,-0.02,1.26,8.88,4.34,5.17,0.41,5.37,1.03,-1.45,-3.31,-0.41,3.93,4.77,4.8,4.8,4.8,0.82,0.41,-0.82,2.04,-0.61,2.04,0.41,3.06,4.9,4.49
2013-03-25,601519,4.87,4.92,4.94,4.82,52913,25777807.0,2.45,0.41,0.02,1.06,4.77,5.6,0.83,5.81,1.45,-1.04,-2.9,0.0,4.36,3.73,4.83,4.79,4.81,4.8,0.0,-1.22,1.63,-1.02,1.63,0.0,2.64,4.47,4.07,2.64
2013-03-26,601519,4.91,4.82,4.92,4.76,45166,21701199.0,3.25,-2.03,-0.1,0.9,6.93,2.1,7.14,2.73,0.21,-1.68,1.26,5.67,5.04,3.78,4.87,4.79,4.83,4.79,0.83,3.73,1.04,3.73,2.07,4.77,6.64,6.22,4.77,3.53
2013-03-27,601519,4.81,4.79,4.86,4.76,37747,18158571.0,2.07,-0.62,-0.03,0.75,2.1,7.14,2.73,0.21,-1.68,1.26,5.67,5.04,3.78,3.36,4.87,4.79,4.84,4.79,4.38,1.67,4.38,2.71,5.43,7.31,6.89,5.43,4.18,3.13
2013-03-28,601519,4.88,4.8,5.0,4.71,129524,63000421.0,6.05,0.21,0.01,2.58,8.28,3.82,1.27,-0.64,2.34,6.79,6.16,4.88,4.46,3.18,4.85,4.8,4.84,4.79,1.46,4.17,2.5,5.21,7.08,6.67,5.21,3.96,2.92,0.0
2013-03-29,601519,4.76,4.78,4.87,4.74,66863,32049207.0,2.71,-0.42,-0.02,1.33,3.16,0.63,-1.27,1.69,6.12,5.49,4.22,3.8,2.53,5.49,4.82,4.8,4.84,4.79,4.6,2.93,5.65,7.53,7.11,5.65,4.39,3.35,0.42,1.26
2013-04-01,601519,4.75,4.9,5.0,4.62,96396,46527517.0,7.95,2.51,0.12,1.92,3.25,1.3,4.33,8.87,8.23,6.93,6.49,5.19,8.23,5.41,4.82,4.82,4.86,4.79,0.41,3.06,4.9,4.49,3.06,1.84,0.82,-2.04,-1.22,1.43
2013-04-02,601519,4.85,4.85,4.92,4.83,56541,27554964.0,1.84,-1.02,-0.05,1.13,-3.11,-0.21,4.14,3.52,2.28,1.86,0.62,3.52,0.83,3.52,4.82,4.85,4.86,4.8,4.12,5.98,5.57,4.12,2.89,1.86,-1.03,-0.21,2.47,4.33
2013-04-03,601519,4.86,4.98,5.05,4.83,147944,73588083.0,4.54,2.68,0.13,2.95,-0.21,4.14,3.52,2.28,1.86,0.62,3.52,0.83,3.52,1.86,4.86,4.87,4.86,4.8,3.21,2.81,1.41,0.2,-0.8,-3.61,-2.81,-0.2,1.61,1.81
2013-04-08,601519,4.9,5.09,5.14,4.85,137124,68952604.0,5.82,2.21,0.11,2.74,3.71,3.09,1.86,1.44,0.21,3.09,0.41,3.09,1.44,4.12,4.92,4.88,4.85,4.82,0.59,-0.79,-1.96,-2.95,-5.7,-4.91,-2.36,-0.59,-0.39,-0.39
2013-04-09,601519,5.05,5.05,5.12,5.02,98255,49712044.0,1.96,-0.79,-0.04,1.96,-0.4,-1.59,-1.99,-3.19,-0.4,-2.99,-0.4,-1.99,0.6,2.39,4.97,4.9,4.85,4.83,0.0,-1.19,-2.18,-4.95,-4.16,-1.58,0.2,0.4,0.4,-0.4
2013-04-10,601519,5.01,4.92,5.05,4.87,76988,38116343.0,3.56,-2.57,-0.13,1.54,1.44,1.03,-0.21,2.67,0.0,2.67,1.03,3.7,5.54,5.13,4.98,4.9,4.84,4.84,1.42,0.41,-2.44,-1.63,1.02,2.85,3.05,3.05,2.24,0.2
2013-04-11,601519,4.95,4.91,4.99,4.89,42510,20973189.0,2.03,-0.2,-0.01,0.85,0.61,-0.61,2.25,-0.41,2.25,0.61,3.27,5.11,4.7,3.27,4.99,4.91,4.85,4.85,0.61,-2.24,-1.43,1.22,3.05,3.26,3.26,2.44,0.41,-0.2
2013-04-12,601519,4.9,4.77,4.94,4.75,72739,35056458.0,3.87,-2.85,-0.14,1.45,2.32,5.26,2.53,5.26,3.58,6.32,8.21,7.79,6.32,5.05,4.95,4.9,4.85,4.86,0.63,1.47,4.19,6.08,6.29,6.29,5.45,3.35,2.73,0.63
2013-04-15,601519,4.72,4.77,4.8,4.68,37318,17668999.0,2.52,0.0,0.0,0.74,6.84,4.06,6.84,5.13,7.91,9.83,9.4,7.91,6.62,5.56,4.88,4.9,4.85,4.86,1.47,4.19,6.08,6.29,6.29,5.45,3.35,2.73,0.63,-2.31
2013-04-16,601519,4.72,4.83,4.84,4.71,30003,14368991.0,2.73,1.26,0.06,0.6,3.4,6.16,4.46,7.22,9.13,8.7,7.22,5.94,4.88,1.91,4.84,4.91,4.85,4.86,2.9,4.76,4.97,4.97,4.14,2.07,1.45,-0.62,-3.52,-0.62
2013-04-17,601519,4.83,4.95,4.97,4.8,56229,27398297.0,3.52,2.48,0.12,1.12,4.17,2.5,5.21,7.08,6.67,5.21,3.96,2.92,0.0,0.83,4.85,4.91,4.87,4.87,2.22,2.42,2.42,1.62,-0.4,-1.01,-3.03,-5.86,-3.03,4.04
2013-04-18,601519,4.87,4.93,5.06,4.84,91288,45190655.0,4.44,-0.4,-0.02,1.82,1.65,4.34,6.2,5.79,4.34,3.1,2.07,-0.83,0.0,2.69,4.85,4.92,4.88,4.88,2.84,2.84,2.03,0.0,-0.61,-2.64,-5.48,-2.64,4.46,1.22
2013-04-19,601519,5.0,5.02,5.07,4.92,99277,49788019.0,3.04,1.83,0.09,1.98,2.64,4.47,4.07,2.64,1.42,0.41,-2.44,-1.63,1.02,2.85,4.9,4.92,4.89,4.88,1.0,0.2,-1.79,-2.39,-4.38,-7.17,-4.38,2.59,-0.6,-0.8
2013-04-22,601519,4.96,4.98,5.07,4.92,68473,34079916.0,2.99,-0.8,-0.04,1.37,4.47,4.07,2.64,1.42,0.41,-2.44,-1.63,1.02,2.85,3.05,4.94,4.91,4.9,4.87,1.0,-1.0,-1.61,-3.61,-6.43,-3.61,3.41,0.2,0.0,1.0
2013-04-23,601519,4.98,4.81,5.03,4.77,69496,33966044.0,5.22,-3.41,-0.17,1.39,7.34,5.87,4.61,3.56,0.63,1.47,4.19,6.08,6.29,6.29,4.94,4.89,4.89,4.86,2.49,1.87,-0.21,-3.12,-0.21,7.07,3.74,3.53,4.57,9.56
2013-04-24,601519,4.81,4.91,4.93,4.78,48178,23457077.0,3.12,2.08,0.1,0.96,5.65,4.39,3.35,0.42,1.26,3.97,5.86,6.07,6.07,5.23,4.93,4.89,4.89,4.86,-0.2,-2.24,-5.09,-2.24,4.89,1.63,1.43,2.44,7.33,4.48
2013-04-25,601519,4.9,4.76,4.9,4.72,74416,35653859.0,3.67,-3.05,-0.15,1.48,5.72,4.66,1.69,2.54,5.3,7.2,7.42,7.42,6.57,4.45,4.9,4.87,4.89,4.86,0.84,-2.1,0.84,8.19,4.83,4.62,5.67,10.71,7.77,14.08
2013-04-26,601519,4.78,4.67,4.8,4.66,44987,21237693.0,2.94,-1.89,-0.09,0.9,6.01,3.0,3.86,6.65,8.58,8.8,8.8,7.94,5.79,5.15,4.83,4.86,4.88,4.85,-0.21,2.78,10.28,6.85,6.64,7.71,12.85,9.85,16.27,13.92
2013-05-02,601519,4.66,4.58,4.66,4.55,43265,19839905.0,2.36,-1.93,-0.09,0.86,5.49,6.37,9.23,11.21,11.43,11.43,10.55,8.35,7.69,5.49,4.75,4.84,4.87,4.85,4.8,12.45,8.95,8.73,9.83,15.07,12.01,18.56,16.16,18.78
2013-05-03,601519,4.6,4.68,4.8,4.6,49304,23116955.0,4.37,2.18,0.1,0.98,5.22,8.04,10.0,10.22,10.22,9.35,7.17,6.52,4.35,1.3,4.72,4.83,4.87,4.84,10.04,6.62,6.41,7.48,12.61,9.62,16.03,13.68,16.24,13.46
2013-05-06,601519,4.66,4.99,5.15,4.66,165804,82281380.0,10.47,6.62,0.31,3.31,6.65,8.58,8.8,8.8,7.94,5.79,5.15,3.0,0.0,3.0,4.74,4.83,4.87,4.86,0.0,-0.2,0.8,5.61,2.81,8.82,6.61,9.02,6.41,11.82
2013-05-07,601519,4.9,4.95,4.99,4.9,78546,38768155.0,1.8,-0.8,-0.04,1.57,3.27,3.47,3.47,2.65,0.61,0.0,-2.04,-4.9,-2.04,5.1,4.77,4.83,4.88,4.87,0.61,1.62,6.46,3.64,9.7,7.47,9.9,7.27,12.73,18.38
2013-05-08,601519,4.94,4.93,4.98,4.86,79101,38945210.0,2.42,-0.4,-0.02,1.58,4.32,4.32,3.5,1.44,0.82,-1.23,-4.12,-1.23,5.97,2.67,4.83,4.83,4.87,4.87,2.03,6.9,4.06,10.14,7.91,10.34,7.71,13.18,18.86,17.44
2013-05-09,601519,4.92,5.0,5.03,4.86,108748,53829965.0,3.45,1.42,0.07,2.17,4.32,3.5,1.44,0.82,-1.23,-4.12,-1.23,5.97,2.67,2.47,4.91,4.83,4.87,4.87,5.4,2.6,8.6,6.4,8.8,6.2,11.6,17.2,15.8,14.8
2013-05-10,601519,5.0,5.13,5.27,4.97,199681,102843588.0,6.0,2.6,0.13,3.98,1.21,-0.8,-1.41,-3.42,-6.24,-3.42,3.62,0.4,0.2,1.21,5.0,4.86,4.87,4.88,0.0,5.85,3.7,6.04,3.51,8.77,14.23,12.87,11.89,17.15
2013-05-13,601519,5.11,5.02,5.13,4.96,110530,55504834.0,3.31,-2.14,-0.11,2.21,-0.6,-1.21,-3.23,-6.05,-3.23,3.83,0.6,0.4,1.41,6.25,5.01,4.87,4.88,4.89,8.17,5.98,8.37,5.78,11.16,16.73,15.34,14.34,19.72,22.71
2013-05-14,601519,5.09,5.21,5.43,5.04,266850,139706757.0,7.77,3.78,0.19,5.32,-2.78,-4.76,-7.54,-4.76,2.18,-0.99,-1.19,-0.2,4.56,1.79,5.06,4.92,4.89,4.9,2.11,4.41,1.92,7.1,12.48,11.13,10.17,15.36,18.23,14.59
2013-05-15,601519,5.19,5.3,5.32,5.12,137998,72275343.0,3.84,1.73,0.09,2.75,-6.25,-8.98,-6.25,0.59,-2.54,-2.73,-1.76,2.93,0.2,6.05,5.13,4.98,4.92,4.92,2.64,0.19,5.28,10.57,9.25,8.3,13.4,16.23,12.64,14.15
2013-05-16,601519,5.23,5.29,5.44,5.22,166426,88474107.0,4.15,-0.19,-0.01,3.32,-10.73,-8.05,-1.34,-4.41,-4.6,-3.64,0.96,-1.72,4.02,1.92,5.19,5.05,4.95,4.93,0.38,5.48,10.78,9.45,8.51,13.61,16.45,12.85,14.37,13.8
2013-05-17,601519,5.25,5.25,5.31,5.16,120187,62875654.0,2.84,-0.76,-0.04,2.4,-6.98,-0.19,-3.29,-3.49,-2.52,2.13,-0.58,5.23,3.1,5.43,5.21,5.11,4.97,4.95,6.29,11.62,10.29,9.33,14.48,17.33,13.71,15.24,14.67,12.38
2013-05-20,601519,5.21,5.46,5.58,5.2,219484,117960224.0,7.24,4.0,0.21,4.38,-0.96,-4.04,-4.23,-3.27,1.35,-1.35,4.42,2.31,4.62,2.12,5.3,5.15,4.99,4.97,7.33,6.04,5.13,10.07,12.82,9.34,10.81,10.26,8.06,4.95
2013-05-21,601519,5.39,5.74,5.86,5.38,279294,156780519.0,8.79,5.13,0.28,5.57,-7.25,-7.43,-6.51,-2.04,-4.65,0.93,-1.12,1.12,-1.3,3.72,5.41,5.23,5.03,5.0,0.87,0.0,4.7,7.32,4.01,5.4,4.88,2.79,-0.17,-1.92
2013-05-22,601519,5.68,5.62,5.79,5.55,155959,88163285.0,4.18,-2.09,-0.12,3.11,-10.27,-9.37,-5.05,-7.57,-2.16,-4.14,-1.98,-4.32,0.54,5.59,5.47,5.3,5.06,5.02,2.14,6.94,9.61,6.23,7.65,7.12,4.98,1.96,0.18,-2.14
2013-05-23,601519,5.57,5.58,5.74,5.52,138562,78226414.0,3.91,-0.71,-0.04,2.76,-8.88,-4.53,-7.07,-1.63,-3.62,-1.45,-3.8,1.09,6.16,4.89,5.53,5.36,5.09,5.03,7.71,10.39,6.99,8.42,7.89,5.73,2.69,0.9,-1.43,-2.51
2013-05-24,601519,5.58,5.98,6.01,5.55,238162,139196945.0,8.24,7.17,0.4,4.75,-5.05,-7.57,-2.16,-4.14,-1.98,-4.32,0.54,5.59,4.32,3.42,5.68,5.44,5.15,5.06,3.01,-0.17,1.17,0.67,-1.34,-4.18,-5.85,-8.03,-9.03,-9.7
2013-05-27,601519,5.94,6.0,6.16,5.86,180744,108455279.0,5.02,0.33,0.02,3.61,-12.46,-7.34,-9.22,-7.17,-9.39,-4.78,0.0,-1.19,-2.05,2.56,5.78,5.54,5.21,5.1,-0.5,0.83,0.33,-1.67,-4.5,-6.17,-8.33,-9.33,-10.0,-13.83
2013-05-28,601519,5.94,5.91,5.97,5.7,129196,75604114.0,4.5,-1.5,-0.09,2.58,-4.74,-6.67,-4.56,-6.84,-2.11,2.81,1.58,0.7,5.44,8.07,5.82,5.61,5.26,5.13,2.37,1.86,-0.17,-3.05,-4.74,-6.94,-7.95,-8.63,-12.52,-10.83
2013-05-29,601519,5.89,5.98,6.05,5.83,104332,61993609.0,3.72,1.18,0.07,2.08,-8.75,-6.69,-8.92,-4.29,0.51,-0.69,-1.54,3.09,5.66,2.4,5.89,5.68,5.33,5.17,0.67,-1.34,-4.18,-5.85,-8.03,-9.03,-9.7,-13.55,-11.87,-9.87
2013-05-30,601519,5.94,5.83,6.02,5.8,109318,64201240.0,3.68,-2.51,-0.15,2.18,-6.21,-8.45,-3.79,1.03,-0.17,-1.03,3.62,6.21,2.93,4.31,5.94,5.73,5.39,5.21,1.2,-1.72,-3.43,-5.66,-6.69,-7.38,-11.32,-9.61,-7.55,-8.75
2013-05-31,601519,5.83,5.61,5.9,5.57,170406,96961786.0,5.66,-3.77,-0.22,3.4,-4.67,0.18,5.21,3.95,3.05,7.9,10.59,7.18,8.62,8.08,5.87,5.77,5.44,5.24,2.14,0.36,-1.96,-3.03,-3.74,-7.84,-6.06,-3.92,-5.17,-5.7
2013-06-03,601519,5.64,5.63,5.73,5.55,99797,56390434.0,3.21,0.36,0.02,1.99,0.54,5.59,4.32,3.42,8.29,10.99,7.57,9.01,8.47,6.31,5.79,5.79,5.47,5.26,0.0,-2.31,-3.37,-4.09,-8.17,-6.39,-4.26,-5.51,-6.04,-27.0
2013-06-04,601519,5.6,5.44,5.63,5.36,95739,52371204.0,4.8,-3.37,-0.19,1.91,9.33,8.02,7.09,12.13,14.93,11.38,12.87,12.31,10.07,6.9,5.7,5.76,5.5,5.28,1.1,0.0,-0.74,-4.96,-3.13,-0.92,-2.21,-2.76,-24.45,-28.31
2013-06-05,601519,5.4,5.41,5.5,5.32,60810,33032599.0,3.31,-0.55,-0.03,1.21,8.83,7.89,12.97,15.79,12.22,13.72,13.16,10.9,7.71,5.83,5.58,5.74,5.52,5.29,0.55,-0.18,-4.44,-2.59,-0.37,-1.66,-2.22,-24.03,-27.91,-28.84
2013-06-06,601519,5.44,5.33,5.44,5.32,60773,32686251.0,2.22,-1.48,-0.08,1.21,7.89,12.97,15.79,12.22,13.72,13.16,10.9,7.71,5.83,3.38,5.48,5.71,5.54,5.3,1.31,-3.0,-1.13,1.13,-0.19,-0.75,-22.89,-26.83,-27.77,-32.83
2013-06-07,601519,5.35,5.24,5.4,5.19,66146,34945399.0,3.94,-1.69,-0.09,1.32,15.8,18.69,15.03,16.57,15.99,13.68,10.4,8.48,5.97,4.82,5.41,5.64,5.54,5.31,-1.34,0.57,2.86,1.53,0.95,-21.56,-25.57,-26.53,-31.68,-27.86
2013-06-13,601519,5.17,5.03,5.17,4.9,71514,35892116.0,5.15,-4.01,-0.21,1.43,25.71,21.84,23.47,22.86,20.41,16.94,14.9,12.24,11.02,10.2,5.29,5.54,5.54,5.32,4.77,7.16,5.77,5.17,-18.29,-22.47,-23.46,-28.83,-24.85,-25.84
2013-06-14,601519,5.06,5.23,5.27,5.03,64848,33723000.0,4.77,3.98,0.2,1.29,18.69,20.28,19.68,17.3,13.92,11.93,9.34,8.15,7.36,2.78,5.25,5.47,5.54,5.33,3.06,1.72,1.15,-21.41,-25.43,-26.39,-31.55,-27.72,-28.68,-26.77
2013-06-17,601519,5.23,5.29,5.39,5.15,70413,37245539.0,4.59,1.15,0.06,1.41,17.48,16.89,14.56,11.26,9.32,6.8,5.63,4.85,0.39,2.33,5.22,5.4,5.54,5.35,0.57,0.0,-22.31,-26.28,-27.22,-32.33,-28.54,-29.49,-27.6,-28.54
2013-06-18,601519,5.29,5.31,5.32,5.16,50012,26240780.0,3.02,0.38,0.02,1.0,16.67,14.34,11.05,9.11,6.59,5.43,4.65,0.19,2.13,4.46,5.22,5.35,5.54,5.38,-0.38,-22.6,-26.55,-27.5,-32.58,-28.81,-29.76,-27.87,-28.81,-22.22
2013-06-19,601519,5.28,5.24,5.29,5.13,42593,22210490.0,3.01,-1.32,-0.07,0.85,15.01,11.7,9.75,7.21,6.04,5.26,0.78,2.73,5.07,3.7,5.22,5.31,5.54,5.4,-21.56,-25.57,-26.53,-31.68,-27.86,-28.82,-26.91,-27.86,-21.18,-13.36
2013-06-20,601519,4.02,3.93,4.11,3.91,38116,15338954.0,3.82,-25.0,-1.31,0.59,46.55,43.99,40.66,39.13,38.11,32.23,34.78,37.85,36.06,35.29,5.0,5.14,5.47,5.36,-0.76,-2.04,-8.91,-3.82,-5.09,-2.54,-3.82,5.09,15.52,24.68
2013-06-21,601519,3.81,3.82,3.9,3.73,63792,24355712.0,4.33,-2.8,-0.11,0.98,50.94,47.45,45.84,44.77,38.61,41.29,44.5,42.63,41.82,10.19,4.72,4.98,5.37,5.32,0.79,-6.28,-1.05,-2.36,0.26,-1.05,8.12,18.85,28.27,26.96
2013-06-24,601519,3.82,3.51,3.85,3.48,79128,28759875.0,9.69,-8.12,-0.31,1.21,58.05,56.32,55.17,48.56,51.44,54.89,52.87,52.01,18.1,12.07,4.36,4.79,5.26,5.28,1.99,7.69,6.27,9.12,7.69,17.66,29.34,39.6,38.18,36.75
2013-06-25,601519,3.5,3.48,3.58,3.16,84997,28805925.0,11.97,-0.85,-0.03,1.3,72.15,70.89,63.61,66.77,70.57,68.35,67.41,30.06,23.42,21.84,4.0,4.61,5.16,5.23,8.62,7.18,10.06,8.62,18.68,30.46,40.8,39.37,37.93,40.8
2013-06-26,601519,3.5,3.65,3.78,3.4,104152,37572254.0,10.92,4.89,0.17,1.6,58.82,52.06,55.0,58.53,56.47,55.59,20.88,14.71,13.24,5.29,3.68,4.45,5.04,5.18,2.19,4.93,3.56,13.15,24.38,34.25,32.88,31.51,34.25,47.67
2013-06-27,601519,3.64,3.52,3.73,3.4,114590,41164331.0,9.04,-3.56,-0.13,1.76,52.06,55.0,58.53,56.47,55.59,20.88,14.71,13.24,5.29,11.18,3.6,4.3,4.92,5.13,8.81,7.39,17.33,28.98,39.2,37.78,36.36,39.2,53.12,61.08
2013-06-28,601519,3.42,3.66,3.83,3.41,121633,44387764.0,11.93,3.98,0.14,1.87,54.55,58.06,56.01,55.13,20.53,14.37,12.9,4.99,10.85,9.38,3.56,4.14,4.81,5.08,3.28,12.84,24.04,33.88,32.51,31.15,33.88,47.27,54.92,57.92
2013-07-01,601519,3.65,3.75,3.78,3.6,92501,34406541.0,4.92,2.46,0.09,1.42,49.72,47.78,46.94,14.17,8.33,6.94,-0.56,5.0,3.61,6.39,3.61,3.99,4.7,5.02,10.13,21.07,30.67,29.33,28.0,30.67,43.73,51.2,54.13,51.73
2013-07-02,601519,3.82,4.13,4.13,3.72,419262,169731559.0,10.93,10.13,0.38,6.44,43.01,42.2,10.48,4.84,3.49,-3.76,1.61,0.27,2.96,1.61,3.74,3.87,4.61,4.99,9.93,18.64,17.43,16.22,18.64,30.51,37.29,39.95,37.77,33.17
2013-07-03,601519,4.19,4.54,4.54,4.11,587122,252632611.0,10.41,9.93,0.41,9.01,28.71,0.0,-5.11,-6.33,-12.9,-8.03,-9.25,-6.81,-8.03,0.49,3.92,3.8,4.56,4.96,7.93,6.83,5.73,7.93,18.72,24.89,27.31,25.33,21.15,22.69
2013-07-04,601519,4.46,4.87,4.9,4.4,735309,347557504.0,11.01,7.27,0.33,11.29,-6.59,-11.36,-12.5,-18.64,-14.09,-15.23,-12.95,-14.09,-6.14,3.18,4.19,3.89,4.52,4.94,-0.41,-1.44,0.62,10.68,16.43,18.69,16.84,12.94,14.37,16.22
2013-07-05,601519,4.8,4.6,4.85,4.58,565609,268007257.0,5.54,-5.54,-0.27,8.68,-14.85,-15.94,-21.83,-17.47,-18.56,-16.38,-17.47,-9.83,-0.87,6.99,4.38,3.97,4.48,4.9,4.35,6.52,17.17,23.26,25.65,23.7,19.57,21.09,23.04,33.91
2013-07-08,601519,4.5,4.45,4.8,4.3,534612,244783328.0,10.87,-3.26,-0.15,8.21,-10.47,-16.74,-12.09,-13.26,-10.93,-12.09,-3.95,5.58,13.95,12.79,4.52,4.06,4.43,4.86,10.11,21.12,27.42,29.89,27.87,23.6,25.17,27.19,38.43,34.61
2013-07-09,601519,4.41,4.9,4.9,4.41,538127,253816422.0,11.01,10.11,0.45,8.26,-18.82,-14.29,-15.42,-13.15,-14.29,-6.35,2.95,11.11,9.98,8.84,4.67,4.21,4.41,4.84,10.0,15.71,17.96,16.12,12.24,13.67,15.51,25.71,22.24,20.0
2013-07-10,601519,5.25,5.39,5.39,5.23,219928,117685950.0,3.27,10.0,0.49,3.38,-27.72,-28.68,-26.77,-27.72,-21.03,-13.19,-6.31,-7.27,-8.22,-6.31,4.84,4.38,4.41,4.82,5.19,7.24,5.57,2.04,3.34,5.01,14.29,11.13,9.09,6.31
2013-07-11,601519,5.3,5.54,5.67,5.18,1059776,583921248.0,9.09,2.78,0.15,16.27,-27.99,-26.06,-27.03,-20.27,-12.36,-5.41,-6.37,-7.34,-5.41,4.05,4.98,4.58,4.44,4.81,4.33,2.71,-0.72,0.54,2.17,11.19,8.12,6.14,3.43,0.18
2013-07-12,601519,5.5,5.46,5.78,5.43,727425,405431360.0,6.32,-1.44,-0.08,11.17,-29.47,-30.39,-23.94,-16.39,-9.76,-10.68,-11.6,-9.76,-0.74,4.42,5.15,4.76,4.45,4.79,4.21,0.73,2.01,3.66,12.82,9.71,7.69,4.95,1.65,-3.11
2013-07-15,601519,5.43,5.59,5.69,5.38,618713,342055216.0,5.68,2.38,0.13,9.5,-29.74,-23.23,-15.61,-8.92,-9.85,-10.78,-8.92,0.19,5.39,7.43,5.38,4.95,4.47,4.78,-1.61,-0.36,1.25,10.2,7.16,5.19,2.5,-0.72,-5.37,-8.41
2013-07-16,601519,5.5,5.42,5.5,5.3,538818,290055504.0,3.58,-3.04,-0.17,8.27,-22.08,-14.34,-7.55,-8.49,-9.43,-7.55,1.7,6.98,9.06,7.36,5.48,5.08,4.47,4.77,2.77,4.43,13.65,10.52,8.49,5.72,2.4,-2.4,-5.54,-10.52
2013-07-17,601519,5.4,5.35,5.57,5.24,546266,295842592.0,6.09,-1.29,-0.07,8.38,-13.36,-6.49,-7.44,-8.4,-6.49,2.86,8.21,10.31,8.59,4.96,5.47,5.16,4.48,4.76,5.79,15.14,11.96,9.91,7.1,3.74,-1.12,-4.3,-9.35,-8.41
2013-07-18,601519,5.25,5.6,5.66,5.16,727248,393227680.0,9.35,4.67,0.25,11.16,-5.04,-6.01,-6.98,-5.04,4.46,9.88,12.02,10.27,6.59,7.95,5.48,5.23,4.56,4.76,10.0,6.96,5.0,2.32,-0.89,-5.54,-8.57,-13.39,-12.5,-10.18
2013-07-19,601519,5.53,5.78,6.16,5.51,1001237,589266240.0,11.61,3.21,0.18,15.37,-11.98,-12.89,-11.07,-2.18,2.9,4.9,3.27,-0.18,1.09,2.72,5.55,5.35,4.66,4.77,3.63,1.73,-0.87,-3.98,-8.48,-11.42,-16.09,-15.22,-12.98,-11.07
2013-07-22,601519,5.55,5.79,5.99,5.4,684294,393780544.0,10.21,0.17,0.01,10.5,-11.11,-9.26,-0.19,5.0,7.04,5.37,1.85,3.15,4.81,14.07,5.59,5.48,4.77,4.78,1.55,-1.04,-4.15,-8.64,-11.57,-16.23,-15.37,-13.13,-11.23,-14.16
2013-07-23,601519,5.79,5.74,5.88,5.57,515124,292993488.0,5.35,-0.86,-0.05,7.91,-12.03,-3.23,1.8,3.77,2.15,-1.26,0.0,1.62,10.59,7.54,5.65,5.57,4.89,4.79,-0.17,-3.31,-7.84,-10.8,-15.51,-14.63,-12.37,-10.45,-13.41,-8.89
2013-07-24,601519,5.65,5.58,5.73,5.39,534054,295918688.0,5.92,-2.79,-0.16,8.2,0.0,5.19,7.24,5.57,2.04,3.34,5.01,14.29,11.13,9.09,5.7,5.58,4.98,4.8,-0.54,-5.2,-8.24,-13.08,-12.19,-9.86,-7.89,-10.93,-6.27,-8.96
2013-07-25,601519,5.55,5.1,5.55,5.08,461462,244332364.0,8.42,-8.6,-0.48,7.08,11.61,13.78,12.01,8.27,9.65,11.42,21.26,17.91,15.75,12.8,5.6,5.54,5.06,4.81,3.73,0.39,-4.9,-3.92,-1.37,0.78,-2.55,2.55,-0.39,-2.16
2013-07-26,601519,5.09,5.14,5.29,4.97,320095,163940395.0,6.27,0.78,0.04,4.91,16.3,14.49,10.66,12.07,13.88,23.94,20.52,18.31,15.29,11.67,5.47,5.51,5.14,4.8,-0.39,-5.64,-4.67,-2.14,0.0,-3.31,1.75,-1.17,-2.92,-2.14
2013-07-29,601519,5.12,4.75,5.12,4.74,319284,156708659.0,7.39,-7.59,-0.39,4.9,20.04,16.03,17.51,19.41,29.96,26.37,24.05,20.89,17.09,11.6,5.26,5.42,5.19,4.79,2.11,3.16,5.89,8.21,4.63,10.11,6.95,5.05,5.89,3.79
2013-07-30,601519,4.78,4.74,4.85,4.55,350262,164500018.0,6.32,-0.21,-0.01,5.38,20.88,22.42,24.4,35.38,31.65,29.23,25.93,21.98,16.26,12.53,5.06,5.36,5.22,4.77,3.38,6.12,8.44,4.85,10.34,7.17,5.27,6.12,4.01,4.85
2013-07-31,601519,4.74,4.66,4.9,4.65,309692,147877741.0,5.27,-1.69,-0.08,4.75,19.78,21.72,32.47,28.82,26.45,23.23,19.35,13.76,10.11,4.3,4.88,5.29,5.22,4.75,7.94,10.3,6.65,12.23,9.01,7.08,7.94,5.79,6.65,15.88
2013-08-01,601519,4.69,5.02,5.03,4.67,466059,229012449.0,7.73,7.73,0.36,7.15,21.2,31.91,28.27,25.91,22.7,18.84,13.28,9.64,3.85,4.93,4.86,5.23,5.23,4.78,2.39,-1.0,4.18,1.2,-0.6,0.2,-1.79,-1.0,7.57,16.93
2013-08-02,601519,5.02,4.93,5.14,4.91,359718,180465796.0,4.58,-1.79,-0.09,5.52,25.46,22.0,19.76,16.7,13.03,7.74,4.28,-1.22,-0.2,2.44,4.82,5.14,5.25,4.82,0.81,6.09,3.04,1.22,2.03,0.0,0.81,9.53,19.07,15.01
2013-08-05,601519,4.89,4.97,4.97,4.86,170838,84061739.0,2.23,0.81,0.04,2.62,23.25,20.99,17.9,14.2,8.85,5.35,-0.21,0.82,3.5,5.76,4.86,5.06,5.27,4.87,5.23,2.21,0.4,1.21,-0.8,0.0,8.65,18.11,14.08,14.29
2013-08-06,601519,4.95,5.09,5.23,4.93,324745,165781331.0,6.04,2.41,0.12,4.98,19.27,16.23,12.58,7.3,3.85,-1.62,-0.61,2.03,4.26,0.81,4.93,5.0,5.28,4.92,-0.2,-1.96,-1.18,-3.14,-2.36,6.09,15.32,11.39,11.59,14.54
2013-08-07,601519,5.05,4.92,5.08,4.89,245312,121498459.0,3.73,-3.34,-0.17,3.77,17.18,13.5,8.18,4.7,-0.82,0.2,2.86,5.11,1.64,6.95,4.99,4.93,5.26,4.97,1.42,2.24,0.2,1.02,9.76,19.31,15.24,15.45,18.5,23.37
2013-08-08,601519,4.92,4.96,4.99,4.85,149489,73750695.0,2.85,0.81,0.04,2.29,14.43,9.07,5.57,0.0,1.03,3.71,5.98,2.47,7.84,4.74,4.97,4.92,5.23,5.01,1.41,-0.6,0.2,8.87,18.35,14.31,14.52,17.54,22.38,21.77
2013-08-09,601519,4.95,4.85,5.03,4.76,171118,83345818.0,5.44,-2.22,-0.11,2.63,11.13,7.56,1.89,2.94,5.67,7.98,4.41,9.87,6.72,4.83,4.96,4.89,5.2,5.05,1.65,2.47,11.34,21.03,16.91,17.11,20.21,25.15,24.54,19.38
2013-08-12,601519,4.84,4.9,4.93,4.79,186276,90204318.0,2.89,1.03,0.05,2.86,6.89,1.25,2.3,5.01,7.31,3.76,9.19,6.05,4.18,5.01,4.94,4.9,5.16,5.09,1.43,10.2,19.8,15.71,15.92,18.98,23.88,23.27,18.16,22.24
2013-08-13,601519,4.9,4.91,4.97,4.81,172386,84659646.0,3.27,0.2,0.01,2.65,0.83,1.87,4.57,6.86,3.33,8.73,5.61,3.74,4.57,2.49,4.91,4.92,5.14,5.12,9.98,19.55,15.48,15.68,18.74,23.63,23.01,17.92,22.0,22.81
2013-08-14,601519,4.9,5.4,5.4,4.85,532177,274677920.0,11.2,9.98,0.49,8.17,1.03,3.71,5.98,2.47,7.84,4.74,2.89,3.71,1.65,2.47,5.0,4.99,5.14,5.15,8.7,5.0,5.19,7.96,12.41,11.85,7.22,10.93,11.67,9.44
2013-08-15,601519,5.6,5.6,5.87,5.41,875963,491787008.0,8.52,3.7,0.2,13.45,-7.02,-4.99,-8.13,-3.33,-6.1,-7.76,-7.02,-8.87,-8.13,-0.18,5.13,5.05,5.14,5.17,1.25,1.43,4.11,8.39,7.86,3.39,6.96,7.68,5.54,2.32
2013-08-16,601519,5.47,5.26,5.67,5.23,514420,281140640.0,7.86,-6.07,-0.34,7.9,-1.72,-4.97,0.0,-2.87,-4.59,-3.82,-5.74,-4.97,3.25,12.24,5.21,5.09,5.12,5.19,7.98,10.84,15.4,14.83,10.08,13.88,14.64,12.36,8.94,10.27
2013-08-19,601519,5.18,5.59,5.68,5.0,463284,252540598.0,12.93,6.27,0.33,7.11,-0.6,4.6,1.6,-0.2,0.6,-1.4,-0.6,8.0,17.4,13.4,5.35,5.15,5.11,5.23,4.29,8.59,8.05,3.58,7.16,7.87,5.72,2.5,3.76,0.0
2013-08-20,601519,5.51,5.71,5.83,5.42,577851,326193552.0,7.33,2.15,0.12,8.87,-3.51,-6.27,-7.93,-7.2,-9.04,-8.3,-0.37,8.3,4.61,4.8,5.51,5.21,5.1,5.26,6.3,5.78,1.4,4.9,5.6,3.5,0.35,1.58,-2.1,-0.53
2013-08-21,601519,5.64,5.84,6.07,5.58,623396,365560064.0,8.58,2.28,0.13,9.57,-8.96,-10.57,-9.86,-11.65,-10.93,-3.23,5.2,1.61,1.79,4.48,5.6,5.3,5.12,5.27,3.42,-0.86,2.57,3.25,1.2,-1.88,-0.68,-4.28,-2.74,-3.6
2013-08-22,601519,5.86,5.75,6.04,5.64,543005,315070608.0,6.85,-1.54,-0.09,8.33,-11.52,-10.82,-12.59,-11.88,-4.26,4.08,0.53,0.71,3.37,7.62,5.63,5.38,5.15,5.28,0.7,4.17,4.87,2.78,-0.35,0.87,-2.78,-1.22,-2.09,-1.57
2013-08-23,601519,5.7,5.59,5.79,5.41,397128,222679830.0,6.61,-2.78,-0.16,6.1,-7.02,-8.87,-8.13,-0.18,8.5,4.81,4.99,7.76,12.2,11.65,5.7,5.45,5.17,5.28,7.16,7.87,5.72,2.5,3.76,0.0,1.61,0.72,1.25,4.47
2013-08-26,601519,5.64,5.88,5.99,5.52,491392,283520128.0,8.41,5.19,0.29,7.54,-10.69,-9.96,-2.17,6.34,2.72,2.9,5.62,9.96,9.42,4.89,5.75,5.55,5.23,5.29,2.55,0.51,-2.55,-1.36,-4.93,-3.4,-4.25,-3.74,-0.68,6.63
2013-08-27,601519,5.81,5.92,6.03,5.73,502277,296704464.0,5.1,0.68,0.04,7.71,-13.26,-5.76,2.44,-1.05,-0.87,1.75,5.93,5.41,1.05,4.54,5.8,5.65,5.29,5.31,-0.17,-3.21,-2.03,-5.57,-4.05,-4.9,-4.39,-1.35,5.91,15.37
2013-08-28,601519,5.8,5.68,5.91,5.66,409093,235239972.0,4.22,-4.05,-0.24,6.28,-4.59,3.71,0.18,0.35,3.0,7.24,6.71,2.3,5.83,6.54,5.76,5.68,5.34,5.32,0.88,2.11,-1.58,0.0,-0.88,-0.35,2.82,10.39,20.25,14.96
2013-08-29,601519,5.63,5.56,5.73,5.48,256324,142997058.0,4.4,-2.11,-0.12,3.93,7.12,3.47,3.65,6.39,10.77,10.22,5.66,9.31,10.04,7.85,5.73,5.68,5.37,5.32,4.32,0.54,2.16,1.26,1.8,5.04,12.77,22.84,17.45,23.2
2013-08-30,601519,5.54,5.51,5.8,5.43,335385,188104967.0,6.65,-0.9,-0.05,5.15,4.42,4.6,7.37,11.79,11.23,6.63,10.31,11.05,8.84,5.52,5.71,5.7,5.39,5.31,1.45,3.09,2.18,2.72,5.99,13.79,23.96,18.51,24.32,28.13
2013-09-02,601519,5.4,5.55,5.59,5.3,180214,98570767.0,5.26,0.73,0.04,2.77,7.17,10.0,14.53,13.96,9.25,13.02,13.77,11.51,8.11,9.43,5.64,5.7,5.42,5.3,2.34,1.44,1.98,5.23,12.97,23.06,17.66,23.42,27.21,30.63
2013-09-03,601519,5.51,5.62,5.68,5.46,177018,98793772.0,3.96,1.26,0.07,2.72,6.78,11.17,10.62,6.04,9.71,10.44,8.24,4.95,6.23,2.38,5.58,5.69,5.45,5.3,0.18,0.71,3.91,11.57,21.53,16.19,21.89,25.62,29.0,32.74
2013-09-04,601519,5.58,5.46,5.63,5.45,213781,117877537.0,3.2,-2.85,-0.16,3.28,11.38,10.83,6.24,9.91,10.64,8.44,5.14,6.42,2.57,4.22,5.54,5.65,5.48,5.3,3.66,6.96,14.84,25.09,19.6,25.46,29.3,32.78,36.63,34.62
2013-09-05,601519,5.45,5.62,5.66,5.4,266095,148374696.0,4.76,2.93,0.16,4.08,11.85,7.22,10.93,11.67,9.44,6.11,7.41,3.52,5.19,4.26,5.55,5.64,5.51,5.31,3.91,11.57,21.53,16.19,21.89,25.62,29.0,32.74,30.78,41.99
2013-09-06,601519,5.6,5.7,5.84,5.58,352549,202037851.0,4.63,1.42,0.08,5.41,3.76,7.35,8.06,5.91,2.69,3.94,0.18,1.79,0.9,1.43,5.59,5.65,5.55,5.33,10.0,19.82,14.56,20.18,23.86,27.19,30.88,28.95,40.0,50.53
2013-09-09,601519,5.69,6.27,6.27,5.57,722011,432825104.0,12.28,10.0,0.57,11.08,7.54,8.26,6.1,2.87,4.13,0.36,1.97,1.08,1.62,4.85,5.73,5.69,5.62,5.38,8.93,4.15,9.25,12.6,15.63,18.98,17.22,27.27,36.84,34.93
2013-09-10,601519,6.3,6.46,6.83,6.18,854432,548622448.0,10.37,3.03,0.19,13.11,-2.43,-4.37,-7.28,-6.15,-9.55,-8.09,-8.9,-8.41,-5.5,1.46,5.9,5.74,5.7,5.44,1.08,6.04,9.29,12.23,15.48,13.78,23.53,32.82,30.96,23.07
2013-09-11,601519,6.48,6.27,6.53,6.1,461574,290210496.0,6.66,-2.94,-0.19,7.08,-3.11,-6.07,-4.92,-8.36,-6.89,-7.7,-7.21,-4.26,2.79,11.97,6.06,5.8,5.74,5.49,9.25,12.6,15.63,18.98,17.22,27.27,36.84,34.93,26.79,24.88
2013-09-12,601519,6.21,6.59,6.85,6.18,567603,373697824.0,10.69,5.1,0.32,8.71,-7.28,-6.15,-9.55,-8.09,-8.9,-8.41,-5.5,1.46,10.52,5.66,6.26,5.9,5.79,5.55,7.13,10.02,13.2,11.53,21.09,30.2,28.38,20.64,18.82,22.15
2013-09-13,601519,6.45,6.8,7.06,6.35,589877,396644080.0,10.77,3.19,0.21,9.05,-8.66,-11.97,-10.55,-11.34,-10.87,-8.03,-1.26,7.56,2.83,7.87,6.48,6.03,5.87,5.61,6.62,9.71,8.09,17.35,26.18,24.41,16.91,15.15,18.38,23.53
2013-09-16,601519,6.7,7.19,7.25,6.65,609852,431391376.0,8.82,5.74,0.39,9.36,-15.94,-14.59,-15.34,-14.89,-12.18,-5.71,2.71,-1.8,3.01,6.17,6.66,6.2,5.95,5.68,3.76,2.23,10.99,19.33,17.66,10.57,8.9,11.96,16.83,17.66
2013-09-17,601519,7.14,7.02,7.46,6.85,594576,427397568.0,8.48,-2.36,-0.17,9.13,-17.08,-17.81,-17.37,-14.74,-8.47,-0.29,-4.67,0.0,3.07,5.84,6.77,6.34,6.01,5.75,4.7,13.68,22.22,20.51,13.25,11.54,14.67,19.66,20.51,32.05
2013-09-18,601519,6.93,7.25,7.35,6.93,412342,293495424.0,5.98,3.28,0.23,6.33,-18.76,-18.33,-15.73,-9.52,-1.44,-5.77,-1.15,1.88,4.62,7.65,6.97,6.52,6.08,5.82,10.07,18.34,16.69,9.66,8.0,11.03,15.86,16.69,27.86,24.0
2013-09-23,601519,7.27,7.98,7.98,7.14,642157,491194432.0,11.59,10.07,0.73,9.86,-20.73,-18.21,-12.18,-4.34,-8.54,-4.06,-1.12,1.54,4.48,2.94,7.25,6.75,6.2,5.92,7.52,6.02,-0.38,-1.88,0.88,5.26,6.02,16.17,12.66,13.41
2013-09-24,601519,7.98,8.11,8.58,7.82,691525,565652560.0,9.52,1.63,0.13,10.61,-25.32,-19.82,-12.66,-16.5,-12.4,-9.72,-7.29,-4.6,-6.01,2.05,7.51,6.99,6.32,6.03,4.32,-1.97,-3.45,-0.74,3.58,4.32,14.3,10.85,11.59,10.23
2013-09-25,601519,8.0,7.79,8.46,7.73,559420,451539376.0,9.0,-3.95,-0.32,8.59,-18.89,-11.64,-15.52,-11.38,-8.67,-6.21,-3.49,-4.92,3.23,11.0,7.63,7.15,6.42,6.13,2.05,0.51,3.34,7.83,8.6,19.0,15.4,16.17,14.76,10.78
2013-09-26,601519,7.71,7.6,7.95,7.5,374824,288936240.0,5.78,-2.44,-0.19,5.75,-8.93,-12.93,-8.67,-5.87,-3.33,-0.53,-2.0,6.4,14.4,12.8,7.75,7.26,6.5,6.22,3.03,5.92,10.53,11.32,21.97,18.29,19.08,17.63,13.55,8.29
2013-09-27,601519,7.63,7.48,7.83,7.33,313039,237190672.0,6.58,-1.58,-0.12,4.8,-10.91,-6.55,-3.68,-1.09,1.77,0.27,8.87,17.05,15.42,8.46,7.79,7.38,6.59,6.29,7.62,12.3,13.1,23.93,20.19,20.99,19.52,15.37,10.03,6.68
2013-09-30,601519,7.45,8.01,8.05,7.45,387205,304876224.0,8.02,7.09,0.53,5.94,-8.05,-5.23,-2.68,0.13,-1.34,7.11,15.17,13.56,6.71,5.1,7.8,7.52,6.71,6.37,4.87,5.62,15.73,12.23,12.98,11.61,7.74,2.75,-0.37,4.0
2013-10-08,601519,8.16,8.24,8.4,7.96,422800,346296512.0,5.49,2.87,0.23,6.49,-11.31,-8.92,-6.28,-7.66,0.25,7.79,6.28,-0.13,-1.63,1.13,7.82,7.67,6.85,6.47,2.67,12.5,9.1,9.83,8.5,4.73,-0.12,-3.16,1.09,0.61
2013-10-09,601519,8.18,8.43,8.46,8.07,391643,325125088.0,4.73,2.31,0.19,6.01,-10.16,-7.56,-8.92,-1.12,6.32,4.83,-1.49,-2.97,-0.25,4.09,7.95,7.79,6.99,6.56,9.96,6.64,7.35,6.05,2.37,-2.37,-5.34,-1.19,-1.66,-7.95
2013-10-10,601519,8.8,8.67,9.27,8.6,703464,634143088.0,7.95,2.85,0.24,10.8,-13.26,-14.53,-7.21,-0.23,-1.63,-7.56,-8.95,-6.4,-2.33,-1.63,8.17,7.96,7.15,6.66,3.69,4.38,3.11,-0.46,-5.07,-7.96,-3.92,-4.38,-10.5,-10.38
2013-10-11,601519,8.51,8.94,8.99,8.07,589148,507272784.0,10.61,3.11,0.27,9.04,-8.92,-1.12,6.32,4.83,-1.49,-2.97,-0.25,4.09,4.83,14.87,8.46,8.12,7.32,6.76,1.23,0.0,-3.47,-7.94,-10.74,-6.82,-7.27,-13.2,-13.09,-13.42
2013-10-14,601519,8.8,8.8,9.05,8.62,329760,292040272.0,4.81,-1.57,-0.14,5.06,-7.42,-0.46,-1.86,-7.77,-9.16,-6.61,-2.55,-1.86,7.54,4.29,8.62,8.21,7.48,6.87,1.59,-1.93,-6.48,-9.32,-5.34,-5.8,-11.82,-11.7,-12.05,-13.52
2013-10-15,601519,8.73,8.66,8.94,8.59,276672,242068492.0,3.98,-1.59,-0.14,4.25,-0.12,-1.51,-7.45,-8.85,-6.29,-2.21,-1.51,7.92,4.66,5.36,8.7,8.26,7.63,6.97,-0.35,-4.97,-7.85,-3.81,-4.27,-10.39,-10.28,-10.62,-12.12,-11.09
2013-10-16,601519,8.59,8.02,8.63,7.97,380467,311154912.0,7.62,-7.39,-0.64,5.84,6.15,-0.25,-1.76,1.0,5.4,6.15,16.31,12.8,13.55,12.17,8.62,8.28,7.72,7.04,2.62,-0.5,3.87,3.37,-3.24,-3.12,-3.49,-5.11,-3.99,-9.6
2013-10-17,601519,8.07,7.7,8.23,7.5,296971,233455493.0,9.1,-3.99,-0.32,4.56,6.0,4.4,7.33,12.0,12.8,23.6,19.87,20.67,19.2,15.07,8.42,8.29,7.78,7.1,3.64,8.18,7.66,0.78,0.91,0.52,-1.17,0.0,-5.84,-7.79
2013-10-18,601519,7.7,7.88,7.98,7.61,189419,148868619.0,4.81,2.34,0.18,2.91,2.89,5.78,10.38,11.17,21.81,18.13,18.92,17.48,13.4,8.15,8.21,8.33,7.86,7.17,5.71,5.2,-1.52,-1.4,-1.78,-3.43,-2.28,-7.99,-9.9,-12.44
2013-10-21,601519,7.89,8.24,8.33,7.67,308566,250436044.0,8.38,4.57,0.36,4.74,4.95,9.52,10.3,20.86,17.21,17.99,16.56,12.52,7.3,4.04,8.1,8.36,7.94,7.26,0.61,-5.83,-5.7,-6.07,-7.65,-6.55,-12.01,-13.83,-16.26,-15.66
2013-10-22,601519,8.15,7.81,8.29,7.71,319675,253508494.0,7.04,-5.22,-0.43,4.91,8.95,9.73,20.23,16.6,17.38,15.95,11.93,6.74,3.5,8.04,7.93,8.31,7.99,7.34,-0.64,-0.51,-0.9,-2.56,-1.41,-7.17,-9.09,-11.65,-11.01,-8.19
2013-10-23,601519,7.65,7.29,7.76,7.04,298185,220408257.0,9.22,-6.66,-0.52,4.58,20.17,31.68,27.7,28.55,26.99,22.59,16.9,13.35,18.32,17.76,7.78,8.2,8.0,7.4,6.58,6.17,4.39,5.62,-0.55,-2.61,-5.35,-4.66,-1.65,-0.14
2013-10-24,601519,7.15,7.71,7.77,7.04,259045,194246728.0,10.01,5.76,0.42,3.98,31.68,27.7,28.55,26.99,22.59,16.9,13.35,18.32,17.76,10.23,7.79,8.1,8.03,7.47,0.39,-1.3,-0.13,-5.97,-7.91,-10.51,-9.86,-7.0,-5.58,-8.04
2013-10-25,601519,7.71,7.59,7.74,7.23,208133,156553770.0,6.61,-1.56,-0.12,3.19,24.34,25.17,23.65,19.36,13.83,10.37,15.21,14.66,7.33,7.47,7.73,7.97,8.05,7.54,0.26,1.45,-4.48,-6.46,-9.09,-8.43,-5.53,-4.08,-6.59,-9.09
2013-10-28,601519,7.49,7.47,7.61,7.3,125941,93877685.0,4.08,-1.58,-0.12,1.93,23.97,22.47,18.22,12.74,9.32,14.11,13.56,6.3,6.44,6.03,7.57,7.84,8.02,7.6,3.08,-2.95,-4.95,-7.63,-6.96,-4.02,-2.54,-5.09,-7.63,-12.45
2013-10-29,601519,7.58,7.15,7.7,6.76,273231,199274899.0,12.58,-4.28,-0.32,4.19,32.25,27.66,21.75,18.05,23.22,22.63,14.79,14.94,14.5,12.57,7.44,7.69,7.97,7.65,1.4,-0.7,-3.5,-2.8,0.28,1.82,-0.84,-3.5,-8.53,-10.07
2013-10-30,601519,7.18,7.14,7.25,6.8,175269,123119387.0,6.29,-0.14,-0.01,2.69,26.91,21.03,17.35,22.5,21.91,14.12,14.26,13.82,11.91,13.24,7.41,7.6,7.94,7.68,-0.56,-3.36,-2.66,0.42,1.96,-0.7,-3.36,-8.4,-9.94,-10.08
2013-10-31,601519,7.03,6.9,7.1,6.79,161328,111690034.0,4.34,-3.36,-0.24,2.48,21.21,17.53,22.68,22.09,14.29,14.43,13.99,12.08,13.4,6.77,7.25,7.52,7.91,7.69,0.0,0.72,3.91,5.51,2.75,0.0,-5.22,-6.81,-6.96,-5.07
2013-11-01,601519,6.86,6.76,6.9,6.58,132375,88941256.0,4.64,-2.03,-0.14,2.03,21.28,26.6,25.99,17.93,18.09,17.63,15.65,17.02,10.18,7.9,7.08,7.41,7.87,7.71,2.81,6.07,7.69,4.88,2.07,-3.25,-4.88,-5.03,-3.11,2.07
2013-11-04,601519,6.75,6.86,6.95,6.73,90140,61867473.0,3.25,1.48,0.1,1.38,23.77,23.18,15.3,15.45,15.01,13.08,14.41,7.73,5.5,2.53,6.96,7.27,7.81,7.72,4.52,6.12,3.35,0.58,-4.66,-6.27,-6.41,-4.52,0.58,4.96
2013-11-05,601519,6.95,7.14,7.17,6.81,154360,107926180.0,5.25,4.08,0.28,2.37,21.73,13.95,14.1,13.66,11.75,13.07,6.46,4.26,1.32,2.06,6.96,7.2,7.76,7.73,1.96,-0.7,-3.36,-8.4,-9.94,-10.08,-8.26,-3.36,0.84,2.38
2013-11-06,601519,7.1,7.03,7.28,7.0,159910,114365923.0,3.92,-1.54,-0.11,2.45,10.86,11.0,10.57,8.71,10.0,3.57,1.43,-1.43,-0.71,2.43,6.94,7.17,7.69,7.72,0.85,-1.85,-6.97,-8.53,-8.68,-6.83,-1.85,2.42,3.98,3.41
2013-11-07,601519,7.03,6.89,7.09,6.87,108032,75191040.0,3.13,-1.99,-0.14,1.66,13.1,12.66,10.77,12.08,5.53,3.35,0.44,1.16,4.37,5.97,6.94,7.09,7.6,7.72,0.15,-5.08,-6.68,-6.82,-4.93,0.15,4.5,6.1,5.52,5.08
2013-11-08,601519,6.84,6.43,6.9,6.42,184171,121104403.0,6.97,-6.68,-0.46,2.83,20.56,18.54,19.94,12.93,10.59,7.48,8.26,11.68,13.4,10.44,6.87,6.98,7.47,7.69,1.71,0.0,-0.16,1.87,7.31,11.98,13.69,13.06,12.6,11.51
2013-11-11,601519,6.44,6.3,6.54,6.2,111399,70461909.0,5.29,-2.02,-0.13,1.71,22.74,24.19,16.94,14.52,11.29,12.1,15.65,17.42,14.35,11.29,6.76,6.86,7.35,7.63,2.06,1.9,3.97,9.52,14.29,16.03,15.4,14.92,13.81,11.75
2013-11-12,601519,6.3,6.34,6.43,6.14,114056,71821830.0,4.6,0.63,0.04,1.75,25.41,18.08,15.64,12.38,13.19,16.78,18.57,15.47,12.38,6.51,6.6,6.78,7.23,7.58,1.26,3.31,8.83,13.56,15.3,14.67,14.2,13.09,11.04,7.1
2013-11-13,601519,6.35,6.2,6.42,6.2,96112,60751093.0,3.47,-2.21,-0.14,1.48,16.94,14.52,11.29,12.1,15.65,17.42,14.35,11.29,5.48,3.71,6.43,6.68,7.14,7.52,5.65,11.29,16.13,17.9,17.26,16.77,15.65,13.55,9.52,12.26
2013-11-14,601519,6.16,6.49,6.55,6.06,163002,103111790.0,7.9,4.68,0.29,2.5,17.16,13.86,14.69,18.32,20.13,17.0,13.86,7.92,6.11,5.94,6.35,6.64,7.08,7.49,6.32,10.94,12.63,12.02,11.56,10.48,8.47,4.62,7.24,7.55
2013-11-15,601519,6.46,6.66,6.9,6.41,213294,142811614.0,7.55,2.62,0.17,3.27,7.64,8.42,11.86,13.57,10.61,7.64,2.03,0.31,0.16,2.18,6.4,6.63,7.02,7.46,8.11,9.76,9.16,8.71,7.66,5.71,1.95,4.5,4.8,5.86
2013-11-18,601519,6.66,7.19,7.2,6.62,276445,191372566.0,8.71,7.96,0.53,4.24,4.98,8.31,9.97,7.1,4.23,-1.21,-2.87,-3.02,-1.06,4.23,6.58,6.67,6.97,7.43,1.67,1.11,0.7,-0.28,-2.09,-5.56,-3.2,-2.92,-1.95,0.7
2013-11-19,601519,7.3,7.12,7.31,7.0,211518,151239727.0,4.31,-0.97,-0.07,3.25,2.43,4.0,1.29,-1.43,-6.57,-8.14,-8.29,-6.43,-1.43,2.86,6.73,6.66,6.93,7.39,2.11,1.69,0.7,-1.12,-4.63,-2.25,-1.97,-0.98,1.69,0.84
2013-11-20,601519,7.05,7.26,7.27,7.05,159081,114465919.0,3.09,1.97,0.14,2.44,3.26,0.57,-2.13,-7.23,-8.79,-8.94,-7.09,-2.13,2.13,3.69,6.94,6.69,6.93,7.35,-0.28,-1.24,-3.03,-6.47,-4.13,-3.86,-2.89,-0.28,-1.1,2.62
2013-11-21,601519,7.2,7.15,7.24,7.01,160731,114035181.0,3.17,-1.52,-0.11,2.47,1.14,-1.57,-6.7,-8.27,-8.42,-6.56,-1.57,2.71,4.28,3.71,7.08,6.71,6.9,7.3,0.28,-1.54,-5.03,-2.66,-2.38,-1.4,1.26,0.42,4.2,3.36
2013-11-22,601519,7.13,6.82,7.17,6.8,159377,111260223.0,5.17,-4.62,-0.33,2.45,1.47,-3.82,-5.44,-5.59,-3.68,1.47,5.88,7.5,6.91,6.47,7.11,6.75,6.86,7.23,3.23,-0.44,2.05,2.35,3.37,6.16,5.28,9.24,8.36,7.77
2013-11-25,601519,6.88,6.7,7.04,6.62,170341,116676733.0,6.16,-1.76,-0.12,2.61,-1.21,-2.87,-3.02,-1.06,4.23,8.76,10.42,9.82,9.37,8.31,7.01,6.79,6.83,7.16,1.34,3.88,4.18,5.22,8.06,7.16,11.19,10.3,9.7,13.28
2013-11-26,601519,6.71,6.74,6.79,6.61,107684,72276778.0,2.69,0.6,0.04,1.65,-2.72,-2.87,-0.91,4.39,8.93,10.59,9.98,9.53,8.47,6.51,6.93,6.83,6.81,7.1,3.26,3.56,4.6,7.42,6.53,10.53,9.64,9.05,12.61,15.13
2013-11-27,601519,6.73,6.9,6.96,6.7,119373,81893975.0,3.86,2.37,0.16,1.83,-4.18,-2.24,2.99,7.46,9.1,8.51,8.06,7.01,5.07,1.34,6.86,6.9,6.79,7.06,1.16,2.17,4.93,4.06,7.97,7.1,6.52,10.0,12.46,10.43
2013-11-28,601519,6.9,6.87,6.98,6.84,128004,88302017.0,2.03,-0.43,-0.03,1.96,-4.24,0.88,5.26,6.87,6.29,5.85,4.82,2.92,-0.73,1.75,6.81,6.94,6.79,7.03,2.62,5.39,4.51,8.44,7.57,6.99,10.48,12.95,10.92,8.3
2013-11-29,601519,6.87,7.02,7.05,6.81,153582,106596077.0,3.49,2.18,0.15,2.36,1.32,5.73,7.34,6.75,6.31,5.29,3.38,-0.29,2.2,2.5,6.85,6.98,6.81,7.01,3.13,2.28,6.13,5.27,4.7,8.12,10.54,8.55,5.98,-0.28
2013-12-02,601519,6.87,7.0,7.24,6.67,283991,199775872.0,8.12,-0.28,-0.02,4.36,7.95,9.6,9.0,8.55,7.5,5.55,1.8,4.35,4.65,5.7,6.91,6.96,6.81,6.96,2.57,6.43,5.57,5.0,8.43,10.86,8.86,6.29,0.0,-0.71
2013-12-03,601519,6.83,7.1,7.18,6.75,185640,129956132.0,6.14,1.43,0.1,2.85,8.3,7.7,7.26,6.22,4.3,0.59,3.11,3.41,4.44,7.26,6.98,6.96,6.81,6.94,4.93,4.08,3.52,6.9,9.3,7.32,4.79,-1.41,-2.11,-3.52
2013-12-04,601519,7.08,7.37,7.45,7.07,300983,219833882.0,5.35,3.8,0.27,4.62,2.83,2.4,1.41,-0.42,-3.96,-1.56,-1.27,-0.28,2.4,1.56,7.07,6.97,6.83,6.94,0.27,-0.27,2.99,5.29,3.39,0.95,-5.02,-5.7,-7.06,-8.14
2013-12-05,601519,7.36,7.25,7.39,7.2,127975,93209507.0,2.58,-1.63,-0.12,1.96,0.56,-0.42,-2.22,-5.69,-3.33,-3.06,-2.08,0.56,-0.28,3.47,7.15,6.98,6.85,6.93,1.38,4.69,7.03,5.1,2.62,-3.45,-4.14,-5.52,-6.62,-7.86
2013-12-06,601519,7.25,7.29,7.35,7.02,142190,101654615.0,4.55,0.55,0.04,2.18,2.14,0.28,-3.28,-0.85,-0.57,0.43,3.13,2.28,6.13,5.27,7.2,7.02,6.89,6.92,4.12,6.45,4.53,2.06,-3.98,-4.66,-6.04,-7.13,-8.37,-10.84
2013-12-09,601519,7.26,7.51,7.59,7.16,259294,191704450.0,5.9,3.02,0.22,3.98,-1.68,-5.17,-2.79,-2.51,-1.54,1.12,0.28,4.05,3.21,2.65,7.3,7.1,6.95,6.92,3.33,1.46,-0.93,-6.79,-7.46,-8.79,-9.85,-11.05,-13.45,-15.31
2013-12-10,601519,7.48,7.72,7.76,7.4,356188,269551360.0,4.79,2.8,0.21,5.47,-8.24,-5.95,-5.68,-4.73,-2.16,-2.97,0.68,-0.14,-0.68,2.57,7.43,7.2,7.02,6.94,-1.3,-3.63,-9.33,-9.97,-11.27,-12.31,-13.47,-15.8,-17.62,-20.21
2013-12-11,601519,7.61,7.34,7.62,7.13,534668,392185008.0,6.35,-4.92,-0.38,8.21,-2.38,-2.1,-1.12,1.54,0.7,4.49,3.65,3.09,6.45,8.84,7.42,7.25,7.07,6.94,1.36,-4.63,-5.31,-6.68,-7.77,-8.99,-11.44,-13.35,-16.08,-14.71
2013-12-12,601519,7.2,7.11,7.44,7.1,337488,242957156.0,4.63,-3.13,-0.23,5.18,-1.69,-0.7,1.97,1.13,4.93,4.08,3.52,6.9,9.3,7.32,7.39,7.27,7.11,6.95,-1.55,-2.25,-3.66,-4.78,-6.05,-8.58,-10.55,-13.36,-11.95,-10.83
2013-12-13,601519,6.95,6.77,7.0,6.73,300834,205610910.0,3.8,-4.78,-0.34,4.62,4.75,7.58,6.69,10.7,9.81,9.21,12.78,15.3,13.22,10.55,7.29,7.25,7.11,6.95,2.66,1.18,0.0,-1.33,-3.99,-6.06,-9.01,-7.53,-6.35,-4.43
2013-12-16,601519,6.77,6.82,6.95,6.6,226046,153213484.0,5.17,0.74,0.05,3.47,9.7,8.79,12.88,11.97,11.36,15.0,17.58,15.45,12.73,6.06,7.15,7.23,7.09,6.95,0.44,-0.73,-2.05,-4.69,-6.74,-9.68,-8.21,-7.04,-5.13,-3.23
2013-12-17,601519,6.78,6.71,6.85,6.67,138935,93770739.0,2.64,-1.61,-0.11,2.13,7.65,11.69,10.79,10.19,13.79,16.34,14.24,11.54,4.95,4.2,6.95,7.19,7.07,6.94,0.89,-0.45,-3.13,-5.22,-8.2,-6.71,-5.51,-3.58,-1.64,0.6
2013-12-18,601519,6.71,6.58,6.77,6.57,86522,57745640.0,2.98,-1.94,-0.13,1.33,13.39,12.48,11.87,15.53,18.11,15.98,13.24,6.54,5.78,4.26,6.8,7.11,7.04,6.92,1.52,-1.22,-3.34,-6.38,-4.86,-3.65,-1.67,0.3,2.58,-1.52
2013-12-19,601519,6.65,6.4,6.68,6.4,118117,77037870.0,4.26,-2.74,-0.18,1.81,15.47,14.84,18.59,21.25,19.06,16.25,9.38,8.59,7.03,5.78,6.66,7.02,7.0,6.91,1.56,-0.62,-3.75,-2.19,-0.94,1.09,3.12,5.47,1.25,-3.12
2013-12-20,601519,6.42,6.36,6.5,6.26,149374,94949481.0,3.75,-0.63,-0.04,2.29,17.41,21.25,23.96,21.73,18.85,11.82,11.02,9.42,8.15,6.71,6.57,6.93,6.98,6.9,0.0,-3.14,-1.57,-0.31,1.73,3.77,6.13,1.89,-2.52,-3.93
2013-12-23,601519,6.34,6.08,6.36,5.8,142993,86751251.0,8.81,-4.4,-0.28,2.19,30.86,33.79,31.38,28.28,20.69,19.83,18.1,16.72,15.17,12.07,6.43,6.79,6.95,6.9,1.32,2.96,4.28,6.41,8.55,11.02,6.58,1.97,0.49,0.16
2013-12-24,601519,6.06,6.09,6.16,5.99,81216,49510782.0,2.8,0.16,0.01,1.25,29.55,27.21,24.21,16.86,16.03,14.36,13.02,11.52,8.51,6.18,6.3,6.63,6.91,6.89,2.79,4.11,6.24,8.37,10.84,6.4,1.81,0.33,0.0,1.64
2013-12-25,601519,6.09,6.25,6.26,6.01,82343,50753544.0,4.11,2.63,0.16,1.26,26.79,23.79,16.47,15.64,13.98,12.65,11.15,8.15,5.82,2.5,6.24,6.52,6.88,6.89,1.44,3.52,5.6,8.0,3.68,-0.8,-2.24,-2.56,-0.96,-1.44
2013-12-26,601519,6.26,6.12,6.34,6.1,89621,55832079.0,3.84,-2.08,-0.13,1.38,21.97,14.75,13.93,12.3,10.98,9.51,6.56,4.26,0.98,2.62,6.18,6.42,6.84,6.88,5.72,7.84,10.29,5.88,1.31,-0.16,-0.49,1.14,0.65,-1.47
2013-12-27,601519,6.07,6.39,6.47,6.07,159841,100882116.0,6.54,4.41,0.27,2.45,15.32,14.5,12.85,11.53,10.05,7.08,4.78,1.48,3.13,4.45,6.19,6.38,6.81,6.87,3.29,5.63,1.41,-2.97,-4.38,-4.69,-3.13,-3.6,-5.63,-8.76
2013-12-30,601519,6.36,6.5,6.6,6.29,148354,95094960.0,4.85,1.72,0.11,2.28,10.49,8.9,7.63,6.2,3.34,1.11,-2.07,-0.48,0.79,2.86,6.27,6.35,6.79,6.84,3.85,-0.31,-4.62,-6.0,-6.31,-4.77,-5.23,-7.23,-10.31,-10.46
2013-12-31,601519,6.47,6.68,6.75,6.41,197575,130219165.0,5.23,2.77,0.18,3.03,6.86,5.62,4.21,1.4,-0.78,-3.9,-2.34,-1.09,0.94,2.96,6.39,6.34,6.77,6.83,-2.99,-7.19,-8.53,-8.83,-7.34,-7.78,-9.73,-12.72,-12.87,-10.93
2014-01-02,601519,6.46,6.15,6.48,6.1,593312,368595088.0,5.69,-7.93,-0.53,9.11,10.98,9.51,6.56,4.26,0.98,2.62,3.93,6.07,8.2,10.66,6.37,6.3,6.71,6.79,0.81,-0.65,-0.98,0.65,0.16,-1.95,-5.2,-5.37,-3.25,-2.6
2014-01-03,601519,6.15,6.17,6.2,6.03,158194,96833882.0,2.76,0.33,0.02,2.43,10.78,7.79,5.47,2.16,3.81,5.14,7.3,9.45,11.94,7.46,6.38,6.28,6.65,6.76,-0.97,-1.3,0.32,-0.16,-2.27,-5.51,-5.67,-3.57,-2.92,-2.76
2014-01-06,601519,6.11,5.92,6.11,5.9,149717,89564783.0,3.4,-4.05,-0.25,2.3,10.17,7.8,4.41,6.1,7.46,9.66,11.86,14.41,9.83,5.08,6.28,6.23,6.58,6.73,2.87,4.56,4.05,1.86,-1.52,-1.69,0.51,1.18,1.35,3.55
2014-01-07,601519,5.93,5.98,6.09,5.91,101555,60760117.0,3.04,1.01,0.06,1.56,7.61,4.23,5.92,7.28,9.48,11.68,14.21,9.64,4.91,3.38,6.18,6.22,6.51,6.71,3.51,3.01,0.84,-2.51,-2.68,-0.5,0.17,0.33,2.51,11.04
2014-01-08,601519,6.0,6.13,6.19,5.98,186808,114127943.0,3.51,2.51,0.15,2.87,3.01,4.68,6.02,8.19,10.37,12.88,8.36,3.68,2.17,1.84,6.07,6.23,6.43,6.69,0.49,-1.63,-4.89,-5.06,-2.94,-2.28,-2.12,0.0,8.32,10.44
2014-01-09,601519,6.08,5.98,6.16,5.93,140720,85305169.0,3.75,-2.45,-0.15,2.16,5.56,6.91,9.11,11.3,13.83,9.27,4.55,3.04,2.7,4.38,6.04,6.2,6.36,6.66,0.84,-2.51,-2.68,-0.5,0.17,0.33,2.51,11.04,13.21,11.71
2014-01-10,601519,5.96,5.68,6.03,5.63,111913,65704287.0,6.69,-5.02,-0.3,1.72,12.61,14.92,17.23,19.89,15.1,10.12,8.53,8.17,9.95,9.41,5.94,6.16,6.29,6.62,2.64,2.46,4.75,5.46,5.63,7.92,16.9,19.19,17.61,26.76
2014-01-13,601519,5.62,5.76,5.83,5.6,104588,60115754.0,4.05,1.41,0.08,1.61,15.54,17.86,20.54,15.71,10.71,9.11,8.75,10.54,10.0,7.68,5.91,6.09,6.24,6.57,1.04,3.3,3.99,4.17,6.42,15.28,17.53,15.97,25.0,22.74
2014-01-14,601519,5.76,5.81,5.82,5.7,73992,42686446.0,2.08,0.87,0.05,1.14,15.79,18.42,13.68,8.77,7.19,6.84,8.6,8.07,5.79,2.28,5.87,6.03,6.19,6.53,2.41,3.1,3.27,5.51,14.29,16.52,14.97,23.92,21.69,22.03
2014-01-15,601519,5.82,5.93,5.95,5.8,120446,70902838.0,2.58,2.07,0.12,1.85,16.38,11.72,6.9,5.34,5.0,6.72,6.21,3.97,0.52,0.34,5.83,5.95,6.15,6.5,1.01,1.18,3.37,11.97,14.17,12.65,21.42,19.22,19.56,25.63
2014-01-16,601519,5.93,5.95,5.99,5.84,115961,68635532.0,2.53,0.34,0.02,1.78,10.96,6.16,4.62,4.28,5.99,5.48,3.25,-0.17,-0.34,1.88,5.83,5.93,6.12,6.45,0.84,3.03,11.6,13.78,12.27,21.01,18.82,19.16,25.21,34.79
2014-01-17,601519,5.97,5.92,6.0,5.89,82980,49382191.0,1.85,-0.5,-0.03,1.27,5.26,3.74,3.4,5.09,4.58,2.38,-1.02,-1.19,1.02,1.7,5.87,5.91,6.09,6.4,3.55,12.16,14.36,12.84,21.62,19.43,19.76,25.84,35.47,48.99
2014-01-20,601519,5.89,6.04,6.13,5.81,134689,81153406.0,5.41,2.03,0.12,2.07,5.16,4.82,6.54,6.02,3.79,0.34,0.17,2.41,3.1,3.27,5.93,5.92,6.08,6.36,9.93,12.09,10.6,19.21,17.05,17.38,23.34,32.78,46.03,50.5
2014-01-21,601519,6.0,6.64,6.64,5.98,616808,403207792.0,10.93,9.93,0.6,9.47,1.84,3.51,3.01,0.84,-2.51,-2.68,-0.5,0.17,0.33,2.51,6.1,5.98,6.1,6.33,1.96,0.6,8.43,6.48,6.78,12.2,20.78,32.83,36.9,35.09
2014-01-22,601519,6.6,6.64,6.77,6.45,513723,339489232.0,4.82,0.0,0.0,7.89,-4.03,-4.5,-6.51,-9.61,-9.77,-7.75,-7.13,-6.98,-4.96,2.95,6.24,6.03,6.13,6.3,0.6,8.43,6.48,6.78,12.2,20.78,32.83,36.9,35.09,33.43
2014-01-23,601519,6.53,6.57,6.68,6.45,320070,210173345.0,3.46,-1.05,-0.07,4.91,-4.5,-6.51,-9.61,-9.77,-7.75,-7.13,-6.98,-4.96,2.95,4.96,6.36,6.09,6.15,6.27,9.59,7.61,7.91,13.39,22.07,34.25,38.36,36.53,34.86,31.96
2014-01-24,601519,6.57,6.89,7.2,6.49,502279,343762432.0,10.81,4.87,0.32,7.71,-7.09,-10.17,-10.32,-8.32,-7.7,-7.55,-5.55,2.31,4.31,2.93,6.56,6.21,6.19,6.26,2.61,2.9,8.13,16.4,28.01,31.93,30.19,28.59,25.83,20.9
2014-01-27,601519,6.84,6.89,7.07,6.75,361151,250982317.0,4.64,0.0,0.0,5.54,-13.63,-13.78,-11.85,-11.26,-11.11,-9.19,-1.63,0.3,-1.04,6.67,6.73,6.33,6.21,6.27,2.9,8.13,16.4,28.01,31.93,30.19,28.59,25.83,20.9,25.25
2014-01-28,601519,6.92,7.06,7.09,6.81,218669,153119527.0,4.06,2.47,0.17,1.21,-14.54,-12.63,-12.04,-11.89,-9.99,-2.5,-0.59,-1.91,5.73,3.82,6.81,6.45,6.24,6.28,5.52,13.6,24.93,28.75,27.05,25.5,22.8,17.99,22.24,19.83
2014-01-29,601519,7.2,7.29,7.45,7.09,370810,271540272.0,5.1,3.26,0.23,2.05,-16.08,-15.51,-15.37,-13.54,-6.35,-4.51,-5.78,1.55,-0.28,0.0,6.94,6.59,6.27,6.29,10.01,20.99,24.69,23.05,21.54,18.93,14.27,18.38,16.05,16.05
2014-01-30,601519,7.49,8.02,8.02,7.49,472629,374728880.0,7.27,10.01,0.73,2.62,-20.03,-19.89,-18.16,-11.35,-9.61,-10.81,-3.87,-5.61,-5.34,-0.53,7.23,6.8,6.36,6.34,9.98,13.34,11.85,10.47,8.1,3.87,7.61,5.49,5.49,5.36
2014-02-07,601519,8.5,8.82,8.82,8.38,960582,837358944.0,5.49,9.98,0.8,5.32,-28.4,-26.85,-20.76,-19.21,-20.29,-14.08,-15.63,-15.39,-11.1,-4.3,7.62,7.09,6.5,6.42,3.06,1.7,0.45,-1.7,-5.56,-2.15,-4.08,-4.08,-4.2,-6.12
2014-02-10,601519,9.0,8.94,9.09,8.67,1019333,904363072.0,4.76,1.36,0.12,5.64,-29.3,-23.41,-21.91,-22.95,-16.96,-18.45,-18.22,-14.07,-7.5,1.73,8.03,7.38,6.65,6.51,0.34,-0.89,-3.02,-6.82,-3.47,-5.37,-5.37,-5.48,-7.38,-8.05
2014-02-11,601519,8.85,8.8,8.97,8.5,623752,545550416.0,5.26,-1.57,-0.14,3.45,-21.88,-20.35,-21.41,-15.29,-16.82,-16.59,-12.35,-5.65,3.76,6.94,8.37,7.59,6.79,6.6,0.68,-1.48,-5.34,-1.93,-3.86,-3.86,-3.98,-5.91,-6.59,-2.27
2014-02-12,601519,8.72,8.79,8.86,8.52,469080,407563904.0,3.86,-0.11,-0.01,2.6,-20.54,-21.6,-15.49,-17.02,-16.78,-12.56,-5.87,3.52,6.69,5.28,8.67,7.81,6.92,6.69,-1.37,-5.23,-1.82,-3.75,-3.75,-3.87,-5.8,-6.48,-2.16,-13.42
2014-02-13,601519,8.65,8.06,8.67,8.05,633766,531382496.0,7.05,-8.3,-0.73,3.51,-17.02,-10.56,-12.17,-11.93,-7.45,-0.37,9.57,12.92,11.43,10.06,8.68,7.96,7.02,6.75,3.35,7.07,4.96,4.96,4.84,2.73,1.99,6.7,-5.58,-3.23
2014-02-14,601519,8.15,8.18,8.33,7.95,594181,484763872.0,4.71,1.49,0.12,3.29,-9.43,-11.07,-10.82,-6.29,0.88,10.94,14.34,12.83,11.45,9.06,8.55,8.08,7.15,6.82,5.5,3.42,3.42,3.3,1.22,0.49,5.13,-6.97,-4.65,-7.95
2014-02-17,601519,8.15,8.48,8.63,8.09,518933,437719760.0,6.6,3.67,0.3,2.87,-12.61,-12.36,-7.91,-0.87,9.02,12.36,10.88,9.52,7.17,2.97,8.46,8.24,7.29,6.89,-0.24,-0.24,-0.35,-2.36,-3.07,1.42,-10.26,-8.02,-11.2,-11.2
2014-02-18,601519,8.45,8.25,8.46,8.09,359964,295209856.0,4.36,-2.71,-0.23,1.99,-12.36,-7.91,-0.87,9.02,12.36,10.88,9.52,7.17,2.97,6.67,8.35,8.36,7.41,6.95,2.55,2.42,0.36,-0.36,4.24,-7.76,-5.45,-8.73,-8.73,-1.21
2014-02-19,601519,8.2,8.18,8.46,7.97,326761,269306400.0,5.94,-0.85,-0.07,1.81,-6.52,0.63,10.66,14.05,12.55,11.17,8.78,4.52,8.28,6.15,8.23,8.45,7.52,7.0,3.3,1.22,0.49,5.13,-6.97,-4.65,-7.95,-7.95,-0.37,2.32
2014-02-20,601519,8.2,8.3,8.45,8.0,370656,305827168.0,5.5,1.47,0.12,2.05,0.25,10.25,13.62,12.13,10.75,8.38,4.13,7.88,5.75,5.75,8.28,8.48,7.64,7.07,-0.24,-0.96,3.61,-8.31,-6.02,-9.28,-9.28,-1.81,0.84,1.93
2014-02-21,601519,8.25,8.13,8.28,7.99,239801,194357600.0,3.49,-2.05,-0.17,1.33,10.39,13.77,12.27,10.89,8.51,4.26,8.01,5.88,5.88,5.76,8.27,8.41,7.75,7.13,1.11,5.78,-6.4,-4.06,-7.38,-7.38,0.25,2.95,4.06,3.08
2014-02-24,601519,8.08,8.22,8.22,8.02,183783,149880287.0,2.46,1.11,0.09,1.02,13.34,11.85,10.47,8.1,3.87,7.61,5.49,5.49,5.36,3.24,8.22,8.34,7.86,7.21,4.62,-7.42,-5.11,-8.39,-8.39,-0.85,1.82,2.92,1.95,-0.49
2014-02-25,601519,8.25,7.8,8.6,7.76,418747,345103680.0,10.22,-5.11,-0.42,2.32,15.59,14.18,11.73,7.35,11.21,9.02,9.02,8.89,6.7,5.93,8.13,8.24,7.92,7.27,-2.44,0.0,-3.46,-3.46,4.49,7.31,8.46,7.44,4.87,-2.95
2014-02-26,601519,7.56,7.5,7.61,7.28,299586,222782224.0,4.23,-3.85,-0.3,1.66,21.7,19.09,14.42,18.54,16.21,16.21,16.07,13.74,12.91,18.13,7.99,8.11,7.96,7.32,4.0,0.4,0.4,8.67,11.6,12.8,11.73,9.07,0.93,0.13
2014-02-27,601519,7.5,7.47,7.8,7.38,201688,152986852.0,5.6,-0.4,-0.03,1.12,17.48,12.87,16.94,14.63,14.63,14.5,12.2,11.38,16.53,3.12,7.82,8.05,8.0,7.37,0.8,0.8,9.1,12.05,13.25,12.18,9.5,1.34,0.54,0.67
2014-02-28,601519,7.38,7.36,7.53,7.06,238037,172838448.0,6.29,-1.47,-0.11,1.32,17.99,22.24,19.83,19.83,19.69,17.28,16.43,21.81,7.79,10.48,7.67,7.97,8.03,7.42,2.31,10.73,13.72,14.95,13.86,11.14,2.85,2.04,2.17,1.49
2014-03-03,601519,7.33,7.52,7.53,7.21,154132,114457729.0,4.35,2.17,0.16,0.85,19.69,17.34,17.34,17.2,14.84,14.01,19.28,5.55,8.18,4.44,7.53,7.87,8.06,7.48,8.38,11.3,12.5,11.44,8.78,0.66,-0.13,0.0,-0.66,-3.86
2014-03-04,601519,7.47,7.98,8.15,7.43,363869,287465552.0,9.57,6.12,0.46,2.01,13.86,13.86,13.73,11.44,10.63,15.75,2.42,4.98,1.35,1.35,7.57,7.85,8.1,7.55,4.89,6.02,5.01,2.51,-5.14,-5.89,-5.76,-6.39,-9.4,-9.02
2014-03-05,601519,7.91,8.24,8.37,7.87,321482,262142419.0,6.27,3.26,0.26,1.78,7.5,7.37,5.21,4.45,9.28,-3.3,-0.89,-4.32,-4.32,3.56,7.71,7.85,8.15,7.63,2.67,1.7,-0.73,-8.13,-8.86,-8.74,-9.34,-12.26,-11.89,-9.1
2014-03-06,601519,8.3,8.16,8.46,8.12,218625,180080711.0,4.13,-0.97,-0.08,1.21,4.06,1.97,1.23,5.91,-6.28,-3.94,-7.27,-7.27,0.37,3.08,7.85,7.84,8.16,7.7,2.7,0.25,-7.23,-7.97,-7.84,-8.46,-11.4,-11.03,-8.21,-9.07
2014-03-07,601519,8.2,7.97,8.38,7.91,209003,170305511.0,5.76,-2.33,-0.19,1.16,4.68,3.92,8.72,-3.79,-1.39,-4.8,-4.8,3.03,5.82,6.95,7.97,7.82,8.12,7.77,2.63,-5.02,-5.77,-5.65,-6.27,-9.28,-8.91,-6.02,-6.9,-7.28
2014-03-10,601519,8.04,7.54,8.18,7.4,328054,254037172.0,9.79,-5.4,-0.43,1.82,11.08,16.22,2.84,5.41,1.76,1.76,10.14,13.11,14.32,13.24,7.98,7.75,8.05,7.82,0.4,-0.4,-0.27,-0.93,-4.11,-3.71,-0.66,-1.59,-1.99,2.25
2014-03-11,601519,7.49,7.48,7.57,7.33,160664,119597295.0,3.18,-0.8,-0.06,0.89,17.33,3.82,6.41,2.73,2.73,11.19,14.19,15.42,14.32,11.6,7.88,7.72,7.98,7.85,0.4,0.53,-0.13,-3.34,-2.94,0.13,-0.8,-1.2,3.07,-0.27
2014-03-12,601519,7.45,7.3,7.51,6.98,176032,128622322.0,7.09,-2.41,-0.18,0.97,9.03,11.75,7.88,7.88,16.76,19.91,21.2,20.06,17.19,8.45,7.69,7.7,7.91,7.87,3.01,2.33,-0.96,-0.55,2.6,1.64,1.23,5.62,2.19,2.6
2014-03-13,601519,7.3,7.49,7.52,7.28,116015,86040638.0,3.29,2.6,0.19,0.64,7.14,3.43,3.43,11.95,14.97,16.21,15.11,12.36,3.98,3.16,7.56,7.7,7.88,7.9,-0.27,-3.47,-3.07,0.0,-0.93,-1.34,2.94,-0.4,0.0,-1.74
2014-03-14,601519,7.44,7.32,7.47,7.27,94697,69420343.0,2.67,-2.27,-0.17,0.52,3.58,3.58,12.1,15.13,16.37,15.27,12.52,4.13,3.3,3.44,7.43,7.7,7.83,7.92,-1.23,-0.82,2.32,1.37,0.96,5.33,1.91,2.32,0.55,-1.37
2014-03-17,601519,6.59,7.16,7.23,6.59,270697,187965208.0,8.74,-2.19,-0.16,1.5,14.26,23.67,27.01,28.38,27.16,24.13,14.87,13.96,14.11,13.35,7.35,7.66,7.77,7.93,1.4,4.61,3.63,3.21,7.68,4.19,4.61,2.79,0.84,-3.49
2014-03-18,601519,7.03,7.2,7.26,7.03,148452,106047488.0,3.21,0.56,0.04,0.82,15.93,19.06,20.34,19.2,16.36,7.68,6.83,6.97,6.26,2.84,7.29,7.59,7.72,7.93,4.03,3.06,2.64,7.08,3.61,4.03,2.22,0.28,-4.03,0.0
2014-03-19,601519,7.2,7.35,7.49,7.18,157935,116308157.0,4.31,2.08,0.15,0.87,16.57,17.83,16.71,13.93,5.43,4.6,4.74,4.04,0.7,1.11,7.3,7.5,7.67,7.93,0.95,0.54,4.9,1.5,1.9,0.14,-1.77,-5.99,-2.04,-2.59
2014-03-20,601519,7.3,7.08,7.42,7.05,123986,89392837.0,5.03,-3.67,-0.27,0.69,20.0,18.87,16.03,7.38,6.52,6.67,5.96,2.55,2.98,6.24,7.22,7.39,7.61,7.9,4.38,8.9,5.37,5.79,3.95,1.98,-2.4,1.69,1.13,8.05
2014-03-21,601519,7.02,7.36,7.39,6.9,145045,104016364.0,6.92,3.95,0.28,0.8,21.45,18.55,9.71,8.84,8.99,8.26,4.78,5.22,8.55,7.54,7.23,7.33,7.57,7.85,4.76,1.36,1.77,0.0,-1.9,-6.11,-2.17,-2.72,3.94,3.53
2014-03-24,601519,7.33,7.43,7.71,7.26,191754,143063893.0,6.11,0.95,0.07,1.06,12.67,4.27,3.44,3.58,2.89,-0.41,0.0,3.17,2.2,1.79,7.28,7.32,7.54,7.8,0.4,0.81,-0.94,-2.83,-7.0,-3.1,-3.63,2.96,2.56,2.15
2014-03-25,601519,7.4,7.4,7.46,7.3,117345,86596907.0,2.15,-0.4,-0.03,0.65,3.7,2.88,3.01,2.33,-0.96,-0.55,2.6,1.64,1.23,5.62,7.32,7.31,7.52,7.76,1.22,-0.54,-2.43,-6.62,-2.7,-3.24,3.38,2.97,2.57,6.35
2014-03-26,601519,7.4,7.33,7.49,7.26,72532,53472628.0,3.11,-0.95,-0.07,0.4,3.44,3.58,2.89,-0.41,0.0,3.17,2.2,1.79,6.2,2.75,7.32,7.31,7.51,7.71,0.41,-1.5,-5.73,-1.77,-2.32,4.37,3.96,3.55,7.37,8.87
2014-03-27,601519,7.32,7.14,7.36,7.1,90401,65346308.0,3.55,-2.59,-0.19,0.5,5.92,5.21,1.83,2.25,5.49,4.51,4.08,8.59,5.07,5.49,7.33,7.28,7.49,7.68,1.12,-3.22,0.84,0.28,7.14,6.72,6.3,10.22,11.76,14.71
2014-03-28,601519,7.14,6.85,7.22,6.7,175630,121897842.0,7.28,-4.06,-0.29,0.97,11.49,7.91,8.36,11.79,10.75,10.3,15.07,11.34,11.79,9.85,7.23,7.23,7.46,7.63,0.88,5.11,4.53,11.68,11.24,10.8,14.89,16.5,19.56,17.81
2014-03-31,601519,6.88,6.81,6.91,6.69,84884,57698081.0,3.21,-0.58,-0.04,0.47,8.07,8.52,11.96,10.91,10.46,15.25,11.51,11.96,10.01,7.92,7.11,7.19,7.43,7.58,5.73,5.14,12.33,11.89,11.45,15.57,17.18,20.26,18.5,27.61
2014-04-01,601519,6.81,7.16,7.2,6.73,121062,85394260.0,6.9,5.14,0.35,0.67,7.88,11.29,10.25,9.81,14.56,10.85,11.29,9.36,7.28,2.67,7.06,7.19,7.39,7.54,0.0,6.84,6.42,6.01,9.92,11.45,14.39,12.71,21.37,20.25
2014-04-02,601519,7.08,7.04,7.16,6.98,99324,70305913.0,2.51,-1.68,-0.12,0.55,7.31,6.3,5.87,10.46,6.88,7.31,5.44,3.44,-1.0,3.15,7.0,7.16,7.33,7.5,8.66,8.24,7.81,11.79,13.35,16.34,14.63,23.44,22.3,22.16
2014-04-03,601519,7.08,7.37,7.65,7.06,260141,192032818.0,8.38,4.69,0.33,1.44,5.1,4.67,9.21,5.67,6.09,4.25,2.27,-2.12,1.98,1.42,7.05,7.19,7.29,7.47,3.39,2.99,6.78,8.28,11.13,9.5,17.91,16.82,16.69,10.58
2014-04-04,601519,7.28,7.5,7.62,7.2,239926,180083743.0,5.7,1.76,0.13,1.33,2.64,7.08,3.61,4.03,2.22,0.28,-4.03,0.0,-0.56,6.25,7.18,7.2,7.27,7.45,1.2,4.93,6.4,9.2,7.6,15.87,14.8,14.67,8.67,8.4
2014-04-08,601519,7.48,7.54,7.59,7.41,131944,99170452.0,2.4,0.53,0.04,0.73,4.05,0.67,1.08,-0.67,-2.56,-6.75,-2.83,-3.37,3.24,2.83,7.32,7.21,7.27,7.43,4.38,5.84,8.62,7.03,15.25,14.19,14.06,8.09,7.82,9.02
2014-04-09,601519,7.6,7.62,7.87,7.6,193210,149076250.0,3.58,1.06,0.08,1.07,-1.84,-1.45,-3.16,-5.0,-9.08,-5.26,-5.79,0.66,0.26,-0.13,7.41,7.24,7.27,7.42,4.72,7.48,5.91,14.04,12.99,12.86,6.96,6.69,7.87,7.74
2014-04-10,601519,7.65,7.88,7.98,7.54,289539,225430303.0,5.77,3.41,0.26,1.6,-0.66,-2.39,-4.24,-8.36,-4.51,-5.04,1.46,1.06,0.66,4.38,7.58,7.29,7.3,7.44,3.93,2.41,10.28,9.26,9.14,3.43,3.17,4.31,4.19,-0.25
2014-04-11,601519,7.8,8.02,8.19,7.7,364696,290443984.0,6.22,1.78,0.14,2.02,-4.42,-6.23,-10.26,-6.49,-7.01,-0.65,-1.04,-1.43,2.21,3.64,7.71,7.38,7.33,7.45,0.62,8.35,7.36,7.23,1.62,1.37,2.49,2.37,-2.0,-7.23
2014-04-14,601519,7.92,7.9,8.07,7.83,193835,153889313.0,2.99,-1.5,-0.12,1.07,-7.79,-11.75,-8.05,-8.56,-2.3,-2.68,-3.07,0.51,1.92,4.6,7.79,7.48,7.36,7.47,10.0,8.99,8.86,3.16,2.91,4.05,3.92,-0.51,-5.82,-8.1
2014-04-15,601519,7.92,8.39,8.69,7.81,747509,628153696.0,11.14,6.2,0.49,4.14,-11.52,-7.81,-8.32,-2.05,-2.43,-2.82,0.77,2.18,4.87,3.33,7.96,7.64,7.42,7.5,2.62,2.5,-2.86,-3.1,-2.03,-2.15,-6.32,-11.32,-13.47,-12.4
2014-04-16,601519,8.26,8.5,8.61,8.12,524027,440594432.0,5.84,1.31,0.11,2.9,-11.33,-11.82,-5.79,-6.16,-6.53,-3.08,-1.72,0.86,-0.62,7.02,8.14,7.78,7.48,7.52,1.18,-4.12,-4.35,-3.29,-3.41,-7.53,-12.47,-14.59,-13.53,-18.47
2014-04-17,601519,8.59,7.97,8.6,7.95,479973,394705216.0,7.65,-6.24,-0.53,2.66,-9.94,-3.77,-4.15,-4.53,-1.01,0.38,3.02,1.51,9.31,8.3,8.16,7.87,7.51,7.51,2.26,2.01,3.14,3.01,-1.38,-6.65,-8.91,-7.78,-13.05,-11.79
2014-04-18,601519,7.99,7.99,8.15,7.88,320972,257435338.0,3.39,0.25,0.02,1.78,-2.92,-3.3,-3.68,-0.13,1.27,3.93,2.41,10.28,9.26,9.14,8.15,7.93,7.56,7.5,1.75,2.88,2.75,-1.63,-6.88,-9.14,-8.01,-13.27,-12.02,-9.51
2014-04-21,601519,7.81,7.87,8.13,7.71,249307,197482122.0,5.26,-1.5,-0.12,1.38,-1.17,-1.56,2.08,3.5,6.23,4.67,12.71,11.67,11.54,5.71,8.14,7.97,7.59,7.5,4.45,4.32,-0.13,-5.46,-7.75,-6.61,-11.94,-10.67,-8.13,-10.17
2014-04-22,601519,7.76,8.17,8.22,7.76,327298,262036891.0,5.84,3.81,0.3,1.81,-2.19,1.42,2.84,5.54,3.99,11.98,10.95,10.82,5.03,4.77,8.1,8.03,7.62,7.52,0.49,-3.79,-8.94,-11.14,-10.04,-15.18,-13.95,-11.51,-13.46,-13.22
2014-04-23,601519,8.1,7.86,8.21,7.78,285823,227593237.0,5.26,-3.79,-0.31,1.58,1.16,2.57,5.27,3.73,11.7,10.67,10.54,4.76,4.5,5.66,7.97,8.05,7.65,7.53,0.0,-5.34,-7.63,-6.49,-11.83,-10.56,-8.02,-10.05,-9.8,-12.21
2014-04-24,601519,7.83,7.3,7.86,7.28,342316,259082926.0,7.38,-7.12,-0.56,1.89,9.62,12.5,10.85,19.37,18.27,18.13,11.95,11.68,12.91,12.77,7.84,8.0,7.64,7.53,1.92,-0.55,0.68,-5.07,-3.7,-0.96,-3.15,-2.88,-5.48,-2.19
2014-04-25,601519,7.31,7.08,7.44,7.02,226263,163514621.0,5.75,-3.01,-0.22,1.25,16.67,14.96,23.79,22.65,22.51,16.1,15.81,17.09,16.95,11.97,7.66,7.9,7.64,7.52,2.54,3.81,-2.12,-0.71,2.12,-0.14,0.14,-2.54,0.85,2.82
2014-04-28,601519,7.07,7.25,7.26,7.0,186017,133174038.0,3.67,2.4,0.17,1.03,15.29,24.14,23.0,22.86,16.43,16.14,17.43,17.29,12.29,6.29,7.53,7.84,7.66,7.52,1.38,-4.41,-3.03,-0.28,-2.48,-2.21,-4.83,-1.52,0.41,-0.14
2014-04-29,601519,7.2,7.32,7.35,7.14,145046,105355544.0,2.9,0.97,0.07,0.8,21.71,20.59,20.45,14.15,13.87,15.13,14.99,10.08,4.2,1.68,7.36,7.73,7.69,7.52,-5.33,-3.96,-1.23,-3.42,-3.14,-5.74,-2.46,-0.55,-1.09,-1.37
2014-04-30,601519,6.75,6.83,6.93,6.7,146642,100404969.0,3.14,-6.69,-0.49,0.74,28.51,28.36,21.64,21.34,22.69,22.54,17.31,11.04,8.36,9.7,7.16,7.56,7.67,7.51,2.93,5.86,3.51,3.81,1.02,4.54,6.59,6.0,5.71,2.34
2014-05-05,601519,6.77,7.01,7.03,6.73,245339,168534097.0,4.39,2.64,0.18,1.23,27.79,21.1,20.8,22.14,21.99,16.79,10.55,7.88,9.21,2.97,7.1,7.47,7.67,7.5,3.14,0.86,1.14,-1.57,1.85,3.85,3.28,3.0,-0.29,1.14
2014-05-06,601519,7.0,7.1,7.23,6.92,219047,155330652.0,4.42,1.28,0.09,1.1,17.77,17.49,18.79,18.64,13.58,7.51,4.91,6.21,0.14,1.59,7.1,7.38,7.65,7.5,-0.42,-0.14,-2.82,0.56,2.54,1.97,1.69,-1.55,-0.14,2.54
2014-05-07,601519,7.07,6.76,7.07,6.72,242682,167072203.0,4.93,-4.79,-0.34,1.22,20.98,22.32,22.17,16.96,10.71,8.04,9.38,3.12,4.61,7.59,7.0,7.27,7.62,7.48,4.88,2.07,5.62,7.69,7.1,6.8,3.4,4.88,7.69,6.36
2014-05-08,601519,6.74,6.89,7.09,6.69,205830,142324748.0,5.92,1.92,0.13,1.04,22.87,22.72,17.49,11.21,8.52,9.87,3.59,5.08,8.07,5.68,6.92,7.14,7.59,7.46,0.15,3.63,5.66,5.08,4.79,1.45,2.9,5.66,4.35,4.79
2014-05-09,601519,6.86,6.75,6.9,6.6,175686,118257668.0,4.35,-2.03,-0.14,0.88,24.39,19.09,12.73,10.0,11.36,5.0,6.52,9.55,7.12,7.42,6.9,7.03,7.54,7.44,5.78,7.85,7.26,6.96,3.56,5.04,7.85,6.52,6.96,8.59
2014-05-12,601519,6.88,7.04,7.14,6.83,264622,185250366.0,4.59,4.3,0.29,1.33,15.08,8.93,6.3,7.61,1.46,2.93,5.86,3.51,3.81,1.02,6.91,7.0,7.5,7.43,3.41,2.84,2.56,-0.71,0.71,3.41,2.13,2.56,4.12,3.55
2014-05-13,601519,7.0,7.24,7.28,6.98,323254,232206464.0,4.26,2.84,0.2,1.63,6.59,4.01,5.3,-0.72,0.72,3.58,1.29,1.58,-1.15,2.29,6.94,7.02,7.46,7.43,0.0,-0.28,-3.45,-2.07,0.55,-0.69,-0.28,1.24,0.69,1.38
2014-05-14,601519,7.18,7.15,7.24,7.08,185011,132111572.0,2.21,-1.24,-0.09,0.93,2.54,3.81,-2.12,-0.71,2.12,-0.14,0.14,-2.54,0.85,2.82,7.01,7.01,7.42,7.44,0.98,-2.24,-0.84,1.82,0.56,0.98,2.52,1.96,2.66,4.9
2014-05-15,601519,7.16,7.02,7.22,7.0,220565,156868542.0,3.08,-1.82,-0.13,1.11,5.0,-1.0,0.43,3.29,1.0,1.29,-1.43,2.0,4.0,3.43,7.04,6.98,7.35,7.45,-0.43,1.0,3.7,2.42,2.85,4.42,3.85,4.56,6.84,5.27
2014-05-16,601519,6.99,6.96,6.99,6.8,145933,100583143.0,2.71,-0.85,-0.06,0.73,1.91,3.38,6.32,3.97,4.26,1.47,5.0,7.06,6.47,6.18,7.08,6.99,7.28,7.44,1.87,4.6,3.3,3.74,5.32,4.74,5.46,7.76,6.18,4.74
2014-05-19,601519,6.93,7.05,7.09,6.86,150695,105324626.0,3.3,1.29,0.09,0.76,2.48,5.39,3.06,3.35,0.58,4.08,6.12,5.54,5.25,1.9,7.08,7.0,7.23,7.44,3.26,1.99,2.41,3.97,3.4,4.11,6.38,4.82,3.4,2.13
2014-05-20,601519,7.06,7.13,7.28,7.03,202397,144805620.0,3.55,1.13,0.08,1.02,2.84,0.57,0.85,-1.85,1.56,3.56,2.99,2.7,-0.57,0.85,7.06,7.0,7.19,7.44,0.84,1.26,2.81,2.24,2.95,5.19,3.65,2.24,0.98,-0.42
2014-05-21,601519,7.16,7.18,7.19,6.98,132139,93753633.0,2.95,0.7,0.05,0.66,1.29,1.58,-1.15,2.29,4.3,3.72,3.44,0.14,1.58,4.3,7.07,7.04,7.15,7.43,0.56,2.09,1.53,2.23,4.46,2.92,1.53,0.28,-1.11,-0.14
2014-05-22,601519,7.15,6.99,7.22,6.99,222905,158480285.0,3.2,-2.65,-0.19,1.12,1.43,-1.29,2.15,4.15,3.58,3.29,0.0,1.43,4.15,2.86,7.06,7.05,7.1,7.41,4.86,4.29,5.01,7.3,5.72,4.29,3.0,1.57,2.58,2.86
2014-05-23,601519,6.93,7.27,7.33,6.92,388200,277595104.0,5.87,4.01,0.28,1.95,-0.29,3.18,5.2,4.62,4.34,1.01,2.46,5.2,3.9,4.34,7.12,7.1,7.07,7.4,0.28,0.96,3.16,1.65,0.28,-0.96,-2.34,-1.38,-1.1,-1.93
2014-05-26,601519,7.22,7.26,7.29,7.16,272935,197167522.0,1.79,-0.14,-0.01,1.37,-0.28,1.68,1.12,0.84,-2.37,-0.98,1.68,0.42,0.84,2.37,7.17,7.12,7.06,7.38,1.1,3.31,1.79,0.41,-0.83,-2.2,-1.24,-0.96,-1.79,-3.58
2014-05-27,601519,7.21,7.22,7.34,7.19,248276,180450309.0,2.07,-0.55,-0.04,1.25,1.25,0.7,0.42,-2.78,-1.39,1.25,0.0,0.42,1.95,1.39,7.18,7.12,7.07,7.35,3.88,2.35,0.97,-0.28,-1.66,-0.69,-0.42,-1.25,-3.05,-5.54
2014-05-28,601519,7.2,7.42,7.5,7.14,608593,448333040.0,4.99,2.77,0.2,3.06,1.4,1.12,-2.1,-0.7,1.96,0.7,1.12,2.66,2.1,2.8,7.23,7.15,7.08,7.33,-0.4,-1.75,-2.96,-4.31,-3.37,-3.1,-3.91,-5.66,-8.09,-12.26
2014-05-29,601519,7.35,7.11,7.39,7.06,523641,376864512.0,4.45,-4.18,-0.31,2.63,2.27,-0.99,0.42,3.12,1.84,2.27,3.82,3.26,3.97,6.23,7.26,7.16,7.07,7.29,2.53,1.27,-0.14,0.84,1.13,0.28,-1.55,-4.08,-8.44,-9.42
2014-05-30,601519,7.09,7.19,7.29,7.0,285466,204045999.0,4.08,1.13,0.08,1.44,-0.14,1.29,4.0,2.71,3.14,4.71,4.14,4.86,7.14,5.57,7.24,7.18,7.09,7.25,0.14,-1.25,-0.28,0.0,-0.83,-2.64,-5.15,-9.46,-10.43,-10.85
2014-06-03,601519,7.11,7.05,7.2,7.05,212661,150920865.0,2.09,-1.95,-0.14,1.07,0.57,3.26,1.99,2.41,3.97,3.4,4.11,6.38,4.82,3.4,7.2,7.18,7.09,7.22,0.71,1.7,1.99,1.13,-0.71,-3.26,-7.66,-8.65,-9.08,-10.35
2014-06-04,601519,7.07,7.02,7.1,6.93,160304,112203220.0,2.41,-0.43,-0.03,0.81,5.05,3.75,4.18,5.77,5.19,5.92,8.23,6.64,5.19,3.9,7.16,7.17,7.08,7.18,2.14,2.42,1.57,-0.28,-2.85,-7.26,-8.26,-8.69,-9.97,-10.83
2014-06-05,601519,7.04,7.15,7.17,7.0,170608,121382508.0,2.42,1.85,0.13,0.86,2.71,3.14,4.71,4.14,4.86,7.14,5.57,4.14,2.86,1.43,7.1,7.17,7.1,7.16,0.56,-0.28,-2.1,-4.62,-8.95,-9.93,-10.35,-11.61,-12.45,-13.29
2014-06-06,601519,7.14,7.08,7.19,7.04,188121,133618155.0,2.1,-0.98,-0.07,0.95,2.56,4.12,3.55,4.26,6.53,4.97,3.55,2.27,0.85,1.85,7.1,7.18,7.11,7.12,0.71,-1.13,-3.67,-8.05,-9.04,-9.46,-10.73,-11.58,-12.43,-15.25
2014-06-09,601519,7.05,6.95,7.13,6.93,235757,165430740.0,2.82,-1.84,-0.13,1.19,5.77,5.19,5.92,8.23,6.64,5.19,3.9,2.45,3.46,3.75,7.05,7.14,7.12,7.09,0.72,-1.87,-6.33,-7.34,-7.77,-9.06,-9.93,-10.79,-13.67,-11.22
2014-06-10,601519,6.96,6.97,7.0,6.83,281200,194769985.0,2.45,0.29,0.02,1.41,6.73,7.47,9.81,8.2,6.73,5.42,3.95,4.98,5.27,4.39,7.03,7.12,7.12,7.08,-2.15,-6.6,-7.6,-8.03,-9.33,-10.19,-11.05,-13.92,-11.48,-12.05
2014-06-11,601519,6.82,6.56,6.82,6.31,840308,544206544.0,7.32,-5.88,-0.41,4.23,16.32,18.86,17.12,15.53,14.1,12.52,13.63,13.95,13.0,10.94,6.94,7.05,7.09,7.06,-0.76,-1.83,-2.29,-3.66,-4.57,-5.49,-8.54,-5.95,-6.55,-8.08
2014-06-12,601519,6.43,6.38,6.51,6.33,363262,232621477.0,2.74,-2.74,-0.18,1.83,18.48,16.75,15.17,13.74,12.16,13.27,13.59,12.64,10.58,7.74,6.79,6.95,7.05,7.04,0.94,0.47,-0.94,-1.88,-2.82,-5.96,-3.29,-3.92,-5.49,-5.96
2014-06-13,601519,6.34,6.37,6.44,6.33,287373,183400250.0,1.72,-0.16,-0.01,1.45,16.75,15.17,13.74,12.16,13.27,13.59,12.64,10.58,7.74,2.84,6.65,6.87,7.02,7.0,0.63,-0.78,-1.73,-2.67,-5.81,-3.14,-3.77,-5.34,-5.81,-5.97
2014-06-16,601519,6.32,6.37,6.41,6.08,669687,416862608.0,5.18,0.0,0.0,3.37,19.9,18.42,16.78,17.93,18.26,17.27,15.13,12.17,7.07,5.92,6.53,6.79,6.99,6.99,-0.78,-1.73,-2.67,-5.81,-3.14,-3.77,-5.34,-5.81,-5.97,-7.22
2014-06-17,601519,6.31,6.2,6.32,6.18,338357,210722305.0,2.2,-2.67,-0.17,1.7,16.5,14.89,16.02,16.34,15.37,13.27,10.36,5.34,4.21,3.72,6.38,6.7,6.94,6.96,0.97,0.0,-3.23,-0.48,-1.13,-2.74,-3.23,-3.39,-4.68,2.74
2014-06-18,601519,6.14,6.19,6.26,6.12,174584,108090832.0,2.26,-0.16,-0.01,0.88,16.01,17.16,17.48,16.5,14.38,11.44,6.37,5.23,4.74,3.27,6.3,6.62,6.9,6.93,0.16,-3.07,-0.32,-0.97,-2.58,-3.07,-3.23,-4.52,2.91,1.62
2014-06-19,601519,6.15,5.91,6.2,5.85,324080,194216741.0,5.65,-4.52,-0.28,1.63,22.56,22.91,21.88,19.66,16.58,11.28,10.09,9.57,8.03,7.01,6.21,6.5,6.83,6.9,1.52,4.4,3.72,2.03,1.52,1.35,0.0,7.78,6.43,5.75
2014-06-20,601519,5.91,5.98,6.0,5.86,145894,86535027.0,2.37,1.18,0.07,0.73,22.7,21.67,19.45,16.38,11.09,9.9,9.39,7.85,6.83,5.8,6.13,6.39,6.78,6.87,3.18,2.51,0.84,0.33,0.17,-1.17,6.52,5.18,4.52,3.68
2014-06-23,601519,5.98,6.06,6.17,5.93,197154,119167239.0,4.01,1.34,0.08,0.99,20.24,18.04,15.01,9.78,8.6,8.09,6.58,5.56,4.55,1.18,6.07,6.3,6.72,6.85,1.16,-0.5,-0.99,-1.16,-2.48,5.12,3.8,3.14,2.31,1.32
2014-06-24,601519,6.06,6.0,6.13,5.98,269813,163109891.0,2.48,-0.99,-0.06,1.36,17.06,14.05,8.86,7.69,7.19,5.69,4.68,3.68,0.33,3.18,6.03,6.2,6.66,6.81,0.5,0.0,-0.17,-1.5,6.17,4.83,4.17,3.33,2.33,1.83
2014-06-25,601519,6.0,5.91,6.03,5.86,199861,117878264.0,2.83,-1.5,-0.09,1.01,16.38,11.09,9.9,9.39,7.85,6.83,5.8,2.39,5.29,4.61,5.97,6.14,6.59,6.77,1.52,1.35,0.0,7.78,6.43,5.75,4.91,3.89,3.38,3.21
2014-06-26,601519,5.85,5.97,6.0,5.82,371175,220201863.0,3.05,1.02,0.06,1.87,11.86,10.65,10.14,8.59,7.56,6.53,3.09,6.01,5.33,3.61,5.98,6.1,6.52,6.73,0.34,-1.01,6.7,5.36,4.69,3.85,2.85,2.35,2.18,1.84
2014-06-27,601519,5.94,5.88,5.99,5.87,538550,318545680.0,2.01,-1.51,-0.09,2.71,9.71,9.2,7.67,6.64,5.62,2.21,5.11,4.43,2.73,2.21,5.96,6.05,6.46,6.69,0.51,8.33,6.97,6.29,5.44,4.42,3.91,3.74,3.4,5.95
2014-06-30,601519,5.85,5.87,5.91,5.83,317281,186004961.0,1.36,-0.17,-0.01,1.6,9.95,8.4,7.38,6.35,2.92,5.83,5.15,3.43,2.92,2.74,5.93,6.0,6.39,6.66,8.52,7.16,6.47,5.62,4.6,4.09,3.92,3.58,6.13,3.92
2014-07-01,601519,5.94,6.28,6.37,5.91,927041,569088112.0,7.84,6.98,0.41,4.66,6.94,5.92,4.91,1.52,4.4,3.72,2.03,1.52,1.35,0.0,5.98,6.0,6.35,6.63,0.16,-0.48,-1.27,-2.23,-2.71,-2.87,-3.18,-0.8,-2.87,-2.55
2014-07-02,601519,6.28,6.19,6.29,6.12,425137,262494528.0,2.71,-1.43,-0.09,2.14,2.29,1.31,-1.96,0.82,0.16,-1.47,-1.96,-2.12,-3.43,4.08,6.04,6.0,6.31,6.6,0.97,0.16,-0.81,-1.29,-1.45,-1.78,0.65,-1.45,-1.13,-1.78
2014-07-03,601519,6.17,6.17,6.25,6.14,306580,189283977.0,1.78,-0.32,-0.02,1.54,0.98,-2.28,0.49,-0.16,-1.79,-2.28,-2.44,-3.75,3.75,2.44,6.08,6.03,6.26,6.57,0.49,-0.49,-0.97,-1.13,-1.46,0.97,-1.13,-0.81,-1.46,-2.27
2014-07-04,601519,6.18,6.11,6.2,6.08,232499,142457164.0,1.94,-0.97,-0.06,1.17,-1.32,1.48,0.82,-0.82,-1.32,-1.48,-2.8,4.77,3.45,2.8,6.12,6.04,6.22,6.54,0.49,0.0,-0.16,-0.49,1.96,-0.16,0.16,-0.49,-1.31,-1.15
2014-07-07,601519,6.11,6.07,6.14,6.02,188529,114419415.0,1.96,-0.65,-0.04,0.95,2.49,1.83,0.17,-0.33,-0.5,-1.83,5.81,4.49,3.82,2.99,6.16,6.04,6.17,6.5,0.66,0.49,0.16,2.64,0.49,0.82,0.16,-0.66,-0.49,8.4
2014-07-08,601519,6.02,6.07,6.11,5.95,220414,132852594.0,2.64,0.0,0.0,1.11,3.03,1.34,0.84,0.67,-0.67,7.06,5.71,5.04,4.2,3.19,6.12,6.05,6.13,6.46,0.49,0.16,2.64,0.49,0.82,0.16,-0.66,-0.49,8.4,19.28
2014-07-09,601519,6.06,5.89,6.1,5.86,255077,152712672.0,3.95,-2.97,-0.18,1.28,2.9,2.39,2.22,0.85,8.7,7.34,6.66,5.8,4.78,4.27,6.06,6.05,6.09,6.41,3.23,5.77,3.57,3.9,3.23,2.38,2.55,11.71,22.92,35.14
2014-07-10,601519,5.9,5.99,6.08,5.9,235623,141016485.0,3.06,1.7,0.1,1.19,1.69,1.53,0.17,7.97,6.61,5.93,5.08,4.07,3.56,3.39,6.03,6.05,6.07,6.36,4.01,1.84,2.17,1.5,0.67,0.83,9.85,20.87,32.89,46.24
2014-07-11,601519,5.97,6.07,6.23,5.96,362646,222285711.0,4.51,1.34,0.08,1.82,0.5,-0.84,6.88,5.54,4.87,4.03,3.02,2.52,2.35,2.01,6.02,6.07,6.06,6.33,0.49,0.82,0.16,-0.66,-0.49,8.4,19.28,31.14,44.32,58.81
2014-07-14,601519,6.07,6.1,6.1,6.01,203918,123649723.0,1.48,0.49,0.03,1.03,-1.66,5.99,4.66,3.99,3.16,2.16,1.66,1.5,1.16,3.66,6.02,6.09,6.05,6.29,0.33,-0.33,-1.15,-0.98,7.87,18.69,30.49,43.61,58.03,73.77
2014-07-15,601519,6.1,6.07,6.12,6.03,159742,96967964.0,1.48,-0.49,-0.03,0.8,5.64,4.31,3.65,2.82,1.82,1.33,1.16,0.83,3.32,1.16,6.02,6.07,6.04,6.26,0.16,-0.66,-0.49,8.4,19.28,31.14,44.32,58.81,74.63,92.09
2014-07-16,601519,6.07,6.02,6.08,6.0,162140,97704642.0,1.32,-0.82,-0.05,0.82,4.83,4.17,3.33,2.33,1.83,1.67,1.33,3.83,1.67,2.0,6.05,6.06,6.03,6.23,0.17,0.33,9.3,20.27,32.23,45.51,60.13,76.08,93.69,113.12
2014-07-17,601519,6.0,5.97,6.03,5.94,131077,78309163.0,1.5,-0.83,-0.05,0.66,5.22,4.38,3.37,2.86,2.69,2.36,4.88,2.69,3.03,2.36,6.05,6.04,6.03,6.19,1.17,10.22,21.27,33.33,46.73,61.47,77.55,95.31,114.91,136.35
2014-07-18,601519,5.91,5.98,6.04,5.91,115789,69275651.0,2.18,0.17,0.01,0.58,4.91,3.89,3.38,3.21,2.88,5.41,3.21,3.55,2.88,2.03,6.03,6.02,6.03,6.15,10.03,21.07,33.11,46.49,61.2,77.26,94.98,114.55,135.95,159.53
2015-01-23,601519,6.58,6.58,6.58,6.58,3849,2532629.0,0.0,10.03,0.6,0.02,-6.69,-7.14,-7.29,-7.6,-5.32,-7.29,-6.99,-7.6,-8.36,-8.21,6.12,6.07,6.06,6.14,10.03,20.97,33.13,46.5,61.09,77.2,94.98,114.44,135.87,159.42
2015-01-26,601519,7.24,7.24,7.24,7.24,5689,4119176.0,0.0,10.03,0.66,0.03,-15.61,-15.75,-16.02,-13.95,-15.75,-15.47,-16.02,-16.71,-16.57,-9.12,6.36,6.19,6.12,6.15,9.94,20.99,33.15,46.41,61.05,77.21,94.89,114.36,135.77,159.39
2015-01-27,601519,7.96,7.96,7.96,7.96,10047,7997102.0,0.0,9.94,0.72,0.05,-23.37,-23.62,-21.73,-23.37,-23.12,-23.62,-24.25,-24.12,-17.34,-9.05,6.75,6.4,6.22,6.19,10.05,21.11,33.17,46.48,61.18,77.26,94.97,114.45,135.93,158.79
2015-01-28,601519,8.76,8.76,8.76,8.76,6453,5652504.0,0.0,10.05,0.8,0.03,-30.59,-28.88,-30.37,-30.14,-30.59,-31.16,-31.05,-24.89,-17.35,-9.13,7.3,6.67,6.36,6.27,10.05,21.0,33.11,46.46,61.07,77.17,94.86,114.38,135.16,146.12
2015-01-29,601519,9.64,9.64,9.64,9.64,16190,15607160.0,0.0,10.05,0.88,0.08,-35.37,-36.72,-36.51,-36.93,-37.45,-37.34,-31.74,-24.9,-17.43,-9.13,8.04,7.03,6.55,6.38,9.96,20.95,33.09,46.37,61.0,77.07,94.81,113.69,123.65,146.06
2015-01-30,601519,10.6,10.6,10.6,10.6,24761,26246384.0,0.0,9.96,0.96,0.12,-42.45,-42.26,-42.64,-43.11,-43.02,-37.92,-31.7,-24.91,-17.36,-9.06,8.84,7.48,6.79,6.52,10.0,21.04,33.11,46.42,61.04,77.17,94.34,103.4,123.77,123.4
2015-02-02,601519,11.66,11.66,11.66,11.66,24250,28275325.0,0.0,10.0,1.06,0.12,-47.51,-47.86,-48.28,-48.2,-43.57,-37.91,-31.73,-24.87,-17.32,-9.09,9.72,8.04,7.06,6.71,10.03,21.01,33.1,46.4,61.06,76.67,84.91,103.43,103.09,107.03
2015-02-03,601519,12.83,12.83,12.83,12.83,15636,20061565.0,0.0,10.03,1.17,0.08,-52.61,-53.0,-52.92,-48.71,-43.57,-37.96,-31.72,-24.86,-17.38,-9.12,10.7,8.72,7.39,6.93,9.98,20.97,33.05,46.38,60.56,68.04,84.88,84.57,88.15,83.87
2015-02-04,601519,14.11,14.11,14.11,14.11,28352,40004700.0,0.0,9.98,1.28,0.14,-57.26,-57.19,-53.37,-48.69,-43.59,-37.92,-31.68,-24.88,-17.36,-9.07,11.77,9.54,7.79,7.2,9.99,20.98,33.1,46.0,52.8,68.11,67.82,71.08,67.19,68.96
2015-02-05,601519,15.52,15.52,15.52,15.52,40784,63296163.0,0.0,9.99,1.41,0.21,-61.08,-57.6,-53.35,-48.71,-43.56,-37.89,-31.7,-24.87,-17.33,-9.09,12.94,10.49,8.26,7.52,9.99,21.01,32.73,38.92,52.84,52.58,55.54,52.0,53.61,48.32
2015-02-06,601519,17.07,17.07,17.07,17.07,294624,502922656.0,0.0,9.99,1.55,1.48,-61.45,-57.59,-53.37,-48.68,-43.53,-37.9,-31.69,-24.84,-17.34,-9.08,14.24,11.54,8.81,7.89,10.02,20.68,26.3,38.96,38.72,41.42,38.2,39.66,34.86,36.5
2015-02-09,601519,18.78,18.78,18.78,18.78,410832,771542928.0,0.0,10.02,1.71,2.07,-61.45,-57.61,-53.35,-48.67,-43.56,-37.91,-31.68,-24.87,-17.36,-9.11,15.66,12.69,9.44,8.31,9.69,14.8,26.3,26.09,28.54,25.61,26.94,22.58,24.07,35.3
2015-02-10,601519,20.6,19.6,20.6,17.77,3918907,7558156032.0,15.07,4.37,0.82,19.72,-55.21,-50.7,-45.75,-40.35,-34.38,-27.8,-20.6,-12.66,-3.94,5.68,17.02,13.86,10.13,8.77,10.0,21.02,20.82,23.16,20.36,21.63,17.45,18.88,29.64,42.6
2015-02-11,601519,19.58,21.56,21.56,19.42,2247234,4628499968.0,10.92,10.0,1.96,11.31,-54.89,-50.36,-45.42,-39.96,-33.93,-27.34,-20.08,-12.1,-3.3,6.08,18.51,15.14,10.91,9.29,10.02,9.83,11.97,9.42,10.58,6.77,8.07,17.86,29.64,28.29
2015-02-12,601519,23.01,22.97,23.72,22.5,3348592,7770812416.0,5.66,6.54,1.41,16.85,-57.16,-52.89,-48.18,-42.98,-37.29,-31.02,-24.13,-16.53,-8.44,-4.18,20.0,16.47,11.75,9.86,3.09,5.09,2.7,3.79,0.22,1.44,10.62,21.68,20.42,12.67
2015-02-13,601519,23.06,23.18,23.68,22.56,2189209,5073617920.0,4.88,0.91,0.21,11.01,-53.01,-48.32,-43.13,-37.46,-31.21,-24.34,-16.76,-8.69,-4.43,5.14,21.22,17.73,12.6,10.43,4.14,1.77,2.85,-0.69,0.52,9.62,20.58,19.33,11.65,9.02
2015-02-16,601519,23.35,23.21,24.14,22.35,2186877,5065352960.0,7.72,0.13,0.03,11.0,-47.83,-42.6,-36.87,-30.56,-23.62,-15.97,-7.83,-3.53,6.13,5.95,22.1,18.88,13.46,11.0,1.64,2.71,-0.82,0.39,9.48,20.42,19.17,11.5,8.88,9.22
2015-02-17,601519,23.35,23.23,23.59,22.7,1694551,3928028624.0,3.83,0.09,0.02,8.53,-43.48,-37.84,-31.63,-24.8,-17.27,-9.25,-5.02,4.49,4.32,6.34,22.83,19.92,14.32,11.57,2.63,-0.9,0.3,9.38,20.32,19.07,11.41,8.78,9.13,8.82
2015-02-25,601519,23.5,22.5,23.84,21.7,1344407,3075883552.0,9.21,-3.14,-0.73,6.76,-34.98,-28.48,-21.34,-13.46,-5.07,-0.65,9.31,9.12,11.24,8.71,23.02,20.76,15.15,12.11,2.31,3.56,12.93,24.22,22.93,15.02,12.31,12.67,12.36,12.84
2015-02-26,601519,22.4,22.79,23.02,22.0,1416356,3193027040.0,4.53,1.29,0.29,7.13,-29.45,-22.41,-14.64,-6.36,-2.0,7.82,7.64,9.73,7.23,8.36,22.98,21.49,15.99,12.67,2.24,11.5,22.64,21.37,13.56,10.88,11.23,10.93,11.41,20.05
2015-02-27,601519,22.99,23.1,23.3,22.2,1486538,3400849456.0,4.83,1.36,0.31,7.48,-23.11,-15.41,-7.21,-2.88,6.85,6.67,8.74,6.26,7.39,3.69,22.97,22.09,16.82,13.23,10.0,21.0,19.74,12.03,9.39,9.74,9.44,9.91,18.44,7.88
2015-03-02,601519,23.35,25.41,25.41,22.55,2419518,5855607808.0,12.38,10.0,2.31,12.17,-16.72,-8.65,-4.39,5.19,5.01,7.05,4.61,5.72,2.08,3.33,23.41,22.75,17.72,13.88,10.0,8.85,1.85,-0.55,-0.24,-0.51,-0.08,7.67,-1.93,4.25
2015-03-03,601519,25.46,26.59,27.95,25.41,2819896,7574874880.0,10.0,4.64,1.18,14.19,-18.93,-15.15,-6.65,-6.81,-5.0,-7.16,-6.18,-9.41,-8.3,0.0,24.08,23.45,18.66,14.57,4.02,-2.67,-4.96,-4.66,-4.93,-4.51,2.9,-6.28,-0.38,-1.84
2015-03-04,601519,26.5,25.77,27.66,25.5,1753157,4611158016.0,8.12,-3.08,-0.82,8.82,-15.45,-6.98,-7.14,-5.33,-7.49,-6.51,-9.73,-8.63,-0.35,9.61,24.73,23.87,19.51,15.23,0.43,-1.94,-1.63,-1.9,-1.47,6.17,-3.3,2.79,1.28,4.77
2015-03-05,601519,25.5,25.21,25.88,24.29,1505686,3746340608.0,6.17,-2.17,-0.56,7.58,-2.35,-2.51,-0.62,-2.88,-1.85,-5.23,-4.08,4.61,15.07,13.87,25.22,24.1,20.28,15.87,0.24,0.56,0.28,0.71,8.53,-1.15,5.08,3.53,7.1,12.26
2015-03-06,601519,25.09,24.2,25.27,23.55,1230012,3029637776.0,6.82,-4.01,-1.01,6.19,0.55,2.51,0.17,1.23,-2.25,-1.06,7.9,18.68,17.45,9.89,25.44,24.2,20.96,16.47,4.75,4.46,4.92,13.06,2.98,9.46,7.85,11.57,16.94,17.27
2015-03-09,601519,23.7,24.83,25.35,23.01,1237583,3033839664.0,9.67,2.6,0.63,6.23,4.91,2.52,3.61,0.04,1.26,10.43,21.47,20.21,12.47,9.82,25.32,24.36,21.62,17.1,1.81,2.26,10.19,0.36,6.69,5.11,8.74,13.98,14.3,19.98
2015-03-10,601519,24.75,24.88,25.28,24.0,1002408,2472665488.0,5.16,0.2,0.05,5.04,-1.71,-0.67,-4.08,-2.92,5.88,16.46,15.25,7.83,5.29,5.63,24.98,24.53,22.23,17.72,2.05,9.97,0.16,6.47,4.9,8.52,13.75,14.07,19.73,19.29
2015-03-11,601519,25.0,24.87,25.39,24.4,1025733,2554662304.0,3.98,-0.04,-0.01,5.16,-2.3,-5.66,-4.51,4.14,14.55,13.36,6.07,3.57,3.89,3.61,24.8,24.76,22.76,18.35,10.01,0.2,6.51,4.95,8.56,13.79,14.11,19.78,19.34,26.58
2015-03-12,601519,27.36,24.83,27.36,23.85,1376718,3459726720.0,14.11,-0.16,-0.04,6.93,-3.48,-2.31,6.54,17.19,15.97,8.51,5.95,6.29,6.0,6.46,24.72,24.97,23.23,18.98,0.36,6.69,5.11,8.74,13.98,14.3,19.98,19.53,26.78,38.82
2015-03-13,601519,24.16,24.65,24.92,24.0,800452,1943604992.0,3.71,-0.72,-0.18,4.03,-2.92,5.88,16.46,15.25,7.83,5.29,5.63,5.33,5.79,14.0,24.81,25.12,23.61,19.58,7.46,5.88,9.53,14.81,15.13,20.85,20.41,27.71,39.84,29.37
2015-03-16,601519,24.9,25.78,26.49,24.5,1596909,4102139744.0,8.07,4.58,1.13,8.03,3.71,14.08,12.9,5.63,3.14,3.47,3.18,3.63,11.67,1.71,25.0,25.16,23.96,20.2,1.24,4.73,9.78,10.09,15.55,15.13,22.11,33.71,23.7,16.76
2015-03-17,601519,25.86,25.77,26.1,24.95,1208361,3072652096.0,4.46,-0.04,-0.01,6.08,12.02,10.86,3.73,1.28,1.6,1.32,1.76,9.66,-0.12,6.17,25.18,25.08,24.27,20.8,4.77,9.82,10.13,15.6,15.17,22.16,33.76,23.75,16.8,19.29
2015-03-18,601519,24.8,26.37,27.0,24.6,1598285,4116989184.0,9.31,2.33,0.6,8.04,12.44,5.2,2.72,3.05,2.76,3.21,11.22,1.3,7.68,6.1,25.48,25.14,24.51,21.38,7.32,7.62,12.97,12.55,19.38,30.72,20.93,14.14,16.57,13.31
2015-03-19,601519,26.2,27.62,28.3,25.86,2018138,5461087232.0,9.25,4.74,1.25,10.15,0.08,-2.28,-1.97,-2.24,-1.82,5.8,-3.63,2.44,0.93,4.41,26.04,25.38,24.74,21.98,2.75,7.86,7.46,13.98,24.8,15.46,8.98,11.3,8.18,8.62
2015-03-20,601519,27.65,27.66,28.38,27.05,1448841,4020769936.0,4.82,0.14,0.04,7.29,-6.58,-6.28,-6.54,-6.14,1.15,-7.87,-2.07,-3.51,-0.18,4.62,26.64,25.73,24.96,22.55,7.7,7.3,13.81,24.62,15.29,8.82,11.14,8.03,8.46,5.86
2015-03-23,601519,28.3,28.94,29.79,27.86,1272506,3672873920.0,6.98,4.63,1.28,6.4,-9.01,-9.26,-8.87,-1.79,-10.55,-4.92,-6.32,-3.09,1.58,1.87,27.27,26.14,25.25,23.13,2.56,8.78,19.11,10.19,4.01,6.22,3.25,3.66,1.17,7.64
2015-03-24,601519,28.5,28.62,29.68,27.8,1416492,4070070560.0,6.5,-1.11,-0.32,7.13,-9.06,-8.67,-1.58,-10.36,-4.71,-6.12,-2.88,1.8,2.09,7.16,27.84,26.51,25.52,23.65,9.99,20.44,11.43,5.17,7.41,4.4,4.82,2.31,8.84,9.29
2015-03-25,601519,28.34,31.48,31.48,27.79,1517011,4573458176.0,12.89,9.99,2.86,7.63,-8.64,-1.55,-10.33,-4.68,-6.08,-2.84,1.84,2.12,7.2,6.8,28.86,27.17,25.97,24.23,9.5,1.3,-4.38,-2.35,-5.08,-4.7,-6.99,-1.05,-0.64,3.78
2015-03-26,601519,32.45,31.51,34.47,30.06,1860583,6023116800.0,14.01,0.1,0.03,9.36,-8.98,-17.1,-11.88,-13.17,-10.18,-5.85,-5.59,-0.9,-1.26,4.72,29.64,27.84,26.4,24.77,1.21,-4.47,-2.44,-5.17,-4.79,-7.08,-1.14,-0.73,3.68,11.08
2015-03-27,601519,31.4,30.49,31.89,30.1,910888,2803975504.0,5.68,-3.24,-1.02,4.58,-17.21,-11.99,-13.29,-10.3,-5.98,-5.71,-1.03,-1.4,4.58,14.52,30.21,28.42,26.77,25.21,-1.28,0.82,-2.0,-1.61,-3.97,2.16,2.59,7.15,14.79,13.32
2015-03-30,601519,30.01,29.18,30.1,28.61,1249063,3640341488.0,4.89,-4.3,-1.31,6.28,-7.41,-8.77,-5.63,-1.08,-0.8,4.12,3.74,10.03,20.48,11.46,30.26,28.76,26.96,25.56,5.35,2.4,2.81,0.34,6.75,7.2,11.96,19.95,18.4,15.94
2015-03-31,601519,29.01,29.56,30.74,28.71,981396,2924347360.0,6.96,1.3,0.38,4.94,-9.09,-5.96,-1.43,-1.15,3.76,3.38,9.65,20.06,11.08,4.84,30.44,29.14,27.11,25.89,1.08,1.49,-0.95,5.38,5.82,10.52,18.4,16.88,14.45,10.62
2015-04-01,601519,29.33,29.68,29.88,29.0,711044,2089188480.0,2.98,0.41,0.12,3.58,-6.9,-2.41,-2.14,2.72,2.34,8.55,18.86,9.97,3.79,6.0,30.08,29.47,27.31,26.16,1.08,-1.35,4.95,5.39,10.07,17.92,16.41,13.98,10.18,14.49
2015-04-02,601519,29.99,29.34,30.0,29.1,662908,1948510144.0,3.03,-1.15,-0.34,3.34,-2.75,-2.47,2.37,1.99,8.18,18.45,9.59,3.44,5.64,2.68,29.65,29.65,27.51,26.37,-0.2,6.17,6.61,11.35,19.29,17.76,15.3,11.45,15.81,9.03
2015-04-03,601519,28.98,29.02,29.28,28.6,624732,1806327376.0,2.32,-1.09,-0.32,3.14,-0.77,4.16,3.78,10.07,20.52,11.5,5.24,7.48,4.48,4.9,29.36,29.78,27.75,26.57,7.34,7.79,12.58,20.61,19.06,16.57,12.68,17.09,10.23,7.51
2015-04-07,601519,29.4,30.8,31.15,29.4,1004835,3070865760.0,6.03,6.13,1.78,5.06,1.33,0.95,7.07,17.24,8.47,2.38,4.56,1.63,2.04,-0.41,29.68,29.97,28.05,26.82,1.56,6.07,13.64,12.18,9.84,6.17,10.32,3.86,1.3,8.7
2015-04-08,601519,31.2,29.7,31.28,28.99,934630,2812270592.0,7.44,-3.57,-1.1,4.7,2.38,8.59,18.9,10.0,3.83,6.04,3.07,3.48,1.0,7.45,29.71,30.08,28.29,27.04,10.0,17.85,16.33,13.91,10.1,14.41,7.71,5.05,12.73,1.45
2015-04-20,601519,32.67,32.67,32.67,32.67,38477,125704588.0,0.0,10.0,2.97,0.19,-3.64,5.51,-2.39,-7.87,-5.91,-8.54,-8.17,-10.38,-4.65,-4.25,30.31,30.19,28.68,27.38,7.13,5.75,3.55,0.09,4.01,-2.08,-4.5,2.48,-7.77,-16.99
2015-04-21,601519,35.0,33.54,35.0,32.0,1511554,5080153600.0,9.18,2.66,0.87,7.6,7.72,-0.34,-5.94,-3.94,-6.63,-6.25,-8.5,-2.66,-2.25,2.09,31.15,30.4,29.12,27.74,3.01,0.86,-2.5,1.31,-4.62,-6.98,-0.18,-10.17,-19.14,-12.16
2015-04-22,601519,33.74,33.49,34.55,32.9,1065711,3586043360.0,4.92,-0.15,-0.05,5.36,-3.07,-8.51,-6.57,-9.18,-8.81,-11.0,-5.32,-4.92,-0.7,6.38,32.04,30.7,29.56,28.08,1.02,-2.36,1.46,-4.48,-6.84,-0.03,-10.03,-19.02,-12.03,-21.47
2015-04-23,601519,33.5,32.46,33.83,32.28,968678,3176676368.0,4.63,-3.08,-1.03,4.87,-6.75,-4.77,-7.43,-7.06,-9.29,-3.5,-3.1,1.21,8.43,7.03,32.37,31.03,29.89,28.32,0.74,4.68,-1.45,-3.88,3.14,-7.18,-16.45,-9.24,-18.98,-19.9
2015-04-24,601519,31.5,32.13,32.7,31.31,717680,2298727360.0,4.28,-1.02,-0.33,3.61,-1.82,-4.57,-4.18,-6.48,-0.51,-0.1,4.34,11.79,10.35,8.05,32.86,31.28,30.21,28.5,5.76,-0.44,-2.89,4.2,-6.22,-15.59,-8.31,-18.15,-19.08,-11.61
2015-04-27,601519,33.0,32.21,33.98,32.0,942730,3101283456.0,6.16,0.25,0.08,4.74,-6.63,-6.25,-8.5,-2.66,-2.25,2.09,9.38,7.97,5.72,2.19,32.77,31.54,30.5,28.72,-0.68,-3.14,3.94,-6.46,-15.8,-8.54,-18.35,-19.28,-11.83,-5.25
2015-04-28,601519,31.7,29.86,31.99,29.68,908921,2788652992.0,7.17,-7.3,-2.35,4.57,1.08,-1.35,4.95,5.39,10.07,17.92,16.41,13.98,10.18,14.49,32.03,31.59,30.62,28.87,4.49,12.12,0.9,-9.18,-1.34,-11.92,-12.93,-4.89,2.21,-4.55
2015-04-29,601519,29.71,30.44,31.2,29.06,616627,1859014320.0,7.17,1.94,0.58,3.1,0.76,7.19,7.64,12.42,20.44,18.89,16.41,12.53,16.93,10.08,31.42,31.73,30.76,29.08,9.99,-1.02,-10.91,-3.22,-13.6,-14.59,-6.7,0.26,-6.37,-8.41
2015-04-30,601519,30.58,33.48,33.48,30.11,1929113,6342882560.0,11.07,9.99,3.04,9.71,3.45,3.89,8.5,16.24,14.75,12.35,8.6,12.85,6.24,3.62,31.62,32.0,30.98,29.37,-10.01,-19.0,-12.01,-21.45,-22.34,-15.17,-8.84,-14.87,-16.73,-18.31
2015-05-04,601519,30.13,30.13,30.13,30.13,110549,333084144.0,0.0,-10.01,-3.35,0.56,3.82,8.43,16.16,14.67,12.28,8.53,12.78,6.17,3.55,11.12,31.22,32.04,31.06,29.54,-9.99,-2.22,-12.71,-13.71,-5.74,1.29,-5.41,-7.47,-9.23,-10.55
2015-05-05,601519,27.12,27.12,27.12,27.12,77829,211072248.0,0.0,-9.99,-3.01,0.39,20.46,29.06,27.4,24.74,20.58,25.29,17.96,15.04,23.45,11.1,30.21,31.49,30.84,29.62,8.63,-3.02,-4.13,4.72,12.54,5.09,2.8,0.85,-0.63,2.43
2015-05-06,601519,26.05,27.06,29.46,25.66,2261742,6148415232.0,14.01,-0.22,-0.06,11.38,36.4,34.65,31.84,27.44,32.42,24.67,21.59,30.48,17.42,5.69,29.65,30.84,30.62,29.69,-2.81,-3.92,4.95,12.79,5.32,3.03,1.07,-0.41,2.66,-0.37
2015-05-07,601519,25.95,24.42,26.3,24.35,1239271,3125449312.0,7.21,-9.76,-2.64,6.23,41.89,38.93,34.29,39.55,31.38,28.13,37.49,23.74,11.38,20.99,28.44,29.93,30.31,29.68,6.47,16.3,24.98,16.71,14.17,12.0,10.36,13.76,10.4,16.13
2015-05-08,601519,25.02,25.82,26.0,24.51,1262343,3201594560.0,6.1,5.73,1.4,6.35,38.03,33.41,38.64,30.52,27.29,36.6,22.93,10.65,20.2,7.3,26.91,29.27,30.15,29.69,9.99,18.2,10.38,7.98,5.93,4.38,7.59,4.42,9.84,6.39
2015-05-12,601519,25.1,28.4,28.4,25.1,2135253,5705748480.0,12.78,9.99,2.58,10.74,30.28,35.38,27.45,24.3,33.39,20.04,8.05,17.37,4.78,3.59,26.56,28.89,30.09,29.77,7.46,0.35,-1.83,-3.7,-5.11,-2.18,-5.07,-0.14,-3.27,6.16
2015-05-13,601519,28.68,28.68,30.52,28.22,2517372,7357647872.0,8.1,0.99,0.28,12.66,20.41,13.36,10.56,18.64,6.77,-3.9,4.39,-6.8,-7.87,0.64,26.88,28.54,30.04,29.85,-0.63,-2.79,-4.64,-6.03,-3.14,-6.0,-1.12,-4.22,5.13,13.67
2015-05-14,601519,27.88,27.08,28.5,25.91,1319424,3576646448.0,9.03,-5.58,-1.6,6.64,23.47,20.42,29.22,16.29,4.67,13.7,1.51,0.35,9.61,17.79,26.88,28.26,29.93,29.83,2.95,1.0,-0.48,2.58,-0.44,4.73,1.44,11.34,20.38,18.72
2015-05-15,601519,26.79,26.67,27.88,26.3,862508,2328123280.0,5.83,-1.51,-0.41,4.34,18.63,27.3,14.56,3.12,12.02,0.0,-1.14,7.98,16.05,8.37,27.33,27.89,29.81,29.8,2.55,1.05,4.16,1.09,6.34,3.0,13.05,22.23,20.55,8.36
2015-05-18,601519,26.45,26.24,27.35,25.9,890251,2362711712.0,5.44,-1.61,-0.43,4.48,29.27,16.33,4.71,13.75,1.54,0.39,9.65,17.84,10.04,7.64,27.41,27.16,29.58,29.71,2.71,5.87,2.74,8.08,4.69,14.9,24.24,22.52,10.14,10.71
2015-05-19,601519,26.26,26.7,26.95,24.66,1043129,2691716864.0,8.73,1.75,0.46,5.25,22.18,9.98,19.46,6.65,5.43,15.17,23.76,15.57,13.06,10.91,27.07,26.82,29.43,29.65,4.04,0.97,6.22,2.88,12.92,22.1,20.41,8.24,8.8,14.27
2015-05-20,601519,26.76,26.97,27.78,26.33,1128525,3052424992.0,5.43,1.01,0.27,5.68,3.0,11.89,-0.11,-1.25,7.86,15.91,8.24,5.89,3.87,2.35,26.73,26.8,29.14,29.49,-0.04,5.15,1.85,11.79,20.88,19.21,7.16,7.71,13.13,20.32
2015-05-21,601519,26.96,26.51,26.96,26.0,848492,2239410928.0,3.56,-1.71,-0.46,4.27,13.31,1.15,0.0,9.23,17.38,9.62,7.23,5.19,3.65,6.85,26.62,26.75,28.79,29.33,6.98,3.62,13.73,22.97,21.27,9.02,9.58,15.09,22.41,16.52
2015-05-22,601519,26.65,27.69,28.36,26.65,1245888,3423888560.0,6.45,4.45,1.18,6.27,-1.31,-2.44,6.57,14.52,6.94,4.62,2.63,1.13,4.24,1.16,26.82,27.08,28.5,29.23,-0.79,8.88,17.73,16.11,4.37,4.91,10.18,17.19,11.56,11.95
2015-05-25,601519,26.7,27.41,27.47,26.41,1067151,2886430704.0,3.83,-1.01,-0.28,5.37,-1.55,7.54,15.56,7.91,5.57,3.56,2.04,5.19,2.08,7.38,27.06,27.23,28.25,29.18,10.0,18.93,17.29,5.44,5.98,11.31,18.39,12.7,13.1,7.59
2015-05-26,601519,27.51,30.15,30.15,27.46,1539475,4440074752.0,9.81,10.0,2.74,7.75,3.42,11.14,3.79,1.53,-0.4,-1.86,1.17,-1.82,3.28,0.04,27.75,27.41,28.15,29.2,8.13,6.63,-4.15,-3.65,1.19,7.63,2.45,2.82,-2.19,-1.89
2015-05-27,601519,30.5,31.73,32.6,29.19,1689267,5160378112.0,11.31,5.24,1.58,8.5,4.56,-2.36,-4.49,-6.3,-7.67,-4.83,-7.64,-2.84,-5.89,3.29,28.7,27.71,28.13,29.26,1.32,-8.92,-8.45,-3.84,2.27,-2.65,-2.3,-7.06,-6.78,-7.22
2015-05-28,601519,31.4,28.56,32.15,28.56,1196649,3656951536.0,11.31,-9.99,-3.17,6.02,-0.21,-2.38,-4.24,-5.64,-2.73,-5.6,-0.7,-3.82,5.57,14.15,29.11,27.86,28.06,29.24,1.19,1.72,6.83,13.62,8.16,8.54,3.26,3.57,3.08,1.51
2015-05-29,601519,28.3,27.69,28.9,25.9,932371,2577903184.0,10.5,-3.05,-0.87,4.69,7.64,5.6,4.05,7.26,4.09,9.5,6.06,16.41,25.87,24.13,29.11,27.96,27.93,29.19,4.91,10.18,17.19,11.56,11.95,6.5,6.83,6.32,4.69,2.85
2015-06-01,601519,27.3,28.56,29.05,27.0,888629,2488660416.0,7.4,3.14,0.87,4.47,1.3,-0.19,2.89,-0.15,5.04,1.74,11.67,20.74,19.07,7.04,29.34,28.2,27.68,29.12,6.83,13.62,8.16,8.54,3.26,3.57,3.08,1.51,-0.28,-1.82
2015-06-02,601519,28.33,30.13,30.51,27.98,1171736,3419588576.0,8.86,5.5,1.57,5.89,-3.68,-0.71,-3.65,1.36,-1.82,7.76,16.51,14.9,3.29,3.82,29.33,28.54,27.68,29.13,7.7,2.52,2.89,-2.12,-1.83,-2.29,-3.78,-5.48,-6.94,-13.91
2015-06-03,601519,29.7,30.9,32.45,29.5,1322027,4100648992.0,9.79,2.56,0.77,6.65,-5.83,-8.61,-3.86,-6.88,2.2,10.51,8.98,-2.03,-1.53,3.42,29.17,28.93,27.87,29.07,-0.03,0.32,-4.56,-4.27,-4.72,-6.18,-7.83,-9.26,-16.05,-14.24
2015-06-04,601519,30.43,29.92,30.89,28.0,946110,2781732256.0,9.35,-3.17,-0.98,4.76,-3.71,1.29,-1.89,7.68,16.43,14.82,3.21,3.75,8.96,15.89,29.44,29.27,28.01,28.95,3.61,-1.44,-1.14,-1.6,-3.11,-4.81,-6.28,-13.3,-11.43,-12.3
2015-06-05,601519,30.51,29.73,31.0,29.09,879572,2644350432.0,6.38,-0.64,-0.19,4.43,-2.51,-5.57,3.64,12.07,10.52,-0.65,-0.14,4.88,11.55,6.19,29.85,29.48,28.28,28.83,-0.81,-0.5,-0.98,-2.49,-4.2,-5.68,-12.75,-10.86,-11.74,-20.11
2015-06-08,601519,29.49,28.64,29.49,28.0,758725,2168987984.0,5.01,-3.67,-1.09,3.82,-1.89,7.68,16.43,14.82,3.21,3.75,8.96,15.89,10.32,10.71,29.86,29.6,28.42,28.7,3.28,2.79,1.22,-0.56,-2.09,-9.43,-7.47,-8.38,-17.07,-22.24
2015-06-09,601519,28.6,28.88,29.58,28.22,573856,1660219792.0,4.75,0.84,0.24,2.89,6.84,15.52,13.93,2.41,2.94,8.11,14.99,9.46,9.85,4.5,29.61,29.47,28.44,28.59,1.94,0.38,-1.39,-2.91,-10.18,-8.24,-9.14,-17.76,-22.89,-23.93
2015-06-10,601519,28.5,28.85,29.44,27.61,715027,2040861904.0,6.34,-0.1,-0.03,3.6,18.07,16.44,4.67,5.22,10.5,17.53,11.88,12.28,6.81,7.14,29.2,29.19,28.45,28.48,0.49,-1.28,-2.81,-10.09,-8.15,-9.05,-17.68,-22.81,-23.85,-20.35
2015-06-11,601519,28.52,28.2,28.99,27.88,531645,1501692560.0,3.85,-2.25,-0.65,2.67,15.32,3.66,4.2,9.43,16.39,10.8,11.19,5.77,6.1,5.6,28.86,29.15,28.51,28.43,0.99,-0.57,-8.01,-6.03,-6.95,-15.78,-21.03,-22.09,-18.51,-25.57
2015-06-12,601519,28.18,27.84,28.48,27.69,599490,1675087744.0,2.8,-1.28,-0.36,3.02,4.37,4.91,10.18,17.19,11.56,11.95,6.5,6.83,6.32,4.69,28.48,29.16,28.56,28.34,0.72,-6.82,-4.81,-5.75,-14.69,-20.01,-21.08,-17.46,-24.6,-27.8
2015-06-15,601519,28.01,26.38,28.04,26.13,687814,1850806240.0,6.86,-5.24,-1.46,3.46,11.17,16.76,24.19,18.22,18.64,12.86,13.2,12.67,10.95,8.99,28.03,28.95,28.57,28.1,-1.67,0.45,-0.53,-9.97,-15.58,-16.72,-12.89,-20.43,-23.81,-28.05
2015-06-16,601519,25.9,25.07,25.94,24.82,503443,1280194096.0,4.25,-4.97,-1.31,2.53,22.93,30.74,24.46,24.9,18.82,19.18,18.61,16.8,14.75,12.97,27.27,28.44,28.49,27.93,5.7,4.67,-5.27,-11.17,-12.37,-8.34,-16.27,-19.82,-24.29,-24.41
2015-06-17,601519,24.5,26.24,26.5,24.5,546317,1390269728.0,7.98,4.67,1.17,2.75,32.45,26.08,26.53,20.37,20.73,20.16,18.33,16.24,14.45,5.88,26.75,27.97,28.45,27.9,0.0,-9.49,-15.13,-16.27,-12.42,-20.01,-23.4,-27.67,-27.78,-34.87
2015-06-18,601519,26.24,24.0,26.24,23.78,449295,1130548912.0,9.38,-8.54,-2.24,2.26,29.9,30.36,24.01,24.39,23.8,21.91,19.76,17.91,9.08,11.44,25.91,27.38,28.33,27.8,-1.04,-7.21,-8.46,-4.25,-12.54,-16.25,-20.92,-21.04,-28.79,-36.83
2015-06-19,601519,23.26,21.6,23.75,21.6,446046,1011889680.0,8.96,-10.0,-2.4,2.24,43.52,36.53,36.94,36.3,34.21,31.85,29.81,20.09,22.69,21.48,24.66,26.57,28.02,27.71,3.1,1.71,6.39,-2.82,-6.94,-12.13,-12.27,-20.88,-29.81,-31.44
2015-06-23,601519,21.6,21.22,22.27,19.44,510320,1067120736.0,13.1,-1.76,-0.38,2.57,51.7,52.16,51.44,49.13,46.5,44.24,33.44,36.32,34.98,22.17,23.63,25.83,27.71,27.55,3.53,8.29,-1.08,-5.28,-10.56,-10.7,-19.46,-28.56,-30.21,-43.45
2015-06-24,601519,21.5,21.71,21.97,21.01,494448,1065026528.0,4.52,2.31,0.49,2.49,40.79,40.12,37.98,35.55,33.46,23.47,26.13,24.89,13.04,6.0,22.95,25.11,27.29,27.33,5.85,-3.32,-7.42,-12.57,-12.71,-21.28,-30.17,-31.78,-44.73,-53.75
2015-06-25,601519,22.18,21.78,22.98,21.01,678196,1516369360.0,9.07,0.32,0.07,3.41,40.12,37.98,35.55,33.46,23.47,26.13,24.89,13.04,6.0,4.57,22.06,24.4,26.79,27.1,-3.63,-7.71,-12.86,-12.99,-21.53,-30.39,-32.0,-44.9,-53.9,-49.31
2015-06-26,601519,20.6,19.6,20.99,19.6,531216,1058785776.0,6.38,-10.01,-2.18,2.67,47.91,45.31,43.06,32.35,35.2,33.88,21.17,13.62,12.09,17.24,21.18,23.54,26.35,26.85,2.55,-3.16,-3.32,-12.81,-22.65,-24.44,-38.78,-48.78,-43.67,-38.06
2015-06-29,601519,20.05,17.64,20.1,17.64,543415,987407616.0,12.55,-10.0,-1.96,2.73,61.45,58.96,47.05,50.23,48.75,34.64,26.25,24.55,30.27,18.99,20.39,22.52,25.84,26.55,7.6,7.43,-3.12,-14.06,-16.04,-31.97,-43.08,-37.41,-31.18,-24.32
2015-06-30,601519,16.4,18.71,18.98,15.88,733551,1271402896.0,17.57,6.07,1.07,3.69,76.57,63.35,66.88,65.24,49.56,40.24,38.35,44.71,32.18,26.57,19.89,21.76,25.35,26.3,1.28,-8.66,-18.97,-20.84,-35.86,-46.34,-40.99,-35.11,-28.65,-21.49
2015-07-01,601519,18.0,16.84,18.95,16.84,688636,1246927104.0,11.28,-9.99,-1.87,3.46,54.04,57.36,55.82,41.03,32.24,30.46,36.46,24.64,19.36,12.71,18.91,20.93,24.69,25.97,1.48,-9.98,-12.05,-28.74,-40.38,-34.44,-27.91,-20.72,-12.77,-8.61
2015-07-02,601519,16.8,15.16,17.09,15.16,651121,1030751440.0,11.46,-9.98,-1.68,3.28,74.8,73.09,56.66,46.9,44.92,51.58,38.46,32.59,25.2,25.0,17.59,19.83,23.9,25.58,0.0,-2.31,-20.84,-33.77,-27.18,-19.92,-11.94,-3.1,1.52,-5.28
2015-07-03,601519,14.25,13.64,15.16,13.64,608325,852313616.0,10.03,-10.03,-1.52,3.06,92.38,74.12,63.27,61.07,68.48,53.89,47.36,39.15,38.93,25.29,16.4,18.79,23.09,25.15,8.58,-12.02,-26.39,-19.06,-11.0,-2.13,7.7,12.83,5.28,12.83
2015-07-06,601519,14.79,12.39,14.81,12.28,826303,1091219856.0,18.55,-9.16,-1.25,4.16,93.4,81.35,78.91,87.13,70.93,63.68,54.56,54.32,39.17,23.45,15.35,17.87,22.22,24.64,-3.15,-18.97,-10.9,-2.02,7.75,18.56,24.21,15.9,24.21,33.17
2015-07-07,601519,11.61,11.15,12.0,11.15,336834,382944432.0,6.86,-10.01,-1.24,1.69,99.73,97.04,106.1,88.25,80.27,70.22,69.96,53.27,35.96,32.83,13.84,16.86,21.34,24.1,-9.96,-0.99,8.88,19.73,31.75,38.03,28.79,38.03,47.98,44.22
2015-07-08,601519,10.04,10.04,10.04,10.04,42327,42496308.0,0.0,-9.96,-1.11,0.21,118.82,128.88,109.06,100.2,89.04,88.75,70.22,51.0,47.51,19.52,12.48,15.69,20.4,23.43,9.96,20.92,32.97,46.31,53.29,43.03,53.29,64.34,60.16,63.75
2015-07-09,601519,9.04,11.04,11.04,9.04,1203732,1213149984.0,19.92,9.96,1.0,6.06,154.2,132.19,122.35,109.96,109.62,89.05,67.7,63.83,32.74,11.06,11.65,14.62,19.51,22.74,9.96,20.92,33.06,39.4,30.07,39.4,49.46,45.65,48.91,59.06
2015-07-10,601519,11.5,12.14,12.14,11.38,445627,530966800.0,6.88,9.96,1.1,2.24,84.45,76.63,66.78,66.52,50.18,33.22,30.14,5.45,-11.78,-2.99,11.35,13.87,18.71,22.19,9.97,21.0,26.77,18.29,26.77,35.91,32.45,35.42,44.65,53.54
2015-07-13,601519,13.35,13.35,13.35,13.35,115560,154273121.0,0.0,9.97,1.21,0.58,50.56,42.17,41.95,28.01,13.56,10.94,-10.11,-24.79,-17.3,-9.06,11.54,13.45,17.98,21.71,10.04,15.28,7.57,15.28,23.6,20.45,23.15,31.54,39.63,29.74
2015-07-14,601519,14.69,14.69,14.69,14.01,1048921,1530548176.0,5.09,10.04,1.34,5.28,35.47,35.26,21.98,8.21,5.71,-14.35,-28.34,-21.2,-13.35,-4.71,12.25,13.04,17.4,21.25,4.77,-2.25,4.77,12.32,9.46,11.91,19.54,26.89,17.9,5.51
2015-07-15,601519,14.8,13.23,15.39,13.22,1599150,2266191248.0,14.77,-9.94,-1.46,8.05,43.34,29.27,14.67,12.03,-9.23,-24.05,-16.49,-8.17,0.98,11.12,12.89,12.68,16.81,20.69,8.54,16.33,24.72,21.54,24.26,32.73,40.89,30.91,17.16,16.4
2015-07-16,601519,12.4,14.0,14.36,12.03,1117042,1500717728.0,17.61,5.82,0.77,5.62,42.06,26.02,23.11,-0.25,-16.54,-8.23,0.91,10.97,22.11,27.93,13.48,12.57,16.2,20.12,9.93,17.86,14.86,17.43,25.43,33.14,23.71,10.71,10.0,13.79
2015-07-17,601519,14.06,15.18,15.39,13.81,1037915,1522766512.0,11.29,8.43,1.18,5.22,9.78,7.24,-13.11,-27.3,-20.06,-12.09,-3.33,6.37,11.44,3.98,14.09,12.72,15.76,19.63,8.7,5.93,8.3,15.68,22.79,14.1,2.11,1.45,4.94,-0.92
2015-07-20,601519,15.66,15.98,16.5,15.23,1274545,2023608064.0,8.37,5.27,0.8,6.41,-2.76,-21.21,-34.08,-27.51,-20.29,-12.34,-3.55,1.05,-5.71,1.05,14.62,13.08,15.47,19.17,0.63,2.88,9.89,16.65,8.39,-3.0,-3.63,-0.31,-5.88,-12.52
2015-07-21,601519,15.3,15.68,16.08,15.19,885368,1386990304.0,5.57,-1.88,-0.3,4.45,-21.0,-33.9,-27.32,-20.08,-12.11,-3.29,1.32,-5.46,1.32,8.62,14.81,13.53,15.2,18.74,4.85,11.99,18.88,10.46,-1.15,-1.79,1.59,-4.08,-10.84,-9.44
2015-07-22,601519,15.41,15.96,16.44,15.36,835353,1327577568.0,6.89,1.79,0.28,4.2,-34.64,-28.12,-20.96,-13.09,-4.36,0.2,-6.51,0.2,7.42,4.69,15.36,14.12,14.91,18.31,10.03,16.79,8.52,-2.88,-3.51,-0.19,-5.76,-12.41,-11.03,-9.71
2015-07-23,601519,15.8,17.56,17.56,15.61,1204088,1996942736.0,12.22,10.03,1.6,6.06,-29.28,-22.23,-14.48,-5.89,-1.41,-8.01,-1.41,5.7,3.01,5.32,16.07,14.78,14.7,17.93,6.15,-1.37,-11.73,-12.3,-9.28,-14.35,-20.39,-19.13,-17.94,-21.18
2015-07-24,601519,17.8,16.97,18.64,16.5,1338477,2379262960.0,12.19,-3.36,-0.59,6.73,-26.42,-19.09,-10.97,-6.73,-12.97,-6.73,0.0,-2.55,-0.36,6.42,16.43,15.26,14.57,17.56,2.06,-8.66,-9.25,-6.13,-11.37,-17.62,-16.32,-15.09,-18.44,-13.85
2015-07-27,601519,16.15,15.27,17.32,15.27,836031,1363148880.0,12.08,-10.02,-1.7,4.21,-12.57,-3.8,0.79,-5.96,0.79,8.06,5.3,7.66,15.0,22.07,16.29,15.45,14.45,17.14,1.51,0.85,4.32,-1.51,-8.45,-7.01,-5.63,-9.36,-4.26,2.75
2015-07-28,601519,13.81,14.0,15.5,13.74,905314,1283369264.0,11.53,-8.32,-1.27,4.55,6.91,12.01,4.51,12.01,20.09,17.03,19.65,27.8,35.66,26.06,15.95,15.38,14.21,16.73,10.0,13.79,7.43,-0.14,1.43,2.93,-1.14,4.43,12.07,16.0
2015-07-29,601519,14.41,15.4,15.4,13.83,901192,1319674240.0,11.21,10.0,1.4,4.53,11.28,3.83,11.28,19.31,16.27,18.87,26.97,34.78,25.23,12.08,15.84,15.6,14.14,16.41,3.44,-2.34,-9.22,-7.79,-6.43,-10.13,-5.06,1.88,5.45,2.4
2015-07-30,601519,15.26,14.93,15.93,14.52,881115,1357529968.0,9.16,-3.05,-0.47,4.43,-1.1,5.99,13.64,10.74,13.22,20.94,28.37,19.28,6.75,6.06,15.31,15.69,14.13,16.03,0.74,-6.36,-4.89,-3.48,-7.3,-2.08,5.09,8.77,5.63,7.03
2015-07-31,601519,14.5,14.22,15.04,13.76,542894,787522336.0,8.57,-4.76,-0.71,2.73,11.85,19.91,16.86,19.48,27.62,35.47,25.87,12.65,11.92,15.77,14.76,15.6,14.16,15.7,-1.69,-0.14,1.34,-2.67,2.81,10.34,14.21,10.9,12.38,14.84
2015-08-03,601519,13.68,12.91,13.98,12.8,607439,798746592.0,8.3,-9.21,-1.31,3.06,28.91,25.62,28.44,37.19,45.63,35.31,21.09,20.31,24.45,17.5,14.29,15.29,14.18,15.41,9.99,11.62,7.2,13.25,21.53,25.79,22.15,23.78,26.49,19.6
2015-08-04,601519,12.91,14.2,14.2,12.62,678379,924728368.0,12.24,9.99,1.29,3.41,27.42,30.27,39.14,47.7,37.24,22.82,22.03,26.23,19.18,10.78,14.33,15.14,14.34,15.18,1.48,-2.54,2.96,10.49,14.37,11.06,12.54,15.0,8.73,15.49
2015-08-05,601519,14.01,13.68,14.41,13.39,659587,923411184.0,7.18,-3.66,-0.52,3.32,22.78,31.14,39.21,29.35,15.76,15.01,18.97,12.32,4.41,6.05,13.99,14.91,14.52,14.91,1.17,6.87,14.69,18.71,15.28,16.81,19.37,12.87,19.88,6.8
2015-08-06,601519,13.1,13.51,13.84,13.1,424921,571634944.0,5.41,-1.24,-0.17,2.14,34.05,42.29,32.21,18.32,17.56,21.6,14.81,6.72,8.4,10.0,13.7,14.51,14.64,14.64,8.22,16.14,20.21,16.73,18.28,20.87,14.29,21.39,8.14,7.77
2015-08-07,601519,13.72,14.26,14.62,13.66,610526,865886912.0,7.11,5.55,0.75,3.07,36.46,26.79,13.47,12.74,16.62,10.1,2.34,3.95,5.49,1.32,13.71,14.24,14.75,14.46,10.03,13.88,10.59,12.06,14.52,8.27,15.01,2.45,2.1,-4.77
2015-08-10,601519,14.4,15.69,15.69,14.3,900560,1360810752.0,9.75,10.03,1.43,4.53,21.12,8.39,7.69,11.4,5.17,-2.24,-0.7,0.77,-3.22,2.24,14.27,14.28,14.87,14.39,3.51,0.51,1.85,4.08,-1.59,4.53,-6.88,-7.2,-13.45,-22.88
2015-08-11,601519,15.64,15.81,16.24,15.36,1025621,1625456720.0,5.61,0.76,0.12,5.16,0.91,0.26,3.71,-2.08,-8.98,-7.55,-6.18,-9.9,-4.82,2.15,14.59,14.46,14.92,14.3,-0.25,1.08,3.29,-2.34,3.73,-7.59,-7.91,-14.1,-23.47,-33.27
2015-08-12,601519,15.45,15.25,15.77,15.2,606053,935852480.0,3.61,-3.54,-0.56,3.05,1.32,4.8,-1.05,-8.03,-6.58,-5.2,-8.95,-3.82,3.22,6.84,14.9,14.45,15.02,14.24,4.79,7.08,1.25,7.54,-4.2,-4.52,-10.95,-20.66,-30.82,-30.95
2015-08-13,601519,15.0,15.88,15.98,14.91,676661,1047325168.0,7.02,4.13,0.63,3.4,6.84,0.87,-6.24,-4.76,-3.35,-7.18,-1.95,5.23,8.92,5.77,15.38,14.54,15.12,14.27,2.83,-2.77,3.27,-8.0,-8.31,-14.48,-23.8,-33.56,-33.69,-38.29
2015-08-14,601519,16.0,15.73,16.33,15.6,690499,1105047392.0,4.6,-0.94,-0.15,3.47,-3.59,-10.38,-8.97,-7.63,-11.28,-6.28,0.58,4.1,1.09,2.44,15.67,14.69,15.14,14.34,-1.84,4.26,-7.12,-7.44,-13.67,-23.08,-32.93,-33.06,-37.7,-31.98
2015-08-17,601519,15.08,15.37,15.44,14.85,768100,1165904256.0,3.75,-2.29,-0.36,3.86,-5.86,-4.38,-2.96,-6.8,-1.55,5.66,9.36,6.2,7.61,9.97,15.61,14.94,15.11,14.44,6.7,-4.94,-5.27,-11.65,-21.28,-31.36,-31.49,-36.24,-30.38,-31.03
2015-08-18,601519,15.37,14.1,16.4,13.85,1114167,1726231552.0,16.59,-8.26,-1.27,5.61,2.53,4.04,-0.07,5.56,13.29,17.26,13.86,15.38,17.91,11.48,15.27,14.93,15.03,14.53,3.62,3.26,-3.69,-14.18,-25.18,-25.32,-30.5,-24.11,-24.82,-29.86
2015-08-19,601519,13.56,14.51,14.61,12.81,786286,1079220096.0,12.77,2.91,0.41,3.96,12.49,8.04,14.13,22.48,26.78,23.11,24.75,27.48,20.53,28.02,15.12,15.01,14.96,14.68,0.34,-6.41,-16.61,-27.29,-27.43,-32.46,-26.26,-26.95,-31.84,-35.08
2015-08-20,601519,14.1,13.62,14.56,13.6,548188,768579696.0,6.62,-6.13,-0.89,2.76,1.76,7.5,15.37,19.41,15.96,17.5,20.07,13.53,20.59,7.43,14.67,15.02,14.77,14.77,-0.29,-11.16,-22.54,-22.69,-28.05,-21.44,-22.17,-27.39,-30.84,-30.98
2015-08-21,601519,13.3,12.55,13.58,12.46,505050,657197280.0,8.22,-7.86,-1.07,2.54,17.34,25.92,30.34,26.57,28.25,31.06,23.92,31.62,17.26,16.85,14.03,14.85,14.54,14.78,-3.59,-15.94,-16.1,-21.91,-14.74,-15.54,-21.2,-24.94,-25.1,-21.91
2015-08-24,601519,12.1,11.3,12.1,11.3,301277,345293648.0,6.37,-9.96,-1.25,1.52,38.85,43.72,39.56,41.42,44.51,36.64,45.13,29.29,28.85,20.18,13.22,14.41,14.35,14.71,-6.64,-6.81,-13.27,-5.31,-6.19,-12.48,-16.64,-16.81,-13.27,-8.14
2015-08-25,601519,10.17,10.17,10.55,10.17,301859,308381520.0,3.36,-10.0,-1.13,1.52,59.69,55.06,57.13,60.57,51.82,61.26,43.66,43.17,33.53,18.98,12.43,13.85,14.15,14.56,3.54,-3.64,5.21,4.23,-2.75,-7.37,-7.57,-3.64,2.06,-0.2
2015-08-26,601519,10.15,9.15,10.53,9.15,590739,579074224.0,13.57,-10.03,-1.02,2.97,72.35,74.64,78.47,68.74,79.23,59.67,59.13,48.42,32.24,15.3,11.36,13.24,13.84,14.43,7.1,16.94,15.85,8.09,2.95,2.73,7.1,13.44,10.93,11.58
2015-08-27,601519,9.33,9.74,9.8,8.61,578079,541301744.0,13.01,6.45,0.59,2.91,85.6,89.66,79.33,90.48,69.69,69.11,57.72,40.53,22.53,22.3,10.58,12.62,13.58,14.29,9.86,8.83,1.54,-3.29,-3.49,0.62,6.57,4.21,4.83,4.52
2015-08-28,601519,9.89,10.69,10.7,9.65,634267,638563472.0,10.78,9.75,0.95,3.19,69.22,60.0,69.95,51.4,50.88,40.73,25.39,9.33,9.12,1.55,10.21,12.12,13.41,14.14,-0.84,-7.48,-11.88,-12.07,-8.33,-2.9,-5.05,-4.49,-4.77,-16.46
2015-08-31,601519,10.6,9.92,10.6,9.8,519186,523319168.0,7.48,-7.2,-0.77,2.61,57.55,67.35,49.08,48.57,38.57,23.47,7.65,7.45,0.0,9.18,9.93,11.57,13.26,13.93,-0.3,-5.04,-5.24,-1.21,4.64,2.32,2.92,2.62,-9.98,-8.97
2015-09-01,601519,9.89,8.93,9.89,8.93,466240,432878192.0,9.68,-9.98,-0.99,2.35,83.65,63.61,63.05,52.07,35.5,18.14,17.92,9.74,19.82,18.7,9.69,11.06,12.99,13.71,5.49,5.26,9.74,16.24,13.66,14.33,14.0,0.0,1.12,6.72
2015-09-02,601519,8.3,8.66,9.42,8.18,471429,410805104.0,13.89,-3.02,-0.27,2.37,78.61,78.0,66.01,47.92,28.97,28.73,19.8,30.81,29.58,20.9,9.59,10.47,12.74,13.47,8.55,13.16,19.86,17.21,17.9,17.55,3.12,4.27,10.05,11.66
2015-09-07,601519,8.92,8.94,9.4,8.8,457101,416046320.0,6.93,3.23,0.28,2.3,65.45,54.32,37.5,19.89,19.66,11.36,21.59,20.45,12.39,7.05,9.43,10.0,12.51,13.18,9.62,16.11,13.53,14.21,13.87,-0.11,1.01,6.6,8.17,15.77
2015-09-08,601519,8.9,9.7,9.8,8.68,473451,434398032.0,12.53,8.5,0.76,2.38,56.45,39.4,21.54,21.31,12.9,23.27,22.12,13.94,8.53,8.29,9.23,9.72,12.29,12.94,7.01,4.64,5.26,4.95,-7.94,-6.91,-1.75,-0.31,6.7,7.01
2015-09-09,601519,9.66,10.3,10.38,9.54,686859,689060560.0,8.66,6.19,0.6,3.46,26.83,10.59,10.38,2.73,12.16,11.11,3.67,-1.26,-1.47,2.73,9.31,9.62,12.02,12.77,-1.46,-0.87,-1.17,-13.3,-12.33,-7.48,-6.12,0.49,0.78,-0.49
2015-09-10,601519,10.0,9.86,10.15,9.82,427889,427900864.0,3.2,-4.27,-0.44,2.15,7.43,7.23,-0.2,8.96,7.94,0.71,-4.07,-4.28,-0.2,5.7,9.49,9.59,11.72,12.63,3.55,3.25,-9.43,-8.42,-3.35,-1.93,4.97,5.27,3.96,8.32
2015-09-11,601519,9.88,10.13,10.21,9.81,439915,441841872.0,4.06,2.74,0.27,2.21,7.34,-0.1,9.07,8.05,0.82,-3.98,-4.18,-0.1,5.81,3.47,9.79,9.69,11.46,12.46,0.49,-11.85,-10.86,-5.92,-4.54,2.17,2.47,1.18,5.43,0.49
2015-09-14,601519,10.17,9.12,10.18,9.12,446497,426987984.0,10.46,-9.97,-1.01,2.25,7.46,17.32,16.23,8.44,3.29,3.07,7.46,13.82,11.29,11.95,9.82,9.62,11.12,12.26,-2.08,-0.99,4.5,6.03,13.49,13.82,12.39,17.11,11.62,9.98
2015-09-15,601519,8.73,8.21,8.93,8.21,383598,326820912.0,7.89,-9.98,-0.91,1.93,30.33,29.11,20.46,14.74,14.49,19.37,26.43,23.63,24.36,24.0,9.52,9.38,10.75,12.06,9.99,16.08,17.78,26.07,26.43,24.85,30.09,24.0,22.17,19.37
2015-09-16,601519,8.35,9.03,9.03,8.22,401633,344908432.0,9.87,9.99,0.82,2.02,28.95,20.32,14.6,14.36,19.22,26.28,23.48,24.21,23.84,8.64,9.27,9.29,10.43,11.93,5.54,7.09,14.62,14.95,13.51,18.27,12.74,11.07,8.53,8.19
2015-09-17,601519,9.06,8.79,9.53,8.74,548253,501621280.0,8.75,-2.66,-0.24,2.76,13.16,7.78,7.55,12.13,18.76,16.13,16.82,16.48,2.17,3.32,9.06,9.27,10.17,11.75,10.01,17.75,18.09,16.61,21.5,15.81,14.11,11.49,11.15,19.0
2015-09-18,601519,8.93,9.67,9.67,8.77,822679,773739648.0,10.24,10.01,0.88,4.14,7.41,7.18,11.74,18.36,15.74,16.42,16.08,1.82,2.96,8.67,8.96,9.37,9.92,11.62,7.03,7.34,6.0,10.44,5.27,3.72,1.34,1.03,8.17,6.93
2015-09-21,601519,9.5,10.32,10.35,9.41,995799,983005600.0,9.72,6.72,0.65,5.01,-0.11,4.14,10.31,7.86,8.5,8.18,-5.1,-4.04,1.28,2.76,9.2,9.51,9.76,11.51,0.58,-0.68,3.49,-1.36,-2.81,-5.04,-5.33,1.36,0.19,9.69
2015-09-22,601519,10.1,10.08,10.38,9.91,816611,826855776.0,4.55,-2.33,-0.24,4.11,-1.11,4.74,2.42,3.03,2.72,-9.89,-8.88,-3.83,-2.42,4.44,9.58,9.55,9.64,11.37,1.69,5.95,0.99,-0.5,-2.78,-3.08,3.77,2.58,12.3,21.83
2015-09-23,601519,9.71,10.0,10.25,9.71,541339,537783904.0,5.36,-0.79,-0.08,2.72,6.9,4.53,5.15,4.84,-8.03,-7.0,-1.85,-0.41,6.59,6.9,9.77,9.52,9.57,11.18,6.8,1.8,0.3,-2.0,-2.3,4.6,3.4,13.2,22.8,20.0
2015-09-24,601519,10.11,10.23,10.68,10.07,678754,702144224.0,6.1,2.3,0.23,3.41,0.79,1.39,1.09,-11.32,-10.33,-5.36,-3.97,2.78,3.08,1.79,10.06,9.56,9.57,11.0,-0.49,-1.96,-4.2,-4.5,2.25,1.08,10.65,20.04,17.3,24.73
2015-09-25,601519,10.07,9.61,10.18,9.5,522779,512430288.0,6.65,-6.06,-0.62,2.63,7.47,7.16,-6.0,-4.95,0.32,1.79,8.95,9.26,7.89,12.42,10.05,9.51,9.6,10.81,4.37,1.98,1.66,8.84,7.6,17.79,27.78,24.87,32.78,44.54
2015-09-28,601519,9.63,9.99,10.03,9.36,413076,401604368.0,6.97,3.95,0.38,2.08,8.76,-4.59,-3.53,1.82,3.31,10.58,10.9,9.51,14.1,8.76,9.98,9.59,9.61,10.61,-1.9,-2.2,4.7,3.5,13.31,22.92,20.12,27.73,39.04,46.15
2015-09-29,601519,9.8,9.59,9.8,9.39,346435,333298912.0,4.1,-4.0,-0.4,1.74,-4.9,-3.83,1.49,2.98,10.22,10.54,9.16,13.74,8.41,6.82,9.88,9.73,9.55,10.41,1.88,9.07,7.82,18.04,28.05,25.13,33.06,44.84,52.24,54.95
2015-09-30,601519,9.7,9.59,9.77,9.48,257483,247960766.0,3.02,0.0,0.0,1.3,-4.75,0.53,2.0,9.18,9.49,8.12,12.66,7.38,5.8,3.38,9.8,9.79,9.54,10.22,9.07,7.82,18.04,28.05,25.13,33.06,44.84,52.24,54.95,49.11
2015-10-08,601519,9.99,10.2,10.46,9.81,588165,599179248.0,6.78,6.36,0.61,2.96,-2.85,-1.43,5.5,5.81,4.49,8.87,3.77,2.24,-0.1,-0.41,9.8,9.93,9.6,10.09,1.37,10.98,20.39,17.65,25.1,36.18,43.14,45.69,40.2,36.27
2015-10-09,601519,10.1,10.29,10.34,10.03,476295,485301456.0,3.04,0.88,0.09,2.4,-3.59,3.19,3.49,2.19,6.48,1.5,0.0,-2.29,-2.59,4.29,9.93,9.99,9.68,9.95,10.01,19.34,16.62,24.0,34.99,41.89,44.41,38.97,35.08,39.94
2015-10-12,601519,10.35,11.32,11.32,10.3,998980,1103910256.0,9.91,10.01,1.03,5.03,0.49,0.78,-0.49,3.69,-1.17,-2.62,-4.85,-5.15,1.55,0.39,10.2,10.09,9.8,9.87,8.48,6.01,12.72,22.7,28.98,31.27,26.33,22.79,27.21,23.67
2015-10-13,601519,11.31,11.96,12.28,11.2,1232166,1449670496.0,9.54,5.65,0.64,6.2,-7.32,-8.48,-4.64,-9.11,-10.45,-12.5,-12.77,-6.61,-7.68,1.07,10.67,10.28,9.91,9.85,0.33,6.69,16.14,22.07,24.25,19.57,16.22,20.4,17.06,26.25
2015-10-14,601519,11.76,11.6,12.0,11.42,753309,881114032.0,4.85,-3.01,-0.36,3.79,-10.25,-6.48,-10.86,-12.17,-14.19,-14.45,-8.41,-9.46,-0.88,7.53,11.07,10.44,9.98,9.86,10.0,19.74,25.86,28.1,23.28,19.83,24.14,20.69,30.17,33.53
2015-10-15,601519,11.53,12.63,12.76,11.49,1090776,1327911808.0,10.95,8.88,1.03,5.49,-7.05,-11.4,-12.71,-14.71,-14.97,-8.96,-10.01,-1.48,6.88,4.44,11.56,10.68,10.12,9.94,9.98,15.6,17.66,13.22,10.06,14.01,10.85,19.56,22.64,19.87
2015-10-16,601519,12.64,13.89,13.89,12.5,1355446,1826591616.0,11.01,9.98,1.26,6.82,-18.56,-19.76,-21.6,-21.84,-16.32,-17.28,-9.44,-1.76,-4.0,2.08,12.28,11.11,10.31,10.1,5.11,6.98,2.95,0.07,3.67,0.79,8.71,11.52,9.0,5.83
2015-10-19,601519,14.15,13.91,14.6,13.43,1477838,2074858112.0,8.42,0.14,0.02,7.43,-25.32,-27.03,-27.25,-22.11,-23.01,-15.71,-8.56,-10.65,-4.99,3.43,12.8,11.5,10.55,10.24,6.83,2.8,-0.07,3.52,0.65,8.55,11.36,8.84,5.68,10.86
2015-10-20,601519,13.51,14.37,14.86,13.5,1271035,1813085264.0,9.78,3.31,0.46,6.39,-27.41,-27.63,-22.52,-23.41,-16.15,-9.04,-11.11,-5.48,2.89,8.15,13.28,11.98,10.85,10.36,-0.49,-3.27,0.21,-2.57,5.08,7.79,5.36,2.3,7.31,17.26
2015-10-21,601519,14.1,12.93,14.3,12.93,1166145,1581764880.0,9.53,-10.02,-1.44,5.87,-24.44,-19.1,-20.03,-12.45,-5.03,-7.19,-1.31,7.42,12.92,14.93,13.55,12.31,11.05,10.46,7.5,11.37,8.28,16.78,19.8,17.09,13.69,19.26,30.32,23.36
2015-10-22,601519,12.8,13.77,13.9,12.8,957803,1288190784.0,8.51,6.5,0.84,4.82,-18.28,-19.22,-11.56,-4.06,-6.25,-0.31,8.52,14.06,16.09,11.72,13.77,12.67,11.3,10.62,4.58,1.67,9.66,12.49,9.95,6.75,11.98,22.37,15.83,15.47
2015-10-23,601519,13.59,13.97,14.4,13.15,939498,1291837952.0,9.08,1.45,0.2,4.73,-21.37,-13.92,-6.62,-8.75,-2.97,5.63,11.03,13.0,8.75,5.7,13.79,13.04,11.51,10.8,0.21,8.09,10.88,8.38,5.23,10.38,20.62,14.17,13.82,7.37
2015-10-26,601519,13.97,13.73,14.0,13.41,801091,1093064240.0,4.22,-1.72,-0.24,4.03,-15.59,-8.43,-10.51,-4.85,3.58,8.87,10.81,6.64,3.65,7.38,13.75,13.28,11.68,10.96,9.98,12.82,10.27,7.06,12.31,22.72,16.17,15.8,9.25,10.34
2015-10-27,601519,13.6,15.1,15.1,13.2,1241998,1776172416.0,13.84,9.98,1.37,6.25,-6.97,-9.09,-3.33,5.23,10.61,12.58,8.33,5.3,9.09,6.06,13.9,13.59,11.93,11.14,2.58,0.26,-2.65,2.12,11.59,5.63,5.3,-0.66,0.33,5.83
2015-10-28,601519,15.1,14.28,15.49,14.1,1153148,1711409792.0,9.21,-5.43,-0.82,5.8,-14.89,-9.5,-1.49,3.55,5.39,1.42,-1.42,2.13,-0.71,7.09,14.17,13.86,12.15,11.27,6.02,2.94,7.98,18.0,11.69,11.34,5.04,6.09,11.9,4.2
2015-10-29,601519,14.28,14.46,15.14,13.8,828516,1193618512.0,9.38,1.26,0.18,4.17,-7.54,0.65,5.8,7.68,3.62,0.72,4.35,1.45,9.42,12.25,14.31,14.04,12.36,11.43,1.66,6.64,16.53,10.3,9.96,3.73,4.77,10.51,2.9,1.11
2015-10-30,601519,14.1,14.02,14.7,13.73,660177,940497616.0,6.71,-3.04,-0.44,3.32,1.17,6.34,8.23,4.15,1.24,4.88,1.97,9.98,12.82,10.27,14.32,14.05,12.58,11.56,9.99,20.19,13.77,13.41,6.99,8.06,13.98,6.13,4.28,3.99
2015-11-09,601519,15.42,15.42,15.42,15.42,154371,238039974.0,0.0,9.99,1.4,0.78,-5.32,-3.63,-7.26,-9.86,-6.61,-9.21,-2.08,0.45,-1.82,-4.67,14.66,14.21,12.85,11.77,9.27,3.44,3.11,-2.72,-1.75,3.63,-3.5,-5.19,-5.45,-3.44
2015-11-10,601519,16.0,16.11,16.85,15.46,1735045,2788967792.0,9.01,4.47,0.69,8.73,-3.88,-7.5,-10.09,-6.86,-9.44,-2.33,0.19,-2.07,-4.92,-0.26,14.86,14.38,13.18,12.03,-0.99,-1.3,-6.89,-5.96,-0.81,-7.64,-9.25,-9.5,-7.57,-9.25
2015-11-11,601519,15.7,15.76,15.95,15.3,1141750,1783647136.0,4.03,-2.17,-0.35,5.74,-6.54,-9.15,-5.88,-8.5,-1.31,1.24,-1.05,-3.92,0.78,10.13,15.15,14.66,13.49,12.25,0.89,-4.82,-3.87,1.4,-5.58,-7.23,-7.49,-5.52,-7.23,-1.08
2015-11-12,601519,15.76,15.3,15.9,15.11,787074,1212619024.0,5.01,-2.92,-0.46,3.96,-8.01,-4.7,-7.35,-0.07,2.51,0.2,-2.71,2.05,11.52,5.56,15.32,14.82,13.74,12.47,-1.96,-0.98,4.44,-2.75,-4.44,-4.71,-2.68,-4.44,1.9,-0.33
2015-11-13,601519,15.0,14.55,15.0,14.32,682191,1001803536.0,4.44,-4.9,-0.75,3.43,0.56,-2.23,5.45,8.17,5.73,2.65,7.68,17.67,11.38,11.03,15.43,14.87,13.95,12.63,4.12,9.83,2.27,0.48,0.21,2.34,0.48,7.15,4.81,0.27
2015-11-16,601519,14.15,15.04,15.15,14.04,525352,767320384.0,7.63,3.37,0.49,2.64,-0.28,7.55,10.33,7.83,4.7,9.83,20.01,13.6,13.25,6.84,15.35,15.0,14.14,12.79,6.25,-1.06,-2.79,-3.06,-1.0,-2.79,3.66,1.4,-2.99,-9.91
2015-11-17,601519,15.11,14.9,15.98,14.85,882672,1360891344.0,7.51,-0.93,-0.14,4.44,1.68,4.31,1.95,-1.01,3.84,13.47,7.41,7.07,1.01,2.02,15.11,14.98,14.29,12.95,-0.13,-1.88,-2.15,-0.07,-1.88,4.63,2.35,-2.08,-9.06,-10.2
2015-11-18,601519,14.8,14.26,14.88,14.11,532648,773724880.0,5.17,-4.3,-0.64,2.68,9.78,7.3,4.18,9.28,19.42,13.04,12.69,6.31,7.37,13.25,14.81,14.98,14.42,13.09,2.52,2.24,4.42,2.52,9.33,6.94,2.31,-4.98,-6.17,-7.22
2015-11-19,601519,14.33,14.55,14.62,14.02,410013,588773680.0,4.21,2.03,0.29,2.06,7.99,4.85,9.99,20.19,13.77,13.41,6.99,8.06,13.98,6.13,14.66,14.99,14.52,13.24,0.21,2.34,0.48,7.15,4.81,0.27,-6.87,-8.04,-9.07,-5.43
2015-11-20,601519,14.55,14.42,14.58,14.31,407117,587805232.0,1.86,-0.89,-0.13,2.05,2.73,7.76,17.75,11.46,11.11,4.82,5.87,11.67,3.98,2.17,14.63,15.03,14.54,13.4,3.26,1.39,8.11,5.76,1.18,-6.03,-7.21,-8.25,-4.58,-6.52
2015-11-23,601519,14.34,14.38,14.89,14.16,467439,680114736.0,5.06,-0.28,-0.04,2.35,8.9,19.0,12.64,12.29,5.93,6.99,12.85,5.08,3.25,2.97,14.5,14.93,14.57,13.54,1.67,8.41,6.05,1.46,-5.77,-6.95,-8.0,-4.31,-6.26,-6.12
2015-11-24,601519,14.25,14.53,14.62,14.02,392348,562160624.0,4.17,1.04,0.15,1.97,20.19,13.77,13.41,6.99,8.06,13.98,6.13,4.28,3.99,6.21,14.43,14.77,14.57,13.71,7.3,4.96,0.41,-6.74,-7.91,-8.95,-5.3,-7.23,-7.09,-8.81
2015-11-25,601519,14.49,15.23,15.59,14.36,956902,1442038736.0,8.47,4.82,0.7,4.81,11.07,10.72,4.46,5.5,11.28,3.62,1.81,1.53,3.69,1.81,14.62,14.72,14.69,13.9,0.13,-4.2,-11.03,-12.15,-13.13,-9.65,-11.49,-11.36,-13.0,-15.3
2015-11-26,601519,15.2,14.7,15.25,14.5,655921,974750272.0,4.92,-3.48,-0.53,3.3,9.66,3.45,4.48,10.21,2.62,0.83,0.55,2.69,0.83,7.52,14.65,14.66,14.74,14.05,-0.75,-7.82,-8.98,-10.0,-6.39,-8.3,-8.16,-9.86,-12.24,-8.91
2015-11-27,601519,14.4,13.27,14.59,13.23,585548,815211504.0,9.25,-9.73,-1.43,2.95,13.38,14.51,20.79,12.47,10.51,10.2,12.55,10.51,17.84,15.27,14.42,14.53,14.7,14.15,2.11,0.83,-0.3,3.69,1.58,1.73,-0.15,-2.79,0.9,-1.66
2015-11-30,601519,13.19,13.13,13.55,12.1,439371,569695184.0,10.93,-1.06,-0.14,2.21,25.21,32.07,22.98,20.83,20.5,23.06,20.83,28.84,26.03,20.58,14.17,14.34,14.67,14.21,1.9,0.76,4.8,2.67,2.82,0.91,-1.75,1.98,-0.61,1.83
2015-12-01,601519,13.14,13.26,13.38,12.93,301333,396144624.0,3.43,0.99,0.13,1.52,23.59,15.08,13.07,12.76,15.16,13.07,20.57,17.94,12.84,4.8,13.92,14.17,14.58,14.25,-0.23,3.77,1.66,1.81,-0.08,-2.71,0.98,-1.58,0.83,2.26
2015-12-02,601519,13.21,13.18,13.23,12.5,291625,378130800.0,5.51,-0.6,-0.08,1.47,19.04,16.96,16.64,19.12,16.96,24.72,22.0,16.72,8.4,7.04,13.51,14.06,14.52,14.3,4.4,2.28,2.43,0.53,-2.12,1.59,-0.99,1.44,2.88,3.49
2015-12-03,601519,13.16,13.56,13.76,13.03,362926,487878416.0,5.54,2.88,0.38,1.83,12.2,11.9,14.27,12.2,19.65,17.04,11.97,3.99,2.69,1.53,13.28,13.97,14.48,14.33,-0.59,-0.44,-2.29,-4.87,-1.25,-3.76,-1.4,0.0,0.59,1.7
2015-12-04,601519,13.38,13.22,13.48,13.11,327999,436114288.0,2.73,-2.51,-0.34,1.65,11.21,13.58,11.52,18.92,16.32,11.29,3.36,2.06,0.92,4.96,13.27,13.85,14.44,14.31,2.12,0.23,-2.42,1.29,-1.29,1.13,2.57,3.18,4.31,3.25
2015-12-07,601519,13.28,13.31,13.5,13.12,262362,349656608.0,2.87,0.68,0.09,1.32,13.49,11.43,18.83,16.23,11.2,3.28,1.98,0.84,4.88,2.74,13.31,13.74,14.33,14.29,-0.45,-3.08,0.6,-1.95,0.45,1.88,2.48,3.61,2.55,1.65
2015-12-08,601519,13.2,12.72,13.25,12.66,295568,381318816.0,4.43,-4.43,-0.59,1.49,15.48,23.14,20.46,15.24,7.03,5.69,4.5,8.69,6.48,6.64,13.2,13.56,14.16,14.24,1.42,5.27,2.59,5.11,6.6,7.23,8.41,7.31,6.37,9.67
2015-12-09,601519,12.66,12.6,12.9,12.5,213496,270802000.0,3.14,-0.94,-0.12,1.07,24.72,22.0,16.72,8.4,7.04,5.84,10.08,7.84,8.0,6.0,13.08,13.29,14.01,14.22,6.27,3.57,6.11,7.62,8.25,9.44,8.33,7.38,10.71,9.6
2015-12-10,601519,12.6,12.91,13.39,12.55,429342,557441216.0,6.67,2.46,0.31,2.16,21.51,16.25,7.97,6.61,5.42,9.64,7.41,7.57,5.58,2.79,12.95,13.12,13.89,14.2,1.08,3.56,5.03,5.65,6.82,5.73,4.8,8.06,6.97,3.87
2015-12-11,601519,12.82,12.79,13.05,12.6,240299,307610912.0,3.49,-0.93,-0.12,1.21,15.79,7.54,6.19,5.0,9.21,6.98,7.14,5.16,2.38,6.27,12.87,13.07,13.8,14.16,4.53,6.02,6.65,7.82,6.72,5.79,9.07,7.97,4.85,4.53
2015-12-14,601519,12.6,13.3,13.37,12.6,349448,454819952.0,6.02,3.99,0.51,1.76,7.54,6.19,5.0,9.21,6.98,7.14,5.16,2.38,6.27,3.57,12.86,13.08,13.71,14.14,1.95,2.56,3.68,2.63,1.73,4.89,3.83,0.83,0.53,3.76
2015-12-15,601519,13.32,13.39,13.56,13.15,354052,474366032.0,3.08,0.68,0.09,1.78,1.75,0.61,4.64,2.51,2.66,0.76,-1.9,1.83,-0.76,1.67,13.0,13.1,13.64,14.08,1.87,2.99,1.94,1.05,4.18,3.14,0.15,-0.15,3.06,-1.05
2015-12-16,601519,13.64,13.35,13.64,13.26,325116,436594544.0,2.84,-0.3,-0.04,1.64,-0.23,3.77,1.66,1.81,-0.08,-2.71,0.98,-1.58,0.83,2.26,13.15,13.12,13.59,14.05,3.3,2.25,1.35,4.49,3.45,0.45,0.15,3.37,-0.75,0.15
2015-12-17,601519,13.42,13.69,13.79,13.39,451727,614352080.0,3.0,2.55,0.34,2.27,2.76,0.67,0.82,-1.05,-3.66,0.0,-2.54,-0.15,1.27,1.87,13.3,13.13,13.55,14.03,-0.29,-1.17,1.9,0.88,-2.05,-2.34,0.8,-3.21,-2.34,-3.29
2015-12-18,601519,13.6,13.36,13.65,13.28,347919,467338512.0,2.7,-2.41,-0.33,1.75,1.51,1.66,-0.23,-2.86,0.83,-1.73,0.68,2.11,2.71,3.84,13.42,13.14,13.49,14.01,1.27,4.42,3.37,0.37,0.07,3.29,-0.82,0.07,-0.9,-3.67
2015-12-21,601519,13.2,13.49,13.53,13.16,315783,423055456.0,2.77,0.97,0.13,1.59,2.58,0.68,-1.98,1.75,-0.84,1.6,3.04,3.65,4.79,3.72,13.46,13.16,13.45,13.94,3.41,2.37,-0.59,-0.89,2.3,-1.78,-0.89,-1.85,-4.6,-15.49
2015-12-22,601519,13.53,13.86,13.95,13.41,520610,715370272.0,4.0,2.74,0.37,2.62,-1.19,-3.8,-0.15,-2.68,-0.3,1.12,1.72,2.83,1.79,0.89,13.55,13.27,13.42,13.87,-0.36,-3.25,-3.54,-0.43,-4.4,-3.54,-4.47,-7.14,-17.75,-17.1
2015-12-23,601519,13.8,13.42,13.81,13.42,397241,539077568.0,2.81,-3.17,-0.44,2.0,-3.87,-0.22,-2.76,-0.37,1.04,1.64,2.76,1.71,0.82,3.95,13.56,13.36,13.33,13.79,-0.07,-0.37,2.83,-1.27,-0.37,-1.34,-4.1,-15.05,-14.38,-17.36
2015-12-24,601519,13.36,13.26,13.41,13.03,278492,367378416.0,2.83,-1.19,-0.16,1.4,2.76,0.15,2.61,4.07,4.68,5.83,4.76,3.84,7.06,5.99,13.48,13.39,13.25,13.72,0.83,4.07,-0.08,0.83,-0.15,-2.94,-14.03,-13.35,-16.37,-18.93
2015-12-25,601519,13.3,13.34,13.37,13.1,195647,259737651.0,2.04,0.6,0.08,0.98,-0.38,2.06,3.51,4.12,5.27,4.2,3.28,6.49,5.42,2.37,13.47,13.45,13.26,13.68,3.45,-0.67,0.22,-0.75,-3.52,-14.54,-13.87,-16.87,-19.42,-17.99
2015-12-28,601519,13.37,13.25,13.8,13.22,426460,576544688.0,4.35,-0.67,-0.09,2.15,1.13,2.57,3.18,4.31,3.25,2.34,5.52,4.46,1.44,1.13,13.43,13.44,13.26,13.62,0.0,0.91,-0.08,-2.87,-13.96,-13.28,-16.3,-18.87,-17.43,-20.91
2015-12-29,601519,13.11,13.19,13.25,12.9,225497,294986288.0,2.64,-0.45,-0.06,1.13,5.12,5.74,6.9,5.81,4.88,8.14,7.05,3.95,3.64,6.98,13.29,13.42,13.26,13.56,1.36,0.38,-2.43,-13.57,-12.89,-15.92,-18.5,-17.06,-20.55,-21.46
2015-12-30,601519,13.27,13.25,13.37,13.13,214244,283679360.0,1.82,0.45,0.06,1.08,3.88,5.03,3.96,3.05,6.25,5.18,2.13,1.83,5.1,0.91,13.26,13.41,13.26,13.53,-0.08,-2.87,-13.96,-13.28,-16.3,-18.87,-17.43,-20.91,-21.81,-20.91
2015-12-31,601519,13.17,12.82,13.24,12.8,257862,334567312.0,3.32,-3.25,-0.43,1.3,7.73,6.64,5.7,8.98,7.89,4.77,4.45,7.81,3.52,4.45,13.17,13.32,13.23,13.47,0.39,-11.08,-10.37,-13.49,-16.15,-14.66,-18.25,-19.19,-18.25,-20.44
2016-01-04,601519,12.84,11.54,12.87,11.54,253260,303905520.0,10.37,-9.98,-1.28,1.27,18.28,17.24,20.88,19.67,16.2,15.86,19.58,14.82,15.86,14.73,12.81,13.14,13.14,13.38,-1.21,-0.43,-3.9,-6.85,-5.2,-9.19,-10.23,-9.19,-11.61,-11.7
2016-01-05,601519,10.7,11.0,11.4,10.51,330500,363675216.0,7.71,-4.68,-0.54,1.66,28.73,32.73,31.4,27.59,27.21,31.3,26.07,27.21,25.98,22.45,12.36,12.89,13.03,13.26,4.45,0.82,-2.27,-0.55,-4.73,-5.82,-4.73,-7.27,-7.36,-5.09
2016-01-06,601519,11.02,11.37,11.49,11.01,246349,276320880.0,4.36,3.36,0.37,1.24,26.7,25.43,21.8,21.44,25.34,20.35,21.44,20.25,16.89,3.54,12.0,12.64,12.96,13.16,-2.46,-5.45,-3.78,-7.83,-8.88,-7.83,-10.29,-10.38,-8.18,-9.32
2016-01-07,601519,11.09,10.23,11.09,10.23,72338,76553671.0,7.56,-10.03,-1.14,0.36,35.0,31.09,30.69,34.9,29.52,30.69,29.42,25.81,11.44,12.32,11.39,12.32,12.84,12.99,5.08,6.94,2.44,1.27,2.44,-0.29,-0.39,2.05,0.78,0.39
2016-01-08,601519,10.5,10.43,10.75,9.57,275307,285388800.0,11.53,1.96,0.2,1.39,40.13,39.71,44.2,38.45,39.71,38.35,34.48,19.12,20.06,15.88,10.91,12.04,12.72,12.85,4.89,0.48,-0.67,0.48,-2.21,-2.3,0.1,-1.15,-1.53,-5.08
2016-01-11,601519,10.0,10.02,10.94,9.8,312306,319925008.0,10.93,-3.93,-0.41,1.57,36.43,40.82,35.2,36.43,35.1,31.33,16.33,17.24,13.16,9.69,10.61,11.71,12.58,12.74,4.59,3.39,4.59,1.8,1.7,4.19,2.89,2.5,-1.2,-0.4
2016-01-12,601519,10.1,10.28,10.48,9.92,257307,264027726.0,5.59,2.59,0.26,1.29,39.11,33.57,34.78,33.47,29.74,14.92,15.83,11.79,8.37,10.28,10.47,11.41,12.43,12.65,0.78,1.95,-0.78,-0.88,1.56,0.29,-0.1,-3.7,-2.92,-4.77
2016-01-13,601519,10.3,9.77,10.36,9.7,206112,207934787.0,6.42,-4.96,-0.51,1.04,36.6,37.84,36.49,32.68,17.53,18.45,14.33,10.82,12.78,8.04,10.15,11.07,12.25,12.53,7.27,4.4,4.3,6.86,5.53,5.12,1.33,2.15,0.2,-8.19
2016-01-14,601519,9.39,10.31,10.48,9.3,317997,318345648.0,12.08,5.53,0.54,1.6,43.76,42.37,38.39,22.58,23.55,19.25,15.59,17.63,12.69,11.4,10.16,10.78,12.09,12.43,-1.07,-1.16,1.26,0.0,-0.39,-3.98,-3.2,-5.04,-13.0,-14.65
2016-01-15,601519,10.16,9.8,10.2,9.7,237102,236328907.0,4.85,-4.95,-0.51,1.19,36.49,32.68,17.53,18.45,14.33,10.82,12.78,8.04,6.8,8.04,10.04,10.47,11.9,12.31,3.98,6.53,5.2,4.8,1.02,1.84,-0.1,-8.47,-10.2,-11.02
2016-01-18,601519,9.59,9.98,10.19,9.38,213104,212615639.0,8.27,1.84,0.18,1.07,37.21,21.54,22.49,18.23,14.61,16.63,11.73,10.45,11.73,8.74,10.03,10.32,11.73,12.2,4.61,3.31,2.91,-0.8,0.0,-1.9,-10.12,-11.82,-12.63,-15.23
2016-01-19,601519,9.99,10.34,10.44,9.84,303654,309184192.0,6.01,3.61,0.36,1.53,15.85,16.77,12.7,9.25,11.18,6.5,5.28,6.5,3.66,3.56,10.04,10.25,11.57,12.1,-0.29,-0.68,-4.26,-3.48,-5.32,-13.25,-14.89,-15.67,-18.18,-14.41
2016-01-20,601519,10.2,10.12,10.31,10.0,229180,233063293.0,3.0,-2.13,-0.22,1.15,14.9,10.9,7.5,9.4,4.8,3.6,4.8,2.0,1.9,4.4,10.11,10.13,11.39,12.02,1.48,-2.17,-1.38,-3.26,-11.36,-13.04,-13.83,-16.4,-12.55,-14.53
2016-01-21,601519,9.82,9.62,10.27,9.5,225587,224706748.0,7.61,-4.94,-0.5,1.13,16.74,13.16,15.16,10.32,9.05,10.32,7.37,7.26,9.89,8.53,9.97,10.07,11.2,11.92,2.91,3.74,1.77,-6.76,-8.52,-9.36,-12.06,-8.0,-10.08,-1.77
2016-01-22,601519,9.79,9.79,9.9,9.48,153393,149129771.0,4.37,1.77,0.17,0.77,13.4,15.4,10.55,9.28,10.55,7.59,7.49,10.13,8.76,8.33,9.97,10.0,11.02,11.81,1.94,0.0,-8.38,-10.11,-10.93,-13.59,-9.6,-11.64,-3.47,0.1
2016-01-25,601519,9.94,9.87,9.98,9.75,112155,110710672.0,2.35,0.82,0.08,0.56,12.21,7.49,6.26,7.49,4.62,4.51,7.08,5.74,5.33,1.54,9.95,9.99,10.85,11.71,-0.81,-9.12,-10.84,-11.65,-14.29,-10.33,-12.36,-4.26,-0.71,-6.79
2016-01-26,601519,9.73,8.88,9.79,8.88,251659,233566866.0,9.22,-10.03,-0.99,1.27,18.02,16.67,18.02,14.86,14.75,17.57,16.1,15.65,11.49,12.39,9.66,9.85,10.63,11.57,1.01,-0.9,-1.8,-4.73,-0.34,-2.59,6.42,10.36,3.6,10.92
2016-01-27,601519,8.89,8.79,8.97,8.2,213136,183605660.0,8.67,-1.01,-0.09,1.07,26.34,27.8,24.39,24.27,27.32,25.73,25.24,20.73,21.71,19.39,9.39,9.75,10.41,11.41,0.11,-0.8,-3.75,0.68,-1.59,7.51,11.49,4.66,12.06,11.15
2016-01-28,601519,8.62,8.2,8.8,8.18,160915,137546528.0,7.05,-6.71,-0.59,0.81,28.12,24.69,24.57,27.63,26.04,25.55,21.03,22.0,19.68,9.66,9.11,9.54,10.16,11.24,6.34,3.17,7.93,5.49,15.24,19.51,12.2,20.12,19.15,21.83
2016-01-29,601519,8.19,8.55,8.72,8.19,184427,156595088.0,6.46,4.27,0.35,0.93,24.54,24.42,27.47,25.89,25.4,20.88,21.86,19.54,9.52,7.45,8.86,9.41,9.94,11.07,-1.05,3.51,1.17,10.53,14.62,7.6,15.2,14.27,16.84,14.27
2016-02-01,601519,8.42,8.35,8.46,8.11,185966,154450037.0,4.09,-2.34,-0.2,0.94,25.65,28.73,27.13,26.63,22.07,23.06,20.72,10.6,8.51,7.52,8.55,9.25,9.78,10.9,5.99,3.59,13.17,17.37,10.18,17.96,17.01,19.64,17.01,18.44
2016-02-02,601519,8.36,8.64,8.85,8.3,218091,188116650.0,6.59,3.47,0.29,1.1,25.78,24.22,23.73,19.28,20.24,17.95,8.07,6.02,5.06,1.93,8.51,9.08,9.67,10.74,0.12,9.37,13.43,6.48,14.0,13.08,15.62,13.08,14.47,14.24
2016-02-03,601519,8.5,8.59,8.65,8.31,175441,148092301.0,3.94,-0.58,-0.05,0.88,24.07,23.59,19.13,20.1,17.81,7.94,5.9,4.93,1.81,6.5,8.47,8.93,9.53,10.57,10.01,14.09,7.1,14.67,13.74,16.3,13.74,15.13,14.9,13.85
2016-02-04,601519,8.58,9.45,9.45,8.57,268687,246368536.0,10.24,10.01,0.86,1.35,19.84,15.52,16.45,14.24,4.67,2.68,1.75,-1.28,3.27,0.93,8.72,8.91,9.49,10.43,3.7,-2.65,4.23,3.39,5.71,3.39,4.66,4.44,3.49,2.86
2016-02-05,601519,9.68,9.22,9.8,9.18,381516,362211088.0,6.56,-2.43,-0.23,1.92,7.84,8.71,6.64,-2.29,-4.14,-5.01,-7.84,-3.59,-5.77,2.94,8.85,8.85,9.43,10.3,-0.22,6.83,5.97,8.35,5.97,7.27,7.05,6.07,5.42,-1.3
2016-02-15,601519,8.81,9.16,9.2,8.8,184663,166358696.0,4.34,-0.65,-0.06,0.93,13.41,11.25,1.93,0.0,-0.91,-3.86,0.57,-1.7,7.39,11.36,9.01,8.78,9.39,10.16,7.53,6.66,9.06,6.66,7.97,7.75,6.77,6.11,-0.66,-2.73
2016-02-16,601519,9.26,9.73,9.85,9.16,398694,383957344.0,7.53,6.22,0.57,2.01,6.88,-2.07,-3.93,-4.8,-7.64,-3.38,-5.57,3.17,6.99,0.44,9.23,8.87,9.36,10.04,0.41,2.67,0.41,1.64,1.44,0.51,-0.1,-6.47,-8.43,-10.79
2016-02-17,601519,9.58,9.7,9.77,9.42,349023,334934336.0,3.6,-0.31,-0.03,1.76,-4.78,-6.58,-7.43,-10.19,-6.05,-8.17,0.32,4.03,-2.34,4.56,9.45,8.96,9.35,9.93,2.99,0.72,1.96,1.75,0.82,0.21,-6.19,-8.14,-10.52,-7.53
2016-02-18,601519,9.73,9.51,9.99,9.45,338538,328856800.0,5.57,-1.96,-0.19,1.7,-6.88,-7.72,-10.48,-6.35,-8.47,0.0,3.7,-2.65,4.23,3.39,9.46,9.09,9.31,9.8,2.73,4.0,3.79,2.84,2.21,-4.31,-6.31,-8.73,-5.68,2.73
2016-02-19,601519,9.44,9.51,9.77,9.41,300948,287285600.0,3.79,0.0,0.0,1.51,-7.33,-10.1,-5.95,-8.08,0.43,4.14,-2.23,4.68,3.83,6.16,9.52,9.19,9.3,9.69,4.0,3.79,2.84,2.21,-4.31,-6.31,-8.73,-5.68,2.73,3.05
2016-02-22,601519,9.64,9.84,9.89,9.43,418377,405562048.0,4.84,3.47,0.33,2.1,-10.29,-6.15,-8.27,0.21,3.92,-2.44,4.45,3.61,5.94,3.61,9.66,9.33,9.29,9.63,0.3,-0.61,-1.22,-7.52,-9.45,-11.79,-8.84,-0.71,-0.41,0.3
2016-02-23,601519,9.87,9.68,9.87,9.47,297961,287063376.0,4.07,-1.63,-0.16,1.5,-6.55,-8.66,-0.21,3.48,-2.85,4.01,3.17,5.49,3.17,4.44,9.65,9.44,9.26,9.59,1.03,0.41,-5.99,-7.95,-10.33,-7.33,0.93,1.24,1.96,-1.86
2016-02-24,601519,9.6,9.77,9.78,9.45,272996,263485034.0,3.41,0.93,0.09,1.37,-8.47,0.0,3.7,-2.65,4.23,3.39,5.71,3.39,4.66,4.44,9.66,9.56,9.24,9.54,-0.51,-6.86,-8.8,-11.16,-8.19,0.0,0.31,1.02,-2.76,-6.24
2016-02-25,601519,9.7,8.86,9.72,8.79,378756,348407824.0,9.52,-9.31,-0.91,1.91,7.51,11.49,4.66,12.06,11.15,13.65,11.15,12.51,12.29,11.26,9.53,9.5,9.2,9.49,2.71,0.56,-2.03,1.24,10.27,10.61,11.4,7.22,3.39,1.35
2016-02-26,601519,8.93,8.92,9.1,8.6,195705,174188508.0,5.64,0.68,0.06,0.98,13.95,6.98,14.53,13.6,16.16,13.6,15.0,14.77,13.72,13.02,9.41,9.47,9.16,9.44,-0.11,-2.69,0.56,9.53,9.87,10.65,6.5,2.69,0.67,-1.79
2016-02-29,601519,8.91,8.25,8.91,8.03,237975,196687919.0,9.87,-7.51,-0.67,1.2,14.57,22.67,21.67,24.41,21.67,23.16,22.91,21.79,21.05,13.33,9.1,9.38,9.08,9.38,5.21,8.73,18.42,18.79,19.64,15.15,11.03,8.85,6.18,13.45
2016-03-01,601519,8.3,8.56,8.68,8.15,198567,167068158.0,6.42,3.76,0.31,1.0,20.86,19.88,22.58,19.88,21.35,21.1,20.0,19.26,11.66,9.33,8.87,9.26,9.06,9.33,4.79,14.14,14.49,15.3,10.98,7.01,4.91,2.34,9.35,6.19
2016-03-02,601519,8.51,8.88,8.97,8.43,300684,262849248.0,6.31,3.74,0.32,1.51,15.9,18.51,15.9,17.32,17.08,16.01,15.3,7.95,5.69,2.97,8.69,9.18,9.07,9.3,10.02,10.36,11.15,6.98,3.15,1.13,-1.35,5.41,2.36,1.69
2016-03-03,601519,8.85,9.77,9.77,8.81,390448,370133008.0,10.81,10.02,0.89,1.96,13.39,10.9,12.26,12.03,11.01,10.33,3.29,1.14,-1.48,1.82,8.88,9.2,9.15,9.28,0.31,1.02,-2.76,-6.24,-8.09,-10.34,-4.2,-6.96,-7.57,-1.23
2016-03-04,601519,9.8,9.39,9.8,9.1,509231,481636864.0,7.16,-3.89,-0.38,2.56,7.36,8.68,8.46,7.47,6.81,0.0,-2.09,-4.62,-1.43,7.36,8.97,9.19,9.19,9.26,5.11,1.17,-2.45,-4.37,-6.71,-0.32,-3.19,-3.83,2.77,10.54
2016-03-07,601519,9.33,9.59,9.87,9.33,493663,476377792.0,5.75,2.13,0.2,2.48,6.0,5.79,4.82,4.18,-2.47,-4.5,-6.97,-3.86,4.72,5.04,9.24,9.17,9.25,9.25,-0.94,-4.48,-6.36,-8.65,-2.4,-5.21,-5.84,0.63,8.24,14.7
2016-03-08,601519,9.41,9.41,9.5,8.8,371928,341347632.0,7.3,-1.88,-0.18,1.87,12.16,11.14,10.45,3.41,1.25,-1.36,1.93,11.02,11.36,12.16,9.41,9.14,9.29,9.22,-2.66,-4.57,-6.91,-0.53,-3.4,-4.04,2.55,10.31,16.9,13.71
2016-03-09,601519,9.0,8.91,9.16,8.8,315730,283414016.0,3.83,-5.31,-0.5,1.59,11.14,10.45,3.41,1.25,-1.36,1.93,11.02,11.36,12.16,7.95,9.41,9.05,9.31,9.18,0.79,-1.68,5.05,2.02,1.35,8.31,16.5,23.46,20.09,23.23
2016-03-10,601519,8.9,8.66,8.98,8.6,241371,211399201.0,4.26,-2.81,-0.25,1.21,13.02,5.81,3.6,0.93,4.3,13.6,13.95,14.77,10.47,6.51,9.19,9.03,9.27,9.15,1.15,8.08,4.97,4.27,11.43,19.86,27.02,23.56,26.79,25.17
2016-03-11,601519,8.6,8.69,8.76,8.44,147011,126687232.0,3.7,0.35,0.03,0.74,7.82,5.57,2.84,6.28,15.76,16.11,16.94,12.56,8.53,6.4,9.05,9.01,9.24,9.11,7.71,4.6,3.91,11.05,19.45,26.58,23.13,26.35,24.74,20.25
2016-03-14,601519,8.78,9.09,9.36,8.78,380860,348540144.0,6.67,4.6,0.4,1.92,1.48,-1.14,2.16,11.28,11.62,12.41,8.2,4.33,2.28,-0.23,8.95,9.09,9.24,9.08,0.0,-0.66,6.16,14.19,21.01,17.71,20.79,19.25,14.96,18.7
2016-03-15,601519,9.04,8.87,9.09,8.8,249480,222463386.0,3.19,-2.42,-0.22,1.26,-1.36,1.93,11.02,11.36,12.16,7.95,4.09,2.05,-0.45,6.36,8.84,9.13,9.19,9.08,1.8,8.79,17.02,24.01,20.63,23.79,22.21,17.81,21.65,15.9
2016-03-16,601519,8.92,8.77,9.03,8.7,167886,148547292.0,3.72,-1.13,-0.1,0.84,3.1,12.3,12.64,13.45,9.2,5.29,3.22,0.69,7.59,4.48,8.82,9.11,9.15,9.08,10.03,18.36,25.43,22.01,25.2,23.6,19.16,23.03,17.22,19.27
2016-03-17,601519,8.8,9.53,9.65,8.79,858197,808547104.0,9.81,8.67,0.76,4.32,11.15,11.49,12.29,8.08,4.21,2.16,-0.34,6.48,3.41,2.73,8.99,9.09,9.15,9.13,8.92,15.42,12.28,15.22,13.75,9.65,13.22,7.87,9.76,10.49
2016-03-18,601519,9.47,10.03,10.38,9.35,1063307,1044200464.0,10.81,5.25,0.5,5.35,4.81,5.56,1.6,-2.03,-3.96,-6.31,0.11,-2.78,-3.42,3.21,9.26,9.15,9.17,9.18,9.67,6.68,9.47,8.08,4.19,7.58,2.49,4.29,4.99,2.49
2016-03-21,601519,10.22,10.79,11.0,10.17,1019036,1078585056.0,8.28,7.58,0.76,5.13,-2.95,-6.59,-9.93,-11.7,-13.86,-7.96,-10.62,-11.21,-5.11,2.06,9.6,9.27,9.22,9.26,-0.83,1.76,0.46,-3.15,0.0,-4.73,-3.06,-2.41,-4.73,-1.48
2016-03-22,601519,10.4,10.38,10.7,10.33,644671,674239952.0,3.43,-3.8,-0.41,3.24,-8.03,-11.33,-13.07,-15.2,-9.39,-12.0,-12.58,-6.58,0.48,6.49,9.9,9.37,9.26,9.32,5.78,4.43,0.67,3.95,-0.96,0.77,1.45,-0.96,2.41,2.12
2016-03-23,601519,10.3,10.75,10.98,10.23,648646,685612848.0,7.23,3.56,0.37,3.26,-10.46,-12.22,-14.37,-8.5,-11.14,-11.73,-5.67,1.47,7.53,4.59,10.3,9.56,9.3,9.39,0.84,-2.79,0.37,-4.37,-2.7,-2.05,-4.37,-1.12,-1.4,-2.51
2016-03-24,601519,10.45,10.35,10.84,10.3,584481,615993872.0,5.02,-3.72,-0.4,2.94,-12.82,-14.95,-9.13,-11.75,-12.33,-6.31,0.78,6.8,3.88,6.6,10.46,9.72,9.38,9.42,0.97,4.25,-0.68,1.06,1.74,-0.68,2.71,2.42,1.26,-2.8
2016-03-25,601519,10.26,10.4,10.45,10.16,366593,378074736.0,2.8,0.48,0.05,1.84,-13.78,-7.87,-10.53,-11.12,-5.02,2.17,8.27,5.31,8.07,6.69,10.53,9.9,9.45,9.46,3.75,-1.15,0.58,1.25,-1.15,2.21,1.92,0.77,-3.27,-0.1
2016-03-28,601519,10.53,10.24,10.79,10.17,345909,361352256.0,5.96,-1.54,-0.16,1.74,-7.96,-10.62,-11.21,-5.11,2.06,8.16,5.21,7.96,6.59,2.75,10.42,10.01,9.55,9.49,0.39,2.15,2.83,0.39,3.81,3.52,2.34,-1.76,1.46,-0.2
2016-03-29,601519,10.2,9.97,10.28,9.81,328844,330347200.0,4.59,-2.64,-0.27,1.65,-7.34,-7.95,-1.63,5.81,12.13,9.07,11.93,10.5,6.52,9.99,10.34,10.12,9.62,9.5,4.91,5.62,3.11,6.62,6.32,5.12,0.9,4.21,2.51,6.02
2016-03-30,601519,10.06,10.39,10.46,10.06,393064,403605840.0,4.01,4.21,0.42,1.98,-10.24,-4.08,3.18,9.34,6.36,9.15,7.75,3.88,7.26,2.19,10.27,10.28,9.7,9.53,1.35,-1.06,2.31,2.02,0.87,-3.18,0.0,-1.64,1.73,0.48
2016-03-31,601519,10.35,10.3,10.53,10.26,381278,396110272.0,2.6,-0.87,-0.09,1.92,-5.95,1.17,7.21,4.29,7.02,5.65,1.85,5.17,0.19,1.95,10.26,10.36,9.73,9.55,-0.19,3.2,2.91,1.75,-2.33,0.87,-0.78,2.62,1.36,1.94
2016-04-01,601519,10.28,10.11,10.28,9.87,334909,335543344.0,3.98,-1.84,-0.19,1.68,5.17,11.45,8.41,11.25,9.83,5.88,9.32,4.15,5.98,6.69,10.2,10.37,9.76,9.57,5.14,4.85,3.66,-0.49,2.77,1.09,4.55,3.26,3.86,1.98
2016-04-05,601519,10.08,10.47,10.63,10.01,417657,432964256.0,6.13,3.56,0.36,2.1,9.89,6.89,9.69,8.29,4.4,7.79,2.7,4.5,5.19,2.7,10.25,10.34,9.81,9.59,1.24,0.1,-3.92,-0.76,-2.39,0.96,-0.29,0.29,-1.53,-2.48
2016-04-06,601519,10.35,10.39,10.6,10.21,312155,324244832.0,3.72,-0.76,-0.08,1.57,4.8,7.54,6.17,2.35,5.68,0.69,2.45,3.13,0.69,4.11,10.33,10.34,9.85,9.62,0.87,-3.18,0.0,-1.64,1.73,0.48,1.06,-0.77,-1.73,-1.83
2016-04-07,601519,10.45,10.14,10.48,10.11,278777,285138944.0,3.56,-2.41,-0.25,1.4,8.61,7.22,3.36,6.73,1.68,3.46,4.15,1.68,5.14,4.85,10.28,10.28,9.92,9.63,-0.79,2.47,0.79,4.24,2.96,3.55,1.68,0.69,0.59,-4.93
2016-04-08,601519,10.0,9.99,10.06,9.82,258210,256945645.0,2.37,-1.48,-0.15,1.3,10.39,6.42,9.88,4.68,6.52,7.23,4.68,8.25,7.94,6.72,10.22,10.24,9.98,9.67,4.0,2.3,5.81,4.5,5.11,3.2,2.2,2.1,-3.5,-4.5
2016-04-11,601519,10.19,10.23,10.39,10.12,301990,309299920.0,2.7,2.4,0.24,1.52,3.26,6.62,1.58,3.36,4.05,1.58,5.04,4.74,3.56,-0.59,10.24,10.22,10.06,9.71,-0.1,3.32,2.05,2.64,0.78,-0.2,-0.29,-5.77,-6.74,-7.82
2016-04-12,601519,10.19,10.12,10.22,9.94,232605,234014630.0,2.74,-1.08,-0.11,1.17,8.55,3.42,5.23,5.94,3.42,6.94,6.64,5.43,1.21,4.53,10.17,10.21,10.11,9.77,4.45,3.16,3.75,1.88,0.89,0.79,-4.74,-5.73,-6.82,-7.21
2016-04-13,601519,10.24,10.31,10.57,10.17,529802,551866112.0,3.95,1.88,0.19,2.67,1.08,2.85,3.54,1.08,4.52,4.23,3.05,-1.08,2.16,0.49,10.16,10.24,10.18,9.83,1.26,1.84,0.0,-0.97,-1.07,-6.5,-7.47,-8.54,-8.92,-8.63
2016-04-14,601519,10.33,10.37,10.44,10.27,289170,299350208.0,1.65,0.58,0.06,1.45,1.85,2.53,0.1,3.51,3.21,2.04,-2.04,1.17,-0.49,2.92,10.2,10.24,10.26,9.88,1.25,-0.58,-1.54,-1.64,-7.04,-8.0,-9.06,-9.45,-9.16,-9.06
2016-04-15,601519,10.4,10.39,10.5,10.3,267593,278430800.0,1.93,0.19,0.02,1.35,2.23,-0.19,3.2,2.91,1.75,-2.33,0.87,-0.78,2.62,1.36,10.28,10.25,10.31,9.9,-0.77,-1.73,-1.83,-7.22,-8.18,-9.24,-9.62,-9.34,-9.24,-10.59
2016-04-18,601519,10.31,10.1,10.31,10.03,235991,238924105.0,2.69,-2.79,-0.29,1.19,2.49,5.98,5.68,4.49,0.3,3.59,1.89,5.38,4.09,4.69,10.26,10.25,10.31,9.92,1.09,0.99,-4.55,-5.54,-6.63,-7.03,-6.73,-6.63,-8.02,-4.75
2016-04-19,601519,10.16,10.15,10.21,10.05,162689,164672546.0,1.58,0.5,0.05,0.82,5.77,5.47,4.28,0.1,3.38,1.69,5.17,3.88,4.48,2.59,10.26,10.22,10.28,9.94,0.49,-5.02,-6.01,-7.09,-7.49,-7.19,-7.09,-8.47,-5.22,-6.01
2016-04-20,601519,10.16,9.56,10.2,9.26,368023,357174880.0,9.26,-5.81,-0.59,1.85,14.47,13.17,8.64,12.2,10.37,14.15,12.74,13.39,11.34,10.26,10.11,10.14,10.24,9.95,0.84,-0.21,-1.36,-1.78,-1.46,-1.36,-2.82,0.63,-0.21,-0.63
2016-04-21,601519,9.49,9.38,9.64,9.35,197827,187519999.0,3.03,-1.88,-0.18,1.0,12.09,7.59,11.12,9.3,13.05,11.66,12.3,10.27,9.2,9.09,9.92,10.06,10.17,9.96,1.71,0.53,0.11,0.43,0.53,-0.96,2.56,1.71,1.28,2.03
2016-04-22,601519,9.3,9.44,9.54,9.25,173222,163403439.0,3.09,0.64,0.06,0.87,8.76,12.32,10.49,14.27,12.86,13.51,11.46,10.38,10.27,4.22,9.73,10.0,10.12,9.99,-0.11,-0.53,-0.21,-0.11,-1.59,1.91,1.06,0.64,1.38,-4.34
2016-04-25,601519,9.43,9.27,9.43,9.16,144729,133652311.0,2.86,-1.8,-0.17,0.73,13.43,11.57,15.39,13.97,14.63,12.55,11.46,11.35,5.24,4.15,9.56,9.91,10.07,10.01,1.29,1.62,1.73,0.22,3.78,2.91,2.48,3.24,-2.59,-5.39
2016-04-26,601519,9.27,9.38,9.39,9.19,124979,116214571.0,2.16,1.19,0.11,0.63,11.21,15.02,13.6,14.25,12.19,11.1,10.99,4.9,3.81,2.61,9.41,9.83,10.02,10.02,0.43,0.53,-0.96,2.56,1.71,1.28,2.03,-3.73,-6.5,-5.65
2016-04-27,601519,9.38,9.27,9.42,9.23,117886,110013073.0,2.03,-1.17,-0.11,0.59,14.52,13.11,13.76,11.7,10.62,10.51,4.44,3.36,2.17,1.73,9.35,9.73,9.99,10.03,1.73,0.22,3.78,2.91,2.48,3.24,-2.59,-5.39,-4.53,-7.12
2016-04-28,601519,9.29,9.35,9.43,9.22,175078,163088456.0,2.27,0.86,0.08,0.88,13.23,13.88,11.82,10.74,10.63,4.56,3.47,2.28,1.84,2.17,9.34,9.63,9.94,10.05,-0.64,2.89,2.03,1.6,2.35,-3.42,-6.2,-5.35,-7.91,-7.17
2016-04-29,601519,9.2,9.24,9.29,9.17,128040,118200741.0,1.28,-1.18,-0.11,0.64,14.5,12.43,11.34,11.23,5.13,4.03,2.84,2.4,2.73,2.84,9.3,9.51,9.88,10.04,4.11,3.25,2.81,3.57,-2.27,-5.09,-4.22,-6.82,-6.06,-6.39
2016-05-03,601519,9.24,9.53,9.62,9.15,251693,238265533.0,5.09,3.14,0.29,1.27,12.68,11.58,11.48,5.36,4.26,3.06,2.62,2.95,3.06,1.53,9.35,9.46,9.85,10.03,0.1,-0.31,0.42,-5.25,-7.97,-7.14,-9.65,-8.92,-9.23,-5.04
2016-05-04,601519,9.46,9.44,9.54,9.4,151755,143599213.0,1.47,-0.94,-0.09,0.76,8.62,8.51,2.55,1.49,0.32,-0.11,0.21,0.32,-1.17,2.34,9.37,9.39,9.8,9.98,0.64,1.38,-4.34,-7.1,-6.25,-8.79,-8.05,-8.37,-4.13,-7.84
2016-05-05,601519,9.41,9.48,9.5,9.4,110006,103973522.0,1.06,0.42,0.04,0.55,8.51,2.55,1.49,0.32,-0.11,0.21,0.32,-1.17,2.34,1.49,9.41,9.38,9.76,9.95,0.95,-4.75,-7.49,-6.65,-9.18,-8.44,-8.76,-4.54,-8.23,-6.54
2016-05-06,601519,9.48,9.07,9.57,9.01,223742,207184802.0,5.91,-4.32,-0.41,1.13,6.99,5.88,4.66,4.22,4.55,4.66,3.11,6.77,5.88,5.44,9.35,9.35,9.7,9.89,-0.44,-3.31,-2.43,-5.07,-4.3,-4.63,-0.22,-4.08,-2.32,-3.31
2016-05-09,601519,9.01,8.69,9.03,8.58,178065,155699211.0,4.96,-4.19,-0.38,0.9,11.19,9.91,9.44,9.79,9.91,8.28,12.12,11.19,10.72,11.54,9.24,9.27,9.64,9.84,0.92,1.84,-0.92,-0.12,-0.46,4.14,0.12,1.96,0.92,1.61
2016-05-10,601519,8.65,8.71,8.77,8.65,89674,78153479.0,1.38,0.23,0.02,0.45,9.02,8.55,8.9,9.02,7.4,11.21,10.29,9.83,10.64,4.39,9.08,9.22,9.56,9.78,1.61,-1.15,-0.34,-0.69,3.9,-0.11,1.72,0.69,1.38,0.69
2016-05-11,601519,8.81,8.65,8.85,8.61,87769,76484975.0,2.76,-0.69,-0.06,0.44,9.06,9.41,9.52,7.9,11.73,10.8,10.34,11.15,4.88,1.86,8.92,9.14,9.49,9.73,-0.46,0.35,0.0,4.62,0.58,2.43,1.39,2.08,1.39,1.62
2016-05-12,601519,8.45,8.59,8.61,8.29,106184,89842706.0,3.7,-0.69,-0.06,0.53,13.63,13.75,12.06,16.04,15.08,14.6,15.44,8.93,5.79,6.76,8.74,9.07,9.4,9.68,1.05,0.7,5.36,1.28,3.14,2.1,2.79,2.1,2.33,1.28
2016-05-13,601519,8.55,8.52,8.68,8.48,71787,61565294.0,2.33,-0.81,-0.07,0.36,11.2,9.55,13.44,12.5,12.03,12.85,6.49,3.42,4.36,1.53,8.63,8.99,9.31,9.62,1.53,6.22,2.11,3.99,2.93,3.64,2.93,3.17,2.11,1.53
2016-05-16,601519,8.47,8.64,8.65,8.38,94897,81048825.0,3.17,1.41,0.12,0.48,10.86,14.8,13.84,13.37,14.2,7.76,4.65,5.61,2.74,3.58,8.62,8.93,9.22,9.57,4.75,0.69,2.55,1.5,2.2,1.5,1.74,0.69,0.12,-0.81
2016-05-17,601519,8.66,8.81,9.05,8.53,188542,165929897.0,6.02,1.97,0.17,0.95,12.78,11.84,11.37,12.19,5.86,2.81,3.75,0.94,1.76,1.41,8.64,8.86,9.16,9.52,-1.25,0.57,-0.45,0.23,-0.45,-0.23,-1.25,-1.82,-2.72,4.77
2016-05-18,601519,8.66,8.53,8.7,8.42,128126,109664231.0,3.18,-3.18,-0.28,0.64,13.3,12.83,13.66,7.24,4.16,5.11,2.26,3.09,2.73,7.48,8.62,8.77,9.08,9.46,3.87,2.81,3.52,2.81,3.05,1.99,1.41,0.47,8.21,7.85
2016-05-19,601519,8.54,8.59,8.86,8.52,166448,144969298.0,3.99,0.7,0.06,0.84,11.5,12.32,5.99,2.93,3.87,1.06,1.88,1.53,6.22,2.11,8.62,8.68,9.03,9.4,2.1,2.79,2.1,2.33,1.28,0.7,-0.23,7.45,7.1,11.76
2016-05-20,601519,8.5,8.74,8.77,8.44,136974,118409724.0,3.84,1.75,0.15,0.69,13.39,6.99,3.91,4.86,2.01,2.84,2.49,7.23,3.08,4.98,8.66,8.65,9.0,9.35,1.03,0.34,0.57,-0.46,-1.03,-1.95,5.61,5.26,9.84,12.13
2016-05-23,601519,8.72,8.78,8.83,8.69,145958,127869461.0,1.6,0.46,0.04,0.73,3.91,0.92,1.84,-0.92,-0.12,-0.46,4.14,0.12,1.96,0.92,8.69,8.66,8.96,9.31,-0.11,0.11,-0.91,-1.48,-2.39,5.13,4.78,9.34,11.62,8.66
2016-05-24,601519,8.77,8.6,8.77,8.52,113174,97422296.0,2.85,-2.05,-0.18,0.57,2.93,3.87,1.06,1.88,1.53,6.22,2.11,3.99,2.93,3.64,8.65,8.64,8.93,9.26,2.21,1.16,0.58,-0.35,7.33,6.98,11.63,13.95,10.93,9.88
2016-05-25,601519,8.67,8.59,8.79,8.58,139769,121441505.0,2.44,-0.12,-0.01,0.7,3.15,0.35,1.17,0.82,5.48,1.4,3.26,2.21,2.91,2.21,8.66,8.64,8.89,9.21,1.28,0.7,-0.23,7.45,7.1,11.76,14.09,11.06,10.01,9.43
2016-05-26,601519,8.57,8.66,8.7,8.38,125000,106513853.0,3.73,0.81,0.07,0.63,2.74,3.58,3.22,8.0,3.82,5.73,4.65,5.37,4.65,4.89,8.67,8.65,8.86,9.15,-0.12,-1.04,6.58,6.24,10.85,13.16,10.16,9.12,8.55,5.66
2016-05-27,601519,8.6,8.56,8.65,8.53,98112,84153747.0,1.39,-1.15,-0.1,0.49,1.76,1.41,6.1,1.99,3.87,2.81,3.52,2.81,3.05,1.99,8.64,8.65,8.82,9.09,0.12,7.83,7.48,12.15,14.49,11.45,10.4,9.81,6.89,2.69
2016-05-30,601519,8.5,8.5,8.57,8.42,81021,68901142.0,1.75,-0.7,-0.06,0.41,2.73,7.48,3.33,5.23,4.16,4.87,4.16,4.39,3.33,2.73,8.58,8.64,8.78,9.03,8.59,8.24,12.94,15.29,12.24,11.18,10.59,7.65,3.41,7.65
2016-05-31,601519,8.52,9.18,9.23,8.52,491147,441627040.0,8.35,8.0,0.68,2.47,6.22,2.11,3.99,2.93,3.64,2.93,3.17,2.11,1.53,0.59,8.7,8.67,8.77,9.0,0.22,4.58,6.75,3.92,2.94,2.4,-0.33,-4.25,-0.33,-1.42
2016-06-01,601519,9.08,9.06,9.2,9.03,339319,308368736.0,1.85,-1.31,-0.12,1.71,-3.65,-1.88,-2.88,-2.21,-2.88,-2.66,-3.65,-4.21,-5.09,2.21,8.79,8.73,8.75,8.96,5.96,8.17,5.3,4.3,3.75,0.99,-2.98,0.99,-0.11,0.44
2016-06-02,601519,9.06,9.25,9.6,9.0,406929,377463760.0,6.62,2.1,0.19,2.05,-1.56,-2.56,-1.89,-2.56,-2.33,-3.33,-3.89,-4.78,2.56,2.22,8.91,8.79,8.74,8.95,5.95,3.14,2.16,1.62,-1.08,-4.97,-1.08,-2.16,-1.62,-2.92
2016-06-03,601519,9.22,9.52,9.8,9.12,570287,539875120.0,7.35,2.92,0.27,2.87,-3.84,-3.18,-3.84,-3.62,-4.61,-5.15,-6.03,1.21,0.88,5.26,9.1,8.87,8.76,8.95,0.21,-0.74,-1.26,-3.89,-7.67,-3.89,-4.94,-4.41,-5.67,-3.05
2016-06-06,601519,9.45,9.39,9.54,9.3,271980,255688727.0,2.52,-1.37,-0.13,1.37,-5.05,-5.7,-5.48,-6.45,-6.99,-7.85,-0.75,-1.08,3.23,5.38,9.28,8.93,8.79,8.95,0.64,0.11,-2.56,-6.39,-2.56,-3.62,-3.09,-4.37,-1.7,-3.51
2016-06-07,601519,9.36,9.3,9.45,9.22,180427,167688391.0,2.45,-0.96,-0.09,0.91,-4.88,-4.66,-5.64,-6.18,-7.05,0.11,-0.22,4.12,6.29,3.47,9.3,9.0,8.82,8.95,1.08,-1.61,-5.48,-1.61,-2.69,-2.15,-3.44,-0.75,-2.58,-3.01
2016-06-08,601519,9.32,9.28,9.4,9.22,176811,164776462.0,1.94,-0.22,-0.02,0.89,-4.66,-5.64,-6.18,-7.05,0.11,-0.22,4.12,6.29,3.47,2.49,9.35,9.07,8.85,8.95,-1.4,-5.28,-1.4,-2.48,-1.94,-3.23,-0.54,-2.37,-2.8,-3.12
2016-06-13,601519,9.1,8.67,9.15,8.65,245627,220726328.0,5.39,-6.57,-0.61,1.24,0.58,0.0,-0.92,6.71,6.36,10.98,13.29,10.29,9.25,8.67,9.23,9.07,8.86,8.93,1.38,5.54,4.38,4.96,3.58,6.46,4.5,4.04,3.69,3.81
2016-06-14,601519,8.68,8.75,8.79,8.65,132357,115352813.0,1.61,0.92,0.08,0.67,0.0,-0.92,6.71,6.36,10.98,13.29,10.29,9.25,8.67,5.78,9.08,9.09,8.87,8.91,4.57,3.43,4.0,2.63,5.49,3.54,3.09,2.74,2.86,7.2
2016-06-15,601519,8.6,9.03,9.15,8.56,216474,193789357.0,6.74,3.2,0.28,1.09,0.12,7.83,7.48,12.15,14.49,11.45,10.4,9.81,6.89,2.69,9.01,9.14,8.89,8.9,0.22,0.78,-0.55,2.21,0.33,-0.11,-0.44,-0.33,3.88,2.66
2016-06-16,601519,8.99,8.9,9.05,8.86,144704,129145376.0,2.1,-1.44,-0.13,0.73,4.18,3.84,8.35,10.61,7.67,6.66,6.09,3.27,-0.79,3.27,8.93,9.11,8.89,8.88,2.25,0.9,3.71,1.8,1.35,1.01,1.12,5.39,4.16,4.04
2016-06-17,601519,8.95,8.97,9.1,8.89,150468,135655536.0,2.36,0.79,0.07,0.76,3.49,7.99,10.24,7.31,6.3,5.74,2.92,-1.12,2.92,1.8,8.86,9.11,8.92,8.87,0.11,2.9,1.0,0.56,0.22,0.33,4.57,3.34,3.23,3.01
2016-06-20,601519,8.98,8.91,8.98,8.72,110874,98375911.0,2.9,-0.67,-0.06,0.56,10.09,12.39,9.4,8.37,7.8,4.93,0.8,4.93,3.78,4.36,8.91,9.07,8.93,8.85,3.59,1.68,1.23,0.9,1.01,5.27,4.04,3.93,3.7,7.52
2016-06-21,601519,8.98,8.88,9.23,8.83,195802,176829844.0,4.49,-0.34,-0.03,0.99,10.99,8.04,7.02,6.46,3.62,-0.45,3.62,2.49,3.06,1.7,8.94,9.01,8.94,8.84,2.03,1.58,1.24,1.35,5.63,4.39,4.28,4.05,7.88,5.63
2016-06-22,601519,8.81,9.05,9.06,8.73,149844,134198998.0,3.72,1.91,0.17,0.75,9.28,8.25,7.67,4.81,0.69,4.81,3.67,4.24,2.86,5.73,8.94,8.97,8.95,8.85,-0.33,-0.66,-0.55,3.65,2.43,2.32,2.1,5.86,3.65,3.87
2016-06-23,601519,8.98,8.94,9.02,8.86,128721,115017098.0,1.77,-1.22,-0.11,0.65,6.66,6.09,3.27,-0.79,3.27,2.14,2.71,1.35,4.18,2.26,8.95,8.94,8.97,8.86,0.56,0.67,4.92,3.69,3.58,3.36,7.16,4.92,5.15,5.26
2016-06-24,601519,8.93,8.77,8.99,8.55,203846,179248428.0,4.92,-1.9,-0.17,1.03,9.94,7.02,2.81,7.02,5.85,6.43,5.03,7.95,5.96,5.5,8.91,8.89,8.98,8.87,2.62,6.96,5.7,5.59,5.36,9.24,6.96,7.18,7.3,6.84
2016-06-27,601519,8.7,8.98,9.0,8.65,199709,177809174.0,3.99,2.39,0.21,1.0,5.78,1.62,5.78,4.62,5.2,3.82,6.71,4.74,4.28,3.93,8.92,8.92,8.99,8.88,4.45,3.23,3.12,2.9,6.68,4.45,4.68,4.79,4.34,4.23
2016-06-28,601519,8.92,9.24,9.38,8.88,415492,379442048.0,5.57,2.9,0.26,2.09,-1.01,3.04,1.91,2.48,1.13,3.94,2.03,1.58,1.24,1.35,9.0,8.97,9.03,8.9,0.32,0.22,0.0,3.68,1.52,1.73,1.84,1.41,1.3,1.73
2016-06-29,601519,9.25,9.14,9.27,9.08,245162,224288101.0,2.06,-1.08,-0.1,1.23,0.77,-0.33,0.22,-1.1,1.65,-0.22,-0.66,-0.99,-0.88,3.3,9.01,8.98,9.06,8.92,1.31,1.09,4.81,2.63,2.84,2.95,2.52,2.41,2.84,3.61
2016-06-30,601519,9.15,9.19,9.26,9.1,219289,201554459.0,1.75,0.55,0.05,1.1,-0.55,0.0,-1.32,1.43,-0.44,-0.88,-1.21,-1.1,3.08,1.87,9.06,9.01,9.06,8.93,0.54,4.24,2.07,2.29,2.39,1.96,1.85,2.29,3.05,2.61
2016-07-01,601519,9.22,9.08,9.24,9.0,174594,159234184.0,2.61,-1.2,-0.11,0.88,1.11,-0.22,2.56,0.67,0.22,-0.11,0.0,4.22,3.0,2.89,9.13,9.02,9.06,8.95,5.51,3.3,3.52,3.63,3.19,3.08,3.52,4.3,3.85,3.52
2016-07-04,601519,9.06,9.35,9.58,9.01,352153,328668720.0,6.28,2.97,0.27,1.77,-0.33,2.44,0.55,0.11,-0.22,-0.11,4.11,2.89,2.77,2.55,9.2,9.06,9.07,8.98,0.32,0.53,0.64,0.21,0.11,0.53,1.28,0.86,0.53,-1.07
2016-07-05,601519,9.3,9.34,9.38,9.26,215249,200428307.0,1.28,-0.11,-0.01,1.08,-0.32,-2.16,-2.59,-2.92,-2.81,1.3,0.11,0.0,-0.22,3.46,9.22,9.11,9.06,9.0,0.64,0.75,0.32,0.21,0.64,1.39,0.96,0.64,-0.96,-0.86
2016-07-06,601519,9.35,9.34,9.4,9.21,194649,180703624.0,2.03,0.0,0.0,0.98,-1.63,-2.06,-2.39,-2.28,1.85,0.65,0.54,0.33,4.02,1.85,9.26,9.14,9.06,9.01,0.75,0.32,0.21,0.64,1.39,0.96,0.64,-0.96,-0.86,-0.43
2016-07-07,601519,9.3,9.31,9.41,9.19,199400,185497521.0,2.36,-0.32,-0.03,1.0,-1.85,-2.18,-2.07,2.07,0.87,0.76,0.54,4.24,2.07,2.29,9.28,9.17,9.06,9.04,0.64,0.54,0.97,1.72,1.29,0.97,-0.64,-0.54,-0.11,0.11
2016-07-08,601519,9.3,9.29,9.37,9.21,160166,148839569.0,1.72,-0.21,-0.02,0.81,-2.39,-2.28,1.85,0.65,0.54,0.33,4.02,1.85,2.06,2.17,9.33,9.23,9.06,9.06,0.75,1.18,1.94,1.51,1.18,-0.43,-0.32,0.11,0.32,-0.65
2016-07-11,601519,9.28,9.22,9.36,9.2,181988,169045000.0,1.72,-0.75,-0.07,0.92,-2.17,1.96,0.76,0.65,0.43,4.13,1.96,2.17,2.28,1.85,9.3,9.25,9.08,9.08,1.95,2.71,2.28,1.95,0.33,0.43,0.87,1.08,0.11,-3.04
2016-07-12,601519,9.23,9.37,9.4,9.12,239133,221635404.0,3.04,1.63,0.15,1.2,2.85,1.64,1.54,1.32,5.04,2.85,3.07,3.18,2.74,2.63,9.31,9.26,9.12,9.11,1.07,0.64,0.32,-1.28,-1.17,-0.75,-0.53,-1.49,-4.59,-4.48
2016-07-13,601519,9.39,9.4,9.47,9.35,245835,231305335.0,1.28,0.32,0.03,1.24,-0.86,-0.96,-1.18,2.46,0.32,0.53,0.64,0.21,0.11,0.53,9.32,9.29,9.13,9.14,0.32,0.0,-1.6,-1.49,-1.06,-0.85,-1.81,-4.89,-4.79,-5.21
2016-07-14,601519,9.43,9.4,9.43,9.31,151856,142160963.0,1.28,0.0,0.0,0.76,-0.54,-0.75,2.9,0.75,0.97,1.07,0.64,0.54,0.97,1.72,9.34,9.31,9.16,9.14,0.0,-1.6,-1.49,-1.06,-0.85,-1.81,-4.89,-4.79,-5.21,-8.62
2016-07-15,601519,9.39,9.27,9.4,9.21,175194,162651751.0,2.02,-1.38,-0.13,0.88,0.33,4.02,1.85,2.06,2.17,1.74,1.63,2.06,2.82,2.39,9.33,9.33,9.17,9.15,-0.22,-0.11,0.32,0.54,-0.43,-3.56,-3.45,-3.88,-7.34,-7.66
2016-07-18,601519,9.21,9.19,9.25,9.13,123545,113535021.0,1.29,-0.86,-0.08,0.62,4.93,2.74,2.96,3.07,2.63,2.52,2.96,3.72,3.29,2.96,9.33,9.31,9.19,9.15,0.76,1.2,1.41,0.44,-2.72,-2.61,-3.05,-6.53,-6.86,-10.77
2016-07-19,601519,9.2,9.25,9.26,9.15,104098,95907560.0,1.2,0.65,0.06,0.52,2.51,2.73,2.84,2.4,2.3,2.73,3.5,3.06,2.73,1.09,9.3,9.3,9.21,9.14,0.54,0.76,-0.22,-3.35,-3.24,-3.68,-7.14,-7.46,-11.35,-15.03
2016-07-20,601519,9.24,9.21,9.3,9.2,100528,92911666.0,1.08,-0.43,-0.04,0.51,2.17,2.28,1.85,1.74,2.17,2.93,2.5,2.17,0.54,0.65,9.26,9.29,9.21,9.13,1.19,0.22,-2.93,-2.82,-3.26,-6.73,-7.06,-10.97,-14.66,-14.12
2016-07-21,601519,9.19,9.22,9.32,9.17,132977,123039688.0,1.63,0.11,0.01,0.67,2.62,2.18,2.07,2.51,3.27,2.84,2.51,0.87,0.98,1.42,9.23,9.28,9.23,9.13,0.11,-3.04,-2.93,-3.36,-6.83,-7.16,-11.06,-14.75,-14.21,-13.88
2016-07-22,601519,9.2,9.09,9.23,9.08,125755,115114986.0,1.63,-1.41,-0.13,0.63,3.19,3.08,3.52,4.3,3.85,3.52,1.87,1.98,2.42,2.64,9.19,9.26,9.24,9.12,-1.65,-1.54,-1.98,-5.5,-5.83,-9.79,-13.53,-12.98,-12.65,-13.31
2016-07-25,601519,8.81,8.84,8.94,8.72,342830,302559264.0,2.42,-2.75,-0.25,1.72,7.34,7.8,8.6,8.14,7.8,6.08,6.19,6.65,6.88,5.85,9.12,9.22,9.24,9.13,1.24,0.79,-2.83,-3.17,-7.24,-11.09,-10.52,-10.18,-10.86,-12.22
2016-07-26,601519,8.75,8.91,8.95,8.73,216795,191883619.0,2.49,0.79,0.07,1.09,7.67,8.48,8.02,7.67,5.96,6.07,6.53,6.76,5.73,2.41,9.05,9.18,9.22,9.14,0.0,-3.59,-3.93,-7.97,-11.78,-11.22,-10.89,-11.56,-12.91,-11.45
2016-07-27,601519,8.91,8.51,8.91,8.31,277404,239470478.0,6.73,-4.49,-0.4,1.4,13.96,13.48,13.12,11.31,11.43,11.91,12.15,11.07,7.58,7.7,8.91,9.09,9.19,9.12,0.94,0.59,-3.64,-7.64,-7.05,-6.7,-7.4,-8.81,-7.29,-6.82
2016-07-28,601519,8.5,8.46,8.59,8.31,142997,120774835.0,3.29,-0.59,-0.05,0.72,13.48,13.12,11.31,11.43,11.91,12.15,11.07,7.58,7.7,7.22,8.76,8.99,9.15,9.1,1.18,-3.07,-7.09,-6.5,-6.15,-6.86,-8.27,-6.74,-6.26,-0.12
2016-07-29,601519,8.46,8.49,8.56,8.37,102867,87140449.0,2.25,0.35,0.03,0.52,12.31,10.51,10.63,11.11,11.35,10.27,6.81,6.93,6.45,2.63,8.64,8.92,9.12,9.09,-3.42,-7.42,-6.83,-6.48,-7.18,-8.6,-7.07,-6.6,-0.47,-4.48
2016-08-01,601519,8.09,7.88,8.2,7.81,355597,281994880.0,4.59,-7.18,-0.61,1.79,18.44,18.57,19.08,19.33,18.18,14.47,14.6,14.08,9.99,9.6,8.45,8.79,9.05,9.05,-0.25,0.38,0.76,0.0,-1.52,0.13,0.63,7.23,2.92,9.52
2016-08-02,601519,7.86,7.84,7.86,7.66,197163,153250583.0,2.54,-0.51,-0.04,0.99,20.89,21.41,21.67,20.5,16.71,16.84,16.32,12.14,11.75,7.05,8.24,8.64,8.97,9.02,0.89,1.28,0.51,-1.02,0.64,1.15,7.78,3.44,10.08,7.27
2016-08-03,601519,7.79,7.84,7.91,7.76,128596,100768352.0,1.91,0.0,0.0,0.65,19.85,20.1,18.94,15.21,15.34,14.82,10.7,10.31,5.67,1.29,8.1,8.51,8.9,8.98,1.28,0.51,-1.02,0.64,1.15,7.78,3.44,10.08,7.27,7.02
2016-08-04,601519,7.85,7.88,7.94,7.76,134398,105523057.0,2.3,0.51,0.04,0.68,20.1,18.94,15.21,15.34,14.82,10.7,10.31,5.67,1.29,1.93,7.99,8.37,8.83,8.94,0.0,-1.52,0.13,0.63,7.23,2.92,9.52,6.73,6.47,5.33
2016-08-05,601519,7.86,7.8,7.88,7.77,121198,94687704.0,1.4,-1.02,-0.08,0.61,18.79,15.06,15.19,14.67,10.55,10.17,5.53,1.16,1.8,2.19,7.85,8.24,8.75,8.91,-0.51,1.15,1.67,8.33,3.97,10.64,7.82,7.56,6.41,5.9
2016-08-08,601519,7.75,7.75,7.76,7.53,223125,170849790.0,2.95,-0.64,-0.05,1.12,18.73,18.86,18.33,14.08,13.68,8.9,4.38,5.05,5.44,4.65,7.82,8.14,8.68,8.87,1.81,2.32,9.03,4.65,11.35,8.52,8.26,7.1,6.58,6.45
2016-08-09,601519,7.74,7.86,7.89,7.7,169480,132208682.0,2.45,1.42,0.11,0.85,16.23,15.71,11.56,11.17,6.49,2.08,2.73,3.12,2.34,0.78,7.83,8.03,8.6,8.82,0.89,7.51,3.18,9.8,7.0,6.74,5.6,5.09,4.96,4.33
2016-08-10,601519,7.85,7.84,7.93,7.81,143071,112546014.0,1.53,-0.25,-0.02,0.72,14.08,9.99,9.6,4.99,0.64,1.28,1.66,0.9,-0.64,1.02,7.83,7.96,8.53,8.78,7.78,3.44,10.08,7.27,7.02,5.87,5.36,5.23,4.59,4.85
2016-08-11,601519,7.83,8.11,8.45,7.73,462977,377092320.0,9.18,3.44,0.27,2.33,11.13,10.74,6.08,1.68,2.33,2.72,1.94,0.39,2.07,2.59,7.87,7.93,8.46,8.74,0.0,6.41,3.7,3.45,2.34,1.85,1.73,1.11,1.36,0.62
2016-08-12,601519,7.99,8.08,8.11,7.92,245280,196722960.0,2.34,-0.37,-0.03,1.23,8.08,3.54,-0.76,-0.13,0.25,-0.51,-2.02,-0.38,0.13,6.69,7.93,7.89,8.4,8.71,6.81,4.08,3.84,2.72,2.23,2.1,1.49,1.73,0.99,0.87
2016-08-15,601519,8.02,8.4,8.63,7.95,509888,423381456.0,8.42,3.96,0.32,2.57,3.14,-1.13,-0.5,-0.13,-0.88,-2.39,-0.75,-0.25,6.29,2.01,8.06,7.94,8.36,8.68,0.12,-0.12,-1.19,-1.67,-1.79,-2.38,-2.14,-2.86,-2.98,-4.05
2016-08-16,601519,8.3,8.3,8.41,8.23,295557,245554592.0,2.14,-1.19,-0.1,1.49,-4.5,-3.89,-3.52,-4.25,-5.71,-4.13,-3.65,2.67,-1.46,4.86,8.15,7.99,8.32,8.64,1.08,0.0,-0.48,-0.6,-1.2,-0.96,-1.69,-1.81,-2.89,-2.29
2016-08-17,601519,8.32,8.3,8.39,8.19,180162,149134091.0,2.41,0.0,0.0,0.91,-3.42,-3.05,-3.79,-5.25,-3.66,-3.17,3.17,-0.98,5.37,2.69,8.24,8.03,8.27,8.61,0.0,-0.48,-0.6,-1.2,-0.96,-1.69,-1.81,-2.89,-2.29,-3.01
2016-08-18,601519,8.3,8.23,8.3,8.21,191291,157669614.0,1.08,-0.84,-0.07,0.96,-3.29,-4.02,-5.48,-3.9,-3.41,2.92,-1.22,5.12,2.44,2.19,8.26,8.07,8.22,8.57,0.36,0.24,-0.36,-0.12,-0.85,-0.97,-2.07,-1.46,-2.19,-2.43
2016-08-19,601519,8.23,8.21,8.26,8.15,127984,104927601.0,1.34,-0.24,-0.02,0.64,-3.31,-4.79,-3.19,-2.7,3.68,-0.49,5.89,3.19,2.94,1.84,8.29,8.11,8.18,8.54,0.49,-0.12,0.12,-0.61,-0.73,-1.83,-1.22,-1.95,-2.19,-1.95
2016-08-22,601519,8.19,8.16,8.25,8.1,134843,110020228.0,1.83,-0.61,-0.05,0.68,-4.2,-2.59,-2.1,4.32,0.12,6.54,3.83,3.58,2.47,1.98,8.24,8.15,8.14,8.5,0.49,0.74,0.0,-0.12,-1.23,-0.61,-1.35,-1.59,-1.35,-1.59
2016-08-23,601519,8.14,8.13,8.2,8.09,95583,77825424.0,1.35,-0.37,-0.03,0.48,-2.47,-1.98,4.45,0.25,6.67,3.96,3.71,2.6,2.1,1.98,8.21,8.18,8.1,8.46,1.11,0.37,0.25,-0.86,-0.25,-0.98,-1.23,-0.98,-1.23,-0.49
2016-08-24,601519,8.15,8.19,8.22,8.11,95556,77989043.0,1.35,0.74,0.06,0.48,-2.22,4.19,0.0,6.41,3.7,3.45,2.34,1.85,1.73,1.11,8.18,8.21,8.09,8.42,-0.37,-0.49,-1.59,-0.98,-1.71,-1.95,-1.71,-1.95,-1.22,-1.1
2016-08-25,601519,8.16,8.06,8.16,7.96,157507,126545227.0,2.44,-1.59,-0.13,0.79,6.16,1.88,8.42,5.65,5.4,4.27,3.77,3.64,3.02,3.27,8.15,8.21,8.07,8.38,1.12,0.0,0.62,-0.12,-0.37,-0.12,-0.37,0.37,0.5,0.37
2016-08-26,601519,8.04,8.06,8.15,8.03,95350,77036974.0,1.49,0.0,0.0,0.48,1.0,7.47,4.73,4.48,3.36,2.86,2.74,2.12,2.37,1.62,8.12,8.2,8.05,8.34,0.0,0.62,-0.12,-0.37,-0.12,-0.37,0.37,0.5,0.37,0.0
2016-08-29,601519,8.03,8.05,8.06,7.99,71585,57496822.0,0.87,-0.12,-0.01,0.36,8.01,5.26,5.01,3.88,3.38,3.25,2.63,2.88,2.13,2.0,8.1,8.17,8.05,8.3,0.75,0.0,-0.25,0.0,-0.25,0.5,0.62,0.5,0.12,-1.24
2016-08-30,601519,8.06,8.03,8.11,8.02,72555,58400109.0,1.12,-0.25,-0.02,0.37,4.86,4.61,3.49,2.99,2.87,2.24,2.49,1.75,1.62,0.5,8.08,8.14,8.06,8.26,0.25,0.0,0.25,0.0,0.75,0.87,0.75,0.37,-1.0,-1.62
2016-08-31,601519,8.02,7.99,8.05,7.94,85589,68395842.0,1.37,-0.5,-0.04,0.43,5.67,4.53,4.03,3.9,3.27,3.53,2.77,2.64,1.51,2.14,8.04,8.11,8.07,8.22,0.5,0.75,0.5,1.25,1.38,1.25,0.88,-0.5,-1.13,0.13
2016-09-01,601519,7.95,7.95,8.03,7.94,84463,67439155.0,1.13,-0.5,-0.04,0.42,4.53,4.03,3.9,3.27,3.53,2.77,2.64,1.51,2.14,1.39,8.02,8.08,8.08,8.17,1.26,1.01,1.76,1.89,1.76,1.38,0.0,-0.63,0.63,-0.5
2016-09-02,601519,7.91,7.97,8.05,7.91,82693,65993208.0,1.76,0.25,0.02,0.42,4.42,4.3,3.67,3.92,3.16,3.03,1.9,2.53,1.77,1.52,8.0,8.06,8.08,8.14,0.75,1.51,1.63,1.51,1.13,-0.25,-0.88,0.38,-0.75,-0.5
2016-09-05,601519,7.95,7.98,8.03,7.95,77964,62326728.0,1.0,0.13,0.01,0.39,3.77,3.14,3.4,2.64,2.52,1.38,2.01,1.26,1.01,1.26,7.98,8.04,8.1,8.11,1.38,1.5,1.38,1.0,-0.38,-1.0,0.25,-0.88,-0.63,0.0
2016-09-06,601519,7.98,8.04,8.09,7.87,131111,104547770.0,2.76,0.75,0.06,0.66,4.19,4.45,3.68,3.56,2.41,3.05,2.29,2.03,2.29,2.03,7.99,8.03,8.1,8.08,0.75,0.62,0.25,-1.12,-1.74,-0.5,-1.62,-1.37,-0.75,-0.87
2016-09-07,601519,8.05,8.07,8.1,8.01,156743,126331540.0,1.12,0.37,0.03,0.79,2.62,1.87,1.75,0.62,1.25,0.5,0.25,0.5,0.25,1.0,8.0,8.02,8.12,8.06,0.25,-0.12,-1.49,-2.11,-0.87,-1.98,-1.73,-1.12,-1.24,-1.98
2016-09-08,601519,8.08,8.06,8.09,8.03,82959,66820530.0,0.74,-0.12,-0.01,0.42,1.62,1.49,0.37,1.0,0.25,0.0,0.25,0.0,0.75,0.87,8.02,8.02,8.11,8.05,0.0,-1.36,-1.99,-0.74,-1.86,-1.61,-0.99,-1.12,-1.86,-2.85
2016-09-09,601519,8.06,7.97,8.06,7.97,90050,72113823.0,1.12,-1.12,-0.09,0.45,2.26,1.13,1.76,1.0,0.75,1.0,0.75,1.51,1.63,1.51,8.02,8.01,8.11,8.03,-0.25,-0.88,0.38,-0.75,-0.5,0.13,0.0,-0.75,-1.76,-3.89
2016-09-12,601519,7.82,7.82,7.95,7.72,139132,108501543.0,2.89,-1.88,-0.15,0.7,4.4,5.05,4.27,4.02,4.27,4.02,4.79,4.92,4.79,4.4,7.99,7.99,8.08,8.03,1.02,2.3,1.15,1.41,2.05,1.92,1.15,0.13,-2.05,-2.17
2016-09-13,601519,7.9,7.79,7.9,7.78,70115,54794188.0,1.53,-0.38,-0.03,0.35,4.24,3.47,3.21,3.47,3.21,3.98,4.11,3.98,3.6,2.19,7.94,7.96,8.05,8.03,2.7,1.54,1.8,2.44,2.31,1.54,0.51,-1.67,-1.8,-1.03
2016-09-14,601519,7.79,7.86,8.0,7.72,131766,103873692.0,3.59,0.9,0.07,0.66,4.27,4.02,4.27,4.02,4.79,4.92,4.79,4.4,2.98,2.33,7.9,7.95,8.03,8.03,0.64,0.89,1.53,1.4,0.64,-0.38,-2.54,-2.67,-1.91,-2.42
2016-09-19,601519,7.8,7.87,7.91,7.75,83236,65314413.0,2.04,0.13,0.01,0.42,3.61,3.87,3.61,4.39,4.52,4.39,4.0,2.58,1.94,3.23,7.86,7.94,8.01,8.03,0.76,1.4,1.27,0.51,-0.51,-2.67,-2.8,-2.03,-2.54,0.76
2016-09-20,601519,7.85,7.86,7.93,7.83,55877,43999403.0,1.27,-0.13,-0.01,0.28,2.81,2.55,3.32,3.45,3.32,2.94,1.53,0.89,2.17,1.02,7.84,7.93,8.0,8.03,1.53,1.4,0.64,-0.38,-2.54,-2.67,-1.91,-2.42,0.89,1.02
2016-09-21,601519,7.87,7.91,7.98,7.86,102477,81220975.0,1.53,0.64,0.05,0.52,2.16,2.93,3.05,2.93,2.54,1.15,0.51,1.78,0.64,0.89,7.86,7.92,7.98,8.04,0.76,0.0,-1.01,-3.16,-3.29,-2.53,-3.03,0.25,0.38,-0.13
2016-09-22,601519,7.94,7.91,7.97,7.9,61920,49154556.0,0.88,0.0,0.0,0.31,2.41,2.53,2.41,2.03,0.63,0.0,1.27,0.13,0.38,1.01,7.88,7.91,7.97,8.04,0.0,-1.01,-3.16,-3.29,-2.53,-3.03,0.25,0.38,-0.13,1.14
2016-09-23,601519,7.9,7.8,7.91,7.8,69395,54414288.0,1.39,-1.39,-0.11,0.35,3.85,3.72,3.33,1.92,1.28,2.56,1.41,1.67,2.31,2.18,7.87,7.88,7.95,8.04,0.38,-1.79,-1.92,-1.15,-1.67,1.67,1.79,1.28,2.56,2.44
2016-09-26,601519,7.78,7.6,7.83,7.58,113933,87746454.0,3.21,-2.56,-0.2,0.57,6.73,6.33,4.88,4.22,5.54,4.35,4.62,5.28,5.15,4.35,7.82,7.84,7.93,8.02,0.79,0.66,1.45,0.92,4.34,4.47,3.95,5.26,5.13,4.47
2016-09-27,601519,7.58,7.64,7.66,7.55,90480,68831887.0,1.45,0.53,0.04,0.46,6.75,5.3,4.64,5.96,4.77,5.03,5.7,5.56,4.77,3.71,7.77,7.81,7.91,8.01,0.13,0.92,0.39,3.8,3.93,3.4,4.71,4.58,3.93,12.7
2016-09-28,601519,7.62,7.62,7.65,7.58,62444,47557825.0,0.92,-0.26,-0.02,0.31,4.88,4.22,5.54,4.35,4.62,5.28,5.15,4.35,3.3,1.06,7.71,7.79,7.89,7.98,1.18,0.66,4.07,4.2,3.67,4.99,4.86,4.2,12.99,19.03
2016-09-29,601519,7.63,7.64,7.71,7.61,63931,48956577.0,1.31,0.26,0.02,0.32,3.81,5.12,3.94,4.2,4.86,4.73,3.94,2.89,0.66,0.53,7.66,7.77,7.87,7.96,0.39,3.8,3.93,3.4,4.71,4.58,3.93,12.7,18.72,14.79
2016-09-30,601519,7.6,7.64,7.67,7.59,52022,39747558.0,1.05,0.0,0.0,0.26,5.4,4.22,4.48,5.14,5.01,4.22,3.16,0.92,0.79,1.58,7.63,7.75,7.85,7.94,3.8,3.93,3.4,4.71,4.58,3.93,12.7,18.72,14.79,15.71
2016-10-10,601519,7.65,7.88,7.93,7.65,162655,127321097.0,3.66,3.14,0.24,0.82,3.4,3.66,4.31,4.18,3.4,2.35,0.13,0.0,0.78,0.26,7.68,7.75,7.85,7.93,0.76,0.25,1.52,1.4,0.76,9.26,15.1,11.29,12.18,13.45
2016-10-11,601519,7.87,7.88,7.94,7.82,97121,76515256.0,1.52,0.0,0.0,0.49,1.41,2.05,1.92,1.15,0.13,-2.05,-2.17,-1.41,-1.92,1.41,7.73,7.75,7.84,7.91,0.25,1.52,1.4,0.76,9.26,15.1,11.29,12.18,13.45,11.17
2016-10-12,601519,7.84,7.89,7.9,7.81,83119,65200771.0,1.14,0.13,0.01,0.42,2.18,2.05,1.28,0.26,-1.92,-2.05,-1.28,-1.79,1.54,1.66,7.79,7.75,7.84,7.91,1.39,1.27,0.63,9.13,14.96,11.15,12.04,13.31,11.03,10.77
2016-10-13,601519,7.89,7.95,8.0,7.86,174513,138620361.0,1.77,0.76,0.06,0.88,1.4,0.64,-0.38,-2.54,-2.67,-1.91,-2.42,0.89,1.02,0.51,7.85,7.75,7.83,7.9,0.5,-0.13,8.3,14.09,10.31,11.19,12.45,10.19,9.94,9.94
2016-10-14,601519,7.93,7.92,7.99,7.85,86921,68890711.0,1.76,-0.38,-0.03,0.44,0.76,-0.25,-2.42,-2.55,-1.78,-2.29,1.02,1.15,0.64,1.91,7.9,7.77,7.83,7.89,0.25,8.71,14.52,10.73,11.62,12.88,10.61,10.35,10.35,12.63
2016-10-17,601519,7.92,7.83,7.94,7.81,92629,72903793.0,1.64,-1.14,-0.09,0.47,0.26,-1.92,-2.05,-1.28,-1.79,1.54,1.66,1.15,2.43,2.3,7.89,7.79,7.81,7.88,9.96,15.84,12.01,12.9,14.18,11.88,11.62,11.62,13.92,9.07
2016-10-18,601519,7.85,8.61,8.61,7.83,472596,397823840.0,9.96,9.96,0.78,2.38,-2.17,-2.3,-1.53,-2.04,1.28,1.4,0.89,2.17,2.04,1.4,8.04,7.89,7.85,7.9,5.34,1.86,2.67,3.83,1.74,1.51,1.51,3.6,-0.81,-0.23
2016-10-19,601519,8.65,8.87,9.07,8.46,942638,822440064.0,7.08,3.02,0.26,4.74,-9.57,-8.87,-9.34,-6.26,-6.15,-6.62,-5.44,-5.56,-6.15,1.77,8.24,8.01,7.9,7.93,-1.13,-0.34,0.79,-1.24,-1.47,-1.47,0.56,-3.72,-3.16,-2.37
2016-10-20,601519,8.73,8.66,8.77,8.59,426213,369540416.0,2.03,-2.37,-0.21,2.14,-10.24,-10.71,-7.68,-7.57,-8.03,-6.87,-6.98,-7.57,0.23,5.59,8.38,8.11,7.94,7.95,2.08,3.23,1.15,0.92,0.92,3.0,-1.39,-0.81,0.0,2.42
2016-10-21,601519,8.66,8.7,8.84,8.58,353626,307463088.0,3.0,0.46,0.04,1.78,-10.61,-7.58,-7.46,-7.93,-6.76,-6.88,-7.46,0.35,5.71,2.21,8.53,8.22,7.98,7.97,2.76,0.69,0.46,0.46,2.53,-1.84,-1.26,-0.46,1.95,-0.11
2016-10-24,601519,8.55,8.81,8.94,8.47,458785,400099024.0,5.4,1.26,0.11,2.31,-6.38,-6.26,-6.73,-5.55,-5.67,-6.26,1.65,7.08,3.54,4.37,8.73,8.31,8.03,8.0,-0.57,-0.79,-0.79,1.25,-3.06,-2.5,-1.7,0.68,-1.36,-2.72
2016-10-25,601519,8.7,8.66,8.76,8.6,223511,193677440.0,1.82,-1.7,-0.15,1.12,-7.67,-8.14,-6.98,-7.09,-7.67,0.12,5.47,1.98,2.79,3.95,8.74,8.39,8.07,8.02,0.92,0.92,3.0,-1.39,-0.81,0.0,2.42,0.35,-1.04,-2.19
2016-10-26,601519,8.66,8.62,8.74,8.5,198911,171386872.0,2.77,-0.46,-0.04,1.0,-7.06,-5.88,-6.0,-6.59,1.29,6.71,3.18,4.0,5.18,3.06,8.69,8.46,8.11,8.05,1.39,3.48,-0.93,-0.35,0.46,2.9,0.81,-0.58,-1.74,-2.67
2016-10-27,601519,8.57,8.62,8.74,8.52,183833,158741952.0,2.55,0.0,0.0,0.92,-6.1,-6.22,-6.81,1.06,6.46,2.93,3.76,4.93,2.82,2.58,8.68,8.53,8.14,8.07,3.48,-0.93,-0.35,0.46,2.9,0.81,-0.58,-1.74,-2.67,-0.12
2016-10-28,601519,8.58,8.54,8.92,8.52,344727,300868560.0,4.64,-0.93,-0.08,1.73,-6.22,-6.81,1.06,6.46,2.93,3.76,4.93,2.82,2.58,2.58,8.65,8.59,8.18,8.08,0.0,0.59,1.41,3.86,1.76,0.35,-0.82,-1.76,0.82,1.64
2016-10-31,601519,8.5,8.37,8.54,8.26,182915,153688236.0,3.28,-1.99,-0.17,0.92,-3.87,4.24,9.81,6.17,7.02,8.23,6.05,5.81,5.81,7.99,8.56,8.65,8.22,8.09,2.63,3.46,5.97,3.82,2.39,1.19,0.24,2.87,3.7,5.62
2016-11-01,601519,8.49,8.44,8.59,8.39,204641,173308469.0,2.39,0.84,0.07,1.03,2.62,8.1,4.53,5.36,6.56,4.41,4.17,4.17,6.32,1.79,8.52,8.63,8.26,8.11,2.61,5.09,2.96,1.54,0.36,-0.59,2.01,2.84,4.74,1.54
2016-11-02,601519,8.38,8.46,8.66,8.32,253771,215948243.0,4.03,0.24,0.02,1.28,9.01,5.41,6.25,7.45,5.29,5.05,5.05,7.21,2.64,3.25,8.49,8.59,8.3,8.13,4.85,2.72,1.3,0.12,-0.83,1.77,2.6,4.49,1.3,4.49
2016-11-03,601519,8.37,8.65,8.87,8.33,464345,401356000.0,6.38,2.25,0.19,2.34,5.28,6.12,7.32,5.16,4.92,4.92,7.08,2.52,3.12,3.96,8.49,8.59,8.35,8.16,0.46,-0.92,-2.08,-3.01,-0.46,0.35,2.2,-0.92,2.2,0.23
2016-11-04,601519,8.63,8.57,8.69,8.5,185130,158803885.0,2.2,-0.92,-0.08,0.93,4.0,5.18,3.06,2.82,2.82,4.94,0.47,1.06,1.88,4.35,8.5,8.57,8.4,8.18,0.0,-1.17,-2.1,0.47,1.28,3.15,0.0,3.15,1.17,1.52
2016-11-07,601519,8.53,8.38,8.57,8.34,190074,159873094.0,2.68,-2.22,-0.19,0.96,7.19,5.04,4.8,4.8,6.95,2.4,3.0,3.84,6.35,4.2,8.5,8.53,8.42,8.2,1.07,0.12,2.74,3.58,5.49,2.27,5.49,3.46,3.82,2.39
2016-11-08,601519,8.41,8.4,8.47,8.3,158184,132628440.0,2.03,0.24,0.02,0.8,5.54,5.3,5.3,7.47,2.89,3.49,4.34,6.87,4.7,3.25,8.49,8.5,8.45,8.22,-0.12,2.5,3.33,5.24,2.02,5.24,3.21,3.57,2.14,2.5
2016-11-09,601519,8.37,8.33,8.39,8.12,192449,159370314.0,3.21,-0.83,-0.07,0.97,7.64,7.64,9.85,5.17,5.79,6.65,9.24,7.02,5.54,4.31,8.47,8.48,8.47,8.23,3.36,4.2,6.12,2.88,6.12,4.08,4.44,3.0,3.36,3.72
2016-11-10,601519,8.37,8.48,8.61,8.34,259683,220608672.0,3.24,1.8,0.15,1.31,4.8,6.95,2.4,3.0,3.84,6.35,4.2,2.76,1.56,0.6,8.43,8.46,8.5,8.25,2.36,4.25,1.06,4.25,2.24,2.59,1.18,1.53,1.89,1.3
2016-11-11,601519,8.47,8.65,8.68,8.39,348342,297979328.0,3.42,2.0,0.17,1.75,6.32,1.79,2.38,3.22,5.72,3.58,2.15,0.95,0.0,2.62,8.45,8.47,8.53,8.28,2.2,-0.92,2.2,0.23,0.58,-0.81,-0.46,-0.12,-0.69,-2.08
2016-11-14,601519,8.65,8.59,8.84,8.53,349787,303664080.0,3.58,-0.69,-0.06,1.76,0.12,0.7,1.52,3.99,1.88,0.47,-0.7,-1.64,0.94,1.76,8.49,8.49,8.57,8.31,-0.23,2.91,0.93,1.28,-0.12,0.23,0.58,0.0,-1.4,-1.28
2016-11-15,601519,8.57,8.52,8.57,8.41,201639,171110693.0,1.86,-0.81,-0.07,1.01,2.14,2.97,5.47,3.33,1.9,0.71,-0.24,2.38,3.21,5.11,8.51,8.5,8.57,8.34,3.76,1.76,2.11,0.7,1.06,1.41,0.82,-0.59,-0.47,-1.88
2016-11-16,601519,8.52,8.71,8.84,8.5,402687,349418400.0,3.99,2.23,0.19,2.03,1.88,4.35,2.24,0.82,-0.35,-1.29,1.29,2.12,4.0,0.82,8.59,8.53,8.56,8.38,-0.46,-0.11,-1.49,-1.15,-0.8,-1.38,-2.76,-2.64,-4.02,-0.57
2016-11-17,601519,8.65,8.62,8.67,8.55,166936,143845147.0,1.38,-1.03,-0.09,0.84,3.74,1.64,0.23,-0.94,-1.87,0.7,1.52,3.39,0.23,3.39,8.62,8.52,8.56,8.41,0.93,-0.46,-0.12,0.23,-0.35,-1.74,-1.62,-3.02,0.46,-2.78
2016-11-18,601519,8.61,8.5,8.7,8.48,178230,152485354.0,2.55,-1.39,-0.12,0.9,2.48,1.06,-0.12,-1.06,1.53,2.36,4.25,1.06,4.25,2.24,8.59,8.52,8.55,8.44,0.94,1.29,1.65,1.06,-0.35,-0.24,-1.65,1.88,-1.41,-1.29
2016-11-21,601519,8.48,8.45,8.58,8.43,144747,122895637.0,1.76,-0.59,-0.05,0.73,1.66,0.47,-0.47,2.14,2.97,4.86,1.66,4.86,2.85,3.2,8.56,8.52,8.53,8.46,1.89,2.25,1.66,0.24,0.36,-1.07,2.49,-0.83,-0.71,-3.55
2016-11-22,601519,8.43,8.59,8.61,8.41,207072,175909408.0,2.37,1.66,0.14,1.04,0.71,-0.24,2.38,3.21,5.11,1.9,5.11,3.09,3.45,2.02,8.57,8.54,8.52,8.48,0.58,0.0,-1.4,-1.28,-2.68,0.81,-2.44,-2.33,-5.12,-6.98
2016-11-23,601519,8.56,8.52,8.64,8.48,188266,161043315.0,1.86,-0.81,-0.07,0.95,-1.06,1.53,2.36,4.25,1.06,4.25,2.24,2.59,1.18,1.53,8.54,8.56,8.52,8.5,0.82,-0.59,-0.47,-1.88,1.64,-1.64,-1.53,-4.34,-6.22,-6.57
2016-11-24,601519,8.49,8.46,8.59,8.41,144998,123316406.0,2.11,-0.7,-0.06,0.73,2.38,3.21,5.11,1.9,5.11,3.09,3.45,2.02,2.38,2.73,8.5,8.56,8.51,8.52,0.12,0.24,-1.18,2.36,-0.95,-0.83,-3.66,-5.56,-5.91,-5.67
2016-11-25,601519,8.46,8.44,8.47,8.21,162113,135296851.0,3.07,-0.24,-0.02,0.82,5.72,7.67,4.38,7.67,5.6,5.97,4.51,4.87,5.24,4.63,8.49,8.54,8.51,8.53,0.47,-0.95,2.61,-0.71,-0.59,-3.44,-5.33,-5.69,-5.45,-6.16
2016-11-28,601519,8.42,8.35,8.48,8.31,225043,188267923.0,2.01,-1.07,-0.09,1.13,6.38,3.13,6.38,4.33,4.69,3.25,3.61,3.97,3.37,1.93,8.47,8.52,8.51,8.55,0.12,3.71,0.36,0.48,-2.4,-4.31,-4.67,-4.43,-5.15,-5.75
2016-11-29,601519,8.32,8.28,8.36,8.23,193319,160117700.0,1.56,-0.84,-0.07,0.97,4.13,7.41,5.35,5.71,4.25,4.62,4.98,4.37,2.92,3.04,8.41,8.49,8.5,8.54,4.59,1.21,1.33,-1.57,-3.5,-3.86,-3.62,-4.35,-4.95,-7.73
2016-11-30,601519,8.28,8.4,8.66,8.23,355185,300536480.0,5.19,1.45,0.12,1.79,7.41,5.35,5.71,4.25,4.62,4.98,4.37,2.92,3.04,1.58,8.39,8.46,8.49,8.53,-0.24,-0.12,-2.98,-4.88,-5.24,-5.0,-5.71,-6.31,-9.05,-9.05
2016-12-01,601519,8.35,8.35,8.38,8.27,162430,135266479.0,1.31,-0.6,-0.05,0.82,4.84,5.2,3.75,4.11,4.47,3.87,2.42,2.54,1.09,4.72,8.36,8.43,8.48,8.52,0.48,-2.4,-4.31,-4.67,-4.43,-5.15,-5.75,-8.5,-8.5,-7.9
2016-12-02,601519,8.35,8.22,8.39,8.22,143008,118612615.0,2.04,-1.56,-0.13,0.72,5.84,4.38,4.74,5.11,4.5,3.04,3.16,1.7,5.35,1.95,8.32,8.41,8.46,8.5,-0.85,-2.8,-3.16,-2.92,-3.65,-4.26,-7.06,-7.06,-6.45,-4.5
2016-12-05,601519,8.0,7.93,8.15,7.83,238895,190761490.0,3.89,-3.53,-0.29,1.2,9.58,9.96,10.34,9.71,8.17,8.3,6.77,10.6,7.02,7.15,8.24,8.35,8.44,8.47,0.76,0.38,0.63,-0.13,-0.76,-3.66,-3.66,-3.03,-1.01,-2.9
2016-12-06,601519,7.93,7.88,7.99,7.85,127480,100810866.0,1.77,-0.63,-0.05,0.64,9.68,10.06,9.43,7.9,8.03,6.5,10.32,6.75,6.88,3.82,8.16,8.28,8.41,8.44,1.02,1.27,0.51,-0.13,-3.05,-3.05,-2.41,-0.38,-2.28,-2.28
2016-12-07,601519,7.91,7.94,7.96,7.86,80228,63526853.0,1.27,0.76,0.06,0.4,9.92,9.29,7.76,7.89,6.36,10.18,6.62,6.74,3.69,1.65,8.06,8.22,8.39,8.42,0.5,-0.25,-0.88,-3.78,-3.78,-3.15,-1.13,-3.02,-3.02,-1.89
2016-12-08,601519,7.94,7.88,7.98,7.86,86927,68850593.0,1.51,-0.76,-0.06,0.44,9.29,7.76,7.89,6.36,10.18,6.62,6.74,3.69,1.65,1.27,7.97,8.17,8.36,8.4,0.51,-0.13,-3.05,-3.05,-2.41,-0.38,-2.28,-2.28,-1.14,-1.9
2016-12-09,601519,7.87,7.89,7.92,7.86,67917,53580768.0,0.76,0.13,0.01,0.34,7.76,7.89,6.36,10.18,6.62,6.74,3.69,1.65,1.27,1.53,7.9,8.11,8.33,8.37,-0.25,-3.17,-3.17,-2.53,-0.51,-2.41,-2.41,-1.27,-2.03,-1.9
2016-12-12,601519,7.87,7.54,7.87,7.51,172308,132130229.0,4.56,-4.44,-0.35,0.87,12.92,11.32,15.31,11.58,11.72,8.52,6.39,5.99,6.26,5.46,7.83,8.03,8.27,8.35,1.33,1.33,1.99,4.11,2.12,2.12,3.32,2.52,2.65,1.19
2016-12-13,601519,7.52,7.61,7.64,7.47,90501,68564668.0,2.25,0.93,0.07,0.46,11.91,15.93,12.18,12.32,9.1,6.96,6.56,6.83,6.02,5.35,7.77,7.96,8.23,8.32,0.39,1.05,3.15,1.18,1.18,2.37,1.58,1.71,0.26,1.05
2016-12-14,601519,7.62,7.55,7.64,7.5,79265,59982425.0,1.84,-0.79,-0.06,0.4,15.47,11.73,11.87,8.67,6.53,6.13,6.4,5.6,4.93,1.87,7.69,7.88,8.17,8.29,1.85,3.97,1.99,1.99,3.18,2.38,2.52,1.06,1.85,5.43
2016-12-15,601519,7.6,7.61,7.69,7.53,96836,73532371.0,2.12,0.79,0.06,0.49,11.29,11.42,8.23,6.11,5.71,5.98,5.18,4.52,1.46,1.46,7.64,7.8,8.12,8.25,3.15,1.18,1.18,2.37,1.58,1.71,0.26,1.05,4.6,2.1
2016-12-16,601519,7.62,7.73,7.85,7.56,137417,106506475.0,3.81,1.58,0.12,0.69,10.98,7.8,5.69,5.29,5.56,4.76,4.1,1.06,1.06,1.72,7.61,7.76,8.08,8.23,-0.39,-0.39,0.78,0.0,0.13,-1.29,-0.52,2.98,0.52,-1.03
2016-12-19,601519,7.62,7.69,7.7,7.62,60589,46451747.0,1.03,-0.52,-0.04,0.3,6.96,4.86,4.46,4.72,3.94,3.28,0.26,0.26,0.92,3.02,7.64,7.73,8.04,8.2,0.13,1.3,0.52,0.65,-0.78,0.0,3.51,1.04,-0.52,-0.26
2016-12-20,601519,7.7,7.68,7.7,7.61,56210,43019343.0,1.17,-0.13,-0.01,0.28,4.99,4.6,4.86,4.07,3.42,0.39,0.39,1.05,3.15,1.18,7.65,7.71,8.0,8.18,1.43,0.65,0.78,-0.65,0.13,3.65,1.17,-0.39,-0.13,0.65
2016-12-21,601519,7.68,7.73,7.79,7.68,72124,55738872.0,1.43,0.65,0.05,0.36,3.65,3.91,3.12,2.47,-0.52,-0.52,0.13,2.21,0.26,0.26,7.69,7.69,7.96,8.16,0.0,0.13,-1.29,-0.52,2.98,0.52,-1.03,-0.78,0.0,0.26
2016-12-22,601519,7.73,7.72,7.73,7.65,57054,43880158.0,1.03,-0.13,-0.01,0.29,4.31,3.53,2.88,-0.13,-0.13,0.52,2.61,0.65,0.65,1.83,7.71,7.67,7.92,8.13,0.26,-1.17,-0.39,3.11,0.65,-0.91,-0.65,0.13,0.39,-0.91
2016-12-23,601519,7.72,7.6,7.74,7.58,62748,47974960.0,2.07,-1.55,-0.12,0.32,4.49,3.83,0.79,0.79,1.45,3.56,1.58,1.58,2.77,1.98,7.68,7.65,7.88,8.1,0.39,1.18,4.74,2.24,0.66,0.92,1.71,1.97,0.66,0.39
2016-12-26,601519,7.59,7.63,7.63,7.48,62097,46866717.0,1.97,0.39,0.03,0.31,5.21,2.14,2.14,2.81,4.95,2.94,2.94,4.14,3.34,3.48,7.67,7.65,7.84,8.07,0.79,4.33,1.83,0.26,0.52,1.31,1.57,0.26,0.0,-0.26
2016-12-27,601519,7.63,7.66,7.69,7.6,43788,33451199.0,1.18,0.39,0.03,0.22,0.53,0.53,1.18,3.29,1.32,1.32,2.5,1.71,1.84,0.39,7.67,7.66,7.81,8.04,3.92,1.44,-0.13,0.13,0.91,1.17,-0.13,-0.39,-0.65,-1.17
2016-12-28,601519,7.63,7.75,7.96,7.61,154616,120211032.0,4.57,1.17,0.09,0.78,0.39,1.05,3.15,1.18,1.18,2.37,1.58,1.71,0.26,1.05,7.67,7.68,7.78,8.01,0.26,-1.29,-1.03,-0.26,0.0,-1.29,-1.55,-1.81,-2.32,-4.0
2016-12-29,601519,7.77,7.61,7.77,7.6,86390,66340620.0,2.19,-1.81,-0.14,0.43,1.18,3.29,1.32,1.32,2.5,1.71,1.84,0.39,1.18,4.74,7.65,7.68,7.74,7.97,0.53,0.79,1.58,1.84,0.53,0.26,0.0,-0.53,-2.23,-4.99
2016-12-30,601519,7.58,7.58,7.65,7.56,54914,41708943.0,1.18,-0.39,-0.03,0.28,3.84,1.85,1.85,3.04,2.25,2.38,0.93,1.72,5.29,2.78,7.65,7.66,7.71,7.94,1.19,1.98,2.24,0.92,0.66,0.4,-0.13,-1.85,-4.62,-7.12
2017-01-03,601519,7.6,7.65,7.67,7.56,58717,44787908.0,1.45,0.92,0.07,0.3,1.85,1.85,3.04,2.25,2.38,0.93,1.72,5.29,2.78,1.19,7.65,7.66,7.7,7.92,1.05,1.31,0.0,-0.26,-0.52,-1.05,-2.75,-5.49,-7.97,-9.54
2017-01-04,601519,7.65,7.7,7.73,7.59,112298,86217626.0,1.83,0.65,0.05,0.56,1.45,2.64,1.84,1.98,0.53,1.32,4.87,2.37,0.79,1.05,7.66,7.66,7.69,7.89,0.65,-0.65,-0.91,-1.17,-1.69,-3.38,-6.1,-8.57,-10.13,-11.04
2017-01-05,601519,7.7,7.62,7.75,7.6,139928,107109552.0,1.95,-1.04,-0.08,0.7,2.5,1.71,1.84,0.39,1.18,4.74,2.24,0.66,0.92,1.71,7.63,7.65,7.67,7.86,0.39,0.13,-0.13,-0.66,-2.36,-5.12,-7.61,-9.19,-10.1,-7.74
2017-01-06,601519,7.65,7.55,7.65,7.52,96425,72909033.0,1.71,-0.92,-0.07,0.49,2.79,2.93,1.46,2.26,5.85,3.32,1.73,1.99,2.79,3.06,7.62,7.63,7.65,7.83,1.06,0.79,0.26,-1.46,-4.24,-6.75,-8.34,-9.27,-6.89,-6.62
2017-01-09,601519,7.51,7.61,7.63,7.51,81025,61380338.0,1.59,0.79,0.06,0.41,3.06,1.6,2.4,5.99,3.46,1.86,2.13,2.93,3.2,1.86,7.63,7.64,7.64,7.8,0.0,-0.53,-2.23,-4.99,-7.49,-9.07,-9.99,-7.62,-7.36,-8.28
2017-01-10,601519,7.58,7.56,7.61,7.52,74498,56281668.0,1.18,-0.66,-0.05,0.37,1.46,2.26,5.85,3.32,1.73,1.99,2.79,3.06,1.73,1.46,7.61,7.63,7.64,7.77,0.13,-1.59,-4.37,-6.88,-8.47,-9.39,-7.01,-6.75,-7.67,-8.33
2017-01-11,601519,7.56,7.4,7.57,7.38,116291,86698291.0,2.51,-2.12,-0.16,0.59,4.2,7.86,5.28,3.66,3.93,4.74,5.01,3.66,3.39,3.12,7.55,7.6,7.63,7.74,0.54,-2.3,-4.86,-6.49,-7.43,-5.0,-4.73,-5.68,-6.35,-10.27
2017-01-12,601519,7.4,7.23,7.44,7.21,124690,90921613.0,3.11,-2.3,-0.17,0.63,10.4,7.77,6.1,6.38,7.21,7.49,6.1,5.83,5.55,4.99,7.47,7.55,7.62,7.7,0.0,-2.63,-4.29,-5.26,-2.77,-2.49,-3.46,-4.15,-8.16,-13.55
2017-01-13,601519,7.21,7.09,7.23,7.05,107356,76355319.0,2.49,-1.94,-0.14,0.54,10.21,8.51,8.79,9.65,9.93,8.51,8.23,7.94,7.38,5.53,7.38,7.5,7.59,7.66,-0.71,-2.4,-3.39,-0.85,-0.56,-1.55,-2.26,-6.35,-11.85,-11.85
2017-01-16,601519,7.04,6.7,7.04,6.45,157800,106673909.0,8.32,-5.5,-0.39,0.79,18.6,18.91,19.84,20.16,18.6,18.29,17.98,17.36,15.35,12.09,7.2,7.41,7.54,7.61,3.28,2.24,4.93,5.22,4.18,3.43,-0.9,-6.72,-6.72,-6.57
2017-01-17,601519,6.65,6.82,6.92,6.56,92224,62249319.0,5.37,1.79,0.12,0.46,16.92,17.84,18.14,16.62,16.31,16.01,15.4,13.41,10.21,7.32,7.05,7.33,7.49,7.57,0.44,3.08,3.37,2.35,1.61,-2.64,-8.36,-8.36,-8.21,-7.48
2017-01-18,601519,6.75,6.75,6.85,6.72,82432,55878342.0,1.91,-1.03,-0.07,0.41,15.03,15.33,13.84,13.54,13.24,12.65,10.71,7.59,4.76,2.98,6.92,7.23,7.45,7.54,4.15,4.44,3.41,2.67,-1.63,-7.41,-7.41,-7.26,-6.52,-5.93
2017-01-19,601519,6.72,6.92,7.03,6.64,174087,120326131.0,5.78,2.52,0.17,0.88,16.72,15.21,14.91,14.61,14.01,12.05,8.89,6.02,4.22,3.16,6.86,7.16,7.41,7.5,1.88,0.87,0.14,-4.05,-9.68,-9.68,-9.54,-8.82,-8.24,-7.23
2017-01-20,601519,6.88,6.98,7.05,6.88,84865,59373380.0,2.46,0.87,0.06,0.43,11.19,10.9,10.61,10.03,8.14,5.09,2.33,0.58,-0.44,2.18,6.83,7.11,7.37,7.47,0.0,-0.72,-4.87,-10.46,-10.46,-10.32,-9.6,-9.03,-8.02,-8.45
2017-01-23,601519,6.89,6.94,6.98,6.88,79305,54899376.0,1.43,-0.57,-0.04,0.4,10.9,10.61,10.03,8.14,5.09,2.33,0.58,-0.44,2.18,2.47,6.88,7.04,7.34,7.44,-0.14,-4.32,-9.94,-9.94,-9.8,-9.08,-8.5,-7.49,-7.93,0.86
2017-01-24,601519,6.93,6.86,6.93,6.85,46939,32306788.0,1.15,-1.15,-0.08,0.24,11.09,10.51,8.61,5.55,2.77,1.02,0.0,2.63,2.92,1.9,6.89,6.97,7.3,7.42,-3.21,-8.89,-8.89,-8.75,-8.02,-7.43,-6.41,-6.85,2.04,3.5
2017-01-25,601519,6.64,6.24,6.64,6.17,458784,288769888.0,6.85,-9.04,-0.62,2.31,22.69,20.58,17.18,14.1,12.16,11.02,13.94,14.26,13.13,12.32,6.79,6.85,7.23,7.37,0.16,0.16,0.32,1.12,1.76,2.88,2.4,12.18,13.78,17.79
2017-01-26,601519,6.18,6.24,6.25,6.13,162755,100888527.0,1.92,0.0,0.0,0.82,21.37,17.94,14.85,12.89,11.75,14.68,15.01,13.87,13.05,8.32,6.65,6.75,7.15,7.33,0.16,0.32,1.12,1.76,2.88,2.4,12.18,13.78,17.79,13.62
2017-02-03,601519,6.24,6.19,6.25,6.15,101369,62659622.0,1.6,-0.8,-0.05,0.51,17.56,14.47,12.52,11.38,14.31,14.63,13.5,12.68,7.97,1.63,6.49,6.66,7.08,7.28,1.13,1.94,2.58,3.72,3.23,13.09,14.7,18.74,14.54,14.38
2017-02-06,601519,6.19,6.26,6.26,6.19,101944,63598794.0,1.13,1.13,0.07,0.51,13.73,11.79,10.66,13.57,13.89,12.76,11.95,7.27,0.97,0.97,6.36,6.62,7.02,7.23,0.8,1.44,2.56,2.08,11.82,13.42,17.41,13.26,13.1,10.38
2017-02-07,601519,6.26,6.3,6.31,6.24,111078,69754184.0,1.12,0.64,0.04,0.56,10.9,9.78,12.66,12.98,11.86,11.06,6.41,0.16,0.16,0.32,6.25,6.57,6.95,7.19,0.79,1.9,1.43,11.11,12.7,16.67,12.54,12.38,9.68,11.75
2017-02-08,601519,6.3,6.34,6.35,6.21,128699,81074099.0,2.22,0.63,0.04,0.65,10.31,13.2,13.53,12.4,11.59,6.92,0.64,0.64,0.81,1.61,6.27,6.53,6.88,7.14,1.26,0.79,10.41,11.99,15.93,11.83,11.67,8.99,11.04,10.25
2017-02-09,601519,6.25,6.36,6.42,6.22,159501,101396889.0,3.15,0.32,0.02,0.8,13.02,13.34,12.22,11.41,6.75,0.48,0.48,0.64,1.45,2.09,6.29,6.47,6.82,7.1,0.47,10.06,11.64,15.57,11.48,11.32,8.65,10.69,9.91,8.96
2017-02-10,601519,6.37,6.36,6.39,6.29,144854,91718673.0,1.57,0.0,0.0,0.73,12.08,10.97,10.17,5.56,-0.64,-0.64,-0.48,0.32,0.95,2.07,6.32,6.41,6.76,7.05,10.06,11.64,15.57,11.48,11.32,8.65,10.69,9.91,8.96,8.96
2017-02-13,601519,6.33,7.0,7.0,6.31,281936,192186429.0,10.85,10.06,0.64,1.42,10.62,9.83,5.23,-0.95,-0.95,-0.79,0.0,0.63,1.74,1.27,6.47,6.41,6.73,7.03,1.43,5.0,1.29,1.14,-1.29,0.57,-0.14,-1.0,-1.0,-2.86
2017-02-14,601519,7.1,6.89,7.1,6.78,431851,298118128.0,4.57,-1.57,-0.11,2.17,2.21,-2.06,-7.82,-7.82,-7.67,-6.93,-6.34,-5.31,-5.75,3.24,6.59,6.42,6.69,7.01,6.68,2.9,2.76,0.29,2.18,1.45,0.58,0.58,-1.31,-2.03
2017-02-15,601519,6.89,7.09,7.35,6.81,615234,440496912.0,7.84,2.9,0.2,3.1,-2.5,-8.22,-8.22,-8.08,-7.34,-6.75,-5.73,-6.17,2.79,4.26,6.74,6.5,6.68,6.99,0.0,-0.14,-2.54,-0.71,-1.41,-2.26,-2.26,-4.09,-4.8,-3.81
2017-02-16,601519,6.93,6.91,7.09,6.81,523041,361390928.0,3.95,-2.54,-0.18,2.63,-8.22,-8.22,-8.08,-7.34,-6.75,-5.73,-6.17,2.79,4.26,7.93,6.85,6.57,6.66,6.96,2.46,0.0,1.88,1.16,0.29,0.29,-1.59,-2.32,-1.3,-1.88
2017-02-17,601519,6.85,6.88,7.08,6.82,361547,251304199.0,3.76,-0.43,-0.03,1.82,-8.36,-8.21,-7.48,-6.89,-5.87,-6.3,2.64,4.11,7.77,3.96,6.95,6.64,6.65,6.93,0.44,2.33,1.6,0.73,0.73,-1.16,-1.89,-0.87,-1.45,-2.62
2017-02-20,601519,6.84,6.87,6.91,6.7,244287,165862064.0,3.05,-0.15,-0.01,1.23,-6.57,-5.82,-5.22,-4.18,-4.63,4.48,5.97,9.7,5.82,5.67,6.93,6.7,6.66,6.91,2.47,1.75,0.87,0.87,-1.02,-1.75,-0.73,-1.31,-2.47,-2.62
2017-02-21,601519,6.86,6.92,7.04,6.83,278689,193240887.0,3.06,0.73,0.05,1.4,-7.61,-7.03,-6.0,-6.44,2.49,3.95,7.61,3.81,3.66,1.17,6.93,6.76,6.66,6.89,1.01,0.14,0.14,-1.73,-2.46,-1.45,-2.02,-3.18,-3.32,-2.6
2017-02-22,601519,6.92,6.91,6.99,6.85,187930,130010403.0,2.02,-0.14,-0.01,0.95,-7.3,-6.28,-6.72,2.19,3.65,7.3,3.5,3.36,0.88,2.77,6.9,6.82,6.67,6.86,0.29,0.29,-1.59,-2.32,-1.3,-1.88,-3.04,-3.18,-2.46,-2.6
2017-02-23,601519,6.9,6.84,6.93,6.74,210102,143326068.0,2.75,-1.01,-0.07,1.06,-4.75,-5.19,3.86,5.34,9.05,5.19,5.04,2.52,4.45,3.71,6.88,6.87,6.67,6.83,1.32,-0.58,-1.32,-0.29,-0.88,-2.05,-2.19,-1.46,-1.61,-2.34
2017-02-24,601519,6.81,6.82,6.93,6.72,148598,101338235.0,3.07,-0.29,-0.02,0.75,-4.91,4.17,5.65,9.38,5.51,5.36,2.83,4.76,4.02,3.12,6.87,6.91,6.66,6.81,-0.29,-1.03,0.0,-0.59,-1.76,-1.91,-1.17,-1.32,-2.05,-3.67
2017-02-27,601519,6.77,6.71,6.8,6.7,140869,94945538.0,1.47,-1.61,-0.11,0.71,4.48,5.97,9.7,5.82,5.67,3.13,5.07,4.33,3.43,3.43,6.84,6.88,6.65,6.78,0.6,1.64,1.04,-0.15,-0.3,0.45,0.3,-0.45,-2.09,-3.28
2017-02-28,601519,6.71,6.72,6.75,6.67,105484,70746802.0,1.19,0.15,0.01,0.53,6.45,10.19,6.3,6.15,3.6,5.55,4.8,3.9,3.9,1.95,6.8,6.87,6.64,6.75,1.49,0.89,-0.3,-0.45,0.3,0.15,-0.6,-2.23,-3.42,-3.72
2017-03-01,601519,6.73,6.76,6.82,6.71,142083,96109046.0,1.64,0.6,0.04,0.71,9.54,5.66,5.51,2.98,4.92,4.17,3.28,3.28,1.34,0.6,6.77,6.83,6.67,6.73,0.3,-0.89,-1.04,-0.3,-0.44,-1.18,-2.81,-3.99,-4.29,-4.59
2017-03-02,601519,6.76,6.69,6.78,6.68,104484,70268141.0,1.48,-1.04,-0.07,0.53,6.14,5.99,3.44,5.39,4.64,3.74,3.74,1.8,1.05,2.1,6.74,6.81,6.69,6.71,0.15,0.0,0.75,0.6,-0.15,-1.79,-2.99,-3.29,-3.59,-2.39
2017-03-03,601519,6.67,6.61,6.7,6.49,123057,80954914.0,3.14,-1.2,-0.08,0.62,9.09,6.47,8.47,7.7,6.78,6.78,4.78,4.01,5.08,4.47,6.7,6.78,6.71,6.7,1.21,1.97,1.82,1.06,-0.61,-1.82,-2.12,-2.42,-1.21,7.87
2017-03-06,601519,6.61,6.69,6.69,6.57,101213,67263337.0,1.82,1.21,0.08,0.51,5.18,7.15,6.39,5.48,5.48,3.5,2.74,3.81,3.2,1.98,6.69,6.77,6.73,6.7,0.75,0.6,-0.15,-1.79,-2.99,-3.29,-3.59,-2.39,6.58,-0.45
2017-03-07,601519,6.69,6.72,6.74,6.66,105126,70472409.0,1.2,0.45,0.03,0.53,5.71,4.95,4.05,4.05,2.1,1.35,2.4,1.8,0.6,0.45,6.69,6.75,6.75,6.69,0.15,-0.6,-2.23,-3.42,-3.72,-4.02,-2.83,6.1,-0.89,-1.49
2017-03-08,601519,6.72,6.68,6.73,6.64,79990,53315946.0,1.34,-0.6,-0.04,0.4,5.27,4.37,4.37,2.41,1.66,2.71,2.11,0.9,0.75,1.51,6.68,6.72,6.77,6.69,0.0,-1.65,-2.84,-3.14,-3.44,-2.25,6.74,-0.3,-0.9,-2.54
2017-03-09,601519,6.68,6.54,6.68,6.51,125297,82251593.0,2.54,-2.1,-0.14,0.63,6.45,6.45,4.45,3.69,4.76,4.15,2.92,2.76,3.53,3.38,6.65,6.69,6.78,6.68,0.46,-0.76,-1.07,-1.38,-0.15,9.02,1.83,1.22,-0.46,-0.31
2017-03-10,601519,6.53,6.52,6.57,6.51,63782,41687624.0,0.92,-0.31,-0.02,0.32,6.45,4.45,3.69,4.76,4.15,2.92,2.76,3.53,3.38,2.61,6.63,6.66,6.79,6.66,-0.46,-0.77,-1.07,0.15,9.36,2.15,1.53,-0.15,0.0,-0.77
2017-03-13,601519,6.49,6.46,6.49,6.34,133634,85669984.0,2.3,-0.92,-0.06,0.67,7.26,6.47,7.57,6.94,5.68,5.52,6.31,6.15,5.36,3.63,6.58,6.64,6.76,6.65,0.15,-0.15,1.08,10.37,3.1,2.48,0.77,0.93,0.15,0.15
2017-03-14,601519,6.44,6.46,6.47,6.4,103722,66706789.0,1.08,0.0,0.0,0.52,5.47,6.56,5.94,4.69,4.53,5.31,5.16,4.37,2.66,1.41,6.53,6.61,6.74,6.63,-0.15,1.08,10.37,3.1,2.48,0.77,0.93,0.15,0.15,0.31
2017-03-15,601519,6.45,6.41,6.45,6.38,77120,49458728.0,1.08,-0.77,-0.05,0.39,6.9,6.27,5.02,4.86,5.64,5.49,4.7,2.98,1.72,1.41,6.48,6.58,6.71,6.64,1.87,11.23,3.9,3.28,1.56,1.72,0.94,0.94,1.09,0.47
2017-03-16,601519,6.4,6.51,6.53,6.39,124367,80613675.0,2.18,1.56,0.1,0.63,6.1,4.85,4.69,5.48,5.32,4.54,2.82,1.56,1.25,0.94,6.47,6.56,6.69,6.65,9.52,2.3,1.69,0.0,0.15,-0.61,-0.61,-0.46,-1.08,-2.15
2017-03-17,601519,6.5,6.65,7.13,6.47,405030,274478320.0,10.14,2.15,0.14,2.04,3.55,3.4,4.17,4.02,3.25,1.55,0.31,0.0,-0.31,0.93,6.5,6.56,6.67,6.66,0.15,-0.45,-2.11,-1.95,-2.71,-2.71,-2.56,-3.16,-4.21,-6.17
2017-03-20,601519,6.59,6.61,6.66,6.51,176071,115685669.0,2.26,-0.6,-0.04,0.89,2.76,3.53,3.38,2.61,0.92,-0.31,-0.61,-0.92,0.31,9.52,6.53,6.56,6.66,6.67,0.15,-1.51,-1.36,-2.12,-2.12,-1.97,-2.57,-3.63,-5.6,-4.69
2017-03-21,601519,6.59,6.55,6.62,6.52,117328,76819892.0,1.51,-0.91,-0.06,0.59,3.37,3.22,2.45,0.77,-0.46,-0.77,-1.07,0.15,9.36,2.15,6.55,6.54,6.64,6.68,-0.61,-0.46,-1.22,-1.22,-1.07,-1.68,-2.75,-4.73,-3.82,-3.05
2017-03-22,601519,6.5,6.44,6.51,6.4,122828,79174357.0,1.68,-1.68,-0.11,0.62,5.16,4.37,2.66,1.41,1.09,0.78,2.03,11.41,4.06,3.44,6.55,6.51,6.62,6.69,1.24,0.47,0.47,0.62,0.0,-1.09,-3.11,-2.17,-1.4,-1.86
2017-03-23,601519,6.45,6.41,6.52,6.34,112318,72255549.0,2.8,-0.47,-0.03,0.57,5.36,3.63,2.37,2.05,1.74,3.0,12.46,5.05,4.42,2.68,6.53,6.5,6.6,6.69,0.94,0.94,1.09,0.47,-0.62,-2.65,-1.72,-0.94,-1.4,-2.18
2017-03-24,601519,6.38,6.45,6.47,6.37,87984,56517990.0,1.56,0.62,0.04,0.44,3.14,1.88,1.57,1.26,2.51,11.93,4.55,3.92,2.2,2.35,6.49,6.49,6.58,6.69,0.31,0.47,-0.16,-1.24,-3.26,-2.33,-1.55,-2.02,-2.79,-3.41
2017-03-27,601519,6.44,6.39,6.47,6.39,88632,56903607.0,1.24,-0.93,-0.06,0.45,1.56,1.25,0.94,2.19,11.58,4.23,3.6,1.88,2.03,1.25,6.45,6.49,6.56,6.67,1.41,0.78,-0.31,-2.35,-1.41,-0.63,-1.1,-1.88,-2.5,-2.35
2017-03-28,601519,6.41,6.41,6.48,6.4,73743,47435561.0,1.25,0.31,0.02,0.37,1.09,0.78,2.03,11.41,4.06,3.44,1.72,1.87,1.09,1.09,6.42,6.48,6.55,6.65,0.47,-0.62,-2.65,-1.72,-0.94,-1.4,-2.18,-2.81,-2.65,-3.12
2017-03-29,601519,6.42,6.38,6.44,6.31,101437,64646474.0,2.03,-0.47,-0.03,0.51,2.22,3.49,13.0,5.55,4.91,3.17,3.33,2.54,2.54,2.69,6.41,6.48,6.53,6.63,-0.16,-2.19,-1.25,-0.47,-0.94,-1.72,-2.35,-2.19,-2.66,-2.35
2017-03-30,601519,6.32,6.19,6.37,6.18,158174,98571258.0,2.98,-2.98,-0.19,0.8,5.66,15.37,7.77,7.12,5.34,5.5,4.69,4.69,4.85,4.21,6.36,6.45,6.5,6.61,0.81,1.78,2.58,2.1,1.29,0.65,0.81,0.32,0.65,-0.48
2017-03-31,601519,6.19,6.21,6.24,6.16,83160,51560763.0,1.29,0.32,0.02,0.42,15.75,8.12,7.47,5.68,5.84,5.03,5.03,5.19,4.55,3.41,6.32,6.4,6.48,6.58,1.45,2.25,1.77,0.97,0.32,0.48,0.0,0.32,-0.81,-2.9
2017-04-05,601519,6.2,6.29,6.3,6.17,102221,63999154.0,2.09,1.29,0.08,0.51,7.94,7.29,5.51,5.67,4.86,4.86,5.02,4.38,3.24,1.13,6.3,6.37,6.46,6.56,0.95,0.48,-0.32,-0.95,-0.79,-1.27,-0.95,-2.07,-4.13,-7.79
2017-04-06,601519,6.29,6.3,6.35,6.26,93158,58744520.0,1.43,0.16,0.01,0.47,5.75,3.99,4.15,3.35,3.35,3.51,2.88,1.76,-0.32,0.64,6.27,6.35,6.44,6.54,0.32,-0.48,-1.11,-0.95,-1.43,-1.11,-2.22,-4.29,-7.94,-3.17
2017-04-07,601519,6.29,6.29,6.32,6.26,77438,48728012.0,0.95,-0.16,-0.01,0.39,3.99,4.15,3.35,3.35,3.51,2.88,1.76,-0.32,0.64,1.44,6.26,6.33,6.42,6.52,-0.32,-0.95,-0.79,-1.27,-0.95,-2.07,-4.13,-7.79,-3.02,-8.11
2017-04-10,601519,6.26,6.18,6.27,6.16,129459,80177778.0,1.75,-1.75,-0.11,0.65,5.84,5.03,5.03,5.19,4.55,3.41,1.3,2.27,3.08,2.6,6.25,6.31,6.41,6.5,0.81,0.97,0.49,0.81,-0.32,-2.43,-6.15,-1.29,-6.47,-10.03
2017-04-11,601519,6.16,6.22,6.23,6.12,110912,68406647.0,1.78,0.65,0.04,0.56,5.72,5.72,5.88,5.23,4.08,1.96,2.94,3.76,3.27,2.45,6.26,6.29,6.39,6.48,0.32,-0.16,0.16,-0.96,-3.05,-6.75,-1.93,-7.07,-10.61,-13.99
2017-04-12,601519,6.19,6.17,6.24,6.13,92711,57355654.0,1.77,-0.8,-0.05,0.47,5.55,5.71,5.06,3.92,1.79,2.77,3.59,3.1,2.28,1.63,6.23,6.26,6.38,6.46,0.65,0.97,-0.16,-2.27,-6.0,-1.13,-6.32,-9.89,-13.29,-14.91
2017-04-13,601519,6.18,6.19,6.21,6.14,84992,52524724.0,1.13,0.32,0.02,0.43,5.54,4.89,3.75,1.63,2.61,3.42,2.93,2.12,1.47,1.63,6.21,6.24,6.36,6.45,0.65,-0.48,-2.58,-6.3,-1.45,-6.62,-10.18,-13.57,-15.19,-20.84
2017-04-14,601519,6.18,6.18,6.23,6.13,98003,60609280.0,1.62,-0.16,-0.01,0.49,5.06,3.92,1.79,2.77,3.59,3.1,2.28,1.63,1.79,1.31,6.19,6.22,6.35,6.43,-0.32,-2.43,-6.15,-1.29,-6.47,-10.03,-13.43,-15.05,-20.71,-25.4
2017-04-17,601519,6.16,5.99,6.16,5.94,152680,91905212.0,3.56,-3.07,-0.19,0.77,7.24,5.05,6.06,6.9,6.4,5.56,4.88,5.05,4.55,4.88,6.15,6.2,6.33,6.4,0.67,-3.17,1.84,-3.51,-7.18,-10.68,-12.35,-18.2,-23.04,-25.88
2017-04-18,601519,5.99,5.83,6.03,5.81,98280,58453489.0,3.67,-2.67,-0.16,0.49,7.4,8.43,9.29,8.78,7.92,7.23,7.4,6.88,7.23,6.02,6.07,6.16,6.28,6.38,-0.51,4.63,-0.86,-4.63,-8.23,-9.95,-15.95,-20.93,-23.84,-26.59
2017-04-19,601519,5.8,5.66,5.8,5.61,133365,75438350.0,3.26,-2.92,-0.17,0.67,12.3,13.19,12.66,11.76,11.05,11.23,10.7,11.05,9.8,7.49,5.97,6.1,6.24,6.34,7.77,2.12,-1.77,-5.48,-7.24,-13.43,-18.55,-21.55,-24.38,-25.8
2017-04-20,601519,5.68,5.79,6.1,5.65,168963,98481328.0,7.95,2.3,0.13,0.85,12.39,11.86,10.97,10.27,10.44,9.91,10.27,9.03,6.73,2.65,5.89,6.05,6.2,6.31,-0.17,-3.97,-7.6,-9.33,-15.37,-20.38,-23.32,-26.08,-27.46,-30.05
2017-04-21,601519,5.7,5.67,5.78,5.65,102596,58493300.0,2.25,-2.07,-0.12,0.52,11.86,10.97,10.27,10.44,9.91,10.27,9.03,6.73,2.65,7.96,5.79,5.99,6.16,6.28,-1.94,-5.64,-7.41,-13.58,-18.69,-21.69,-24.51,-25.93,-28.57,-28.75
2017-04-24,601519,5.56,5.28,5.56,5.26,181824,97594139.0,5.29,-6.88,-0.39,0.91,19.2,18.44,18.63,18.06,18.44,17.11,14.64,10.27,15.97,9.89,5.65,5.9,6.1,6.24,1.33,-0.57,-7.2,-12.69,-15.91,-18.94,-20.45,-23.3,-23.48,-23.3
2017-04-25,601519,5.23,5.25,5.35,5.22,100063,52899646.0,2.46,-0.57,-0.03,0.5,19.35,19.54,18.97,19.35,18.01,15.52,11.11,16.86,10.73,6.51,5.53,5.8,6.04,6.19,0.0,-6.67,-12.19,-15.43,-18.48,-20.0,-22.86,-23.05,-22.86,-27.62
2017-04-26,601519,5.24,5.01,5.25,4.92,278371,140685870.0,6.29,-4.57,-0.24,1.4,26.83,26.22,26.63,25.2,22.56,17.89,23.98,17.48,13.01,8.74,5.4,5.68,5.97,6.15,-2.2,-7.98,-11.38,-14.57,-16.17,-19.16,-19.36,-19.16,-24.15,-25.35
2017-04-27,601519,4.88,4.79,4.9,4.56,327621,155475436.0,6.79,-4.39,-0.22,1.65,36.18,36.62,35.09,32.24,27.19,33.77,26.75,21.93,17.32,15.13,5.2,5.54,5.89,6.09,-3.76,-7.31,-10.65,-12.32,-15.45,-15.66,-15.45,-20.67,-21.92,-18.16
2017-05-02,601519,4.55,4.55,4.61,4.55,103673,47193328.0,1.25,-5.01,-0.24,0.52,36.92,35.38,32.53,27.47,34.07,27.03,22.2,17.58,15.38,7.69,4.98,5.38,5.8,6.03,-2.42,-5.93,-7.69,-10.99,-11.21,-10.99,-16.48,-17.8,-13.85,-11.65
2017-05-03,601519,4.32,4.32,4.44,4.32,178586,77222433.0,2.64,-5.05,-0.23,0.9,42.59,39.58,34.26,41.2,33.8,28.7,23.84,21.53,13.43,6.71,4.78,5.21,5.71,5.95,-0.93,-2.78,-6.25,-6.48,-6.25,-12.04,-13.43,-9.26,-6.94,-2.78
2017-05-04,601519,4.23,4.2,4.28,4.13,355992,149728784.0,3.47,-2.78,-0.12,1.79,46.0,40.44,47.7,39.95,34.62,29.54,27.12,18.64,11.62,7.51,4.57,5.05,5.61,5.87,0.0,-3.57,-3.81,-3.57,-9.52,-10.95,-6.67,-4.29,0.0,-3.57
2017-05-05,601519,4.16,4.0,4.2,3.99,298148,121624139.0,5.0,-4.76,-0.2,1.5,45.36,52.88,44.86,39.35,34.09,31.58,22.81,15.54,11.28,7.27,4.37,4.89,5.49,5.79,1.25,1.0,1.25,-5.0,-6.5,-2.0,0.5,5.0,1.25,2.25
2017-05-08,601519,3.93,3.96,4.05,3.93,156365,62361874.0,3.0,-1.0,-0.04,0.79,55.22,47.07,41.48,36.13,33.59,24.68,17.3,12.98,8.91,6.87,4.21,4.7,5.38,5.7,2.02,2.27,-4.04,-5.56,-1.01,1.52,6.06,2.27,3.28,1.52
2017-05-09,601519,3.97,4.01,4.04,3.95,124799,49949818.0,2.27,1.26,0.05,0.63,46.33,40.76,35.44,32.91,24.05,16.71,12.41,8.35,6.33,2.53,4.1,4.54,5.26,5.62,1.0,-5.24,-6.73,-2.24,0.25,4.74,1.0,2.0,0.25,-3.24
2017-05-10,601519,4.0,3.83,4.05,3.81,132114,52422511.0,5.99,-4.49,-0.18,0.66,45.93,40.42,37.8,28.61,21.0,16.54,12.34,10.24,6.3,6.04,4.0,4.39,5.15,5.53,-0.78,-2.35,2.35,4.96,9.66,5.74,6.79,4.96,1.31,-1.31
2017-05-11,601519,3.79,3.69,3.8,3.64,232666,85948541.0,4.18,-3.66,-0.14,1.17,46.98,44.23,34.62,26.65,21.98,17.58,15.38,11.26,10.99,11.26,3.9,4.24,5.02,5.44,1.36,6.23,8.94,13.82,9.76,10.84,8.94,5.15,2.44,4.88
2017-05-12,601519,3.67,3.73,3.74,3.57,167869,61784647.0,4.61,1.08,0.04,0.84,47.06,37.25,29.13,24.37,19.89,17.65,13.45,13.17,13.45,6.44,3.84,4.11,4.9,5.35,5.09,7.77,12.6,8.58,9.65,7.77,4.02,1.34,3.75,6.7
2017-05-15,601519,3.72,3.92,3.92,3.71,240608,93306737.0,5.63,5.09,0.19,1.21,32.08,24.26,19.68,15.36,13.21,9.16,8.89,9.16,2.43,0.81,3.84,4.02,4.78,5.27,2.55,7.14,3.32,4.34,2.55,-1.02,-3.57,-1.28,1.53,1.53
2017-05-16,601519,3.91,4.0,4.02,3.88,193363,76406107.0,3.57,2.04,0.08,0.97,18.81,14.43,10.31,8.25,4.38,4.12,4.38,-2.06,-3.61,1.03,3.83,3.97,4.67,5.19,5.0,1.25,2.25,0.5,-3.0,-5.5,-3.25,-0.5,-0.5,-3.0
2017-05-17,601519,4.01,4.09,4.2,4.0,205498,84045276.0,5.0,2.25,0.09,1.03,11.0,7.0,5.0,1.25,1.0,1.25,-5.0,-6.5,-2.0,0.5,3.89,3.94,4.58,5.12,-0.98,0.0,-1.71,-5.13,-7.58,-5.38,-2.69,-2.69,-5.13,-5.87
2017-05-18,601519,3.96,4.01,4.05,3.92,118528,47429663.0,3.18,-1.96,-0.08,0.6,9.18,7.14,3.32,3.06,3.32,-3.06,-4.59,0.0,2.55,7.14,3.95,3.92,4.49,5.05,2.0,0.25,-3.24,-5.74,-3.49,-0.75,-0.75,-3.24,-3.99,-2.0
2017-05-19,601519,3.99,4.02,4.09,3.98,82060,33176184.0,2.74,0.25,0.01,0.41,5.53,1.76,1.51,1.76,-4.52,-6.03,-1.51,1.01,5.53,1.76,4.01,3.93,4.41,4.97,0.0,-3.48,-5.97,-3.73,-1.0,-1.0,-3.48,-4.23,-2.24,-0.5
2017-05-22,601519,4.01,3.82,4.02,3.82,126331,49428800.0,4.98,-4.98,-0.2,0.64,6.02,5.76,6.02,-0.52,-2.09,2.62,5.24,9.95,6.02,7.07,3.99,3.91,4.31,4.89,1.57,-1.05,1.31,4.19,4.19,1.57,0.79,2.88,4.71,9.42
2017-05-23,601519,3.8,3.71,3.88,3.66,104620,39483003.0,5.76,-2.88,-0.11,0.53,10.38,10.66,3.83,2.19,7.1,9.84,14.75,10.66,11.75,9.84,3.93,3.88,4.21,4.8,1.89,4.31,7.28,7.28,4.58,3.77,5.93,7.82,12.67,17.25
2017-05-24,601519,3.65,3.76,3.78,3.62,88770,32970024.0,4.31,1.35,0.05,0.45,11.88,4.97,3.31,8.29,11.05,16.02,11.88,12.98,11.05,7.18,3.86,3.87,4.13,4.72,2.93,5.85,5.85,3.19,2.39,4.52,6.38,11.17,15.69,19.15
2017-05-25,601519,3.77,3.83,3.87,3.72,90487,34376115.0,3.99,1.86,0.07,0.46,2.15,0.54,5.38,8.06,12.9,8.87,9.95,8.06,4.3,1.61,3.83,3.89,4.06,4.64,3.92,3.92,1.31,0.52,2.61,4.44,9.14,13.58,16.97,13.58
2017-05-26,601519,3.83,3.87,3.98,3.83,74283,29011639.0,3.92,1.04,0.04,0.37,-2.35,2.35,4.96,9.66,5.74,6.79,4.96,1.31,-1.31,1.04,3.8,3.9,4.01,4.57,2.84,0.26,-0.52,1.55,3.36,8.01,12.4,15.76,12.4,11.37
2017-05-31,601519,3.94,3.86,3.98,3.85,78941,30884162.0,3.36,-0.26,-0.01,0.4,1.82,4.42,9.09,5.19,6.23,4.42,0.78,-1.82,0.52,3.38,3.81,3.9,3.96,4.49,0.52,-0.26,1.81,3.63,8.29,12.69,16.06,12.69,11.66,11.66
2017-06-01,601519,3.85,3.7,3.88,3.7,84669,32077399.0,4.66,-4.15,-0.16,0.43,8.65,13.51,9.46,10.54,8.65,4.86,2.16,4.59,7.57,7.57,3.8,3.87,3.92,4.4,4.05,6.22,8.11,12.97,17.57,21.08,17.57,16.49,16.49,14.05
2017-06-02,601519,3.7,3.83,3.85,3.68,97478,36554704.0,4.59,3.51,0.13,0.49,14.13,10.05,11.14,9.24,5.43,2.72,5.16,8.15,8.15,5.43,3.82,3.84,3.89,4.33,2.61,4.44,9.14,13.58,16.97,13.58,12.53,12.53,10.18,9.66
2017-06-05,601519,3.84,3.92,3.93,3.83,95230,37102115.0,2.61,2.35,0.09,0.48,5.74,6.79,4.96,1.31,-1.31,1.04,3.92,3.92,1.31,0.52,3.84,3.83,3.88,4.27,2.04,6.63,10.97,14.29,10.97,9.95,9.95,7.65,7.14,7.65
2017-06-06,601519,3.91,3.98,4.0,3.84,97528,38431131.0,4.08,1.53,0.06,0.49,6.51,4.69,1.04,-1.56,0.78,3.65,3.65,1.04,0.26,2.34,3.86,3.83,3.88,4.21,5.03,9.3,12.56,9.3,8.29,8.29,6.03,5.53,6.03,5.53
2017-06-07,601519,3.96,4.14,4.18,3.96,171478,70182396.0,5.53,4.02,0.16,0.86,1.52,-2.02,-4.55,-2.27,0.51,0.51,-2.02,-2.78,-0.76,1.01,3.91,3.86,3.89,4.16,5.07,8.21,5.07,4.11,4.11,1.93,1.45,1.93,1.45,0.24
2017-06-12,601519,4.35,4.35,4.35,4.35,24519,10665865.0,0.0,5.07,0.21,0.12,-10.8,-13.1,-11.03,-8.51,-8.51,-10.8,-11.49,-9.66,-8.05,-3.91,4.04,3.92,3.9,4.11,2.99,0.0,-0.92,-0.92,-2.99,-3.45,-2.99,-3.45,-4.6,-4.37
2017-06-13,601519,4.48,4.25,4.48,4.24,305272,132760410.0,5.52,-2.3,-0.1,1.54,-10.85,-8.73,-6.13,-6.13,-8.49,-9.2,-7.31,-5.66,-1.42,2.59,4.13,3.97,3.92,4.08,2.35,1.41,1.41,-0.71,-1.18,-0.71,-1.18,-2.35,-2.12,-0.94
2017-06-14,601519,4.24,4.26,4.35,4.23,122853,52611860.0,2.82,0.24,0.01,0.62,-8.51,-5.91,-5.91,-8.27,-8.98,-7.09,-5.44,-1.18,2.84,5.91,4.2,4.02,3.95,4.05,1.17,1.17,-0.94,-1.41,-0.94,-1.41,-2.58,-2.35,-1.17,-2.82
2017-06-15,601519,4.25,4.28,4.31,4.23,88321,37724358.0,1.88,0.47,0.02,0.44,-5.91,-5.91,-8.27,-8.98,-7.09,-5.44,-1.18,2.84,5.91,2.84,4.26,4.06,3.98,4.02,0.7,-1.4,-1.87,-1.4,-1.87,-3.04,-2.8,-1.64,-3.27,-3.27
2017-06-16,601519,4.29,4.18,4.31,4.17,103864,43794308.0,3.27,-2.34,-0.1,0.52,-4.56,-6.95,-7.67,-5.76,-4.08,0.24,4.32,7.43,4.32,3.36,4.26,4.09,3.99,4.0,0.96,0.48,0.96,0.48,-0.72,-0.48,0.72,-0.96,-0.96,-1.2
2017-06-19,601519,4.15,4.17,4.22,4.11,86533,36103642.0,2.63,-0.24,-0.01,0.44,-5.6,-6.33,-4.38,-2.68,1.7,5.84,9.0,5.84,4.87,4.87,4.23,4.14,4.0,3.99,0.72,1.2,0.72,-0.48,-0.24,0.96,-0.72,-0.72,-0.96,-0.96
2017-06-20,601519,4.18,4.18,4.2,4.14,75659,31576303.0,1.44,0.24,0.01,0.38,-7.0,-5.07,-3.38,0.97,5.07,8.21,5.07,4.11,4.11,1.93,4.21,4.17,4.01,3.98,0.96,0.48,-0.72,-0.48,0.72,-0.96,-0.96,-1.2,-1.2,-1.2
2017-06-21,601519,4.18,4.17,4.22,4.14,73115,30524776.0,1.91,-0.24,-0.01,0.37,-5.07,-3.38,0.97,5.07,8.21,5.07,4.11,4.11,1.93,1.45,4.2,4.2,4.01,3.98,0.72,-0.48,-0.24,0.96,-0.72,-0.72,-0.96,-0.96,-0.96,-1.2
2017-06-22,601519,4.17,4.08,4.2,4.06,93487,38848613.0,3.36,-2.16,-0.09,0.47,-1.48,2.96,7.14,10.34,7.14,6.16,6.16,3.94,3.45,3.94,4.16,4.21,4.02,3.99,1.72,1.96,3.19,1.47,1.47,1.23,1.23,1.23,0.98,0.74
2017-06-23,601519,4.09,4.11,4.15,4.02,91765,37485646.0,3.19,0.74,0.03,0.46,3.98,8.21,11.44,8.21,7.21,7.21,4.98,4.48,4.98,4.48,4.14,4.2,4.03,3.99,1.22,2.43,0.73,0.73,0.49,0.49,0.49,0.24,0.0,-0.49
2017-06-26,601519,4.1,4.14,4.16,4.08,82048,33756866.0,1.95,0.73,0.03,0.41,6.62,9.8,6.62,5.64,5.64,3.43,2.94,3.43,2.94,1.72,4.14,4.18,4.05,4.0,1.69,0.0,0.0,-0.24,-0.24,-0.24,-0.48,-0.72,-1.21,1.21
2017-06-27,601519,4.13,4.14,4.21,4.12,90262,37559654.0,2.17,0.0,0.0,0.45,8.74,5.58,4.61,4.61,2.43,1.94,2.43,1.94,0.73,0.97,4.13,4.17,4.07,4.01,0.0,0.0,-0.24,-0.24,-0.24,-0.48,-0.72,-1.21,1.21,0.72
2017-06-28,601519,4.14,4.1,4.14,4.05,52558,21510915.0,2.17,-0.97,-0.04,0.26,7.41,6.42,6.42,4.2,3.7,4.2,3.7,2.47,2.72,3.95,4.11,4.15,4.09,4.02,0.98,0.73,0.73,0.73,0.49,0.24,-0.24,2.2,1.71,-0.24
2017-06-29,601519,4.12,4.11,4.14,4.08,52100,21438245.0,1.46,0.24,0.01,0.26,5.64,5.64,3.43,2.94,3.43,2.94,1.72,1.96,3.19,1.47,4.12,4.14,4.1,4.03,0.49,0.49,0.49,0.24,0.0,-0.49,1.95,1.46,-0.49,-0.24
2017-06-30,601519,4.09,4.13,4.13,4.05,43889,18004490.0,1.95,0.49,0.02,0.22,6.42,4.2,3.7,4.2,3.7,2.47,2.72,3.95,2.22,2.22,4.12,4.13,4.11,4.04,0.0,0.0,-0.24,-0.48,-0.97,1.45,0.97,-0.97,-0.73,-1.45
2017-07-03,601519,4.12,4.12,4.13,4.08,52907,21710716.0,1.21,-0.24,-0.01,0.27,3.43,2.94,3.43,2.94,1.72,1.96,3.19,1.47,1.47,1.23,4.12,4.13,4.13,4.04,0.24,0.0,-0.24,-0.73,1.7,1.21,-0.73,-0.49,-1.21,-1.94
2017-07-04,601519,4.11,4.1,4.13,4.07,55492,22733731.0,1.46,-0.49,-0.02,0.28,3.19,3.69,3.19,1.97,2.21,3.44,1.72,1.72,1.47,1.47,4.11,4.12,4.15,4.04,0.49,0.24,-0.24,2.2,1.71,-0.24,0.0,-0.73,-1.46,-6.83
2017-07-05,601519,4.09,4.11,4.12,4.08,47494,19483625.0,0.98,0.24,0.01,0.24,3.43,2.94,1.72,1.96,3.19,1.47,1.47,1.23,1.23,1.23,4.11,4.11,4.16,4.05,0.0,-0.49,1.95,1.46,-0.49,-0.24,-0.97,-1.7,-7.06,-5.84
2017-07-06,601519,4.09,4.09,4.11,4.05,77544,31610519.0,1.46,-0.49,-0.02,0.39,3.7,2.47,2.72,3.95,2.22,2.22,1.98,1.98,1.98,1.73,4.11,4.11,4.16,4.05,0.0,2.44,1.96,0.0,0.24,-0.49,-1.22,-6.6,-5.38,-3.42
2017-07-07,601519,4.07,4.07,4.09,4.05,55710,22627649.0,0.98,-0.49,-0.02,0.28,2.47,2.72,3.95,2.22,2.22,1.98,1.98,1.98,1.73,1.48,4.1,4.11,4.16,4.06,2.95,2.46,0.49,0.74,0.0,-0.74,-6.14,-4.91,-2.95,-0.25
2017-07-10,601519,4.06,4.13,4.19,4.06,107967,44449948.0,3.19,1.47,0.06,0.54,2.46,3.69,1.97,1.97,1.72,1.72,1.72,1.48,1.23,0.74,4.1,4.11,4.15,4.07,0.97,-0.97,-0.73,-1.45,-2.18,-7.51,-6.3,-4.36,-1.69,-1.21
2017-07-11,601519,4.13,4.08,4.17,4.07,75103,31014726.0,2.42,-1.21,-0.05,0.38,3.44,1.72,1.72,1.47,1.47,1.47,1.23,0.98,0.49,2.95,4.1,4.1,4.14,4.08,0.25,0.49,-0.25,-0.98,-6.37,-5.15,-3.19,-0.49,0.0,1.72
2017-07-12,601519,4.07,4.01,4.09,4.0,88234,35532988.0,2.21,-1.72,-0.07,0.44,3.5,3.5,3.25,3.25,3.25,3.0,2.75,2.25,4.75,4.25,4.08,4.09,4.13,4.09,2.24,1.5,0.75,-4.74,-3.49,-1.5,1.25,1.75,3.49,3.74
2017-07-13,601519,4.08,4.04,4.1,4.0,82886,33538513.0,2.49,0.75,0.03,0.42,3.5,3.25,3.25,3.25,3.0,2.75,2.25,4.75,4.25,2.25,4.07,4.09,4.11,4.09,0.74,0.0,-5.45,-4.21,-2.23,0.5,0.99,2.72,2.97,2.97
2017-07-14,601519,4.03,4.04,4.07,4.01,43356,17521014.0,1.49,0.0,0.0,0.22,2.99,2.99,2.99,2.74,2.49,2.0,4.49,3.99,2.0,2.24,4.06,4.08,4.11,4.1,0.0,-5.45,-4.21,-2.23,0.5,0.99,2.72,2.97,2.97,2.23
2017-07-17,601519,4.03,3.84,4.04,3.84,158592,61232361.0,4.95,-4.95,-0.2,0.8,7.55,7.55,7.29,7.03,6.51,9.11,8.59,6.51,6.77,5.99,4.0,4.05,4.09,4.1,-0.52,0.78,2.86,5.73,6.25,8.07,8.33,8.33,7.55,6.25
2017-07-18,601519,3.76,3.81,3.82,3.7,79745,30015100.0,3.13,-0.78,-0.03,0.4,11.62,11.35,11.08,10.54,13.24,12.7,10.54,10.81,10.0,9.19,3.95,4.02,4.07,4.1,1.57,3.67,6.56,7.09,8.92,9.19,9.19,8.4,7.09,7.61
2017-07-19,601519,3.8,3.87,3.87,3.79,69195,26508974.0,2.1,1.57,0.06,0.35,8.71,8.44,7.92,10.55,10.03,7.92,8.18,7.39,6.6,0.79,3.92,4.0,4.06,4.1,2.07,4.91,5.43,7.24,7.49,7.49,6.72,5.43,5.94,5.68
2017-07-20,601519,3.85,3.87,3.95,3.84,81111,31553115.0,2.84,0.0,0.0,0.41,7.03,6.51,9.11,8.59,6.51,6.77,5.99,5.21,-0.52,0.78,3.89,3.98,4.05,4.1,4.91,5.43,7.24,7.49,7.49,6.72,5.43,5.94,5.68,9.56
2017-07-21,601519,3.82,4.06,4.06,3.82,184193,73705997.0,6.2,4.91,0.19,0.93,7.07,9.69,9.16,7.07,7.33,6.54,5.76,0.0,1.31,3.4,3.89,3.97,4.04,4.1,0.49,2.22,2.46,2.46,1.72,0.49,0.99,0.74,4.43,1.48
2017-07-24,601519,4.05,4.02,4.08,4.0,92640,37283580.0,1.97,-0.99,-0.04,0.47,4.75,4.25,2.25,2.5,1.75,1.0,-4.5,-3.25,-1.25,1.5,3.93,3.96,4.04,4.09,3.23,3.48,3.48,2.74,1.49,1.99,1.74,5.47,2.49,2.74
2017-07-25,601519,4.04,4.07,4.15,4.04,113963,46669100.0,2.74,1.24,0.05,0.57,3.22,1.24,1.49,0.74,0.0,-5.45,-4.21,-2.23,0.5,0.99,3.98,3.96,4.03,4.08,2.21,2.21,1.47,0.25,0.74,0.49,4.18,1.23,1.47,1.72
2017-07-26,601519,4.07,4.09,4.16,4.05,67797,27728559.0,2.7,0.49,0.02,0.34,0.99,1.23,0.49,-0.25,-5.68,-4.44,-2.47,0.25,0.74,2.47,4.02,3.97,4.03,4.07,1.71,0.98,-0.24,0.24,0.0,3.67,0.73,0.98,1.22,1.47
2017-07-27,601519,4.08,4.13,4.16,4.05,115689,47570556.0,2.69,0.98,0.04,0.58,1.23,0.49,-0.25,-5.68,-4.44,-2.47,0.25,0.74,2.47,2.72,4.07,3.98,4.03,4.07,0.0,-1.21,-0.73,-0.97,2.66,-0.24,0.0,0.24,0.48,3.39
2017-07-28,601519,4.12,4.04,4.13,4.04,92594,37717990.0,2.18,-2.18,-0.09,0.47,0.74,0.0,-5.45,-4.21,-2.23,0.5,0.99,2.72,2.97,2.97,4.07,3.98,4.03,4.06,0.99,1.49,1.24,4.95,1.98,2.23,2.48,2.72,5.69,8.42
2017-07-31,601519,4.05,4.04,4.08,3.98,79238,31869511.0,2.48,0.0,0.0,0.4,1.51,-4.02,-2.76,-0.75,2.01,2.51,4.27,4.52,4.52,3.77,4.07,4.0,4.03,4.06,1.49,1.24,4.95,1.98,2.23,2.48,2.72,5.69,8.42,9.65
2017-08-01,601519,4.02,4.07,4.1,4.02,67880,27536801.0,1.98,0.74,0.03,0.34,-4.98,-3.73,-1.74,1.0,1.49,3.23,3.48,3.48,2.74,1.49,4.07,4.03,4.02,4.06,0.49,4.18,1.23,1.47,1.72,1.97,4.91,7.62,8.85,8.11
2017-08-02,601519,4.06,4.05,4.09,4.03,69269,28086241.0,1.47,-0.49,-0.02,0.35,-3.97,-1.99,0.74,1.24,2.98,3.23,3.23,2.48,1.24,1.74,4.07,4.04,4.02,4.05,4.69,1.73,1.98,2.22,2.47,5.43,8.15,9.38,8.64,8.64
2017-08-03,601519,4.05,4.09,4.24,4.03,143072,59077487.0,5.19,0.99,0.04,0.72,-1.99,0.74,1.24,2.98,3.23,3.23,2.48,1.24,1.74,1.49,4.06,4.07,4.02,4.05,0.73,0.98,1.22,1.47,4.4,7.09,8.31,7.58,7.58,7.33
2017-08-04,601519,4.07,4.09,4.12,4.07,84842,34722106.0,1.22,0.0,0.0,0.43,-0.25,0.25,1.97,2.21,2.21,1.47,0.25,0.74,0.49,4.18,4.07,4.07,4.02,4.05,0.98,1.22,1.47,4.4,7.09,8.31,7.58,7.58,7.33,6.36
2017-08-07,601519,4.07,4.09,4.13,4.07,72896,29899098.0,1.47,0.0,0.0,0.37,0.25,1.97,2.21,2.21,1.47,0.25,0.74,0.49,4.18,1.23,4.08,4.08,4.02,4.05,1.22,1.47,4.4,7.09,8.31,7.58,7.58,7.33,6.36,5.13
2017-08-08,601519,4.09,4.11,4.14,4.09,80425,33096970.0,1.22,0.49,0.02,0.4,1.47,1.71,1.71,0.98,-0.24,0.24,0.0,3.67,0.73,0.98,4.09,4.08,4.02,4.05,0.97,3.89,6.57,7.79,7.06,7.06,6.81,5.84,4.62,4.14
2017-08-09,601519,4.11,4.12,4.15,4.09,72613,29930209.0,1.46,0.24,0.01,0.37,1.71,1.71,0.98,-0.24,0.24,0.0,3.67,0.73,0.98,1.22,4.1,4.08,4.03,4.05,3.64,6.31,7.52,6.8,6.8,6.55,5.58,4.37,3.88,6.8
2017-08-10,601519,4.22,4.17,4.27,4.12,140831,59002173.0,3.64,1.21,0.05,0.71,0.97,0.24,-0.97,-0.49,-0.73,2.91,0.0,0.24,0.49,0.73,4.12,4.09,4.03,4.05,5.04,6.24,5.52,5.52,5.28,4.32,3.12,2.64,5.52,9.83
2017-08-11,601519,4.14,4.28,4.38,4.09,261711,112314133.0,6.95,2.64,0.11,1.32,0.98,-0.24,0.24,0.0,3.67,0.73,0.98,1.22,1.47,4.4,4.15,4.11,4.05,4.06,3.5,2.8,2.8,2.57,1.64,0.47,0.0,2.8,7.01,4.44
2017-08-14,601519,4.29,4.39,4.43,4.25,159210,69076652.0,4.21,2.57,0.11,0.8,-4.0,-3.53,-3.76,-0.24,-3.06,-2.82,-2.59,-2.35,0.47,3.06,4.21,4.15,4.07,4.07,0.23,0.23,0.0,-0.91,-2.05,-2.51,0.23,4.33,1.82,4.1
2017-08-15,601519,4.39,4.3,4.4,4.27,124481,53722655.0,2.96,-2.05,-0.09,0.63,-3.98,-4.22,-0.7,-3.51,-3.28,-3.04,-2.81,0.0,2.58,3.75,4.25,4.17,4.1,4.07,2.33,2.09,1.16,0.0,-0.47,2.33,6.51,3.95,6.28,4.88
2017-08-16,601519,4.28,4.34,4.4,4.28,104939,45608812.0,2.79,0.93,0.04,0.53,-4.44,-0.93,-3.74,-3.5,-3.27,-3.04,-0.23,2.34,3.5,2.8,4.3,4.2,4.12,4.08,1.15,0.23,-0.92,-1.38,1.38,5.53,3.0,5.3,3.92,2.3
2017-08-17,601519,4.32,4.35,4.39,4.28,125001,54099755.0,2.53,0.23,0.01,0.63,-0.93,-3.74,-3.5,-3.27,-3.04,-0.23,2.34,3.5,2.8,2.8,4.33,4.22,4.15,4.09,0.0,-1.15,-1.61,1.15,5.29,2.76,5.06,3.68,2.07,5.75
2017-08-18,601519,4.31,4.31,4.35,4.29,70467,30435286.0,1.38,-0.92,-0.04,0.35,-3.96,-3.73,-3.5,-3.26,-0.47,2.1,3.26,2.56,2.56,2.33,4.34,4.25,4.16,4.1,-0.23,-0.7,2.09,6.26,3.71,6.03,4.64,3.02,6.73,12.06
2017-08-21,601519,4.28,4.25,4.3,4.18,162627,68808515.0,2.78,-1.39,-0.06,0.82,-1.2,-0.96,-0.72,2.15,4.78,5.98,5.26,5.26,5.02,4.07,4.31,4.26,4.17,4.1,0.71,3.53,7.76,5.18,7.53,6.12,4.47,8.24,13.65,10.82
2017-08-22,601519,4.23,4.25,4.28,4.2,78913,33454936.0,1.88,0.0,0.0,0.4,-1.43,-1.19,1.67,4.29,5.48,4.76,4.76,4.52,3.57,2.38,4.3,4.28,4.18,4.11,3.53,7.76,5.18,7.53,6.12,4.47,8.24,13.65,10.82,15.29
2017-08-23,601519,4.24,4.36,4.4,4.23,140696,60905798.0,4.0,2.59,0.11,0.71,-1.89,0.95,3.55,4.73,4.02,4.02,3.78,2.84,1.65,1.18,4.3,4.3,4.19,4.12,5.05,2.52,4.82,3.44,1.83,5.5,10.78,8.03,12.39,18.12
2017-08-24,601519,4.37,4.44,4.58,4.33,234154,104634962.0,5.73,1.83,0.08,1.18,-1.39,1.15,2.31,1.62,1.62,1.39,0.46,-0.69,-1.15,1.62,4.32,4.33,4.21,4.13,0.68,2.93,1.58,0.0,3.6,8.78,6.08,10.36,15.99,21.85
2017-08-25,601519,4.41,4.46,4.47,4.38,111257,49252365.0,2.03,0.45,0.02,0.56,0.0,1.14,0.46,0.46,0.23,-0.68,-1.83,-2.28,0.46,4.57,4.35,4.34,4.23,4.15,2.47,1.12,-0.45,3.14,8.3,5.61,9.87,15.47,21.3,23.77
2017-08-28,601519,4.45,4.47,4.57,4.41,162430,73000518.0,3.59,0.22,0.01,0.82,0.45,-0.23,-0.23,-0.45,-1.36,-2.49,-2.95,-0.23,3.85,1.36,4.4,4.35,4.25,4.17,0.89,-0.67,2.91,8.05,5.37,9.62,15.21,21.03,23.49,25.73
2017-08-29,601519,4.46,4.41,4.51,4.39,126222,56225002.0,2.68,-1.34,-0.06,0.64,0.23,0.23,0.0,-0.91,-2.05,-2.51,0.23,4.33,1.82,4.1,4.43,4.36,4.27,4.19,0.68,4.31,9.52,6.8,11.11,16.78,22.68,25.17,27.44,28.8
2017-08-30,601519,4.4,4.38,4.44,4.37,83699,36849839.0,1.59,-0.68,-0.03,0.42,0.69,0.46,-0.46,-1.6,-2.06,0.69,4.81,2.29,4.58,3.2,4.43,4.37,4.28,4.2,5.02,10.27,7.53,11.87,17.58,23.52,26.03,28.31,29.68,28.08
2017-08-31,601519,4.6,4.6,4.6,4.6,35359,16264928.0,0.0,5.02,0.22,0.18,-4.57,-5.43,-6.52,-6.96,-4.35,-0.43,-2.83,-0.65,-1.96,-3.48,4.46,4.39,4.31,4.23,5.0,2.39,6.52,11.96,17.61,20.0,22.17,23.48,21.96,18.04
2017-09-01,601519,4.83,4.66,4.83,4.65,366006,172916254.0,3.91,1.3,0.06,1.84,-6.45,-7.53,-7.96,-5.38,-1.51,-3.87,-1.72,-3.01,-4.52,-1.08,4.5,4.43,4.34,4.25,1.07,5.15,10.52,16.09,18.45,20.6,21.89,20.39,16.52,16.95
2017-09-04,601519,4.65,4.67,4.71,4.58,142816,66340733.0,2.79,0.21,0.01,0.72,-6.11,-6.55,-3.93,0.0,-2.4,-0.22,-1.53,-3.06,0.44,5.46,4.54,4.47,4.37,4.27,4.93,10.28,15.85,18.2,20.34,21.63,20.13,16.27,16.7,21.41
2017-09-05,601519,4.67,4.9,4.9,4.65,91017,44084575.0,5.35,4.93,0.23,0.46,-7.96,-5.38,-1.51,-3.87,-1.72,-3.01,-4.52,-1.08,3.87,1.29,4.64,4.53,4.41,4.3,5.1,10.41,12.65,14.69,15.92,14.49,10.82,11.22,15.71,15.31
2017-09-06,601519,5.08,5.15,5.15,4.96,435140,221801691.0,3.88,5.1,0.25,2.19,-11.29,-7.66,-9.88,-7.86,-9.07,-10.48,-7.26,-2.62,-5.04,-1.21,4.8,4.61,4.46,4.33,5.05,7.18,9.13,10.29,8.93,5.44,5.83,10.1,9.71,7.77
2017-09-07,601519,5.16,5.26,5.41,5.1,357464,190509578.0,6.02,2.14,0.11,1.8,-10.2,-12.35,-10.39,-11.57,-12.94,-9.8,-5.29,-7.65,-3.92,0.98,4.93,4.7,4.51,4.37,4.94,6.84,7.98,6.65,3.23,3.61,7.79,7.41,5.51,4.75
2017-09-08,601519,5.29,5.52,5.52,5.29,418853,229610769.0,4.37,4.94,0.26,2.11,-15.5,-13.61,-14.74,-16.07,-13.04,-8.7,-10.96,-7.37,-2.65,2.27,5.1,4.8,4.57,4.42,1.81,2.9,1.63,-1.63,-1.27,2.72,2.36,0.54,-0.18,-2.72
2017-09-11,601519,5.53,5.42,5.62,5.29,315368,171543854.0,5.98,-1.81,-0.1,1.59,-13.61,-14.74,-16.07,-13.04,-8.7,-10.96,-7.37,-2.65,2.27,4.35,5.25,4.9,4.63,4.47,4.8,3.51,0.18,0.55,4.61,4.24,2.4,1.66,-0.92,-2.21
2017-09-12,601519,5.39,5.57,5.68,5.39,240467,133851799.0,5.35,2.77,0.15,1.21,-16.33,-17.63,-14.66,-10.39,-12.62,-9.09,-4.45,0.37,2.41,4.27,5.38,5.01,4.69,4.52,0.72,-2.51,-2.15,1.8,1.44,-0.36,-1.08,-3.59,-4.85,-4.13
2017-09-13,601519,5.53,5.35,5.61,5.31,184500,100335337.0,5.39,-3.95,-0.22,0.93,-16.38,-13.37,-9.04,-11.3,-7.72,-3.01,1.88,3.95,5.84,6.97,5.42,5.11,4.74,4.56,1.5,1.87,5.98,5.61,3.74,2.99,0.37,-0.93,-0.19,-1.31
2017-09-14,601519,5.36,5.42,5.43,5.25,149046,79539685.0,3.36,1.31,0.07,0.75,-12.38,-8.0,-10.29,-6.67,-1.9,3.05,5.14,7.05,8.19,6.86,5.46,5.19,4.79,4.6,0.55,4.61,4.24,2.4,1.66,-0.92,-2.21,-1.48,-2.58,-3.69
2017-09-15,601519,5.38,5.42,5.45,5.33,109773,59150687.0,2.21,0.0,0.0,0.55,-9.38,-11.63,-8.07,-3.38,1.5,3.56,5.44,6.57,5.25,1.88,5.44,5.27,4.85,4.65,4.61,4.24,2.4,1.66,-0.92,-2.21,-1.48,-2.58,-3.69,-3.51
2017-09-18,601519,5.4,5.58,5.67,5.38,142046,79141646.0,5.35,2.95,0.16,0.71,-12.45,-8.92,-4.28,0.56,2.6,4.46,5.58,4.28,0.93,1.3,5.47,5.36,4.91,4.7,1.25,-0.54,-1.25,-3.76,-5.02,-4.3,-5.38,-6.45,-6.27,-3.58
2017-09-19,601519,5.62,5.53,5.65,5.5,95632,53034551.0,2.69,-0.9,-0.05,0.48,-10.91,-6.36,-1.64,0.36,2.18,3.27,2.0,-1.27,-0.91,3.09,5.46,5.42,4.98,4.74,0.36,-0.36,-2.89,-4.16,-3.44,-4.52,-5.61,-5.42,-2.71,-1.27
2017-09-20,601519,5.53,5.43,5.55,5.33,127765,69206050.0,3.98,-1.81,-0.1,0.64,-3.38,1.5,3.56,5.44,6.57,5.25,1.88,2.25,6.38,6.0,5.48,5.45,5.03,4.79,1.47,-1.1,-2.39,-1.66,-2.76,-3.87,-3.68,-0.92,0.55,0.0
2017-09-21,601519,5.4,5.35,5.51,5.34,100993,54779329.0,3.13,-1.47,-0.08,0.51,1.31,3.37,5.24,6.37,5.06,1.69,2.06,6.18,5.81,3.93,5.46,5.46,5.08,4.83,0.37,-0.93,-0.19,-1.31,-2.43,-2.24,0.56,2.06,1.5,0.93
2017-09-22,601519,5.28,5.22,5.37,5.2,132313,69418506.0,3.18,-2.43,-0.13,0.67,6.15,8.08,9.23,7.88,4.42,4.81,9.04,8.65,6.73,5.96,5.42,5.43,5.12,4.86,1.53,2.3,1.15,0.0,0.19,3.07,4.6,4.02,3.45,4.98
2017-09-25,601519,5.2,5.14,5.3,5.13,102043,53111222.0,3.26,-1.53,-0.08,0.51,9.55,10.72,9.36,5.85,6.24,10.53,10.14,8.19,7.41,4.68,5.33,5.4,5.15,4.88,3.89,2.72,1.56,1.75,4.67,6.23,5.64,5.06,6.61,5.45
2017-09-26,601519,5.17,5.21,5.34,5.15,94377,49307348.0,3.7,1.36,0.07,0.47,10.29,8.93,5.44,5.83,10.1,9.71,7.77,6.99,4.27,2.91,5.27,5.36,5.19,4.91,1.34,0.19,0.38,3.26,4.8,4.22,3.65,5.18,4.03,3.65
2017-09-27,601519,5.22,5.21,5.28,5.17,69015,35956963.0,2.11,0.0,0.0,0.35,8.51,5.03,5.42,9.67,9.28,7.35,6.58,3.87,2.51,3.29,5.23,5.35,5.23,4.94,0.19,0.38,3.26,4.8,4.22,3.65,5.18,4.03,3.65,3.45
2017-09-28,601519,5.19,5.09,5.22,5.08,108127,55554837.0,2.69,-2.3,-0.12,0.54,6.89,7.28,11.61,11.22,9.25,8.46,5.71,4.33,5.12,3.94,5.17,5.32,5.26,4.97,2.75,5.7,7.27,6.68,6.09,7.66,6.48,6.09,5.89,4.13
2017-09-29,601519,5.1,5.22,5.23,5.09,85837,44283033.0,2.75,2.55,0.13,0.43,7.07,11.39,11.0,9.04,8.25,5.5,4.13,4.91,3.73,2.55,5.17,5.3,5.28,5.0,3.07,4.6,4.02,3.45,4.98,3.83,3.45,3.26,1.53,-2.68
2017-10-09,601519,5.24,5.26,5.38,5.23,97969,51838426.0,2.87,0.77,0.04,0.49,8.41,8.03,6.12,5.35,2.68,1.34,2.1,0.96,-0.19,0.0,5.2,5.27,5.31,5.03,3.8,3.23,2.66,4.18,3.04,2.66,2.47,0.76,-3.42,-2.47
2017-10-10,601519,5.37,5.44,5.46,5.32,121005,65372408.0,2.66,3.42,0.18,0.61,6.2,4.32,3.57,0.94,-0.38,0.38,-0.75,-1.88,-1.69,1.13,5.24,5.26,5.34,5.07,-0.18,-0.74,0.74,-0.37,-0.74,-0.92,-2.57,-6.62,-5.7,-3.68
2017-10-11,601519,5.42,5.38,5.43,5.32,91465,49124119.0,2.02,-1.1,-0.06,0.46,4.32,3.57,0.94,-0.38,0.38,-0.75,-1.88,-1.69,1.13,2.63,5.28,5.25,5.35,5.11,0.37,1.86,0.74,0.37,0.19,-1.49,-5.58,-4.65,-2.6,-2.6
2017-10-12,601519,5.38,5.32,5.4,5.3,72327,38655833.0,1.86,-1.12,-0.06,0.36,3.96,1.32,0.0,0.75,-0.38,-1.51,-1.32,1.51,3.02,2.45,5.32,5.25,5.35,5.13,3.01,1.88,1.5,1.32,-0.38,-4.51,-3.57,-1.5,-1.5,-0.94
2017-10-13,601519,5.32,5.44,5.48,5.32,75668,40780944.0,3.01,2.26,0.12,0.38,0.94,-0.38,0.38,-0.75,-1.88,-1.69,1.13,2.63,2.07,1.5,5.37,5.27,5.35,5.17,-0.37,-0.74,-0.92,-2.57,-6.62,-5.7,-3.68,-3.68,-3.13,-2.57
2017-10-16,601519,5.41,5.35,5.42,5.31,69930,37503993.0,2.02,-1.65,-0.09,0.35,-0.19,0.56,-0.56,-1.69,-1.51,1.32,2.82,2.26,1.69,3.2,5.39,5.29,5.35,5.2,0.93,0.75,-0.93,-5.05,-4.11,-2.06,-2.06,-1.5,-0.93,3.36
2017-10-17,601519,5.38,5.37,5.4,5.33,51798,27808101.0,1.31,0.37,0.02,0.26,0.19,-0.94,-2.06,-1.88,0.94,2.44,1.88,1.31,2.81,1.69,5.37,5.31,5.34,5.23,0.37,-1.3,-5.4,-4.47,-2.42,-2.42,-1.86,-1.3,2.98,0.19
2017-10-18,601519,5.37,5.26,5.39,5.22,60276,32091222.0,3.17,-2.05,-0.11,0.3,1.15,0.0,0.19,3.07,4.6,4.02,3.45,4.98,3.83,3.45,5.35,5.31,5.33,5.26,0.76,-3.42,-2.47,-0.38,-0.38,0.19,0.76,5.13,2.28,2.85
2017-10-19,601519,5.26,5.0,5.3,5.0,148035,75456060.0,5.7,-4.94,-0.26,0.74,4.4,4.6,7.6,9.2,8.6,8.0,9.6,8.4,8.0,7.8,5.28,5.3,5.31,5.27,1.6,2.6,4.8,4.8,5.4,6.0,10.6,7.6,8.2,7.2
2017-10-20,601519,4.98,5.06,5.08,4.93,52510,26282544.0,3.0,1.2,0.06,0.26,6.09,9.13,10.75,10.14,9.53,11.16,9.94,9.53,9.33,7.51,5.21,5.29,5.29,5.28,1.38,3.56,3.56,4.15,4.74,9.29,6.32,6.92,5.93,4.74
2017-10-23,601519,5.05,5.12,5.13,5.0,64583,32695032.0,2.57,1.19,0.06,0.32,7.6,9.2,8.6,8.0,9.6,8.4,8.0,7.8,6.0,1.6,5.16,5.27,5.27,5.3,2.34,2.34,2.93,3.52,8.01,5.08,5.66,4.69,3.52,2.54
2017-10-24,601519,5.09,5.16,5.24,5.08,76169,39365798.0,3.13,0.78,0.04,0.38,7.48,6.89,6.3,7.87,6.69,6.3,6.1,4.33,0.0,0.98,5.12,5.25,5.25,5.31,1.55,2.13,2.71,7.17,4.26,4.84,3.88,2.71,1.74,2.13
2017-10-25,601519,5.24,5.23,5.24,5.16,48303,25169801.0,1.55,1.36,0.07,0.24,5.23,4.65,6.2,5.04,4.65,4.46,2.71,-1.55,-0.58,1.55,5.11,5.23,5.24,5.31,0.76,1.34,5.74,2.87,3.44,2.49,1.34,0.38,0.76,2.29
2017-10-26,601519,5.21,5.25,5.27,5.14,63777,33119582.0,2.49,0.38,0.02,0.32,5.06,6.61,5.45,5.06,4.86,3.11,-1.17,-0.19,1.95,1.95,5.16,5.22,5.24,5.31,0.95,5.33,2.48,3.05,2.1,0.95,0.0,0.38,1.9,0.76
2017-10-27,601519,5.25,5.27,5.3,5.21,67911,35678993.0,1.71,0.38,0.02,0.34,5.18,4.03,3.65,3.45,1.73,-2.5,-1.54,0.58,0.58,1.15,5.21,5.21,5.24,5.3,4.93,2.09,2.66,1.71,0.57,-0.38,0.0,1.52,0.38,1.14
2017-10-30,601519,5.53,5.32,5.53,5.3,189798,102630111.0,4.36,0.95,0.05,0.95,2.26,1.89,1.7,0.0,-4.15,-3.21,-1.13,-1.13,-0.57,0.0,5.25,5.2,5.25,5.3,1.13,1.69,0.75,-0.38,-1.32,-0.94,0.56,-0.56,0.19,-1.88
2017-10-31,601519,5.28,5.36,5.38,5.24,80376,42832539.0,2.63,0.75,0.04,0.4,3.05,2.86,1.15,-3.05,-2.1,0.0,0.0,0.57,1.15,5.53,5.29,5.2,5.26,5.29,0.93,0.0,-1.12,-2.05,-1.68,-0.19,-1.31,-0.56,-2.61,-4.29
2017-11-01,601519,5.35,5.37,5.41,5.31,54532,29263924.0,1.87,0.19,0.01,0.27,1.51,-0.19,-4.33,-3.39,-1.32,-1.32,-0.75,-0.19,4.14,1.32,5.31,5.21,5.26,5.29,-0.19,-1.3,-2.23,-1.86,-0.37,-1.49,-0.74,-2.79,-4.47,-4.66
2017-11-02,601519,5.34,5.28,5.36,5.25,73910,39149269.0,2.05,-1.68,-0.09,0.37,0.95,-3.24,-2.29,-0.19,-0.19,0.38,0.95,5.33,2.48,3.05,5.32,5.24,5.27,5.29,0.38,-0.57,-0.19,1.33,0.19,0.95,-1.14,-2.84,-3.03,-3.79
2017-11-03,601519,5.23,5.2,5.3,5.17,74143,38729128.0,2.46,-1.52,-0.08,0.37,-1.74,-0.77,1.35,1.35,1.93,2.51,6.96,4.06,4.64,3.68,5.31,5.26,5.27,5.28,0.96,1.35,2.88,1.73,2.5,0.38,-1.35,-1.54,-2.31,-2.69
2017-11-06,601519,5.21,5.21,5.25,5.14,49956,25883889.0,2.12,0.19,0.01,0.25,-0.19,1.95,1.95,2.53,3.11,7.59,4.67,5.25,4.28,3.11,5.28,5.26,5.27,5.27,1.15,2.69,1.54,2.3,0.19,-1.54,-1.73,-2.5,-2.88,-6.91
2017-11-07,601519,5.2,5.26,5.27,5.19,52856,27668459.0,1.54,0.96,0.05,0.27,0.96,0.96,1.54,2.12,6.55,3.66,4.24,3.28,2.12,1.16,5.26,5.27,5.26,5.26,1.71,0.57,1.33,-0.76,-2.47,-2.66,-3.42,-3.8,-7.79,-7.22
2017-11-08,601519,5.25,5.25,5.35,5.21,74034,39000071.0,2.66,-0.19,-0.01,0.37,0.58,1.15,1.73,6.14,3.26,3.84,2.88,1.73,0.77,1.15,5.24,5.28,5.25,5.25,0.76,1.52,-0.57,-2.29,-2.48,-3.24,-3.62,-7.62,-7.05,-7.81
2017-11-09,601519,5.23,5.26,5.29,5.21,49997,26235784.0,1.52,0.19,0.01,0.25,1.15,1.73,6.14,3.26,3.84,2.88,1.73,0.77,1.15,2.69,5.24,5.28,5.25,5.25,1.33,-0.76,-2.47,-2.66,-3.42,-3.8,-7.79,-7.22,-7.98,-9.13
2017-11-10,601519,5.25,5.2,5.33,5.19,86379,45377759.0,2.66,-1.14,-0.06,0.43,2.12,6.55,3.66,4.24,3.28,2.12,1.16,1.54,3.08,1.93,5.24,5.27,5.24,5.25,0.38,-1.35,-1.54,-2.31,-2.69,-6.73,-6.15,-6.92,-8.08,-9.04
2017-11-13,601519,5.19,5.01,5.22,5.0,137150,70009893.0,4.23,-3.65,-0.19,0.69,10.6,7.6,8.2,7.2,6.0,5.0,5.4,7.0,5.8,6.6,5.2,5.24,5.22,5.25,2.4,2.2,1.4,1.0,-3.19,-2.59,-3.39,-4.59,-5.59,-4.79
2017-11-14,601519,4.98,5.02,5.13,4.85,121447,60721836.0,5.59,0.2,0.01,0.61,10.93,11.55,10.52,9.28,8.25,8.66,10.31,9.07,9.9,7.63,5.15,5.21,5.2,5.24,1.99,1.2,0.8,-3.39,-2.79,-3.59,-4.78,-5.78,-4.98,-5.58
2017-11-15,601519,5.02,5.06,5.12,4.98,68254,34627055.0,2.79,0.8,0.04,0.34,8.63,7.63,6.43,5.42,5.82,7.43,6.22,7.03,4.82,3.01,5.11,5.17,5.19,5.23,0.4,0.0,-4.15,-3.56,-4.35,-5.53,-6.52,-5.73,-6.32,-5.93
2017-11-16,601519,5.06,5.03,5.08,5.0,45226,22784334.0,1.58,-0.59,-0.03,0.23,7.2,6.0,5.0,5.4,7.0,5.8,6.6,4.4,2.6,2.4,5.06,5.15,5.2,5.23,0.6,-3.58,-2.98,-3.78,-4.97,-5.96,-5.17,-5.77,-5.37,-6.16
2017-11-17,601519,5.0,4.82,5.06,4.8,106375,51927678.0,5.17,-4.17,-0.21,0.54,10.42,9.38,9.79,11.46,10.21,11.04,8.75,6.88,6.67,5.83,4.99,5.11,5.18,5.22,0.62,1.24,0.41,-0.83,-1.87,-1.04,-1.66,-1.24,-2.07,-2.9
2017-11-20,601519,4.8,4.82,4.85,4.61,77525,36489246.0,4.98,0.0,0.0,0.39,13.88,14.32,16.05,14.75,15.62,13.23,11.28,11.06,10.2,9.76,4.95,5.07,5.17,5.2,1.24,0.41,-0.83,-1.87,-1.04,-1.66,-1.24,-2.07,-2.9,-1.66
2017-11-21,601519,4.77,4.78,4.88,4.73,63252,30406040.0,3.11,-0.83,-0.04,0.32,11.42,13.11,11.84,12.68,10.36,8.46,8.25,7.4,6.98,2.54,4.9,5.02,5.15,5.18,1.26,0.0,-1.05,-0.21,-0.84,-0.42,-1.26,-2.09,-0.84,-0.84
2017-11-22,601519,4.79,4.79,4.84,4.71,55887,26662423.0,2.72,0.21,0.01,0.28,13.59,12.31,13.16,10.83,8.92,8.7,7.86,7.43,2.97,3.61,4.85,4.98,5.13,5.16,-0.21,-1.25,-0.42,-1.04,-0.63,-1.46,-2.3,-1.04,-1.04,-4.18
2017-11-23,601519,4.78,4.68,4.78,4.62,55717,26289597.0,3.34,-2.3,-0.11,0.28,14.5,15.37,12.99,11.04,10.82,9.96,9.52,4.98,5.63,4.76,4.78,4.92,5.1,5.14,1.07,1.92,1.28,1.71,0.85,0.0,1.28,1.28,-1.92,-0.64
2017-11-24,601519,4.67,4.73,4.73,4.63,50188,23510757.0,2.14,1.07,0.05,0.25,15.12,12.74,10.8,10.58,9.72,9.29,4.75,5.4,4.54,3.24,4.76,4.87,5.07,5.12,0.85,0.21,0.63,-0.21,-1.06,0.21,0.21,-2.96,-1.69,1.9
2017-11-27,601519,4.72,4.68,4.77,4.6,51355,24152725.0,3.59,-1.06,-0.05,0.26,13.48,11.52,11.3,10.43,10.0,5.43,6.09,5.22,3.91,2.83,4.73,4.84,5.04,5.09,1.28,1.71,0.85,0.0,1.28,1.28,-1.92,-0.64,2.99,7.26
2017-11-28,601519,4.66,4.72,4.74,4.65,34046,16002243.0,1.92,0.85,0.04,0.17,10.32,10.11,9.25,8.82,4.3,4.95,4.09,2.8,1.72,2.58,4.72,4.81,5.01,5.07,0.85,0.0,-0.85,0.42,0.42,-2.75,-1.48,2.12,6.36,3.81
2017-11-29,601519,4.76,4.71,4.76,4.63,57683,26947601.0,2.75,-0.21,-0.01,0.29,10.58,9.72,9.29,4.75,5.4,4.54,3.24,2.16,3.02,2.38,4.7,4.78,4.98,5.05,0.21,-0.64,0.64,0.64,-2.55,-1.27,2.34,6.58,4.03,3.82
2017-11-30,601519,4.72,4.66,4.72,4.63,41853,19582097.0,1.91,-1.06,-0.05,0.21,9.72,9.29,4.75,5.4,4.54,3.24,2.16,3.02,2.38,2.81,4.7,4.74,4.94,5.04,0.43,1.72,1.72,-1.5,-0.21,3.43,7.73,5.15,4.94,9.01
2017-12-01,601519,4.66,4.68,4.68,4.63,32520,15148888.0,1.07,0.43,0.02,0.16,9.29,4.75,5.4,4.54,3.24,2.16,3.02,2.38,2.81,1.94,4.69,4.72,4.92,5.03,1.28,1.28,-1.92,-0.64,2.99,7.26,4.7,4.49,8.55,6.62
2017-12-04,601519,4.65,4.69,4.74,4.62,47795,22404366.0,2.56,0.21,0.01,0.24,4.98,5.63,4.76,3.46,2.38,3.25,2.6,3.03,2.16,1.3,4.69,4.71,4.89,5.02,1.07,-2.13,-0.85,2.77,7.04,4.48,4.26,8.32,6.4,6.82
2017-12-05,601519,4.67,4.55,4.74,4.49,54194,25143367.0,5.33,-2.99,-0.14,0.27,8.69,7.8,6.46,5.35,6.24,5.57,6.01,5.12,4.23,5.57,4.66,4.69,4.86,5.0,0.88,2.2,5.93,10.33,7.69,7.47,11.65,9.67,10.11,9.01
2017-12-06,601519,4.54,4.58,4.59,4.5,41259,18731605.0,1.98,0.66,0.03,0.21,7.56,6.22,5.11,6.0,5.33,5.78,4.89,4.0,5.33,5.33,4.63,4.67,4.82,4.97,1.53,5.24,9.61,6.99,6.77,10.92,8.95,9.39,8.3,8.73
2017-12-07,601519,4.55,4.59,4.65,4.52,37719,17341211.0,2.84,0.22,0.01,0.19,5.75,4.65,5.53,4.87,5.31,4.42,3.54,4.87,4.87,1.55,4.62,4.66,4.79,4.95,5.01,9.37,6.75,6.54,10.68,8.71,9.15,8.06,8.5,6.54
2017-12-08,601519,4.7,4.82,4.82,4.67,57085,27315587.0,3.27,5.01,0.23,0.29,1.28,2.14,1.5,1.93,1.07,0.21,1.5,1.5,-1.71,-0.43,4.65,4.67,4.77,4.94,4.15,1.66,1.45,5.39,3.53,3.94,2.9,3.32,1.45,1.87
2017-12-11,601519,4.88,4.89,5.02,4.83,74816,36874422.0,3.94,1.45,0.07,0.38,-1.24,-1.86,-1.45,-2.28,-3.11,-1.86,-1.86,-4.97,-3.73,-0.21,4.69,4.69,4.77,4.92,0.2,0.0,3.89,2.04,2.45,1.43,1.84,0.0,0.41,0.82
2017-12-12,601519,4.9,4.82,4.9,4.79,47785,23046483.0,2.25,-1.43,-0.07,0.24,-1.04,-0.63,-1.46,-2.3,-1.04,-1.04,-4.18,-2.92,0.63,4.8,4.74,4.7,4.76,4.91,1.45,5.39,3.53,3.94,2.9,3.32,1.45,1.87,2.28,1.24
2017-12-13,601519,4.82,4.88,4.89,4.8,40051,19400213.0,1.87,1.24,0.06,0.2,-0.83,-1.67,-2.5,-1.25,-1.25,-4.37,-3.12,0.42,4.58,2.08,4.8,4.72,4.75,4.89,4.1,2.25,2.66,1.64,2.05,0.2,0.61,1.02,0.0,0.2
2017-12-14,601519,4.92,4.96,5.08,4.89,89810,44743084.0,3.89,1.64,0.08,0.45,-3.48,-4.29,-3.07,-3.07,-6.13,-4.91,-1.43,2.66,0.2,0.0,4.87,4.75,4.74,4.88,0.6,1.01,0.0,0.4,-1.41,-1.01,-0.6,-1.61,-1.41,-1.21
2017-12-15,601519,4.97,4.88,4.99,4.87,41486,20371576.0,2.42,-1.61,-0.08,0.21,-3.9,-2.67,-2.67,-5.75,-4.52,-1.03,3.08,0.62,0.41,4.31,4.89,4.77,4.75,4.87,2.66,1.64,2.05,0.2,0.61,1.02,0.0,0.2,0.41,2.46
2017-12-18,601519,4.89,4.92,5.01,4.84,44088,21718651.0,3.48,0.82,0.04,0.22,-2.07,-2.07,-5.17,-3.93,-0.41,3.72,1.24,1.03,4.96,3.1,4.89,4.79,4.75,4.86,0.81,1.22,-0.61,-0.2,0.2,-0.81,-0.61,-0.41,1.63,2.64
2017-12-19,601519,4.91,4.93,4.96,4.9,35116,17295509.0,1.22,0.2,0.01,0.18,-3.27,-6.33,-5.1,-1.63,2.45,0.0,-0.2,3.67,1.84,2.24,4.91,4.83,4.76,4.85,1.01,-0.81,-0.41,0.0,-1.01,-0.81,-0.61,1.42,2.43,1.83
2017-12-20,601519,4.91,4.84,4.98,4.84,37727,18528942.0,2.84,-1.83,-0.09,0.19,-5.17,-3.93,-0.41,3.72,1.24,1.03,4.96,3.1,3.51,2.48,4.91,4.85,4.76,4.83,1.03,1.45,1.86,0.83,1.03,1.24,3.31,4.34,3.72,3.31
2017-12-21,601519,4.82,4.88,4.89,4.8,35586,17272103.0,1.86,0.83,0.04,0.18,-3.12,0.42,4.58,2.08,1.88,5.83,3.96,4.37,3.33,3.75,4.89,4.88,4.77,4.82,0.61,1.02,0.0,0.2,0.41,2.46,3.48,2.87,2.46,3.07
2017-12-22,601519,4.87,4.9,4.91,4.83,29573,14402118.0,1.64,0.41,0.02,0.15,-0.21,3.93,1.45,1.24,5.18,3.31,3.73,2.69,3.11,1.24,4.89,4.89,4.78,4.81,0.61,-0.41,-0.2,0.0,2.04,3.06,2.45,2.04,2.65,2.86
2017-12-25,601519,4.86,4.83,4.93,4.8,34404,16654268.0,2.65,-1.43,-0.07,0.17,4.58,2.08,1.88,5.83,3.96,4.37,3.33,3.75,1.88,2.29,4.88,4.88,4.79,4.8,1.04,1.24,1.45,3.52,4.55,3.93,3.52,4.14,4.35,4.76
2017-12-26,601519,4.83,4.87,4.88,4.8,29231,14138847.0,1.66,0.83,0.04,0.15,2.08,1.88,5.83,3.96,4.37,3.33,3.75,1.88,2.29,2.71,4.86,4.89,4.79,4.8,0.41,0.62,2.67,3.7,3.08,2.67,3.29,3.49,3.9,3.7
2017-12-27,601519,4.85,4.88,4.89,4.83,30754,14960015.0,1.23,0.21,0.01,0.15,1.24,5.18,3.31,3.73,2.69,3.11,1.24,1.66,2.07,1.04,4.87,4.89,4.8,4.79,0.41,2.46,3.48,2.87,2.46,3.07,3.28,3.69,3.48,3.07
2017-12-28,601519,4.86,4.87,4.9,4.84,35426,17248708.0,1.23,-0.2,-0.01,0.18,4.96,3.1,3.51,2.48,2.89,1.03,1.45,1.86,0.83,1.03,4.87,4.88,4.81,4.79,2.67,3.7,3.08,2.67,3.29,3.49,3.9,3.7,3.29,2.26
2017-12-29,601519,4.88,4.96,5.0,4.85,78192,38613202.0,3.08,1.85,0.09,0.39,2.89,3.3,2.27,2.68,0.82,1.24,1.65,0.62,0.82,1.03,4.88,4.89,4.83,4.79,1.81,1.21,0.81,1.41,1.61,2.02,1.81,1.41,0.4,-0.6
2018-01-02,601519,4.95,4.98,5.05,4.94,68609,34266659.0,2.22,0.4,0.02,0.35,1.42,0.4,0.81,-1.01,-0.61,-0.2,-1.21,-1.01,-0.81,1.21,4.91,4.89,4.84,4.8,0.8,0.4,1.0,1.2,1.61,1.41,1.0,0.0,-1.0,-4.82
2018-01-03,601519,4.98,5.0,5.02,4.96,40691,20296705.0,1.2,0.4,0.02,0.2,0.0,0.4,-1.41,-1.01,-0.6,-1.61,-1.41,-1.21,0.81,1.81,4.94,4.9,4.86,4.81,0.0,0.6,0.8,1.2,1.0,0.6,-0.4,-1.4,-5.2,-4.0
2018-01-04,601519,4.99,4.96,5.0,4.94,41024,20384129.0,1.2,-0.8,-0.04,0.21,0.81,-1.01,-0.61,-0.2,-1.21,-1.01,-0.81,1.21,2.23,1.62,4.95,4.91,4.88,4.81,1.41,1.61,2.02,1.81,1.41,0.4,-0.6,-4.44,-3.23,-4.23
2018-01-05,601519,4.93,5.0,5.03,4.93,52778,26318642.0,2.02,0.81,0.04,0.27,-0.81,-0.41,0.0,-1.01,-0.81,-0.61,1.42,2.43,1.83,1.42,4.98,4.92,4.9,4.82,0.8,1.2,1.0,0.6,-0.4,-1.4,-5.2,-4.0,-5.0,-5.4
2018-01-08,601519,4.99,4.97,5.04,4.87,64944,32205437.0,3.4,-0.6,-0.03,0.33,0.82,1.23,0.21,0.41,0.62,2.67,3.7,3.08,2.67,3.29,4.98,4.93,4.91,4.83,1.81,1.61,1.21,0.2,-0.8,-4.63,-3.42,-4.43,-4.83,-4.43
2018-01-09,601519,4.94,5.05,5.06,4.94,62764,31517998.0,2.41,1.61,0.08,0.32,-0.2,-1.21,-1.01,-0.81,1.21,2.23,1.62,1.21,1.82,2.02,5.0,4.95,4.92,4.84,0.0,-0.4,-1.39,-2.38,-6.14,-4.95,-5.94,-6.34,-5.94,-7.13
2018-01-10,601519,5.02,5.0,5.05,4.93,64341,32116792.0,2.38,-0.99,-0.05,0.32,-1.01,-0.81,-0.61,1.42,2.43,1.83,1.42,2.03,2.23,2.64,5.0,4.97,4.93,4.85,0.6,-0.4,-1.4,-5.2,-4.0,-5.0,-5.4,-5.0,-6.2,-1.8
2018-01-11,601519,5.0,4.95,5.03,4.93,54748,27275622.0,2.0,-1.0,-0.05,0.28,-0.81,-0.61,1.42,2.43,1.83,1.42,2.03,2.23,2.64,2.43,4.99,4.97,4.93,4.86,0.61,-0.4,-4.24,-3.03,-4.04,-4.44,-4.04,-5.25,-0.81,-0.81
2018-01-12,601519,4.91,4.92,4.98,4.91,38168,18879331.0,1.41,-0.61,-0.03,0.19,-0.2,1.83,2.85,2.24,1.83,2.44,2.65,3.05,2.85,2.44,4.98,4.98,4.93,4.87,0.2,-3.66,-2.44,-3.46,-3.86,-3.46,-4.67,-0.2,-0.2,-2.24
2018-01-15,601519,4.89,4.69,4.93,4.67,99929,47711911.0,5.28,-4.67,-0.23,0.5,7.07,8.14,7.49,7.07,7.71,7.92,8.35,8.14,7.71,6.64,4.92,4.95,4.92,4.87,1.07,2.35,1.28,0.85,1.28,0.0,4.69,4.69,2.56,0.64
2018-01-16,601519,4.69,4.7,4.74,4.66,52493,24618823.0,1.71,0.21,0.01,0.26,8.37,7.73,7.3,7.94,8.15,8.58,8.37,7.94,6.87,5.79,4.85,4.92,4.91,4.87,2.13,1.06,0.64,1.06,-0.21,4.47,4.47,2.34,0.43,0.64
2018-01-17,601519,4.7,4.75,4.8,4.67,47922,22655517.0,2.77,1.06,0.05,0.24,7.49,7.07,7.71,7.92,8.35,8.14,7.71,6.64,5.57,1.5,4.8,4.9,4.9,4.88,0.0,-0.42,0.0,-1.26,3.37,3.37,1.26,-0.63,-0.42,-2.74
2018-01-18,601519,4.73,4.73,4.75,4.71,29500,13939178.0,0.84,-0.42,-0.02,0.15,6.16,6.79,7.01,7.43,7.22,6.79,5.73,4.67,0.64,1.91,4.76,4.88,4.89,4.88,0.0,0.42,-0.85,3.81,3.81,1.69,-0.21,0.0,-2.33,-7.19
2018-01-19,601519,4.73,4.66,4.73,4.5,64880,30091347.0,4.86,-1.48,-0.07,0.33,11.78,12.0,12.44,12.22,11.78,10.67,9.56,5.33,6.67,5.56,4.71,4.84,4.88,4.88,1.93,0.64,5.36,5.36,3.22,1.29,1.5,-0.86,-5.79,-11.16
2018-01-22,601519,4.61,4.7,4.75,4.55,66845,31133457.0,4.29,0.86,0.04,0.34,10.77,11.21,10.99,10.55,9.45,8.35,4.18,5.49,4.4,3.96,4.71,4.81,4.87,4.88,-0.21,4.47,4.47,2.34,0.43,0.64,-1.7,-6.6,-11.91,-14.26
2018-01-23,601519,4.66,4.68,4.69,4.61,45930,21364275.0,1.7,-0.43,-0.02,0.23,9.76,9.54,9.11,8.03,6.94,2.82,4.12,3.04,2.6,3.04,4.7,4.78,4.87,4.87,4.91,4.91,2.78,0.85,1.07,-1.28,-6.2,-11.54,-13.89,-16.24
2018-01-24,601519,4.66,4.91,4.91,4.64,109464,52529769.0,5.77,4.91,0.23,0.55,8.84,8.41,7.33,6.25,2.16,3.45,2.37,1.94,2.37,1.08,4.74,4.77,4.87,4.87,0.0,-2.04,-3.87,-3.67,-5.91,-10.59,-15.68,-17.92,-20.16,-20.98
2018-01-25,601519,4.86,4.74,4.91,4.72,139578,67004368.0,3.87,-3.46,-0.17,0.7,6.57,5.51,4.45,0.42,1.69,0.64,0.21,0.64,-0.64,4.03,4.74,4.75,4.86,4.87,1.48,-0.42,-0.21,-2.53,-7.38,-12.66,-14.98,-17.3,-18.14,-15.4
2018-01-26,601519,4.68,4.73,4.81,4.63,71731,33848924.0,3.8,-0.21,-0.01,0.36,7.56,6.48,2.38,3.67,2.59,2.16,2.59,1.3,6.05,6.05,4.75,4.73,4.85,4.86,-0.21,0.0,-2.33,-7.19,-12.47,-14.8,-17.12,-17.97,-15.22,-17.34
2018-01-29,601519,4.7,4.6,4.72,4.59,66816,31068426.0,2.75,-2.75,-0.13,0.34,7.41,3.27,4.58,3.49,3.05,3.49,2.18,6.97,6.97,4.79,4.73,4.72,4.84,4.85,2.83,0.43,-4.57,-10.0,-12.39,-14.78,-15.65,-12.83,-15.0,-15.43
2018-01-30,601519,4.65,4.63,4.73,4.61,62736,29234002.0,2.61,0.65,0.03,0.32,2.82,4.12,3.04,2.6,3.04,1.74,6.51,6.51,4.34,2.39,4.72,4.71,4.82,4.84,-0.22,-5.18,-10.58,-12.96,-15.33,-16.2,-13.39,-15.55,-15.98,-15.33
2018-01-31,601519,4.61,4.4,4.62,4.4,142876,63846189.0,4.75,-4.97,-0.23,0.72,9.09,7.95,7.5,7.95,6.59,11.59,11.59,9.32,7.27,7.5,4.62,4.68,4.79,4.83,-0.23,-5.91,-8.41,-10.91,-11.82,-8.86,-11.14,-11.59,-10.91,-11.82
2018-02-01,601519,4.3,4.18,4.39,4.18,118539,50315618.0,4.77,-5.0,-0.22,0.6,13.64,13.16,13.64,12.2,17.46,17.46,15.07,12.92,13.16,10.53,4.51,4.62,4.75,4.8,-0.96,-3.59,-6.22,-7.18,-4.07,-6.46,-6.94,-6.22,-7.18,-6.46
2018-02-02,601519,4.14,4.02,4.14,3.97,125402,50225650.0,4.07,-3.83,-0.16,0.63,19.14,19.65,18.14,23.68,23.68,21.16,18.89,19.14,16.37,10.58,4.37,4.56,4.7,4.78,0.25,-2.49,-3.48,-0.25,-2.74,-3.23,-2.49,-3.48,-2.74,-1.99
2018-02-05,601519,3.92,3.98,4.03,3.83,59876,23701060.0,4.98,-1.0,-0.04,0.3,24.02,22.45,28.2,28.2,25.59,23.24,23.5,20.63,14.62,8.09,4.24,4.49,4.65,4.74,-1.51,-2.51,0.75,-1.76,-2.26,-1.51,-2.51,-1.76,-1.01,2.76
2018-02-06,601519,3.9,3.78,3.92,3.78,103478,39542248.0,3.52,-5.03,-0.2,0.52,24.07,29.89,29.89,27.25,24.87,25.13,22.22,16.14,9.52,6.61,4.07,4.4,4.59,4.71,2.65,6.08,3.44,2.91,3.7,2.65,3.44,4.23,8.2,8.2
2018-02-07,601519,3.83,3.83,3.88,3.68,75385,28596482.0,5.29,1.32,0.05,0.38,33.42,33.42,30.71,28.26,28.53,25.54,19.29,12.5,9.51,6.52,3.96,4.29,4.53,4.67,4.7,2.09,1.57,2.35,1.31,2.09,2.87,6.79,6.79,9.66
2018-02-08,601519,3.83,3.94,4.01,3.81,59833,23448125.0,5.22,2.87,0.11,0.3,28.87,26.25,23.88,24.15,21.26,15.22,8.66,5.77,2.89,1.84,3.91,4.21,4.48,4.64,-0.76,-1.27,-0.51,-1.52,-0.76,0.0,3.81,3.81,6.6,8.63
2018-02-09,601519,3.77,3.78,3.91,3.74,77239,29422275.0,4.31,-4.06,-0.16,0.39,28.61,26.2,26.47,23.53,17.38,10.7,7.75,4.81,3.74,7.22,3.86,4.11,4.42,4.61,2.91,3.7,2.65,3.44,4.23,8.2,8.2,11.11,13.23,15.87
2018-02-12,601519,3.78,3.85,3.89,3.78,48858,18751610.0,2.91,1.85,0.07,0.25,24.87,25.13,22.22,16.14,9.52,6.61,3.7,2.65,6.08,3.44,3.84,4.04,4.38,4.57,1.82,0.78,1.56,2.34,6.23,6.23,9.09,11.17,13.77,9.35
2018-02-13,601519,3.86,3.81,3.92,3.8,82976,32015282.0,3.12,-1.04,-0.04,0.42,24.47,21.58,15.53,8.95,6.05,3.16,2.11,5.53,2.89,2.37,3.84,3.96,4.34,4.53,1.84,2.62,3.41,7.35,7.35,10.24,12.34,14.96,10.5,8.92
2018-02-14,601519,3.77,3.83,3.88,3.77,59714,22848712.0,2.89,0.52,0.02,0.3,22.55,16.45,9.81,6.9,3.98,2.92,6.37,3.71,3.18,3.98,3.84,3.9,4.29,4.49,2.09,2.87,6.79,6.79,9.66,11.75,14.36,9.92,8.36,9.4
2018-02-22,601519,3.85,3.91,3.91,3.82,51755,20074546.0,2.35,2.09,0.08,0.26,14.92,8.38,5.5,2.62,1.57,4.97,2.36,1.83,2.62,1.57,3.84,3.87,4.25,4.46,0.77,4.6,4.6,7.42,9.46,12.02,7.67,6.14,7.16,6.39
2018-02-23,601519,3.9,3.91,3.94,3.89,52123,20408761.0,1.28,0.0,0.0,0.26,6.43,3.6,0.77,-0.26,3.08,0.51,0.0,0.77,-0.26,0.51,3.86,3.86,4.21,4.42,4.6,4.6,7.42,9.46,12.02,7.67,6.14,7.16,6.39,8.18
2018-02-26,601519,3.92,4.05,4.09,3.92,87313,35131362.0,4.35,3.58,0.14,0.44,2.81,0.0,-1.02,2.3,-0.26,-0.77,0.0,-1.02,-0.26,0.51,3.9,3.87,4.18,4.39,0.99,3.7,5.68,8.15,3.95,2.47,3.46,2.72,4.44,4.69
2018-02-27,601519,4.03,4.09,4.09,4.01,56429,22849072.0,1.98,0.99,0.04,0.28,-2.24,-3.24,0.0,-2.49,-2.99,-2.24,-3.24,-2.49,-1.75,2.0,3.96,3.9,4.15,4.36,2.69,4.65,7.09,2.93,1.47,2.44,1.71,3.42,3.67,4.16
2018-02-28,601519,4.05,4.14,4.2,4.02,65925,27272666.0,4.4,1.22,0.05,0.33,-3.48,-0.25,-2.74,-3.23,-2.49,-3.48,-2.74,-1.99,1.74,1.74,4.02,3.93,4.11,4.33,3.38,5.8,1.69,0.24,1.21,0.48,2.17,2.42,2.9,1.69
2018-03-01,601519,4.11,4.25,4.28,4.11,91621,38683388.0,4.11,2.66,0.11,0.46,-2.43,-4.87,-5.35,-4.62,-5.6,-4.87,-4.14,-0.49,-0.49,2.19,4.09,3.96,4.09,4.31,3.06,-0.94,-2.35,-1.41,-2.12,-0.47,-0.24,0.24,-0.94,1.88
2018-03-02,601519,4.24,4.23,4.38,4.21,75951,32418181.0,4.0,-0.47,-0.02,0.38,-7.13,-7.6,-6.89,-7.84,-7.13,-6.41,-2.85,-2.85,-0.24,1.66,4.15,4.01,4.06,4.28,-0.47,-1.89,-0.95,-1.65,0.0,0.24,0.71,-0.47,2.36,-1.18
2018-03-05,601519,4.18,4.1,4.21,4.04,134646,55282222.0,4.02,-3.07,-0.13,0.68,-3.71,-2.97,-3.96,-3.22,-2.48,1.24,1.24,3.96,5.94,8.42,4.16,4.03,4.04,4.26,1.22,2.2,1.46,3.17,3.41,3.9,2.68,5.61,1.95,-0.49
2018-03-06,601519,4.08,4.15,4.15,4.05,80586,33138778.0,2.44,1.22,0.05,0.41,-3.21,-4.2,-3.46,-2.72,0.99,0.99,3.7,5.68,8.15,3.95,4.17,4.07,4.01,4.25,0.96,0.24,1.93,2.17,2.65,1.45,4.34,0.72,-1.69,-3.86
2018-03-07,601519,4.15,4.16,4.19,4.12,65785,27351908.0,1.69,0.24,0.01,0.33,-5.83,-5.1,-4.37,-0.73,-0.73,1.94,3.88,6.31,2.18,0.73,4.18,4.1,4.0,4.23,0.0,1.68,1.92,2.4,1.2,4.09,0.48,-1.92,-4.09,-2.4
2018-03-08,601519,4.15,4.15,4.16,4.13,39260,16266973.0,0.72,-0.24,-0.01,0.2,-5.33,-4.6,-0.97,-0.97,1.69,3.63,6.05,1.94,0.48,1.45,4.16,4.12,4.0,4.21,1.93,2.17,2.65,1.45,4.34,0.72,-1.69,-3.86,-2.17,-2.89
2018-03-09,601519,4.14,4.22,4.23,4.1,103319,42967924.0,3.13,1.69,0.07,0.52,-3.9,-0.24,-0.24,2.44,4.39,6.83,2.68,1.22,2.2,1.46,4.16,4.15,4.01,4.19,0.47,0.95,-0.24,2.61,-0.95,-3.32,-5.45,-3.79,-4.5,-6.4
2018-03-12,601519,4.2,4.2,4.24,4.16,99376,41724392.0,1.9,-0.47,-0.02,0.5,-1.68,-1.68,0.96,2.88,5.29,1.2,-0.24,0.72,0.0,1.68,4.18,4.17,4.02,4.17,1.43,0.24,3.1,-0.48,-2.86,-5.0,-3.33,-4.05,-5.95,-7.62
2018-03-13,601519,4.19,4.21,4.26,4.17,84719,35779232.0,2.14,0.24,0.01,0.43,-1.92,0.72,2.64,5.04,0.96,-0.48,0.48,-0.24,1.44,1.68,4.19,4.18,4.04,4.16,0.0,2.85,-0.71,-3.09,-5.23,-3.56,-4.28,-6.18,-7.84,-5.46
2018-03-14,601519,4.19,4.21,4.21,4.17,55619,23311846.0,0.95,0.0,0.0,0.28,0.72,2.64,5.04,0.96,-0.48,0.48,-0.24,1.44,1.68,2.16,4.2,4.19,4.06,4.14,2.85,-0.71,-3.09,-5.23,-3.56,-4.28,-6.18,-7.84,-5.46,-6.41
2018-03-15,601519,4.21,4.24,4.33,4.18,112826,48059552.0,3.56,0.71,0.03,0.57,2.39,4.78,0.72,-0.72,0.24,-0.48,1.2,1.44,1.91,0.72,4.22,4.19,4.07,4.12,-1.42,-3.77,-5.9,-4.25,-4.95,-6.84,-8.49,-6.13,-7.08,-6.6
2018-03-16,601519,4.15,4.03,4.18,4.03,180998,73863178.0,3.54,-4.95,-0.21,0.91,8.68,4.47,2.98,3.97,3.23,4.96,5.21,5.71,4.47,7.44,4.18,4.17,4.09,4.1,1.24,-0.99,0.74,0.0,-1.99,-3.72,-1.24,-2.23,-1.74,-1.74
2018-03-19,601519,4.01,3.95,4.08,3.93,109510,43852973.0,3.72,-1.99,-0.08,0.55,7.12,5.6,6.62,5.85,7.63,7.89,8.4,7.12,10.18,6.36,4.13,4.15,4.09,4.07,1.01,2.78,2.03,0.0,-1.77,0.76,-0.25,0.25,0.25,0.76
2018-03-20,601519,3.91,3.98,3.99,3.91,72463,28711974.0,2.03,0.76,0.03,0.36,6.14,7.16,6.39,8.18,8.44,8.95,7.67,10.74,6.91,4.35,4.08,4.13,4.1,4.05,2.01,1.26,-0.75,-2.51,0.0,-1.01,-0.5,-0.5,0.0,-1.26
2018-03-21,601519,3.97,3.98,4.06,3.96,65236,26189743.0,2.51,0.0,0.0,0.33,5.81,5.05,6.82,7.07,7.58,6.31,9.34,5.56,3.03,0.76,4.04,4.12,4.11,4.04,1.26,-0.75,-2.51,0.0,-1.01,-0.5,-0.5,0.0,-1.26,-1.01
2018-03-22,601519,3.96,4.0,4.03,3.93,60663,24167648.0,2.51,0.5,0.02,0.31,5.85,7.63,7.89,8.4,7.12,10.18,6.36,3.82,1.53,3.31,3.99,4.1,4.11,4.03,-1.25,-3.0,-0.5,-1.5,-1.0,-1.0,-0.5,-1.75,-1.5,1.75
2018-03-23,601519,3.93,3.8,3.95,3.8,110018,42415169.0,3.75,-5.0,-0.2,0.55,11.32,11.58,12.11,10.79,13.95,10.0,7.37,5.0,6.84,6.05,3.94,4.06,4.11,4.03,2.11,4.74,3.68,4.21,4.21,4.74,3.42,3.68,7.11,7.11
2018-03-26,601519,3.72,3.84,3.88,3.67,81051,30457076.0,5.53,1.05,0.04,0.41,15.53,16.08,14.71,17.98,13.9,11.17,8.72,10.63,9.81,7.63,3.92,4.02,4.1,4.02,3.65,2.6,3.12,3.12,3.65,2.34,2.6,5.99,5.99,6.25
2018-03-27,601519,3.84,3.94,3.98,3.84,69863,27378598.0,3.65,2.6,0.1,0.35,10.94,9.64,12.76,8.85,6.25,3.91,5.73,4.95,2.86,1.04,3.91,4.0,4.09,4.03,0.0,0.51,0.51,1.02,-0.25,0.0,3.3,3.3,3.55,2.79
2018-03-28,601519,3.87,3.91,3.94,3.86,53156,20764117.0,2.03,-0.76,-0.03,0.27,9.07,12.18,8.29,5.7,3.37,5.18,4.4,2.33,0.52,3.11,3.9,3.97,4.08,4.03,1.28,1.28,1.79,0.51,0.77,4.09,4.09,4.35,3.58,4.09
2018-03-29,601519,3.92,3.93,3.96,3.9,36532,14373155.0,1.53,0.51,0.02,0.18,11.03,7.18,4.62,2.31,4.1,3.33,1.28,-0.51,2.05,1.03,3.88,3.94,4.06,4.03,0.76,1.27,0.0,0.25,3.56,3.56,3.82,3.05,3.56,3.56
2018-03-30,601519,3.94,3.96,3.96,3.92,70382,27759282.0,1.02,0.76,0.03,0.35,6.63,4.08,1.79,3.57,2.81,0.77,-1.02,1.53,0.51,1.02,3.92,3.93,4.05,4.03,0.51,-0.76,-0.51,2.78,2.78,3.03,2.27,2.78,2.78,2.02
2018-04-02,601519,3.94,3.94,3.98,3.91,62146,24550004.0,1.77,-0.51,-0.02,0.31,4.35,2.05,3.84,3.07,1.02,-0.77,1.79,0.77,1.28,1.28,3.94,3.93,4.04,4.04,-0.25,0.0,3.3,3.3,3.55,2.79,3.3,3.3,2.54,2.54
2018-04-03,601519,3.9,3.9,3.93,3.88,46542,18160229.0,1.27,-1.02,-0.04,0.23,2.84,4.64,3.87,1.8,0.0,2.58,1.55,2.06,2.06,2.58,3.93,3.92,4.03,4.04,1.03,4.36,4.36,4.62,3.85,4.36,4.36,3.59,3.59,8.21
2018-04-04,601519,3.93,3.88,3.94,3.87,41973,16407025.0,1.79,-0.51,-0.02,0.21,4.91,4.13,2.07,0.26,2.84,1.81,2.33,2.33,2.84,1.55,3.92,3.91,4.01,4.04,4.9,4.9,5.15,4.38,4.9,4.9,4.12,4.12,8.76,8.25
2018-04-09,601519,3.87,4.04,4.07,3.86,108026,43143641.0,5.41,4.12,0.16,0.54,4.4,2.33,0.52,3.11,2.07,2.59,2.59,3.11,1.81,2.07,3.94,3.91,4.01,4.05,0.74,0.99,0.25,0.74,0.74,0.0,0.0,4.46,3.96,4.46
2018-04-10,601519,4.03,4.04,4.07,3.97,77074,30970824.0,2.48,0.0,0.0,0.39,-0.5,-2.27,0.25,-0.76,-0.25,-0.25,0.25,-1.01,-0.76,2.52,3.96,3.94,4.0,4.05,0.99,0.25,0.74,0.74,0.0,0.0,4.46,3.96,4.46,3.71
2018-04-11,601519,4.05,4.04,4.08,4.03,61301,24835692.0,1.24,0.0,0.0,0.31,-3.72,-1.24,-2.23,-1.74,-1.74,-1.24,-2.48,-2.23,0.99,0.99,3.98,3.96,3.99,4.05,0.25,0.74,0.74,0.0,0.0,4.46,3.96,4.46,3.71,7.18
2018-04-12,601519,4.02,4.01,4.05,4.0,37781,15211212.0,1.24,-0.74,-0.03,0.19,-0.5,-1.5,-1.0,-1.0,-0.5,-1.75,-1.5,1.75,1.75,2.0,4.0,3.96,3.98,4.05,1.5,1.5,0.75,0.75,5.24,4.74,5.24,4.49,7.98,7.73
2018-04-13,601519,4.01,4.05,4.07,4.01,54141,21870856.0,1.5,1.0,0.04,0.27,-1.75,-1.25,-1.25,-0.75,-2.0,-1.75,1.5,1.5,1.75,1.0,4.04,3.98,3.97,4.04,0.49,-0.25,-0.25,4.2,3.7,4.2,3.46,6.91,6.67,5.68
2018-04-16,601519,4.04,3.93,4.07,3.92,71700,28653426.0,3.7,-2.96,-0.12,0.36,1.02,1.02,1.53,0.26,0.51,3.83,3.83,4.08,3.32,3.83,4.01,3.98,3.96,4.03,2.8,2.8,7.38,6.87,7.38,6.62,10.18,9.92,8.91,10.18
2018-04-17,601519,3.95,3.98,4.04,3.95,68632,27371735.0,2.29,1.27,0.05,0.35,0.25,0.76,-0.51,-0.25,3.04,3.04,3.29,2.53,3.04,3.04,4.0,3.98,3.96,4.03,1.51,6.03,5.53,6.03,5.28,8.79,8.54,7.54,8.79,9.55
2018-04-18,601519,4.02,4.02,4.04,3.95,53720,21423731.0,2.26,1.01,0.04,0.27,0.76,-0.51,-0.25,3.04,3.04,3.29,2.53,3.04,3.04,2.28,4.0,3.99,3.96,4.02,4.98,4.48,4.98,4.23,7.71,7.46,6.47,7.71,8.46,12.19
2018-04-19,601519,4.02,4.14,4.22,4.01,141812,58669563.0,5.22,2.99,0.12,0.71,-2.0,-1.75,1.5,1.5,1.75,1.0,1.5,1.5,0.75,0.75,4.02,4.01,3.97,4.02,1.45,1.93,1.21,4.59,4.35,3.38,4.59,5.31,8.94,9.9
2018-04-20,601519,4.11,4.1,4.2,4.07,86969,35903225.0,3.14,-0.97,-0.04,0.44,-3.19,0.0,0.0,0.25,-0.49,0.0,0.0,-0.74,-0.74,3.69,4.03,4.03,3.97,4.02,2.93,2.2,5.61,5.37,4.39,5.61,6.34,10.0,10.98,12.93
2018-04-23,601519,4.07,4.14,4.22,4.07,81632,33861993.0,3.66,0.98,0.04,0.41,0.0,0.0,0.25,-0.49,0.0,0.0,-0.74,-0.74,3.69,3.19,4.08,4.04,3.98,4.02,1.21,4.59,4.35,3.38,4.59,5.31,8.94,9.9,11.84,22.46
2018-04-24,601519,4.14,4.18,4.19,4.13,46439,19318847.0,1.45,0.97,0.04,0.23,-1.45,-1.21,-1.94,-1.45,-1.45,-2.18,-2.18,2.18,1.69,2.18,4.12,4.06,4.0,4.02,3.59,3.35,2.39,3.59,4.31,7.89,8.85,10.77,21.29,27.75
2018-04-25,601519,4.18,4.29,4.33,4.15,108644,46240532.0,4.31,2.63,0.11,0.55,-1.69,-2.41,-1.93,-1.93,-2.65,-2.65,1.69,1.2,1.69,0.96,4.17,4.08,4.02,4.02,0.7,-0.23,0.93,1.63,5.13,6.06,7.93,18.18,24.48,16.55
2018-04-26,601519,4.28,4.23,4.32,4.2,85779,36506452.0,2.8,-1.4,-0.06,0.43,-3.57,-3.1,-3.1,-3.81,-3.81,0.48,0.0,0.48,-0.24,3.1,4.19,4.11,4.04,4.02,1.18,2.36,3.07,6.62,7.57,9.46,19.86,26.24,18.2,14.18
2018-04-27,601519,4.22,4.13,4.28,4.08,114180,47384919.0,4.73,-2.36,-0.1,0.57,-0.25,-0.25,-0.98,-0.98,3.43,2.94,3.43,2.7,6.13,5.88,4.19,4.11,4.05,4.02,4.84,5.57,9.2,10.17,12.11,22.76,29.3,21.07,16.95,14.77
2018-05-02,601519,4.29,4.19,4.33,4.18,136273,58125026.0,3.63,1.45,0.06,0.69,-2.63,-3.35,-3.35,0.96,0.48,0.96,0.24,3.59,3.35,2.39,4.2,4.14,4.06,4.02,4.06,7.64,8.59,10.5,21.0,27.45,19.33,15.27,13.13,11.22
2018-05-03,601519,4.18,4.31,4.36,4.16,97447,41444742.0,4.77,2.86,0.12,0.49,-2.88,-2.88,1.44,0.96,1.44,0.72,4.09,3.85,2.88,4.09,4.23,4.17,4.08,4.03,4.64,5.57,7.42,17.63,23.9,16.01,12.06,9.98,8.12,7.42
2018-05-04,601519,4.29,4.5,4.51,4.27,134807,59419395.0,5.57,4.41,0.19,0.68,-5.39,-1.17,-1.64,-1.17,-1.87,1.41,1.17,0.23,1.41,2.11,4.27,4.22,4.11,4.05,1.11,2.89,12.67,18.67,11.11,7.33,5.33,3.56,2.89,5.11
2018-05-07,601519,4.48,4.49,4.55,4.43,121801,54562627.0,2.67,-0.22,-0.01,0.61,-4.74,-5.19,-4.74,-5.42,-2.26,-2.48,-3.39,-2.26,-1.58,1.81,4.32,4.26,4.13,4.06,3.12,12.92,18.93,11.36,7.57,5.57,3.79,3.12,5.35,4.01
2018-05-08,601519,4.51,4.61,4.63,4.51,134423,61604067.0,2.67,2.67,0.12,0.68,-6.87,-6.43,-7.1,-3.99,-4.21,-5.1,-3.99,-3.33,0.0,0.89,4.42,4.31,4.17,4.08,9.98,15.84,8.46,4.77,2.82,1.08,0.43,2.6,1.3,-0.43
2018-05-10,601519,4.6,5.07,5.07,4.5,691481,341743680.0,12.36,9.98,0.46,3.48,-6.22,-6.89,-3.78,-4.0,-4.89,-3.78,-3.11,0.22,1.11,2.89,4.6,4.4,4.22,4.12,5.33,-1.38,-4.73,-6.51,-8.09,-8.68,-6.71,-7.89,-9.47,-9.66
2018-05-11,601519,4.98,5.11,5.34,4.98,630850,323884352.0,7.1,0.79,0.04,3.17,-15.86,-13.05,-13.25,-14.06,-13.05,-12.45,-9.44,-8.63,-7.03,1.81,4.76,4.49,4.28,4.16,-2.15,-5.48,-7.24,-8.81,-9.39,-7.44,-8.61,-10.18,-10.37,-11.35
2018-05-14,601519,4.99,4.77,5.0,4.6,366288,174944851.0,7.83,-6.65,-0.34,1.84,-5.87,-6.09,-6.96,-5.87,-5.22,-1.96,-1.09,0.65,10.22,16.09,4.81,4.54,4.31,4.19,1.26,-0.63,-2.31,-2.94,-0.84,-2.1,-3.77,-3.98,-5.03,-8.6
2018-05-15,601519,4.73,4.79,4.83,4.63,202544,95930669.0,4.19,0.42,0.02,1.02,-6.7,-7.56,-6.48,-5.83,-2.59,-1.73,0.0,9.5,15.33,7.99,4.87,4.6,4.35,4.22,-1.04,-2.71,-3.34,-1.25,-2.51,-4.18,-4.38,-5.43,-8.98,-10.86
2018-05-16,601519,4.74,4.66,4.74,4.64,158785,74448571.0,2.09,-2.71,-0.13,0.8,-7.76,-6.68,-6.03,-2.8,-1.94,-0.22,9.27,15.09,7.76,4.09,4.88,4.65,4.38,4.25,0.0,-0.64,1.5,0.21,-1.5,-1.72,-2.79,-6.44,-8.37,-11.59
2018-05-17,601519,4.6,4.59,4.66,4.51,133805,61310850.0,3.22,-1.5,-0.07,0.67,-3.99,-3.33,0.0,0.89,2.66,12.42,18.4,10.86,7.1,5.1,4.78,4.69,4.42,4.27,0.87,3.05,1.74,0.0,-0.22,-1.31,-5.01,-6.97,-10.24,-10.68
2018-05-18,601519,4.56,4.58,4.63,4.52,106116,48555057.0,2.4,-0.22,-0.01,0.53,-3.54,-0.22,0.66,2.43,12.17,18.14,10.62,6.86,4.87,3.1,4.68,4.72,4.45,4.29,3.28,1.97,0.22,0.0,-1.09,-4.8,-6.77,-10.04,-10.48,-3.49
2018-05-21,601519,4.58,4.66,4.73,4.57,126366,58986006.0,3.49,1.75,0.08,0.64,-1.31,-0.44,1.31,10.94,16.85,9.41,5.69,3.72,1.97,1.31,4.66,4.73,4.48,4.31,0.21,-1.5,-1.72,-2.79,-6.44,-8.37,-11.59,-12.02,-5.15,-9.01
2018-05-22,601519,4.66,4.6,4.67,4.55,114510,52578524.0,2.58,-1.29,-0.06,0.58,0.0,1.76,11.43,17.36,9.89,6.15,4.18,2.42,1.76,3.96,4.62,4.74,4.5,4.34,-0.22,-0.43,-1.52,-5.22,-7.17,-10.43,-10.87,-3.91,-7.83,-8.7
2018-05-23,601519,4.59,4.51,4.59,4.48,103151,46709262.0,2.39,-1.96,-0.09,0.52,3.35,13.17,19.2,11.61,7.81,5.8,4.02,3.35,5.58,4.24,4.59,4.73,4.52,4.36,1.55,0.44,-3.33,-5.32,-8.65,-9.09,-2.0,-5.99,-6.87,-1.77
2018-05-24,601519,4.5,4.53,4.58,4.46,98615,44754998.0,2.66,0.44,0.02,0.5,13.68,19.73,12.11,8.3,6.28,4.48,3.81,6.05,4.71,2.91,4.58,4.68,4.54,4.37,0.0,-3.75,-5.74,-9.05,-9.49,-2.43,-6.4,-7.28,-2.21,-2.87
2018-05-25,601519,4.51,4.4,4.53,4.38,124051,55071501.0,3.31,-2.87,-0.13,0.62,21.92,14.16,10.27,8.22,6.39,5.71,7.99,6.62,4.79,4.57,4.54,4.61,4.55,4.39,-0.91,-2.95,-6.36,-6.82,0.45,-3.64,-4.55,0.68,0.0,-1.82
2018-05-28,601519,4.33,4.21,4.36,4.2,155542,66384045.0,3.64,-4.32,-0.19,0.78,19.05,15.0,12.86,10.95,10.24,12.62,11.19,9.29,9.05,7.86,4.45,4.55,4.55,4.39,1.43,-2.14,-2.61,4.99,0.71,-0.24,5.23,4.51,2.61,5.7
2018-05-29,601519,4.16,4.19,4.27,4.15,90944,38413252.0,2.85,-0.48,-0.02,0.46,16.39,14.22,12.29,11.57,13.98,12.53,10.6,10.36,9.16,5.06,4.37,4.49,4.55,4.4,-1.67,-2.15,5.49,1.19,0.24,5.73,5.01,3.1,6.21,4.3
2018-05-30,601519,4.11,4.02,4.12,3.97,114980,46674928.0,3.58,-4.06,-0.17,0.58,19.4,17.38,16.62,19.14,17.63,15.62,15.37,14.11,9.82,7.56,4.27,4.43,4.54,4.4,1.99,9.95,5.47,4.48,10.2,9.45,7.46,10.7,8.71,7.96
2018-05-31,601519,4.06,4.1,4.1,4.04,81469,33189696.0,1.49,1.99,0.08,0.41,15.35,14.6,17.08,15.59,13.61,13.37,12.13,7.92,5.69,1.98,4.18,4.38,4.54,4.4,7.8,3.41,2.44,8.05,7.32,5.37,8.54,6.59,5.85,4.63
2018-06-01,601519,4.07,4.21,4.42,4.05,183520,77968907.0,9.02,2.68,0.11,0.92,14.32,16.79,15.31,13.33,13.09,11.85,7.65,5.43,1.73,1.23,4.15,4.34,4.53,4.41,0.71,-0.24,5.23,4.51,2.61,5.7,3.8,3.09,1.9,0.48
2018-06-04,601519,4.16,4.16,4.24,4.11,84683,35367013.0,3.09,-1.19,-0.05,0.43,15.09,13.63,11.68,11.44,10.22,6.08,3.89,0.24,-0.24,7.54,4.14,4.29,4.51,4.42,0.96,6.49,5.77,3.85,6.97,5.05,4.33,3.12,1.68,-2.88
2018-06-05,601519,4.17,4.19,4.2,4.16,69961,29243782.0,0.96,0.72,0.03,0.35,12.26,10.34,10.1,8.89,4.81,2.64,-0.96,-1.44,6.25,1.92,4.14,4.25,4.5,4.42,5.73,5.01,3.1,6.21,4.3,3.58,2.39,0.95,-3.58,-7.64
2018-06-06,601519,4.17,4.37,4.43,4.16,184466,79586368.0,6.44,4.3,0.18,0.93,10.34,10.1,8.89,4.81,2.64,-0.96,-1.44,6.25,1.92,0.96,4.21,4.24,4.49,4.43,0.69,-1.14,1.83,0.0,-0.69,-1.83,-3.2,-7.55,-11.44,-10.53
2018-06-07,601519,4.36,4.31,4.4,4.29,82549,35758675.0,2.52,-1.37,-0.06,0.42,6.76,5.59,1.63,-0.47,-3.96,-4.43,3.03,-1.17,-2.1,3.26,4.25,4.22,4.45,4.43,0.23,3.25,1.39,0.7,-0.46,-1.86,-6.26,-10.21,-9.28,-10.9
2018-06-08,601519,4.27,4.19,4.32,4.13,80231,33748003.0,4.41,-2.78,-0.12,0.4,9.69,5.57,3.39,-0.24,-0.73,7.02,2.66,1.69,7.26,6.54,4.24,4.19,4.4,4.43,6.21,4.3,3.58,2.39,0.95,-3.58,-7.64,-6.68,-8.35,-7.4
2018-06-11,601519,4.17,4.33,4.45,4.12,118072,50991868.0,7.88,3.34,0.14,0.59,5.83,3.64,0.0,-0.49,7.28,2.91,1.94,7.52,6.8,4.85,4.28,4.21,4.38,4.43,0.92,0.23,-0.92,-2.31,-6.7,-10.62,-9.7,-11.32,-10.39,-10.62
2018-06-12,601519,4.33,4.35,4.37,4.24,73681,31745114.0,3.0,0.46,0.02,0.37,0.71,-2.83,-3.3,4.25,0.0,-0.94,4.48,3.77,1.89,4.95,4.31,4.22,4.36,4.44,-0.23,-1.38,-2.76,-7.13,-11.03,-10.11,-11.72,-10.8,-11.03,-11.95
2018-06-13,601519,4.32,4.21,4.34,4.19,68883,29375291.0,3.45,-3.22,-0.14,0.35,-1.67,-2.15,5.49,1.19,0.24,5.73,5.01,3.1,6.21,4.3,4.28,4.24,4.34,4.44,1.9,0.48,-4.04,-8.08,-7.13,-8.79,-7.84,-8.08,-9.03,-8.55
2018-06-14,601519,4.2,4.17,4.29,4.16,68539,28860304.0,3.09,-0.95,-0.04,0.34,-1.44,6.25,1.92,0.96,6.49,5.77,3.85,6.97,5.05,4.33,4.25,4.25,4.31,4.44,1.44,-3.12,-7.19,-6.24,-7.91,-6.95,-7.19,-8.15,-7.67,-7.91
2018-06-15,601519,4.17,4.04,4.23,3.99,93671,38381673.0,5.76,-3.12,-0.13,0.47,10.78,6.27,5.26,11.03,10.28,8.27,11.53,9.52,8.77,7.52,4.22,4.23,4.29,4.43,0.0,-4.21,-3.22,-4.95,-3.96,-4.21,-5.2,-4.7,-4.95,-1.24
2018-06-19,601519,3.97,3.76,4.04,3.66,133136,50956087.0,9.41,-6.93,-0.28,0.67,15.85,14.75,21.04,20.22,18.03,21.58,19.4,18.58,17.21,15.57,4.11,4.19,4.24,4.41,2.93,3.99,2.13,3.19,2.93,1.86,2.39,2.13,6.12,4.52
2018-06-20,601519,3.77,3.84,3.87,3.73,77169,29370808.0,3.72,2.13,0.08,0.39,12.6,18.77,17.96,15.82,19.3,17.16,16.35,15.01,13.4,8.31,4.0,4.16,4.2,4.38,1.82,0.0,1.04,0.78,-0.26,0.26,0.0,3.91,2.34,1.56
2018-06-21,601519,3.83,3.77,3.91,3.76,79682,30581110.0,3.91,-1.82,-0.07,0.4,17.82,17.02,14.89,18.35,16.22,15.43,14.1,12.5,7.45,2.93,3.92,4.1,4.17,4.36,1.86,2.92,2.65,1.59,2.12,1.86,5.84,4.24,3.45,2.39
2018-06-22,601519,3.74,3.82,3.84,3.7,51942,19696959.0,3.71,1.33,0.05,0.26,18.92,16.76,20.27,18.11,17.3,15.95,14.32,9.19,4.59,5.68,3.85,4.05,4.13,4.31,1.57,1.31,0.26,0.79,0.52,4.45,2.88,2.09,1.05,0.0
2018-06-25,601519,3.85,3.78,3.88,3.78,60695,23202413.0,2.62,-1.05,-0.04,0.31,14.29,17.72,15.61,14.81,13.49,11.9,6.88,2.38,3.44,1.59,3.79,4.01,4.1,4.27,2.38,1.32,1.85,1.59,5.56,3.97,3.17,2.12,1.06,1.06
2018-06-26,601519,3.71,3.83,3.87,3.66,73636,27724508.0,5.56,1.32,0.05,0.37,21.58,19.4,18.58,17.21,15.57,10.38,5.74,6.83,4.92,6.01,3.81,3.96,4.08,4.24,0.0,0.52,0.26,4.18,2.61,1.83,0.78,-0.26,-0.26,-0.26
2018-06-27,601519,3.82,3.79,3.83,3.77,57883,21951435.0,1.57,-1.04,-0.04,0.29,15.92,15.12,13.79,12.2,7.16,2.65,3.71,1.86,2.92,2.65,3.8,3.9,4.06,4.21,1.58,1.32,5.28,3.69,2.9,1.85,0.79,0.79,0.79,-0.26
2018-06-28,601519,3.77,3.72,3.85,3.71,58025,21981528.0,3.69,-1.85,-0.07,0.29,16.98,15.63,14.02,8.89,4.31,5.39,3.5,4.58,4.31,3.23,3.79,3.85,4.05,4.17,3.23,7.26,5.65,4.84,3.76,2.69,2.69,2.69,1.61,2.69
2018-06-29,601519,3.74,3.84,3.84,3.73,74847,28469913.0,2.96,3.23,0.12,0.38,15.01,13.4,8.31,3.75,4.83,2.95,4.02,3.75,2.68,3.22,3.79,3.82,4.03,4.15,3.91,2.34,1.56,0.52,-0.52,-0.52,-0.52,-1.56,-0.52,-1.3
2018-07-02,601519,3.81,3.8,3.99,3.76,83896,32298244.0,5.99,-1.04,-0.04,0.42,12.5,7.45,2.93,3.99,2.13,3.19,2.93,1.86,2.39,2.13,3.8,3.79,4.01,4.12,3.42,2.63,1.58,0.53,0.53,0.53,-0.53,0.53,-0.26,-0.53
2018-07-03,601519,3.79,3.89,3.93,3.77,79687,30670624.0,4.21,2.37,0.09,0.4,7.16,2.65,3.71,1.86,2.92,2.65,1.59,2.12,1.86,5.84,3.81,3.81,4.0,4.1,0.26,-0.77,-1.8,-1.8,-1.8,-2.83,-1.8,-2.57,-2.83,-3.6
2018-07-04,601519,3.86,3.81,3.9,3.79,57889,22213684.0,2.83,-2.06,-0.08,0.29,2.11,3.17,1.32,2.37,2.11,1.06,1.58,1.32,5.28,3.69,3.81,3.8,3.98,4.07,1.31,0.26,0.26,0.26,-0.79,0.26,-0.52,-0.79,-1.57,-1.05
2018-07-05,601519,3.8,3.78,3.86,3.78,72441,27635347.0,2.1,-0.79,-0.03,0.36,3.44,1.59,2.65,2.38,1.32,1.85,1.59,5.56,3.97,3.17,3.82,3.81,3.95,4.05,1.06,1.06,1.06,0.0,1.06,0.26,0.0,-0.79,-0.26,-1.32
2018-07-06,601519,3.77,3.77,3.82,3.64,80348,30242614.0,4.76,-0.26,-0.01,0.4,5.49,6.59,6.32,5.22,5.77,5.49,9.62,7.97,7.14,6.04,3.81,3.8,3.92,4.02,1.33,1.33,0.27,1.33,0.53,0.27,-0.53,0.0,-1.06,-1.06
2018-07-09,601519,3.76,3.81,3.82,3.75,48969,18545663.0,1.86,1.06,0.04,0.25,3.47,3.2,2.13,2.67,2.4,6.4,4.8,4.0,2.93,1.87,3.81,3.8,3.91,4.0,0.26,-0.79,0.26,-0.52,-0.79,-1.57,-1.05,-2.1,-2.1,-1.57
2018-07-10,601519,3.81,3.81,3.82,3.77,51245,19417347.0,1.31,0.0,0.0,0.26,2.65,1.59,2.12,1.86,5.84,4.24,3.45,2.39,1.33,1.33,3.8,3.8,3.88,3.99,-0.79,0.26,-0.52,-0.79,-1.57,-1.05,-2.1,-2.1,-1.57,7.35
2018-07-11,601519,3.78,3.67,3.78,3.63,83496,30757296.0,3.94,-3.67,-0.14,0.42,5.51,6.06,5.79,9.92,8.26,7.44,6.34,5.23,5.23,5.23,3.77,3.79,3.85,3.97,4.09,3.27,3.0,2.18,2.72,1.63,1.63,2.18,11.44,5.99
2018-07-12,601519,3.67,3.77,3.82,3.67,71273,26832427.0,4.09,2.72,0.1,0.36,4.9,4.63,8.72,7.08,6.27,5.18,4.09,4.09,4.09,3.0,3.77,3.79,3.82,3.96,0.53,0.27,-0.53,0.0,-1.06,-1.06,-0.53,8.49,3.18,5.57
2018-07-13,601519,3.78,3.78,3.79,3.74,43768,16514067.0,1.33,0.27,0.01,0.22,2.67,6.68,5.08,4.28,3.21,2.14,2.14,2.14,1.07,2.14,3.77,3.79,3.8,3.95,0.0,-0.79,-0.26,-1.32,-1.32,-0.79,8.2,2.91,5.29,8.2
2018-07-16,601519,3.77,3.76,3.78,3.71,50390,18857398.0,1.85,-0.53,-0.02,0.25,7.55,5.93,5.12,4.04,2.96,2.96,2.96,1.89,2.96,2.16,3.76,3.78,3.79,3.94,-0.27,0.27,-0.8,-0.8,-0.27,8.78,3.46,5.85,8.78,5.59
2018-07-17,601519,3.75,3.74,3.75,3.7,49995,18628175.0,1.33,-0.53,-0.02,0.25,6.22,5.41,4.32,3.24,3.24,3.24,2.16,3.24,2.43,2.16,3.74,3.77,3.79,3.92,0.8,-0.27,-0.27,0.27,9.36,4.01,6.42,9.36,6.15,3.74
2018-07-18,601519,3.74,3.72,3.77,3.71,51627,19297933.0,1.6,-0.53,-0.02,0.26,5.12,4.04,2.96,2.96,2.96,1.89,2.96,2.16,1.89,1.08,3.75,3.76,3.78,3.91,0.27,0.27,0.81,9.95,4.57,6.99,9.95,6.72,4.3,5.11
2018-07-19,601519,3.7,3.65,3.73,3.65,53045,19541160.0,2.15,-1.88,-0.07,0.27,5.75,4.66,4.66,4.66,3.56,4.66,3.84,3.56,2.74,3.29,3.73,3.75,3.78,3.88,2.19,2.74,12.05,6.58,9.04,12.05,8.77,6.3,7.12,3.56
2018-07-20,601519,3.67,3.71,3.73,3.61,56000,20568167.0,3.29,1.64,0.06,0.28,5.82,5.82,5.82,4.71,5.82,4.99,4.71,3.88,4.43,3.32,3.72,3.74,3.77,3.86,1.08,10.24,4.85,7.28,10.24,7.01,4.58,5.39,1.89,0.54
2018-07-23,601519,3.67,3.73,3.75,3.65,61115,22625334.0,2.7,0.54,0.02,0.31,4.66,4.66,3.56,4.66,3.84,3.56,2.74,3.29,2.19,2.19,3.71,3.73,3.77,3.85,9.65,4.29,6.7,9.65,6.43,4.02,4.83,1.34,0.0,0.8
2018-07-24,601519,3.72,3.89,4.09,3.71,188998,74123752.0,10.19,4.29,0.16,0.95,2.96,1.89,2.96,2.16,1.89,1.08,1.62,0.54,0.54,1.08,3.74,3.74,3.77,3.83,0.0,2.31,5.14,2.06,-0.26,0.51,-2.83,-4.11,-3.34,0.77
2018-07-25,601519,3.83,3.86,3.89,3.82,90309,34791415.0,1.8,-0.77,-0.03,0.45,-1.05,0.0,-0.79,-1.05,-1.83,-1.31,-2.36,-2.36,-1.83,7.07,3.77,3.76,3.78,3.82,3.11,5.96,2.85,0.52,1.3,-2.07,-3.37,-2.59,1.55,0.0
2018-07-26,601519,3.84,3.9,3.98,3.84,115154,45203124.0,3.63,1.04,0.04,0.58,-0.52,-1.3,-1.56,-2.34,-1.82,-2.86,-2.86,-2.34,6.51,1.3,3.82,3.77,3.78,3.81,4.87,1.79,-0.51,0.26,-3.08,-4.36,-3.59,0.51,-1.03,0.77
2018-07-27,601519,3.88,3.98,4.09,3.86,126248,50292164.0,5.9,2.05,0.08,0.64,-1.81,-2.07,-2.85,-2.33,-3.37,-3.37,-2.85,5.96,0.78,3.11,3.87,3.79,3.79,3.8,-0.25,-2.51,-1.76,-5.03,-6.28,-5.53,-1.51,-3.02,-1.26,-2.51
2018-07-30,601519,3.93,3.83,3.97,3.83,92604,35910563.0,3.52,-3.77,-0.15,0.47,-1.31,-2.09,-1.57,-2.61,-2.61,-2.09,6.79,1.57,3.92,6.79,3.89,3.8,3.79,3.79,1.31,2.09,-1.31,-2.61,-1.83,2.35,0.78,2.61,1.31,0.26
2018-07-31,601519,3.83,3.88,3.88,3.81,56260,21720589.0,1.83,1.31,0.05,0.28,-1.57,-1.05,-2.1,-2.1,-1.57,7.35,2.1,4.46,7.35,4.2,3.89,3.81,3.79,3.8,0.77,-2.58,-3.87,-3.09,1.03,-0.52,1.29,0.0,-1.03,-1.03
2018-08-01,601519,3.9,3.79,3.91,3.75,58810,22562869.0,4.12,-2.32,-0.09,0.3,0.53,-0.53,-0.53,0.0,9.07,3.73,6.13,9.07,5.87,3.47,3.88,3.82,3.79,3.8,-0.26,-1.58,-0.79,3.43,1.85,3.69,2.37,1.32,1.32,0.79
2018-08-02,601519,3.75,3.71,3.78,3.61,79399,29256863.0,4.49,-2.11,-0.08,0.4,3.32,3.32,3.88,13.3,7.76,10.25,13.3,9.97,7.48,8.31,3.84,3.83,3.79,3.79,0.54,1.35,5.66,4.04,5.93,4.58,3.5,3.5,2.96,2.16
2018-08-03,601519,3.7,3.68,3.73,3.66,41470,15338302.0,1.89,-0.81,-0.03,0.21,1.91,2.46,11.75,6.28,8.74,11.75,8.47,6.01,6.83,3.28,3.78,3.82,3.78,3.79,2.17,6.52,4.89,6.79,5.43,4.35,4.35,3.8,2.99,2.99
2018-08-06,601519,3.63,3.7,3.76,3.63,67106,24946836.0,3.53,0.54,0.02,0.34,3.31,12.67,7.16,9.64,12.67,9.37,6.89,7.71,4.13,2.75,3.75,3.82,3.78,3.79,5.95,4.32,6.22,4.86,3.78,3.78,3.24,2.43,2.43,1.62
2018-08-07,601519,3.69,3.86,3.92,3.69,74195,28278902.0,6.22,4.32,0.16,0.37,10.84,5.42,7.86,10.84,7.59,5.15,5.96,2.44,1.08,1.9,3.75,3.82,3.78,3.79,0.0,1.81,0.52,-0.52,-0.52,-1.04,-1.81,-1.81,-2.59,-1.81
2018-08-08,601519,3.85,3.79,3.86,3.77,49762,18958111.0,2.33,-1.81,-0.07,0.25,3.18,5.57,8.49,5.31,2.92,3.71,0.27,-1.06,-0.27,3.98,3.75,3.81,3.79,3.79,3.69,2.37,1.32,1.32,0.79,0.0,0.0,-0.79,0.0,-0.79
2018-08-09,601519,3.76,3.86,3.93,3.76,93370,36056894.0,4.49,1.85,0.07,0.47,5.85,8.78,5.59,3.19,3.99,0.53,-0.8,0.0,4.26,2.66,3.78,3.81,3.79,3.79,0.52,-0.52,-0.52,-1.04,-1.81,-1.81,-2.59,-1.81,-2.59,-2.33
2018-08-10,601519,3.85,3.87,3.88,3.83,50302,19388452.0,1.3,0.26,0.01,0.25,6.79,3.66,1.31,2.09,-1.31,-2.61,-1.83,2.35,0.78,2.61,3.82,3.8,3.8,3.79,-0.78,-0.78,-1.29,-2.07,-2.07,-2.84,-2.07,-2.84,-2.58,-1.55
2018-08-13,601519,3.82,3.82,3.84,3.75,59088,22396773.0,2.33,-1.29,-0.05,0.3,5.87,3.47,4.27,0.8,-0.53,0.27,4.53,2.93,4.8,3.47,3.84,3.8,3.8,3.79,0.52,0.0,-0.79,-0.79,-1.57,-0.79,-1.57,-1.31,-0.26,-0.26
2018-08-14,601519,3.83,3.82,3.84,3.78,34855,13273710.0,1.57,0.0,0.0,0.18,2.65,3.44,0.0,-1.32,-0.53,3.7,2.12,3.97,2.65,1.59,3.83,3.79,3.8,3.79,0.0,-0.79,-0.79,-1.57,-0.79,-1.57,-1.31,-0.26,-0.26,-0.26
2018-08-15,601519,3.82,3.72,3.82,3.7,46480,17464006.0,3.14,-2.62,-0.1,0.23,5.68,2.16,0.81,1.62,5.95,4.32,6.22,4.86,3.78,3.78,3.82,3.78,3.8,3.79,1.88,1.88,1.08,1.88,1.08,1.34,2.42,2.42,2.42,1.61
2018-08-16,601519,3.7,3.74,3.79,3.65,46182,17243587.0,3.76,0.54,0.02,0.23,3.56,2.19,3.01,7.4,5.75,7.67,6.3,5.21,5.21,4.66,3.79,3.79,3.81,3.79,1.34,0.53,1.34,0.53,0.8,1.87,1.87,1.87,1.07,0.27
2018-08-17,601519,3.76,3.73,3.79,3.7,48615,18185684.0,2.41,-0.27,-0.01,0.24,0.81,1.62,5.95,4.32,6.22,4.86,3.78,3.78,3.24,2.43,3.77,3.79,3.81,3.79,0.8,1.61,0.8,1.07,2.14,2.14,2.14,1.34,0.54,-0.8
2018-08-20,601519,3.73,3.75,3.76,3.68,32514,12099501.0,2.14,0.54,0.02,0.16,2.17,6.52,4.89,6.79,5.43,4.35,4.35,3.8,2.99,2.99,3.75,3.8,3.81,3.78,1.07,0.27,0.53,1.6,1.6,1.6,0.8,0.0,-1.33,-1.87
2018-08-21,601519,3.75,3.76,3.79,3.71,39057,14674502.0,2.13,0.27,0.01,0.2,5.66,4.04,5.93,4.58,3.5,3.5,2.96,2.16,2.16,1.35,3.74,3.79,3.8,3.78,0.0,0.27,1.33,1.33,1.33,0.53,-0.27,-1.6,-2.13,-1.86
2018-08-22,601519,3.75,3.73,3.76,3.72,25705,9604911.0,1.06,-0.8,-0.03,0.13,3.76,5.65,4.3,3.23,3.23,2.69,1.88,1.88,1.08,1.88,3.74,3.78,3.8,3.78,1.07,2.14,2.14,2.14,1.34,0.54,-0.8,-1.34,-1.07,-0.8
2018-08-23,601519,3.72,3.73,3.77,3.71,40276,15087390.0,1.61,0.0,0.0,0.2,5.93,4.58,3.5,3.5,2.96,2.16,2.16,1.35,2.16,1.35,3.74,3.77,3.79,3.78,2.14,2.14,2.14,1.34,0.54,-0.8,-1.34,-1.07,-0.8,-1.07
2018-08-24,601519,3.71,3.75,3.81,3.71,38228,14390175.0,2.68,0.54,0.02,0.19,4.58,3.5,3.5,2.96,2.16,2.16,1.35,2.16,1.35,1.62,3.74,3.75,3.78,3.78,1.6,1.6,0.8,0.0,-1.33,-1.87,-1.6,-1.33,-1.6,-1.6
2018-08-27,601519,3.76,3.8,3.81,3.74,59750,22599024.0,1.87,1.33,0.05,0.3,2.67,2.67,2.14,1.34,1.34,0.53,1.34,0.53,0.8,1.87,3.75,3.75,3.77,3.78,0.26,-0.53,-1.32,-2.63,-3.16,-2.89,-2.63,-2.89,-2.89,-3.95
2018-08-28,601519,3.79,3.78,3.81,3.76,41059,15515695.0,1.32,-0.53,-0.02,0.21,2.13,1.6,0.8,0.8,0.0,0.8,0.0,0.27,1.33,1.33,3.76,3.75,3.77,3.78,0.0,-0.79,-2.12,-2.65,-2.38,-2.12,-2.38,-2.38,-3.44,-7.14
2018-08-29,601519,3.78,3.73,3.78,3.73,32314,12117145.0,1.32,-1.32,-0.05,0.16,2.41,1.61,1.61,0.8,1.61,0.8,1.07,2.14,2.14,2.14,3.76,3.75,3.77,3.78,0.54,-0.8,-1.34,-1.07,-0.8,-1.07,-1.07,-2.14,-5.9,-6.97
2018-08-30,601519,3.73,3.67,3.75,3.66,45835,16940592.0,2.41,-1.61,-0.06,0.23,3.55,3.55,2.73,3.55,2.73,3.01,4.1,4.1,4.1,3.28,3.75,3.74,3.76,3.79,0.82,0.27,0.54,0.82,0.54,0.54,-0.54,-4.36,-5.45,-4.63
2018-08-31,601519,3.67,3.66,3.7,3.65,35564,13050071.0,1.36,-0.27,-0.01,0.18,3.84,3.01,3.84,3.01,3.29,4.38,4.38,4.38,3.56,2.74,3.73,3.74,3.76,3.78,0.55,0.82,1.09,0.82,0.82,-0.27,-4.1,-5.19,-4.37,-4.64
2018-09-03,601519,3.66,3.64,3.68,3.61,41661,15139154.0,1.91,-0.55,-0.02,0.21,4.16,4.99,4.16,4.43,5.54,5.54,5.54,4.71,3.88,2.49,3.7,3.72,3.76,3.78,1.37,1.65,1.37,1.37,0.27,-3.57,-4.67,-3.85,-4.12,-5.77
2018-09-04,601519,3.63,3.69,3.69,3.62,49520,18137873.0,1.92,1.37,0.05,0.25,4.7,3.87,4.14,5.25,5.25,5.25,4.42,3.59,2.21,1.66,3.68,3.72,3.75,3.77,0.27,0.0,0.0,-1.08,-4.88,-5.96,-5.15,-5.42,-7.05,-6.78
2018-09-05,601519,3.68,3.66,3.7,3.65,35269,12943255.0,1.36,-0.81,-0.03,0.18,3.01,3.29,4.38,4.38,4.38,3.56,2.74,1.37,0.82,1.1,3.66,3.71,3.75,3.77,0.82,0.82,-0.27,-4.1,-5.19,-4.37,-4.64,-6.28,-6.01,-4.64
2018-09-06,601519,3.64,3.65,3.69,3.63,39729,14539956.0,1.64,-0.27,-0.01,0.2,3.86,4.96,4.96,4.96,4.13,3.31,1.93,1.38,1.65,1.93,3.66,3.7,3.74,3.76,1.1,0.0,-3.84,-4.93,-4.11,-4.38,-6.03,-5.75,-4.38,-5.48
2018-09-07,601519,3.64,3.63,3.69,3.61,44518,16231339.0,2.19,-0.55,-0.02,0.22,5.54,5.54,5.54,4.71,3.88,2.49,1.94,2.22,2.49,2.22,3.65,3.69,3.72,3.75,0.55,-3.31,-4.41,-3.58,-3.86,-5.51,-5.23,-3.86,-4.96,-3.86
2018-09-10,601519,3.63,3.5,3.65,3.48,84325,29892800.0,4.68,-3.58,-0.13,0.42,9.48,9.48,8.62,7.76,6.32,5.75,6.03,6.32,6.03,6.03,3.63,3.66,3.71,3.74,0.29,-0.86,0.0,-0.29,-2.0,-1.71,-0.29,-1.43,-0.29,-1.14
2018-09-11,601519,3.49,3.44,3.51,3.41,51465,17738930.0,2.86,-1.71,-0.06,0.26,11.73,10.85,9.97,8.5,7.92,8.21,8.5,8.21,8.21,7.04,3.58,3.63,3.69,3.72,0.87,1.74,1.45,-0.29,0.0,1.45,0.29,1.45,0.58,1.16
2018-09-12,601519,3.44,3.45,3.47,3.42,25627,8847637.0,1.45,0.29,0.01,0.13,10.53,9.65,8.19,7.6,7.89,8.19,7.89,7.89,6.73,2.63,3.53,3.6,3.67,3.71,1.45,1.16,-0.58,-0.29,1.16,0.0,1.16,0.29,0.87,0.58
2018-09-13,601519,3.46,3.48,3.5,3.45,35298,12254926.0,1.45,0.87,0.03,0.18,8.7,7.25,6.67,6.96,7.25,6.96,6.96,5.8,1.74,0.58,3.5,3.58,3.66,3.7,0.29,-1.44,-1.15,0.29,-0.86,0.29,-0.57,0.0,-0.29,-1.72
2018-09-14,601519,3.48,3.44,3.49,3.44,22753,7883293.0,1.44,-1.15,-0.04,0.11,7.56,6.98,7.27,7.56,7.27,7.27,6.1,2.03,0.87,1.74,3.46,3.56,3.65,3.69,-0.29,0.0,1.45,0.29,1.45,0.58,1.16,0.87,-0.58,-2.03
2018-09-17,601519,3.43,3.36,3.43,3.31,43531,14654349.0,3.49,-2.33,-0.08,0.22,11.18,11.48,11.78,11.48,11.48,10.27,6.04,4.83,5.74,5.44,3.43,3.53,3.63,3.68,2.38,3.87,2.68,3.87,2.98,3.57,3.27,1.79,0.3,0.6
2018-09-18,601519,3.35,3.42,3.44,3.33,43016,14537022.0,3.27,1.79,0.06,0.22,10.81,11.11,10.81,10.81,9.61,5.41,4.2,5.11,4.8,3.0,3.43,3.5,3.61,3.67,2.05,0.88,2.05,1.17,1.75,1.46,0.0,-1.46,-1.17,-1.17
2018-09-19,601519,3.42,3.45,3.49,3.4,37645,12980390.0,2.63,0.88,0.03,0.19,8.82,8.53,8.53,7.35,3.24,2.06,2.94,2.65,0.88,1.18,3.43,3.48,3.6,3.66,0.0,1.16,0.29,0.87,0.58,-0.87,-2.32,-2.03,-2.03,-3.19
2018-09-20,601519,3.44,3.41,3.45,3.4,28939,9918116.0,1.45,-1.16,-0.04,0.15,8.53,8.53,7.35,3.24,2.06,2.94,2.65,0.88,1.18,2.65,3.42,3.46,3.58,3.64,2.35,1.47,2.05,1.76,0.29,-1.17,-0.88,-0.88,-2.05,-0.59
2018-09-21,601519,3.41,3.47,3.49,3.4,42918,14826522.0,2.64,1.76,0.06,0.22,8.53,7.35,3.24,2.06,2.94,2.65,0.88,1.18,2.65,1.47,3.42,3.44,3.57,3.63,-0.29,0.29,0.0,-1.44,-2.88,-2.59,-2.59,-3.75,-2.31,-2.31
2018-09-25,601519,3.45,3.43,3.46,3.41,40307,13849091.0,1.44,-1.15,-0.04,0.2,7.04,2.93,1.76,2.64,2.35,0.59,0.88,2.35,1.17,2.35,3.44,3.43,3.55,3.62,1.46,1.17,-0.29,-1.75,-1.46,-1.46,-2.62,-1.17,-1.17,-2.33
2018-09-26,601519,3.43,3.46,3.48,3.43,37431,12957926.0,1.46,0.87,0.03,0.19,2.33,1.17,2.04,1.75,0.0,0.29,1.75,0.58,1.75,0.87,3.44,3.44,3.53,3.6,0.29,-1.16,-2.6,-2.31,-2.31,-3.47,-2.02,-2.02,-3.18,-2.6
2018-09-27,601519,3.44,3.38,3.47,3.38,36200,12369998.0,2.6,-2.31,-0.08,0.18,2.66,3.55,3.25,1.48,1.78,3.25,2.07,3.25,2.37,2.96,3.43,3.43,3.51,3.59,1.18,-0.3,0.0,0.0,-1.18,0.3,0.3,-0.89,-0.3,-0.59
2018-09-28,601519,3.41,3.4,3.42,3.38,30436,10338577.0,1.18,0.59,0.02,0.15,3.55,3.25,1.48,1.78,3.25,2.07,3.25,2.37,2.96,2.66,3.43,3.42,3.5,3.58,-0.88,-0.59,-0.59,-1.76,-0.29,-0.29,-1.47,-0.88,-1.18,-1.47
2018-10-08,601519,3.37,3.37,3.37,3.25,49924,16618408.0,3.53,-0.88,-0.03,0.25,7.38,5.54,5.85,7.38,6.15,7.38,6.46,7.08,6.77,5.23,3.41,3.41,3.49,3.57,0.3,0.3,-0.89,0.59,0.59,-0.59,0.0,-0.3,-0.59,6.23
2018-10-09,601519,3.32,3.38,3.38,3.3,32699,10931312.0,2.37,0.3,0.01,0.16,3.94,4.24,5.76,4.55,5.76,4.85,5.45,5.15,3.64,2.12,3.4,3.42,3.47,3.56,0.0,-1.18,0.3,0.3,-0.89,-0.3,-0.59,-0.89,5.92,9.17
2018-10-10,601519,3.35,3.37,3.38,3.33,24576,8263737.0,1.48,-0.3,-0.01,0.12,3.3,4.8,3.6,4.8,3.9,4.5,4.2,2.7,1.2,1.5,3.38,3.41,3.46,3.54,-0.89,0.59,0.59,-0.59,0.0,-0.3,-0.59,6.23,9.5,3.26
2018-10-11,601519,3.31,3.34,3.34,3.1,116586,37396586.0,7.12,-0.89,-0.03,0.59,12.58,11.29,12.58,11.61,12.26,11.94,10.32,8.71,9.03,9.03,3.37,3.4,3.44,3.53,1.5,1.5,0.3,0.9,0.6,0.3,7.19,10.48,4.19,5.39
2018-10-12,601519,3.26,3.37,3.39,3.15,88664,29143767.0,7.19,0.9,0.03,0.45,9.52,10.79,9.84,10.48,10.16,8.57,6.98,7.3,7.3,6.03,3.37,3.4,3.43,3.52,0.59,-0.59,0.0,-0.3,-0.59,6.23,9.5,3.26,4.45,6.82
2018-10-15,601519,3.36,3.36,3.39,3.31,40592,13561282.0,2.37,-0.3,-0.01,0.2,5.44,4.53,5.14,4.83,3.32,1.81,2.11,2.11,0.91,2.42,3.36,3.39,3.41,3.51,-0.3,0.3,0.0,-0.3,6.55,9.82,3.57,4.76,7.14,2.68
2018-10-16,601519,3.31,3.27,3.35,3.24,40321,13289107.0,3.27,-2.68,-0.09,0.2,6.79,7.41,7.1,5.56,4.01,4.32,4.32,3.09,4.63,4.63,3.34,3.37,3.4,3.49,3.06,2.75,2.45,9.48,12.84,6.42,7.65,10.09,5.5,11.93
2018-10-17,601519,3.3,3.37,3.37,3.17,60453,19904404.0,6.12,3.06,0.1,0.3,9.78,9.46,7.89,6.31,6.62,6.62,5.36,6.94,6.94,5.68,3.34,3.36,3.4,3.47,-0.3,-0.59,6.23,9.5,3.26,4.45,6.82,2.37,8.61,16.91
2018-10-18,601519,3.34,3.21,3.36,3.2,64132,21118610.0,4.75,-4.75,-0.16,0.32,8.44,6.87,5.31,5.62,5.62,4.37,5.94,5.94,4.69,5.31,3.32,3.34,3.39,3.46,4.36,11.53,14.95,8.41,9.66,12.15,7.48,14.02,22.74,21.81
2018-10-19,601519,3.16,3.3,3.35,3.12,95537,31188637.0,7.17,2.8,0.09,0.48,9.62,8.01,8.33,8.33,7.05,8.65,8.65,7.37,8.01,7.69,3.3,3.33,3.38,3.45,8.48,11.82,5.45,6.67,9.09,4.55,10.91,19.39,18.48,14.85
2018-10-22,601519,3.3,3.52,3.58,3.29,205272,71425680.0,8.79,6.67,0.22,1.03,2.43,2.74,2.74,1.52,3.04,3.04,1.82,2.43,2.13,1.82,3.33,3.35,3.38,3.44,4.83,-1.14,0.0,2.27,-1.99,3.98,11.93,11.08,7.67,5.4
2018-10-23,601519,3.6,3.43,3.69,3.39,185208,65789050.0,8.52,-2.56,-0.09,0.93,-0.29,-0.29,-1.47,0.0,0.0,-1.18,-0.59,-0.88,-1.18,5.6,3.37,3.35,3.39,3.43,1.46,2.62,4.96,0.58,6.71,14.87,13.99,10.5,8.16,7.29
2018-10-24,601519,3.38,3.4,3.48,3.3,127135,43178732.0,5.25,-0.87,-0.03,0.64,2.42,1.21,2.73,2.73,1.52,2.12,1.82,1.52,8.48,11.82,3.37,3.36,3.38,3.42,3.53,5.88,1.47,7.65,15.88,15.0,11.47,9.12,8.24,7.65
2018-10-25,601519,3.3,3.5,3.52,3.21,177221,59784938.0,9.12,2.94,0.1,0.89,4.05,5.61,5.61,4.36,4.98,4.67,4.36,11.53,14.95,8.41,3.43,3.37,3.39,3.42,2.86,-1.43,4.57,12.57,11.71,8.29,6.0,5.14,4.57,4.57
2018-10-26,601519,3.47,3.45,3.6,3.42,140218,48985916.0,5.14,-1.43,-0.05,0.71,-0.88,-0.88,-2.05,-1.46,-1.75,-2.05,4.68,7.89,1.75,2.92,3.46,3.38,3.39,3.41,0.0,6.09,14.2,13.33,9.86,7.54,6.67,6.09,6.09,4.06
2018-10-29,601519,3.4,3.33,3.45,3.32,104355,35200889.0,3.77,-3.48,-0.12,0.53,2.11,0.9,1.51,1.2,0.9,7.83,11.14,4.82,6.02,8.43,3.42,3.38,3.38,3.4,9.91,18.32,17.42,13.81,11.41,10.51,9.91,9.91,7.81,12.91
2018-10-30,601519,3.3,3.66,3.66,3.26,183402,64654644.0,12.01,9.91,0.33,0.92,2.76,3.37,3.07,2.76,9.82,13.19,6.75,7.98,10.43,5.83,3.47,3.42,3.39,3.41,7.65,6.83,3.55,1.37,0.55,0.0,0.0,-1.91,2.73,5.19
2018-10-31,601519,3.69,3.7,3.94,3.62,485858,182793770.0,8.74,1.09,0.04,2.44,-6.91,-7.18,-7.46,-1.1,1.93,-3.87,-2.76,-0.55,-4.7,1.1,3.53,3.45,3.41,3.42,5.68,2.43,0.27,-0.54,-1.08,-1.08,-2.97,1.62,4.05,3.78
2018-11-01,601519,3.69,3.69,3.91,3.67,349401,131764034.0,6.49,-0.27,-0.01,1.76,-8.45,-8.72,-2.45,0.54,-5.18,-4.09,-1.91,-5.99,-0.27,7.36,3.57,3.5,3.42,3.42,2.71,0.54,-0.27,-0.81,-0.81,-2.71,1.9,4.34,4.07,7.32
2018-11-02,601519,3.74,3.72,3.79,3.67,236968,88237714.0,3.25,0.81,0.03,1.19,-8.72,-2.45,0.54,-5.18,-4.09,-1.91,-5.99,-0.27,7.36,6.54,3.62,3.54,3.44,3.43,-0.27,-1.08,-1.61,-1.61,-3.49,1.08,3.49,3.23,6.45,10.48
2018-11-05,601519,3.69,3.67,3.71,3.58,228509,83461622.0,3.49,-1.34,-0.05,1.15,0.0,3.07,-2.79,-1.68,0.56,-3.63,2.23,10.06,9.22,5.87,3.69,3.55,3.45,3.44,0.27,-0.27,-0.27,-2.18,2.45,4.9,4.63,7.9,11.99,8.72
2018-11-06,601519,3.63,3.65,3.68,3.57,146019,52929791.0,3.0,-0.54,-0.02,0.73,3.36,-2.52,-1.4,0.84,-3.36,2.52,10.36,9.52,6.16,3.92,3.69,3.58,3.47,3.45,0.27,0.27,-1.64,3.01,5.48,5.21,8.49,12.6,9.32,6.85
2018-11-07,601519,3.63,3.58,3.66,3.57,113345,40997014.0,2.47,-1.92,-0.07,0.57,-2.52,-1.4,0.84,-3.36,2.52,10.36,9.52,6.16,3.92,3.08,3.66,3.59,3.48,3.45,2.23,0.28,5.03,7.54,7.26,10.61,14.8,11.45,8.94,7.26
2018-11-08,601519,3.6,3.56,3.66,3.55,131909,47549825.0,3.07,-0.56,-0.02,0.66,-0.85,1.41,-2.82,3.1,10.99,10.14,6.76,4.51,3.66,3.1,3.64,3.6,3.49,3.46,0.84,5.62,8.15,7.87,11.24,15.45,12.08,9.55,7.87,7.87
2018-11-09,601519,3.54,3.58,3.59,3.5,92225,32761187.0,2.53,0.56,0.02,0.46,2.86,-1.43,4.57,12.57,11.71,8.29,6.0,5.14,4.57,4.57,3.61,3.61,3.5,3.46,5.03,7.54,7.26,10.61,14.8,11.45,8.94,7.26,7.26,5.31
2018-11-12,601519,3.54,3.7,3.76,3.52,201091,73830395.0,6.7,3.35,0.12,1.01,-1.99,3.98,11.93,11.08,7.67,5.4,4.55,3.98,3.98,1.99,3.61,3.65,3.51,3.47,4.05,3.78,7.03,11.08,7.84,5.41,3.78,3.78,1.89,-1.62
2018-11-13,601519,3.63,3.78,3.85,3.57,292435,109384012.0,7.57,2.16,0.08,1.47,2.52,10.36,9.52,6.16,3.92,3.08,2.52,2.52,0.56,5.32,3.64,3.66,3.54,3.48,1.59,4.76,8.73,5.56,3.17,1.59,1.59,-0.26,-3.7,-3.7
2018-11-14,601519,3.75,3.72,3.84,3.71,186917,70233593.0,3.44,-1.59,-0.06,0.94,6.2,5.39,2.16,0.0,-0.81,-1.35,-1.35,-3.23,1.35,3.77,3.67,3.66,3.56,3.49,6.45,10.48,7.26,4.84,3.23,3.23,1.34,-2.15,-2.15,-1.34
2018-11-15,601519,3.72,3.9,3.96,3.7,316272,121362146.0,6.99,4.84,0.18,1.59,5.68,2.43,0.27,-0.54,-1.08,-1.08,-2.97,1.62,4.05,3.78,3.74,3.69,3.59,3.51,5.38,2.31,0.0,-1.54,-1.54,-3.33,-6.67,-6.67,-5.9,-5.64
2018-11-16,601519,3.87,3.98,4.11,3.83,380442,150943017.0,7.18,2.05,0.08,1.91,-1.04,-3.13,-3.92,-4.44,-4.44,-6.27,-1.83,0.52,0.26,3.39,3.82,3.71,3.63,3.53,0.25,-2.01,-3.52,-3.52,-5.28,-8.54,-8.54,-7.79,-7.54,-10.55
2018-11-19,601519,3.92,3.89,3.99,3.85,236194,92389591.0,3.52,-2.26,-0.09,1.19,-3.64,-4.42,-4.94,-4.94,-6.75,-2.34,0.0,-0.26,2.86,6.75,3.85,3.73,3.64,3.55,0.26,-1.29,-1.29,-3.08,-6.43,-6.43,-5.66,-5.4,-8.48,-4.88
2018-11-20,601519,3.85,3.75,3.9,3.73,181382,69328430.0,4.37,-3.6,-0.14,0.91,-1.34,-1.88,-1.88,-3.75,0.8,3.22,2.95,6.17,10.19,6.97,3.85,3.74,3.66,3.56,2.4,2.4,0.53,-2.93,-2.93,-2.13,-1.87,-5.07,-1.33,1.87
2018-11-21,601519,3.73,3.82,3.84,3.7,151285,57318633.0,3.73,1.87,0.07,0.76,-1.08,-1.08,-2.97,1.62,4.05,3.78,7.03,11.08,7.84,5.41,3.87,3.77,3.68,3.57,0.52,-1.31,-4.71,-4.71,-3.93,-3.66,-6.81,-3.14,0.0,-2.62
2018-11-22,601519,3.83,3.76,3.84,3.75,106910,40457584.0,2.36,-1.57,-0.06,0.54,-2.4,-4.27,0.27,2.67,2.4,5.6,9.6,6.4,4.0,2.4,3.84,3.79,3.69,3.59,0.27,-3.19,-3.19,-2.39,-2.13,-5.32,-1.6,1.6,-1.06,-2.66
2018-11-23,601519,3.76,3.59,3.77,3.55,128459,46926290.0,5.85,-4.52,-0.17,0.65,1.13,5.92,8.45,8.17,11.55,15.77,12.39,9.86,8.17,8.17,3.76,3.79,3.7,3.59,1.39,1.39,2.23,2.51,-0.84,3.06,6.41,3.62,1.95,2.23
2018-11-26,601519,3.6,3.57,3.64,3.52,72077,25833740.0,3.34,-0.56,-0.02,0.36,6.82,9.38,9.09,12.5,16.76,13.35,10.8,9.09,9.09,7.1,3.7,3.78,3.71,3.6,1.96,2.8,3.08,-0.28,3.64,7.0,4.2,2.52,2.8,1.96
2018-11-27,601519,3.6,3.6,3.64,3.56,67193,24182036.0,2.24,0.84,0.03,0.34,8.15,7.87,11.24,15.45,12.08,9.55,7.87,7.87,5.9,2.25,3.67,3.76,3.71,3.61,1.94,2.22,-1.11,2.78,6.11,3.33,1.67,1.94,1.11,0.56
2018-11-28,601519,3.6,3.67,3.67,3.5,108953,39472583.0,4.72,1.94,0.07,0.55,9.71,13.14,17.43,14.0,11.43,9.71,9.71,7.71,4.0,4.0,3.64,3.75,3.71,3.62,0.27,-3.0,0.82,4.09,1.36,-0.27,0.0,-0.82,-1.36,-0.82
2018-11-29,601519,3.66,3.53,3.68,3.52,88190,31790877.0,4.36,-3.81,-0.14,0.44,12.5,16.76,13.35,10.8,9.09,9.09,7.1,3.41,3.41,4.26,3.59,3.72,3.7,3.63,0.85,4.82,8.22,5.38,3.68,3.97,3.12,2.55,3.12,3.68
2018-11-30,601519,3.53,3.54,3.56,3.45,60534,21272768.0,3.12,0.28,0.01,0.3,19.13,15.65,13.04,11.3,11.3,9.28,5.51,5.51,6.38,6.67,3.58,3.67,3.69,3.64,4.52,7.91,5.08,3.39,3.67,2.82,2.26,2.82,3.39,2.54
2018-12-03,601519,3.65,3.63,3.7,3.61,97042,35376632.0,2.54,2.54,0.09,0.49,10.53,8.03,6.37,6.37,4.43,0.83,0.83,1.66,1.94,-1.39,3.59,3.65,3.69,3.64,5.23,2.48,0.83,1.1,0.28,-0.28,0.28,0.83,0.0,-2.48
2018-12-04,601519,3.66,3.76,3.82,3.63,165430,61528841.0,5.23,3.58,0.13,0.83,7.44,5.79,5.79,3.86,0.28,0.28,1.1,1.38,-1.93,1.93,3.63,3.65,3.7,3.66,-1.06,-2.66,-2.39,-3.19,-3.72,-3.19,-2.66,-3.46,-5.85,-6.38
2018-12-05,601519,3.68,3.67,3.72,3.64,90007,33080912.0,2.13,-2.39,-0.09,0.45,5.49,5.49,3.57,0.0,0.0,0.82,1.1,-2.2,1.65,4.95,3.63,3.63,3.7,3.66,-0.27,0.0,-0.82,-1.36,-0.82,-0.27,-1.09,-3.54,-4.09,-4.36
2018-12-06,601519,3.65,3.62,3.66,3.61,56447,20502088.0,1.36,-1.36,-0.05,0.28,6.37,4.43,0.83,0.83,1.66,1.94,-1.39,2.49,5.82,3.05,3.64,3.62,3.7,3.67,1.38,0.55,0.0,0.55,1.1,0.28,-2.21,-2.76,-3.04,-3.87
2018-12-07,601519,3.6,3.62,3.67,3.6,39237,14256116.0,1.93,0.0,0.0,0.2,4.72,1.11,1.11,1.94,2.22,-1.11,2.78,6.11,3.33,1.67,3.66,3.62,3.71,3.67,0.55,0.0,0.55,1.1,0.28,-2.21,-2.76,-3.04,-3.87,-4.42
2018-12-10,601519,3.6,3.59,3.64,3.56,33721,12133537.0,2.21,-0.83,-0.03,0.17,2.25,2.25,3.09,3.37,0.0,3.93,7.3,4.49,2.81,3.09,3.65,3.62,3.7,3.68,0.84,1.39,1.95,1.11,-1.39,-1.95,-2.23,-3.06,-3.62,-3.9
2018-12-11,601519,3.6,3.6,3.62,3.55,35161,12639867.0,1.95,0.28,0.01,0.18,2.54,3.38,3.66,0.28,4.23,7.61,4.79,3.1,3.38,2.54,3.62,3.62,3.69,3.68,1.11,1.67,0.83,-1.67,-2.22,-2.5,-3.33,-3.89,-4.17,-5.56
2018-12-12,601519,3.6,3.6,3.64,3.59,33717,12184079.0,1.39,0.0,0.0,0.17,2.23,2.51,-0.84,3.06,6.41,3.62,1.95,2.23,1.39,0.84,3.61,3.62,3.68,3.68,1.67,0.83,-1.67,-2.22,-2.5,-3.33,-3.89,-4.17,-5.56,-6.39
2018-12-13,601519,3.61,3.63,3.66,3.57,54958,19939088.0,2.5,0.83,0.03,0.28,3.08,-0.28,3.64,7.0,4.2,2.52,2.8,1.96,1.4,1.96,3.61,3.63,3.67,3.68,0.0,-2.48,-3.03,-3.31,-4.13,-4.68,-4.96,-6.34,-7.16,-6.06
2018-12-14,601519,3.61,3.54,3.63,3.53,51282,18377408.0,2.75,-2.48,-0.09,0.26,0.85,4.82,8.22,5.38,3.68,3.97,3.12,2.55,3.12,3.68,3.59,3.63,3.65,3.67,0.0,-0.56,-0.85,-1.69,-2.26,-2.54,-3.95,-4.8,-3.67,-5.37
2018-12-17,601519,3.51,3.51,3.54,3.46,43689,15279008.0,2.26,-0.85,-0.03,0.22,6.94,10.4,7.51,5.78,6.07,5.2,4.62,5.2,5.78,4.91,3.58,3.61,3.63,3.66,0.28,0.0,-0.85,-1.42,-1.71,-3.13,-3.99,-2.85,-4.56,-3.99
2018-12-18,601519,3.47,3.48,3.52,3.45,35488,12350809.0,1.99,-0.85,-0.03,0.18,10.72,7.83,6.09,6.38,5.51,4.93,5.51,6.09,5.22,2.61,3.55,3.59,3.62,3.66,0.86,0.0,-0.57,-0.86,-2.3,-3.16,-2.01,-3.74,-3.16,-1.44
2018-12-19,601519,3.5,3.42,3.51,3.41,30743,10629156.0,2.87,-1.72,-0.06,0.15,9.09,7.33,7.62,6.74,6.16,6.74,7.33,6.45,3.81,3.23,3.52,3.56,3.6,3.65,1.75,1.17,0.88,-0.58,-1.46,-0.29,-2.05,-1.46,0.29,6.43
2018-12-20,601519,3.42,3.45,3.48,3.4,39985,13760929.0,2.34,0.88,0.03,0.2,7.65,7.94,7.06,6.47,7.06,7.65,6.76,4.12,3.53,3.24,3.48,3.54,3.58,3.65,0.29,0.0,-1.45,-2.32,-1.16,-2.9,-2.32,-0.58,5.51,3.19
2018-12-21,601519,3.44,3.44,3.46,3.4,29431,10073082.0,1.74,-0.29,-0.01,0.15,7.94,7.06,6.47,7.06,7.65,6.76,4.12,3.53,3.24,2.35,3.46,3.53,3.57,3.65,0.29,-1.16,-2.03,-0.87,-2.62,-2.03,-0.29,5.81,3.49,3.78
2018-12-24,601519,3.42,3.45,3.45,3.4,28613,9801361.0,1.45,0.29,0.01,0.14,7.06,6.47,7.06,7.65,6.76,4.12,3.53,3.24,2.35,1.76,3.45,3.51,3.57,3.64,-1.45,-2.32,-1.16,-2.9,-2.32,-0.58,5.51,3.19,3.48,4.64
2018-12-25,601519,3.39,3.36,3.4,3.24,72740,24224692.0,4.64,-2.61,-0.09,0.37,11.73,12.35,12.96,12.04,9.26,8.64,8.33,7.41,6.79,6.48,3.42,3.49,3.56,3.62,0.3,1.49,-0.3,0.3,2.08,8.33,5.95,6.25,7.44,6.25
2018-12-26,601519,3.36,3.35,3.37,3.33,32499,10886811.0,1.19,-0.3,-0.01,0.16,9.31,9.91,9.01,6.31,5.71,5.41,4.5,3.9,3.6,2.1,3.41,3.46,3.54,3.61,1.79,0.0,0.6,2.39,8.66,6.27,6.57,7.76,6.57,5.37
2018-12-27,601519,3.38,3.25,3.41,3.25,49640,16555194.0,4.78,-2.99,-0.1,0.25,12.62,11.69,8.92,8.31,8.0,7.08,6.46,6.15,4.62,3.69,3.37,3.42,3.53,3.59,3.08,3.69,5.54,12.0,9.54,9.85,11.08,9.85,8.62,9.23
2018-12-28,601519,3.26,3.34,3.35,3.25,50526,16722200.0,3.08,2.77,0.09,0.25,11.69,8.92,8.31,8.0,7.08,6.46,6.15,4.62,3.69,4.92,3.35,3.4,3.52,3.57,0.9,2.69,8.98,6.59,6.89,8.08,6.89,5.69,6.29,6.59
2019-01-02,601519,3.34,3.32,3.37,3.28,41106,13664630.0,2.69,-0.6,-0.02,0.21,7.93,7.32,7.01,6.1,5.49,5.18,3.66,2.74,3.96,2.13,3.32,3.39,3.5,3.55,3.31,9.64,7.23,7.53,8.73,7.53,6.33,6.93,7.23,16.27
2019-01-03,601519,3.33,3.36,3.43,3.31,58521,19786935.0,3.61,1.2,0.04,0.29,6.34,6.04,5.14,4.53,4.23,2.72,1.81,3.02,1.21,1.81,3.32,3.37,3.48,3.54,8.33,5.95,6.25,7.44,6.25,5.06,5.65,5.95,14.88,8.63
2019-01-04,601519,3.3,3.54,3.64,3.29,148635,51747760.0,10.42,5.36,0.18,0.75,6.69,5.78,5.17,4.86,3.34,2.43,3.65,1.82,2.43,4.26,3.36,3.39,3.47,3.53,0.56,0.85,1.98,0.85,-0.28,0.28,0.56,9.04,3.11,1.13
2019-01-07,601519,3.53,3.53,3.56,3.47,92675,32654505.0,2.54,-0.28,-0.01,0.47,0.29,-0.29,-0.58,-2.02,-2.88,-1.73,-3.46,-2.88,-1.15,4.9,3.42,3.39,3.47,3.52,1.13,2.27,1.13,0.0,0.57,0.85,9.35,3.4,1.42,1.7
2019-01-08,601519,3.5,3.5,3.57,3.49,71095,25016443.0,2.27,-0.85,-0.03,0.36,-0.86,-1.15,-2.58,-3.44,-2.29,-4.01,-3.44,-1.72,4.3,2.01,3.45,3.4,3.46,3.52,3.14,2.0,0.86,1.43,1.71,10.29,4.29,2.29,2.57,1.71
2019-01-09,601519,3.49,3.51,3.61,3.49,92571,32922955.0,3.43,0.29,0.01,0.47,-1.15,-2.58,-3.44,-2.29,-4.01,-3.44,-1.72,4.3,2.01,2.29,3.49,3.41,3.46,3.51,1.71,0.57,1.14,1.42,9.97,3.99,1.99,2.28,1.42,0.0
2019-01-10,601519,3.51,3.49,3.57,3.45,74292,26030303.0,3.42,-0.57,-0.02,0.37,-1.45,-2.32,-1.16,-2.9,-2.32,-0.58,5.51,3.19,3.48,4.64,3.51,3.42,3.45,3.51,1.15,1.72,2.01,10.6,4.58,2.58,2.87,2.01,0.57,1.43
2019-01-11,601519,3.48,3.52,3.53,3.47,48762,17064844.0,1.72,0.86,0.03,0.25,-2.88,-1.73,-3.46,-2.88,-1.15,4.9,2.59,2.88,4.03,2.88,3.51,3.44,3.45,3.5,0.85,1.14,9.66,3.69,1.7,1.99,1.14,-0.28,0.57,2.56
2019-01-14,601519,3.51,3.48,3.55,3.46,45668,15961335.0,2.56,-1.14,-0.04,0.23,-1.45,-3.18,-2.6,-0.87,5.2,2.89,3.18,4.34,3.18,2.02,3.5,3.46,3.44,3.5,2.3,10.92,4.89,2.87,3.16,2.3,0.86,1.72,3.74,2.87
2019-01-15,601519,3.46,3.55,3.56,3.46,69162,24354236.0,2.87,2.01,0.07,0.35,-3.18,-2.6,-0.87,5.2,2.89,3.18,4.34,3.18,2.02,2.6,3.51,3.48,3.44,3.5,8.73,2.82,0.85,1.13,0.28,-1.13,-0.28,1.69,0.85,-1.69
2019-01-16,601519,3.65,3.66,3.86,3.6,210366,77824783.0,7.32,3.1,0.11,1.06,-6.39,-4.72,1.11,-1.11,-0.83,0.28,-0.83,-1.94,-1.39,-1.11,3.54,3.51,3.45,3.5,-0.27,-2.19,-1.91,-2.73,-4.1,-3.28,-1.37,-2.19,-4.64,-7.65
2019-01-17,601519,3.61,3.54,3.65,3.54,120460,43091481.0,3.01,-3.28,-0.12,0.61,-3.11,2.82,0.56,0.85,1.98,0.85,-0.28,0.28,0.56,9.04,3.55,3.53,3.45,3.5,1.13,1.41,0.56,-0.85,0.0,1.98,1.13,-1.41,-4.52,-3.95
2019-01-18,601519,3.56,3.54,3.58,3.49,64798,22926868.0,2.54,0.0,0.0,0.33,4.3,2.01,2.29,3.44,2.29,1.15,1.72,2.01,10.6,4.58,3.55,3.53,3.46,3.49,1.41,0.56,-0.85,0.0,1.98,1.13,-1.41,-4.52,-3.95,-3.39
2019-01-21,601519,3.55,3.55,3.59,3.54,40457,14389799.0,1.41,0.28,0.01,0.2,0.56,0.85,1.98,0.85,-0.28,0.28,0.56,9.04,3.11,1.13,3.57,3.53,3.46,3.49,0.28,-1.13,-0.28,1.69,0.85,-1.69,-4.79,-4.23,-3.66,0.85
2019-01-22,601519,3.56,3.5,3.56,3.49,44967,15808713.0,1.97,-1.41,-0.05,0.23,2.29,3.44,2.29,1.15,1.72,2.01,10.6,4.58,2.58,2.87,3.56,3.53,3.47,3.49,0.29,1.14,3.14,2.29,-0.29,-3.43,-2.86,-2.29,2.29,3.71
2019-01-23,601519,3.47,3.48,3.51,3.47,31169,10870465.0,1.14,-0.57,-0.02,0.16,4.03,2.88,1.73,2.31,2.59,11.24,5.19,3.17,3.46,2.59,3.52,3.53,3.47,3.48,1.72,3.74,2.87,0.29,-2.87,-2.3,-1.72,2.87,4.31,10.63
2019-01-24,601519,3.48,3.51,3.54,3.47,45255,15913961.0,2.01,0.86,0.03,0.23,2.88,1.73,2.31,2.59,11.24,5.19,3.17,3.46,2.59,1.15,3.52,3.53,3.48,3.48,2.85,1.99,-0.57,-3.7,-3.13,-2.56,1.99,3.42,9.69,6.55
2019-01-25,601519,3.52,3.53,3.61,3.49,85783,30394896.0,3.42,0.57,0.02,0.43,1.15,1.72,2.01,10.6,4.58,2.58,2.87,2.01,0.57,1.43,3.51,3.53,3.49,3.48,1.42,-1.13,-4.25,-3.68,-3.12,1.42,2.83,9.07,5.95,4.82
2019-01-28,601519,3.56,3.49,3.58,3.48,58601,20689303.0,2.83,-1.13,-0.04,0.29,2.01,2.3,10.92,4.89,2.87,3.16,2.3,0.86,1.72,3.74,3.5,3.53,3.5,3.47,0.0,-3.15,-2.58,-2.01,2.58,4.01,10.32,7.16,6.02,11.17
2019-01-29,601519,3.49,3.37,3.49,3.25,74294,24996224.0,6.88,-3.44,-0.12,0.37,9.54,18.77,12.31,10.15,10.46,9.54,8.0,8.92,11.08,10.15,3.48,3.52,3.5,3.47,0.3,0.89,1.48,6.23,7.72,14.24,10.98,9.79,15.13,25.82
2019-01-30,601519,3.35,3.32,3.38,3.32,32961,11041310.0,1.78,-1.48,-0.05,0.17,16.27,9.94,7.83,8.13,7.23,5.72,6.63,8.73,7.83,5.12,3.44,3.48,3.5,3.46,2.41,3.01,7.83,9.34,15.96,12.65,11.45,16.87,27.71,40.36
2019-01-31,601519,3.32,3.33,3.4,3.3,60601,20269996.0,3.01,0.3,0.01,0.3,10.61,8.48,8.79,7.88,6.36,7.27,9.39,8.48,5.76,2.42,3.41,3.46,3.5,3.46,2.7,7.51,9.01,15.62,12.31,11.11,16.52,27.33,39.94,45.95
2019-02-01,601519,3.37,3.42,3.42,3.34,46363,15677274.0,2.4,2.7,0.09,0.23,7.19,7.49,6.59,5.09,5.99,8.08,7.19,4.49,1.2,1.8,3.39,3.45,3.49,3.46,4.68,6.14,12.57,9.36,8.19,13.45,23.98,36.26,42.11,56.43
2019-02-11,601519,3.49,3.54,3.58,3.45,90055,31579118.0,3.8,3.51,0.12,0.45,4.06,3.19,1.74,2.61,4.64,3.77,1.16,-2.03,-1.45,-0.87,3.4,3.45,3.49,3.46,2.54,8.76,5.65,4.52,9.6,19.77,31.64,37.29,51.13,66.38
2019-02-12,601519,3.51,3.57,3.63,3.51,98142,35083976.0,3.39,0.85,0.03,0.49,1.42,0.0,0.85,2.85,1.99,-0.57,-3.7,-3.13,-2.56,1.99,3.44,3.46,3.5,3.46,7.84,4.76,3.64,8.68,18.77,30.53,36.13,49.86,64.99,81.51
2019-02-13,601519,3.57,3.69,3.85,3.55,218036,80937856.0,8.4,3.36,0.12,1.1,-1.13,-0.28,1.69,0.85,-1.69,-4.79,-4.23,-3.66,0.85,2.25,3.51,3.48,3.5,3.47,1.36,0.27,5.15,14.91,26.29,31.71,44.99,59.62,75.61,93.22
2019-02-14,601519,3.68,3.67,3.74,3.64,122700,45090241.0,2.71,-0.54,-0.02,0.62,-2.75,-0.82,-1.65,-4.12,-7.14,-6.59,-6.04,-1.65,-0.27,5.77,3.58,3.49,3.51,3.48,0.82,5.72,15.53,26.98,32.43,45.78,60.49,76.57,94.28,113.62
2019-02-15,601519,3.66,3.63,3.7,3.6,118316,43137585.0,2.72,-1.09,-0.04,0.6,0.28,-0.56,-3.06,-6.11,-5.56,-5.0,-0.56,0.83,6.94,3.89,3.62,3.5,3.52,3.49,6.89,16.8,28.37,33.88,47.38,62.26,78.51,96.42,115.98,136.36
2019-02-18,601519,3.65,3.85,3.88,3.65,275201,104442152.0,6.34,6.06,0.22,1.38,-1.92,-4.38,-7.4,-6.85,-6.3,-1.92,-0.55,5.48,2.47,1.37,3.68,3.54,3.54,3.51,10.13,21.04,26.23,38.96,52.99,68.31,85.19,103.64,122.86,130.13
2019-02-19,601519,3.94,4.24,4.24,3.83,266010,109322591.0,10.65,10.13,0.39,1.34,-8.88,-11.75,-11.23,-10.7,-6.53,-5.22,0.52,-2.35,-3.39,1.31,3.82,3.63,3.57,3.54,9.91,14.62,26.18,38.92,52.83,68.16,84.91,102.36,108.96,129.95
2019-02-20,601519,4.53,4.42,4.66,4.4,988543,451097680.0,6.13,4.25,0.18,4.97,-23.18,-22.73,-22.27,-18.64,-17.5,-12.5,-15.0,-15.91,-11.82,-3.64,3.96,3.74,3.61,3.58,9.95,21.04,33.26,46.61,61.31,77.38,94.12,100.45,120.59,142.76
2019-02-21,601519,4.31,4.86,4.86,4.31,619628,292686784.0,12.44,9.95,0.44,3.12,-21.11,-20.65,-16.94,-15.78,-10.67,-13.23,-14.15,-9.98,-1.62,8.12,4.2,3.89,3.68,3.63,10.08,21.19,33.33,46.71,61.32,76.54,82.3,100.62,120.78,142.8
2019-02-22,601519,5.35,5.35,5.35,5.35,130151,69630892.0,0.0,10.08,0.49,0.65,-36.07,-33.08,-32.15,-28.04,-30.09,-30.84,-27.48,-20.75,-12.9,-9.16,4.54,4.08,3.77,3.69,10.09,21.12,33.27,46.54,60.37,65.61,82.24,100.56,120.56,142.62
2019-02-25,601519,5.89,5.89,5.89,5.89,19234,11328555.0,0.0,10.09,0.54,0.1,-39.22,-38.37,-34.63,-36.5,-37.18,-34.13,-28.01,-20.88,-17.49,-9.17,4.95,4.32,3.88,3.77,10.02,21.05,33.11,45.67,50.42,65.53,82.17,100.34,120.37,128.35
2019-02-26,601519,6.48,6.48,6.48,6.48,43982,28500621.0,0.0,10.02,0.59,0.22,-43.98,-40.59,-42.28,-42.9,-40.12,-34.57,-28.09,-25.0,-17.44,-9.1,5.4,4.61,4.03,3.87,10.03,20.99,32.41,36.73,50.46,65.59,82.1,100.31,107.56,98.3
2019-02-27,601519,7.13,7.13,7.13,7.13,43642,31116924.0,0.0,10.03,0.65,0.22,-46.0,-47.55,-48.11,-45.58,-40.53,-34.64,-31.84,-24.96,-17.39,-9.12,5.94,4.95,4.21,3.99,9.96,20.34,24.26,36.75,50.49,65.5,82.05,88.64,80.22,93.27
2019-02-28,601519,7.84,7.84,7.84,7.39,3101366,2410146240.0,6.31,9.96,0.71,15.6,-49.39,-49.93,-47.5,-42.63,-36.94,-34.24,-27.6,-20.3,-12.31,-3.52,6.54,5.37,4.43,4.13,9.44,13.01,24.36,36.86,50.51,65.56,71.56,63.9,75.77,44.01
2019-03-01,601519,7.06,8.05,8.58,7.06,2816269,2184412224.0,19.39,2.68,0.21,14.17,-47.59,-45.04,-39.94,-33.99,-31.16,-24.22,-16.57,-8.22,0.99,11.05,7.08,5.81,4.66,4.28,10.06,21.12,33.29,46.58,61.24,67.08,59.63,71.18,40.25,40.25
2019-03-04,601519,8.27,8.86,8.86,8.27,1654394,1427239808.0,7.33,10.06,0.81,8.32,-53.08,-48.73,-43.65,-41.23,-35.31,-28.78,-21.64,-13.78,-5.2,3.75,7.67,6.31,4.93,4.46,10.05,21.11,33.18,46.5,51.81,45.03,55.53,27.43,27.43,27.2
2019-03-05,601519,9.0,9.75,9.75,8.86,1296278,1218820192.0,10.05,10.05,0.89,6.52,-52.14,-47.4,-45.15,-39.62,-33.52,-26.86,-19.53,-11.51,-3.16,0.0,8.33,6.86,5.24,4.67,10.05,21.03,33.13,37.95,31.79,41.33,15.79,15.79,15.59,19.69
2019-03-06,601519,10.73,10.73,10.73,10.34,1131249,1207484976.0,4.0,10.05,0.98,5.69,-54.93,-53.0,-48.26,-43.04,-37.33,-31.04,-24.18,-17.02,-14.31,-5.71,9.05,7.49,5.62,4.9,9.97,20.97,25.35,19.76,28.42,5.22,5.22,5.03,8.76,9.97
2019-03-07,601519,11.8,11.8,11.8,11.8,108918,128523535.0,0.0,9.97,1.07,0.55,-58.81,-54.66,-50.08,-45.08,-39.58,-33.56,-27.29,-24.92,-17.37,-9.07,9.84,8.19,6.04,5.18,10.0,13.98,8.9,16.78,-4.32,-4.32,-4.49,-1.1,0.0,3.81
2019-03-08,601519,11.3,12.98,12.98,11.0,3028650,3801036576.0,16.78,10.0,1.18,15.24,-51.36,-46.45,-41.09,-35.18,-28.73,-22.0,-19.45,-11.36,-2.45,7.27,10.82,8.95,6.52,5.49,3.62,-1.0,6.16,-13.02,-13.02,-13.17,-10.09,-9.09,-5.62,-14.02
2019-03-11,601519,12.34,11.68,13.45,11.68,2217023,2639857696.0,13.64,-10.02,-1.3,11.15,-49.57,-44.52,-38.96,-32.88,-26.54,-24.14,-16.52,-8.13,1.03,11.13,11.39,9.53,6.92,5.77,10.02,17.98,-3.34,-3.34,-3.51,-0.09,1.03,4.88,-4.45,-7.02
2019-03-12,601519,11.68,12.85,12.85,11.68,2588434,3259663264.0,10.02,10.02,1.17,13.02,-44.52,-38.96,-32.88,-26.54,-24.14,-16.52,-8.13,1.03,11.13,15.15,12.01,10.17,7.39,6.08,7.24,-12.14,-12.14,-12.3,-9.18,-8.17,-4.67,-13.15,-15.49,-18.44
2019-03-13,601519,13.43,11.63,13.78,11.57,2561921,3162238336.0,17.2,-9.49,-1.22,12.89,-38.38,-32.24,-25.84,-23.42,-15.73,-7.26,1.99,12.19,16.25,11.06,12.19,10.62,7.78,6.35,-2.92,-2.92,-3.1,0.34,1.46,5.33,-4.04,-6.62,-9.89,-10.49
2019-03-14,601519,10.8,10.75,11.29,10.47,1569390,1681932432.0,7.05,-7.57,-0.88,7.9,-25.12,-18.05,-15.38,-6.88,2.48,12.7,23.97,28.46,22.73,31.61,11.98,10.91,8.14,6.59,5.02,4.84,8.56,9.77,13.95,3.81,1.02,-2.51,-3.16,-8.47
2019-03-15,601519,11.17,10.31,11.29,10.28,1292266,1380159792.0,9.4,-4.09,-0.44,6.5,-16.54,-13.81,-5.16,4.38,14.79,26.26,30.84,25.0,34.05,9.82,11.44,11.13,8.47,6.82,9.31,13.19,14.45,18.82,8.24,5.33,1.65,0.97,-4.56,-0.58
2019-03-18,601519,10.2,11.27,11.27,9.8,1728737,1807288528.0,14.26,9.31,0.96,8.7,-9.59,-0.51,9.49,20.41,32.45,37.24,31.12,40.61,15.2,15.2,11.36,11.37,8.84,7.08,3.55,4.7,8.7,-0.98,-3.64,-7.01,-7.63,-12.69,-9.05,0.09
2019-03-19,601519,10.77,10.8,11.67,10.55,1638569,1817898048.0,9.94,-4.17,-0.47,8.24,-7.58,1.71,11.85,23.03,27.49,21.8,30.62,7.01,7.01,6.82,10.95,11.48,9.17,7.32,9.26,13.43,3.33,0.56,-2.96,-3.61,-8.89,-5.09,4.44,14.91
2019-03-20,601519,10.55,11.38,11.8,10.55,1858310,2103356096.0,11.57,5.37,0.58,9.35,1.71,11.85,23.03,27.49,21.8,30.62,7.01,7.01,6.82,10.62,10.9,11.54,9.52,7.59,7.64,-1.93,-4.57,-7.91,-8.52,-13.53,-9.93,-0.88,9.05,7.21
2019-03-21,601519,10.99,11.38,12.25,10.55,2604603,2958606512.0,14.94,0.0,0.0,13.1,11.85,23.03,27.49,21.8,30.62,7.01,7.01,6.82,10.62,11.85,11.03,11.5,9.85,7.86,-1.93,-4.57,-7.91,-8.52,-13.53,-9.93,-0.88,9.05,7.21,3.95
2019-03-22,601519,10.96,10.71,11.16,10.61,1405690,1521154976.0,4.83,-5.89,-0.67,7.07,22.34,26.77,21.11,29.88,6.41,6.41,6.22,9.99,11.22,15.46,11.11,11.28,10.11,8.1,1.4,-2.15,-2.8,-8.12,-4.3,5.32,15.87,13.91,10.46,12.98
2019-03-25,601519,10.31,10.25,10.86,10.15,969023,1010714224.0,6.63,-4.3,-0.46,4.88,32.51,26.6,35.76,11.23,11.23,11.03,14.98,16.26,20.69,9.95,10.9,11.13,10.33,8.33,2.24,1.56,-4.0,0.0,10.05,21.07,19.02,15.41,18.05,12.59
2019-03-26,601519,10.25,10.21,10.48,10.06,739756,760797712.0,4.1,-0.39,-0.04,3.72,27.73,36.98,12.23,12.23,12.03,16.0,17.3,21.77,10.93,7.95,10.79,10.87,10.52,8.55,1.96,-3.62,0.39,10.48,21.55,19.49,15.87,18.51,13.03,13.12
2019-03-27,601519,10.33,9.69,10.41,9.35,1029933,1008281984.0,10.38,-5.09,-0.52,5.18,47.38,20.75,20.75,20.53,24.81,26.2,31.02,19.36,16.15,12.09,10.45,10.67,10.65,8.75,1.55,5.78,16.41,28.07,25.9,22.08,24.87,19.09,19.2,15.17
2019-03-28,601519,9.47,9.32,9.84,9.22,787114,746395696.0,6.4,-3.82,-0.37,3.96,22.45,22.45,22.23,26.57,27.98,32.86,21.04,17.79,13.67,12.91,10.04,10.53,10.72,8.94,9.98,21.03,33.15,30.9,26.93,29.83,23.82,23.93,19.74,17.49
2019-03-29,601519,9.33,10.25,10.25,9.21,1550653,1532248032.0,11.16,9.98,0.93,7.8,22.58,22.37,26.71,28.12,33.01,21.17,17.92,13.79,13.03,6.84,9.94,10.53,10.83,9.16,10.05,21.07,19.02,15.41,18.05,12.59,12.68,8.88,6.83,9.76
2019-04-01,601519,10.74,11.28,11.28,10.68,1909395,2100524960.0,5.85,10.05,1.03,9.61,5.52,9.27,10.49,14.7,4.49,1.69,-1.87,-2.53,-7.87,-4.03,10.15,10.53,10.95,9.4,10.02,8.16,4.88,7.27,2.3,2.39,-1.06,-2.93,-0.27,-5.14
2019-04-02,601519,11.65,11.71,12.41,11.34,2679167,3244954320.0,9.49,3.81,0.43,13.48,2.91,4.06,8.02,-1.59,-4.23,-7.58,-8.2,-13.23,-9.61,-0.53,10.45,10.62,11.05,9.65,4.18,1.02,3.33,-1.45,-1.37,-4.7,-6.49,-3.93,-8.63,-9.56
2019-04-03,601519,11.69,11.95,12.2,11.31,2159943,2559502032.0,7.6,2.05,0.24,10.87,4.33,8.31,-1.33,-3.98,-7.34,-7.96,-13.0,-9.37,-0.27,9.73,10.9,10.67,11.11,9.9,-1.0,1.26,-3.43,-3.35,-6.61,-8.37,-5.86,-10.46,-11.38,-12.72
2019-04-04,601519,11.7,11.18,11.83,11.12,1735418,1969438608.0,5.94,-6.44,-0.77,8.73,10.16,0.36,-2.34,-5.76,-6.38,-11.51,-7.82,1.44,11.6,9.71,11.27,10.65,11.08,10.12,8.23,3.22,3.31,-0.18,-2.06,0.63,-4.29,-5.28,-6.71,-4.38
2019-04-08,601519,10.98,11.67,12.1,10.58,1645402,1853280432.0,13.6,4.38,0.49,8.28,5.48,2.65,-0.95,-1.61,-6.99,-3.12,6.62,17.3,15.31,11.81,11.56,10.75,11.01,10.33,-1.11,-1.03,-4.37,-6.17,-3.6,-8.31,-9.25,-10.63,-8.4,-12.77
2019-04-09,601519,11.26,11.17,11.54,11.1,989308,1113873408.0,3.77,-4.28,-0.5,4.98,-2.16,-5.59,-6.22,-11.35,-7.66,1.62,11.8,9.91,6.58,9.01,11.54,10.84,10.99,10.5,3.4,-0.09,-1.97,0.72,-4.21,-5.19,-6.62,-4.3,-8.86,-2.15
2019-04-10,601519,10.8,11.12,11.55,10.68,971968,1070878960.0,7.79,-0.45,-0.05,4.89,-1.87,-2.53,-7.87,-4.03,5.62,16.2,14.23,10.77,13.3,8.05,11.42,10.93,10.9,10.66,0.36,-1.53,1.17,-3.78,-4.77,-6.21,-3.87,-8.45,-1.71,-4.86
2019-04-11,601519,11.01,10.61,11.16,10.6,765480,828104688.0,5.04,-4.59,-0.51,3.85,-1.79,-7.17,-3.3,6.42,17.08,15.09,11.6,14.15,8.87,8.96,11.15,11.03,10.85,10.77,3.2,6.03,0.85,-0.19,-1.7,0.75,-4.05,3.02,-0.28,-0.57
2019-04-12,601519,10.51,10.75,10.95,10.51,551356,591722976.0,4.15,1.32,0.14,2.77,-6.37,-2.47,7.33,18.08,16.08,12.56,15.13,9.8,9.9,6.18,11.06,11.17,10.85,10.87,4.65,-0.47,-1.49,-2.98,-0.56,-5.3,1.67,-1.58,-1.86,-5.4
2019-04-15,601519,11.09,10.4,11.25,10.34,624655,675194576.0,8.47,-3.26,-0.35,3.14,-0.87,9.09,20.02,17.99,14.41,17.02,11.61,11.7,7.93,5.9,10.81,11.18,10.86,10.95,2.88,1.83,0.29,2.79,-2.12,5.1,1.73,1.44,-2.21,-15.77
2019-04-16,601519,10.1,10.61,10.7,10.0,592019,614507744.0,6.73,2.02,0.21,2.98,12.8,24.1,22.0,18.3,21.0,15.4,15.5,11.6,9.5,12.5,10.7,11.12,10.82,11.01,-0.19,-1.7,0.75,-4.05,3.02,-0.28,-0.57,-4.15,-17.44,-25.73
2019-04-17,601519,10.55,10.41,10.59,10.36,546821,571675936.0,2.17,-1.89,-0.2,2.75,19.79,17.76,14.19,16.8,11.39,11.49,7.72,5.69,8.59,3.28,10.56,10.99,10.8,11.03,0.19,2.69,-2.21,5.0,1.63,1.34,-2.31,-15.85,-24.3,-31.89
2019-04-18,601519,10.37,10.24,10.43,10.03,523521,535159312.0,3.84,-1.63,-0.17,2.63,21.64,17.95,20.64,15.05,15.15,11.27,9.17,12.16,6.68,5.58,10.48,10.82,10.75,11.01,4.39,-0.59,6.74,3.32,3.03,-0.68,-14.45,-23.05,-30.76,-27.05
2019-04-19,601519,10.25,10.37,10.69,10.24,562417,587391104.0,4.39,1.27,0.13,2.83,15.53,18.16,12.7,12.79,8.98,6.93,9.86,4.49,3.42,1.86,10.41,10.73,10.7,10.96,-1.83,5.4,2.03,1.74,-1.93,-15.53,-24.01,-31.63,-27.97,-34.14
2019-04-22,601519,10.09,9.94,10.18,9.4,728166,720877792.0,7.52,-4.15,-0.43,3.66,28.72,22.77,22.87,18.72,16.49,19.68,13.83,12.66,10.96,13.72,10.31,10.56,10.66,10.86,9.96,6.44,6.14,2.31,-11.87,-20.72,-28.67,-24.85,-31.29,-34.31
2019-04-23,601519,9.81,10.48,10.93,9.63,1103015,1148384144.0,13.08,5.43,0.54,5.55,19.83,19.94,15.89,13.71,16.82,11.11,9.97,8.31,11.01,5.71,10.29,10.49,10.67,10.82,0.95,0.67,-2.96,-16.41,-24.81,-32.35,-28.72,-34.83,-37.69,-36.26
2019-04-24,601519,10.27,10.32,10.58,10.12,610971,631270864.0,4.39,-1.53,-0.16,3.07,14.13,10.28,8.2,11.17,5.73,4.64,3.06,5.63,0.59,8.0,10.27,10.41,10.67,10.74,2.23,-1.45,-15.12,-23.64,-31.3,-27.62,-33.82,-36.72,-35.27,-36.34
2019-04-25,601519,10.24,9.88,10.55,9.88,651527,663552480.0,6.49,-4.26,-0.44,3.28,12.96,10.83,13.87,8.3,7.19,5.57,8.2,3.04,10.63,7.09,10.2,10.34,10.68,10.68,2.94,-11.34,-20.24,-28.24,-24.39,-30.87,-33.91,-32.39,-33.5,-30.06
2019-04-26,601519,9.6,9.73,10.17,9.51,530524,521609376.0,6.68,-1.52,-0.15,2.67,15.14,18.3,12.51,11.36,9.67,12.41,7.05,14.93,11.25,10.94,10.07,10.24,10.7,10.65,-9.97,-19.01,-27.13,-23.23,-29.8,-32.89,-31.35,-32.48,-28.98,-24.25
2019-04-29,601519,8.76,8.76,8.76,8.76,90187,79003812.0,0.0,-9.97,-0.97,0.45,28.42,22.15,20.89,19.06,22.03,16.21,24.77,20.78,20.43,16.1,9.83,10.07,10.63,10.59,-10.05,-19.06,-14.73,-22.03,-25.46,-23.74,-25.0,-21.12,-15.87,-19.63
2019-04-30,601519,7.88,7.88,7.88,7.88,36125,28466500.0,0.0,-10.05,-0.88,0.18,35.79,34.39,32.36,35.66,29.19,38.71,34.26,33.88,29.06,11.17,9.31,9.8,10.46,10.48,-10.03,-5.2,-13.32,-17.13,-15.23,-16.62,-12.31,-6.47,-10.66,-8.88
2019-05-06,601519,7.09,7.09,7.09,7.09,24224,17174816.0,0.0,-10.03,-0.79,0.12,49.37,47.11,50.78,43.58,54.16,49.22,48.8,43.44,23.55,11.14,8.67,9.47,10.23,10.36,5.36,-3.67,-7.9,-5.78,-7.33,-2.54,3.95,-0.71,1.27,-4.94
2019-05-07,601519,6.38,7.08,7.47,6.38,1754513,1184291808.0,15.37,-0.14,-0.01,8.83,63.48,67.55,59.56,71.32,65.83,65.36,59.4,37.3,23.51,11.13,8.11,9.15,9.98,10.21,-3.53,-7.77,-5.65,-7.2,-2.4,4.1,-0.56,1.41,-4.8,-1.13
2019-05-08,601519,6.6,6.37,6.83,6.37,1249098,821238592.0,6.5,-10.03,-0.71,6.28,67.82,59.81,71.59,66.09,65.62,59.65,37.52,23.7,11.3,17.27,7.44,8.75,9.74,10.05,2.51,4.87,3.14,8.48,15.7,10.52,12.72,5.81,9.89,12.72
2019-05-09,601519,6.07,6.26,6.53,6.07,770030,488562704.0,7.22,-1.73,-0.11,3.87,67.71,80.07,74.3,73.81,67.55,44.32,29.82,16.8,23.06,12.52,6.94,8.38,9.47,9.9,6.71,4.95,10.38,17.73,12.46,14.7,7.67,11.82,14.7,14.22
2019-05-10,601519,6.31,6.61,6.68,6.15,1116080,725557888.0,8.47,5.59,0.35,5.61,77.72,72.03,71.54,65.37,42.44,28.13,15.28,21.46,11.06,6.18,6.68,8.0,9.25,9.78,-0.61,4.54,11.5,6.51,8.62,1.97,5.9,8.62,8.17,6.96
2019-05-13,601519,6.45,6.28,6.57,6.22,747836,476557888.0,5.3,-4.99,-0.33,3.76,70.1,69.61,63.5,40.84,26.69,13.99,20.1,9.81,4.98,7.4,6.52,7.59,9.0,9.65,10.03,17.36,12.1,14.33,7.32,11.46,14.33,13.85,12.58,13.85
2019-05-14,601519,6.25,6.91,6.91,6.25,750044,501397792.0,10.51,10.03,0.63,3.77,68.8,62.72,40.16,26.08,13.44,19.52,9.28,4.48,6.88,5.12,6.49,7.3,8.82,9.55,6.66,1.88,3.91,-2.46,1.3,3.91,3.47,2.32,3.47,2.03
2019-05-15,601519,7.28,7.09,7.37,6.95,1534412,1096057984.0,6.08,2.6,0.18,7.72,46.33,26.04,13.38,2.01,7.48,-1.73,-6.04,-3.88,-5.47,-0.58,6.63,7.03,8.64,9.48,-0.71,1.27,-4.94,-1.27,1.27,0.85,-0.28,0.85,-0.56,-1.27
2019-05-16,601519,7.0,6.92,7.04,6.8,920730,634875568.0,3.39,-2.4,-0.17,4.63,28.82,15.88,4.26,9.85,0.44,-3.97,-1.76,-3.38,1.62,8.38,6.76,6.85,8.46,9.37,3.76,-2.6,1.16,3.76,3.32,2.17,3.32,1.88,1.16,-2.6
2019-05-17,601519,6.87,6.61,7.18,6.42,938072,641530736.0,10.98,-4.48,-0.31,4.72,22.74,10.44,16.36,6.39,1.71,4.05,2.34,7.63,14.8,9.66,6.76,6.72,8.26,9.21,1.97,5.9,8.62,8.17,6.96,8.17,6.66,5.9,1.97,4.39
2019-05-20,601519,6.7,6.36,6.74,5.95,824368,514372880.0,11.95,-3.78,-0.25,4.15,19.16,25.55,14.79,9.75,12.27,10.42,16.13,23.87,18.32,20.67,6.78,6.65,8.06,9.03,10.06,12.89,12.42,11.16,12.42,10.85,10.06,5.97,8.49,6.45
2019-05-21,601519,6.31,7.0,7.0,6.31,687177,461821488.0,10.85,10.06,0.64,3.46,18.38,8.24,3.49,5.86,4.12,9.51,16.8,11.57,13.79,6.81,6.8,6.64,7.9,8.87,2.57,2.14,1.0,2.14,0.71,0.0,-3.71,-1.43,-3.29,-5.71
2019-05-22,601519,7.18,6.87,7.18,6.75,1190567,831300832.0,6.14,-1.86,-0.13,5.99,1.19,-3.26,-1.04,-2.67,2.37,9.19,4.3,6.37,-0.15,3.7,6.75,6.69,7.72,8.73,4.08,2.91,4.08,2.62,1.89,-1.89,0.44,-1.46,-3.93,-3.2
2019-05-23,601519,6.87,6.84,7.15,6.58,866545,597372928.0,8.3,-0.44,-0.03,4.36,-0.76,1.52,-0.15,5.02,12.01,6.99,9.12,2.43,6.38,9.12,6.74,6.75,7.57,8.57,3.36,4.53,3.07,2.34,-1.46,0.88,-1.02,-3.51,-2.78,-7.02
2019-05-24,601519,6.78,6.85,7.07,6.75,676530,468478768.0,4.68,0.15,0.01,3.4,-1.04,-2.67,2.37,9.19,4.3,6.37,-0.15,3.7,6.37,5.93,6.78,6.77,7.39,8.42,4.38,2.92,2.19,-1.61,0.73,-1.17,-3.65,-2.92,-7.15,-9.64
2019-05-27,601519,6.78,7.01,7.15,6.38,842883,580841648.0,11.24,2.34,0.16,4.24,2.98,8.31,15.52,10.34,12.54,5.64,9.72,12.54,12.07,10.82,6.91,6.85,7.22,8.28,0.57,-0.14,-3.85,-1.57,-3.42,-5.85,-5.14,-9.27,-11.7,-6.28
2019-05-28,601519,7.01,6.85,7.05,6.79,664635,460498384.0,3.71,-2.28,-0.16,3.34,1.77,8.54,3.68,5.74,-0.74,3.09,5.74,5.3,4.12,5.3,6.88,6.84,7.07,8.16,2.19,-1.61,0.73,-1.17,-3.65,-2.92,-7.15,-9.64,-4.09,3.65
2019-05-29,601519,6.77,6.83,7.0,6.7,498568,341870928.0,4.38,-0.29,-0.02,2.51,10.0,5.07,7.16,0.6,4.48,7.16,6.72,5.52,6.72,5.22,6.88,6.81,6.92,8.03,-1.32,1.02,-0.88,-3.37,-2.64,-6.88,-9.37,-3.81,3.95,2.93
2019-05-30,601519,6.74,6.63,6.74,6.44,552188,364570976.0,4.39,-2.93,-0.2,2.78,9.32,11.49,4.66,8.7,11.49,11.02,9.78,11.02,9.47,8.7,6.83,6.78,6.82,7.9,4.07,2.11,-0.45,0.3,-4.07,-6.64,-0.9,7.09,6.03,6.79
2019-05-31,601519,6.79,6.65,6.9,6.6,439500,296503408.0,4.52,0.3,0.02,2.21,8.79,2.12,6.06,8.79,8.33,7.12,8.33,6.82,6.06,2.12,6.79,6.79,6.76,7.77,1.8,-0.75,0.0,-4.36,-6.92,-1.2,6.77,5.71,6.47,2.26
2019-06-03,601519,6.58,6.5,6.77,6.41,435743,285743280.0,5.41,-2.26,-0.15,2.19,5.15,9.2,12.01,11.54,10.3,11.54,9.98,9.2,5.15,7.64,6.69,6.8,6.73,7.64,1.54,2.31,-2.15,-4.77,1.08,9.23,8.15,8.92,4.62,8.46
2019-06-04,601519,6.4,6.48,6.6,6.39,350587,227310209.0,3.23,-0.31,-0.02,1.76,9.55,12.36,11.89,10.64,11.89,10.33,9.55,5.48,7.98,5.95,6.62,6.75,6.7,7.51,2.62,-1.85,-4.48,1.39,9.57,8.49,9.26,4.94,8.8,18.06
2019-06-05,601519,6.59,6.43,6.65,6.4,354088,229957843.0,3.86,-0.77,-0.05,1.78,12.19,11.72,10.47,11.72,10.16,9.38,5.31,7.81,5.78,3.12,6.54,6.71,6.7,7.38,-1.09,-3.73,2.18,10.42,9.33,10.11,5.75,9.64,18.97,22.71
2019-06-06,601519,6.35,6.13,6.36,6.0,366733,226179755.0,5.6,-4.67,-0.3,1.85,19.17,17.83,19.17,17.5,16.67,12.33,15.0,12.83,10.0,10.83,6.44,6.64,6.69,7.26,0.98,7.18,15.82,14.68,15.5,10.93,15.01,24.8,28.71,30.18
2019-06-10,601519,6.15,5.97,6.19,5.71,416638,247340516.0,7.83,-2.61,-0.16,2.1,23.82,25.22,23.47,22.59,18.04,20.84,18.56,15.59,16.46,11.38,6.3,6.55,6.66,7.11,10.05,18.93,17.76,18.59,13.9,18.09,28.14,32.16,33.67,33.17
2019-06-11,601519,5.95,6.57,6.57,5.9,631715,403543392.0,11.22,10.05,0.6,3.18,21.19,19.49,18.64,14.24,16.95,14.75,11.86,12.71,7.8,4.92,6.32,6.5,6.68,6.98,8.07,7.0,7.76,3.5,7.31,16.44,20.09,21.46,21.0,13.7
2019-06-12,601519,6.71,6.69,7.1,6.45,1307990,883405552.0,9.89,1.83,0.12,6.58,9.3,8.53,4.5,6.98,4.96,2.33,3.1,-1.4,-4.03,1.86,6.36,6.49,6.66,6.87,5.08,5.83,1.64,5.38,14.35,17.94,19.28,18.83,11.66,9.12
2019-06-13,601519,6.56,6.91,7.03,6.51,900235,619290560.0,7.77,3.29,0.22,4.53,7.53,3.53,5.99,3.99,1.38,2.15,-2.3,-4.92,0.92,9.06,6.45,6.5,6.66,6.78,2.46,-1.59,2.03,10.71,14.18,15.48,15.05,8.1,5.64,8.83
2019-06-14,601519,6.9,6.63,7.08,6.57,621901,422129536.0,7.38,-4.05,-0.28,3.13,2.59,5.02,3.04,0.46,1.22,-3.2,-5.78,0.0,8.07,7.0,6.55,6.5,6.64,6.71,2.56,6.33,15.38,19.0,20.36,19.91,12.67,10.11,13.42,9.05
2019-06-17,601519,6.56,6.72,6.8,6.56,375277,252207508.0,3.62,1.36,0.09,1.89,5.18,3.2,0.61,1.37,-3.05,-5.64,0.15,8.23,7.16,7.93,6.7,6.5,6.65,6.67,4.91,13.84,17.41,18.75,18.3,11.16,8.63,11.9,7.59,12.05
2019-06-18,601519,6.8,6.95,7.05,6.6,639425,440523552.0,6.7,3.42,0.23,3.22,2.58,0.0,0.76,-3.64,-6.21,-0.45,7.58,6.52,7.27,3.03,6.78,6.55,6.68,6.67,10.07,13.53,14.82,14.39,7.48,5.04,8.2,4.03,8.35,6.62
2019-06-19,601519,7.64,7.19,7.65,7.12,1256777,934767712.0,7.63,3.45,0.24,6.32,-7.3,-6.6,-10.67,-13.06,-7.72,-0.28,-1.26,-0.56,-4.49,-0.98,6.88,6.62,6.69,6.67,9.74,10.99,10.57,3.89,1.53,4.59,0.56,4.73,3.06,-0.28
2019-06-20,601519,7.01,7.61,7.89,6.98,1501877,1123216656.0,12.66,5.84,0.42,7.56,-4.73,-8.88,-11.32,-5.87,1.72,0.72,1.43,-2.58,1.0,9.6,7.02,6.74,6.72,6.71,4.86,4.47,-1.84,-4.07,-1.18,-4.99,-1.05,-2.63,-5.78,-4.86
2019-06-21,601519,7.56,7.89,7.98,7.48,1313119,1025939728.0,6.57,3.68,0.28,6.61,-14.97,-17.25,-12.17,-5.08,-6.02,-5.35,-9.09,-5.75,2.27,5.48,7.27,6.91,6.77,6.77,0.76,-5.32,-7.48,-4.69,-8.37,-4.56,-6.08,-9.13,-8.24,-9.0
2019-06-24,601519,7.89,7.59,7.95,7.5,917959,706066080.0,5.7,-3.8,-0.3,4.62,-17.47,-12.4,-5.33,-6.27,-5.6,-9.33,-6.0,2.0,5.2,6.4,7.45,7.07,6.81,6.8,-1.58,-3.82,-0.92,-4.74,-0.79,-2.37,-5.53,-4.61,-5.4,-7.77
2019-06-25,601519,7.45,7.38,7.47,7.11,794399,579534592.0,4.74,-2.77,-0.21,4.0,-7.59,-0.14,-1.13,-0.42,-4.36,-0.84,7.59,10.97,12.24,11.81,7.53,7.16,6.83,6.84,-1.08,1.9,-2.03,2.03,0.41,-2.85,-1.9,-2.71,-5.15,-9.21
2019-06-26,601519,7.15,7.13,7.3,7.09,412685,296532960.0,2.85,-3.39,-0.25,2.08,0.14,-0.85,-0.14,-4.09,-0.56,7.9,11.28,12.55,12.13,5.36,7.52,7.2,6.84,6.84,5.47,1.4,5.61,3.93,0.56,1.54,0.7,-1.82,-6.03,-6.17
2019-06-27,601519,7.21,7.26,7.52,7.21,557271,409003792.0,4.35,1.82,0.13,2.8,-2.5,-1.8,-5.69,-2.22,6.1,9.43,10.68,10.26,3.61,1.25,7.45,7.23,6.87,6.85,-0.41,3.72,2.07,-1.24,-0.28,-1.1,-3.58,-7.71,-7.85,-7.44
2019-06-28,601519,7.22,7.09,7.23,7.01,382718,271394592.0,3.03,-2.34,-0.17,1.93,1.0,-3.0,0.57,9.13,12.55,13.84,13.41,6.56,4.14,7.28,7.29,7.28,6.89,6.85,6.21,4.51,1.13,2.12,1.27,-1.27,-5.5,-5.64,-5.22,-7.9
2019-07-01,601519,7.37,7.34,7.53,7.28,646753,477295984.0,3.53,3.53,0.25,3.25,-6.59,-3.16,5.08,8.38,9.62,9.2,2.61,0.27,3.3,-0.69,7.24,7.34,6.92,6.88,0.95,-2.32,-1.36,-2.18,-4.63,-8.72,-8.86,-8.45,-11.04,-5.72
2019-07-02,601519,7.38,7.19,7.41,7.16,394736,284781936.0,3.41,-2.04,-0.15,1.99,-1.54,6.84,10.2,11.45,11.03,4.33,1.96,5.03,0.98,5.17,7.2,7.37,6.96,6.91,-0.28,0.7,-0.14,-2.64,-6.82,-6.95,-6.54,-9.18,-3.76,-6.54
2019-07-03,601519,7.12,7.07,7.17,7.02,321107,227095698.0,2.09,-1.67,-0.12,1.62,8.97,12.39,13.68,13.25,6.41,3.99,7.12,2.99,7.26,5.56,7.19,7.35,6.99,6.91,2.4,1.56,-0.99,-5.23,-5.37,-4.95,-7.64,-2.12,-4.95,-4.53
2019-07-04,601519,7.08,7.13,7.24,7.06,289755,206397648.0,2.55,0.85,0.06,1.46,11.76,13.03,12.61,5.81,3.4,6.52,2.41,6.66,4.96,1.56,7.16,7.31,7.02,6.92,0.7,-1.82,-6.03,-6.17,-5.75,-8.42,-2.95,-5.75,-5.33,-7.85
2019-07-05,601519,7.14,7.03,7.18,6.91,280305,196531222.0,3.79,-1.4,-0.1,1.41,15.48,15.05,8.1,5.64,8.83,4.63,8.97,7.24,3.76,4.78,7.15,7.22,7.07,6.92,-0.43,-4.69,-4.84,-4.41,-7.11,-1.56,-4.41,-3.98,-6.54,-3.41
2019-07-08,601519,6.99,6.64,7.0,6.51,428175,286128624.0,6.97,-5.55,-0.39,2.15,22.12,14.75,12.14,15.51,11.06,15.67,13.82,10.14,11.21,10.29,7.01,7.13,7.1,6.92,0.9,0.75,1.2,-1.66,4.22,1.2,1.66,-1.05,2.26,-0.15
2019-07-09,601519,6.58,6.66,6.7,6.55,246192,162997129.0,2.26,0.3,0.02,1.24,14.05,11.45,14.81,10.38,14.96,13.13,9.47,10.53,9.62,6.87,6.91,7.05,7.11,6.9,0.45,0.9,-1.95,3.9,0.9,1.35,-1.35,1.95,-0.45,-3.75
2019-07-10,601519,6.66,6.52,6.69,6.48,189237,124657357.0,3.15,-2.1,-0.14,0.95,12.65,16.05,11.57,16.2,14.35,10.65,11.73,10.8,8.02,3.4,6.8,6.99,7.1,6.89,3.07,0.15,6.13,3.07,3.53,0.77,4.14,1.69,-1.69,1.07
2019-07-11,601519,6.61,6.53,6.72,6.51,242211,159948341.0,3.22,0.15,0.01,1.22,15.51,11.06,15.67,13.82,10.14,11.21,10.29,7.53,2.92,2.76,6.68,6.92,7.08,6.88,0.0,5.97,2.91,3.37,0.61,3.98,1.53,-1.84,0.92,-0.46
2019-07-12,601519,6.5,6.48,6.53,6.23,291004,186327273.0,4.59,-0.77,-0.05,1.46,16.05,20.87,18.94,15.09,16.21,15.25,12.36,7.54,7.38,7.87,6.57,6.86,7.07,6.88,6.79,3.7,4.17,1.39,4.78,2.31,-1.08,1.7,0.31,-0.15
2019-07-15,601519,6.49,6.72,6.92,6.32,445659,296631088.0,9.26,3.7,0.24,2.24,19.15,17.25,13.45,14.56,13.61,10.76,6.01,5.85,6.33,3.32,6.58,6.8,7.07,6.88,0.0,0.45,-2.23,1.04,-1.34,-4.61,-1.93,-3.27,-3.72,-4.76
2019-07-16,601519,6.72,6.62,6.72,6.6,226723,150424226.0,1.79,-1.49,-0.1,1.14,12.27,8.64,9.7,8.79,6.06,1.52,1.36,1.82,-1.06,4.85,6.57,6.74,7.05,6.88,1.96,-0.76,2.57,0.15,-3.17,-0.45,-1.81,-2.27,-3.32,-0.91
2019-07-17,601519,6.62,6.64,6.75,6.56,248410,165649659.0,2.87,0.3,0.02,1.25,9.3,10.37,9.45,6.71,2.13,1.98,2.44,-0.46,5.49,2.44,6.6,6.7,7.03,6.89,-1.05,2.26,-0.15,-3.46,-0.75,-2.11,-2.56,-3.61,-1.2,-4.37
2019-07-18,601519,6.56,6.41,6.57,6.41,230194,148905416.0,2.41,-3.46,-0.23,1.16,12.95,12.01,9.2,4.52,4.37,4.84,1.87,7.96,4.84,5.3,6.57,6.62,6.97,6.89,5.93,3.43,0.0,2.81,1.4,0.94,-0.16,2.34,-0.94,-2.18
2019-07-19,601519,6.43,6.57,6.79,6.43,333641,221123353.0,5.62,2.5,0.16,1.68,11.66,8.86,4.2,4.04,4.51,1.56,7.62,4.51,4.98,2.18,6.59,6.58,6.9,6.9,0.91,-2.44,0.3,-1.07,-1.52,-2.59,-0.15,-3.35,-4.57,-8.07
2019-07-22,601519,6.6,6.32,6.63,6.27,288017,183974237.0,5.48,-3.81,-0.25,1.45,11.64,6.86,6.7,7.18,4.15,10.37,7.18,7.66,4.78,8.29,6.51,6.55,6.84,6.92,1.42,4.27,2.85,2.37,1.27,3.8,0.47,-0.79,-4.43,-3.16
2019-07-23,601519,6.29,6.37,6.41,6.29,160232,101722479.0,1.9,0.79,0.05,0.81,6.52,6.36,6.84,3.82,10.02,6.84,7.31,4.45,7.95,5.41,6.46,6.52,6.79,6.91,3.45,2.04,1.57,0.47,2.98,-0.31,-1.57,-5.18,-3.92,-8.16
2019-07-24,601519,6.4,6.44,6.59,6.37,275721,178773404.0,3.45,1.1,0.07,1.39,5.02,5.49,2.51,8.63,5.49,5.97,3.14,6.59,4.08,0.63,6.42,6.51,6.75,6.9,0.93,0.47,-0.62,1.86,-1.4,-2.64,-6.21,-4.97,-9.16,-8.85
2019-07-25,601519,6.37,6.42,6.5,6.36,194821,124771243.0,2.17,-0.31,-0.02,0.98,5.66,2.67,8.81,5.66,6.13,3.3,6.76,4.25,0.79,3.62,6.42,6.5,6.71,6.88,0.78,-0.31,2.18,-1.09,-2.34,-5.92,-4.67,-8.88,-8.57,-9.03
2019-07-26,601519,6.39,6.4,6.47,6.35,155392,99470325.0,1.87,-0.31,-0.02,0.78,2.83,8.98,5.83,6.3,3.46,6.93,4.41,0.94,3.78,2.36,6.39,6.49,6.68,6.88,0.0,2.5,-0.78,-2.03,-5.63,-4.38,-8.59,-8.28,-8.75,-8.91
2019-07-29,601519,6.35,6.27,6.4,6.25,192279,121311683.0,2.34,-2.03,-0.13,0.97,10.72,7.52,8.0,5.12,8.64,6.08,2.56,5.44,4.0,3.52,6.38,6.45,6.62,6.86,4.63,1.28,0.0,-3.67,-2.39,-6.7,-6.38,-6.86,-7.02,-7.5
2019-07-30,601519,6.29,6.39,6.56,6.28,325856,209672608.0,4.47,1.91,0.12,1.64,7.01,7.48,4.62,8.12,5.57,2.07,4.94,3.5,3.03,1.91,6.38,6.42,6.58,6.84,-0.63,-1.88,-5.48,-4.23,-8.45,-8.14,-8.61,-8.76,-9.23,-10.33
2019-07-31,601519,6.34,6.3,6.35,6.27,188211,118409586.0,1.25,-1.41,-0.09,0.95,7.66,4.78,8.29,5.74,2.23,5.1,3.67,3.19,2.07,4.63,6.36,6.39,6.54,6.81,-0.48,-4.13,-2.86,-7.14,-6.83,-7.3,-7.46,-7.94,-9.05,-8.25
2019-08-01,601519,6.2,6.17,6.27,6.12,234278,144704226.0,2.38,-2.06,-0.13,1.18,7.35,10.95,8.33,4.74,7.68,6.21,5.72,4.58,7.19,3.76,6.31,6.36,6.5,6.77,-2.11,-0.81,-5.19,-4.86,-5.35,-5.51,-6.0,-7.13,-6.32,-7.62
2019-08-02,601519,5.96,6.02,6.04,5.88,244879,146357736.0,2.59,-2.43,-0.15,1.23,15.48,12.76,9.01,12.07,10.54,10.03,8.84,11.56,7.99,6.63,6.23,6.31,6.44,6.7,1.66,-2.82,-2.49,-2.99,-3.16,-3.65,-4.82,-3.99,-5.32,-0.66
2019-08-05,601519,5.99,5.97,6.12,5.91,193444,115934416.0,3.49,-0.83,-0.05,0.97,12.18,8.46,11.51,9.98,9.48,8.29,11.0,7.45,6.09,2.2,6.17,6.27,6.41,6.65,-2.01,-1.68,-2.18,-2.35,-2.85,-4.02,-3.18,-4.52,0.17,5.53
2019-08-06,601519,5.85,5.77,5.85,5.38,445395,251438565.0,7.87,-3.35,-0.2,2.24,19.14,22.49,20.82,20.26,18.96,21.93,18.03,16.54,12.27,13.75,6.05,6.21,6.37,6.6,1.73,1.21,1.04,0.52,-0.69,0.17,-1.21,3.64,9.19,16.98
2019-08-07,601519,5.82,5.64,5.87,5.63,229604,131525032.0,4.16,-2.25,-0.13,1.16,17.05,15.45,14.92,13.68,16.52,12.79,11.37,7.28,8.7,3.91,5.91,6.13,6.32,6.55,3.55,3.37,2.84,1.6,2.48,1.06,6.03,11.7,19.68,14.89
2019-08-08,601519,5.79,5.77,5.84,5.71,251657,145300794.0,2.3,2.3,0.13,1.27,13.84,13.31,12.08,14.89,11.21,9.81,5.78,7.18,2.45,2.8,5.83,6.07,6.28,6.5,1.04,0.52,-0.69,0.17,-1.21,3.64,9.19,16.98,12.31,12.13
2019-08-09,601519,5.82,5.65,5.83,5.61,201133,114827804.0,3.81,-2.08,-0.12,1.01,15.33,14.08,16.93,13.19,11.76,7.66,9.09,4.28,4.63,4.1,5.76,5.99,6.24,6.45,2.65,1.42,2.3,0.88,5.84,11.5,19.47,14.69,14.51,24.07
2019-08-12,601519,5.68,5.78,5.8,5.66,193249,110892091.0,2.48,2.3,0.13,0.97,13.07,15.9,12.19,10.78,6.71,8.13,3.36,3.71,3.18,3.0,5.72,5.95,6.2,6.4,-0.87,0.0,-1.38,3.46,9.0,16.78,12.11,11.94,21.28,12.28
2019-08-13,601519,5.73,5.63,5.73,5.59,200529,113158502.0,2.42,-2.6,-0.15,1.01,17.35,13.6,12.16,8.05,9.48,4.65,5.01,4.47,4.29,3.76,5.69,5.87,6.15,6.34,2.66,1.24,6.22,11.9,19.89,15.1,14.92,24.51,15.28,22.56
2019-08-14,601519,5.75,5.66,5.78,5.63,160955,91731680.0,2.66,0.53,0.03,0.81,12.79,11.37,7.28,8.7,3.91,4.26,3.73,3.55,3.02,1.78,5.7,5.81,6.1,6.3,0.71,5.65,11.31,19.26,14.49,14.31,23.85,14.66,21.91,21.55
2019-08-15,601519,5.43,5.66,5.7,5.35,243248,134857253.0,6.18,0.0,0.0,1.22,17.2,12.9,14.39,9.35,9.72,9.16,8.97,8.41,7.1,8.04,5.68,5.75,6.06,6.25,5.65,11.31,19.26,14.49,14.31,23.85,14.66,21.91,21.55,21.55
2019-08-16,601519,5.63,5.73,5.98,5.61,369602,213884591.0,6.54,1.24,0.07,1.86,7.66,9.09,4.28,4.63,4.1,3.92,3.39,2.14,3.03,1.6,5.69,5.73,6.02,6.2,9.95,17.8,13.09,12.91,22.34,13.26,20.42,20.07,20.07,19.9
2019-08-19,601519,5.79,6.3,6.3,5.74,925138,567851328.0,9.77,9.95,0.57,4.65,6.62,1.92,2.26,1.74,1.57,1.05,-0.17,0.7,-0.7,4.18,5.8,5.76,6.02,6.19,7.14,2.86,2.7,11.27,3.02,9.52,9.21,9.21,9.05,9.37
2019-08-20,601519,6.37,6.44,6.75,6.25,1067439,694619856.0,7.94,2.22,0.14,5.37,-6.4,-6.08,-6.56,-6.72,-7.2,-8.32,-7.52,-8.8,-4.32,0.8,5.96,5.83,6.02,6.19,0.62,0.47,8.85,0.78,7.14,6.83,6.83,6.68,6.99,4.81
2019-08-21,601519,6.4,6.36,6.48,6.3,459472,294482896.0,2.8,-1.24,-0.08,2.31,-6.83,-7.3,-7.46,-7.94,-9.05,-8.25,-9.52,-5.08,0.0,7.14,6.1,5.9,6.02,6.18,1.73,10.22,2.04,8.49,8.18,8.18,8.02,8.33,6.13,10.53
2019-08-22,601519,6.38,6.37,6.47,6.27,370586,236375229.0,3.14,0.16,0.01,1.86,-6.86,-7.02,-7.5,-8.61,-7.81,-9.09,-4.63,0.48,7.66,3.35,6.24,5.96,6.01,6.18,10.05,1.88,8.32,8.01,8.01,7.85,8.16,5.97,10.36,19.47
2019-08-23,601519,6.48,6.75,7.01,6.48,1203062,823723968.0,8.32,5.97,0.38,6.05,-10.03,-10.49,-11.57,-10.8,-12.04,-7.72,-2.78,4.17,0.0,-0.15,6.44,6.07,6.03,6.18,-3.85,2.22,1.93,1.93,1.78,2.07,0.0,4.15,12.74,24.0
2019-08-26,601519,6.37,6.37,6.49,6.25,742158,473004368.0,3.56,-5.63,-0.38,3.73,-7.2,-8.32,-7.52,-8.8,-4.32,0.8,8.0,3.68,3.52,12.16,6.46,6.13,6.04,6.17,8.32,8.01,8.01,7.85,8.16,5.97,10.36,19.47,31.4,44.58
2019-08-27,601519,6.46,6.6,6.9,6.38,799693,528879664.0,8.16,3.61,0.23,4.02,-10.19,-9.4,-10.66,-6.27,-1.25,5.8,1.57,1.41,9.87,1.72,6.49,6.22,6.05,6.17,4.24,4.24,4.09,4.39,2.27,6.52,15.3,26.82,39.55,53.48
2019-08-28,601519,6.49,6.8,6.88,6.39,771639,511660608.0,7.42,3.03,0.2,3.88,-9.55,-10.8,-6.42,-1.41,5.63,1.41,1.25,9.7,1.56,7.98,6.58,6.34,6.07,6.18,1.18,1.03,1.32,-0.74,3.38,11.91,23.09,35.44,48.97,53.97
2019-08-29,601519,6.7,6.62,6.88,6.6,610388,409525680.0,4.12,-2.65,-0.18,3.07,-13.64,-9.39,-4.55,2.27,-1.82,-1.97,6.21,-1.67,4.55,4.24,6.63,6.43,6.09,6.18,3.78,4.08,1.96,6.19,14.95,26.44,39.12,53.02,58.16,46.22
2019-08-30,601519,6.7,6.44,6.87,6.26,674255,441588656.0,9.21,-2.72,-0.18,3.39,-4.47,0.64,7.83,3.51,3.35,11.98,3.67,10.22,9.9,9.9,6.57,6.5,6.12,6.18,6.99,4.81,9.16,18.17,29.97,43.01,57.3,62.58,50.31,48.14
2019-09-02,601519,6.32,6.7,6.89,6.32,745270,495240160.0,8.85,4.04,0.26,3.75,-0.32,6.8,2.53,2.37,10.92,2.69,9.18,8.86,8.86,8.7,6.63,6.54,6.15,6.19,0.75,4.93,13.58,24.93,37.46,51.19,56.27,44.48,42.39,37.01
2019-09-03,601519,6.69,6.7,6.75,6.5,548145,363180848.0,3.73,0.0,0.0,2.76,3.85,-0.31,-0.46,7.85,-0.15,6.15,5.85,5.85,5.69,6.0,6.65,6.57,6.2,6.2,4.93,13.58,24.93,37.46,51.19,56.27,44.48,42.39,37.01,35.22
2019-09-04,601519,6.63,6.92,7.03,6.6,1004729,690150416.0,6.42,3.28,0.22,5.05,-1.82,-1.97,6.21,-1.67,4.55,4.24,4.24,4.09,4.39,2.27,6.68,6.63,6.26,6.22,9.97,20.95,33.09,46.39,51.3,39.88,37.86,32.66,30.92,31.36
2019-09-05,601519,7.61,7.61,7.61,7.61,297582,226459773.0,0.0,9.97,0.69,1.5,-14.98,-7.88,-14.72,-9.33,-9.59,-9.59,-9.72,-9.46,-11.3,-7.62,6.87,6.75,6.35,6.26,9.99,21.02,33.11,37.58,27.2,25.36,20.63,19.05,19.45,20.5
2019-09-06,601519,8.37,8.37,8.37,8.37,115785,96912053.0,0.0,9.99,0.76,0.58,-16.25,-22.46,-17.56,-17.8,-17.8,-17.92,-17.68,-19.35,-16.01,-9.08,7.26,6.91,6.49,6.33,10.04,21.03,25.09,15.65,13.98,9.68,8.24,8.6,9.56,4.3
2019-09-09,601519,9.21,9.21,9.21,8.45,2674793,2432055328.0,9.08,10.04,0.84,13.46,-23.2,-18.34,-18.58,-18.58,-18.7,-18.46,-20.12,-16.8,-9.94,-0.95,7.76,7.2,6.66,6.42,9.99,13.68,5.1,3.58,-0.33,-1.63,-1.3,-0.43,-5.21,0.43
2019-09-10,601519,9.08,10.13,10.13,9.0,2542584,2496229984.0,12.27,9.99,0.92,12.79,-23.33,-23.56,-23.56,-23.67,-23.44,-25.0,-21.89,-15.44,-7.0,2.33,8.45,7.55,6.89,6.55,3.36,-4.44,-5.82,-9.38,-10.56,-10.27,-9.48,-13.82,-8.69,-9.38
2019-09-11,601519,10.31,9.42,10.47,9.35,2685349,2600739728.0,11.06,-7.01,-0.71,13.51,-26.42,-26.42,-26.52,-26.31,-27.81,-24.81,-18.61,-10.48,-1.5,8.34,8.95,7.81,7.08,6.65,2.76,1.27,-2.55,-3.82,-3.5,-2.65,-7.32,-1.8,-2.55,-1.8
2019-09-12,601519,9.45,9.51,9.68,9.08,1777340,1675634912.0,6.37,0.96,0.09,8.94,-24.23,-24.34,-24.12,-25.66,-22.58,-16.19,-7.82,1.43,11.56,15.31,9.33,8.1,7.27,6.76,0.32,-3.47,-4.73,-4.42,-3.58,-8.2,-2.73,-3.47,-2.73,-3.89
2019-09-16,601519,9.4,9.28,9.54,9.15,1278586,1188156864.0,4.1,-2.42,-0.23,6.43,-24.92,-24.7,-26.23,-23.17,-16.83,-8.52,0.66,10.71,14.43,5.79,9.51,8.38,7.45,6.87,-1.08,-2.37,-2.05,-1.19,-5.93,-0.32,-1.08,-0.32,-1.51,2.16
2019-09-17,601519,9.12,9.02,9.18,8.76,1115840,999324512.0,4.53,-2.8,-0.26,5.61,-21.35,-22.95,-19.75,-13.13,-4.45,5.14,15.64,19.52,10.5,8.9,9.47,8.62,7.58,6.97,0.44,0.78,1.66,-3.22,2.55,1.77,2.55,1.33,5.1,-0.11
2019-09-18,601519,8.99,8.9,9.06,8.7,946778,841247696.0,3.99,-1.33,-0.12,4.76,-22.41,-19.2,-12.53,-3.79,5.86,16.44,20.34,11.26,9.66,5.52,9.23,8.84,7.7,7.08,2.13,3.03,-1.91,3.93,3.15,3.93,2.7,6.52,1.24,-10.79
2019-09-19,601519,9.0,9.08,9.09,8.7,943009,844071408.0,4.38,2.02,0.18,4.74,-19.2,-12.53,-3.79,5.86,16.44,20.34,11.26,9.66,5.52,4.14,9.16,9.05,7.84,7.19,0.99,-3.85,1.87,1.1,1.87,0.66,4.41,-0.77,-12.56,-16.63
2019-09-20,601519,9.0,8.9,9.17,8.85,838604,752579280.0,3.52,-1.98,-0.18,4.22,-14.01,-5.42,4.07,14.46,18.31,9.38,7.8,3.73,2.37,2.71,9.04,9.18,7.97,7.3,-1.91,3.93,3.15,3.93,2.7,6.52,1.24,-10.79,-14.94,-11.57
2019-09-23,601519,8.72,8.58,8.73,8.41,826485,707602288.0,3.6,-3.6,-0.32,4.16,-0.48,9.51,20.45,24.49,15.1,13.44,9.16,7.73,8.09,9.04,8.9,9.2,8.06,7.39,7.81,6.99,7.81,6.53,10.49,5.01,-7.46,-11.77,-8.28,-1.63
2019-09-24,601519,8.61,8.87,9.25,8.49,1233863,1095717408.0,8.86,3.38,0.29,6.21,8.48,19.32,23.32,14.02,12.37,8.13,6.71,7.07,8.01,2.83,8.87,9.17,8.18,7.5,3.49,4.28,3.04,6.88,1.58,-10.48,-14.66,-11.27,-4.85,-9.36
2019-09-25,601519,8.69,8.87,9.18,8.55,991782,881124560.0,7.1,0.0,0.0,4.99,18.48,22.46,13.22,11.58,7.37,5.96,6.32,7.25,2.11,8.19,8.86,9.04,8.3,7.61,4.28,3.04,6.88,1.58,-10.48,-14.66,-11.27,-4.85,-9.36,-9.02
2019-09-26,601519,8.73,8.85,9.25,8.7,1254847,1130381984.0,6.2,-0.23,-0.02,6.31,20.34,11.26,9.66,5.52,4.14,4.48,5.4,0.34,6.32,5.52,8.81,8.99,8.4,7.71,3.28,7.12,1.81,-10.28,-14.46,-11.07,-4.63,-9.15,-8.81,-12.2
2019-09-27,601519,8.69,9.14,9.14,8.52,976688,869071424.0,7.01,3.28,0.29,4.91,13.62,11.97,7.75,6.34,6.69,7.63,2.46,8.57,7.75,8.57,8.86,8.95,8.53,7.83,3.72,-1.42,-13.13,-17.18,-13.89,-7.66,-12.04,-11.71,-14.99,-14.99
2019-09-30,601519,9.1,9.02,9.48,8.95,1181670,1093215488.0,5.8,-1.31,-0.12,5.94,6.59,2.57,1.23,1.56,2.46,-2.46,3.35,2.57,3.35,2.12,8.95,8.92,8.65,7.94,-0.11,-11.97,-16.08,-12.75,-6.43,-10.86,-10.53,-13.86,-13.86,-15.41
2019-10-08,601519,8.86,8.12,9.01,8.12,222965,186417556.0,9.87,-9.98,-0.9,1.12,13.05,11.58,11.95,12.93,7.51,13.92,13.05,13.92,12.56,16.75,8.8,8.83,8.73,8.0,-2.22,-6.77,-3.08,3.94,-0.99,-0.62,-4.31,-4.31,-6.03,-4.93
2019-10-09,601519,7.31,7.65,7.94,7.31,1368447,1036493008.0,7.76,-5.79,-0.47,6.88,23.94,24.35,25.44,19.43,26.54,25.58,26.54,25.03,29.69,23.26,8.56,8.71,8.77,8.04,-1.05,2.88,10.33,5.1,5.49,1.57,1.57,-0.26,0.92,1.44
2019-10-10,601519,7.44,7.47,7.57,7.21,1041146,771797680.0,4.71,-2.35,-0.18,5.24,26.07,27.18,21.08,28.29,27.32,28.29,26.77,31.48,24.97,10.12,8.28,8.55,8.8,8.08,5.35,12.99,7.63,8.03,4.02,4.02,2.14,3.35,3.88,1.34
2019-10-11,601519,7.36,7.68,7.87,7.24,1205375,910789392.0,8.43,2.81,0.21,6.06,26.66,20.58,27.76,26.8,27.76,26.24,30.94,24.45,9.67,4.56,7.99,8.42,8.8,8.12,9.9,4.69,5.08,1.17,1.17,-0.65,0.52,1.04,-1.43,0.91
2019-10-14,601519,7.81,8.15,8.44,7.61,1251537,1006183664.0,10.81,6.12,0.47,6.3,14.72,21.55,20.63,21.55,20.11,24.57,18.4,4.34,-0.53,3.42,7.81,8.38,8.79,8.17,-1.35,-0.98,-4.66,-4.66,-6.38,-5.28,-4.79,-7.12,-4.91,0.61
2019-10-15,601519,8.03,7.78,8.04,7.78,676701,533077408.0,3.19,-4.54,-0.37,3.4,18.89,17.99,18.89,17.48,21.85,15.81,2.06,-2.7,1.16,8.48,7.75,8.27,8.72,8.21,3.73,-0.13,-0.13,-1.93,-0.77,-0.26,-2.7,-0.39,5.4,3.08
2019-10-16,601519,7.85,7.61,8.07,7.61,565868,443099616.0,5.91,-2.19,-0.17,2.85,20.63,21.55,20.11,24.57,18.4,4.34,-0.53,3.42,10.91,5.65,7.74,8.15,8.6,8.25,2.1,2.1,0.26,1.45,1.97,-0.53,1.84,7.75,5.39,0.26
2019-10-17,601519,7.58,7.65,7.77,7.58,395420,303370544.0,2.5,0.53,0.04,1.99,22.03,20.58,25.07,18.87,4.75,-0.13,3.83,11.35,6.07,6.46,7.77,8.03,8.51,8.27,1.57,-0.26,0.92,1.44,-1.05,1.31,7.19,4.84,-0.26,-1.31
2019-10-18,601519,7.7,7.48,7.77,7.35,444261,335124400.0,5.49,-2.22,-0.17,2.24,24.35,28.98,22.59,8.03,2.99,7.07,14.83,9.39,9.8,5.71,7.73,7.86,8.41,8.3,2.01,3.21,3.74,1.2,3.61,9.63,7.22,2.01,0.94,0.53
2019-10-21,601519,7.43,7.6,7.63,7.28,414930,310928224.0,4.68,1.6,0.12,2.09,30.22,23.76,9.07,3.98,8.1,15.93,10.44,10.85,6.73,6.73,7.62,7.72,8.32,8.34,1.58,2.11,-0.39,1.97,7.89,5.53,0.39,-0.66,-1.05,0.0
2019-10-22,601519,7.58,7.67,7.72,7.5,408509,311339296.0,2.89,0.92,0.07,2.06,20.13,5.87,0.93,4.93,12.53,7.2,7.6,3.6,3.6,1.73,7.6,7.67,8.25,8.37,1.17,-1.3,1.04,6.91,4.56,-0.52,-1.56,-1.96,-0.91,1.17
2019-10-23,601519,7.71,7.44,7.76,7.36,449797,339694896.0,5.22,-3.0,-0.23,2.26,7.88,2.85,6.93,14.67,9.24,9.65,5.57,5.57,3.67,4.89,7.57,7.65,8.18,8.4,1.75,4.17,10.22,7.8,2.55,1.48,1.08,2.15,4.3,2.82
2019-10-24,601519,7.38,7.47,7.57,7.34,367150,274195120.0,3.09,0.4,0.03,1.85,3.13,7.22,14.99,9.54,9.95,5.86,5.86,3.95,5.18,5.72,7.53,7.65,8.1,8.42,3.75,9.77,7.36,2.14,1.07,0.67,1.74,3.88,2.41,-0.54
2019-10-25,601519,7.42,7.69,7.75,7.38,574049,436915280.0,4.95,2.95,0.22,2.89,6.64,14.36,8.94,9.35,5.28,5.28,3.39,4.61,5.15,2.57,7.57,7.65,8.04,8.42,6.63,4.29,-0.78,-1.82,-2.21,-1.17,0.91,-0.52,-3.38,-1.17
2019-10-28,601519,8.03,8.02,8.2,7.8,990500,795044192.0,5.2,4.29,0.33,4.98,8.21,3.08,3.46,-0.38,-0.38,-2.18,-1.03,-0.51,-2.95,-0.64,7.66,7.64,8.01,8.41,0.0,-4.86,-5.86,-6.23,-5.24,-3.24,-4.61,-7.36,-5.24,-8.23
2019-10-29,601519,8.02,7.72,8.02,7.7,599277,469580176.0,3.99,-3.74,-0.3,3.01,4.42,4.81,0.91,0.91,-0.91,0.26,0.78,-1.69,0.65,6.49,7.67,7.63,7.95,8.36,-1.17,-2.2,-2.59,-1.55,0.52,-0.91,-3.76,-1.55,-4.66,-6.22
2019-10-30,601519,7.63,7.36,7.63,7.35,478021,356131888.0,3.63,-4.66,-0.36,2.4,9.8,5.71,5.71,3.81,5.03,5.58,2.99,5.44,11.56,9.12,7.65,7.61,7.88,8.27,2.58,2.17,3.26,5.43,3.94,0.95,3.26,0.0,-1.63,-3.53
2019-10-31,601519,7.29,7.38,7.55,7.29,345180,255491462.0,3.53,0.27,0.02,1.74,6.58,6.58,4.66,5.9,6.45,3.84,6.31,12.48,10.01,4.66,7.63,7.58,7.81,8.2,1.9,2.98,5.15,3.66,0.68,2.98,-0.27,-1.9,-3.79,-3.52
2019-11-01,601519,7.28,7.44,7.52,7.23,307574,227540264.0,3.93,0.81,0.06,1.55,7.47,5.53,6.78,7.33,4.7,7.19,13.42,10.93,5.53,4.43,7.58,7.58,7.72,8.13,2.15,4.3,2.82,-0.13,2.15,-1.08,-2.69,-4.57,-4.3,-5.11
2019-11-04,601519,7.4,7.44,7.6,7.4,364581,273355920.0,2.69,0.0,0.0,1.83,3.11,4.32,4.86,2.3,4.73,10.81,8.38,3.11,2.03,1.62,7.47,7.56,7.64,8.07,4.3,2.82,-0.13,2.15,-1.08,-2.69,-4.57,-4.3,-5.11,-5.11
2019-11-05,601519,7.47,7.69,7.76,7.42,637779,486620560.0,4.57,3.36,0.25,3.21,4.04,4.58,2.02,4.45,10.51,8.09,2.83,1.75,1.35,2.43,7.46,7.56,7.62,8.02,-0.52,-3.38,-1.17,-4.29,-5.85,-7.67,-7.41,-8.19,-8.19,-5.98
2019-11-06,601519,7.61,7.32,7.65,7.27,523184,390654064.0,4.94,-4.81,-0.37,2.63,6.74,4.13,6.6,12.79,10.32,4.95,3.85,3.44,4.54,6.74,7.45,7.55,7.6,7.97,1.5,3.83,0.55,-1.09,-3.01,-2.73,-3.55,-3.55,-1.23,-1.23
2019-11-07,601519,7.29,7.35,7.43,7.21,291990,214434267.0,3.01,0.41,0.03,1.47,4.99,7.49,13.73,11.23,5.83,4.72,4.3,5.41,7.63,6.1,7.45,7.54,7.6,7.91,3.4,0.14,-1.5,-3.4,-3.13,-3.95,-3.95,-1.63,-1.63,-3.54
2019-11-08,601519,7.46,7.39,7.6,7.36,377394,282444544.0,3.27,0.54,0.04,1.9,5.3,11.41,8.97,3.67,2.58,2.17,3.26,5.43,3.94,0.95,7.44,7.51,7.58,7.86,-0.41,-2.03,-3.92,-3.65,-4.47,-4.47,-2.17,-2.17,-4.06,-2.98
2019-11-11,601519,7.23,7.17,7.36,7.09,341273,246903700.0,3.65,-2.98,-0.22,1.72,15.66,13.12,7.62,6.49,6.06,7.19,9.45,7.9,4.8,7.19,7.38,7.43,7.53,7.82,0.98,-0.98,-0.7,-1.53,-1.53,0.84,0.84,-1.12,0.0,-2.23
2019-11-12,601519,7.2,7.11,7.24,6.84,404346,283786016.0,5.58,-0.84,-0.06,2.03,17.25,11.55,10.38,9.94,11.11,13.45,11.84,8.63,11.11,7.6,7.27,7.36,7.5,7.76,-0.14,0.14,-0.7,-0.7,1.69,1.69,-0.28,0.84,-1.41,-1.55
2019-11-13,601519,7.1,6.97,7.1,6.94,226247,158383339.0,2.25,-1.97,-0.14,1.14,9.94,8.79,8.36,9.51,11.82,10.23,7.06,9.51,6.05,4.32,7.2,7.33,7.47,7.69,2.15,1.29,1.29,3.73,3.73,1.72,2.87,0.57,0.43,-0.29
2019-11-14,601519,6.93,7.03,7.12,6.89,276726,194089192.0,3.3,0.86,0.06,1.39,9.58,9.14,10.3,12.63,11.03,7.84,10.3,6.82,5.08,3.05,7.13,7.29,7.44,7.63,0.43,0.43,2.84,2.84,0.85,1.99,-0.28,-0.43,-1.14,-1.71
2019-11-15,601519,7.0,6.88,7.06,6.87,259456,180218651.0,2.7,-2.13,-0.15,1.31,9.46,10.63,12.95,11.35,8.15,10.63,7.13,5.39,3.35,3.64,7.03,7.23,7.41,7.56,2.62,5.09,5.09,3.05,4.22,1.89,1.74,1.02,0.44,1.6
2019-11-18,601519,6.88,7.03,7.06,6.85,254866,178516774.0,3.05,2.18,0.15,1.28,10.95,13.28,11.68,8.47,10.95,7.45,5.69,3.65,3.94,3.07,7.0,7.19,7.38,7.49,2.84,2.84,0.85,1.99,-0.28,-0.43,-1.14,-1.71,-0.57,8.25
2019-11-19,601519,7.06,7.2,7.23,7.02,347256,248366602.0,2.99,2.42,0.17,1.75,10.54,8.97,5.84,8.26,4.84,3.13,1.14,1.42,0.57,0.57,7.02,7.14,7.36,7.46,0.42,-1.53,-0.42,-2.64,-2.78,-3.47,-4.03,-2.92,5.69,3.33
2019-11-20,601519,7.2,7.04,7.23,7.01,298683,212848961.0,3.06,-2.22,-0.16,1.5,9.13,5.99,8.42,4.99,3.28,1.28,1.57,0.71,0.71,3.14,7.04,7.12,7.34,7.44,0.71,1.85,-0.43,-0.57,-1.28,-1.85,-0.71,8.1,5.68,7.1
2019-11-21,601519,7.0,7.03,7.09,6.93,193642,135718118.0,2.27,-0.14,-0.01,0.97,7.22,9.67,6.2,4.47,2.45,2.74,1.88,1.88,4.33,4.33,7.04,7.08,7.31,7.43,1.99,-0.28,-0.43,-1.14,-1.71,-0.57,8.25,5.83,7.25,15.08
2019-11-22,601519,7.03,6.96,7.17,6.9,302180,212308912.0,3.84,-1.0,-0.07,1.52,10.14,6.67,4.93,2.9,3.19,2.32,2.32,4.78,4.78,2.75,7.05,7.04,7.28,7.4,0.72,0.57,-0.14,-0.72,0.43,9.34,6.9,8.33,16.24,13.07
2019-11-25,601519,6.99,6.95,7.01,6.86,190185,131761776.0,2.16,-0.14,-0.01,0.96,7.29,5.54,3.5,3.79,2.92,2.92,5.39,5.39,3.35,4.52,7.04,7.02,7.22,7.36,0.72,0.0,-0.58,0.58,9.5,7.05,8.49,16.4,13.24,13.53
2019-11-26,601519,6.97,6.9,7.0,6.89,151308,104833060.0,1.58,-0.72,-0.05,0.76,5.08,3.05,3.34,2.47,2.47,4.93,4.93,2.9,4.06,1.74,6.98,7.0,7.18,7.33,0.72,0.14,1.3,10.29,7.83,9.28,17.25,14.06,14.35,17.39
2019-11-27,601519,6.85,6.86,6.95,6.83,157923,108637415.0,1.74,-0.58,-0.04,0.79,3.95,4.25,3.37,3.37,5.86,5.86,3.81,4.98,2.64,2.49,6.94,6.99,7.16,7.31,0.73,1.9,10.93,8.45,9.91,17.93,14.72,15.01,18.08,18.08
2019-11-28,601519,6.81,6.83,6.91,6.8,136306,93283122.0,1.6,-0.44,-0.03,0.69,4.71,3.82,3.82,6.32,6.32,4.26,5.44,3.09,2.94,2.21,6.9,6.97,7.13,7.28,2.34,11.42,8.93,10.4,18.45,15.23,15.52,18.59,18.59,14.93
2019-11-29,601519,6.85,6.92,6.99,6.75,234794,161668026.0,3.51,1.32,0.09,1.18,4.59,4.59,7.11,7.11,5.04,6.22,3.85,3.7,2.96,2.37,6.89,6.97,7.1,7.26,9.97,7.51,8.96,16.91,13.73,14.02,17.05,17.05,13.44,22.11
2019-12-02,601519,7.0,7.53,7.61,6.99,1218541,912609632.0,8.96,8.82,0.61,6.13,1.0,3.43,3.43,1.43,2.58,0.29,0.14,-0.57,-1.14,0.0,7.01,7.02,7.11,7.26,-1.2,0.13,7.44,4.52,4.78,7.57,7.57,4.25,12.22,16.87
2019-12-03,601519,7.31,7.4,7.44,7.24,682513,500605072.0,2.66,-1.73,-0.13,3.43,-0.14,-0.14,-2.07,-0.97,-3.18,-3.31,-4.01,-4.56,-3.45,5.11,7.11,7.04,7.09,7.25,1.89,9.32,6.35,6.62,9.46,9.46,6.08,14.19,18.92,23.51
2019-12-04,601519,7.3,7.41,7.54,7.3,437918,324238016.0,3.24,0.14,0.01,2.2,-0.96,-2.88,-1.78,-3.97,-4.11,-4.79,-5.34,-4.25,4.25,1.92,7.22,7.08,7.1,7.25,9.18,6.21,6.48,9.31,9.31,5.94,14.04,18.76,23.35,18.76
2019-12-05,601519,7.5,7.7,8.09,7.45,942008,730075776.0,8.64,3.91,0.29,4.74,-4.83,-3.76,-5.91,-6.04,-6.71,-7.25,-6.17,2.15,-0.13,1.21,7.39,7.15,7.12,7.26,2.21,2.47,5.19,5.19,1.95,9.74,14.29,18.7,14.29,13.51
2019-12-06,601519,7.82,7.79,7.87,7.6,665450,513418976.0,3.51,1.17,0.09,3.35,-5.66,-7.76,-7.89,-8.55,-9.08,-8.03,0.13,-2.11,-0.79,6.45,7.57,7.23,7.14,7.26,1.28,3.98,3.98,0.77,8.47,12.97,17.33,12.97,12.2,14.89
2019-12-09,601519,7.77,7.76,7.89,7.65,544440,422841632.0,3.08,-0.39,-0.03,2.74,-8.37,-8.5,-9.15,-9.67,-8.63,-0.52,-2.75,-1.44,5.75,2.88,7.61,7.31,7.17,7.25,4.38,4.38,1.16,8.89,13.4,17.78,13.4,12.63,15.34,7.6
2019-12-10,601519,7.76,7.91,8.1,7.51,792454,617520048.0,7.6,1.93,0.15,3.99,-6.79,-7.46,-7.99,-6.92,1.33,-0.93,0.4,7.72,4.79,5.06,7.71,7.41,7.21,7.26,2.4,-0.76,6.83,11.25,15.55,11.25,10.49,13.15,5.56,1.77
2019-12-11,601519,7.86,7.88,8.1,7.83,696455,553923216.0,3.41,-0.38,-0.03,3.5,-11.24,-11.75,-10.73,-2.81,-4.98,-3.7,3.32,0.51,0.77,3.45,7.81,7.51,7.25,7.28,-0.38,7.23,11.68,15.99,11.68,10.91,13.58,5.96,2.16,2.79
2019-12-12,601519,7.7,7.69,7.85,7.68,454455,351974880.0,2.16,-2.41,-0.19,2.29,-10.03,-8.98,-0.91,-3.12,-1.82,5.34,2.47,2.73,5.47,5.47,7.81,7.6,7.28,7.29,9.88,14.43,18.86,14.43,13.65,16.38,8.58,4.68,5.33,6.24
2019-12-13,601519,8.0,8.28,8.45,7.91,1383576,1129109824.0,7.02,7.67,0.59,6.96,-11.63,-3.79,-5.94,-4.68,2.28,-0.51,-0.25,2.4,2.4,-0.76,7.9,7.73,7.35,7.31,6.28,10.39,6.28,5.56,8.09,0.85,-2.78,-2.17,-1.33,-0.12
2019-12-16,601519,8.24,8.49,8.8,8.11,1171219,978544080.0,8.33,2.54,0.21,5.89,-6.17,-8.26,-7.03,-0.25,-2.96,-2.71,-0.12,-0.12,-3.21,4.19,8.05,7.83,7.43,7.35,7.66,3.65,2.94,5.42,-1.65,-5.18,-4.59,-3.77,-2.59,-3.65
2019-12-17,601519,8.34,8.6,9.14,8.34,1425196,1240622752.0,9.42,1.3,0.11,7.17,-10.79,-9.59,-3.0,-5.64,-5.4,-2.88,-2.88,-5.88,1.32,5.52,8.19,7.95,7.5,7.38,2.33,1.63,4.07,-2.91,-6.4,-5.81,-5.0,-3.84,-4.88,-6.63
2019-12-18,601519,8.63,8.61,8.8,8.49,1010945,875376624.0,3.6,0.12,0.01,5.09,-11.19,-4.71,-7.3,-7.07,-4.59,-4.59,-7.54,-0.47,3.65,7.66,8.33,8.07,7.58,7.42,1.51,3.95,-3.02,-6.5,-5.92,-5.11,-3.95,-4.99,-6.74,-0.12
2019-12-19,601519,8.53,8.69,8.74,8.52,725702,626330496.0,2.56,0.93,0.08,3.65,-5.05,-7.63,-7.39,-4.93,-4.93,-7.86,-0.82,3.29,7.28,3.29,8.53,8.17,7.66,7.47,2.99,-3.91,-7.36,-6.79,-5.98,-4.83,-5.87,-7.59,-1.04,-3.91
2019-12-20,601519,8.7,8.3,8.95,8.2,980684,847522960.0,8.63,-4.49,-0.39,4.93,-4.02,-3.78,-1.22,-1.22,-4.27,3.05,7.32,11.46,7.32,6.59,8.54,8.22,7.73,7.5,0.6,-3.01,-2.41,-1.57,-0.36,-1.45,-3.25,3.61,0.6,3.13
2019-12-23,601519,8.35,7.86,8.35,7.83,780982,628318512.0,6.27,-5.3,-0.44,3.93,0.77,3.45,3.45,0.26,7.92,12.39,16.73,12.39,11.62,14.3,8.41,8.23,7.77,7.52,2.42,3.05,3.94,5.22,4.07,2.16,9.41,6.23,8.91,9.16
2019-12-24,601519,7.93,7.98,8.05,7.86,478363,380201056.0,2.42,1.53,0.12,2.41,3.05,3.05,-0.13,7.51,11.96,16.28,11.96,11.2,13.87,6.23,8.29,8.24,7.82,7.55,1.5,2.38,3.63,2.51,0.63,7.77,4.64,7.27,7.52,6.27
2019-12-25,601519,7.96,7.94,8.1,7.84,516010,410560272.0,3.26,-0.5,-0.04,2.6,3.32,0.13,7.78,12.24,16.58,12.24,11.48,14.16,6.51,2.68,8.15,8.24,7.88,7.58,2.9,4.16,3.02,1.13,8.31,5.16,7.81,8.06,6.8,8.19
2019-12-26,601519,7.96,8.14,8.17,7.87,616968,492973232.0,3.78,2.52,0.2,3.1,-0.25,7.37,11.82,16.14,11.82,11.05,13.72,6.1,2.29,2.92,8.04,8.29,7.94,7.62,1.6,0.49,-1.35,5.65,2.58,5.16,5.41,4.18,5.53,4.79
2019-12-27,601519,8.14,7.87,8.27,7.85,768065,621065312.0,5.16,-3.32,-0.27,3.86,7.64,12.1,16.43,12.1,11.34,14.01,6.37,2.55,3.18,4.08,7.96,8.25,7.99,7.65,3.94,2.03,9.28,6.1,8.77,9.02,7.75,9.15,8.39,5.46
2019-12-30,601519,7.63,8.0,8.18,7.33,805599,633147104.0,10.8,1.65,0.13,4.05,20.05,24.69,20.05,19.24,22.1,13.92,9.82,10.5,11.46,12.82,7.99,8.2,8.02,7.68,0.37,7.5,4.37,7.0,7.25,6.0,7.37,6.62,3.75,4.37
2019-12-31,601519,7.95,7.89,8.03,7.74,483643,382144272.0,3.63,-1.38,-0.11,2.43,18.09,13.7,12.92,15.63,7.88,4.01,4.65,5.56,6.85,5.68,7.97,8.13,8.04,7.71,9.0,5.83,8.49,8.75,7.48,8.87,8.11,5.2,5.83,4.94
2020-01-02,601519,8.1,8.25,8.6,8.01,948618,781931264.0,7.48,4.56,0.36,4.77,9.86,9.11,11.74,4.24,0.5,1.12,2.0,3.25,2.12,0.25,8.03,8.09,8.08,7.75,1.21,3.76,4.0,2.79,4.12,3.39,0.61,1.21,0.36,-0.36
2020-01-03,601519,8.19,8.22,8.35,8.1,648766,534209856.0,3.03,-0.36,-0.03,3.26,7.9,10.49,3.09,-0.62,0.0,0.86,2.1,0.99,-0.86,6.17,8.05,8.04,8.11,7.79,4.14,4.38,3.16,4.5,3.77,0.97,1.58,0.73,0.0,-0.24
2020-01-06,601519,8.1,8.32,8.56,8.0,807426,668020464.0,6.81,1.22,0.1,4.06,11.87,4.37,0.63,1.25,2.12,3.37,2.25,0.37,7.5,4.37,8.14,8.05,8.13,7.83,3.12,1.92,3.25,2.52,-0.24,0.36,-0.48,-1.2,-1.44,-2.64
2020-01-07,601519,8.34,8.58,8.58,8.27,902500,763633104.0,3.73,3.13,0.26,4.54,0.97,-2.66,-2.06,-1.21,0.0,-1.09,-2.9,3.99,0.97,3.51,8.25,8.12,8.18,7.89,-1.17,0.12,-0.58,-3.26,-2.68,-3.5,-4.2,-4.43,-5.59,-6.06
2020-01-08,601519,8.4,8.18,8.48,8.12,773448,642091936.0,4.2,-4.66,-0.4,3.89,-0.86,-0.25,0.62,1.85,0.74,-1.11,5.91,2.83,5.42,5.67,8.31,8.14,8.19,7.93,5.01,4.28,1.47,2.08,1.22,0.49,0.24,-0.98,-1.47,-0.86
2020-01-09,601519,8.35,8.36,8.59,8.3,661785,557816080.0,3.55,2.2,0.18,3.33,-2.41,-1.57,-0.36,-1.45,-3.25,3.61,0.6,3.13,3.37,2.17,8.33,8.18,8.21,7.98,2.03,-0.72,-0.12,-0.96,-1.67,-1.91,-3.11,-3.59,-2.99,-3.71
2020-01-10,601519,8.46,8.24,8.53,8.14,558760,462962608.0,4.67,-1.44,-0.12,2.81,0.37,1.6,0.49,-1.35,5.65,2.58,5.16,5.41,4.18,5.53,8.34,8.19,8.24,8.03,0.73,1.33,0.49,-0.24,-0.49,-1.7,-2.18,-1.58,-2.31,-15.29
2020-01-13,601519,8.15,8.3,8.3,8.05,462057,376904592.0,3.03,0.73,0.06,2.32,2.73,1.61,-0.25,6.83,3.73,6.34,6.58,5.34,6.71,5.96,8.33,8.23,8.24,8.07,0.6,-0.24,-0.96,-1.2,-2.41,-2.89,-2.29,-3.01,-15.9,-17.95
2020-01-14,601519,8.34,8.15,8.35,8.13,380830,312648848.0,2.65,-1.81,-0.15,1.92,0.62,-1.23,5.78,2.71,5.29,5.54,4.31,5.66,4.92,2.09,8.25,8.25,8.22,8.09,1.6,0.86,0.61,-0.61,-1.1,-0.49,-1.23,-14.36,-16.44,-12.88
2020-01-15,601519,8.14,8.17,8.28,8.08,334302,273248912.0,2.45,0.25,0.02,1.68,-0.62,6.44,3.34,5.94,6.19,4.95,6.31,5.57,2.72,3.34,8.24,8.28,8.2,8.12,0.61,0.37,-0.86,-1.35,-0.73,-1.47,-14.57,-16.65,-13.1,-13.34
2020-01-16,601519,8.2,8.07,8.22,8.05,328917,266937142.0,2.08,-1.22,-0.1,1.65,6.83,3.73,6.34,6.58,5.34,6.71,5.96,3.11,3.73,2.86,8.19,8.26,8.18,8.14,1.61,0.37,-0.12,0.5,-0.25,-13.51,-15.61,-12.02,-12.27,-11.52
2020-01-17,601519,8.07,8.03,8.2,8.02,321088,260189335.0,2.23,-0.5,-0.04,1.62,4.11,6.73,6.98,5.74,7.11,6.36,3.49,4.11,3.24,2.49,8.14,8.24,8.14,8.15,0.87,0.37,1.0,0.25,-13.08,-15.19,-11.58,-11.83,-11.08,-9.59
2020-01-20,601519,7.99,8.09,8.1,7.84,321396,256925651.0,3.24,0.75,0.06,1.62,9.18,9.44,8.16,9.57,8.8,5.87,6.51,5.61,4.85,4.59,8.1,8.22,8.13,8.16,-0.37,0.25,-0.49,-13.72,-15.82,-12.24,-12.48,-11.74,-10.26,-9.89
2020-01-21,601519,8.04,7.85,8.06,7.8,351113,277730448.0,3.21,-2.97,-0.24,1.77,10.0,8.72,10.13,9.36,6.41,7.05,6.15,5.38,5.13,3.85,8.04,8.14,8.13,8.16,3.31,2.55,-11.08,-13.25,-9.55,-9.81,-9.04,-7.52,-7.13,-7.64
2020-01-22,601519,7.75,7.94,8.11,7.52,436130,340589584.0,7.52,1.15,0.09,2.19,12.77,14.23,13.43,10.37,11.04,10.11,9.31,9.04,7.71,7.18,8.0,8.12,8.13,8.17,1.39,-12.09,-14.23,-10.58,-10.83,-10.08,-8.56,-8.19,-8.69,-7.43
2020-01-23,601519,7.82,7.76,8.05,7.62,408544,321242800.0,5.42,-2.27,-0.18,2.06,12.73,11.94,8.92,9.58,8.66,7.87,7.61,6.3,5.77,6.43,7.93,8.06,8.12,8.16,-10.05,-12.24,-8.51,-8.76,-7.99,-6.44,-6.06,-6.57,-5.28,0.64
2020-02-03,601519,6.98,6.98,6.98,6.98,33334,23267132.0,0.0,-10.05,-0.78,0.17,22.21,18.91,19.63,18.62,17.77,17.48,16.05,15.47,16.19,15.33,7.72,7.93,8.06,8.14,-2.44,1.72,1.43,2.29,4.01,4.44,3.87,5.3,11.89,23.07
2020-02-04,601519,6.28,6.62,6.81,6.28,843401,553343376.0,7.59,-5.16,-0.36,4.24,32.17,32.96,31.85,30.89,30.57,28.98,28.34,29.14,28.18,11.15,7.43,7.77,8.0,8.08,7.25,6.95,7.85,9.67,10.12,9.52,11.03,17.98,29.76,37.46
2020-02-05,601519,6.62,6.8,7.1,6.55,640654,437438224.0,8.31,2.72,0.18,3.22,27.48,26.41,25.5,25.19,23.66,23.05,23.82,22.9,6.56,3.97,7.22,7.63,7.94,8.03,4.12,5.0,6.76,7.21,6.62,8.09,14.85,26.32,33.82,33.38
2020-02-06,601519,6.8,7.0,7.08,6.73,665295,459727648.0,5.15,2.94,0.2,3.35,23.03,22.14,21.84,20.36,19.76,20.51,19.61,3.71,1.19,5.5,7.03,7.51,7.9,7.97,2.0,3.71,4.14,3.57,5.0,11.57,22.71,30.0,29.57,36.29
2020-02-07,601519,6.98,7.01,7.14,6.85,611987,426803296.0,4.14,0.14,0.01,3.08,20.0,19.71,18.25,17.66,18.39,17.52,1.9,-0.58,3.65,3.36,6.88,7.41,7.83,7.92,3.57,3.99,3.42,4.85,11.41,22.54,29.81,29.39,36.09,49.07
2020-02-10,601519,6.97,7.14,7.26,6.93,554822,394714864.0,4.71,1.85,0.13,2.79,18.33,16.88,16.31,17.03,16.16,0.72,-1.73,2.45,2.16,3.03,6.91,7.32,7.78,7.87,2.1,1.54,2.94,9.38,20.31,27.45,27.03,33.61,46.36,36.41
2020-02-11,601519,7.14,7.03,7.29,7.02,423919,301422512.0,3.78,-1.54,-0.11,2.13,15.38,14.81,15.53,14.67,-0.57,-2.99,1.14,0.85,1.71,3.42,7.0,7.21,7.72,7.83,3.13,4.55,11.1,22.19,29.45,29.02,35.7,48.65,38.55,33.43
2020-02-12,601519,7.0,7.25,7.25,6.94,608886,434623856.0,4.41,3.13,0.22,3.06,16.14,16.86,15.99,0.58,-1.87,2.31,2.02,2.88,4.61,5.04,7.09,7.15,7.65,7.81,1.38,7.72,18.48,25.52,25.1,31.59,44.14,34.34,29.38,27.17
2020-02-13,601519,7.17,7.1,7.35,7.09,457473,328064896.0,3.59,-2.07,-0.15,2.3,14.39,13.54,-1.55,-3.95,0.14,-0.14,0.71,2.4,2.82,2.26,7.11,7.07,7.59,7.78,10.0,20.99,28.17,27.75,34.37,47.18,37.18,32.11,29.86,28.87
2020-02-14,601519,7.08,7.81,7.81,7.07,1506886,1149067024.0,10.42,10.0,0.71,7.58,13.86,-1.27,-3.68,0.42,0.14,0.99,2.69,3.11,2.55,3.96,7.27,7.07,7.57,7.77,9.99,16.52,16.13,22.15,33.8,24.71,20.1,18.05,17.16,10.88
2020-02-17,601519,8.1,8.59,8.59,8.0,1773722,1468824080.0,7.55,9.99,0.78,8.92,-12.75,-14.88,-11.25,-11.5,-10.75,-9.25,-8.88,-9.38,-8.13,-2.38,7.56,7.23,7.58,7.79,5.94,5.59,11.06,21.65,13.39,9.2,7.33,6.52,0.81,2.21
2020-02-18,601519,8.76,8.48,9.1,8.22,2004132,1726204672.0,10.24,-1.28,-0.11,10.08,-17.15,-13.63,-13.87,-13.14,-11.68,-11.31,-11.8,-10.58,-4.99,4.5,7.85,7.42,7.59,7.81,6.96,12.5,23.23,14.86,10.61,8.73,7.9,2.12,3.54,8.14
2020-02-19,601519,8.38,8.67,9.07,8.26,1714197,1498906464.0,9.55,2.24,0.19,8.62,-14.04,-14.29,-13.56,-12.11,-11.74,-12.23,-11.02,-5.45,4.0,10.17,8.13,7.61,7.62,7.83,10.03,20.53,12.34,8.19,6.34,5.54,-0.12,1.27,5.77,3.23
2020-02-20,601519,8.53,9.54,9.54,8.38,2054965,1854068976.0,13.38,10.03,0.87,10.34,-15.51,-14.8,-13.37,-13.01,-13.48,-12.29,-6.8,2.51,8.59,8.23,8.62,7.86,7.69,7.88,9.54,2.1,-1.68,-3.35,-4.09,-9.22,-7.97,-3.88,-6.18,-1.15
2020-02-21,601519,9.8,9.69,10.45,9.5,2429325,2409393168.0,9.96,1.57,0.15,12.22,-24.84,-23.58,-23.26,-23.68,-22.63,-17.79,-9.58,-4.21,-4.53,0.42,8.99,8.13,7.77,7.93,0.52,-3.2,-4.85,-5.57,-10.63,-9.39,-5.37,-7.64,-2.68,-7.74
2020-02-24,601519,9.37,9.41,9.74,9.12,1681900,1589102608.0,6.4,-2.89,-0.28,8.46,-20.39,-20.07,-20.5,-19.41,-14.36,-5.81,-0.22,-0.55,4.61,14.58,9.16,8.36,7.84,7.97,-0.32,-2.02,-2.76,-7.97,-6.7,-2.55,-4.89,0.21,-4.99,-8.08
2020-02-25,601519,8.98,9.25,9.38,8.58,1669602,1511387056.0,8.5,-1.7,-0.16,8.4,-15.03,-15.5,-14.34,-8.97,0.12,6.06,5.71,11.19,21.79,13.52,9.31,8.58,7.9,8.0,-0.32,-1.08,-6.38,-5.08,-0.86,-3.24,1.95,-3.35,-6.49,-6.49
2020-02-26,601519,8.96,8.74,9.22,8.62,1117418,1001427792.0,6.49,-5.51,-0.51,5.62,-15.89,-14.73,-9.4,-0.35,5.57,5.22,10.67,21.23,12.99,8.82,9.33,8.73,7.94,8.01,4.69,-0.92,0.46,4.92,2.4,7.89,2.29,-1.03,-1.03,-1.14
2020-02-27,601519,8.82,8.94,9.15,8.8,926528,832310016.0,4.0,2.29,0.2,4.66,-16.48,-11.25,-2.39,3.41,3.07,8.41,18.75,10.68,6.59,4.77,9.21,8.91,7.99,8.03,-3.13,-1.79,2.57,0.11,5.48,0.0,-3.24,-3.24,-3.36,-6.26
2020-02-28,601519,8.4,8.19,8.66,8.1,970918,815677216.0,6.26,-8.39,-0.75,4.88,-3.58,6.05,12.35,11.98,17.78,29.01,20.25,15.8,13.83,12.96,8.91,8.95,8.01,8.03,7.2,11.97,9.28,15.14,9.16,5.62,5.62,5.49,2.32,2.32
2020-03-02,601519,8.31,8.67,8.78,8.3,854036,729650464.0,5.86,5.86,0.48,4.3,3.49,9.64,9.28,14.94,25.9,17.35,13.01,11.08,10.24,4.34,8.76,8.96,8.1,8.04,5.77,3.23,8.77,3.11,-0.23,-0.23,-0.35,-3.34,-3.34,-3.92
2020-03-03,601519,8.89,8.71,9.17,8.6,985801,876257008.0,6.57,0.46,0.04,4.96,5.81,5.47,10.93,21.51,13.26,9.07,7.21,6.4,0.7,2.09,8.65,8.98,8.2,8.06,2.76,8.27,2.64,-0.69,-0.69,-0.8,-3.79,-3.79,-4.36,-8.84
2020-03-04,601519,8.65,8.95,8.95,8.52,925684,812296800.0,4.94,2.76,0.24,4.66,6.46,11.97,22.65,14.32,10.09,8.22,7.39,1.64,3.05,7.63,8.69,9.01,8.31,8.08,5.36,-0.11,-3.35,-3.35,-3.46,-6.37,-6.37,-6.93,-11.28,-11.73
2020-03-05,601519,9.15,9.14,9.43,8.82,1346565,1227790480.0,6.82,2.12,0.19,6.77,8.16,18.48,10.43,6.35,4.54,3.74,-1.81,-0.45,3.97,1.47,8.73,8.97,8.42,8.11,-2.19,-5.36,-5.36,-5.47,-8.32,-8.32,-8.86,-13.13,-13.57,-15.43
2020-03-06,601519,8.89,8.74,8.94,8.72,815208,716460800.0,2.41,-4.38,-0.4,4.1,19.84,11.7,7.57,5.73,4.93,-0.69,0.69,5.16,2.64,8.14,8.84,8.87,8.5,8.14,-1.03,-1.03,-1.14,-4.12,-4.12,-4.69,-9.15,-9.61,-11.56,-10.98
2020-03-09,601519,8.47,8.31,8.65,8.2,701104,590464976.0,5.15,-4.92,-0.43,3.53,18.78,14.39,12.44,11.59,5.61,7.07,11.83,9.15,15.0,9.02,8.77,8.76,8.56,8.15,4.09,3.97,0.84,0.84,0.24,-4.45,-4.93,-6.98,-6.38,-8.78
2020-03-10,601519,8.2,8.62,8.65,8.2,739352,624748512.0,5.42,3.73,0.31,3.72,14.39,12.44,11.59,5.61,7.07,11.83,9.15,15.0,9.02,5.49,8.75,8.7,8.64,8.16,0.23,-2.78,-2.78,-3.36,-7.89,-8.35,-10.32,-9.74,-12.06,-12.65
2020-03-11,601519,8.63,8.3,8.64,8.3,514975,436097088.0,3.94,-3.71,-0.32,2.59,11.08,10.24,4.34,5.78,10.48,7.83,13.61,7.71,4.22,4.22,8.62,8.66,8.69,8.18,0.96,0.96,0.36,-4.34,-4.82,-6.87,-6.27,-8.67,-9.28,-5.54
2020-03-12,601519,8.2,8.26,8.38,8.1,441464,364397216.0,3.37,-0.48,-0.04,2.22,12.96,6.91,8.4,13.21,10.49,16.42,10.37,6.79,6.79,6.67,8.45,8.59,8.75,8.19,1.45,0.85,-3.87,-4.36,-6.42,-5.81,-8.23,-8.84,-5.08,-6.3
2020-03-13,601519,7.8,8.17,8.38,7.53,591504,471692544.0,10.29,-1.09,-0.09,2.98,15.01,16.6,21.78,18.86,25.23,18.73,14.87,14.87,14.74,11.29,8.33,8.59,8.77,8.2,1.96,-2.82,-3.3,-5.39,-4.77,-7.22,-7.83,-4.04,-5.26,-5.14
2020-03-16,601519,8.27,7.73,8.33,7.63,547746,438404512.0,8.57,-5.39,-0.44,2.76,15.07,20.18,17.3,23.59,17.17,13.37,13.37,13.24,9.83,9.83,8.22,8.49,8.73,8.23,2.72,2.2,0.0,0.65,-1.94,-2.59,1.42,0.13,0.26,-3.62
2020-03-17,601519,7.89,7.67,7.94,7.22,521796,398257856.0,9.31,-0.78,-0.06,2.63,27.01,23.96,30.61,23.82,19.81,19.81,19.67,16.07,16.07,15.37,8.03,8.39,8.68,8.26,3.0,0.78,1.43,-1.17,-1.83,2.22,0.91,1.04,-2.87,-3.0
2020-03-18,601519,7.77,7.48,7.9,7.48,449580,347083568.0,5.48,-2.48,-0.19,2.26,19.65,26.07,19.52,15.64,15.64,15.51,12.03,12.03,11.36,6.15,7.86,8.24,8.63,8.29,3.34,4.01,1.34,0.67,4.81,3.48,3.61,-0.4,-0.53,-1.74
2020-03-19,601519,7.47,7.65,7.73,7.31,460242,347131712.0,5.61,2.27,0.17,2.32,29.0,22.3,18.33,18.33,18.19,14.64,14.64,13.95,8.62,8.07,7.74,8.09,8.53,8.31,1.7,-0.92,-1.57,2.48,1.18,1.31,-2.61,-2.75,-3.92,-3.14
2020-03-20,601519,7.69,7.75,7.78,7.51,333116,254727075.0,3.53,1.31,0.1,1.68,19.04,15.18,15.18,15.05,11.58,11.58,10.92,5.73,5.19,2.93,7.66,7.99,8.43,8.33,-2.19,-2.84,1.16,-0.13,0.0,-3.87,-4.0,-5.16,-4.39,-4.65
2020-03-23,601519,7.5,7.33,7.58,7.25,312244,232162860.0,4.26,-5.42,-0.42,1.57,19.31,19.31,19.17,15.59,15.59,14.9,9.52,8.97,6.62,7.31,7.58,7.9,8.33,8.34,2.73,6.96,5.59,5.73,1.64,1.5,0.27,1.09,0.82,3.41
2020-03-24,601519,7.49,7.53,7.53,7.25,300186,223453796.0,3.82,2.73,0.2,1.51,19.31,19.17,15.59,15.59,14.9,9.52,8.97,6.62,7.31,4.55,7.55,7.79,8.24,8.36,4.12,2.79,2.92,-1.06,-1.2,-2.39,-1.59,-1.86,0.66,0.93
2020-03-25,601519,7.76,7.72,7.84,7.61,421836,325408416.0,3.05,2.52,0.19,2.12,13.53,10.12,10.12,9.46,4.34,3.81,1.58,2.23,-0.39,-1.05,7.6,7.73,8.19,8.37,0.26,0.39,-3.5,-3.63,-4.79,-4.02,-4.27,-1.81,-1.55,7.64
2020-03-26,601519,7.63,7.53,7.74,7.5,275370,209769052.0,3.11,-2.46,-0.19,1.39,11.73,11.73,11.07,5.87,5.33,3.07,3.73,1.07,0.4,4.53,7.57,7.66,8.12,8.39,2.92,-1.06,-1.2,-2.39,-1.59,-1.86,0.66,0.93,10.36,5.98
2020-03-27,601519,7.58,7.54,7.75,7.5,310829,236790206.0,3.32,0.13,0.01,1.56,11.73,11.07,5.87,5.33,3.07,3.73,1.07,0.4,4.53,3.2,7.53,7.59,8.09,8.38,-1.19,-1.33,-2.52,-1.72,-1.99,0.53,0.8,10.21,5.84,1.46
2020-03-30,601519,7.4,7.31,7.45,7.25,270766,198424369.0,2.65,-3.05,-0.23,1.36,14.9,9.52,8.97,6.62,7.31,4.55,3.86,8.14,6.76,6.9,7.53,7.55,8.02,8.33,1.78,0.55,1.37,1.09,3.69,3.97,13.68,9.17,4.65,8.21
2020-03-31,601519,7.39,7.24,7.44,7.23,216107,158379352.0,2.87,-0.96,-0.07,1.09,9.82,9.27,6.92,7.61,4.84,4.15,8.44,7.05,7.19,3.04,7.47,7.51,7.95,8.29,1.52,2.35,2.07,4.7,4.97,14.78,10.22,5.66,9.25,8.56
2020-04-01,601519,7.19,7.2,7.35,7.16,218168,158464279.0,2.62,-0.55,-0.04,1.1,10.34,7.96,8.66,5.87,5.17,9.5,8.1,8.24,4.05,3.91,7.36,7.48,7.86,8.24,2.92,2.64,5.28,5.56,15.42,10.83,6.25,9.86,9.17,8.75
2020-04-02,601519,7.19,7.41,7.41,7.14,268377,195468013.0,3.75,2.92,0.21,1.35,8.26,8.96,6.16,5.46,9.8,8.4,8.54,4.34,4.2,2.94,7.34,7.46,7.77,8.17,-0.27,2.29,2.56,12.15,7.69,3.24,6.75,6.07,5.67,6.61
2020-04-03,601519,7.35,7.25,7.39,7.21,225506,164565280.0,2.43,-2.16,-0.16,1.13,7.91,5.13,4.44,8.74,7.35,7.49,3.33,3.19,1.94,2.77,7.28,7.41,7.7,8.09,4.55,4.83,14.62,10.07,5.52,9.1,8.41,8.0,8.97,7.17
2020-04-07,601519,7.41,7.53,7.58,7.38,418148,314074128.0,2.76,3.86,0.28,2.1,2.71,2.03,6.23,4.88,5.01,0.95,0.81,-0.41,0.41,0.14,7.33,7.43,7.66,8.03,0.93,10.36,5.98,1.59,5.05,4.38,3.98,4.91,3.19,1.86
2020-04-08,601519,7.47,7.55,7.6,7.43,297712,224193396.0,2.26,0.27,0.02,1.5,1.35,5.52,4.17,4.31,0.27,0.13,-1.08,-0.27,-0.54,2.02,7.39,7.43,7.61,7.97,10.07,5.7,1.32,4.77,4.11,3.71,4.64,2.91,1.59,0.66
2020-04-09,601519,7.68,8.1,8.31,7.65,1060296,858606656.0,8.74,7.28,0.55,5.33,2.48,1.18,1.31,-2.61,-2.75,-3.92,-3.14,-3.4,-0.92,-0.65,7.57,7.47,7.6,7.95,-1.48,-5.56,-2.35,-2.96,-3.33,-2.47,-4.07,-5.31,-6.17,-5.93
2020-04-10,601519,7.92,7.69,7.98,7.62,622662,485995344.0,4.44,-5.06,-0.41,3.13,1.57,1.71,-2.23,-2.36,-3.54,-2.76,-3.02,-0.52,-0.26,9.06,7.62,7.48,7.57,7.91,-0.52,2.86,2.21,1.82,2.73,1.04,-0.26,-1.17,-0.91,-2.6
2020-04-13,601519,7.63,7.63,7.65,7.44,304848,229979679.0,2.73,-0.78,-0.06,1.53,4.17,0.13,0.0,-1.21,-0.4,-0.67,1.88,2.15,11.69,7.26,7.7,7.49,7.54,7.89,3.67,3.01,2.62,3.54,1.83,0.52,-0.39,-0.13,-1.83,-4.72
2020-04-14,601519,7.66,7.81,7.91,7.6,371670,288214544.0,4.06,2.36,0.18,1.87,-1.97,-2.11,-3.29,-2.5,-2.76,-0.26,0.0,9.34,5.0,0.66,7.76,7.54,7.55,7.86,0.64,0.26,1.15,-0.51,-1.79,-2.69,-2.43,-4.1,-6.91,-6.15
2020-04-15,601519,7.75,7.64,7.86,7.62,326197,252309554.0,3.07,-2.18,-0.17,1.64,-2.36,-3.54,-2.76,-3.02,-0.52,-0.26,9.06,4.72,0.39,3.81,7.77,7.58,7.54,7.83,2.49,3.4,1.7,0.39,-0.52,-0.26,-1.96,-4.84,-4.06,-4.19
2020-04-16,601519,7.65,7.73,7.83,7.56,313197,241800325.0,3.53,1.18,0.09,1.58,-2.78,-1.98,-2.25,0.26,0.53,9.92,5.56,1.19,4.63,3.97,7.7,7.63,7.56,7.79,2.2,0.52,-0.78,-1.68,-1.42,-3.1,-5.95,-5.17,-5.3,-3.88
2020-04-17,601519,7.82,7.7,7.9,7.68,376088,293031104.0,2.85,-0.39,-0.03,1.89,-3.52,-3.78,-1.3,-1.04,8.2,3.91,-0.39,2.99,2.34,1.95,7.7,7.66,7.56,7.74,0.91,-0.39,-1.3,-1.04,-2.73,-5.58,-4.81,-4.94,-3.51,-3.12
2020-04-20,601519,7.65,7.73,7.77,7.63,252887,194706366.0,1.82,0.39,0.03,1.27,-3.15,-0.66,-0.39,8.91,4.59,0.26,3.67,3.01,2.62,3.54,7.72,7.71,7.56,7.7,-0.78,-1.68,-1.42,-3.1,-5.95,-5.17,-5.3,-3.88,-3.49,-1.81
2020-04-21,601519,7.66,7.61,7.67,7.51,253547,192549459.0,2.07,-1.55,-0.12,1.28,0.93,1.2,10.65,6.26,1.86,5.33,4.66,4.26,5.19,3.46,7.68,7.72,7.57,7.68,-0.13,0.13,-1.58,-4.47,-3.68,-3.81,-2.37,-1.97,-0.26,1.71
2020-04-22,601519,7.5,7.6,7.6,7.45,226638,170220953.0,1.97,-0.13,-0.01,1.14,2.01,11.54,7.11,2.68,6.17,5.5,5.1,6.04,4.3,2.95,7.67,7.72,7.58,7.65,0.26,-1.45,-4.34,-3.55,-3.68,-2.24,-1.84,-0.13,1.84,0.79
2020-04-23,601519,7.6,7.44,7.62,7.44,229999,172410213.0,2.37,-2.11,-0.16,1.16,11.69,7.26,2.82,6.32,5.65,5.24,6.18,4.44,3.09,2.15,7.62,7.66,7.56,7.62,0.67,-2.28,-1.48,-1.61,-0.13,0.27,2.02,4.03,2.96,1.08
2020-04-24,601519,7.4,7.22,7.49,7.13,325849,237755686.0,4.84,-2.96,-0.22,1.64,11.92,7.29,10.94,10.24,9.82,10.8,8.98,7.57,6.59,6.87,7.52,7.61,7.55,7.58,0.69,1.52,1.39,2.91,3.32,5.12,7.2,6.09,4.16,3.88
2020-04-27,601519,7.2,7.15,7.27,7.14,213272,153421789.0,1.8,-0.97,-0.07,1.07,7.14,10.78,10.08,9.66,10.64,8.82,7.42,6.44,6.72,4.9,7.4,7.56,7.53,7.55,2.52,2.38,3.92,4.34,6.15,8.25,7.13,5.17,4.9,3.5
2020-04-28,601519,7.18,7.21,7.33,6.81,322267,230446653.0,7.27,0.84,0.06,1.62,16.15,15.42,14.98,16.01,14.1,12.63,11.6,11.89,9.99,6.75,7.32,7.5,7.52,7.53,1.53,3.05,3.47,5.27,7.35,6.24,4.3,4.02,2.64,1.94
2020-04-29,601519,7.08,7.15,7.32,7.03,200169,144253690.0,4.02,-0.83,-0.06,1.01,11.81,11.38,12.38,10.53,9.1,8.11,8.39,6.54,3.41,4.27,7.23,7.45,7.52,7.51,3.92,4.34,6.15,8.25,7.13,5.17,4.9,3.5,2.8,2.52
2020-04-30,601519,7.05,7.34,7.43,7.05,343799,250924172.0,5.31,2.66,0.19,1.73,11.06,12.06,10.21,8.79,7.8,8.09,6.24,3.12,3.97,3.83,7.21,7.41,7.52,7.51,1.63,3.41,5.45,4.36,2.45,2.18,0.82,0.14,-0.14,0.41
2020-05-06,601519,7.22,7.46,7.46,7.2,313539,229589356.0,3.54,1.63,0.12,1.58,9.72,7.92,6.53,5.56,5.83,4.03,0.97,1.81,1.67,3.19,7.26,7.39,7.53,7.5,1.74,3.75,2.68,0.8,0.54,-0.8,-1.47,-1.74,-1.21,-2.41
2020-05-07,601519,7.41,7.39,7.59,7.37,281046,210016865.0,2.95,-0.94,-0.07,1.41,5.43,4.07,3.12,3.39,1.63,-1.36,-0.54,-0.68,0.81,1.22,7.31,7.36,7.53,7.49,4.74,3.65,1.76,1.49,0.14,-0.54,-0.81,-0.27,-1.49,-1.62
2020-05-08,601519,7.48,7.6,7.74,7.42,471738,357989936.0,4.33,2.84,0.21,2.37,3.37,2.43,2.7,0.94,-2.02,-1.21,-1.35,0.13,0.54,2.29,7.39,7.36,7.54,7.5,0.79,-1.05,-1.32,-2.63,-3.29,-3.55,-3.03,-4.21,-4.34,-5.39
2020-05-11,601519,7.62,7.49,7.66,7.41,281334,211622344.0,3.29,-1.45,-0.11,1.42,2.56,2.83,1.08,-1.89,-1.08,-1.21,0.27,0.67,2.43,4.45,7.46,7.34,7.53,7.5,0.4,0.13,-1.2,-1.87,-2.14,-1.6,-2.8,-2.94,-4.01,-5.34
2020-05-12,601519,7.46,7.43,7.52,7.27,206555,152661090.0,3.34,-0.8,-0.06,1.04,4.81,3.03,0.0,0.83,0.69,2.2,2.61,4.4,6.46,5.36,7.47,7.34,7.5,7.49,0.94,-0.4,-1.08,-1.35,-0.81,-2.02,-2.15,-3.23,-4.58,-3.63
2020-05-13,601519,7.38,7.43,7.5,7.32,178594,132291295.0,2.42,0.0,0.0,0.9,2.32,-0.68,0.14,0.0,1.5,1.91,3.69,5.74,4.64,2.73,7.47,7.36,7.49,7.49,-0.4,-1.08,-1.35,-0.81,-2.02,-2.15,-3.23,-4.58,-3.63,-3.77
2020-05-14,601519,7.4,7.25,7.4,7.23,218858,159659449.0,2.29,-2.42,-0.18,1.1,0.55,1.38,1.24,2.77,3.18,4.98,7.05,5.95,4.01,3.73,7.44,7.37,7.47,7.48,1.38,1.1,1.66,0.41,0.28,-0.83,-2.21,-1.24,-1.38,0.41
2020-05-15,601519,7.3,7.26,7.35,7.26,151438,110619046.0,1.24,0.14,0.01,0.76,0.96,0.83,2.34,2.75,4.55,6.61,5.51,3.58,3.31,1.93,7.37,7.38,7.44,7.47,0.96,1.52,0.28,0.14,-0.96,-2.34,-1.38,-1.52,0.28,-2.2
2020-05-18,601519,7.26,7.18,7.33,7.15,193595,139894548.0,2.48,-1.1,-0.08,0.97,2.38,3.92,4.34,6.15,8.25,7.13,5.17,4.9,3.5,2.8,7.31,7.38,7.42,7.47,2.65,1.39,1.25,0.14,-1.25,-0.28,-0.42,1.39,-1.11,6.69
2020-05-19,601519,7.27,7.28,7.37,7.24,166120,121062009.0,1.81,1.39,0.1,0.84,2.62,3.04,4.83,6.91,5.8,3.87,3.59,2.21,1.52,1.24,7.28,7.38,7.4,7.48,0.0,-0.14,-1.24,-2.61,-1.65,-1.79,0.0,-2.47,5.22,3.43
2020-05-20,601519,7.26,7.22,7.28,7.17,141068,101821218.0,1.51,-0.82,-0.06,0.71,4.04,5.86,7.95,6.83,4.88,4.6,3.21,2.51,2.23,2.79,7.24,7.35,7.37,7.47,0.69,-0.42,-1.8,-0.83,-0.97,0.83,-1.66,6.09,4.29,3.74
2020-05-21,601519,7.24,7.1,7.27,7.07,156562,111955600.0,2.77,-1.66,-0.12,0.79,7.36,9.48,8.35,6.36,6.08,4.67,3.96,3.68,4.24,2.97,7.21,7.32,7.34,7.46,1.27,-0.14,0.85,0.7,2.54,0.0,7.89,6.06,5.49,3.94
2020-05-22,601519,7.1,7.06,7.19,7.01,150778,106846402.0,2.54,-0.56,-0.04,0.76,10.41,9.27,7.28,6.99,5.56,4.85,4.56,5.14,3.85,3.71,7.17,7.27,7.31,7.45,0.42,1.42,1.27,3.12,0.57,8.5,6.66,6.09,4.53,4.25
2020-05-25,601519,7.02,7.02,7.09,6.97,98081,68886356.0,1.7,-0.57,-0.04,0.49,9.9,7.89,7.6,6.17,5.45,5.16,5.74,4.45,4.3,3.16,7.14,7.22,7.28,7.43,1.99,1.85,3.7,1.14,9.12,7.26,6.7,5.13,4.84,5.27
2020-05-26,601519,7.05,7.15,7.16,7.05,143080,101926662.0,1.57,1.85,0.13,0.72,6.67,6.38,4.96,4.26,3.97,4.54,3.26,3.12,1.99,0.57,7.11,7.19,7.27,7.4,0.0,1.82,-0.7,7.13,5.31,4.76,3.22,2.94,3.36,4.06
2020-05-27,601519,7.14,7.03,7.15,7.0,129572,91415518.0,2.1,-1.68,-0.12,0.65,7.14,5.71,5.0,4.71,5.29,4.0,3.86,2.71,1.29,2.29,7.07,7.15,7.26,7.38,3.56,1.0,8.96,7.11,6.54,4.98,4.69,5.12,5.83,3.98
2020-05-28,601519,7.05,7.12,7.28,7.02,269911,193103233.0,3.7,1.28,0.09,1.36,5.41,4.7,4.42,4.99,3.7,3.56,2.42,1.0,1.99,1.85,7.08,7.14,7.26,7.36,-0.28,7.58,5.76,5.2,3.65,3.37,3.79,4.49,2.67,5.34
2020-05-29,601519,7.02,7.06,7.1,6.99,148808,104967034.0,1.54,-0.84,-0.06,0.75,5.15,4.86,5.44,4.15,4.01,2.86,1.43,2.43,2.29,4.15,7.08,7.12,7.25,7.33,8.5,6.66,6.09,4.53,4.25,4.67,5.38,3.54,6.23,3.54
2020-06-01,601519,7.35,7.5,7.66,7.24,717554,536688704.0,5.95,6.23,0.44,3.61,1.24,1.8,0.55,0.41,-0.69,-2.07,-1.1,-1.24,0.55,-1.93,7.17,7.15,7.27,7.33,0.4,-0.13,-1.6,-1.87,-1.47,-0.8,-2.53,0.0,-2.53,-1.07
2020-06-02,601519,7.4,7.4,7.53,7.35,405830,300757216.0,2.4,-1.33,-0.1,2.04,0.27,-0.95,-1.09,-2.18,-3.54,-2.59,-2.72,-0.95,-3.4,4.22,7.22,7.17,7.27,7.32,1.22,-0.27,-0.54,-0.14,0.54,-1.22,1.35,-1.22,0.27,-0.54
2020-06-03,601519,7.44,7.3,7.49,7.28,288605,212896490.0,2.84,-1.35,-0.1,1.45,0.0,-0.14,-1.24,-2.61,-1.65,-1.79,0.0,-2.47,5.22,3.43,7.28,7.17,7.26,7.31,1.1,0.82,1.23,1.92,0.14,2.74,0.14,1.64,0.82,0.82
2020-06-04,601519,7.3,7.23,7.38,7.2,195462,141969466.0,2.47,-0.96,-0.07,0.98,0.97,-0.14,-1.53,-0.56,-0.69,1.11,-1.39,6.39,4.58,4.03,7.3,7.19,7.26,7.29,1.8,2.21,2.9,1.11,3.73,1.11,2.63,1.8,1.8,2.35
2020-06-05,601519,7.27,7.34,7.36,7.15,275511,200034747.0,2.9,1.52,0.11,1.39,0.56,-0.84,0.14,0.0,1.82,-0.7,7.13,5.31,4.76,3.22,7.35,7.21,7.24,7.28,0.68,1.36,-0.41,2.18,-0.41,1.09,0.27,0.27,0.82,3.95
2020-06-08,601519,7.38,7.26,7.39,7.25,182446,133294234.0,1.91,-1.09,-0.08,0.92,-2.21,-1.24,-1.38,0.41,-2.07,5.66,3.86,3.31,1.79,1.52,7.31,7.24,7.23,7.27,2.48,0.69,3.31,0.69,2.2,1.38,1.38,1.93,5.1,10.61
2020-06-09,601519,7.26,7.34,7.44,7.2,299607,220527709.0,3.31,1.1,0.08,1.51,-0.56,-0.69,1.11,-1.39,6.39,4.58,4.03,2.5,2.22,2.64,7.29,7.26,7.23,7.27,-0.41,2.18,-0.41,1.09,0.27,0.27,0.82,3.95,9.4,5.18
2020-06-10,601519,7.3,7.23,7.31,7.18,207808,150213777.0,1.77,-1.5,-0.11,1.05,-0.42,1.39,-1.11,6.69,4.87,4.32,2.79,2.51,2.92,3.62,7.28,7.28,7.22,7.27,3.73,1.11,2.63,1.8,1.8,2.35,5.53,11.07,6.78,12.59
2020-06-11,601519,7.23,7.29,7.5,7.19,380075,279436064.0,4.29,0.83,0.06,1.91,1.25,-1.25,6.54,4.73,4.17,2.64,2.36,2.78,3.48,1.67,7.29,7.29,7.22,7.27,0.27,1.78,0.96,0.96,1.51,4.66,10.15,5.9,11.66,11.11
2020-06-12,601519,7.12,7.23,7.31,7.1,251263,181488919.0,2.88,-0.82,-0.06,1.26,0.0,7.89,6.06,5.49,3.94,3.66,4.08,4.79,2.96,5.63,7.27,7.31,7.22,7.27,2.63,1.8,1.8,2.35,5.53,11.07,6.78,12.59,12.03,14.11
2020-06-15,601519,7.21,7.24,7.42,7.18,280637,205074852.0,3.32,0.14,0.01,1.41,6.69,4.87,4.32,2.79,2.51,2.92,3.62,1.81,4.46,1.81,7.27,7.29,7.22,7.27,1.66,1.66,2.21,5.39,10.91,6.63,12.43,11.88,13.95,12.02
2020-06-16,601519,7.32,7.35,7.36,7.24,222346,162351825.0,1.66,1.52,0.11,1.12,4.01,3.45,1.93,1.66,2.07,2.76,0.97,3.59,0.97,2.49,7.27,7.28,7.22,7.27,0.14,0.68,3.81,9.25,5.03,10.75,10.2,12.24,10.34,20.82
2020-06-17,601519,7.35,7.29,7.36,7.21,203274,147799392.0,2.04,-0.82,-0.06,1.02,3.88,2.36,2.08,2.5,3.19,1.39,4.02,1.39,2.91,2.08,7.28,7.28,7.23,7.27,1.51,4.66,10.15,5.9,11.66,11.11,13.17,11.25,21.81,34.02
2020-06-18,601519,7.31,7.36,7.4,7.24,298160,218649140.0,2.19,0.96,0.07,1.5,1.93,1.66,2.07,2.76,0.97,3.59,0.97,2.49,1.66,1.66,7.29,7.29,7.24,7.27,3.67,9.1,4.89,10.6,10.05,12.09,10.19,20.65,32.74,46.06
2020-06-19,601519,7.31,7.52,7.63,7.3,679053,509945648.0,4.48,2.17,0.16,3.42,0.82,1.23,1.92,0.14,2.74,0.14,1.64,0.82,0.82,1.37,7.35,7.31,7.26,7.27,6.78,2.66,8.24,7.71,9.71,7.85,18.09,29.92,42.95,57.31
2020-06-22,601519,7.5,7.66,8.03,7.41,810763,628935296.0,8.24,1.86,0.14,4.08,-0.27,0.4,-1.35,1.21,-1.35,0.13,-0.67,-0.67,-0.13,2.97,7.44,7.35,7.3,7.27,0.78,6.27,5.74,7.7,5.87,15.93,27.55,40.34,54.44,69.84
2020-06-23,601519,7.59,7.67,7.72,7.53,438126,334685968.0,2.48,0.13,0.01,2.2,-1.2,-2.92,-0.4,-2.92,-1.46,-2.26,-2.26,-1.73,1.33,6.64,7.5,7.38,7.32,7.28,6.13,5.61,7.56,5.74,15.78,27.38,40.16,54.24,69.62,85.79
2020-06-24,601519,7.7,7.98,8.14,7.5,637270,494760064.0,8.34,4.04,0.31,3.21,-2.53,0.0,-2.53,-1.07,-1.87,-1.87,-1.33,1.73,7.07,2.93,7.64,7.46,7.37,7.3,1.5,3.38,1.63,11.28,22.43,34.71,48.25,63.03,78.57,71.43
2020-06-29,601519,7.91,7.74,8.1,7.74,502031,395535024.0,4.51,-3.01,-0.24,2.53,-3.1,-5.56,-4.13,-4.91,-4.91,-4.39,-1.42,3.75,-0.26,5.17,7.71,7.5,7.4,7.31,6.59,4.78,14.73,26.23,38.89,52.84,68.09,84.11,76.74,67.83
2020-06-30,601519,7.78,8.06,8.25,7.74,808086,647125536.0,6.59,4.13,0.32,4.07,-5.56,-4.13,-4.91,-4.91,-4.39,-1.42,3.75,-0.26,5.17,4.65,7.82,7.59,7.45,7.34,0.62,10.17,21.22,33.37,46.77,61.41,76.8,69.73,61.17,59.43
2020-07-01,601519,8.0,8.07,8.11,7.91,618538,494749792.0,2.48,0.12,0.01,3.11,-6.19,-6.95,-6.95,-6.45,-3.54,1.52,-2.4,2.91,2.4,4.3,7.9,7.67,7.48,7.37,10.04,21.07,33.21,46.59,61.21,76.58,69.52,60.97,59.23,60.1
2020-07-02,601519,8.01,8.88,8.88,7.92,749482,633075600.0,11.9,10.04,0.81,3.77,-7.07,-7.07,-6.57,-3.66,1.39,-2.53,2.78,2.27,4.17,2.4,8.15,7.82,7.55,7.42,10.02,21.06,33.22,46.51,60.47,54.05,46.28,44.71,45.5,40.54
2020-07-03,601519,9.77,9.77,9.77,9.77,308194,301105360.0,0.0,10.02,0.89,1.55,-24.67,-24.26,-21.9,-17.81,-20.98,-16.68,-17.09,-15.56,-16.99,-9.11,8.5,8.07,7.68,7.51,10.03,21.08,33.16,45.85,40.02,32.96,31.53,32.24,27.74,14.53
2020-07-06,601519,10.75,10.75,10.75,10.75,112336,120760770.0,0.0,10.03,0.98,0.57,-31.16,-29.02,-25.3,-28.19,-24.28,-24.65,-23.26,-24.56,-17.4,-9.12,9.11,8.41,7.85,7.63,10.05,21.02,32.56,27.26,20.84,19.53,20.19,16.09,4.09,6.98
2020-07-07,601519,11.7,11.83,11.83,11.31,2388431,2808826416.0,4.84,10.05,1.08,12.02,-32.54,-29.0,-31.74,-28.03,-28.38,-27.06,-28.29,-21.49,-13.62,-4.95,9.86,8.84,8.08,7.79,9.97,20.46,15.64,9.81,8.62,9.21,5.49,-5.41,-2.79,-2.37
2020-07-08,601519,11.79,13.01,13.01,11.51,3060057,3786922480.0,12.68,9.97,1.18,15.39,-30.23,-32.93,-29.28,-29.63,-28.32,-29.54,-22.85,-15.12,-6.6,2.78,10.85,9.38,8.36,7.99,9.53,5.15,-0.15,-1.23,-0.69,-4.07,-13.99,-11.61,-11.22,-9.68
2020-07-09,601519,13.11,13.42,14.25,12.48,2927832,3954757056.0,13.6,3.15,0.41,14.73,-38.14,-34.78,-35.1,-33.89,-35.02,-28.85,-21.71,-13.86,-5.21,4.25,11.76,9.95,8.67,8.2,1.94,-3.2,-4.25,-3.73,-7.0,-16.62,-14.31,-13.93,-12.44,-14.9
2020-07-10,601519,13.08,12.47,13.68,12.35,2303473,2966223504.0,9.91,-7.08,-0.95,11.59,-34.09,-34.41,-33.2,-34.33,-28.1,-20.89,-12.96,-4.21,5.34,15.38,12.3,10.4,8.93,8.38,4.17,3.05,3.61,0.08,-10.26,-7.78,-7.38,-5.77,-8.42,-10.18
2020-07-13,601519,12.1,12.4,12.99,11.8,2149943,2665805264.0,9.54,-0.56,-0.07,10.82,-31.36,-30.08,-31.27,-24.75,-17.2,-8.9,0.25,10.25,20.76,15.93,12.63,10.87,9.18,8.55,3.63,4.19,0.65,-9.76,-7.26,-6.85,-5.24,-7.9,-9.68,-15.97
2020-07-14,601519,12.28,12.61,12.85,12.23,1585213,1991604912.0,5.0,1.69,0.21,7.98,-32.54,-33.69,-27.39,-20.11,-12.1,-3.27,6.38,16.52,11.86,6.21,12.78,11.32,9.45,8.74,2.46,-1.03,-11.26,-8.8,-8.41,-6.82,-9.44,-11.18,-17.37,-17.37
2020-07-15,601519,12.73,12.09,12.92,11.89,1463268,1806419088.0,8.17,-4.12,-0.52,7.36,-31.79,-25.32,-17.83,-9.59,-0.5,9.42,19.85,15.05,9.25,8.07,12.6,11.72,9.7,8.89,3.23,-7.44,-4.88,-4.47,-2.81,-5.54,-7.36,-13.81,-13.81,-11.17
2020-07-16,601519,12.02,10.88,12.48,10.88,1395796,1650032944.0,13.23,-10.01,-1.21,7.02,-18.38,-10.2,-1.19,8.73,19.58,30.97,25.74,19.39,18.11,18.75,12.09,11.92,9.87,9.01,2.85,5.7,6.16,8.0,4.96,2.94,-4.23,-4.23,-1.29,-2.85
2020-07-17,601519,11.09,10.76,11.19,10.4,1166312,1259119440.0,7.26,-1.1,-0.12,5.87,-6.06,3.37,13.75,25.1,37.02,31.54,24.9,23.56,24.23,20.0,11.75,12.02,10.05,9.12,6.88,7.34,9.2,6.13,4.09,-3.16,-3.16,-0.19,-1.77,3.62
2020-07-20,601519,11.08,11.46,11.5,11.0,1088955,1227658640.0,4.65,6.51,0.7,5.48,-2.27,7.55,18.27,29.55,24.36,18.09,16.82,17.45,13.45,1.73,11.56,12.09,10.25,9.27,0.79,2.53,-0.35,-2.27,-9.08,-9.08,-6.28,-7.77,-2.71,-4.1
2020-07-21,601519,11.53,11.08,11.55,10.81,927373,1031400592.0,6.46,-3.32,-0.38,4.67,9.44,20.35,31.82,26.55,20.17,18.87,19.52,15.45,3.52,6.38,11.25,12.02,10.43,9.39,6.05,3.07,1.08,-5.96,-5.96,-3.07,-4.6,0.63,-0.81,2.44
2020-07-22,601519,11.1,11.3,11.75,11.01,1143478,1305387152.0,6.68,1.99,0.22,5.75,18.17,29.43,24.25,17.98,16.71,17.35,13.35,1.63,4.45,4.9,11.1,11.85,10.61,9.52,1.06,-0.88,-7.79,-7.79,-4.96,-6.46,-1.33,-2.74,0.44,-2.65
2020-07-23,601519,11.05,11.2,11.42,10.81,881132,978674832.0,5.4,-0.88,-0.1,4.43,31.82,26.55,20.17,18.87,19.52,15.45,3.52,6.38,6.85,8.7,11.16,11.62,10.79,9.65,0.0,-6.96,-6.96,-4.11,-5.62,-0.45,-1.87,1.34,-1.79,-0.36
2020-07-24,601519,11.01,10.31,11.2,10.16,1010981,1071432304.0,9.29,-7.95,-0.89,5.09,34.65,27.85,26.48,27.17,22.83,10.14,13.19,13.68,15.65,12.4,11.07,11.41,10.9,9.76,1.07,1.07,4.17,2.52,8.15,6.6,10.09,6.69,8.24,4.75
2020-07-27,601519,10.34,10.25,10.42,9.96,586935,600482736.0,4.46,-0.58,-0.06,2.95,30.42,29.02,29.72,25.3,12.35,15.46,15.96,17.97,14.66,12.45,10.83,11.19,11.03,9.85,1.66,4.78,3.12,8.78,7.22,10.73,7.32,8.88,5.37,3.12
2020-07-28,601519,10.4,10.33,10.42,10.11,445841,457274288.0,3.02,0.78,0.08,2.24,27.1,27.79,23.44,10.68,13.75,14.24,16.22,12.96,10.78,3.07,10.68,10.97,11.14,9.96,3.97,2.32,7.94,6.39,9.87,6.49,8.03,4.55,2.32,1.74
2020-07-29,601519,10.28,10.65,10.74,10.25,891422,942793872.0,4.74,3.1,0.32,4.48,26.05,21.76,9.17,12.2,12.68,14.63,11.41,9.27,1.66,1.66,10.55,10.82,11.27,10.07,-0.75,4.69,3.19,6.57,3.29,4.79,1.41,-0.75,-1.31,-4.79
2020-07-30,601519,10.57,10.35,10.57,10.29,680563,707249632.0,2.63,-2.82,-0.3,3.42,21.28,8.75,11.76,12.24,14.19,10.98,8.84,1.26,1.26,4.37,10.38,10.77,11.35,10.17,7.73,6.18,9.66,6.28,7.83,4.35,2.13,1.55,-2.03,-1.74
2020-07-31,601519,10.25,10.69,11.15,10.21,1025064,1103386672.0,9.08,3.29,0.34,5.16,9.6,12.63,13.12,15.08,11.85,9.7,2.06,2.06,5.19,3.53,10.45,10.76,11.39,10.28,2.81,6.17,2.9,4.4,1.03,-1.12,-1.68,-5.14,-4.86,-5.33
2020-08-03,601519,10.72,10.95,10.99,10.62,784409,848955264.0,3.46,2.43,0.26,3.95,8.29,8.76,10.64,7.53,5.46,-1.88,-1.88,1.13,-0.47,4.99,10.59,10.71,11.4,10.4,3.65,0.46,1.92,-1.37,-3.47,-4.02,-7.4,-7.12,-7.58,1.55
2020-08-04,601519,10.95,10.94,11.35,10.71,901930,991232624.0,5.84,-0.09,-0.01,4.54,7.84,9.71,6.63,4.58,-2.71,-2.71,0.28,-1.31,4.11,2.61,10.72,10.7,11.36,10.52,0.55,2.01,-1.28,-3.38,-3.93,-7.31,-7.04,-7.5,1.65,10.6
2020-08-05,601519,10.8,10.89,11.0,10.55,629427,677580464.0,4.11,-0.46,-0.05,3.17,11.37,8.25,6.16,-1.23,-1.23,1.8,0.19,5.69,4.17,7.58,10.76,10.66,11.25,10.63,2.48,-0.83,-2.94,-3.49,-6.89,-6.61,-7.07,2.11,11.11,1.84
2020-08-06,601519,10.86,11.07,11.16,10.51,781575,845296240.0,5.97,1.65,0.18,3.93,8.66,6.57,-0.86,-0.86,2.19,0.57,6.09,4.57,7.99,4.66,10.91,10.64,11.13,10.74,-2.44,-4.52,-5.06,-8.4,-8.13,-8.58,0.45,9.3,0.18,-0.81
2020-08-07,601519,10.8,10.41,10.8,10.2,742219,780434272.0,5.42,-5.96,-0.66,3.73,9.8,2.16,2.16,5.29,3.63,9.31,7.75,11.27,7.84,9.41,10.85,10.65,11.03,10.82,1.54,0.96,-2.59,-2.31,-2.79,6.82,16.23,6.53,5.48,3.65
2020-08-10,601519,10.23,10.36,10.57,10.1,435937,451303776.0,4.51,-0.48,-0.05,2.19,3.17,3.17,6.34,4.65,10.4,8.81,12.38,8.91,10.5,6.93,10.73,10.66,10.93,10.91,1.45,-2.12,-1.83,-2.32,7.34,16.8,7.05,5.98,4.15,2.99
2020-08-11,601519,10.35,10.05,10.51,10.0,435564,446828560.0,4.92,-2.99,-0.31,2.19,4.2,7.4,5.7,11.5,9.9,13.5,10.0,11.6,8.0,5.7,10.56,10.64,10.8,10.97,0.9,1.19,0.7,10.65,20.4,10.35,9.25,7.36,6.17,9.45
2020-08-12,601519,10.04,9.91,10.14,9.55,468888,460789280.0,5.87,-1.39,-0.14,2.36,12.46,10.68,16.75,15.08,18.85,15.18,16.86,13.09,10.68,10.05,10.36,10.56,10.69,11.04,2.62,2.12,12.21,22.1,11.91,10.8,8.88,7.67,11.0,6.76
2020-08-13,601519,9.93,9.96,10.17,9.8,399044,398308976.0,3.73,0.5,0.05,2.01,7.86,13.78,12.14,15.82,12.24,13.88,10.2,7.86,7.24,3.47,10.14,10.52,10.65,11.07,1.61,11.65,21.49,11.35,10.24,8.33,7.13,10.44,6.22,4.22
2020-08-14,601519,9.94,10.11,10.12,9.87,326707,327330256.0,2.51,1.51,0.15,1.64,12.97,11.35,14.99,11.45,13.07,9.42,7.09,6.48,2.74,3.04,10.08,10.46,10.61,11.08,9.99,19.68,9.69,8.61,6.73,5.54,8.8,4.65,2.67,5.74
2020-08-17,601519,11.12,11.12,11.12,10.9,708957,786834672.0,2.18,9.99,1.01,3.57,0.83,4.13,0.92,2.39,-0.92,-3.03,-3.58,-6.97,-6.7,-7.16,10.23,10.48,10.6,11.1,8.81,-0.27,-1.26,-2.97,-4.05,-1.08,-4.86,-6.65,-3.87,-0.81
2020-08-18,601519,11.34,11.14,12.1,11.1,1812663,2097758368.0,8.99,0.18,0.02,9.12,2.25,-0.9,0.54,-2.7,-4.77,-5.32,-8.65,-8.38,-8.83,0.18,10.45,10.5,10.6,11.07,-0.45,-1.44,-3.14,-4.22,-1.26,-5.03,-6.82,-4.04,-0.99,-3.59
2020-08-19,601519,10.98,10.62,11.09,10.55,999386,1076177600.0,4.85,-4.67,-0.52,5.03,4.27,5.78,2.37,0.19,-0.38,-3.89,-3.6,-4.08,5.4,14.69,10.59,10.47,10.57,10.99,3.39,1.6,0.47,3.58,-0.38,-2.26,0.66,3.86,1.13,2.17
2020-08-20,601519,10.27,10.56,10.98,10.2,662496,704824304.0,7.34,-0.56,-0.06,3.33,9.41,5.88,3.63,3.04,-0.59,-0.29,-0.78,9.02,18.63,8.73,10.71,10.42,10.53,10.9,2.18,1.04,4.17,0.19,-1.7,1.23,4.45,1.7,2.75,4.17
2020-08-21,601519,10.62,10.62,10.79,10.32,523799,552940912.0,4.45,0.57,0.06,2.64,4.65,2.42,1.84,-1.74,-1.45,-1.94,7.75,17.25,7.46,6.4,10.81,10.44,10.55,10.84,0.47,3.58,-0.38,-2.26,0.66,3.86,1.13,2.17,3.58,0.09
2020-08-24,601519,10.65,10.43,10.67,10.3,347906,364452864.0,3.48,-1.79,-0.19,1.75,2.62,2.04,-1.55,-1.26,-1.75,7.96,17.48,7.67,6.6,4.76,10.67,10.45,10.56,10.77,5.47,1.44,-0.48,2.49,5.75,2.97,4.03,5.47,1.92,1.05
2020-08-25,601519,10.47,10.63,11.0,10.45,709613,763804400.0,5.27,1.92,0.2,3.57,0.57,-2.97,-2.68,-3.16,6.41,15.79,6.12,5.07,3.25,2.11,10.57,10.51,10.57,10.7,-0.47,-2.35,0.56,3.76,1.03,2.07,3.48,0.0,-0.85,-2.82
2020-08-26,601519,10.5,10.2,10.58,10.13,544274,560548144.0,4.23,-4.05,-0.43,2.74,0.1,0.39,-0.1,9.77,19.45,9.48,8.39,6.52,5.33,8.59,10.49,10.54,10.55,10.64,1.76,4.8,8.14,5.29,6.37,7.84,4.22,3.33,1.27,-0.98
2020-08-27,601519,10.2,10.32,10.38,10.1,332382,340427392.0,2.75,1.18,0.12,1.67,0.69,0.2,10.1,19.8,9.8,8.71,6.83,5.64,8.91,4.75,10.44,10.57,10.55,10.62,3.59,6.88,4.07,5.14,6.59,3.0,2.13,0.1,-2.13,-3.49
2020-08-28,601519,10.21,10.63,10.69,10.14,521533,545742816.0,5.33,3.0,0.31,2.62,-0.2,9.66,19.33,9.37,8.28,6.41,5.23,8.48,4.34,2.37,10.44,10.63,10.55,10.62,3.76,1.03,2.07,3.48,0.0,-0.85,-2.82,-4.99,-6.3,-9.69
2020-08-31,601519,10.7,10.66,11.03,10.61,685473,743521520.0,3.95,0.28,0.03,3.45,4.81,14.04,4.52,3.49,1.7,0.57,3.68,-0.28,-2.17,0.75,10.49,10.58,10.53,10.59,0.75,1.78,3.19,-0.28,-1.13,-3.1,-5.25,-6.57,-9.94,-8.82
2020-09-01,601519,10.5,10.61,10.74,10.41,352141,371550064.0,3.1,-0.47,-0.05,1.77,16.23,6.53,5.48,3.65,2.5,5.67,1.63,-0.29,2.69,5.96,10.48,10.53,10.52,10.58,2.26,3.68,0.19,-0.66,-2.64,-4.81,-6.13,-9.52,-8.39,-8.39
2020-09-02,601519,10.55,10.73,10.85,10.49,503943,537132192.0,3.39,1.13,0.12,2.54,5.72,4.67,2.86,1.72,4.86,0.86,-1.05,1.91,5.15,2.38,10.59,10.54,10.51,10.56,2.52,-0.93,-1.77,-3.73,-5.87,-7.18,-10.53,-9.41,-9.41,-8.39
2020-09-03,601519,10.69,10.74,11.0,10.55,532658,574778832.0,4.19,0.09,0.01,2.68,4.08,2.27,1.14,4.27,0.28,-1.61,1.33,4.55,1.8,2.84,10.67,10.56,10.49,10.54,-1.02,-1.86,-3.82,-5.96,-7.26,-10.61,-9.5,-9.5,-8.47,-9.96
2020-09-04,601519,10.4,10.55,10.63,10.31,369932,388388432.0,2.98,-1.77,-0.19,1.86,4.66,3.49,6.69,2.62,0.68,3.69,6.98,4.17,5.24,6.69,10.66,10.55,10.5,10.55,-0.09,-2.09,-4.27,-5.59,-9.0,-7.87,-7.87,-6.82,-8.34,-1.71
2020-09-07,601519,10.53,10.1,10.54,10.01,481413,495222720.0,5.02,-4.27,-0.45,2.42,6.59,9.89,5.69,3.7,6.79,10.19,7.29,8.39,9.89,6.19,10.55,10.52,10.48,10.54,2.28,0.0,-1.39,-4.95,-3.76,-3.76,-2.67,-4.26,2.67,4.75
2020-09-08,601519,10.13,10.22,10.33,9.95,354833,359392928.0,3.76,1.19,0.12,1.79,10.55,6.33,4.32,7.44,10.85,7.94,9.05,10.55,6.83,5.93,10.47,10.48,10.49,10.54,-1.17,-2.54,-6.07,-4.89,-4.89,-3.82,-5.38,1.47,3.52,2.54
2020-09-09,601519,10.07,9.81,10.1,9.8,390125,387896592.0,2.94,-4.01,-0.41,1.96,7.96,5.92,9.08,12.55,9.59,10.71,12.24,8.47,7.55,5.41,10.28,10.44,10.49,10.51,1.53,-2.14,-0.92,-0.92,0.2,-1.43,5.71,7.85,6.83,3.16
2020-09-10,601519,9.91,9.47,9.96,9.4,319515,310322288.0,5.71,-3.47,-0.34,1.61,10.43,13.72,17.34,14.26,15.43,17.02,13.09,12.13,9.89,7.45,10.03,10.35,10.46,10.48,1.37,2.64,2.64,3.8,2.11,9.5,11.72,10.67,6.86,6.12
2020-09-11,601519,9.47,9.58,9.6,9.28,234638,222289005.0,3.38,1.16,0.11,1.18,15.19,18.86,15.73,16.92,18.53,14.55,13.58,11.31,8.84,7.33,9.84,10.25,10.44,10.45,1.46,1.46,2.61,0.94,8.25,10.44,9.39,5.64,4.91,5.22
2020-09-14,601519,9.72,9.64,9.72,9.48,177203,170216421.0,2.51,0.63,0.06,0.89,16.35,13.29,14.45,16.03,12.13,11.18,8.97,6.54,5.06,1.27,9.74,10.14,10.36,10.4,0.83,1.97,0.31,7.57,9.75,8.71,4.98,4.25,4.56,3.84
2020-09-15,601519,9.64,9.69,9.72,9.51,168692,162542167.0,2.18,0.52,0.05,0.85,12.93,14.09,15.67,11.78,10.83,8.62,6.2,4.73,0.95,2.21,9.64,10.05,10.29,10.36,1.44,-0.21,7.02,9.18,8.15,4.44,3.72,4.02,3.3,4.02
2020-09-16,601519,9.62,9.6,9.83,9.54,199348,192653205.0,2.99,-0.93,-0.09,1.0,13.73,15.3,11.43,10.48,8.28,5.87,4.4,0.63,1.89,1.89,9.6,9.94,10.24,10.32,0.73,8.02,10.21,9.17,5.42,4.69,5.0,4.27,5.0,4.48
2020-09-17,601519,9.58,9.52,9.67,9.4,232432,220783154.0,2.81,-0.83,-0.08,1.17,17.02,13.09,12.13,9.89,7.45,5.96,2.13,3.4,3.4,4.57,9.61,9.82,10.19,10.27,8.93,11.13,10.08,6.3,5.57,5.88,5.15,5.88,5.36,5.57
2020-09-18,601519,9.49,10.19,10.37,9.44,643062,640997152.0,9.77,7.04,0.67,3.24,12.61,11.65,9.43,6.99,5.51,1.69,2.97,2.97,4.13,2.44,9.73,9.78,10.17,10.26,3.83,2.85,-0.69,-1.37,-1.08,-1.77,-1.08,-1.57,-1.37,2.65
2020-09-21,601519,10.5,10.14,10.58,10.1,512522,526685648.0,4.71,-0.49,-0.05,2.58,4.36,2.28,0.0,-1.39,-4.95,-3.76,-3.76,-2.67,-4.26,2.67,9.83,9.79,10.15,10.25,3.35,-0.2,-0.89,-0.59,-1.28,-0.59,-1.08,-0.89,3.16,1.38
2020-09-22,601519,9.98,10.11,10.48,9.93,495602,506596144.0,5.42,-0.3,-0.03,2.49,4.03,1.71,0.3,-3.32,-2.11,-2.11,-1.01,-2.62,4.43,6.55,9.91,9.77,10.13,10.25,0.1,-0.59,-0.3,-0.99,-0.3,-0.79,-0.59,3.46,1.68,0.69
2020-09-23,601519,10.07,9.95,10.12,9.87,297198,296724784.0,2.47,-1.58,-0.16,1.5,2.33,0.91,-2.74,-1.52,-1.52,-0.41,-2.03,5.07,7.19,6.18,9.98,9.79,10.11,10.25,1.01,1.31,0.6,1.31,0.8,1.01,5.13,3.32,2.31,1.31
2020-09-24,601519,9.85,9.84,10.05,9.8,228833,226417425.0,2.51,-1.11,-0.11,1.15,1.63,-2.04,-0.82,-0.82,0.31,-1.33,5.82,7.96,6.94,3.27,10.05,9.83,10.09,10.25,2.44,1.73,2.44,1.93,2.13,6.3,4.47,3.46,2.44,1.32
2020-09-25,601519,9.89,9.93,10.08,9.77,259959,258159427.0,3.15,0.91,0.09,1.31,-1.74,-0.51,-0.51,0.61,-1.02,6.14,8.29,7.27,3.58,2.87,9.99,9.86,10.05,10.24,0.81,1.51,1.01,1.21,5.34,3.52,2.52,1.51,0.4,1.51
2020-09-28,601519,9.94,9.81,10.01,9.8,183605,181748711.0,2.11,-1.21,-0.12,0.92,-0.82,-0.82,0.31,-1.33,5.82,7.96,6.94,3.27,2.55,2.86,9.93,9.88,10.01,10.2,2.75,2.24,2.45,6.63,4.79,3.77,2.75,1.63,2.75,0.61
2020-09-29,601519,9.9,9.91,10.08,9.83,221148,220477239.0,2.55,1.02,0.1,1.11,-1.12,0.0,-1.63,5.49,7.63,6.61,2.95,2.24,2.54,1.83,9.89,9.9,9.98,10.16,1.21,1.41,5.55,3.73,2.72,1.72,0.61,1.72,-0.4,-0.4
2020-09-30,601519,10.0,9.81,10.03,9.62,199044,195832638.0,4.14,-1.01,-0.1,1.0,2.18,0.52,7.8,9.98,8.94,5.2,4.47,4.78,4.05,4.78,9.86,9.92,9.93,10.13,2.45,6.63,4.79,3.77,2.75,1.63,2.75,0.61,0.61,0.31
2020-10-09,601519,9.98,9.99,10.05,9.91,243540,243309384.0,1.43,1.83,0.18,1.23,-2.42,4.64,6.76,5.75,2.12,1.41,1.72,1.01,1.72,1.21,9.89,9.97,9.89,10.11,4.7,2.9,1.9,0.9,-0.2,0.9,-1.2,-1.2,-1.5,-1.8
2020-10-12,601519,10.05,10.37,10.46,10.05,471843,487312288.0,4.1,3.8,0.38,2.37,3.18,5.27,4.28,0.7,0.0,0.3,-0.4,0.3,-0.2,0.0,9.98,9.99,9.88,10.11,-0.87,-1.83,-2.8,-3.86,-2.8,-4.82,-4.82,-5.11,-5.4,-8.29
2020-10-13,601519,10.23,10.17,10.28,10.07,274366,278532256.0,2.03,-1.93,-0.2,1.38,5.06,4.07,0.5,-0.2,0.1,-0.6,0.1,-0.4,-0.2,3.87,10.05,9.99,9.89,10.1,0.1,-0.88,-1.97,-0.88,-2.95,-2.95,-3.24,-3.54,-6.49,-8.36
2020-10-14,601519,10.18,9.92,10.18,9.9,259206,258741676.0,2.75,-2.46,-0.25,1.3,5.86,2.22,1.52,1.82,1.11,1.82,1.31,1.52,5.66,3.84,10.05,9.97,9.87,10.07,1.61,0.5,1.61,-0.5,-0.5,-0.81,-1.11,-4.13,-6.05,-5.75
2020-10-15,601519,9.91,9.89,10.08,9.88,180855,179981906.0,2.02,-0.3,-0.03,0.91,2.43,1.72,2.02,1.32,2.02,1.52,1.72,5.87,4.05,3.04,10.07,9.96,9.88,10.06,0.81,1.92,-0.2,-0.2,-0.51,-0.81,-3.84,-5.76,-5.46,-5.56
2020-10-16,601519,9.94,9.92,9.97,9.82,142098,140824453.0,1.52,0.3,0.03,0.71,2.34,2.65,1.93,2.65,2.14,2.34,6.52,4.68,3.67,2.65,10.05,9.97,9.9,10.05,1.61,-0.5,-0.5,-0.81,-1.11,-4.13,-6.05,-5.75,-5.85,-5.54
2020-10-19,601519,9.88,9.89,10.08,9.86,177553,176945342.0,2.22,-0.3,-0.03,0.89,2.23,1.52,2.23,1.72,1.93,6.09,4.26,3.25,2.23,1.12,9.96,9.97,9.91,10.03,-0.2,-0.2,-0.51,-0.81,-3.84,-5.76,-5.46,-5.56,-5.26,-7.58
2020-10-20,601519,9.81,9.86,9.87,9.64,188026,183207956.0,2.33,-0.3,-0.03,0.95,3.84,4.56,4.05,4.25,8.51,6.64,5.6,4.56,3.42,4.56,9.9,9.97,9.93,10.0,0.1,-0.2,-0.51,-3.55,-5.48,-5.17,-5.27,-4.97,-7.3,-5.17
2020-10-21,601519,9.86,9.7,9.87,9.68,133284,129712082.0,1.93,-1.62,-0.16,0.67,4.13,3.62,3.82,8.06,6.2,5.17,4.13,3.0,4.13,1.96,9.85,9.95,9.93,9.97,1.44,1.13,-1.96,-3.92,-3.61,-3.71,-3.4,-5.77,-3.61,-3.51
2020-10-22,601519,9.65,9.78,9.84,9.65,135297,131616379.0,1.96,0.82,0.08,0.68,3.94,4.15,8.39,6.53,5.49,4.46,3.32,4.46,2.28,2.28,9.83,9.95,9.93,9.94,0.31,-2.76,-4.7,-4.4,-4.5,-4.19,-6.54,-4.4,-4.29,-2.86
2020-10-23,601519,9.73,9.54,9.81,9.52,145383,140641959.0,2.97,-2.45,-0.24,0.73,5.57,9.87,7.98,6.93,5.88,4.73,5.88,3.68,3.68,3.36,9.75,9.9,9.94,9.9,-0.31,-2.31,-1.99,-2.1,-1.78,-4.19,-1.99,-1.89,-0.42,0.31
2020-10-26,601519,9.5,9.25,9.51,9.2,203895,189512193.0,3.25,-3.04,-0.29,1.03,13.7,11.74,10.65,9.57,8.37,9.57,7.28,7.28,6.96,6.63,9.63,9.79,9.89,9.85,0.76,1.08,0.97,1.3,-1.19,1.08,1.19,2.7,3.46,12.43
2020-10-27,601519,9.21,9.3,9.32,9.11,99505,92239398.0,2.27,0.54,0.05,0.5,12.84,11.75,10.65,9.44,10.65,8.34,8.34,8.01,7.68,4.39,9.51,9.7,9.85,9.83,0.54,0.43,0.75,-1.72,0.54,0.65,2.15,2.9,11.83,13.44
2020-10-28,601519,9.31,9.28,9.35,9.15,120754,111725475.0,2.15,-0.22,-0.02,0.61,11.26,10.16,8.96,10.16,7.87,7.87,7.54,7.21,3.93,1.86,9.43,9.64,9.81,9.8,0.65,0.97,-1.51,0.75,0.86,2.37,3.12,12.07,13.69,8.73
2020-10-29,601519,9.1,9.28,9.34,9.06,150348,138292005.0,3.02,0.0,0.0,0.76,11.26,10.04,11.26,8.94,8.94,8.61,8.28,4.97,2.87,3.2,9.33,9.58,9.77,9.78,0.97,-1.51,0.75,0.86,2.37,3.12,12.07,13.69,8.73,7.44
2020-10-30,601519,9.26,8.89,9.37,8.88,196513,178338282.0,5.28,-4.2,-0.39,0.99,12.27,13.51,11.15,11.15,10.81,10.47,7.09,4.95,5.29,5.18,9.2,9.48,9.72,9.76,2.81,5.17,5.29,6.86,7.65,16.99,18.67,13.5,12.15,11.92
2020-11-02,601519,8.89,8.95,9.14,8.89,156338,140507778.0,2.81,0.67,0.06,0.79,13.39,11.02,11.02,10.69,10.35,6.97,4.84,5.17,5.06,5.4,9.14,9.38,9.68,9.74,4.47,4.58,6.15,6.93,16.2,17.88,12.74,11.4,11.17,13.3
2020-11-03,601519,9.05,9.29,9.35,8.99,232583,214600599.0,4.02,3.8,0.34,1.17,9.79,9.79,9.45,9.12,5.78,3.67,4.0,3.89,4.23,1.67,9.14,9.33,9.65,9.73,0.75,2.26,3.01,11.95,13.56,8.61,7.32,7.1,9.15,8.72
2020-11-04,601519,9.34,9.28,9.36,9.14,139118,128473527.0,2.37,-0.11,-0.01,0.7,7.99,7.66,7.33,4.05,1.97,2.3,2.19,2.52,0.0,2.3,9.14,9.28,9.62,9.71,2.37,3.12,12.07,13.69,8.73,7.44,7.22,9.27,8.84,12.39
2020-11-05,601519,9.39,9.37,9.5,9.28,209883,197272872.0,2.37,0.97,0.09,1.06,6.03,5.71,2.48,0.43,0.75,0.65,0.97,-1.51,0.75,0.86,9.16,9.24,9.6,9.7,2.13,10.99,12.59,7.68,6.4,6.19,8.22,7.79,11.31,10.99
2020-11-06,601519,9.38,9.45,9.57,9.3,234400,221240428.0,2.88,0.85,0.08,1.18,5.48,2.26,0.22,0.54,0.43,0.75,-1.72,0.54,0.65,2.15,9.27,9.23,9.57,9.7,10.05,11.64,6.77,5.5,5.29,7.3,6.88,10.37,10.05,10.05
2020-11-09,601519,9.51,10.4,10.4,9.42,568536,567167264.0,10.37,10.05,0.95,2.86,0.96,-1.06,-0.74,-0.85,-0.53,-2.97,-0.74,-0.64,0.85,1.59,9.56,9.35,9.57,9.71,1.44,-2.98,-4.13,-4.33,-2.5,-2.88,0.29,0.0,0.0,4.13
2020-11-10,601519,10.52,10.11,10.55,10.0,860239,887467488.0,5.29,-2.79,-0.29,4.33,-6.8,-6.5,-6.6,-6.3,-8.6,-6.5,-6.4,-5.0,-4.3,4.0,9.72,9.43,9.57,9.71,-0.2,-1.38,-1.58,0.3,-0.1,3.17,2.87,2.87,7.12,4.25
2020-11-11,601519,10.05,9.78,10.09,9.73,433356,428894768.0,3.56,-3.26,-0.33,2.18,-3.91,-4.01,-3.7,-6.06,-3.91,-3.8,-2.36,-1.64,6.89,8.43,9.82,9.48,9.56,9.7,1.94,1.74,3.68,3.27,6.65,6.34,6.34,10.74,7.77,7.46
2020-11-12,601519,9.84,9.89,9.97,9.67,247910,243514554.0,3.07,1.12,0.11,1.25,-3.41,-3.1,-5.48,-3.31,-3.21,-1.76,-1.03,7.55,9.1,4.34,9.93,9.54,9.56,9.69,0.61,2.53,2.12,5.46,5.16,5.16,9.5,6.57,6.27,2.22
2020-11-13,601519,9.82,9.9,9.95,9.7,225117,221605972.0,2.53,0.1,0.01,1.13,-3.4,-5.77,-3.61,-3.51,-2.06,-1.34,7.22,8.76,4.02,2.78,10.02,9.64,9.56,9.7,2.42,2.02,5.35,5.05,5.05,9.39,6.46,6.16,2.12,2.53
2020-11-16,601519,9.99,10.07,10.14,9.81,278488,278611280.0,3.33,1.72,0.17,1.4,-6.83,-4.69,-4.59,-3.16,-2.45,6.01,7.54,2.85,1.63,1.43,9.95,9.75,9.57,9.7,0.3,3.57,3.28,3.28,7.55,4.67,4.37,0.4,0.79,7.75
2020-11-17,601519,10.04,9.98,10.1,9.8,232768,230969291.0,2.98,-0.89,-0.09,1.17,-4.59,-4.49,-3.06,-2.35,6.12,7.65,2.96,1.73,1.53,3.47,9.92,9.82,9.57,9.71,4.51,4.21,4.21,8.52,5.61,5.31,1.3,1.7,8.72,8.52
2020-11-18,601519,10.01,10.2,10.43,9.95,530004,544690944.0,4.81,2.2,0.22,2.67,-5.93,-4.52,-3.82,4.52,6.03,1.41,0.2,0.0,1.91,1.51,10.01,9.91,9.6,9.72,1.96,1.96,6.18,3.33,3.04,-0.88,-0.49,6.37,6.18,10.0
2020-11-19,601519,10.09,10.3,10.4,10.0,390892,399637184.0,3.92,0.98,0.1,1.97,-5.0,-4.3,4.0,5.5,0.9,-0.3,-0.5,1.4,1.0,4.3,10.09,10.01,9.63,9.73,0.97,5.15,2.33,2.04,-1.84,-1.46,5.34,5.15,8.93,6.31
2020-11-20,601519,10.25,10.27,10.4,10.1,292345,298988624.0,2.91,-0.29,-0.03,1.47,-5.25,2.97,4.46,-0.1,-1.29,-1.49,0.4,0.0,3.27,2.97,10.16,10.09,9.66,9.74,5.45,2.63,2.34,-1.56,-1.17,5.65,5.45,9.25,6.62,3.7
2020-11-23,601519,10.25,10.42,10.83,9.95,745207,780733568.0,8.57,1.46,0.15,3.75,4.52,6.03,1.41,0.2,0.0,1.91,1.51,4.82,4.52,4.52,10.23,10.09,9.72,9.74,1.15,0.86,-2.98,-2.59,4.13,3.93,7.68,5.09,2.21,1.34
2020-11-24,601519,10.3,10.24,10.54,10.22,426548,441208864.0,3.07,-1.73,-0.18,2.15,3.23,-1.27,-2.45,-2.64,-0.78,-1.17,2.05,1.76,1.76,5.97,10.29,10.1,9.77,9.75,2.64,-1.27,-0.88,5.96,5.76,9.57,6.93,4.0,3.12,1.17
2020-11-25,601519,10.39,9.98,10.51,9.98,432862,443068480.0,5.18,-2.54,-0.26,2.18,1.1,-0.1,-0.3,1.6,1.2,4.51,4.21,4.21,8.52,5.61,10.24,10.12,9.8,9.75,1.3,1.7,8.72,8.52,12.42,9.72,6.71,5.81,3.81,3.71
2020-11-26,601519,9.81,9.92,10.11,9.78,347809,344215040.0,3.31,-0.6,-0.06,1.75,1.94,1.74,3.68,3.27,6.65,6.34,6.34,10.74,7.77,7.46,10.17,10.13,9.83,9.75,2.32,9.38,9.17,13.1,10.38,7.36,6.45,4.44,4.33,0.0
2020-11-27,601519,9.92,10.13,10.15,9.81,299444,298017744.0,3.43,2.12,0.21,1.51,1.43,3.36,2.96,6.32,6.01,6.01,10.4,7.44,7.14,3.06,10.14,10.15,9.9,9.76,7.11,6.91,10.76,8.09,5.13,4.24,2.27,2.17,-2.07,-2.57
2020-11-30,601519,10.3,10.25,10.85,10.23,995223,1050919104.0,6.12,1.18,0.12,5.01,-0.88,-1.27,1.96,1.66,1.66,5.87,3.03,2.74,-1.17,-0.78,10.1,10.17,9.96,9.77,5.66,9.46,6.83,3.9,3.02,1.07,0.98,-3.22,-3.71,-5.17
2020-12-01,601519,10.31,10.7,10.83,10.16,918583,967438400.0,6.54,4.39,0.45,4.62,-0.59,2.66,2.36,2.36,6.59,3.74,3.44,-0.49,-0.1,6.79,10.2,10.24,10.03,9.8,4.86,2.34,-0.47,-1.31,-3.18,-3.27,-7.29,-7.76,-9.16,-8.88
2020-12-02,601519,10.71,10.94,11.22,10.62,1087982,1186772064.0,5.61,2.24,0.24,5.47,-1.79,-2.07,-2.07,1.98,-0.75,-1.04,-4.8,-4.43,2.17,1.98,10.39,10.31,10.12,9.84,0.09,-2.65,-3.47,-5.3,-5.39,-9.32,-9.78,-11.15,-10.88,-11.33
2020-12-03,601519,10.7,10.79,10.95,10.62,615052,663702720.0,3.02,-1.37,-0.15,3.09,-2.07,-2.07,1.98,-0.75,-1.04,-4.8,-4.43,2.17,1.98,5.65,10.56,10.36,10.19,9.87,-1.3,-2.13,-3.99,-4.08,-8.06,-8.53,-9.92,-9.64,-10.1,-9.55
2020-12-04,601519,10.62,10.46,10.65,10.36,423644,443727136.0,2.69,-3.06,-0.33,2.13,0.39,4.54,1.74,1.45,-2.41,-2.03,4.73,4.54,8.3,5.69,10.63,10.38,10.24,9.9,0.96,-0.96,-1.05,-5.16,-5.64,-7.07,-6.79,-7.27,-6.69,-6.79
2020-12-07,601519,10.52,10.2,10.56,10.2,306488,317104160.0,3.44,-2.49,-0.26,1.54,6.18,3.33,3.04,-0.88,-0.49,6.37,6.18,10.0,7.35,4.41,10.62,10.36,10.23,9.93,1.57,1.47,-2.75,-3.24,-4.71,-4.41,-4.9,-4.31,-4.41,-4.22
2020-12-08,601519,10.19,10.18,10.36,10.15,255731,262069460.0,2.06,-0.2,-0.02,1.29,3.84,3.55,-0.39,0.0,6.9,6.7,10.54,7.88,4.93,4.04,10.51,10.35,10.23,9.96,1.67,-2.55,-3.05,-4.52,-4.22,-4.72,-4.13,-4.22,-4.03,-5.01
2020-12-09,601519,10.21,9.92,10.35,9.87,421757,426779344.0,4.72,-2.55,-0.26,2.12,6.48,2.43,2.84,9.93,9.73,13.68,10.94,7.9,6.99,4.96,10.31,10.35,10.24,9.98,0.0,-0.5,-2.02,-1.71,-2.22,-1.61,-1.71,-1.51,-2.52,-5.04
2020-12-10,601519,9.85,9.82,9.92,9.71,296412,290997056.0,2.12,-1.01,-0.1,1.49,4.12,4.53,11.74,11.53,15.55,12.77,9.68,8.75,6.69,6.59,10.12,10.34,10.23,10.0,0.51,-1.02,-0.71,-1.22,-0.61,-0.71,-0.51,-1.53,-4.07,-3.77
2020-12-11,601519,9.87,9.66,9.87,9.54,293625,283536864.0,3.36,-1.63,-0.16,1.48,6.39,13.73,13.52,17.61,14.78,11.64,10.69,8.6,8.49,3.98,9.96,10.29,10.22,10.03,0.62,0.93,0.41,1.04,0.93,1.14,0.1,-2.48,-2.17,-2.48
2020-12-14,601519,9.65,9.69,9.72,9.56,192495,185802100.0,1.66,0.31,0.03,0.97,13.49,13.28,17.36,14.54,11.4,10.46,8.37,8.26,3.77,3.24,9.85,10.24,10.2,10.05,0.62,0.1,0.72,0.62,0.83,-0.21,-2.79,-2.48,-2.79,-1.14
2020-12-15,601519,9.62,9.65,9.75,9.57,161982,156428784.0,1.86,-0.41,-0.04,0.81,13.17,17.24,14.42,11.29,10.34,8.25,8.15,3.66,3.13,1.57,9.75,10.13,10.19,10.06,0.52,1.14,1.04,1.24,0.21,-2.38,-2.07,-2.38,-0.73,0.73
2020-12-16,601519,9.65,9.4,9.7,9.35,249816,236638319.0,3.63,-2.59,-0.25,1.26,20.0,17.11,13.9,12.94,10.8,10.7,6.1,5.56,3.96,4.28,9.64,9.98,10.15,10.07,3.83,3.72,3.94,2.87,0.21,0.53,0.21,1.91,3.4,4.04
2020-12-17,601519,9.36,9.72,9.76,9.26,369771,354448288.0,5.32,3.4,0.32,1.86,18.25,15.01,14.04,11.88,11.77,7.13,6.59,4.97,5.29,4.75,9.62,9.87,10.12,10.08,0.31,0.51,-0.51,-3.09,-2.78,-3.09,-1.44,0.0,0.62,9.77
2020-12-18,601519,9.67,9.56,9.75,9.51,216722,208578782.0,2.47,-1.65,-0.16,1.09,11.99,11.04,8.94,8.83,4.31,3.79,2.21,2.52,2.0,2.63,9.6,9.78,10.08,10.08,2.2,1.15,-1.46,-1.15,-1.46,0.21,1.67,2.3,11.61,12.03
2020-12-21,601519,9.51,9.7,9.77,9.42,229731,221707144.0,3.66,1.46,0.14,1.16,12.1,9.98,9.87,5.31,4.78,3.18,3.5,2.97,3.61,3.5,9.61,9.73,10.05,10.06,-0.31,-2.89,-2.58,-2.89,-1.24,0.21,0.82,10.0,10.41,12.16
2020-12-22,601519,9.62,9.25,9.67,9.22,295072,278852480.0,4.64,-4.64,-0.45,1.48,12.36,12.26,7.59,7.05,5.42,5.75,5.21,5.86,5.75,5.97,9.53,9.64,10.0,10.03,1.84,2.16,1.84,3.57,5.08,5.73,15.35,15.78,17.62,17.3
2020-12-23,601519,9.29,9.35,9.42,9.25,217163,202611068.0,1.84,1.08,0.1,1.09,11.89,7.24,6.7,5.08,5.41,4.86,5.51,5.41,5.62,4.54,9.52,9.58,9.96,10.02,1.07,0.75,2.46,3.96,4.6,14.12,14.55,16.36,16.04,11.98
2020-12-24,601519,9.36,9.15,9.45,9.11,228275,211202404.0,3.64,-2.14,-0.2,1.15,8.89,8.34,6.7,7.03,6.48,7.14,7.03,7.24,6.15,3.4,9.4,9.51,9.93,9.99,2.95,4.7,6.23,6.89,16.61,17.05,18.91,18.58,14.43,12.24
2020-12-25,601519,9.12,9.36,9.42,9.04,223796,207490773.0,4.15,2.3,0.21,1.13,9.18,7.52,7.85,7.3,7.96,7.85,8.08,6.97,4.2,4.54,9.36,9.48,9.89,9.98,2.35,3.85,4.49,14.0,14.42,16.24,15.92,11.86,9.72,8.87
2020-12-28,601519,9.3,9.36,9.58,9.25,213097,200410505.0,3.53,0.0,0.0,1.07,5.08,5.41,4.86,5.51,5.41,5.62,4.54,1.84,2.16,1.84,9.29,9.45,9.84,9.95,3.85,4.49,14.0,14.42,16.24,15.92,11.86,9.72,8.87,12.5
2020-12-29,601519,9.41,9.49,9.72,9.41,313310,299787344.0,3.31,1.39,0.13,1.58,3.61,3.08,3.72,3.61,3.83,2.76,0.11,0.43,0.11,1.81,9.34,9.43,9.78,9.94,3.06,12.43,12.86,14.65,14.33,10.33,8.22,7.38,10.96,11.49
2020-12-30,601519,9.43,9.7,9.78,9.37,333323,320910128.0,4.32,2.21,0.21,1.68,3.52,4.16,4.06,4.27,3.2,0.53,0.85,0.53,2.24,3.74,9.41,9.46,9.72,9.92,10.0,10.41,12.16,11.86,7.94,5.88,5.05,8.56,9.07,4.43
2020-12-31,601519,9.75,10.38,10.67,9.74,1071236,1122914928.0,9.59,7.01,0.68,5.39,0.21,0.1,0.31,-0.72,-3.29,-2.98,-3.29,-1.64,-0.21,0.41,9.66,9.53,9.7,9.92,3.18,4.82,4.53,0.87,-1.06,-1.83,1.45,1.93,-2.41,-4.24
2021-01-04,601519,10.38,10.52,10.71,10.11,1052680,1101653024.0,5.78,1.35,0.14,5.3,-3.56,-3.36,-4.35,-6.82,-6.53,-6.82,-5.24,-3.86,-3.26,5.54,9.89,9.63,9.7,9.93,3.42,3.14,-0.48,-2.38,-3.14,0.1,0.57,-3.71,-5.51,0.76
2021-01-05,601519,10.43,10.49,10.88,10.33,713416,753466384.0,5.23,-0.29,-0.03,3.59,-5.42,-6.39,-8.81,-8.52,-8.81,-7.26,-5.91,-5.32,3.29,3.68,10.12,9.7,9.72,9.93,3.43,-0.19,-2.1,-2.86,0.38,0.86,-3.43,-5.24,1.05,-1.81
2021-01-06,601519,10.55,10.38,10.85,10.3,518344,544451696.0,5.24,-1.05,-0.11,2.61,-6.12,-8.54,-8.25,-8.54,-6.99,-5.63,-5.05,3.59,3.98,5.63,10.29,9.82,9.73,9.94,0.87,-1.06,-1.83,1.45,1.93,-2.41,-4.24,2.12,-0.77,-1.73
2021-01-07,601519,10.4,10.31,10.47,9.99,589054,602813536.0,4.62,-0.67,-0.07,2.96,-5.71,-5.41,-5.71,-4.1,-2.7,-2.1,6.81,7.21,8.91,8.61,10.42,9.91,9.75,9.95,-0.39,-1.16,2.13,2.62,-1.75,-3.59,2.81,-0.1,-1.07,1.26
2021-01-08,601519,10.24,10.07,10.27,10.0,413093,417680272.0,2.62,-2.33,-0.24,2.08,-5.5,-5.8,-4.2,-2.8,-2.2,6.7,7.1,8.8,8.5,4.7,10.35,10.01,9.76,9.95,1.19,4.57,5.06,0.6,-1.29,5.26,2.28,1.29,3.67,1.79
2021-01-11,601519,9.99,9.57,10.19,9.56,474390,467919056.0,6.26,-4.97,-0.5,2.39,-1.46,0.21,1.67,2.3,11.61,12.03,13.81,13.49,9.52,7.43,10.16,10.03,9.76,9.93,10.03,10.55,5.85,3.87,10.76,7.63,6.58,9.09,7.11,2.93
2021-01-12,601519,9.56,10.36,10.53,9.53,733193,741095696.0,10.45,8.25,0.79,3.69,0.52,1.99,2.62,11.96,12.38,14.17,13.85,9.86,7.76,6.93,10.14,10.13,9.79,9.94,2.12,-2.22,-4.05,2.32,-0.58,-1.54,0.77,-1.06,-4.92,-7.43
2021-01-13,601519,10.16,10.12,10.58,10.04,562716,577427264.0,5.21,-2.32,-0.24,2.83,-3.19,-2.59,6.27,6.67,8.37,8.07,4.28,2.29,1.49,4.88,10.09,10.19,9.81,9.92,0.1,-1.78,4.74,1.78,0.79,3.16,1.28,-2.67,-5.24,-5.34
2021-01-14,601519,10.01,9.75,10.13,9.69,441280,435771760.0,4.35,-3.66,-0.37,2.22,0.93,10.11,10.53,12.28,11.97,8.05,5.99,5.16,8.67,9.18,9.97,10.19,9.83,9.88,1.95,8.72,5.64,4.62,7.08,5.13,1.03,-1.64,-1.74,-1.85
2021-01-15,601519,9.78,9.64,9.94,9.5,381280,370339120.0,4.51,-1.13,-0.11,1.92,12.32,12.74,14.53,14.21,10.21,8.11,7.26,10.84,11.37,6.63,9.89,10.12,9.83,9.84,9.96,6.85,5.81,8.3,6.33,2.18,-0.52,-0.62,-0.73,-1.04
2021-01-18,601519,9.58,10.07,10.6,9.51,521958,525386848.0,11.31,4.46,0.43,2.63,12.62,14.41,14.09,10.09,7.99,7.15,10.73,11.25,6.52,4.52,9.99,10.08,9.85,9.83,2.28,1.29,3.67,1.79,-2.18,-4.77,-4.87,-4.97,-5.26,-3.97
2021-01-19,601519,9.99,9.92,10.3,9.9,452989,456207248.0,3.97,-1.49,-0.15,2.28,9.9,9.6,5.76,3.74,2.93,6.36,6.87,2.32,0.4,7.07,9.9,10.02,9.86,9.82,2.82,5.24,3.33,-0.71,-3.33,-3.43,-3.53,-3.83,-2.52,-3.23
2021-01-20,601519,10.0,9.92,10.2,9.91,346763,348184288.0,2.92,0.0,0.0,1.74,9.49,5.65,3.63,2.83,6.26,6.76,2.22,0.3,6.96,3.94,9.86,9.97,9.9,9.81,5.24,3.33,-0.71,-3.33,-3.43,-3.53,-3.83,-2.52,-3.23,-4.13
2021-01-21,601519,9.93,10.21,10.44,9.8,676544,687384992.0,6.45,2.92,0.29,3.4,6.84,4.8,3.98,7.45,7.96,3.37,1.43,8.16,5.1,4.08,9.95,9.96,9.94,9.82,0.39,-3.53,-6.07,-6.17,-6.27,-6.56,-5.29,-5.97,-6.86,-9.01
2021-01-22,601519,10.17,9.78,10.25,9.71,564955,558184400.0,5.29,-4.21,-0.43,2.84,5.77,4.94,8.44,8.96,4.33,2.37,9.17,6.08,5.05,7.52,9.98,9.93,9.97,9.82,0.72,-1.94,-2.04,-2.15,-2.45,-1.12,-1.84,-2.76,-5.01,-15.75
2021-01-25,601519,9.7,9.59,9.85,9.54,372859,359526688.0,3.17,-1.94,-0.19,1.88,6.81,10.38,10.9,6.18,4.19,11.11,7.97,6.92,9.43,7.44,9.88,9.94,9.98,9.82,0.0,-0.1,-0.21,-0.52,0.83,0.1,-0.83,-3.13,-14.08,-14.29
2021-01-26,601519,9.52,9.3,9.59,9.17,344486,321360800.0,4.38,-3.02,-0.29,1.73,14.83,15.38,10.47,8.4,15.59,12.32,11.23,13.85,11.78,7.42,9.76,9.83,9.98,9.8,3.01,2.9,2.58,3.98,3.23,2.26,-0.11,-11.4,-11.61,-10.22
2021-01-27,601519,9.26,9.39,9.58,9.26,231159,217791749.0,3.44,0.97,0.09,1.16,14.25,9.4,7.34,14.47,11.23,10.15,12.74,10.69,6.37,3.56,9.65,9.76,9.97,9.79,1.92,1.6,2.98,2.24,1.28,-1.06,-12.25,-12.46,-11.08,-11.61
2021-01-28,601519,9.22,9.4,9.57,9.21,209896,198225185.0,3.83,0.11,0.01,1.06,9.99,7.93,15.09,11.83,10.75,13.36,11.29,6.95,4.13,4.02,9.49,9.72,9.96,9.79,1.49,2.87,2.13,1.17,-1.17,-12.34,-12.55,-11.17,-11.7,-7.98
2021-01-29,601519,9.5,9.34,9.54,9.2,203827,190716666.0,3.62,-0.64,-0.06,1.03,8.04,15.22,11.96,10.87,13.48,11.41,7.07,4.24,4.13,4.02,9.4,9.69,9.91,9.78,3.53,2.78,1.82,-0.54,-11.78,-11.99,-10.6,-11.13,-7.39,-6.85
2021-02-01,601519,9.3,9.6,9.67,9.3,306155,292386448.0,3.96,2.78,0.26,1.54,13.98,10.75,9.68,12.26,10.22,5.91,3.12,3.01,2.9,2.58,9.41,9.64,9.86,9.78,0.0,-0.94,-3.23,-14.17,-14.37,-13.02,-13.54,-9.9,-9.38,-6.98
2021-02-02,601519,9.54,9.5,9.6,9.26,278477,262867465.0,3.54,-1.04,-0.1,1.4,11.23,10.15,12.74,10.69,6.37,3.56,3.46,3.35,3.02,4.43,9.45,9.6,9.81,9.78,0.11,-2.21,-13.26,-13.47,-12.11,-12.63,-8.95,-8.42,-6.0,-9.05
2021-02-03,601519,9.5,9.3,9.51,9.28,174311,163021556.0,2.42,-2.11,-0.2,0.88,9.91,12.5,10.45,6.14,3.34,3.23,3.12,2.8,4.2,3.45,9.43,9.54,9.76,9.78,-0.11,-11.4,-11.61,-10.22,-10.75,-6.99,-6.45,-3.98,-7.1,-6.99
2021-02-04,601519,9.22,8.37,9.29,8.37,601984,513800400.0,9.89,-10.0,-0.93,3.03,24.73,22.46,17.68,14.58,14.46,14.34,13.98,15.53,14.7,13.62,9.22,9.36,9.66,9.74,-1.55,-1.79,-0.24,-0.84,3.35,3.94,6.69,3.23,3.35,2.51
2021-02-05,601519,8.15,7.92,8.24,7.6,387527,308024432.0,7.65,-5.38,-0.45,1.95,34.87,29.61,26.18,26.05,25.92,25.53,27.24,26.32,25.13,22.24,8.94,9.17,9.55,9.7,3.79,5.43,4.8,9.22,9.85,12.75,9.09,9.22,8.33,5.43
2021-02-08,601519,7.88,8.06,8.22,7.67,261131,207617272.0,6.94,1.77,0.14,1.31,28.42,25.03,24.9,24.77,24.38,26.08,25.16,23.99,21.12,7.43,8.63,9.02,9.48,9.66,3.6,2.98,7.32,7.94,10.79,7.2,7.32,6.45,3.6,4.22
2021-02-09,601519,8.08,8.22,8.35,7.99,215604,176445163.0,4.47,1.99,0.16,1.08,20.03,19.9,19.77,19.4,21.03,20.15,19.02,16.27,3.13,2.88,8.37,8.91,9.37,9.62,0.97,5.23,5.84,8.64,5.11,5.23,4.38,1.58,2.19,2.31
2021-02-10,601519,8.25,8.28,8.3,8.15,187775,154549440.0,1.82,0.73,0.06,0.94,17.55,17.42,17.06,18.65,17.79,16.69,13.99,1.1,0.86,2.45,8.17,8.8,9.28,9.58,4.47,5.07,7.85,4.35,4.47,3.62,0.85,1.45,1.57,0.24
2021-02-18,601519,8.5,8.44,8.65,8.41,242734,206475439.0,2.9,1.93,0.16,1.22,13.79,13.44,14.98,14.15,13.08,10.46,-2.02,-2.26,-0.71,-1.31,8.18,8.7,9.21,9.54,3.08,5.81,2.37,2.49,1.66,-1.07,-0.47,-0.36,-1.66,-2.25
2021-02-19,601519,8.42,8.7,8.7,8.35,222440,190339597.0,4.15,3.08,0.26,1.12,14.25,15.81,14.97,13.89,11.26,-1.32,-1.56,0.0,-0.6,3.59,8.34,8.64,9.17,9.48,2.64,-0.69,-0.57,-1.38,-4.02,-3.45,-3.33,-4.6,-5.17,-4.25
2021-02-22,601519,8.72,8.6,8.93,8.59,306862,268480160.0,3.91,-1.15,-0.1,1.54,12.57,11.76,10.71,8.15,-4.07,-4.31,-2.79,-3.38,0.7,1.28,8.45,8.54,9.09,9.42,0.47,0.58,-0.23,-2.91,-2.33,-2.21,-3.49,-4.07,-3.14,-2.56
2021-02-23,601519,8.51,8.44,8.64,8.4,208027,177427579.0,2.79,-1.86,-0.16,1.05,14.29,13.21,10.6,-1.9,-2.14,-0.6,-1.19,2.98,3.57,6.31,8.49,8.43,9.02,9.35,2.49,1.66,-1.07,-0.47,-0.36,-1.66,-2.25,-1.3,-0.71,-3.44
2021-02-24,601519,8.41,8.46,8.65,8.38,204256,173655656.0,3.2,0.24,0.02,1.03,13.48,10.86,-1.67,-1.91,-0.36,-0.95,3.22,3.82,6.56,3.1,8.53,8.35,8.95,9.29,1.42,-1.3,-0.71,-0.59,-1.89,-2.48,-1.54,-0.95,-3.66,-4.96
2021-02-25,601519,8.52,8.41,8.58,8.38,190798,161799701.0,2.36,-0.59,-0.05,0.96,10.86,-1.67,-1.91,-0.36,-0.95,3.22,3.82,6.56,3.1,3.22,8.52,8.35,8.86,9.22,-0.71,-0.12,0.0,-1.31,-1.9,-0.95,-0.36,-3.09,-4.4,-4.4
2021-02-26,601519,8.29,8.24,8.35,8.15,185416,152957249.0,2.38,-2.02,-0.17,0.93,1.1,0.86,2.45,1.84,6.13,6.75,9.57,6.01,6.13,5.28,8.43,8.38,8.78,9.16,1.94,2.06,0.73,0.12,1.09,1.7,-1.09,-2.43,-2.43,-0.49
2021-03-01,601519,8.26,8.35,8.4,8.26,122652,102189830.0,1.7,1.33,0.11,0.62,-0.48,1.09,0.48,4.72,5.33,8.11,4.6,4.72,3.87,1.09,8.38,8.41,8.72,9.12,0.72,-0.6,-1.2,-0.24,0.36,-2.4,-3.71,-3.71,-1.8,-3.71
2021-03-02,601519,8.35,8.17,8.41,8.09,189347,155702607.0,3.83,-2.16,-0.18,0.95,3.21,2.6,6.92,7.54,10.38,6.8,6.92,6.06,3.21,3.83,8.33,8.41,8.66,9.05,1.59,0.98,1.96,2.57,-0.24,-1.59,-1.59,0.37,-1.59,-2.2
2021-03-03,601519,8.18,8.26,8.3,8.13,146266,120410487.0,2.08,1.1,0.09,0.74,2.09,6.4,7.01,9.84,6.27,6.4,5.54,2.71,3.32,3.44,8.29,8.41,8.6,8.99,-0.12,0.85,1.45,-1.33,-2.66,-2.66,-0.73,-2.66,-3.27,-1.57
2021-03-04,601519,8.25,8.1,8.25,8.06,184249,149559795.0,2.3,-1.94,-0.16,0.93,7.32,7.94,10.79,7.2,7.32,6.45,3.6,4.22,4.34,2.98,8.22,8.37,8.54,8.93,2.84,3.46,0.62,-0.74,-0.74,1.23,-0.74,-1.36,0.37,2.22
2021-03-05,601519,8.08,8.27,8.33,8.03,199405,164285314.0,3.7,2.1,0.17,1.0,8.34,11.21,7.6,7.72,6.85,3.99,4.61,4.73,3.36,2.74,8.23,8.33,8.48,8.89,1.33,-1.45,-2.78,-2.78,-0.85,-2.78,-3.39,-1.69,0.12,-1.45
2021-03-08,601519,8.3,8.13,8.38,8.12,159468,131674813.0,3.14,-1.69,-0.14,0.8,9.98,6.4,6.53,5.67,2.83,3.45,3.57,2.22,1.6,2.59,8.19,8.28,8.41,8.82,0.25,-1.11,-1.11,0.86,-1.11,-1.72,0.0,1.85,0.25,1.48
2021-03-09,601519,8.14,7.94,8.15,7.6,228905,181013995.0,6.77,-2.34,-0.19,1.15,13.68,13.82,12.89,9.87,10.53,10.66,9.21,8.55,9.61,10.26,8.14,8.23,8.33,8.76,1.26,1.26,3.27,1.26,0.63,2.39,4.28,2.64,3.9,4.28
2021-03-10,601519,8.0,7.87,8.04,7.76,124016,97770484.0,3.53,-0.88,-0.07,0.62,11.47,10.57,7.6,8.25,8.38,6.96,6.31,7.35,7.99,5.03,8.06,8.17,8.26,8.69,2.16,4.19,2.16,1.52,3.3,5.21,3.56,4.83,5.21,10.04
2021-03-11,601519,7.9,8.02,8.04,7.82,131187,104538666.0,2.8,1.91,0.15,0.66,9.72,6.78,7.42,7.54,6.14,5.5,6.52,7.16,4.22,2.81,8.05,8.13,8.24,8.61,2.24,0.25,-0.37,1.37,3.24,1.62,2.87,3.24,7.98,5.36
2021-03-12,601519,8.01,8.12,8.2,7.81,201867,161349759.0,4.86,1.25,0.1,1.02,6.91,7.55,7.68,6.27,5.63,6.66,7.3,4.35,2.94,2.94,8.02,8.12,8.25,8.56,-0.99,-1.6,0.12,1.97,0.37,1.6,1.97,6.65,4.06,2.22
2021-03-15,601519,8.01,7.93,8.04,7.87,118222,93821481.0,2.09,-2.34,-0.19,0.59,6.73,6.86,5.46,4.83,5.84,6.48,3.56,2.16,2.16,4.19,7.98,8.08,8.25,8.5,0.76,2.52,4.41,2.77,4.04,4.41,9.21,6.56,4.67,4.29
2021-03-16,601519,7.93,7.97,7.99,7.88,83979,66695639.0,1.39,0.5,0.04,0.42,6.73,5.33,4.7,5.71,6.35,3.43,2.03,2.03,4.06,2.03,7.98,8.06,8.24,8.46,2.01,3.89,2.26,3.51,3.89,8.66,6.02,4.14,3.76,2.38
2021-03-17,601519,7.97,8.09,8.13,7.89,132232,106555664.0,3.01,1.51,0.12,0.67,5.2,4.56,5.58,6.21,3.3,1.9,1.9,3.93,1.9,1.27,8.03,8.04,8.23,8.42,2.35,0.74,1.98,2.35,7.05,4.45,2.6,2.22,0.87,-0.25
2021-03-18,601519,8.09,8.17,8.28,8.05,174569,142751077.0,2.84,0.99,0.08,0.88,2.48,3.48,4.1,1.24,-0.12,-0.12,1.86,-0.12,-0.75,0.99,8.06,8.05,8.21,8.38,-0.24,0.98,1.35,6.0,3.43,1.59,1.22,-0.12,-1.22,-0.98
2021-03-19,601519,8.1,8.06,8.15,7.99,114027,92021499.0,1.96,-1.35,-0.11,0.57,4.26,4.88,2.0,0.63,0.63,2.63,0.63,0.0,1.75,3.63,8.04,8.03,8.18,8.33,2.36,2.73,7.44,4.84,2.98,2.61,1.24,0.12,0.37,5.83
2021-03-22,601519,8.08,8.18,8.25,8.04,122041,99495398.0,2.61,1.49,0.12,0.61,4.23,1.37,0.0,0.0,1.99,0.0,-0.62,1.12,2.99,1.37,8.09,8.04,8.16,8.29,1.22,5.87,3.3,1.47,1.1,-0.24,-1.34,-1.1,4.28,1.34
2021-03-23,601519,8.21,8.2,8.28,8.07,163086,133134343.0,2.57,0.24,0.02,0.82,0.99,-0.37,-0.37,1.61,-0.37,-0.99,0.74,2.6,0.99,2.23,8.14,8.06,8.15,8.24,5.61,3.05,1.22,0.85,-0.49,-1.59,-1.34,4.02,1.1,1.71
2021-03-24,601519,8.14,8.34,8.66,8.11,305308,256256210.0,6.71,1.71,0.14,1.54,-0.86,-0.86,1.11,-0.86,-1.48,0.25,2.1,0.49,1.73,2.1,8.19,8.11,8.14,8.21,1.32,-0.48,-0.84,-2.16,-3.24,-3.0,2.28,-0.6,0.0,0.96
2021-03-25,601519,8.15,8.19,8.45,8.13,160769,133076109.0,3.84,-1.8,-0.15,0.81,-1.11,0.86,-1.11,-1.72,0.0,1.85,0.25,1.48,1.85,6.52,8.19,8.12,8.13,8.2,1.34,0.98,-0.37,-1.47,-1.22,4.15,1.22,1.83,2.81,1.1
2021-03-26,601519,8.23,8.24,8.3,8.18,109309,90139164.0,1.47,0.61,0.05,0.55,0.24,-1.71,-2.32,-0.61,1.22,-0.37,0.86,1.22,5.87,3.3,8.23,8.14,8.13,8.21,0.36,-0.97,-2.06,-1.82,3.52,0.61,1.21,2.18,0.49,-1.21
2021-03-29,601519,8.2,8.11,8.27,8.1,117357,95776453.0,2.06,-1.58,-0.13,0.59,-0.74,-1.36,0.37,2.22,0.62,1.85,2.22,6.91,4.32,2.47,8.22,8.15,8.12,8.22,0.62,-0.49,-0.25,5.18,2.22,2.84,3.82,2.1,0.37,-0.86
2021-03-30,601519,8.09,8.07,8.16,8.05,98887,80006054.0,1.36,-0.49,-0.04,0.5,-0.75,0.99,2.86,1.24,2.48,2.86,7.58,4.97,3.11,2.73,8.19,8.16,8.11,8.21,0.0,0.25,5.7,2.73,3.35,4.34,2.6,0.87,-0.37,0.25
2021-03-31,601519,8.05,7.98,8.07,7.93,109333,87209690.0,1.73,-1.12,-0.09,0.55,2.52,4.41,2.77,4.04,4.41,9.21,6.56,4.67,4.29,2.9,8.12,8.15,8.1,8.2,1.38,6.89,3.88,4.51,5.51,3.76,2.01,0.75,1.38,0.88
2021-04-01,601519,8.0,8.05,8.09,7.97,77565,62314680.0,1.5,0.88,0.07,0.39,3.89,2.26,3.51,3.89,8.66,6.02,4.14,3.76,2.38,1.25,8.09,8.14,8.1,8.19,5.96,2.98,3.6,4.6,2.86,1.12,-0.12,0.5,0.0,0.87
2021-04-02,601519,8.33,8.2,8.53,8.16,212435,176795614.0,4.6,1.86,0.15,1.07,-0.12,1.1,1.47,6.13,3.55,1.72,1.35,0.0,-1.1,-0.86,8.08,8.16,8.09,8.17,1.1,1.71,2.68,0.98,-0.73,-1.95,-1.34,-1.83,-0.98,1.1
2021-04-06,601519,8.11,8.24,8.29,8.11,121754,99857159.0,2.2,0.49,0.04,0.61,1.73,2.1,6.78,4.19,2.34,1.97,0.62,-0.49,-0.25,5.18,8.11,8.16,8.1,8.16,1.21,2.18,0.49,-1.21,-2.43,-1.82,-2.31,-1.46,0.61,1.33
2021-04-07,601519,8.17,8.25,8.34,8.14,112756,92774599.0,2.43,0.12,0.01,0.57,1.72,6.39,3.81,1.97,1.6,0.25,-0.86,-0.61,4.79,1.84,8.14,8.17,8.11,8.15,2.06,0.36,-1.33,-2.55,-1.94,-2.42,-1.58,0.48,1.21,0.36
2021-04-08,601519,8.24,8.29,8.42,8.17,192085,159683603.0,3.03,0.48,0.04,0.97,6.0,3.43,1.59,1.22,-0.12,-1.22,-0.98,4.41,1.47,2.08,8.21,8.16,8.14,8.15,-0.12,-1.81,-3.02,-2.41,-2.9,-2.05,0.0,0.72,-0.12,0.12
2021-04-09,601519,8.25,8.16,8.28,8.15,109757,89824030.0,1.57,-1.57,-0.13,0.55,3.68,1.84,1.47,0.12,-0.98,-0.74,4.66,1.72,2.33,3.31,8.23,8.16,8.14,8.14,-0.25,-1.47,-0.86,-1.35,-0.49,1.59,2.33,1.47,1.72,1.47
2021-04-12,601519,8.14,8.0,8.14,7.95,134115,107873888.0,2.33,-1.96,-0.16,0.67,4.4,4.03,2.64,1.51,1.76,7.3,4.28,4.91,5.91,4.15,8.19,8.13,8.14,8.13,0.5,1.12,0.63,1.5,3.62,4.37,3.5,3.75,3.5,3.5
2021-04-13,601519,7.99,7.98,8.04,7.92,83809,66826094.0,1.5,-0.25,-0.02,0.42,4.42,3.03,1.89,2.15,7.7,4.67,5.3,6.31,4.55,2.78,8.14,8.12,8.14,8.12,1.38,0.88,1.75,3.88,4.64,3.76,4.01,3.76,3.76,0.88
2021-04-14,601519,8.0,8.09,8.09,7.98,75410,60744017.0,1.38,1.38,0.11,0.38,2.26,1.13,1.38,6.89,3.88,4.51,5.51,3.76,2.01,0.75,8.1,8.12,8.14,8.12,-0.49,0.37,2.47,3.21,2.35,2.6,2.35,2.35,-0.49,-1.24
2021-04-15,601519,8.03,8.02,8.05,7.98,70861,56720945.0,0.87,-0.87,-0.07,0.36,1.13,1.38,6.89,3.88,4.51,5.51,3.76,2.01,0.75,1.38,8.05,8.13,8.14,8.11,1.25,3.37,4.11,3.24,3.49,3.24,3.24,0.37,-0.37,1.62
2021-04-16,601519,8.01,8.08,8.12,8.0,92207,74420704.0,1.5,0.75,0.06,0.46,1.12,6.62,3.62,4.25,5.25,3.5,1.75,0.5,1.12,0.63,8.03,8.13,8.14,8.11,2.6,3.34,2.48,2.72,2.48,2.48,-0.37,-1.11,0.87,-0.62
2021-04-19,601519,8.07,8.28,8.29,8.03,194915,160269416.0,3.22,2.48,0.2,0.98,6.23,3.24,3.86,4.86,3.11,1.37,0.12,0.75,0.25,1.12,8.09,8.14,8.15,8.11,0.85,0.0,0.24,0.0,0.0,-2.78,-3.5,-1.57,-3.02,-4.11
2021-04-20,601519,8.27,8.23,8.35,8.2,137557,113702947.0,1.81,-0.6,-0.05,0.69,1.1,1.71,2.68,0.98,-0.73,-1.95,-1.34,-1.83,-0.98,1.1,8.14,8.14,8.15,8.11,0.61,0.85,0.61,0.61,-2.19,-2.92,-0.97,-2.43,-3.52,-5.1
2021-04-21,601519,8.19,8.21,8.28,8.16,84554,69557919.0,1.46,-0.24,-0.02,0.43,2.21,3.19,1.47,-0.25,-1.47,-0.86,-1.35,-0.49,1.59,2.33,8.16,8.13,8.15,8.12,1.1,0.85,0.85,-1.95,-2.68,-0.73,-2.19,-3.29,-4.87,-6.21
2021-04-22,601519,8.28,8.2,8.3,8.18,111312,91702230.0,1.46,-0.12,-0.01,0.56,2.93,1.22,-0.49,-1.71,-1.1,-1.59,-0.73,1.34,2.08,1.22,8.2,8.12,8.14,8.13,0.98,0.98,-1.83,-2.56,-0.61,-2.07,-3.17,-4.76,-6.1,-3.66
2021-04-23,601519,8.16,8.19,8.28,8.13,110583,90636080.0,1.83,-0.12,-0.01,0.56,1.85,0.12,-1.11,-0.49,-0.98,-0.12,1.97,2.71,1.85,2.09,8.22,8.13,8.14,8.14,1.1,-1.71,-2.44,-0.49,-1.95,-3.05,-4.64,-5.98,-3.54,-3.91
2021-04-26,601519,8.18,8.02,8.28,8.01,149813,121955207.0,3.3,-2.08,-0.17,0.75,1.62,0.37,1.0,0.5,1.37,3.5,4.24,3.37,3.62,3.37,8.17,8.13,8.13,8.13,0.37,-0.37,1.62,0.12,-1.0,-2.62,-3.99,-1.5,-1.87,-1.87
2021-04-27,601519,8.0,7.95,8.05,7.81,145956,115660039.0,2.99,-0.87,-0.07,0.73,2.94,3.59,3.07,3.97,6.15,6.91,6.02,6.27,6.02,6.02,8.11,8.13,8.12,8.13,0.5,2.52,1.01,-0.13,-1.76,-3.14,-0.63,-1.01,-1.01,7.67
2021-04-28,601519,7.98,7.93,7.99,7.89,75293,59731272.0,1.26,-0.25,-0.02,0.38,2.53,2.03,2.92,5.07,5.83,4.94,5.2,4.94,4.94,2.03,8.06,8.11,8.12,8.13,2.77,1.26,0.13,-1.51,-2.9,-0.38,-0.76,-0.76,7.94,7.44
2021-04-29,601519,7.9,8.05,8.15,7.85,161033,129229764.0,3.78,1.51,0.12,0.81,2.55,3.44,5.61,6.37,5.48,5.73,5.48,5.48,2.55,1.78,8.03,8.11,8.12,8.13,-0.25,-1.37,-2.98,-4.35,-1.86,-2.24,-2.24,6.34,5.84,8.45
2021-04-30,601519,7.97,7.89,8.03,7.86,125690,99359030.0,2.11,-1.99,-0.16,0.63,3.31,5.47,6.23,5.34,5.6,5.34,5.34,2.42,1.65,3.69,7.97,8.09,8.11,8.12,0.63,-1.01,-2.41,0.13,-0.25,-0.25,8.49,7.98,10.65,9.25
2021-05-06,601519,7.89,7.79,7.94,7.79,106243,83385766.0,1.9,-1.27,-0.1,0.53,6.42,7.19,6.29,6.55,6.29,6.29,3.34,2.57,4.62,3.08,7.92,8.05,8.09,8.11,0.26,-1.16,1.41,1.03,1.03,9.88,9.37,12.07,10.65,13.61
2021-05-07,601519,7.75,7.69,7.81,7.68,110853,85657991.0,1.67,-1.28,-0.1,0.56,8.72,7.81,8.07,7.81,7.81,4.82,4.04,6.12,4.56,3.39,7.87,7.99,8.07,8.1,0.13,2.73,2.34,2.34,11.31,10.79,13.52,12.09,15.08,11.31
2021-05-10,601519,7.69,7.67,7.7,7.62,95811,73197815.0,1.04,-0.26,-0.02,0.48,8.66,8.92,8.66,8.66,5.64,4.86,6.96,5.38,4.2,2.49,7.82,7.94,8.04,8.08,3.0,2.61,2.61,11.6,11.08,13.82,12.39,15.38,11.6,15.38
2021-05-11,601519,7.72,7.85,7.9,7.68,129874,101590957.0,2.87,2.35,0.18,0.65,8.07,7.81,7.81,4.82,4.04,6.12,4.56,3.39,1.69,0.26,7.78,7.9,8.01,8.06,0.25,0.25,9.04,8.54,11.21,9.81,12.74,9.04,12.74,19.49
2021-05-12,601519,7.79,7.85,7.87,7.79,81426,63679724.0,1.02,0.0,0.0,0.41,6.29,6.29,3.34,2.57,4.62,3.08,1.93,0.26,-1.16,1.41,7.77,7.87,8.0,8.05,0.25,9.04,8.54,11.21,9.81,12.74,9.04,12.74,19.49,18.47
2021-05-13,601519,7.8,7.78,7.87,7.76,67903,53036105.0,1.4,-0.89,-0.07,0.34,6.7,3.74,2.96,5.03,3.48,2.32,0.64,-0.77,1.8,1.42,7.77,7.84,7.99,8.04,10.03,9.51,12.21,10.8,13.75,10.03,13.75,20.57,19.54,15.42
2021-05-14,601519,7.79,8.56,8.56,7.79,798792,673543632.0,9.9,10.03,0.78,4.02,3.34,2.57,4.62,3.08,1.93,0.26,-1.16,1.41,1.03,1.03,7.94,7.91,8.02,8.05,-0.47,1.99,0.7,3.39,0.0,3.39,9.58,8.64,4.91,5.14
2021-05-17,601519,8.35,8.34,8.52,8.28,637045,534218048.0,2.8,-2.57,-0.22,3.2,-3.5,-1.57,-3.02,-4.11,-5.68,-7.0,-4.59,-4.95,-4.95,3.38,8.08,7.95,8.03,8.06,4.68,3.36,6.12,2.64,6.12,12.47,11.51,7.67,7.91,6.24
2021-05-18,601519,8.32,8.4,8.73,8.28,411303,349043808.0,5.4,0.72,0.06,2.07,-1.57,-3.02,-4.11,-5.68,-7.0,-4.59,-4.95,-4.95,3.38,2.9,8.19,7.98,8.05,8.07,2.62,5.36,1.9,5.36,11.67,10.71,6.9,7.14,5.48,4.17
2021-05-19,601519,8.32,8.4,8.62,8.31,303343,256380486.0,3.69,0.0,0.0,1.53,-3.37,-4.45,-6.02,-7.34,-4.93,-5.29,-5.29,3.01,2.53,5.05,8.3,8.03,8.06,8.09,5.36,1.9,5.36,11.67,10.71,6.9,7.14,5.48,4.17,4.4
2021-05-20,601519,8.32,8.62,8.85,8.32,515494,441671104.0,6.31,2.62,0.22,2.59,-4.57,-6.13,-7.45,-5.05,-5.41,-5.41,2.88,2.4,4.93,3.61,8.46,8.12,8.08,8.1,-0.7,2.67,8.82,7.89,4.18,4.41,2.78,1.51,1.74,1.04
2021-05-21,601519,8.52,8.41,8.56,8.35,285108,240382774.0,2.44,-2.44,-0.21,1.43,-6.47,-7.78,-5.39,-5.75,-5.75,2.51,2.04,4.55,3.23,5.99,8.43,8.19,8.09,8.11,5.23,11.53,10.58,6.78,7.02,5.35,4.04,4.28,3.57,5.71
2021-05-24,601519,8.45,8.62,8.85,8.42,419937,363619776.0,5.11,2.5,0.21,2.11,-8.55,-6.18,-6.53,-6.53,1.66,1.19,3.68,2.38,5.11,1.66,8.49,8.28,8.11,8.12,8.82,7.89,4.18,4.41,2.78,1.51,1.74,1.04,3.13,1.74
2021-05-25,601519,8.56,9.08,9.38,8.54,620213,561255312.0,9.74,5.34,0.46,3.12,-7.49,-7.85,-7.85,0.23,-0.23,2.22,0.94,3.63,0.23,3.63,8.63,8.41,8.15,8.14,2.42,-1.1,-0.88,-2.42,-3.63,-3.41,-4.07,-2.09,-3.41,-2.53
2021-05-26,601519,9.29,8.91,9.3,8.86,565207,512382816.0,4.85,-1.87,-0.17,2.84,-11.17,-11.17,-3.39,-3.84,-1.47,-2.71,-0.11,-3.39,-0.11,5.87,8.73,8.51,8.19,8.17,0.79,1.01,-0.56,-1.8,-1.57,-2.24,-0.22,-1.57,-0.67,-1.23
2021-05-27,601519,8.8,8.87,8.98,8.73,354483,312956960.0,2.81,-0.45,-0.04,1.78,-9.85,-1.95,-2.41,0.0,-1.26,1.37,-1.95,1.37,7.45,6.53,8.78,8.62,8.23,8.2,1.47,-0.11,-1.35,-1.13,-1.8,0.23,-1.13,-0.23,-0.79,-0.34
2021-05-28,601519,8.87,8.78,9.0,8.71,354881,313104544.0,3.27,-1.01,-0.09,1.79,-1.72,-2.18,0.23,-1.03,1.61,-1.72,1.61,7.69,6.77,3.1,8.85,8.64,8.27,8.23,0.91,-0.34,-0.11,-0.8,1.25,-0.11,0.8,0.23,0.68,0.0
2021-05-31,601519,8.75,8.82,8.86,8.66,249624,218665281.0,2.28,0.46,0.04,1.26,-1.62,0.81,-0.46,2.19,-1.15,2.19,8.31,7.39,3.7,3.93,8.89,8.69,8.32,8.25,-0.79,-0.57,-1.25,0.79,-0.57,0.34,-0.23,0.23,-0.45,-6.69
2021-06-01,601519,8.73,8.65,8.75,8.53,277092,238924397.0,2.49,-1.93,-0.17,1.39,2.34,1.06,3.75,0.35,3.75,9.96,9.03,5.28,5.51,3.87,8.81,8.72,8.35,8.27,1.39,0.69,2.77,1.39,2.31,1.73,2.2,1.5,-4.86,-5.32
2021-06-02,601519,8.6,8.46,8.77,8.42,235472,201544743.0,4.05,-2.2,-0.19,1.18,2.38,5.11,1.66,5.11,11.4,10.45,6.65,6.89,5.23,3.92,8.72,8.72,8.38,8.28,2.96,5.08,3.66,4.61,4.02,4.49,3.78,-2.72,-3.19,-3.43
2021-06-03,601519,8.47,8.5,8.71,8.47,250982,215694271.0,2.84,0.47,0.04,1.26,4.49,1.06,4.49,10.74,9.8,6.02,6.26,4.6,3.31,3.54,8.64,8.71,8.41,8.29,4.59,3.18,4.12,3.53,4.0,3.29,-3.18,-3.65,-3.88,-3.53
2021-06-04,601519,8.46,8.65,8.89,8.43,292480,252862074.0,5.41,1.76,0.15,1.47,1.54,4.98,11.27,10.32,6.52,6.76,5.1,3.8,4.03,3.32,8.62,8.73,8.46,8.3,1.39,2.31,1.73,2.2,1.5,-4.86,-5.32,-5.55,-5.2,-2.77
2021-06-07,601519,8.58,8.68,8.77,8.52,197284,170799109.0,2.89,0.35,0.03,0.99,3.87,10.09,9.15,5.4,5.63,3.99,2.7,2.93,2.23,4.34,8.59,8.74,8.51,8.32,1.96,1.38,1.84,1.15,-5.18,-5.65,-5.88,-5.53,-3.11,4.26
2021-06-08,601519,8.63,8.77,8.85,8.6,243297,213159765.0,2.88,1.04,0.09,1.22,9.07,8.14,4.42,4.65,3.02,1.74,1.98,1.28,3.37,1.98,8.61,8.71,8.56,8.34,0.34,0.8,0.11,-6.16,-6.61,-6.84,-6.5,-4.1,3.19,-0.8
2021-06-09,601519,8.77,8.64,8.8,8.57,171913,148823072.0,2.62,-1.48,-0.13,0.86,8.52,4.78,5.02,3.38,2.1,2.33,1.63,3.73,2.33,3.27,8.65,8.68,8.6,8.35,2.31,1.62,-4.75,-5.21,-5.44,-5.09,-2.66,4.75,0.69,0.93
2021-06-10,601519,8.66,8.8,8.84,8.64,272956,239162189.0,2.31,1.85,0.16,1.37,3.94,4.17,2.55,1.27,1.5,0.81,2.89,1.5,2.43,1.85,8.71,8.68,8.65,8.38,-0.23,-6.48,-6.93,-7.16,-6.82,-4.43,2.84,-1.14,-0.91,2.27
2021-06-11,601519,8.76,8.27,8.78,8.16,442189,374723440.0,7.05,-6.02,-0.53,2.22,10.29,8.58,7.23,7.48,6.74,8.95,7.48,8.46,7.84,8.33,8.63,8.62,8.63,8.39,-0.48,-0.97,-1.21,-0.85,1.69,9.43,5.2,5.44,8.83,6.17
2021-06-15,601519,8.22,8.1,8.23,8.06,178003,144587313.0,2.06,-2.06,-0.17,0.9,9.93,8.56,8.81,8.06,10.3,8.81,9.8,9.18,9.68,8.93,8.52,8.55,8.62,8.4,1.11,0.86,1.23,3.83,11.73,7.41,7.65,11.11,8.4,9.75
2021-06-16,601519,8.05,8.08,8.19,7.95,187758,151287767.0,2.96,-0.25,-0.02,0.94,10.06,10.31,9.56,11.82,10.31,11.32,10.69,11.19,10.44,3.52,8.38,8.49,8.61,8.4,1.11,1.49,4.08,12.0,7.67,7.92,11.39,8.66,10.02,8.66
2021-06-17,601519,8.03,8.09,8.17,8.03,133197,107843574.0,1.73,0.12,0.01,0.67,9.22,8.47,10.71,9.22,10.21,9.59,10.09,9.34,2.49,1.99,8.27,8.46,8.59,8.4,1.36,3.96,11.87,7.54,7.79,11.25,8.53,9.89,8.53,9.77
2021-06-18,601519,8.09,8.14,8.2,8.03,160662,130366344.0,2.1,0.62,0.05,0.81,8.47,10.71,9.22,10.21,9.59,10.09,9.34,2.49,1.99,1.74,8.14,8.42,8.57,8.42,3.32,11.18,6.88,7.13,10.57,7.86,9.21,7.86,9.09,1.84
2021-06-21,601519,8.41,8.23,8.41,8.2,183864,152511249.0,2.58,1.11,0.09,0.93,8.41,6.95,7.93,7.32,7.8,7.07,0.37,-0.12,-0.37,0.0,8.13,8.38,8.56,8.43,9.96,5.71,5.95,9.36,6.68,8.02,6.68,7.9,0.73,-0.49
2021-06-22,601519,8.27,8.7,9.05,8.15,790661,696958704.0,10.94,5.71,0.47,3.98,7.61,8.59,7.98,8.47,7.73,0.98,0.49,0.25,0.61,3.19,8.25,8.38,8.56,8.47,0.0,0.23,3.45,0.92,2.18,0.92,2.07,-4.71,-5.86,-5.17
2021-06-23,601519,8.5,8.52,8.7,8.43,477881,406880400.0,3.1,-2.07,-0.18,2.4,4.98,4.39,4.86,4.15,-2.37,-2.85,-3.08,-2.73,-0.24,7.35,8.34,8.36,8.53,8.49,2.35,5.63,3.05,4.34,3.05,4.23,-2.7,-3.87,-3.17,-2.23
2021-06-24,601519,8.47,8.57,8.72,8.41,315807,271001840.0,3.64,0.59,0.05,1.59,4.64,5.11,4.4,-2.14,-2.62,-2.85,-2.5,0.0,7.61,3.45,8.43,8.35,8.52,8.51,5.02,2.45,3.73,2.45,3.62,-3.27,-4.43,-3.73,-2.8,-2.1
2021-06-25,601519,8.55,8.77,9.0,8.52,556405,491218240.0,5.6,2.33,0.2,2.8,3.76,3.05,-3.4,-3.87,-4.11,-3.76,-1.29,6.22,2.11,2.35,8.56,8.35,8.51,8.55,0.11,1.37,0.11,1.25,-5.47,-6.61,-5.93,-5.02,-4.33,-5.59
2021-06-28,601519,8.7,8.69,8.78,8.64,288746,250965979.0,1.6,-0.91,-0.08,1.45,1.62,-4.75,-5.21,-5.44,-5.09,-2.66,4.75,0.69,0.93,4.17,8.65,8.39,8.51,8.55,2.3,1.04,2.19,-4.6,-5.75,-5.06,-4.14,-3.45,-4.72,-1.27
2021-06-29,601519,8.73,8.56,8.89,8.52,244080,211945407.0,4.26,-1.5,-0.13,1.23,-3.4,-3.87,-4.11,-3.76,-1.29,6.22,2.11,2.35,5.63,3.05,8.62,8.43,8.49,8.56,2.57,3.74,-3.15,-4.32,-3.62,-2.69,-1.99,-3.27,0.23,-1.87
2021-06-30,601519,8.51,8.69,8.78,8.51,248372,214625821.0,3.15,1.52,0.13,1.25,-3.76,-4.0,-3.64,-1.18,6.35,2.23,2.47,5.76,3.17,4.47,8.66,8.5,8.5,8.57,2.19,-4.6,-5.75,-5.06,-4.14,-3.45,-4.72,-1.27,-3.34,-4.49
2021-07-01,601519,8.8,8.29,8.88,8.25,323662,275064384.0,7.25,-4.6,-0.4,1.63,-0.97,-0.61,1.94,9.7,5.45,5.7,9.09,6.42,7.76,6.42,8.6,8.52,8.49,8.57,0.0,-1.21,-0.48,0.48,1.21,-0.12,3.5,1.33,0.12,-0.6
2021-07-02,601519,8.23,8.12,8.29,8.09,215269,175588404.0,2.41,-2.05,-0.17,1.08,1.36,3.96,11.87,7.54,7.79,11.25,8.53,9.89,8.53,9.77,8.47,8.51,8.47,8.55,0.86,1.6,2.59,3.33,1.97,5.67,3.45,2.22,1.48,3.45
2021-07-05,601519,8.11,8.18,8.19,8.07,134047,109107813.0,1.48,0.74,0.06,0.67,4.21,12.14,7.81,8.05,11.52,8.8,10.16,8.8,10.04,2.73,8.37,8.51,8.44,8.54,0.86,1.83,2.57,1.22,4.89,2.69,1.47,0.73,2.69,1.22
2021-07-06,601519,8.18,8.24,8.25,8.12,135255,110614489.0,1.59,0.73,0.06,0.68,11.45,7.14,7.39,10.84,8.13,9.48,8.13,9.36,2.09,0.86,8.3,8.46,8.42,8.53,1.09,1.82,0.49,4.13,1.94,0.73,0.0,1.94,0.49,0.24
2021-07-07,601519,8.19,8.28,8.33,8.17,135507,111874677.0,1.94,0.49,0.04,0.68,6.49,6.73,10.16,7.47,8.81,7.47,8.69,1.47,0.24,0.98,8.22,8.44,8.4,8.5,1.33,0.0,3.62,1.45,0.24,-0.48,1.45,0.0,-0.24,1.81
2021-07-08,601519,8.34,8.24,8.39,8.22,156777,130050824.0,2.05,-0.48,-0.04,0.79,6.08,9.49,6.81,8.15,6.81,8.03,0.85,-0.36,0.36,1.34,8.21,8.41,8.38,8.48,0.49,4.13,1.94,0.73,0.0,1.94,0.49,0.24,2.31,2.06
2021-07-09,601519,8.22,8.25,8.28,8.16,139470,114747730.0,1.46,0.12,0.01,0.7,10.29,7.6,8.95,7.6,8.82,1.59,0.37,1.1,2.08,2.82,8.24,8.35,8.35,8.46,4.0,1.82,0.61,-0.12,1.82,0.36,0.12,2.18,1.94,8.73
2021-07-12,601519,8.36,8.4,8.58,8.33,261719,220799317.0,3.03,1.82,0.15,1.32,5.4,6.72,5.4,6.6,-0.48,-1.68,-0.96,0.0,0.72,-0.6,8.28,8.32,8.36,8.45,0.0,-1.19,-1.9,0.0,-1.43,-1.67,0.36,0.12,6.79,3.21
2021-07-13,601519,8.38,8.29,8.4,8.2,193354,160154475.0,2.38,-1.31,-0.11,0.97,8.41,7.07,8.29,1.1,-0.12,0.61,1.59,2.32,0.98,4.63,8.29,8.3,8.37,8.43,0.12,-0.6,1.33,-0.12,-0.36,1.69,1.45,8.2,4.58,1.93
2021-07-14,601519,8.29,8.16,8.3,8.12,172235,141105663.0,2.17,-1.57,-0.13,0.87,8.13,9.36,2.09,0.86,1.6,2.59,3.33,1.97,5.67,3.45,8.27,8.24,8.37,8.41,0.98,2.94,1.47,1.23,3.31,3.06,9.93,6.25,3.55,-0.49
2021-07-15,601519,8.13,8.19,8.24,8.11,156290,127788416.0,1.59,0.37,0.03,0.79,9.49,2.22,0.99,1.73,2.71,3.45,2.1,5.8,3.58,2.34,8.26,8.24,8.38,8.4,2.56,1.1,0.85,2.93,2.69,9.52,5.86,3.17,-0.85,-2.69
2021-07-16,601519,8.27,8.27,8.4,8.23,218428,181210945.0,2.08,0.98,0.08,1.1,0.73,-0.49,0.24,1.22,1.94,0.61,4.25,2.07,0.85,0.12,8.26,8.25,8.38,8.4,0.12,-0.12,1.93,1.69,8.46,4.84,2.18,-1.81,-3.63,-4.96
2021-07-19,601519,8.28,8.18,8.28,8.11,137091,111853466.0,2.06,-1.09,-0.09,0.69,0.99,1.73,2.71,3.45,2.1,5.8,3.58,2.34,1.6,3.58,8.22,8.25,8.38,8.38,0.98,3.06,2.81,9.66,5.99,3.3,-0.73,-2.57,-3.91,1.71
2021-07-20,601519,8.13,8.2,8.26,8.12,97627,79974811.0,1.71,0.24,0.02,0.49,1.6,2.59,3.33,1.97,5.67,3.45,2.22,1.48,3.45,1.97,8.2,8.25,8.35,8.36,2.8,2.56,9.39,5.73,3.05,-0.98,-2.8,-4.15,1.46,3.05
2021-07-21,601519,8.2,8.26,8.43,8.19,196659,163251972.0,2.93,0.73,0.06,0.99,1.71,2.44,1.1,4.76,2.56,1.34,0.61,2.56,1.1,0.85,8.22,8.24,8.34,8.35,1.82,8.6,4.96,2.3,-1.69,-3.51,-4.84,0.73,2.3,-0.85
2021-07-22,601519,8.26,8.4,8.41,8.2,257969,215384690.0,2.54,1.69,0.14,1.3,2.32,0.98,4.63,2.44,1.22,0.49,2.44,0.98,0.73,2.8,8.26,8.26,8.33,8.34,6.79,3.21,0.6,-3.33,-5.12,-6.43,-0.95,0.6,-2.5,-2.74
2021-07-23,601519,8.39,8.49,8.97,8.19,488833,416759680.0,9.29,1.07,0.09,2.46,1.1,4.76,2.56,1.34,0.61,2.56,1.1,0.85,2.93,2.69,8.31,8.28,8.32,8.33,2.12,-0.47,-4.36,-6.12,-7.42,-2.0,-0.47,-3.53,-3.77,-4.12
2021-07-26,601519,8.4,8.39,8.67,8.31,360334,305331728.0,4.24,-1.18,-0.1,1.81,3.25,1.08,-0.12,-0.84,1.08,-0.36,-0.6,1.44,1.2,7.94,8.35,8.28,8.3,8.33,0.72,-3.22,-5.01,-6.32,-0.83,0.72,-2.38,-2.62,-2.98,-2.15
2021-07-27,601519,8.38,8.08,8.45,8.08,299287,245602401.0,4.41,-3.69,-0.31,1.51,3.96,2.72,1.98,3.96,2.48,2.23,4.33,4.08,11.01,7.3,8.32,8.26,8.28,8.33,0.5,-1.36,-2.72,2.97,4.58,1.36,1.11,0.74,1.61,1.36
2021-07-28,601519,8.01,7.77,8.12,7.7,261637,205238882.0,5.2,-3.84,-0.31,1.32,7.79,7.01,9.09,7.53,7.27,9.48,9.22,16.49,12.6,9.74,8.23,8.22,8.23,8.32,2.57,1.16,7.08,8.75,5.41,5.15,4.76,5.66,5.41,6.18
2021-07-29,601519,7.86,7.88,7.97,7.81,177330,139675159.0,2.06,1.42,0.11,0.89,5.51,7.55,6.02,5.76,7.94,7.68,14.85,11.01,8.19,3.97,8.12,8.19,8.21,8.31,-0.25,5.58,7.23,3.93,3.68,3.3,4.19,3.93,4.7,3.3
2021-07-30,601519,7.82,7.82,7.86,7.72,140943,109709562.0,1.78,-0.76,-0.06,0.71,8.81,7.25,6.99,9.2,8.94,16.19,12.31,9.46,5.18,3.24,7.99,8.15,8.2,8.3,6.39,8.06,4.73,4.48,4.09,4.99,4.73,5.5,4.09,3.2
2021-08-02,601519,7.8,8.11,8.32,7.7,289741,233240821.0,7.93,3.71,0.29,1.46,7.53,7.27,9.48,9.22,16.49,12.6,9.74,5.45,3.51,2.08,7.93,8.14,8.2,8.3,4.19,0.99,0.74,0.37,1.23,0.99,1.73,0.37,-0.49,0.99
2021-08-03,601519,8.05,8.15,8.45,8.02,250144,204791538.0,5.3,0.49,0.04,1.26,2.99,5.11,4.86,11.85,8.1,5.36,1.25,-0.62,-2.0,3.74,7.95,8.13,8.19,8.28,0.49,0.25,-0.12,0.74,0.49,1.23,-0.12,-0.98,0.49,2.21
2021-08-04,601519,8.08,8.15,8.19,8.06,161005,130786788.0,1.6,0.0,0.0,0.81,4.59,4.34,11.29,7.57,4.84,0.74,-1.12,-2.48,3.23,4.84,8.02,8.12,8.18,8.27,0.25,-0.12,0.74,0.49,1.23,-0.12,-0.98,0.49,2.21,5.03
2021-08-05,601519,8.1,7.99,8.17,7.96,163932,132071284.0,2.58,-1.96,-0.16,0.82,5.65,12.69,8.92,6.16,2.01,0.13,-1.26,4.52,6.16,2.89,8.04,8.08,8.17,8.25,1.88,2.75,2.5,3.25,1.88,1.0,2.5,4.26,7.13,7.63
2021-08-06,601519,8.0,8.05,8.14,8.0,142705,115144894.0,1.75,0.75,0.06,0.72,12.13,8.38,5.62,1.5,-0.38,-1.75,4.0,5.62,2.37,2.12,8.09,8.04,8.16,8.23,1.99,1.74,2.48,1.12,0.25,1.74,3.48,6.34,6.83,2.98
2021-08-09,601519,8.03,8.14,8.21,8.0,180440,147038229.0,2.61,1.12,0.09,0.91,8.38,5.62,1.5,-0.38,-1.75,4.0,5.62,2.37,2.12,1.75,8.1,8.01,8.15,8.21,0.61,1.35,0.0,-0.86,0.61,2.33,5.16,5.65,1.84,0.86
2021-08-10,601519,8.1,8.18,8.19,8.05,191413,155391643.0,1.72,0.49,0.04,0.96,4.97,0.87,-0.99,-2.36,3.35,4.97,1.74,1.49,1.12,1.99,8.1,8.02,8.14,8.19,0.86,-0.49,-1.34,0.12,1.83,4.65,5.13,1.34,0.37,0.86
2021-08-11,601519,8.17,8.1,8.25,8.06,197400,160842292.0,2.32,-0.98,-0.08,0.99,0.74,-1.12,-2.48,3.23,4.84,1.61,1.36,0.99,1.86,1.61,8.09,8.06,8.14,8.17,0.49,-0.37,1.11,2.84,5.68,6.17,2.35,1.36,1.85,0.25
2021-08-12,601519,8.1,8.01,8.14,8.0,164759,132703433.0,1.73,-1.11,-0.09,0.83,-0.38,-1.75,4.0,5.62,2.37,2.12,1.75,2.63,2.37,3.12,8.1,8.07,8.13,8.17,0.75,2.25,4.0,6.87,7.37,3.5,2.5,3.0,1.37,1.12
2021-08-13,601519,8.01,8.01,8.07,7.93,145541,116428679.0,1.75,0.0,0.0,0.73,-0.88,4.92,6.56,3.28,3.03,2.65,3.53,3.28,4.04,2.65,8.09,8.09,8.12,8.16,2.25,4.0,6.87,7.37,3.5,2.5,3.0,1.37,1.12,-0.62
2021-08-16,601519,8.02,8.09,8.19,7.98,230555,187406097.0,2.62,1.0,0.08,1.16,4.26,5.89,2.63,2.38,2.01,2.88,2.63,3.38,2.01,1.13,8.08,8.09,8.11,8.16,2.97,5.81,6.3,2.47,1.48,1.98,0.37,0.12,-1.61,-1.73
2021-08-17,601519,8.07,8.0,8.33,7.99,292416,238175629.0,4.2,-1.11,-0.09,1.47,5.76,2.5,2.25,1.88,2.75,2.5,3.25,1.88,1.0,2.5,8.04,8.07,8.1,8.15,7.0,7.5,3.62,2.63,3.12,1.5,1.25,-0.5,-0.62,0.25
2021-08-18,601519,7.95,8.43,8.56,7.92,647334,538509088.0,8.0,5.38,0.43,3.26,3.41,3.16,2.78,3.66,3.41,4.17,2.78,1.89,3.41,5.18,8.11,8.1,8.11,8.16,2.02,-1.66,-2.61,-2.14,-3.68,-3.91,-5.58,-5.69,-4.86,-2.14
2021-08-19,601519,8.33,8.26,8.6,8.25,430060,359771296.0,4.15,-2.02,-0.17,2.16,-0.97,-1.33,-0.48,-0.73,0.0,-1.33,-2.18,-0.73,0.97,3.76,8.16,8.13,8.11,8.16,0.36,-0.61,-0.12,-1.69,-1.94,-3.63,-3.75,-2.91,-0.12,-0.48
2021-08-20,601519,8.2,8.12,8.29,8.05,270924,220883770.0,2.91,-1.69,-0.14,1.36,1.12,1.99,1.74,2.48,1.12,0.25,1.74,3.48,6.34,6.83,8.18,8.13,8.09,8.15,1.11,1.6,0.0,-0.25,-1.97,-2.09,-1.23,1.6,1.23,5.3
2021-08-23,601519,8.15,8.11,8.21,8.06,240665,195429335.0,1.85,-0.12,-0.01,1.21,1.86,1.61,2.36,0.99,0.12,1.61,3.35,6.2,6.7,2.85,8.18,8.13,8.07,8.14,1.73,0.12,-0.12,-1.85,-1.97,-1.11,1.73,1.36,5.43,2.59
2021-08-24,601519,8.1,8.14,8.25,8.05,249637,202922903.0,2.47,0.37,0.03,1.26,1.74,2.48,1.12,0.25,1.74,3.48,6.34,6.83,2.98,1.99,8.21,8.13,8.08,8.14,-0.25,-0.49,-2.21,-2.33,-1.47,1.35,0.98,5.04,2.21,2.46
2021-08-25,601519,8.1,8.04,8.12,8.01,208898,168138895.0,1.35,-1.23,-0.1,1.05,3.0,1.62,0.75,2.25,4.0,6.87,7.37,3.5,2.5,3.0,8.13,8.12,8.09,8.13,0.75,-1.0,-1.12,-0.25,2.61,2.24,6.34,3.48,3.73,8.83
2021-08-26,601519,8.02,7.96,8.1,7.93,220028,175726712.0,2.11,-1.0,-0.08,1.11,2.65,1.77,3.28,5.04,7.94,8.45,4.54,3.53,4.04,2.4,8.07,8.12,8.09,8.13,0.0,-0.13,0.75,3.64,3.27,7.41,4.52,4.77,9.92,7.16
2021-08-27,601519,7.95,7.87,7.96,7.8,231011,181863095.0,2.01,-1.13,-0.09,1.16,3.46,5.0,6.79,9.74,10.26,6.28,5.26,5.77,4.1,3.85,8.02,8.1,8.1,8.11,1.02,1.91,4.83,4.45,8.64,5.72,5.97,11.18,8.39,10.04
2021-08-30,601519,7.87,7.85,7.95,7.82,146661,115321902.0,1.65,-0.25,-0.02,0.74,4.73,6.52,9.46,9.97,6.01,4.99,5.5,3.84,3.58,1.79,7.97,8.08,8.08,8.1,2.17,5.1,4.71,8.92,5.99,6.24,11.46,8.66,10.32,8.41
2021-08-31,601519,7.84,7.97,8.02,7.81,188967,149373193.0,2.68,1.53,0.12,0.95,6.66,9.6,10.12,6.15,5.12,5.63,3.97,3.71,1.92,1.79,7.94,8.07,8.07,8.09,3.51,3.14,7.28,4.39,4.64,9.79,7.03,8.66,6.78,5.27
2021-09-01,601519,7.95,8.1,8.25,7.89,360301,291789376.0,4.52,1.63,0.13,1.81,8.49,9.0,5.07,4.06,4.56,2.92,2.66,0.89,0.76,1.65,7.95,8.04,8.07,8.09,1.48,5.56,2.72,2.96,8.02,5.31,6.91,5.06,3.58,1.36
2021-09-02,601519,8.05,8.12,8.22,8.05,255799,207883836.0,2.1,0.25,0.02,1.29,6.83,2.98,1.99,2.48,0.87,0.62,-1.12,-1.24,-0.37,2.48,7.98,8.03,8.08,8.08,5.3,2.46,2.71,7.76,5.05,6.65,4.8,3.33,1.11,1.11
2021-09-03,601519,8.43,8.09,8.55,8.08,388005,320778816.0,5.79,-0.37,-0.03,1.95,2.6,1.61,2.1,0.5,0.25,-1.49,-1.61,-0.74,2.1,1.73,8.03,8.02,8.08,8.07,2.84,3.09,8.16,5.44,7.05,5.19,3.71,1.48,1.48,-0.74
2021-09-06,601519,8.02,8.2,8.32,8.01,341882,280457888.0,3.83,1.36,0.11,1.72,2.5,3.0,1.37,1.12,-0.62,-0.75,0.12,3.0,2.62,6.74,8.1,8.03,8.08,8.06,1.71,6.71,4.02,5.61,3.78,2.32,0.12,0.12,-2.07,-2.8
2021-09-07,601519,8.15,8.28,8.34,8.1,388262,318798096.0,2.93,0.98,0.08,1.95,1.85,0.25,0.0,-1.73,-1.85,-0.99,1.85,1.48,5.56,2.72,8.16,8.05,8.09,8.07,5.68,3.02,4.59,2.78,1.33,-0.85,-0.85,-3.02,-3.74,-2.42
2021-09-08,601519,8.31,8.5,8.75,8.2,751382,642635792.0,6.64,2.66,0.22,3.78,-0.98,-1.22,-2.93,-3.05,-2.2,0.61,0.24,4.27,1.46,1.71,8.24,8.09,8.11,8.09,0.35,1.88,0.12,-1.29,-3.41,-3.41,-5.53,-6.24,-4.94,-5.76
2021-09-09,601519,8.37,8.42,8.53,8.31,339353,285237392.0,2.59,-0.94,-0.08,1.71,-2.53,-4.21,-4.33,-3.49,-0.72,-1.08,2.89,0.12,0.36,5.29,8.3,8.14,8.13,8.11,2.85,1.07,-0.36,-2.49,-2.49,-4.63,-5.34,-4.04,-4.87,-5.58
2021-09-10,601519,8.53,8.38,8.66,8.36,414937,352273312.0,3.56,-0.48,-0.04,2.09,-4.78,-4.9,-4.07,-1.32,-1.67,2.27,-0.48,-0.24,4.67,2.03,8.36,8.19,8.15,8.13,1.55,0.12,-2.03,-2.03,-4.18,-4.89,-3.58,-4.42,-5.13,-4.65
2021-09-13,601519,8.3,8.36,8.51,8.3,294631,247150899.0,2.51,-0.24,-0.02,1.48,-4.22,-3.37,-0.6,-0.96,3.01,0.24,0.48,5.42,2.77,4.34,8.39,8.24,8.16,8.14,0.36,-1.79,-1.79,-3.95,-4.67,-3.35,-4.19,-4.9,-4.43,-5.02
2021-09-14,601519,8.35,8.12,8.39,8.1,276988,227610713.0,3.47,-2.87,-0.24,1.39,-0.99,1.85,1.48,5.56,2.72,2.96,8.02,5.31,6.91,5.06,8.36,8.26,8.17,8.13,1.11,1.11,-1.11,-1.85,-0.49,-1.35,-2.09,-1.6,-2.22,-3.08
2021-09-15,601519,8.1,8.16,8.21,8.09,201377,163966018.0,1.48,0.49,0.04,1.01,1.98,1.61,5.69,2.84,3.09,8.16,5.44,7.05,5.19,3.71,8.29,8.26,8.15,8.13,0.61,-1.59,-2.33,-0.98,-1.84,-2.57,-2.08,-2.7,-3.55,-2.7
2021-09-16,601519,8.17,7.98,8.21,7.96,229069,184713012.0,3.06,-2.21,-0.18,1.15,3.27,7.41,4.52,4.77,9.92,7.16,8.79,6.91,5.4,3.14,8.2,8.25,8.14,8.13,0.63,-0.13,1.25,0.38,-0.38,0.13,-0.5,-1.38,-0.5,-0.38
2021-09-17,601519,7.99,8.0,8.03,7.9,182395,145192957.0,1.63,0.25,0.02,0.92,8.23,5.32,5.57,10.76,7.97,9.62,7.72,6.2,3.92,3.92,8.12,8.24,8.13,8.13,-0.38,1.0,0.12,-0.62,-0.12,-0.75,-1.62,-0.75,-0.62,-1.5
2021-09-22,601519,7.91,7.95,7.97,7.89,152220,120627445.0,1.0,-0.63,-0.05,0.77,5.45,5.7,10.9,8.11,9.76,7.86,6.34,4.06,4.06,1.77,8.04,8.21,8.12,8.13,1.64,0.75,0.0,0.5,-0.13,-1.01,-0.13,0.0,-0.88,-0.63
2021-09-23,601519,8.02,8.0,8.08,7.96,161313,129262111.0,1.51,0.63,0.05,0.81,4.77,9.92,7.16,8.79,6.91,5.4,3.14,3.14,0.88,0.13,8.02,8.19,8.12,8.12,0.12,-0.62,-0.12,-0.75,-1.62,-0.75,-0.62,-1.5,-1.25,-1.75
2021-09-24,601519,7.98,7.88,8.01,7.85,176086,139487457.0,2.0,-1.5,-0.12,0.89,11.46,8.66,10.32,8.41,6.88,4.59,4.59,2.29,1.53,2.93,7.96,8.12,8.11,8.11,0.89,1.4,0.76,-0.13,0.76,0.89,0.0,0.25,-0.25,-0.13
2021-09-27,601519,7.89,7.91,7.95,7.8,149746,117936509.0,1.9,0.38,0.03,0.75,9.36,11.03,9.1,7.56,5.26,5.26,2.95,2.18,3.59,2.69,7.95,8.07,8.11,8.11,1.01,0.38,-0.51,0.38,0.51,-0.38,-0.13,-0.63,-0.51,-1.39
2021-09-28,601519,7.9,7.96,7.99,7.87,109424,86979777.0,1.52,0.63,0.05,0.55,10.04,8.13,6.61,4.32,4.32,2.03,1.27,2.67,1.78,1.02,7.94,8.03,8.11,8.11,-0.25,-1.13,-0.25,-0.13,-1.01,-0.75,-1.26,-1.13,-2.01,-1.26
2021-09-29,601519,7.92,7.78,7.94,7.76,144070,112791153.0,2.26,-2.26,-0.18,0.72,9.66,8.12,5.8,5.8,3.48,2.71,4.12,3.22,2.45,2.96,7.91,7.97,8.11,8.1,1.16,2.06,2.19,1.29,1.54,1.03,1.16,0.26,1.03,1.16
2021-09-30,601519,7.78,7.82,7.87,7.78,92839,72714305.0,1.16,0.51,0.04,0.47,7.84,5.53,5.53,3.21,2.44,3.86,2.96,2.19,2.7,2.06,7.87,7.94,8.1,8.09,1.53,1.66,0.77,1.02,0.51,0.64,-0.26,0.51,0.64,0.51
2021-10-08,601519,7.87,7.91,7.94,7.86,84359,66585516.0,1.02,1.15,0.09,0.42,4.45,4.45,2.16,1.4,2.8,1.91,1.15,1.65,1.02,0.13,7.88,7.92,8.09,8.07,0.51,-0.38,-0.13,-0.63,-0.51,-1.39,-0.63,-0.51,-0.63,-1.9
2021-10-11,601519,7.9,7.88,7.95,7.88,88631,70060843.0,0.88,-0.38,-0.03,0.45,4.19,1.9,1.14,2.54,1.65,0.89,1.4,0.76,-0.13,0.76,7.87,7.91,8.08,8.06,0.0,0.25,-0.25,-0.13,-1.02,-0.25,-0.13,-0.25,-1.52,-10.41
2021-10-12,601519,7.86,7.8,7.88,7.75,98004,76293829.0,1.65,-1.02,-0.08,0.49,3.61,2.84,4.26,3.35,2.58,3.1,2.45,1.55,2.45,2.58,7.84,7.89,8.06,8.05,1.28,0.77,0.9,0.0,0.77,0.9,0.77,-0.51,-9.49,-10.38
2021-10-13,601519,7.82,7.86,7.9,7.74,77165,60351134.0,2.05,0.77,0.06,0.39,2.97,4.39,3.49,2.71,3.23,2.58,1.68,2.58,2.71,1.81,7.85,7.88,8.05,8.04,0.0,0.13,-0.76,0.0,0.13,0.0,-1.27,-10.18,-11.07,-12.47
2021-10-14,601519,7.84,7.8,7.86,7.76,62470,48767484.0,1.27,-0.76,-0.06,0.31,4.12,3.22,2.45,2.96,2.32,1.42,2.32,2.45,1.55,1.8,7.85,7.86,8.02,8.03,0.9,0.0,0.77,0.9,0.77,-0.51,-9.49,-10.38,-11.79,-11.92
2021-10-15,601519,7.79,7.78,7.87,7.75,73369,57203884.0,1.54,-0.26,-0.02,0.37,3.35,2.58,3.1,2.45,1.55,2.45,2.58,1.68,1.94,1.42,7.82,7.85,7.99,8.02,0.26,1.03,1.16,1.03,-0.26,-9.25,-10.15,-11.57,-11.7,-10.93
2021-10-18,601519,7.78,7.77,7.8,7.74,65363,50744693.0,0.77,-0.13,-0.01,0.33,2.71,3.23,2.58,1.68,2.58,2.71,1.81,2.07,1.55,1.68,7.8,7.84,7.96,8.02,1.16,1.29,1.16,-0.13,-9.14,-10.04,-11.45,-11.58,-10.81,-9.14
2021-10-19,601519,7.77,7.83,7.86,7.76,73796,57813984.0,1.29,0.77,0.06,0.37,2.96,2.32,1.42,2.32,2.45,1.55,1.8,1.29,1.42,0.52,7.81,7.82,7.93,8.02,0.51,0.38,-0.89,-9.83,-10.73,-12.13,-12.26,-11.49,-9.83,-11.24
2021-10-20,601519,7.85,7.81,7.87,7.8,61114,47808173.0,0.89,-0.26,-0.02,0.31,1.79,0.9,1.79,1.92,1.03,1.28,0.77,0.9,0.0,0.77,7.8,7.83,7.9,8.01,0.64,-0.64,-9.6,-10.5,-11.91,-12.04,-11.27,-9.6,-11.01,-11.52
2021-10-21,601519,7.78,7.76,7.86,7.72,94285,73424705.0,1.79,-0.64,-0.05,0.47,1.94,2.85,2.98,2.07,2.33,1.81,1.94,1.04,1.81,1.94,7.79,7.82,7.88,8.01,0.0,-9.02,-9.92,-11.34,-11.47,-10.7,-9.02,-10.44,-10.95,-11.34
2021-10-22,601519,7.73,7.08,7.76,7.0,434423,315893008.0,9.79,-8.76,-0.68,2.19,13.43,13.57,12.57,12.86,12.29,12.43,11.43,12.29,12.43,12.29,7.65,7.74,7.83,7.97,-0.28,-1.27,-2.82,-2.97,-2.12,-0.28,-1.84,-2.4,-2.82,-3.67
2021-10-25,601519,7.06,6.97,7.06,6.6,226117,154168508.0,6.5,-1.55,-0.11,1.14,20.45,19.39,19.7,19.09,19.24,18.18,19.09,19.24,19.09,17.58,7.49,7.65,7.78,7.93,0.29,-1.29,-1.43,-0.57,1.29,-0.29,-0.86,-1.29,-2.15,-1.43
2021-10-26,601519,6.92,6.86,6.99,6.83,118828,81970810.0,2.3,-1.58,-0.11,0.6,15.37,15.67,15.08,15.23,14.2,15.08,15.23,15.08,13.62,3.37,7.3,7.55,7.72,7.89,0.29,0.15,1.02,2.92,1.31,0.73,0.29,-0.58,0.15,0.58
2021-10-27,601519,6.85,6.72,6.88,6.63,135297,90696886.0,3.64,-2.04,-0.14,0.68,19.16,18.55,18.7,17.65,18.55,18.7,18.55,17.04,6.49,5.43,7.08,7.44,7.66,7.84,2.23,3.12,5.06,3.42,2.83,2.38,1.49,2.23,2.68,4.32
2021-10-28,601519,6.7,6.74,6.87,6.67,105748,71750100.0,2.98,0.3,0.02,0.53,17.84,17.99,16.94,17.84,17.99,17.84,16.34,5.85,4.8,3.15,6.87,7.33,7.6,7.79,2.82,4.75,3.12,2.52,2.08,1.19,1.93,2.37,4.01,12.76
2021-10-29,601519,6.71,6.88,6.93,6.68,98164,67190222.0,3.71,2.08,0.14,0.49,17.81,16.77,17.66,17.81,17.66,16.17,5.69,4.64,2.99,2.84,6.83,7.24,7.55,7.74,2.62,1.02,0.44,0.0,-0.87,-0.15,0.29,1.89,10.47,5.81
2021-11-01,601519,6.88,6.95,7.06,6.83,114550,79575184.0,3.34,1.02,0.07,0.58,14.2,15.08,15.23,15.08,13.62,3.37,2.34,0.73,0.59,1.46,6.83,7.16,7.5,7.69,0.0,-0.58,-1.01,-1.87,-1.15,-0.72,0.86,9.35,4.75,4.46
2021-11-02,601519,6.95,6.82,6.95,6.68,114055,77875690.0,3.88,-1.87,-0.13,0.57,17.66,17.81,17.66,16.17,5.69,4.64,2.99,2.84,3.74,5.69,6.82,7.06,7.44,7.64,1.32,0.88,0.0,0.73,1.17,2.79,11.44,6.74,6.45,5.28
2021-11-03,601519,6.87,6.84,6.91,6.75,65991,45013636.0,2.35,0.29,0.02,0.33,16.59,16.44,14.96,4.59,3.56,1.93,1.78,2.67,4.59,2.96,6.85,6.96,7.39,7.59,0.58,-0.29,0.44,0.88,2.49,11.11,6.43,6.14,4.97,4.39
2021-11-04,601519,6.84,6.81,6.88,6.77,76134,51814259.0,1.61,-0.44,-0.03,0.38,16.1,14.62,4.28,3.25,1.62,1.48,2.36,4.28,2.66,2.07,6.86,6.87,7.34,7.54,0.15,0.88,1.32,2.94,11.6,6.9,6.61,5.43,4.85,4.26
2021-11-05,601519,6.8,6.77,6.82,6.76,71442,48497874.0,0.88,-0.59,-0.04,0.36,14.79,4.44,3.4,1.78,1.63,2.51,4.44,2.81,2.22,1.78,6.84,6.84,7.29,7.5,1.48,1.92,3.55,12.26,7.53,7.24,6.06,5.47,4.87,8.12
2021-11-08,601519,6.79,6.84,6.87,6.71,76604,52094380.0,2.36,1.03,0.07,0.39,5.22,4.17,2.53,2.38,3.28,5.22,3.58,2.98,2.53,1.64,6.82,6.82,7.23,7.46,0.88,2.49,11.11,6.43,6.14,4.97,4.39,3.8,7.02,6.29
2021-11-09,601519,6.83,6.89,6.9,6.8,72433,49679956.0,1.46,0.73,0.05,0.36,2.79,1.18,1.03,1.91,3.82,2.21,1.62,1.18,0.29,1.03,6.83,6.83,7.19,7.42,1.74,10.3,5.66,5.37,4.21,3.63,3.05,6.24,5.52,6.53
2021-11-10,601519,6.88,6.94,7.01,6.84,104012,72121730.0,2.47,0.73,0.05,0.52,0.58,0.44,1.32,3.22,1.61,1.02,0.58,-0.29,0.44,0.88,6.85,6.85,7.14,7.39,9.51,4.9,4.61,3.46,2.88,2.31,5.48,4.76,5.76,4.9
2021-11-11,601519,6.99,7.26,7.6,6.99,306793,223616641.0,8.79,4.61,0.32,1.54,-1.72,-0.86,1.0,-0.57,-1.14,-1.57,-2.43,-1.72,-1.29,0.29,6.94,6.9,7.12,7.36,0.28,0.0,-1.1,-1.65,-2.2,0.83,0.14,1.1,0.28,-0.14
2021-11-12,601519,7.18,7.17,7.28,7.13,136455,98000779.0,2.07,-1.24,-0.09,0.69,-2.81,-0.98,-2.52,-3.09,-3.51,-4.35,-3.65,-3.23,-1.68,6.59,7.02,6.93,7.09,7.34,1.26,0.14,-0.42,-0.98,2.09,1.39,2.37,1.53,1.12,0.42
2021-11-15,601519,7.18,7.14,7.26,7.07,115015,82032325.0,2.65,-0.42,-0.03,0.58,-0.14,-1.7,-2.26,-2.69,-3.54,-2.83,-2.4,-0.85,7.5,2.97,7.08,6.95,7.05,7.31,0.56,0.0,-0.56,2.52,1.82,2.8,1.96,1.54,0.84,-0.98
2021-11-16,601519,7.12,7.06,7.18,7.04,88278,62700189.0,1.96,-1.12,-0.08,0.44,-1.28,-1.85,-2.27,-3.12,-2.41,-1.99,-0.43,7.95,3.41,3.12,7.11,6.97,7.02,7.28,1.13,0.57,3.68,2.97,3.97,3.12,2.69,1.98,0.14,1.27
2021-11-17,601519,7.05,7.1,7.14,7.02,70277,49819250.0,1.7,0.57,0.04,0.35,-1.57,-1.99,-2.85,-2.14,-1.71,-0.14,8.26,3.7,3.42,2.28,7.15,7.0,6.98,7.26,0.0,3.1,2.39,3.38,2.54,2.11,1.41,-0.42,0.7,1.41
2021-11-18,601519,7.1,7.01,7.1,7.01,73999,52069293.0,1.27,-1.27,-0.09,0.37,-1.85,-2.71,-2.0,-1.57,0.0,8.42,3.85,3.57,2.43,1.85,7.1,7.02,6.94,7.23,4.42,3.71,4.71,3.85,3.42,2.71,0.86,2.0,2.71,3.28
2021-11-19,601519,7.05,7.22,7.32,6.99,199427,143159752.0,4.71,3.0,0.21,1.0,-2.43,-1.72,-1.29,0.29,8.73,4.15,3.86,2.72,2.15,1.57,7.11,7.06,6.95,7.21,0.69,1.66,0.83,0.42,-0.28,-2.08,-0.97,-0.28,0.28,-0.55
2021-11-22,601519,7.15,7.19,7.27,7.13,140050,100880119.0,1.94,-0.42,-0.03,0.7,-3.65,-3.23,-1.68,6.59,2.1,1.82,0.7,0.14,-0.42,2.66,7.12,7.1,6.96,7.19,2.09,1.25,0.83,0.14,-1.67,-0.56,0.14,0.7,-0.14,2.09
2021-11-23,601519,7.12,7.24,7.34,7.11,153490,111536557.0,3.2,0.7,0.05,0.77,-2.95,-1.41,6.89,2.39,2.11,0.98,0.42,-0.14,2.95,2.25,7.15,7.13,6.98,7.17,0.55,0.14,-0.55,-2.35,-1.24,-0.55,0.0,-0.83,1.38,0.28
2021-11-24,601519,7.2,7.23,7.28,7.18,92411,66952218.0,1.38,-0.14,-0.01,0.46,-2.37,5.85,1.39,1.11,0.0,-0.56,-1.11,1.95,1.25,2.23,7.18,7.16,7.01,7.15,0.28,-0.41,-2.21,-1.11,-0.41,0.14,-0.69,1.52,0.41,0.28
2021-11-25,601519,7.23,7.18,7.25,7.15,73826,53067818.0,1.38,-0.69,-0.05,0.37,6.29,1.82,1.54,0.42,-0.14,-0.7,2.38,1.68,2.66,1.82,7.21,7.15,7.03,7.13,0.28,-1.53,-0.42,0.28,0.84,0.0,2.23,1.11,0.97,5.85
2021-11-26,601519,7.19,7.12,7.2,7.1,82514,58915354.0,1.39,-0.84,-0.06,0.42,2.54,2.25,1.13,0.56,0.0,3.1,2.39,3.38,2.54,2.11,7.19,7.15,7.04,7.11,-0.7,0.42,1.12,1.69,0.84,3.09,1.97,1.83,6.74,3.65
2021-11-29,601519,7.05,7.0,7.07,6.97,90042,63213809.0,1.4,-1.69,-0.12,0.45,4.16,3.01,2.44,1.87,5.02,4.3,5.31,4.45,4.02,3.3,7.15,7.13,7.04,7.08,2.14,2.86,3.43,2.57,4.86,3.71,3.57,8.57,5.43,14.29
2021-11-30,601519,6.99,7.07,7.15,6.99,90496,64083783.0,2.29,1.0,0.07,0.46,2.72,2.15,1.57,4.72,4.01,5.01,4.15,3.72,3.0,1.14,7.12,7.14,7.05,7.06,1.84,2.4,1.56,3.82,2.69,2.55,7.5,4.38,13.15,7.36
2021-12-01,601519,7.05,7.17,7.2,7.02,100508,71744198.0,2.55,1.41,0.1,0.51,1.71,1.14,4.27,3.56,4.56,3.7,3.28,2.56,0.71,1.85,7.11,7.14,7.07,7.03,0.98,0.14,2.37,1.26,1.12,6.0,2.93,11.58,5.86,8.65
2021-12-02,601519,7.19,7.11,7.24,7.11,99199,71199993.0,1.81,-0.84,-0.06,0.5,-0.14,2.95,2.25,3.23,2.39,1.97,1.27,-0.56,0.56,1.27,7.09,7.15,7.09,7.01,0.98,3.23,2.11,1.97,6.89,3.8,12.52,6.75,9.56,8.16
2021-12-03,601519,7.12,7.12,7.18,7.11,68132,48618941.0,0.98,0.14,0.01,0.34,2.95,2.25,3.23,2.39,1.97,1.27,-0.56,0.56,1.27,1.83,7.09,7.14,7.1,7.01,3.09,1.97,1.83,6.74,3.65,12.36,6.6,9.41,8.01,9.27
2021-12-06,601519,7.15,7.14,7.34,7.13,203464,147444865.0,2.95,0.28,0.02,1.02,1.96,2.95,2.1,1.68,0.98,-0.84,0.28,0.98,1.54,0.7,7.12,7.14,7.12,7.02,1.68,1.54,6.44,3.36,12.04,6.3,9.1,7.7,8.96,7.84
2021-12-07,601519,7.2,7.11,7.26,7.05,122134,87125079.0,2.94,-0.42,-0.03,0.61,4.11,3.26,2.84,2.13,0.28,1.42,2.13,2.7,1.84,4.11,7.13,7.12,7.13,7.03,1.97,6.89,3.8,12.52,6.75,9.56,8.16,9.42,8.3,7.31
2021-12-08,601519,7.16,7.21,7.25,7.08,124348,89296011.0,2.39,1.41,0.1,0.63,2.82,2.4,1.69,-0.14,0.99,1.69,2.26,1.41,3.67,2.54,7.14,7.12,7.14,7.04,5.41,2.36,10.96,5.27,8.04,6.66,7.91,6.8,5.83,6.8
2021-12-09,601519,7.2,7.38,7.6,7.17,408104,302772224.0,5.96,2.36,0.17,2.05,1.12,0.42,-1.39,-0.28,0.42,0.98,0.14,2.37,1.26,1.12,7.19,7.14,7.15,7.07,0.0,8.4,2.85,5.56,4.2,5.42,4.34,3.39,4.34,2.44
2021-12-10,601519,7.23,7.27,7.38,7.23,172466,125675375.0,2.03,-1.49,-0.11,0.87,-0.41,-2.21,-1.11,-0.41,0.14,-0.69,1.52,0.41,0.28,5.12,7.22,7.16,7.15,7.08,10.04,4.4,7.15,5.78,7.02,5.91,4.95,5.91,3.99,2.89
2021-12-13,601519,7.54,7.66,8.0,7.45,788613,618069184.0,7.57,5.36,0.39,3.97,-5.1,-4.03,-3.36,-2.82,-3.62,-1.48,-2.55,-2.68,2.01,-0.94,7.33,7.22,7.18,7.1,-0.91,1.7,0.39,1.57,0.52,-0.39,0.52,-1.31,-2.35,-3.79
2021-12-14,601519,7.4,7.58,7.59,7.35,470640,352088032.0,3.13,-1.04,-0.08,2.37,-2.72,-2.04,-1.5,-2.31,-0.14,-1.22,-1.36,3.4,0.41,8.84,7.42,7.27,7.21,7.13,2.77,1.45,2.64,1.58,0.66,1.58,-0.26,-1.32,-2.77,-2.24
2021-12-15,601519,7.44,7.57,7.79,7.44,290864,221653372.0,4.62,-0.13,-0.01,1.46,-3.23,-2.69,-3.49,-1.34,-2.42,-2.55,2.15,-0.81,7.53,2.02,7.49,7.31,7.23,7.15,1.59,2.77,1.72,0.79,1.72,-0.13,-1.19,-2.64,-2.11,-2.51
2021-12-16,601519,7.54,7.69,7.69,7.54,220374,168329174.0,1.98,1.59,0.12,1.11,-3.98,-4.77,-2.65,-3.71,-3.85,0.8,-2.12,6.1,0.66,3.32,7.55,7.37,7.26,7.18,1.17,0.13,-0.78,0.13,-1.69,-2.73,-4.16,-3.64,-4.03,-3.51
2021-12-17,601519,7.66,7.67,7.78,7.56,245570,187869760.0,2.86,-0.26,-0.02,1.24,-5.03,-2.91,-3.97,-4.1,0.53,-2.38,5.82,0.4,3.04,1.72,7.63,7.43,7.29,7.21,0.39,-0.52,0.39,-1.43,-2.48,-3.91,-3.39,-3.78,-3.26,-3.52
2021-12-20,601519,7.6,7.47,7.7,7.45,180183,135901052.0,3.26,-2.61,-0.2,0.91,-1.48,-2.55,-2.68,2.01,-0.94,7.38,1.88,4.56,3.22,4.43,7.6,7.46,7.3,7.23,2.14,3.08,1.2,0.13,-1.34,-0.8,-1.2,-0.67,-0.94,0.13
2021-12-21,601519,7.47,7.61,7.63,7.39,228697,171969314.0,3.21,1.87,0.14,1.15,-1.76,-1.89,2.84,-0.14,8.25,2.71,5.41,4.06,5.28,4.19,7.6,7.51,7.32,7.26,1.18,-0.66,-1.71,-3.15,-2.63,-3.02,-2.5,-2.76,-1.71,-0.79
2021-12-22,601519,7.6,7.53,7.7,7.49,166506,125998549.0,2.76,-1.05,-0.08,0.84,-3.2,1.47,-1.47,6.81,1.34,4.01,2.67,3.87,2.8,1.87,7.59,7.54,7.33,7.28,0.4,-0.66,-2.12,-1.59,-1.99,-1.46,-1.73,-0.66,0.27,-1.86
2021-12-23,601519,7.55,7.44,7.56,7.42,144975,108387858.0,1.86,-1.2,-0.09,0.73,2.43,-0.54,7.82,2.29,4.99,3.64,4.85,3.77,2.83,3.77,7.54,7.55,7.35,7.28,0.54,-0.94,-0.4,-0.81,-0.27,-0.54,0.54,1.48,-0.67,-0.67
2021-12-24,601519,7.44,7.3,7.48,7.27,142441,104820946.0,2.82,-1.88,-0.14,0.72,1.51,10.04,4.4,7.15,5.78,7.02,5.91,4.95,5.91,3.99,7.47,7.55,7.36,7.29,0.96,1.51,1.1,1.64,1.37,2.47,3.42,1.23,1.23,0.0
2021-12-27,601519,7.3,7.34,7.37,7.24,101976,74533283.0,1.78,0.55,0.04,0.51,10.5,4.83,7.6,6.22,7.46,6.35,5.39,6.35,4.42,3.31,7.44,7.52,7.37,7.29,0.95,0.54,1.09,0.82,1.91,2.86,0.68,0.68,-0.54,-1.09
2021-12-28,601519,7.3,7.39,7.41,7.3,112778,82967026.0,1.5,0.68,0.05,0.57,3.97,6.71,5.34,6.58,5.48,4.52,5.48,3.56,2.47,0.96,7.4,7.5,7.39,7.3,-0.14,0.41,0.14,1.22,2.17,0.0,0.0,-1.22,-1.76,-2.44
2021-12-29,601519,7.38,7.27,7.38,7.26,94244,68836739.0,1.62,-1.62,-0.12,0.47,7.3,5.92,7.16,6.06,5.1,6.06,4.13,3.03,1.52,2.07,7.35,7.47,7.39,7.31,2.06,1.79,2.89,3.85,1.65,1.65,0.41,-0.14,-0.83,0.0
2021-12-30,601519,7.26,7.35,7.42,7.24,113658,83652020.0,2.48,1.1,0.08,0.57,6.22,7.46,6.35,5.39,6.35,4.42,3.31,1.8,2.35,1.93,7.33,7.44,7.41,7.32,0.68,1.77,2.72,0.54,0.54,-0.68,-1.22,-1.9,-1.09,-2.72
2021-12-31,601519,7.36,7.37,7.4,7.29,111448,81975268.0,1.5,0.27,0.02,0.56,6.72,5.62,4.66,5.62,3.7,2.61,1.1,1.65,1.23,1.78,7.34,7.41,7.42,7.33,1.49,2.44,0.27,0.27,-0.95,-1.49,-2.17,-1.36,-2.99,-1.9
2022-01-04,601519,7.39,7.47,7.48,7.31,130705,96756334.0,2.31,1.36,0.1,0.66,5.34,4.38,5.34,3.42,2.33,0.82,1.37,0.96,1.5,1.23,7.37,7.41,7.43,7.34,1.07,-1.07,-1.07,-2.28,-2.81,-3.48,-2.68,-4.28,-3.21,-0.27
2022-01-05,601519,7.47,7.37,7.55,7.33,157526,117265222.0,2.95,-1.34,-0.1,0.79,4.09,5.05,3.14,2.05,0.55,1.09,0.68,1.23,0.95,2.05,7.37,7.38,7.45,7.34,0.27,0.27,-0.95,-1.49,-2.17,-1.36,-2.99,-1.9,1.09,0.54
2022-01-06,601519,7.31,7.29,7.39,7.23,139942,102324222.0,2.17,-1.09,-0.08,0.7,6.5,4.56,3.46,1.94,2.49,2.07,2.63,2.35,3.46,4.43,7.37,7.36,7.45,7.34,1.37,0.14,-0.41,-1.1,-0.27,-1.92,-0.82,2.19,1.65,3.29
2022-01-07,601519,7.32,7.25,7.39,7.24,131986,96498627.0,2.06,-0.55,-0.04,0.66,4.42,3.31,1.8,2.35,1.93,2.49,2.21,3.31,4.28,2.07,7.35,7.34,7.44,7.34,0.69,0.14,-0.55,0.28,-1.38,-0.28,2.76,2.21,3.86,2.76
2022-01-10,601519,7.26,7.22,7.3,7.16,99957,72162914.0,1.93,-0.41,-0.03,0.5,4.47,2.93,3.49,3.07,3.63,3.35,4.47,5.45,3.21,3.21,7.32,7.33,7.44,7.35,0.55,-0.14,0.69,-0.97,0.14,3.19,2.63,4.29,3.19,0.42
2022-01-11,601519,7.18,7.17,7.26,7.16,92942,66943451.0,1.39,-0.69,-0.05,0.47,2.93,3.49,3.07,3.63,3.35,4.47,5.45,3.21,3.21,1.96,7.26,7.31,7.42,7.35,0.56,1.39,-0.28,0.84,3.91,3.35,5.02,3.91,1.12,-0.7
2022-01-12,601519,7.18,7.21,7.21,7.13,92693,66470003.0,1.12,0.56,0.04,0.47,3.93,3.51,4.07,3.79,4.91,5.89,3.65,3.65,2.38,1.82,7.23,7.3,7.4,7.36,0.83,-0.83,0.28,3.33,2.77,4.44,3.33,0.55,-1.25,-4.3
2022-01-13,601519,7.24,7.16,7.27,7.16,90643,65375519.0,1.53,-0.69,-0.05,0.46,3.07,3.63,3.35,4.47,5.45,3.21,3.21,1.96,1.4,0.7,7.2,7.29,7.38,7.36,-0.14,0.98,4.05,3.49,5.17,4.05,1.26,-0.56,-3.63,-4.61
2022-01-14,601519,7.15,7.03,7.15,7.02,115213,81380399.0,1.82,-1.82,-0.13,0.58,5.7,5.41,6.55,7.55,5.27,5.27,3.99,3.42,2.71,3.56,7.16,7.25,7.35,7.35,2.84,5.97,5.41,7.11,5.97,3.13,1.28,-1.85,-2.84,-2.13
2022-01-17,601519,7.03,7.21,7.23,7.03,134130,96100688.0,2.84,2.56,0.18,0.67,5.26,6.4,7.4,5.12,5.12,3.84,3.27,2.56,3.41,1.71,7.16,7.24,7.32,7.36,3.33,2.77,4.44,3.33,0.55,-1.25,-4.3,-5.27,-4.58,-4.3
2022-01-18,601519,7.24,7.26,7.45,7.17,226948,166091664.0,3.88,0.69,0.05,1.14,4.32,5.3,3.07,3.07,1.81,1.26,0.56,1.39,-0.28,0.84,7.17,7.22,7.31,7.36,2.07,3.72,2.62,-0.14,-1.93,-4.96,-5.92,-5.23,-4.96,-3.44
2022-01-19,601519,7.23,7.31,7.41,7.22,145721,106605163.0,2.62,0.69,0.05,0.73,4.57,2.35,2.35,1.11,0.55,-0.14,0.69,-0.97,0.14,3.19,7.19,7.21,7.3,7.37,3.01,1.92,-0.82,-2.6,-5.61,-6.57,-5.88,-5.61,-4.1,-1.78
2022-01-20,601519,7.23,7.46,7.53,7.22,306262,226649458.0,4.24,2.05,0.15,1.54,2.35,2.35,1.11,0.55,-0.14,0.69,-0.97,0.14,3.19,2.63,7.25,7.23,7.29,7.38,-0.13,-2.82,-4.56,-7.51,-8.45,-7.77,-7.51,-6.03,-3.75,-4.56
2022-01-21,601519,7.35,7.27,7.45,7.23,197542,144569895.0,2.95,-2.55,-0.19,0.99,2.21,0.97,0.41,-0.28,0.55,-1.11,0.0,3.04,2.49,4.15,7.3,7.23,7.29,7.37,-0.28,-2.06,-5.09,-6.05,-5.36,-5.09,-3.58,-1.24,-2.06,-0.96
2022-01-24,601519,7.2,7.09,7.25,7.07,125283,89696271.0,2.48,-2.48,-0.18,0.63,3.25,2.69,1.98,2.83,1.13,2.26,5.37,4.81,6.51,5.37,7.28,7.22,7.27,7.37,0.42,-2.68,-3.67,-2.96,-2.68,-1.13,1.27,0.42,1.55,-1.69
2022-01-25,601519,7.07,6.76,7.12,6.75,206846,142110086.0,5.22,-4.65,-0.33,1.04,7.56,6.81,7.7,5.93,7.11,10.37,9.78,11.56,10.37,7.41,7.18,7.18,7.25,7.34,2.07,1.04,1.78,2.07,3.7,6.21,5.33,6.51,3.11,2.22
2022-01-26,601519,6.79,6.82,6.9,6.76,106141,72505853.0,2.07,0.89,0.06,0.53,6.66,7.54,5.77,6.95,10.21,9.62,11.39,10.21,7.25,5.33,7.08,7.14,7.22,7.31,0.15,0.88,1.17,2.79,5.28,4.4,5.57,2.2,1.32,2.93
2022-01-27,601519,6.81,6.7,6.83,6.62,104938,70339592.0,3.08,-1.76,-0.12,0.53,9.82,8.01,9.21,12.54,11.93,13.75,12.54,9.52,7.55,4.23,6.93,7.09,7.19,7.28,2.69,2.99,4.63,7.16,6.27,7.46,4.03,3.13,4.78,3.43
2022-01-28,601519,6.8,6.74,6.88,6.71,95334,64705378.0,2.54,0.6,0.04,0.48,6.56,7.75,11.03,10.43,12.22,11.03,8.05,6.11,2.83,1.79,6.82,7.06,7.16,7.25,2.37,4.01,6.53,5.64,6.82,3.41,2.52,4.15,2.82,2.37
2022-02-07,601519,6.85,6.86,6.9,6.8,80894,55435508.0,1.48,1.78,0.12,0.41,6.32,9.56,8.97,10.74,9.56,6.62,4.71,1.47,0.44,1.18,6.78,7.03,7.13,7.22,2.19,4.66,3.79,4.96,1.6,0.73,2.33,1.02,0.58,2.48
2022-02-08,601519,6.86,7.0,7.01,6.81,101820,70382264.0,2.92,2.04,0.14,0.51,9.4,8.81,10.57,9.4,6.46,4.55,1.32,0.29,1.03,1.32,6.82,7.0,7.11,7.21,2.57,1.71,2.86,-0.43,-1.29,0.29,-1.0,-1.43,0.43,0.14
2022-02-09,601519,6.99,7.08,7.18,6.95,122243,86346425.0,3.29,1.14,0.08,0.61,6.62,8.35,7.19,4.32,2.45,-0.72,-1.73,-1.01,-0.72,0.86,6.88,6.98,7.09,7.19,0.56,1.69,-1.55,-2.4,-0.85,-2.12,-2.54,-0.71,-0.99,-0.99
2022-02-10,601519,7.09,7.05,7.12,7.01,78879,55532876.0,1.55,-0.42,-0.03,0.4,7.42,6.28,3.42,1.57,-1.57,-2.57,-1.85,-1.57,0.0,2.43,6.95,6.94,7.08,7.17,2.13,-1.13,-1.99,-0.43,-1.7,-2.13,-0.28,-0.57,-0.57,0.14
2022-02-11,601519,7.01,7.04,7.2,7.0,122585,86865049.0,2.84,-0.14,-0.01,0.62,6.43,3.57,1.71,-1.43,-2.43,-1.71,-1.43,0.14,2.57,1.71,7.01,6.91,7.07,7.16,-0.99,-1.85,-0.28,-1.56,-1.99,-0.14,-0.43,-0.43,0.28,-2.56
2022-02-14,601519,6.96,6.87,6.97,6.81,116223,80061390.0,2.27,-2.41,-0.17,0.58,6.46,4.55,1.32,0.29,1.03,1.32,2.94,5.43,4.55,5.73,7.01,6.89,7.05,7.15,0.58,2.18,0.87,0.44,2.33,2.04,2.04,2.77,-0.15,-0.87
2022-02-15,601519,6.86,6.87,6.91,6.82,54672,37513498.0,1.31,0.0,0.0,0.28,4.4,1.17,0.15,0.88,1.17,2.79,5.28,4.4,5.57,2.2,6.98,6.9,7.04,7.13,2.18,0.87,0.44,2.33,2.04,2.04,2.77,-0.15,-0.87,-0.58
2022-02-16,601519,6.88,6.92,7.02,6.88,59426,41141831.0,2.04,0.73,0.05,0.3,0.29,-0.73,0.0,0.29,1.89,4.36,3.49,4.65,1.31,0.44,6.95,6.91,7.03,7.12,0.14,-0.29,1.59,1.3,1.3,2.02,-0.87,-1.59,-1.3,-1.45
2022-02-17,601519,6.92,6.83,6.93,6.82,67944,46624628.0,1.59,-1.3,-0.09,0.34,0.15,0.88,1.17,2.79,5.28,4.4,5.57,2.2,1.32,2.93,6.91,6.93,7.01,7.1,1.02,2.93,2.64,2.64,3.37,0.44,-0.29,0.0,-0.15,0.15
2022-02-18,601519,6.79,6.9,6.9,6.78,74650,51228116.0,1.76,1.02,0.07,0.38,1.47,1.77,3.39,5.9,5.01,6.19,2.8,1.92,3.54,2.21,6.88,6.94,7.0,7.09,1.88,1.59,1.59,2.32,-0.58,-1.3,-1.01,-1.16,-0.87,-1.45
2022-02-21,601519,6.92,7.03,7.03,6.89,106991,74523725.0,2.03,1.88,0.13,0.54,0.15,1.74,4.21,3.34,4.5,1.16,0.29,1.89,0.58,0.15,6.91,6.96,6.99,7.07,-0.28,-0.28,0.43,-2.42,-3.13,-2.84,-2.99,-2.7,-3.27,-4.84
2022-02-22,601519,7.01,6.9,7.01,6.87,110911,76884294.0,1.99,-1.85,-0.13,0.56,2.04,4.51,3.64,4.8,1.46,0.58,2.18,0.87,0.44,2.33,6.92,6.95,6.98,7.06,1.59,2.32,-0.58,-1.3,-1.01,-1.16,-0.87,-1.45,-3.04,-3.62
2022-02-23,601519,6.92,6.98,7.01,6.9,91378,63650968.0,1.59,1.16,0.08,0.46,4.06,3.19,4.35,1.01,0.14,1.74,0.43,0.0,1.88,1.59,6.93,6.94,6.96,7.04,1.15,-1.72,-2.44,-2.15,-2.29,-2.01,-2.58,-4.15,-4.73,-7.59
2022-02-24,601519,6.93,6.77,7.06,6.68,184895,126526515.0,5.44,-3.01,-0.21,0.93,6.59,7.78,4.34,3.44,5.09,3.74,3.29,5.24,4.94,4.94,6.92,6.91,6.92,7.03,1.33,0.59,0.89,0.74,1.03,0.44,-1.18,-1.77,-4.73,-6.65
2022-02-25,601519,6.82,6.76,6.86,6.76,86632,58918002.0,1.48,-0.15,-0.01,0.44,6.51,3.11,2.22,3.85,2.51,2.07,3.99,3.7,3.7,4.44,6.89,6.88,6.9,7.01,0.74,1.04,0.89,1.18,0.59,-1.04,-1.63,-4.59,-6.51,-0.89
2022-02-28,601519,6.8,6.78,6.81,6.65,71229,47888507.0,2.37,0.3,0.02,0.36,4.81,3.91,5.56,4.21,3.76,5.71,5.41,5.41,6.17,3.16,6.84,6.87,6.88,6.99,0.74,0.59,0.88,0.29,-1.33,-1.92,-4.87,-6.78,-1.18,-4.42
2022-03-01,601519,6.78,6.81,6.83,6.75,61544,41771238.0,1.18,0.44,0.03,0.31,2.37,4.0,2.67,2.22,4.15,3.85,3.85,4.59,1.63,0.89,6.82,6.87,6.89,6.98,0.15,0.44,-0.15,-1.76,-2.35,-5.29,-7.2,-1.62,-4.85,-4.85
2022-03-02,601519,6.78,6.81,6.82,6.73,61840,41978254.0,1.32,0.0,0.0,0.31,4.31,2.97,2.53,4.46,4.16,4.16,4.9,1.93,1.19,1.49,6.79,6.86,6.89,6.97,0.44,-0.15,-1.76,-2.35,-5.29,-7.2,-1.62,-4.85,-4.85,-3.08
2022-03-03,601519,6.82,6.78,6.84,6.77,71442,48569583.0,1.03,-0.44,-0.03,0.36,2.36,1.92,3.84,3.55,3.55,4.28,1.33,0.59,0.89,0.74,6.79,6.85,6.89,6.96,0.29,-1.33,-1.92,-4.87,-6.78,-1.18,-4.42,-4.42,-2.65,-1.47
2022-03-04,601519,6.76,6.71,6.8,6.68,82303,55372650.0,1.77,-1.03,-0.07,0.41,3.29,5.24,4.94,4.94,5.69,2.69,1.95,2.25,2.1,2.4,6.78,6.83,6.89,6.95,-0.3,-0.89,-3.87,-5.81,-0.15,-3.43,-3.43,-1.64,-0.45,-2.38
2022-03-07,601519,6.69,6.63,6.69,6.61,80112,53240718.0,1.19,-1.19,-0.08,0.4,6.35,6.05,6.05,6.81,3.78,3.03,3.33,3.18,3.48,2.87,6.75,6.79,6.88,6.93,0.3,-2.71,-4.68,1.06,-2.26,-2.26,-0.45,0.75,-1.21,-2.41
2022-03-08,601519,6.6,6.43,6.65,6.4,109654,71325645.0,3.77,-3.02,-0.2,0.55,9.53,9.53,10.31,7.19,6.41,6.72,6.56,6.87,6.25,4.53,6.67,6.75,6.85,6.9,0.31,-1.71,4.2,0.78,0.78,2.64,3.89,1.87,0.62,0.16
2022-03-09,601519,6.42,6.17,6.45,5.9,188290,115776431.0,8.55,-4.04,-0.26,0.95,18.81,19.66,16.27,15.42,15.76,15.59,15.93,15.25,13.39,12.71,6.54,6.66,6.8,6.86,2.43,8.59,5.02,5.02,6.97,8.27,6.16,4.86,4.38,5.19
2022-03-10,601519,6.25,6.18,6.32,6.16,101887,63606752.0,2.59,0.16,0.01,0.51,14.61,11.36,10.55,10.88,10.71,11.04,10.39,8.6,7.95,4.71,6.42,6.61,6.76,6.82,8.41,4.85,4.85,6.8,8.09,5.99,4.69,4.21,5.02,2.75
2022-03-11,601519,6.1,6.46,6.7,6.02,172171,108178289.0,11.0,4.53,0.28,0.87,13.95,13.12,13.46,13.29,13.62,12.96,11.13,10.47,7.14,4.98,6.37,6.58,6.73,6.79,0.31,0.31,2.17,3.41,1.39,0.15,-0.31,0.46,-1.7,-2.17
2022-03-14,601519,6.35,6.27,6.48,6.27,93992,59734721.0,3.25,-2.94,-0.19,0.47,8.61,8.93,8.77,9.09,8.45,6.7,6.06,2.87,0.8,6.86,6.3,6.52,6.7,6.76,3.35,5.26,6.54,4.47,3.19,2.71,3.51,1.28,0.8,0.16
2022-03-15,601519,6.25,6.13,6.48,6.12,154305,97800136.0,5.74,-2.23,-0.14,0.78,11.6,11.44,11.76,11.11,9.31,8.66,5.39,3.27,9.48,5.88,6.24,6.46,6.66,6.74,7.67,8.97,6.85,5.55,5.06,5.87,3.59,3.1,2.45,1.96
2022-03-16,601519,6.15,6.49,6.6,6.14,223150,142439648.0,7.5,5.87,0.36,1.12,11.07,11.4,10.75,8.96,8.31,5.05,2.93,9.12,5.54,5.54,6.31,6.42,6.64,6.73,2.93,0.92,-0.31,-0.77,0.0,-2.16,-2.62,-3.24,-3.7,-1.08
2022-03-17,601519,6.57,6.48,6.68,6.45,226297,147829670.0,3.54,-0.15,-0.01,1.14,6.05,5.43,3.72,3.1,0.0,-2.02,3.88,0.47,0.47,2.33,6.37,6.39,6.62,6.72,1.08,-0.15,-0.62,0.15,-2.01,-2.47,-3.09,-3.55,-0.93,-1.7
2022-03-18,601519,6.42,6.47,6.55,6.4,114769,74186200.0,2.31,-0.15,-0.01,0.58,6.25,4.53,3.91,0.78,-1.25,4.69,1.25,1.25,3.12,4.37,6.37,6.37,6.6,6.72,0.0,-0.46,0.31,-1.85,-2.32,-2.94,-3.4,-0.77,-1.55,-0.93
2022-03-21,601519,6.44,6.38,6.47,6.33,105675,67592579.0,2.16,-1.39,-0.09,0.53,5.69,5.06,1.9,-0.16,5.85,2.37,2.37,4.27,5.53,3.48,6.39,6.35,6.57,6.7,0.94,1.72,-0.47,-0.94,-1.57,-2.04,0.63,-0.16,0.47,0.78
2022-03-22,601519,6.38,6.35,6.44,6.31,75554,48119892.0,2.04,-0.47,-0.03,0.38,5.39,2.22,0.16,6.18,2.69,2.69,4.6,5.86,3.8,2.54,6.43,6.34,6.54,6.68,2.2,0.0,-0.47,-1.1,-1.57,1.1,0.31,0.94,1.26,1.42
2022-03-23,601519,6.49,6.36,6.49,6.34,61710,39383153.0,2.36,0.16,0.01,0.31,1.74,-0.32,5.68,2.21,2.21,4.1,5.36,3.31,2.05,1.58,6.41,6.36,6.51,6.65,-0.16,-0.63,-1.26,-1.73,0.94,0.16,0.79,1.1,1.26,0.79
2022-03-24,601519,6.33,6.23,6.35,6.22,77138,48429005.0,2.04,-2.04,-0.13,0.39,1.61,7.72,4.18,4.18,6.11,7.4,5.31,4.02,3.54,4.34,6.36,6.36,6.48,6.63,1.44,0.8,0.32,3.05,2.25,2.89,3.21,3.37,2.89,2.41
2022-03-25,601519,6.23,6.23,6.32,6.22,60502,37837399.0,1.61,0.0,0.0,0.3,7.72,4.18,4.18,6.11,7.4,5.31,4.02,3.54,4.34,2.09,6.31,6.34,6.46,6.6,0.8,0.32,3.05,2.25,2.89,3.21,3.37,2.89,2.41,4.01
2022-03-28,601519,6.17,6.22,6.28,6.14,55944,34767300.0,2.25,-0.16,-0.01,0.28,5.54,5.54,7.49,8.79,6.68,5.37,4.89,5.7,3.42,2.93,6.28,6.33,6.43,6.58,0.48,3.22,2.41,3.05,3.38,3.54,3.05,2.57,4.18,2.89
2022-03-29,601519,6.23,6.16,6.25,6.12,51641,31940111.0,2.09,-0.96,-0.06,0.26,5.88,7.84,9.15,7.03,5.72,5.23,6.05,3.76,3.27,2.61,6.24,6.34,6.4,6.55,4.22,3.41,4.06,4.38,4.55,4.06,3.57,5.19,3.9,4.71
2022-03-30,601519,6.19,6.35,6.42,6.19,133263,84299850.0,3.73,3.08,0.19,0.67,6.62,7.92,5.82,4.52,4.04,4.85,2.58,2.1,1.45,0.97,6.24,6.32,6.37,6.53,0.31,0.94,1.26,1.42,0.94,0.47,2.05,0.79,1.57,0.16
2022-03-31,601519,6.3,6.31,6.37,6.27,82189,51951203.0,1.57,-0.63,-0.04,0.41,6.54,4.47,3.19,2.71,3.51,1.28,0.8,0.16,-0.32,2.39,6.25,6.31,6.35,6.52,1.58,1.9,2.06,1.58,1.11,2.69,1.43,2.22,0.79,-1.74
2022-04-01,601519,6.27,6.38,6.41,6.26,91945,58552895.0,2.38,1.11,0.07,0.46,4.63,3.35,2.88,3.67,1.44,0.96,0.32,-0.16,2.56,1.76,6.28,6.3,6.33,6.5,0.78,0.94,0.47,0.0,1.57,0.31,1.1,-0.31,-2.82,-3.76
2022-04-06,601519,6.35,6.39,6.43,6.32,72293,46140633.0,1.72,0.16,0.01,0.36,2.37,1.9,2.69,0.47,0.0,-0.63,-1.11,1.58,0.79,1.42,6.32,6.3,6.32,6.48,0.78,0.31,-0.16,1.41,0.16,0.94,-0.47,-2.97,-3.91,-3.91
2022-04-07,601519,6.37,6.27,6.44,6.27,72379,45917387.0,2.66,-1.88,-0.12,0.36,2.71,3.51,1.28,0.8,0.16,-0.32,2.39,1.59,2.23,2.55,6.34,6.29,6.31,6.46,2.23,1.75,3.35,2.07,2.87,1.44,-1.12,-2.07,-2.07,-2.87
2022-04-08,601519,6.26,6.34,6.41,6.21,101602,64052878.0,3.19,1.12,0.07,0.51,4.51,2.25,1.77,1.13,0.64,3.38,2.58,3.22,3.54,3.7,6.34,6.29,6.32,6.44,0.63,2.21,0.95,1.74,0.32,-2.21,-3.15,-3.15,-3.94,-7.1
2022-04-11,601519,6.3,6.17,6.38,6.13,87862,54994488.0,3.94,-2.68,-0.17,0.44,3.59,3.1,2.45,1.96,4.73,3.92,4.57,4.89,5.06,4.57,6.31,6.28,6.32,6.42,5.02,3.73,4.54,3.08,0.49,-0.49,-0.49,-1.3,-4.54,-9.24
2022-04-12,601519,6.17,6.37,6.48,6.12,135000,85400066.0,5.83,3.24,0.2,0.68,3.27,2.61,2.12,4.9,4.08,4.74,5.07,5.23,4.74,4.25,6.31,6.3,6.32,6.4,0.47,1.26,-0.16,-2.67,-3.61,-3.61,-4.4,-7.54,-12.09,-17.11
2022-04-13,601519,6.36,6.3,6.4,6.3,78838,50006581.0,1.57,-1.1,-0.07,0.4,-0.32,-0.79,1.9,1.11,1.75,2.06,2.22,1.75,1.27,2.86,6.29,6.3,6.32,6.39,2.38,0.95,-1.59,-2.54,-2.54,-3.33,-6.51,-11.11,-16.19,-18.25
2022-04-14,601519,6.36,6.39,6.45,6.3,112135,71577984.0,2.38,1.43,0.09,0.56,-0.79,1.9,1.11,1.75,2.06,2.22,1.75,1.27,2.86,1.59,6.31,6.33,6.33,6.37,-0.47,-2.97,-3.91,-3.91,-4.69,-7.82,-12.36,-17.37,-19.41,-20.19
2022-04-15,601519,6.33,6.22,6.36,6.18,116651,73106747.0,2.82,-2.66,-0.17,0.59,3.88,3.07,3.72,4.05,4.21,3.72,3.24,4.85,3.56,4.37,6.29,6.31,6.32,6.35,-0.32,-1.29,-1.29,-2.09,-5.31,-9.97,-15.11,-17.2,-18.01,-13.99
2022-04-18,601519,6.18,6.11,6.2,5.99,83266,50631656.0,3.38,-1.77,-0.11,0.42,6.34,7.01,7.35,7.51,7.01,6.51,8.18,6.84,7.68,6.18,6.28,6.29,6.3,6.33,0.49,0.49,-0.33,-3.6,-8.35,-13.58,-15.71,-16.53,-12.44,-14.08
2022-04-19,601519,6.1,6.1,6.14,6.04,58971,35878827.0,1.64,-0.16,-0.01,0.3,6.13,6.46,6.62,6.13,5.63,7.28,5.96,6.79,5.3,2.65,6.22,6.27,6.28,6.31,0.66,-0.16,-3.44,-8.2,-13.44,-15.57,-16.39,-12.3,-13.93,-14.92
2022-04-20,601519,6.1,6.05,6.14,6.01,61981,37569467.0,2.13,-0.82,-0.05,0.31,6.99,7.15,6.66,6.16,7.82,6.49,7.32,5.82,3.16,2.16,6.17,6.23,6.27,6.29,0.66,-2.64,-7.44,-12.73,-14.88,-15.7,-11.57,-13.22,-14.21,-13.72
2022-04-21,601519,6.02,5.94,6.09,5.91,105200,62889080.0,2.98,-1.82,-0.11,0.53,8.97,8.46,7.95,9.64,8.29,9.14,7.61,4.91,3.89,3.89,6.08,6.2,6.24,6.28,-0.84,-5.72,-11.11,-13.3,-14.14,-9.93,-11.62,-12.63,-12.12,-11.45
2022-04-22,601519,5.89,5.72,5.89,5.7,114598,66537901.0,3.2,-3.7,-0.22,0.58,12.46,11.93,13.68,12.28,13.16,11.58,8.77,7.72,7.72,6.84,5.98,6.14,6.21,6.26,-2.1,-7.69,-9.97,-10.84,-6.47,-8.22,-9.27,-8.74,-8.04,-6.29
2022-04-25,601519,5.6,5.16,5.6,5.15,178202,95467075.0,7.87,-9.79,-0.56,0.9,23.88,25.83,24.27,25.24,23.5,20.39,19.22,19.22,18.25,14.37,5.79,6.04,6.16,6.23,2.33,-0.19,-1.16,3.68,1.74,0.58,1.16,1.94,3.88,1.94
2022-04-26,601519,5.2,4.91,5.28,4.88,144071,72730519.0,7.75,-4.84,-0.25,0.72,32.79,31.15,32.17,30.33,27.05,25.82,25.82,24.8,20.7,14.75,5.56,5.89,6.09,6.17,4.89,3.87,8.96,6.92,5.7,6.31,7.13,9.16,7.13,7.13
2022-04-27,601519,4.8,5.11,5.15,4.71,152925,75512901.0,8.96,4.07,0.2,0.77,35.88,36.94,35.03,31.63,30.36,30.36,29.3,25.05,18.9,12.1,5.37,5.77,6.04,6.14,-0.2,4.7,2.74,1.57,2.15,2.94,4.89,2.94,2.94,2.94
2022-04-28,601519,5.05,4.97,5.1,4.91,98689,49339574.0,3.72,-2.74,-0.14,0.5,31.36,29.53,26.27,25.05,25.05,24.03,19.96,14.05,7.54,4.89,5.17,5.63,5.98,6.1,7.65,5.63,4.43,5.03,5.84,7.85,5.84,5.84,5.84,4.63
2022-04-29,601519,5.15,5.25,5.35,5.05,158239,82398417.0,6.04,5.63,0.28,0.8,25.94,22.77,21.58,21.58,20.59,16.63,10.89,4.55,1.98,0.99,5.08,5.53,5.92,6.06,0.0,-1.14,-0.57,0.19,2.1,0.19,0.19,0.19,-0.95,0.19
2022-05-05,601519,5.17,5.16,5.25,5.14,88745,46084761.0,2.1,-1.71,-0.09,0.45,20.62,19.46,19.46,18.48,14.59,8.95,2.72,0.19,-0.78,4.09,5.08,5.44,5.87,6.01,0.58,1.16,1.94,3.88,1.94,1.94,1.94,0.78,1.94,1.36
2022-05-06,601519,5.05,5.09,5.19,5.0,67376,34360963.0,3.68,-1.36,-0.07,0.34,22.8,22.8,21.8,17.8,12.0,5.6,3.0,2.0,7.0,5.0,5.12,5.34,5.8,5.97,2.55,3.34,5.3,3.34,3.34,3.34,2.16,3.34,2.75,4.52
2022-05-09,601519,5.12,5.18,5.22,5.08,53838,27828506.0,2.75,1.77,0.09,0.27,20.87,19.88,15.94,10.24,3.94,1.38,0.39,5.31,3.35,2.17,5.13,5.25,5.74,5.93,1.54,3.47,1.54,1.54,1.54,0.39,1.54,0.97,2.7,5.41
2022-05-10,601519,5.12,5.23,5.26,5.09,72205,37540884.0,3.28,0.97,0.05,0.36,19.65,15.72,10.02,3.73,1.18,0.2,5.11,3.14,1.96,2.55,5.18,5.18,5.69,5.89,2.49,0.57,0.57,0.57,-0.57,0.57,0.0,1.72,4.4,5.35
2022-05-11,601519,5.22,5.2,5.36,5.19,126460,66853885.0,3.25,-0.57,-0.03,0.64,13.49,7.9,1.73,-0.77,-1.73,3.08,1.16,0.0,0.58,1.35,5.17,5.13,5.63,5.85,1.15,1.15,1.15,0.0,1.15,0.58,2.31,5.0,5.96,1.35
2022-05-12,601519,5.16,5.21,5.26,5.1,79344,41165495.0,3.08,0.19,0.01,0.4,9.8,3.53,0.98,0.0,4.9,2.94,1.76,2.35,3.14,5.1,5.18,5.13,5.58,5.82,0.96,0.96,-0.19,0.96,0.38,2.11,4.8,5.76,1.15,3.65
2022-05-13,601519,5.21,5.2,5.26,5.17,67592,35212232.0,1.73,-0.19,-0.01,0.34,2.13,-0.39,-1.35,3.48,1.55,0.39,0.97,1.74,3.68,1.74,5.2,5.16,5.53,5.78,1.15,0.0,1.15,0.58,2.31,5.0,5.96,1.35,3.85,3.27
2022-05-16,601519,5.22,5.17,5.26,5.17,61796,32131044.0,1.73,-0.58,-0.03,0.31,-0.39,-1.35,3.48,1.55,0.39,0.97,1.74,3.68,1.74,1.74,5.2,5.17,5.47,5.75,0.58,1.74,1.16,2.9,5.61,6.58,1.93,4.45,3.87,3.48
2022-05-17,601519,5.18,5.2,5.2,5.1,56947,29369134.0,1.93,0.58,0.03,0.29,0.0,4.9,2.94,1.76,2.35,3.14,5.1,3.14,3.14,3.14,5.2,5.19,5.41,5.71,1.15,0.58,2.31,5.0,5.96,1.35,3.85,3.27,2.88,3.85
2022-05-18,601519,5.21,5.23,5.26,5.18,76925,40276860.0,1.54,0.58,0.03,0.39,3.28,1.35,0.19,0.77,1.54,3.47,1.54,1.54,1.54,0.39,5.2,5.19,5.36,5.68,0.0,1.72,4.4,5.35,0.76,3.25,2.68,2.29,3.25,3.44
2022-05-19,601519,5.16,5.21,5.23,5.12,56073,29062130.0,2.1,-0.38,-0.02,0.28,2.54,1.37,1.95,2.73,4.69,2.73,2.73,2.73,1.56,2.73,5.2,5.19,5.31,5.64,2.11,4.8,5.76,1.15,3.65,3.07,2.69,3.65,3.84,4.61
2022-05-20,601519,5.19,5.29,5.32,5.18,90634,47731141.0,2.69,1.54,0.08,0.46,0.19,0.77,1.54,3.47,1.54,1.54,1.54,0.39,1.54,0.97,5.22,5.21,5.27,5.6,3.21,4.16,-0.38,2.08,1.51,1.13,2.08,2.27,3.02,8.88
2022-05-23,601519,5.29,5.46,5.46,5.25,131217,70718208.0,3.97,3.21,0.17,0.66,-0.57,0.19,2.1,0.19,0.19,0.19,-0.95,0.19,-0.38,1.33,5.28,5.24,5.24,5.57,0.92,-3.48,-1.1,-1.65,-2.01,-1.1,-0.92,-0.18,5.49,5.31
2022-05-24,601519,5.44,5.15,5.51,5.15,124451,66274059.0,6.59,-5.68,-0.31,0.63,2.14,4.08,2.14,2.14,2.14,0.97,2.14,1.55,3.3,6.02,5.27,5.23,5.21,5.54,2.33,4.85,4.27,3.88,4.85,5.05,5.83,11.84,11.65,12.43
2022-05-25,601519,5.2,5.23,5.27,5.16,75504,39432460.0,2.14,1.55,0.08,0.38,3.88,1.94,1.94,1.94,0.78,1.94,1.36,3.1,5.81,6.78,5.27,5.23,5.18,5.5,3.25,2.68,2.29,3.25,3.44,4.21,10.13,9.94,10.71,21.41
2022-05-26,601519,5.23,5.31,5.4,5.17,107015,56539302.0,4.4,1.53,0.08,0.54,1.74,1.74,1.74,0.58,1.74,1.16,2.9,5.61,6.58,1.93,5.29,5.24,5.19,5.47,1.13,0.75,1.69,1.88,2.64,8.47,8.29,9.04,19.59,24.29
2022-05-27,601519,5.32,5.28,5.37,5.22,77496,41002650.0,2.82,-0.56,-0.03,0.39,0.77,0.77,-0.38,0.77,0.19,1.92,4.6,5.56,0.96,3.45,5.29,5.25,5.21,5.43,1.33,2.27,2.46,3.22,9.09,8.9,9.66,20.27,25.0,18.94
2022-05-30,601519,5.24,5.31,5.35,5.24,74372,39409495.0,2.08,0.57,0.03,0.37,0.38,-0.76,0.38,-0.19,1.53,4.2,5.15,0.57,3.05,2.48,5.26,5.27,5.22,5.4,1.69,1.88,2.64,8.47,8.29,9.04,19.59,24.29,18.27,26.55
2022-05-31,601519,5.25,5.38,5.4,5.23,107412,57229220.0,3.2,1.32,0.07,0.54,-0.57,0.57,0.0,1.72,4.4,5.35,0.76,3.25,2.68,2.29,5.3,5.28,5.24,5.37,0.56,1.3,7.06,6.88,7.62,18.03,22.68,16.73,24.91,37.36
2022-06-01,601519,5.38,5.34,5.41,5.3,71479,38326947.0,2.04,-0.74,-0.04,0.36,-0.75,-1.32,0.38,3.02,3.96,-0.57,1.89,1.32,0.94,1.89,5.32,5.3,5.24,5.34,2.06,7.87,7.68,8.43,18.91,23.6,17.6,25.84,38.39,41.39
2022-06-02,601519,5.3,5.41,5.45,5.29,103420,55616204.0,3.0,1.31,0.07,0.52,-1.13,0.57,3.21,4.16,-0.38,2.08,1.51,1.13,2.08,2.27,5.34,5.32,5.25,5.31,6.47,6.28,7.02,17.38,22.0,16.08,24.21,36.6,39.56,28.47
2022-06-06,601519,5.38,5.63,5.76,5.36,221176,123584599.0,7.39,4.07,0.22,1.11,-0.75,1.87,2.8,-1.68,0.75,0.19,-0.19,0.75,0.93,1.68,5.41,5.35,5.28,5.3,2.13,2.84,12.79,17.23,11.55,19.36,31.26,34.1,23.45,18.65
2022-06-07,601519,5.62,5.59,5.75,5.55,161938,91344607.0,3.55,-0.71,-0.04,0.81,-1.62,-0.72,-5.05,-2.7,-3.24,-3.6,-2.7,-2.52,-1.8,3.78,5.47,5.36,5.3,5.28,3.58,13.6,18.07,12.34,20.21,32.2,35.06,24.33,19.5,17.53
2022-06-08,601519,5.58,5.77,5.79,5.54,238947,135681821.0,4.47,3.22,0.18,1.2,-0.54,-4.87,-2.53,-3.07,-3.43,-2.53,-2.35,-1.62,3.97,3.79,5.55,5.42,5.33,5.28,10.05,14.38,8.84,16.46,28.08,30.85,20.45,15.77,13.86,12.13
2022-06-09,601519,5.75,6.0,6.35,5.68,597765,367386112.0,11.61,3.99,0.23,3.01,-7.22,-4.93,-5.46,-5.81,-4.93,-4.75,-4.05,1.41,1.23,1.94,5.68,5.5,5.37,5.29,10.0,4.67,12.0,23.17,25.83,15.83,11.33,9.5,7.83,11.0
2022-06-10,601519,5.87,6.37,6.6,5.8,588532,361478304.0,13.33,6.17,0.37,2.96,-6.9,-7.41,-7.76,-6.9,-6.72,-6.03,-0.69,-0.86,-0.17,9.48,5.87,5.61,5.43,5.33,-1.41,5.49,16.01,18.52,9.11,4.87,3.14,1.57,4.55,2.98
2022-06-13,601519,6.2,6.11,6.28,5.99,456150,279830864.0,4.55,-4.08,-0.26,2.28,-10.35,-10.68,-9.85,-9.68,-9.02,-3.84,-4.01,-3.34,6.01,10.18,5.97,5.69,5.47,5.37,9.98,20.95,23.57,13.75,9.33,7.53,5.89,9.0,7.36,8.67
2022-06-14,601519,5.99,6.72,6.72,5.95,583525,372807216.0,12.6,9.98,0.61,2.91,-10.08,-9.24,-9.08,-8.4,-3.19,-3.36,-2.69,6.72,10.92,5.55,6.19,5.83,5.55,5.42,9.97,12.35,3.42,-0.6,-2.23,-3.72,-0.89,-2.38,-1.19,-0.89
2022-06-15,601519,7.16,7.39,7.39,7.01,925958,678046880.0,5.65,9.97,0.67,4.62,-22.97,-22.82,-22.25,-17.83,-17.97,-17.4,-9.42,-5.85,-10.41,-4.14,6.52,6.03,5.66,5.5,2.17,-5.95,-9.61,-11.1,-12.45,-9.88,-11.23,-10.15,-9.88,-8.25
2022-06-16,601519,7.4,6.73,7.55,6.7,1179841,844068208.0,11.5,-8.93,-0.66,5.89,-19.25,-18.66,-14.03,-14.18,-13.58,-5.22,-1.49,-6.27,0.3,10.3,6.66,6.17,5.73,5.55,3.27,-0.74,-2.38,-3.86,-1.04,-2.53,-1.34,-1.04,0.74,-2.08
2022-06-17,601519,6.45,6.75,6.95,6.45,883022,590148944.0,7.43,0.3,0.02,4.41,-15.5,-10.7,-10.85,-10.23,-1.55,2.33,-2.64,4.19,14.57,17.05,6.74,6.31,5.81,5.6,-1.04,-2.67,-4.15,-1.33,-2.81,-1.63,-1.33,0.44,-2.37,-3.26
2022-06-20,601519,6.64,6.49,6.68,6.42,549150,359034944.0,3.85,-3.85,-0.26,2.74,-10.28,-10.44,-9.81,-1.09,2.8,-2.18,4.67,15.11,17.6,8.26,6.82,6.39,5.87,5.65,1.23,-0.31,2.62,1.08,2.31,2.62,4.47,1.54,0.62,-1.69
2022-06-21,601519,6.49,6.36,6.57,6.23,450674,288933248.0,5.24,-2.0,-0.13,2.25,-7.7,-7.06,1.93,5.94,0.8,7.87,18.62,21.19,11.56,7.22,6.74,6.47,5.92,5.69,1.73,4.72,3.14,4.4,4.72,6.6,3.62,2.67,0.31,0.16
2022-06-22,601519,6.31,6.25,6.47,6.24,328244,208391950.0,3.62,-1.73,-0.11,1.64,-7.21,1.76,5.77,0.64,7.69,18.43,20.99,11.38,7.05,5.29,6.52,6.52,5.97,5.72,6.56,4.96,6.24,6.56,8.48,5.44,4.48,2.08,1.92,0.32
2022-06-23,601519,6.24,6.49,6.66,6.2,511080,330775216.0,7.36,3.84,0.24,2.55,2.42,6.45,1.29,8.39,19.19,21.77,12.1,7.74,5.97,4.35,6.47,6.57,6.03,5.77,1.08,2.31,2.62,4.47,1.54,0.62,-1.69,-1.85,-3.39,-3.85
2022-06-24,601519,6.49,6.49,6.56,6.39,355234,229671752.0,2.62,0.0,0.0,1.77,3.29,-1.72,5.16,15.65,18.15,8.76,4.54,2.82,1.25,4.23,6.42,6.58,6.09,5.81,2.31,2.62,4.47,1.54,0.62,-1.69,-1.85,-3.39,-3.85,-3.39
2022-06-27,601519,6.57,6.48,6.64,6.44,324497,212106274.0,3.08,-0.15,-0.01,1.62,-2.48,4.35,14.75,17.24,7.92,3.73,2.02,0.47,3.42,1.86,6.41,6.61,6.15,5.85,2.78,4.63,1.7,0.77,-1.54,-1.7,-3.24,-3.7,-3.24,-4.78
2022-06-28,601519,6.44,6.6,6.66,6.38,307976,199389287.0,4.32,1.85,0.12,1.54,5.33,15.83,18.34,8.93,4.7,2.98,1.41,4.39,2.82,4.08,6.46,6.6,6.22,5.9,2.73,-0.15,-1.06,-3.33,-3.48,-5.0,-5.45,-5.0,-6.52,-5.3
2022-06-29,601519,6.55,6.41,6.78,6.39,405711,267849774.0,5.91,-2.88,-0.19,2.02,15.65,18.15,8.76,4.54,2.82,1.25,4.23,2.66,3.91,4.23,6.49,6.5,6.27,5.94,2.81,1.87,-0.47,-0.62,-2.18,-2.65,-2.18,-3.74,-2.5,-3.9
2022-06-30,601519,6.41,6.46,6.59,6.4,245451,159358416.0,2.96,0.78,0.05,1.22,17.97,8.59,4.37,2.66,1.09,4.06,2.5,3.75,4.06,5.94,6.49,6.48,6.33,5.98,1.08,-1.24,-1.39,-2.94,-3.41,-2.94,-4.49,-3.25,-4.64,-4.95
2022-07-01,601519,6.41,6.31,6.53,6.23,309078,195817669.0,4.64,-2.32,-0.15,1.54,11.56,7.22,5.46,3.85,6.9,5.3,6.58,6.9,8.83,5.78,6.45,6.43,6.37,6.02,1.11,0.95,-0.63,-1.11,-0.63,-2.22,-0.95,-2.38,-2.69,-5.39
2022-07-04,601519,6.27,6.32,6.38,6.22,152788,96271940.0,2.54,0.16,0.01,0.76,7.4,5.63,4.02,7.07,5.47,6.75,7.07,9.0,5.95,4.98,6.42,6.42,6.4,6.05,0.79,-0.79,-1.27,-0.79,-2.37,-1.11,-2.53,-2.85,-5.54,-4.27
2022-07-05,601519,6.32,6.27,6.37,6.15,159660,99688792.0,3.48,-0.79,-0.05,0.8,6.83,5.2,8.29,6.67,7.97,8.29,10.24,7.15,6.18,3.74,6.35,6.41,6.44,6.08,0.0,-0.48,0.0,-1.59,-0.32,-1.75,-2.07,-4.78,-3.51,-2.55
2022-07-06,601519,6.27,6.17,6.27,6.13,140844,87220850.0,2.23,-1.59,-0.1,0.7,5.55,8.65,7.01,8.32,8.65,10.6,7.5,6.53,4.08,3.92,6.31,6.4,6.46,6.11,1.13,1.62,0.0,1.3,-0.16,-0.49,-3.24,-1.94,-0.97,-0.65
2022-07-07,601519,6.17,6.18,6.24,6.15,100888,62467430.0,1.46,0.16,0.01,0.5,8.29,6.67,7.97,8.29,10.24,7.15,6.18,3.74,3.58,1.95,6.25,6.37,6.47,6.15,1.46,-0.16,1.13,-0.32,-0.65,-3.4,-2.1,-1.13,-0.81,-1.13
2022-07-08,601519,6.19,6.17,6.27,6.15,104264,64645632.0,1.94,-0.16,-0.01,0.52,6.67,7.97,8.29,10.24,7.15,6.18,3.74,3.58,1.95,1.46,6.22,6.34,6.46,6.17,0.0,1.3,-0.16,-0.49,-3.24,-1.94,-0.97,-0.65,-0.97,-0.32
2022-07-11,601519,6.13,6.12,6.17,6.07,91158,55620051.0,1.62,-0.81,-0.05,0.45,9.39,9.72,11.7,8.57,7.58,5.11,4.94,3.29,2.8,3.29,6.18,6.3,6.46,6.2,2.12,0.65,0.33,-2.45,-1.14,-0.16,0.16,-0.16,0.49,-1.31
2022-07-12,601519,6.15,6.13,6.25,6.05,140602,86502443.0,3.27,0.16,0.01,0.7,10.08,12.07,8.93,7.93,5.45,5.29,3.64,3.14,3.64,1.98,6.15,6.25,6.43,6.23,0.49,0.16,-2.61,-1.31,-0.33,0.0,-0.33,0.33,-1.47,-2.12
2022-07-13,601519,6.09,6.11,6.16,6.09,91994,56258289.0,1.14,-0.33,-0.02,0.46,11.33,8.21,7.22,4.76,4.6,2.96,2.46,2.96,1.31,2.63,6.14,6.22,6.36,6.25,0.49,-2.29,-0.98,0.0,0.33,0.0,0.65,-1.15,-1.8,-1.15
2022-07-14,601519,6.1,6.03,6.14,6.02,95183,57735021.0,1.96,-1.31,-0.08,0.47,9.47,8.47,5.98,5.81,4.15,3.65,4.15,2.49,3.82,2.33,6.11,6.18,6.33,6.28,-1.0,0.33,1.33,1.66,1.33,1.99,0.17,-0.5,0.17,2.65
2022-07-15,601519,5.97,5.81,5.97,5.81,158453,92999648.0,2.65,-3.65,-0.22,0.79,12.39,9.81,9.64,7.92,7.4,7.92,6.2,7.57,6.02,5.68,6.04,6.13,6.28,6.29,4.13,5.16,5.51,5.16,5.85,3.96,3.27,3.96,6.54,5.51
2022-07-18,601519,5.81,6.05,6.05,5.81,126727,75869558.0,4.13,4.13,0.24,0.63,9.81,9.64,7.92,7.4,7.92,6.2,7.57,6.02,5.68,2.75,6.03,6.1,6.26,6.3,0.99,1.32,0.99,1.65,-0.17,-0.83,-0.17,2.31,1.32,0.33
2022-07-19,601519,6.05,6.08,6.11,6.0,95461,57881096.0,1.82,0.5,0.03,0.48,6.17,4.5,4.0,4.5,2.83,4.17,2.67,2.33,-0.5,0.83,6.02,6.08,6.25,6.32,0.82,0.49,1.15,-0.66,-1.32,-0.66,1.81,0.82,-0.16,-0.99
2022-07-20,601519,6.12,6.09,6.13,6.07,72145,43986774.0,0.99,0.16,0.01,0.36,3.29,2.8,3.29,1.65,2.97,1.48,1.15,-1.65,-0.33,0.66,6.01,6.08,6.24,6.33,0.33,0.99,-0.82,-1.48,-0.82,1.64,0.66,-0.33,-1.15,-3.78
2022-07-21,601519,6.09,6.02,6.11,6.01,70838,42920264.0,1.64,-1.15,-0.07,0.35,3.83,4.33,2.66,3.99,2.5,2.16,-0.67,0.67,1.66,2.0,6.01,6.06,6.22,6.33,2.16,0.33,-0.33,0.33,2.82,1.83,0.83,0.0,-2.66,-3.32
2022-07-22,601519,6.02,5.98,6.15,5.94,119006,71910976.0,3.49,-0.66,-0.04,0.59,5.56,3.87,5.22,3.7,3.37,0.51,1.85,2.86,3.2,2.86,6.04,6.04,6.19,6.32,1.0,0.33,1.0,3.51,2.51,1.51,0.67,-2.01,-2.68,2.01
2022-07-25,601519,5.99,5.91,6.04,5.9,69248,41162319.0,2.34,-1.17,-0.07,0.35,4.58,5.93,4.41,4.07,1.19,2.54,3.56,3.9,3.56,4.24,6.02,6.02,6.16,6.31,1.52,2.2,4.74,3.72,2.71,1.86,-0.85,-1.52,3.21,3.38
2022-07-26,601519,5.9,5.99,6.0,5.9,65261,38878608.0,1.69,1.35,0.08,0.33,5.93,4.41,4.07,1.19,2.54,3.56,3.9,3.56,4.24,2.37,6.0,6.01,6.13,6.29,0.83,3.34,2.34,1.34,0.5,-2.17,-2.84,1.84,2.0,1.84
2022-07-27,601519,6.01,6.01,6.04,5.97,52214,31364815.0,1.17,0.33,0.02,0.26,3.18,2.85,0.0,1.34,2.35,2.68,2.35,3.02,1.17,0.5,5.98,6.0,6.11,6.24,3.0,2.0,1.0,0.17,-2.5,-3.16,1.5,1.66,1.5,3.0
2022-07-28,601519,6.03,6.07,6.19,6.02,122787,75077314.0,2.83,1.0,0.06,0.61,1.99,-0.83,0.5,1.5,1.83,1.5,2.16,0.33,-0.33,0.33,5.99,6.0,6.09,6.22,0.99,0.0,-0.82,-3.46,-4.12,0.49,0.66,0.49,1.98,7.74
2022-07-29,601519,6.08,6.03,6.13,6.02,95116,57779532.0,1.81,-0.66,-0.04,0.47,-0.83,0.5,1.5,1.83,1.5,2.16,0.33,-0.33,0.33,2.82,6.0,6.02,6.08,6.2,0.66,-0.17,-2.82,-3.48,1.16,1.33,1.16,2.65,8.46,7.79
2022-08-01,601519,6.04,6.04,6.07,6.01,71321,43055780.0,1.0,0.17,0.01,0.36,0.67,1.66,2.0,1.66,2.33,0.5,-0.17,0.5,3.0,2.0,6.03,6.02,6.06,6.18,-0.33,-2.98,-3.64,0.99,1.16,0.99,2.48,8.28,7.62,6.13
2022-08-02,601519,6.02,5.77,6.02,5.6,213544,123330982.0,6.95,-4.47,-0.27,1.07,9.11,9.46,9.11,9.82,7.86,7.14,7.86,10.54,9.46,8.39,5.98,5.99,6.04,6.16,1.56,0.87,5.72,5.89,5.72,7.28,13.34,12.65,11.09,10.92
2022-08-03,601519,5.73,5.7,5.86,5.69,108896,63067767.0,2.95,-1.21,-0.07,0.54,7.73,7.38,8.08,6.15,5.45,6.15,8.79,7.73,6.68,5.8,5.92,5.95,6.01,6.14,2.11,7.02,7.19,7.02,8.6,14.74,14.04,12.46,12.28,13.86
2022-08-04,601519,5.76,5.82,5.82,5.71,78013,45062977.0,1.93,2.11,0.12,0.39,7.01,7.71,5.78,5.08,5.78,8.41,7.36,6.3,5.43,2.63,5.87,5.93,6.0,6.12,4.81,4.98,4.81,6.36,12.37,11.68,10.14,9.97,11.51,10.14
2022-08-05,601519,5.82,6.07,6.1,5.78,163346,97495203.0,5.5,4.3,0.25,0.82,6.4,4.5,3.81,4.5,7.09,6.06,5.02,4.15,1.38,0.69,5.88,5.94,5.99,6.11,0.66,0.49,1.98,7.74,7.08,5.6,5.44,6.92,5.6,5.93
2022-08-08,601519,6.05,6.08,6.11,6.0,91473,55420698.0,1.81,0.16,0.01,0.46,0.67,0.0,0.67,3.17,2.17,1.17,0.33,-2.33,-3.0,1.67,5.89,5.96,5.99,6.09,0.33,1.81,7.57,6.91,5.43,5.26,6.74,5.43,5.76,3.62
2022-08-09,601519,6.08,6.07,6.1,6.03,70320,42661358.0,1.15,-0.16,-0.01,0.35,-0.5,0.17,2.65,1.66,0.66,-0.17,-2.82,-3.48,1.16,1.33,5.95,5.97,5.99,6.08,1.98,7.74,7.08,5.6,5.44,6.92,5.6,5.93,3.79,4.61
2022-08-10,601519,6.03,6.1,6.19,6.03,118103,72177486.0,2.64,0.49,0.03,0.59,0.17,2.65,1.66,0.66,-0.17,-2.82,-3.48,1.16,1.33,1.16,6.03,5.97,5.99,6.07,7.21,6.56,5.08,4.92,6.39,5.08,5.41,3.28,4.1,6.56
2022-08-11,601519,6.15,6.5,6.54,6.12,430397,274640254.0,6.89,6.56,0.4,2.15,1.14,0.16,-0.82,-1.63,-4.25,-4.9,-0.33,-0.16,-0.33,1.14,6.16,6.02,6.01,6.07,0.0,-1.38,-1.54,-0.15,-1.38,-1.08,-3.08,-2.31,0.0,-2.62
2022-08-12,601519,6.38,6.39,6.5,6.34,230100,147327745.0,2.46,-1.69,-0.11,1.15,-3.31,-4.26,-5.05,-7.57,-8.2,-3.79,-3.63,-3.79,-2.37,3.15,6.23,6.05,6.04,6.07,0.31,0.16,1.56,0.31,0.63,-1.41,-0.63,1.72,-0.94,-1.41
2022-08-15,601519,6.38,6.35,6.41,6.3,141938,90201164.0,1.72,-0.63,-0.04,0.71,-3.65,-4.44,-6.98,-7.62,-3.17,-3.02,-3.17,-1.75,3.81,3.17,6.28,6.08,6.05,6.07,0.79,2.2,0.94,1.26,-0.79,0.0,2.36,-0.31,-0.79,-2.99
2022-08-16,601519,6.35,6.3,6.4,6.25,119172,75324407.0,2.36,-0.79,-0.05,0.59,-3.68,-6.24,-6.88,-2.4,-2.24,-2.4,-0.96,4.64,4.0,2.56,6.33,6.14,6.06,6.07,3.02,1.75,2.06,0.0,0.79,3.17,0.48,0.0,-2.22,-1.27
2022-08-17,601519,6.31,6.42,6.49,6.23,207562,132426194.0,4.13,1.9,0.12,1.04,-5.94,-6.58,-2.09,-1.93,-2.09,-0.64,4.98,4.33,2.89,2.73,6.39,6.21,6.08,6.08,-0.16,0.16,-1.87,-1.09,1.25,-1.4,-1.87,-4.05,-3.12,-1.87
2022-08-18,601519,6.37,6.37,6.41,6.3,134074,85131517.0,1.71,-0.78,-0.05,0.67,-7.62,-3.17,-3.02,-3.17,-1.75,3.81,3.17,1.75,1.59,3.02,6.37,6.26,6.1,6.09,0.94,-1.1,-0.31,2.04,-0.63,-1.1,-3.3,-2.35,-1.1,-3.92
2022-08-19,601519,6.33,6.26,6.43,6.26,104751,66412785.0,2.67,-1.73,-0.11,0.52,-2.56,-2.4,-2.56,-1.12,4.47,3.83,2.4,2.24,3.67,2.4,6.34,6.28,6.11,6.09,0.64,1.44,3.83,1.12,0.64,-1.6,-0.64,0.64,-2.24,-2.56
2022-08-22,601519,6.25,6.23,6.3,6.17,89887,56014177.0,2.08,-0.48,-0.03,0.45,-0.97,-1.13,0.32,6.0,5.35,3.89,3.73,5.19,3.89,4.21,6.32,6.3,6.13,6.09,1.93,4.33,1.61,1.12,-1.12,-0.16,1.12,-1.77,-2.09,-1.12
2022-08-23,601519,6.23,6.28,6.35,6.15,117363,73355991.0,3.21,0.8,0.05,0.59,-0.81,0.65,6.34,5.69,4.23,4.07,5.53,4.23,4.55,2.44,6.31,6.32,6.14,6.1,3.5,0.8,0.32,-1.91,-0.96,0.32,-2.55,-2.87,-1.91,-1.27
2022-08-24,601519,6.25,6.13,6.5,6.08,185066,116009096.0,6.69,-2.39,-0.15,0.92,1.81,7.57,6.91,5.43,5.26,6.74,5.43,5.76,3.62,4.44,6.25,6.32,6.15,6.1,3.26,2.77,0.49,1.47,2.77,-0.16,-0.49,0.49,1.14,0.82
2022-08-25,601519,6.13,6.22,6.33,6.1,146003,90310632.0,3.75,1.47,0.09,0.73,7.21,6.56,5.08,4.92,6.39,5.08,5.41,3.28,4.1,6.56,6.22,6.29,6.16,6.1,1.29,-0.96,0.0,1.29,-1.61,-1.93,-0.96,-0.32,-0.64,-1.61
2022-08-26,601519,6.22,6.17,6.3,6.14,113452,70484676.0,2.57,-0.8,-0.05,0.57,5.86,4.4,4.23,5.7,4.4,4.72,2.61,3.42,5.86,3.09,6.21,6.27,6.16,6.12,-0.16,0.81,2.11,-0.81,-1.13,-0.16,0.49,0.16,-0.81,0.16
2022-08-29,601519,6.06,6.11,6.16,6.0,79836,48631814.0,2.59,-0.97,-0.06,0.4,6.83,6.67,8.17,6.83,7.17,5.0,5.83,8.33,5.5,5.0,6.18,6.25,6.17,6.12,1.8,3.11,0.16,-0.16,0.82,1.47,1.15,0.16,1.15,1.64
2022-08-30,601519,6.11,6.16,6.22,6.07,93056,57199267.0,2.45,0.82,0.05,0.46,5.44,6.92,5.6,5.93,3.79,4.61,7.08,4.28,3.79,1.48,6.16,6.23,6.19,6.12,2.27,-0.65,-0.97,0.0,0.65,0.32,-0.65,0.32,0.81,-1.14
2022-08-31,601519,6.16,6.09,6.3,6.07,131192,80827744.0,3.73,-1.14,-0.07,0.65,6.92,5.6,5.93,3.79,4.61,7.08,4.28,3.79,1.48,2.47,6.15,6.2,6.21,6.12,0.49,0.16,1.15,1.81,1.48,0.49,1.48,1.97,0.0,2.63
2022-09-01,601519,6.06,5.99,6.12,5.98,111669,67613141.0,2.3,-1.64,-0.1,0.56,7.19,7.53,5.35,6.19,8.7,5.85,5.35,3.01,4.01,5.35,6.1,6.16,6.21,6.12,1.84,2.84,3.51,3.17,2.17,3.17,3.67,1.67,4.34,1.5
2022-09-02,601519,6.02,6.09,6.1,6.0,88374,53627300.0,1.67,1.67,0.1,0.44,7.17,5.0,5.83,8.33,5.5,5.0,2.67,3.67,5.0,2.0,6.09,6.15,6.22,6.12,1.15,1.81,1.48,0.49,1.48,1.97,0.0,2.63,-0.16,-5.09
2022-09-05,601519,6.1,6.15,6.16,6.05,74833,45765856.0,1.81,0.99,0.06,0.37,4.13,4.96,7.44,4.63,4.13,1.82,2.81,4.13,1.16,0.83,6.1,6.14,6.22,6.13,0.81,0.49,-0.49,0.49,0.98,-0.98,1.63,-1.14,-6.02,-6.99
2022-09-06,601519,6.17,6.19,6.2,6.12,73060,45046095.0,1.3,0.65,0.04,0.36,3.76,6.21,3.43,2.94,0.65,1.63,2.94,0.0,-0.33,0.65,6.1,6.13,6.23,6.14,-0.16,-1.13,-0.16,0.32,-1.62,0.97,-1.78,-6.62,-7.59,-6.95
2022-09-07,601519,6.17,6.08,6.18,6.05,92160,56079162.0,2.1,-1.78,-0.11,0.46,7.44,4.63,4.13,1.82,2.81,4.13,1.16,0.83,1.82,2.48,6.1,6.12,6.22,6.14,0.66,1.64,2.14,0.16,2.8,0.0,-4.93,-5.92,-5.26,-5.26
2022-09-08,601519,6.11,6.02,6.12,6.02,75721,45843293.0,1.64,-0.99,-0.06,0.38,5.15,4.65,2.33,3.32,4.65,1.66,1.33,2.33,2.99,2.66,6.11,6.1,6.2,6.14,2.66,3.16,1.16,3.82,1.0,-3.99,-4.98,-4.32,-4.32,-4.32
2022-09-09,601519,6.02,6.11,6.18,6.02,123381,75588610.0,2.66,1.5,0.09,0.62,4.65,2.33,3.32,4.65,1.66,1.33,2.33,2.99,2.66,1.66,6.11,6.1,6.19,6.14,1.64,-0.33,2.29,-0.49,-5.4,-6.38,-5.73,-5.73,-5.73,-7.53
2022-09-13,601519,6.15,6.12,6.21,6.1,103262,63661531.0,1.8,0.16,0.01,0.52,0.98,1.97,3.28,0.33,0.0,0.98,1.64,1.31,0.33,1.31,6.1,6.1,6.17,6.14,-0.49,2.12,-0.65,-5.56,-6.54,-5.88,-5.88,-5.88,-7.68,-7.84
2022-09-14,601519,6.02,6.08,6.09,6.01,92515,55942145.0,1.31,-0.65,-0.04,0.46,3.49,4.83,1.83,1.5,2.5,3.16,2.83,1.83,2.83,3.33,6.08,6.09,6.16,6.15,2.8,0.0,-4.93,-5.92,-5.26,-5.26,-5.26,-7.07,-7.24,-6.91
2022-09-15,601519,6.11,6.08,6.25,6.04,164288,100922452.0,3.45,0.0,0.0,0.82,4.3,1.32,0.99,1.99,2.65,2.32,1.32,2.32,2.81,0.83,6.08,6.09,6.15,6.17,0.0,-4.93,-5.92,-5.26,-5.26,-5.26,-7.07,-7.24,-6.91,-8.22
2022-09-16,601519,6.03,5.76,6.08,5.76,197195,115435197.0,5.26,-5.26,-0.32,0.98,6.25,5.9,6.94,7.64,7.29,6.25,7.29,7.81,5.73,8.51,6.03,6.07,6.12,6.17,0.35,-0.69,0.0,0.0,0.0,-1.91,-2.08,-1.74,-3.12,-4.86
2022-09-19,601519,5.76,5.64,5.78,5.61,78642,44590587.0,2.95,-2.08,-0.12,0.39,8.73,9.8,10.52,10.16,9.09,10.16,10.7,8.56,11.41,8.38,5.94,6.02,6.09,6.15,1.42,2.13,2.13,2.13,0.18,0.0,0.35,-1.06,-2.84,-4.61
2022-09-20,601519,5.68,5.67,5.72,5.63,63011,35750235.0,1.6,0.53,0.03,0.31,9.41,10.12,9.77,8.7,9.77,10.3,8.17,11.01,7.99,2.66,5.85,5.97,6.06,6.14,1.59,1.59,1.59,-0.35,-0.53,-0.18,-1.59,-3.35,-5.11,-6.0
2022-09-21,601519,5.67,5.73,5.76,5.48,66616,37752629.0,4.94,1.06,0.06,0.33,13.14,12.77,11.68,12.77,13.32,11.13,14.05,10.95,5.47,4.38,5.78,5.93,6.03,6.13,0.52,0.52,-1.4,-1.57,-1.22,-2.62,-4.36,-6.11,-6.98,-3.49
2022-09-22,601519,5.66,5.71,5.76,5.64,51866,29668999.0,2.09,-0.35,-0.02,0.26,9.57,8.51,9.57,10.11,7.98,10.82,7.8,2.48,1.42,2.13,5.7,5.89,6.01,6.11,0.88,-1.05,-1.23,-0.88,-2.28,-4.03,-5.78,-6.65,-3.15,-0.88
2022-09-23,601519,5.72,5.66,5.76,5.58,68460,38871398.0,3.15,-0.88,-0.05,0.34,9.68,10.75,11.29,9.14,12.01,8.96,3.58,2.51,3.23,3.23,5.68,5.86,5.98,6.09,-0.18,-0.35,0.0,-1.41,-3.18,-4.95,-5.83,-2.3,0.0,2.3
2022-09-26,601519,5.62,5.47,5.65,5.46,79660,44193389.0,3.36,-3.36,-0.19,0.4,13.19,13.74,11.54,14.47,11.36,5.86,4.76,5.49,5.49,5.49,5.65,5.79,5.95,6.05,3.11,3.47,2.01,0.18,-1.65,-2.56,1.1,3.47,5.85,6.58
2022-09-27,601519,5.52,5.63,5.64,5.48,63870,35536483.0,2.93,2.93,0.16,0.32,13.32,11.13,14.05,10.95,5.47,4.38,5.11,5.11,5.11,3.1,5.64,5.74,5.92,6.03,0.53,-0.89,-2.66,-4.44,-5.33,-1.78,0.53,2.84,3.55,3.73
2022-09-28,601519,5.62,5.44,5.66,5.44,79033,44021956.0,3.91,-3.37,-0.19,0.39,11.95,14.89,11.76,6.25,5.15,5.88,5.88,5.88,3.86,3.68,5.58,5.68,5.89,6.0,2.57,0.74,-1.1,-2.02,1.65,4.04,6.43,7.17,7.35,5.88
2022-09-29,601519,5.49,5.4,5.58,5.37,81361,44481114.0,3.86,-0.74,-0.04,0.41,16.39,13.22,7.64,6.52,7.26,7.26,7.26,5.21,5.03,5.4,5.52,5.61,5.85,5.97,1.48,-0.37,-1.3,2.41,4.81,7.22,7.96,8.15,6.67,7.59
2022-09-30,601519,5.43,5.35,5.48,5.33,50251,27109460.0,2.78,-0.93,-0.05,0.25,14.07,8.44,7.32,8.07,8.07,8.07,6.0,5.82,6.19,4.69,5.46,5.57,5.82,5.93,0.56,-0.37,3.36,5.79,8.22,8.97,9.16,7.66,8.6,11.21
2022-10-10,601519,5.34,5.21,5.38,5.17,57557,30320734.0,3.93,-2.62,-0.14,0.29,11.8,10.64,11.41,11.41,11.41,9.28,9.09,9.48,7.93,6.0,5.41,5.53,5.78,5.9,2.3,6.14,8.64,11.13,11.9,12.09,10.56,11.52,14.2,13.82
2022-10-11,601519,5.19,5.27,5.33,5.17,62422,32790600.0,3.07,1.15,0.06,0.31,10.64,11.41,11.41,11.41,9.28,9.09,9.48,7.93,6.0,4.06,5.33,5.49,5.73,5.87,4.93,7.4,9.87,10.63,10.82,9.3,10.25,12.9,12.52,7.97
2022-10-12,601519,5.27,5.52,5.53,5.22,99324,53541374.0,5.88,4.74,0.25,0.5,10.34,10.34,10.34,8.24,8.05,8.43,6.9,4.98,3.07,2.11,5.35,5.47,5.7,5.84,2.54,4.89,5.62,5.8,4.35,5.25,7.79,7.43,3.08,6.16
2022-10-13,601519,5.5,5.59,5.66,5.41,98231,54759142.0,4.53,1.27,0.07,0.49,6.47,6.47,4.44,4.25,4.62,3.14,1.29,-0.55,-1.48,2.22,5.39,5.45,5.67,5.82,3.58,4.29,4.47,3.04,3.94,6.44,6.08,1.79,4.83,11.27
2022-10-14,601519,5.61,5.72,5.79,5.61,102457,58540897.0,3.22,2.33,0.13,0.51,2.67,0.71,0.53,0.89,-0.53,-2.32,-4.1,-4.99,-1.43,0.89,5.46,5.46,5.66,5.81,1.92,2.1,0.7,1.57,4.02,3.67,-0.52,2.45,8.74,5.24
2022-10-17,601519,5.67,5.8,5.83,5.64,91985,53109603.0,3.32,1.4,0.08,0.46,0.18,0.0,0.35,-1.06,-2.84,-4.61,-5.5,-1.95,0.35,2.66,5.58,5.49,5.64,5.79,0.69,-0.69,0.17,2.59,2.24,-1.9,1.03,7.24,3.79,3.28
2022-10-18,601519,5.8,5.71,5.84,5.71,79372,45611457.0,2.24,-1.55,-0.09,0.4,-1.23,-0.88,-2.28,-4.03,-5.78,-6.65,-3.15,-0.88,1.4,2.1,5.67,5.5,5.62,5.78,0.88,1.75,4.2,3.85,-0.35,2.63,8.93,5.43,4.9,6.48
2022-10-19,601519,5.7,5.68,5.76,5.67,58598,33399479.0,1.58,-0.53,-0.03,0.29,-0.18,-1.59,-3.35,-5.11,-6.0,-2.47,-0.18,2.12,2.82,3.0,5.7,5.52,5.6,5.77,2.29,4.75,4.4,0.18,3.17,9.51,5.99,5.46,7.04,7.39
2022-10-20,601519,5.65,5.69,5.81,5.64,90387,51675035.0,2.99,0.18,0.01,0.45,-1.06,-2.84,-4.61,-5.5,-1.95,0.35,2.66,3.37,3.55,2.13,5.72,5.55,5.58,5.75,4.57,4.22,0.0,2.99,9.31,5.8,5.27,6.85,7.21,6.15
2022-10-21,601519,5.9,5.72,5.95,5.68,132908,76990234.0,4.75,0.53,0.03,0.66,-3.52,-5.28,-6.16,-2.64,-0.35,1.94,2.64,2.82,1.41,2.29,5.72,5.59,5.58,5.74,3.67,-0.52,2.45,8.74,5.24,4.72,6.29,6.64,5.59,9.27
2022-10-24,601519,5.79,5.67,5.93,5.6,139365,80446756.0,5.77,-0.87,-0.05,0.7,-3.93,-4.82,-1.25,1.07,3.39,4.11,4.29,2.86,3.75,6.25,5.69,5.64,5.58,5.73,0.35,3.35,9.7,6.17,5.64,7.23,7.58,6.53,10.23,8.99
2022-10-25,601519,5.67,5.57,5.69,5.49,112359,62710416.0,3.53,-1.76,-0.1,0.56,-2.91,0.73,3.1,5.46,6.19,6.38,4.92,5.83,8.38,8.01,5.67,5.67,5.58,5.71,5.21,11.67,8.08,7.54,9.16,9.52,8.44,12.21,10.95,9.52
2022-10-26,601519,5.57,5.77,5.86,5.56,121236,69779113.0,5.39,3.59,0.2,0.61,-0.54,1.8,4.14,4.86,5.04,3.6,4.5,7.01,6.65,2.34,5.68,5.69,5.58,5.7,7.8,4.33,3.81,5.37,5.72,4.68,8.32,7.11,5.72,5.03
2022-10-27,601519,5.74,5.89,6.22,5.74,224031,133495147.0,8.32,2.08,0.12,1.12,-1.39,0.87,1.57,1.74,0.35,1.22,3.66,3.31,-0.87,2.09,5.72,5.72,5.59,5.69,2.21,1.7,3.23,3.57,2.55,6.11,4.92,3.57,2.89,3.23
2022-10-28,601519,5.82,5.78,6.02,5.74,184555,108663057.0,4.75,-1.87,-0.11,0.92,0.87,1.57,1.74,0.35,1.22,3.66,3.31,-0.87,2.09,8.36,5.74,5.73,5.59,5.68,3.63,5.19,5.54,4.5,8.13,6.92,5.54,4.84,5.19,8.3
2022-10-31,601519,5.73,5.94,5.99,5.7,147481,86942555.0,5.02,2.77,0.16,0.74,2.28,2.46,1.05,1.93,4.39,4.04,-0.18,2.81,9.12,5.61,5.79,5.74,5.62,5.68,2.36,2.69,1.68,5.22,4.04,2.69,2.02,2.36,5.39,9.76
2022-11-01,601519,5.9,6.06,6.08,5.9,156327,93865355.0,3.03,2.02,0.12,0.78,-1.02,-2.37,-1.53,0.85,0.51,-3.56,-0.68,5.42,2.03,1.53,5.89,5.78,5.64,5.67,0.66,-0.33,3.14,1.98,0.66,0.0,0.33,3.3,7.59,12.38
2022-11-02,601519,6.03,6.06,6.1,5.98,144754,87359949.0,1.98,0.0,0.0,0.72,-3.68,-2.84,-0.5,-0.84,-4.85,-2.01,4.01,0.67,0.17,1.67,5.95,5.81,5.67,5.67,-0.33,3.14,1.98,0.66,0.0,0.33,3.3,7.59,12.38,8.09
2022-11-03,601519,6.01,5.99,6.04,5.91,123467,73785899.0,2.15,-1.16,-0.07,0.62,-1.69,0.68,0.34,-3.72,-0.85,5.25,1.86,1.35,2.88,3.21,5.97,5.84,5.7,5.67,4.34,3.17,1.84,1.17,1.5,4.51,8.85,13.69,9.35,8.85
2022-11-04,601519,6.02,6.16,6.25,5.97,217923,133674622.0,4.67,2.84,0.17,1.09,-0.34,-0.67,-4.69,-1.84,4.19,0.84,0.34,1.84,2.18,1.17,6.04,5.89,5.74,5.68,0.32,-0.97,-1.62,-1.3,1.62,5.84,10.55,6.33,5.84,4.87
2022-11-07,601519,6.09,6.09,6.18,6.06,154035,93927862.0,1.95,-1.14,-0.07,0.77,-2.15,-6.11,-3.3,2.64,-0.66,-1.16,0.33,0.66,-0.33,3.14,6.07,5.93,5.78,5.7,0.16,-0.49,-0.16,2.79,7.06,11.82,7.55,7.06,6.08,2.63
2022-11-08,601519,6.05,6.06,6.1,5.99,92495,55803938.0,1.81,-0.49,-0.03,0.46,-5.01,-2.17,3.84,0.5,0.0,1.5,1.84,0.83,4.34,3.17,6.07,5.98,5.82,5.71,0.0,0.33,3.3,7.59,12.38,8.09,7.59,6.6,3.14,3.63
2022-11-09,601519,6.03,5.96,6.06,5.96,76385,45859130.0,1.65,-1.65,-0.1,0.38,-1.68,4.36,1.01,0.5,2.01,2.35,1.34,4.87,3.69,2.35,6.05,6.0,5.85,5.72,2.01,5.03,9.4,14.26,9.9,9.4,8.39,4.87,5.37,3.52
2022-11-10,601519,5.96,6.0,6.08,5.91,96524,57965740.0,2.85,0.67,0.04,0.48,5.25,1.86,1.35,2.88,3.21,2.2,5.75,4.57,3.21,2.54,6.05,6.01,5.87,5.73,4.33,8.67,13.5,9.17,8.67,7.67,4.17,4.67,2.83,2.33
2022-11-11,601519,6.18,6.11,6.26,6.06,243917,150117094.0,3.33,1.83,0.11,1.22,-0.66,-1.16,0.33,0.66,-0.33,3.14,1.98,0.66,0.0,0.33,6.04,6.04,5.89,5.74,6.71,11.46,7.2,6.71,5.73,2.29,2.78,0.98,0.49,1.15
2022-11-14,601519,6.16,6.19,6.52,6.08,331381,207292125.0,7.2,1.31,0.08,1.65,-1.48,0.0,0.33,-0.66,2.8,1.64,0.33,-0.33,0.0,2.96,6.06,6.07,5.91,5.77,10.02,5.82,5.33,4.36,0.97,1.45,-0.32,-0.81,-0.16,-2.91
2022-11-15,601519,6.15,6.66,6.81,6.13,876489,580255163.0,10.99,7.59,0.47,4.37,-0.82,-0.49,-1.47,1.96,0.82,-0.49,-1.14,-0.82,2.12,6.36,6.18,6.13,5.95,5.8,-1.65,-2.1,-3.0,-6.16,-5.71,-7.36,-7.81,-7.21,-9.76,-6.01
2022-11-16,601519,6.49,6.37,6.55,6.31,597121,383830888.0,3.6,-4.35,-0.29,2.98,-3.33,-4.28,-0.95,-2.06,-3.33,-3.96,-3.65,-0.79,3.33,7.92,6.27,6.16,5.99,5.83,2.35,1.41,-1.88,-1.41,-3.14,-3.61,-2.98,-5.65,-1.73,-1.73
2022-11-17,601519,6.37,6.48,6.52,6.31,327841,210437682.0,3.3,1.73,0.11,1.64,-4.28,-0.95,-2.06,-3.33,-3.96,-3.65,-0.79,3.33,7.92,3.8,6.36,6.21,6.03,5.87,-0.31,-3.55,-3.09,-4.78,-5.25,-4.63,-7.25,-3.4,-3.4,-1.08
2022-11-18,601519,6.41,6.28,6.46,6.25,257670,163800091.0,3.24,-3.09,-0.2,1.29,0.0,-1.12,-2.4,-3.04,-2.72,0.16,4.32,8.96,4.8,4.32,6.4,6.22,6.05,5.9,-0.48,0.0,-1.75,-2.23,-1.59,-4.3,-0.32,-0.32,2.07,0.8
2022-11-21,601519,6.22,6.18,6.25,6.12,170029,104868170.0,2.07,-1.59,-0.1,0.85,0.98,-0.33,-0.98,-0.65,2.29,6.54,11.27,7.03,6.54,5.56,6.39,6.23,6.08,5.93,1.62,-0.16,-0.65,0.0,-2.75,1.29,1.29,3.72,2.43,4.05
2022-11-22,601519,6.18,6.15,6.28,6.13,144485,89397721.0,2.43,-0.49,-0.03,0.72,-0.49,-1.14,-0.82,2.12,6.36,11.09,6.85,6.36,5.38,1.96,6.29,6.24,6.11,5.96,0.33,-0.16,0.49,-2.28,1.79,1.79,4.23,2.93,4.55,5.69
2022-11-23,601519,6.15,6.06,6.17,6.02,139311,84746104.0,2.44,-1.46,-0.09,0.7,0.66,1.0,3.99,8.31,13.12,8.8,8.31,7.31,3.82,4.32,6.23,6.25,6.12,5.98,1.32,1.98,-0.83,3.3,3.3,5.78,4.46,6.11,7.26,5.78
2022-11-24,601519,6.13,6.06,6.14,6.04,104974,63755582.0,1.65,0.0,0.0,0.52,0.66,3.64,7.95,12.75,8.44,7.95,6.95,3.48,3.97,2.15,6.15,6.25,6.13,6.0,1.98,-0.83,3.3,3.3,5.78,4.46,6.11,7.26,5.78,4.29
2022-11-25,601519,6.04,6.09,6.18,6.01,105018,63994894.0,2.81,0.5,0.03,0.52,4.16,8.49,13.31,8.99,8.49,7.49,3.99,4.49,2.66,2.16,6.11,6.25,6.15,6.01,-1.31,2.79,2.79,5.25,3.94,5.58,6.73,5.25,3.78,2.13
2022-11-28,601519,5.96,5.99,6.01,5.91,108323,64576862.0,1.64,-1.64,-0.1,0.54,10.32,15.23,10.83,10.32,9.31,5.75,6.26,4.4,3.89,4.57,6.07,6.23,6.15,6.01,4.51,4.51,7.01,5.68,7.35,8.51,7.01,5.51,3.84,3.01
2022-11-29,601519,6.0,6.21,6.26,5.96,265871,164195005.0,5.01,3.67,0.22,1.33,14.26,9.9,9.4,8.39,4.87,5.37,3.52,3.02,3.69,0.84,6.08,6.19,6.16,6.03,0.81,3.22,1.93,3.54,4.67,3.22,1.77,0.16,-0.64,-1.13
2022-11-30,601519,6.2,6.15,6.26,6.14,145675,90346523.0,1.93,-0.97,-0.06,0.73,6.68,6.19,5.21,1.79,2.28,0.49,0.0,0.65,-2.12,1.95,6.1,6.16,6.16,6.05,4.23,2.93,4.55,5.69,4.23,2.76,1.14,0.33,-0.16,-0.65
2022-12-01,601519,6.25,6.24,6.41,6.22,205704,129545921.0,3.09,1.46,0.09,1.03,4.82,3.86,0.48,0.96,-0.8,-1.29,-0.64,-3.38,0.64,0.64,6.14,6.14,6.17,6.06,1.44,3.04,4.17,2.72,1.28,-0.32,-1.12,-1.6,-2.08,-1.28
2022-12-02,601519,6.2,6.21,6.33,6.2,131385,82378911.0,2.08,-0.48,-0.03,0.66,4.19,0.81,1.29,-0.48,-0.97,-0.32,-3.06,0.97,0.97,3.39,6.16,6.13,6.18,6.08,3.54,4.67,3.22,1.77,0.16,-0.64,-1.13,-1.61,-0.81,-1.77
2022-12-05,601519,6.26,6.4,6.43,6.25,221645,141254098.0,2.9,3.06,0.19,1.11,0.0,0.48,-1.28,-1.76,-1.12,-3.84,0.16,0.16,2.56,1.28,6.24,6.16,6.19,6.11,1.56,0.16,-1.25,-2.81,-3.59,-4.06,-4.53,-3.75,-4.69,-6.25
2022-12-06,601519,6.35,6.41,6.5,6.33,204760,131687412.0,2.66,0.16,0.01,1.02,-0.79,-2.53,-3.0,-2.37,-5.06,-1.11,-1.11,1.26,0.0,1.58,6.28,6.18,6.21,6.13,0.0,-1.4,-2.96,-3.74,-4.21,-4.68,-3.9,-4.84,-6.4,-8.89
2022-12-07,601519,6.36,6.34,6.41,6.27,154410,97655064.0,2.18,-1.09,-0.07,0.77,-1.59,-2.07,-1.44,-4.15,-0.16,-0.16,2.23,0.96,2.55,3.67,6.32,6.21,6.23,6.15,-0.32,-1.89,-2.68,-3.15,-3.63,-2.84,-3.79,-5.36,-7.89,-8.52
2022-12-08,601519,6.32,6.19,6.32,6.17,136508,84818561.0,2.37,-2.37,-0.15,0.68,-0.49,0.16,-2.59,1.46,1.46,3.89,2.59,4.21,5.35,3.89,6.31,6.22,6.24,6.16,0.48,-0.32,-0.81,-1.29,-0.48,-1.45,-3.07,-5.65,-6.3,-6.62
2022-12-09,601519,6.21,6.16,6.22,6.09,153054,93970775.0,2.1,-0.48,-0.03,0.76,1.48,-1.31,2.79,2.79,5.25,3.94,5.58,6.73,5.25,3.78,6.3,6.23,6.24,6.17,0.16,-0.32,-0.81,0.0,-0.97,-2.6,-5.19,-5.84,-6.17,-6.49
2022-12-12,601519,6.13,6.11,6.17,6.08,95750,58532952.0,1.46,-0.81,-0.05,0.48,-1.15,2.96,2.96,5.43,4.11,5.76,6.91,5.43,3.95,2.3,6.24,6.24,6.24,6.18,0.49,0.0,0.82,-0.16,-1.8,-4.42,-5.07,-5.4,-5.73,-5.24
2022-12-13,601519,6.14,6.04,6.14,6.03,98700,59880720.0,1.8,-1.15,-0.07,0.49,3.81,3.81,6.3,4.98,6.63,7.79,6.3,4.81,3.15,2.32,6.17,6.22,6.21,6.18,1.16,1.99,0.99,-0.66,-3.31,-3.97,-4.3,-4.64,-4.14,-3.15
2022-12-14,601519,6.01,6.07,6.11,6.0,108184,65349348.0,1.82,0.5,0.03,0.54,4.33,6.83,5.5,7.17,8.33,6.83,5.33,3.67,2.83,2.33,6.11,6.22,6.19,6.18,1.48,0.49,-1.15,-3.79,-4.45,-4.78,-5.11,-4.61,-3.62,-5.27
2022-12-15,601519,6.04,6.08,6.16,5.98,127869,77391110.0,2.97,0.16,0.01,0.64,7.19,5.85,7.53,8.7,7.19,5.69,4.01,3.18,2.68,2.17,6.09,6.2,6.17,6.18,0.33,-1.32,-3.95,-4.61,-4.93,-5.26,-4.77,-3.78,-5.43,-5.59
2022-12-16,601519,6.0,5.98,6.1,5.94,120774,72352828.0,2.63,-1.64,-0.1,0.6,6.57,8.25,9.43,7.91,6.4,4.71,3.87,3.37,2.86,3.7,6.06,6.18,6.16,6.18,0.33,-2.34,-3.01,-3.34,-3.68,-3.18,-2.17,-3.85,-4.01,-3.68
2022-12-19,601519,6.0,5.77,6.0,5.73,137734,80446348.0,4.52,-3.51,-0.21,0.69,12.22,13.44,11.87,10.3,8.55,7.68,7.16,6.63,7.5,6.46,5.99,6.11,6.14,6.17,1.21,0.52,0.17,-0.17,0.35,1.39,-0.35,-0.52,-0.17,1.04
2022-12-20,601519,5.79,5.75,5.84,5.73,72528,41940651.0,1.91,-0.35,-0.02,0.36,13.44,11.87,10.3,8.55,7.68,7.16,6.63,7.5,6.46,4.71,5.93,6.05,6.12,6.16,0.87,0.52,0.17,0.7,1.74,0.0,-0.17,0.17,1.39,3.65
2022-12-21,601519,5.75,5.68,5.8,5.66,75608,43160620.0,2.43,-1.22,-0.07,0.38,13.25,11.66,9.89,9.01,8.48,7.95,8.83,7.77,6.01,3.18,5.85,5.98,6.1,6.15,1.76,1.41,1.94,2.99,1.23,1.06,1.41,2.64,4.93,10.56
2022-12-22,601519,5.68,5.68,5.78,5.65,77802,44482410.0,2.29,0.0,0.0,0.39,11.86,10.09,9.2,8.67,8.14,9.03,7.96,6.19,3.36,2.65,5.77,5.93,6.08,6.14,1.41,1.94,2.99,1.23,1.06,1.41,2.64,4.93,10.56,18.84
2022-12-23,601519,5.66,5.74,5.76,5.61,69981,40020942.0,2.64,1.06,0.06,0.35,10.87,9.98,9.45,8.91,9.8,8.73,6.95,4.1,3.39,3.03,5.72,5.89,6.06,6.12,0.87,1.92,0.17,0.0,0.35,1.57,3.83,9.41,17.6,21.95
2022-12-26,601519,5.79,5.73,5.79,5.69,71147,40739939.0,1.74,-0.17,-0.01,0.36,8.44,7.91,7.38,8.26,7.21,5.45,2.64,1.93,1.58,1.23,5.72,5.85,6.05,6.11,2.09,0.35,0.17,0.52,1.75,4.01,9.6,17.8,22.16,25.65
2022-12-27,601519,5.77,5.77,5.85,5.74,87722,50783745.0,1.92,0.7,0.04,0.44,6.97,6.45,7.32,6.27,4.53,1.74,1.05,0.7,0.35,0.87,5.72,5.82,6.03,6.08,-0.35,-0.52,-0.17,1.04,3.29,8.84,16.98,21.32,24.78,18.54
2022-12-28,601519,5.75,5.69,5.75,5.66,78089,44524123.0,1.56,-1.39,-0.08,0.39,7.95,8.83,7.77,6.01,3.18,2.47,2.12,1.77,2.3,3.36,5.72,5.79,6.0,6.06,0.88,1.23,2.46,4.75,10.37,18.63,23.02,26.54,20.21,28.65
2022-12-29,601519,5.7,5.67,5.74,5.65,77718,44233828.0,1.58,-0.35,-0.02,0.39,9.03,7.96,6.19,3.36,2.65,2.3,1.95,2.48,3.54,1.77,5.72,5.75,5.97,6.03,1.59,2.82,5.11,10.76,19.05,23.46,26.98,20.63,29.1,41.27
2022-12-30,601519,5.68,5.75,5.76,5.67,71309,40907197.0,1.59,1.41,0.08,0.36,7.58,5.82,3.0,2.29,1.94,1.59,2.12,3.17,1.41,1.23,5.72,5.72,5.95,6.01,1.39,3.65,9.22,17.39,21.74,25.22,18.96,27.3,39.3,47.65
2023-01-03,601519,5.74,5.81,5.83,5.64,103252,59463713.0,3.3,1.04,0.06,0.52,6.38,3.55,2.84,2.48,2.13,2.66,3.72,1.95,1.77,2.13,5.74,5.73,5.92,6.0,2.58,8.09,16.18,20.48,23.92,17.73,25.99,37.87,46.13,37.01
2023-01-04,601519,5.82,5.9,5.96,5.78,119205,70192951.0,3.1,1.55,0.09,0.59,1.04,0.35,0.0,-0.35,0.17,1.21,-0.52,-0.69,-0.35,0.87,5.76,5.74,5.9,5.99,6.44,14.41,18.64,22.03,15.93,24.07,35.76,43.9,34.92,30.51
2023-01-05,601519,5.95,6.14,6.28,5.91,374561,229521409.0,6.27,4.07,0.24,1.87,-1.86,-2.2,-2.54,-2.03,-1.02,-2.71,-2.88,-2.54,-1.35,0.85,5.85,5.79,5.89,5.99,9.93,14.01,17.26,11.4,19.22,30.46,38.27,29.64,25.41,24.92
2023-01-06,601519,6.1,6.36,6.75,6.07,953626,621415213.0,11.07,3.58,0.22,4.76,-4.78,-5.11,-4.61,-3.62,-5.27,-5.44,-5.11,-3.95,-1.81,3.46,5.99,5.86,5.89,6.0,10.06,13.21,7.55,15.09,25.94,33.49,25.16,21.07,20.6,19.18
2023-01-09,601519,6.38,7.0,7.0,6.31,947051,643206584.0,10.85,10.06,0.64,4.73,-8.72,-8.24,-7.29,-8.87,-9.03,-8.72,-7.61,-5.55,-0.48,6.97,6.24,5.98,5.94,6.03,2.86,-2.29,4.57,14.43,21.29,13.71,10.0,9.57,8.29,9.57
2023-01-10,601519,7.2,6.75,7.2,6.7,1296450,892650112.0,7.14,-3.57,-0.25,6.47,-13.58,-12.69,-14.18,-14.33,-14.03,-12.99,-11.04,-6.27,0.75,4.48,6.43,6.08,5.97,6.06,1.33,8.44,18.67,25.78,17.93,14.07,13.63,12.3,13.63,11.11
2023-01-11,601519,6.8,6.65,6.84,6.61,610682,410750650.0,3.41,-1.48,-0.1,3.05,-11.5,-13.01,-13.16,-12.86,-11.8,-9.83,-4.99,2.12,5.9,8.93,6.58,6.17,6.0,6.07,10.08,20.45,27.67,19.7,15.79,15.34,13.98,15.34,12.78,13.08
2023-01-12,601519,6.72,7.32,7.32,6.66,1059754,748495420.0,9.92,10.08,0.67,5.29,-13.66,-13.81,-13.51,-12.46,-10.51,-5.71,1.35,5.11,8.11,2.7,6.82,6.33,6.06,6.11,9.43,15.98,8.74,5.19,4.78,3.55,4.78,2.46,2.73,3.83
2023-01-13,601519,7.8,7.72,8.01,7.35,1770849,1359683586.0,9.02,5.46,0.4,8.84,-21.9,-21.63,-20.68,-18.91,-14.56,-8.16,-4.76,-2.04,-6.94,-0.41,7.09,6.54,6.14,6.16,9.97,3.11,-0.26,-0.65,-1.81,-0.65,-2.85,-2.59,-1.55,-1.42
2023-01-16,601519,7.71,8.29,8.49,7.54,2194666,1764916871.0,12.31,7.38,0.57,10.95,-23.61,-22.68,-20.95,-16.71,-10.48,-7.16,-4.51,-9.28,-2.92,6.23,7.35,6.79,6.26,6.23,-3.98,-7.12,-7.48,-8.56,-7.48,-9.53,-9.29,-8.32,-8.2,-10.13
2023-01-17,601519,7.86,7.46,7.96,7.46,1595269,1220596081.0,6.03,-10.01,-0.83,7.96,-21.85,-20.11,-15.82,-9.52,-6.17,-3.49,-8.31,-1.88,7.37,13.81,7.49,6.96,6.34,6.27,3.22,2.82,1.61,2.82,0.54,0.8,1.88,2.01,-0.13,-0.27
2023-01-18,601519,7.48,7.52,7.7,7.43,883854,669017831.0,3.62,0.8,0.06,4.41,-19.78,-15.48,-9.15,-5.79,-3.1,-7.94,-1.48,7.81,14.27,7.13,7.66,7.12,6.43,6.3,1.99,0.8,1.99,-0.27,0.0,1.06,1.2,-0.93,-1.06,-1.86
2023-01-19,601519,7.4,7.64,7.67,7.33,675463,508473520.0,4.52,1.6,0.12,3.37,-14.32,-7.91,-4.5,-1.77,-6.68,-0.14,9.28,15.83,8.59,5.05,7.73,7.27,6.53,6.35,-0.79,0.39,-1.83,-1.57,-0.52,-0.39,-2.49,-2.62,-3.4,-4.58
2023-01-20,601519,7.54,7.49,7.58,7.33,581583,432350542.0,3.27,-1.96,-0.15,2.9,-7.91,-4.5,-1.77,-6.68,-0.14,9.28,15.83,8.59,5.05,4.64,7.68,7.38,6.62,6.39,2.4,0.13,0.4,1.47,1.6,-0.53,-0.67,-1.47,-2.67,-3.34
2023-01-30,601519,7.64,7.36,7.67,7.34,507293,376932789.0,4.41,-1.74,-0.13,2.53,-4.63,-1.91,-6.81,-0.27,9.13,15.67,8.45,4.9,4.5,3.27,7.49,7.42,6.7,6.43,1.9,2.17,3.26,3.4,1.22,1.09,0.27,-0.95,-1.63,-1.9
2023-01-31,601519,7.34,7.35,7.5,7.2,468369,343326695.0,4.08,-0.14,-0.01,2.34,0.0,-5.0,1.67,11.25,17.92,10.56,6.94,6.53,5.28,6.53,7.47,7.48,6.78,6.47,2.31,3.4,3.54,1.36,1.22,0.41,-0.82,-1.5,-1.77,-1.77
2023-02-01,601519,7.36,7.5,7.52,7.26,510812,378802543.0,3.54,2.04,0.15,2.55,-5.79,0.83,10.33,16.94,9.64,6.06,5.65,4.41,5.65,3.31,7.47,7.56,6.87,6.52,1.33,1.47,-0.67,-0.8,-1.6,-2.8,-3.47,-3.73,-3.73,-4.8
2023-02-02,601519,7.6,7.42,7.6,7.27,623102,462338383.0,4.4,-1.07,-0.08,3.11,0.69,10.18,16.78,9.49,5.91,5.5,4.26,5.5,3.16,3.44,7.42,7.57,6.96,6.57,2.56,0.4,0.27,-0.54,-1.75,-2.43,-2.7,-2.7,-3.77,-1.08
2023-02-03,601519,7.42,7.45,7.61,7.38,487522,364447278.0,3.1,0.4,0.03,2.43,8.54,15.04,7.86,4.34,3.93,2.71,3.93,1.63,1.9,2.98,7.42,7.55,7.04,6.61,0.0,-0.13,-0.94,-2.15,-2.82,-3.09,-3.09,-4.16,-1.48,-5.1
2023-02-06,601519,7.33,7.34,7.45,7.11,433106,316226301.0,4.56,-1.48,-0.11,2.16,19.41,11.95,8.3,7.88,6.61,7.88,5.49,5.77,6.89,7.03,7.41,7.45,7.12,6.66,1.36,0.54,-0.68,-1.36,-1.63,-1.63,-2.72,0.0,-3.68,-1.63
2023-02-07,601519,7.27,7.35,7.44,7.25,333829,245048506.0,2.59,0.14,0.01,1.67,9.79,6.21,5.79,4.55,5.79,3.45,3.72,4.83,4.97,2.76,7.41,7.44,7.2,6.71,0.41,-0.82,-1.5,-1.77,-1.77,-2.86,-0.14,-3.81,-1.77,-2.31
2023-02-08,601519,7.36,7.21,7.38,7.17,324813,234854630.0,2.86,-1.9,-0.14,1.62,7.39,6.97,5.72,6.97,4.6,4.88,6.0,6.14,3.91,3.77,7.35,7.41,7.27,6.76,1.11,0.42,0.14,0.14,-0.97,1.8,-1.94,0.14,-0.42,-2.22
2023-02-09,601519,7.13,7.26,7.29,7.12,256891,185319122.0,2.36,0.69,0.05,1.28,7.72,6.46,7.72,5.34,5.62,6.74,6.88,4.63,4.49,3.65,7.32,7.37,7.32,6.81,-0.28,-0.55,-0.55,-1.65,1.1,-2.62,-0.55,-1.1,-2.89,-1.52
2023-02-10,601519,7.24,7.15,7.24,7.11,220517,158197627.0,1.79,-1.52,-0.11,1.1,6.61,7.88,5.49,5.77,6.89,7.03,4.78,4.64,3.8,2.53,7.26,7.34,7.36,6.86,0.98,0.98,-0.14,2.66,-1.12,0.98,0.42,-1.4,0.0,-2.38
2023-02-13,601519,7.17,7.2,7.22,7.13,176435,126698511.0,1.26,0.7,0.05,0.88,7.57,5.19,5.47,6.59,6.73,4.49,4.35,3.51,2.24,1.54,7.23,7.32,7.37,6.91,0.28,-0.83,1.94,-1.81,0.28,-0.28,-2.08,-0.69,-3.06,-4.31
2023-02-14,601519,7.21,7.09,7.22,7.06,203124,144479950.0,2.22,-1.53,-0.11,1.01,6.23,6.52,7.65,7.79,5.52,5.38,4.53,3.26,2.55,2.27,7.18,7.3,7.39,6.95,0.71,3.53,-0.28,1.83,1.27,-0.56,0.85,-1.55,-2.82,-2.68
2023-02-15,601519,7.05,7.09,7.14,7.05,170550,120893672.0,1.27,0.0,0.0,0.85,6.67,7.8,7.94,5.67,5.53,4.68,3.4,2.7,2.41,2.41,7.16,7.26,7.41,7.0,3.53,-0.28,1.83,1.27,-0.56,0.85,-1.55,-2.82,-2.68,-0.56
2023-02-16,601519,7.09,7.05,7.34,6.98,503677,362317922.0,5.08,-0.56,-0.04,2.51,8.88,9.03,6.73,6.59,5.73,4.44,3.72,3.44,3.44,2.29,7.12,7.22,7.4,7.04,0.28,2.41,1.84,0.0,1.42,-0.99,-2.27,-2.13,0.0,0.14
2023-02-17,601519,7.0,6.81,7.07,6.8,363060,250364175.0,3.83,-3.4,-0.24,1.81,11.91,9.56,9.41,8.53,7.21,6.47,6.18,6.18,5.0,7.94,7.05,7.15,7.35,7.08,6.02,5.43,3.52,4.99,2.5,1.17,1.32,3.52,3.67,3.67
2023-02-20,601519,6.9,7.18,7.22,6.9,385484,272442374.0,4.7,5.43,0.37,1.92,7.97,7.83,6.96,5.65,4.93,4.64,4.64,3.48,6.38,2.46,7.04,7.14,7.3,7.13,0.0,-1.81,-0.42,-2.79,-4.04,-3.9,-1.81,-1.67,-1.67,-1.81
2023-02-21,601519,7.18,7.06,7.18,6.98,300255,211962133.0,2.79,-1.67,-0.12,1.5,6.59,5.73,4.44,3.72,3.44,3.44,2.29,5.16,1.29,3.44,7.04,7.11,7.28,7.17,-0.14,1.27,-1.13,-2.41,-2.27,-0.14,0.0,0.0,-0.14,-1.13
2023-02-22,601519,7.0,6.99,7.05,6.96,139506,97644821.0,1.27,-0.99,-0.07,0.7,6.03,4.74,4.02,3.74,3.74,2.59,5.46,1.58,3.74,3.16,7.02,7.09,7.25,7.21,2.29,-0.14,-1.43,-1.29,0.86,1.0,1.0,0.86,-0.14,-2.43
2023-02-23,601519,6.98,7.0,7.15,6.93,257930,181262653.0,3.15,0.14,0.01,1.29,5.19,4.47,4.18,4.18,3.03,5.92,2.02,4.18,3.61,1.73,7.01,7.06,7.22,7.24,-0.29,-1.57,-1.43,0.71,0.86,0.86,0.71,-0.29,-2.57,-2.43
2023-02-24,601519,6.96,6.9,6.98,6.82,184416,127117993.0,2.29,-1.43,-0.1,0.92,6.16,5.87,5.87,4.69,7.62,3.67,5.87,5.28,3.37,4.84,7.03,7.04,7.19,7.25,-0.14,0.0,2.17,2.32,2.32,2.17,1.16,-1.16,-1.01,-0.72
2023-02-27,601519,6.83,6.78,6.89,6.76,143116,97584894.0,1.88,-1.74,-0.12,0.71,6.8,6.8,5.62,8.58,4.59,6.8,6.21,4.29,5.77,3.25,6.95,6.99,7.16,7.25,1.77,3.98,4.13,4.13,3.98,2.95,0.59,0.74,1.03,-0.44
2023-02-28,601519,6.82,6.87,6.9,6.78,122916,84075966.0,1.77,1.33,0.09,0.61,6.49,5.31,8.26,4.28,6.49,5.9,3.98,5.46,2.95,1.62,6.91,6.97,7.14,7.25,2.62,2.77,2.77,2.62,1.6,-0.73,-0.58,-0.29,-1.75,-2.18
2023-03-01,601519,6.88,7.03,7.05,6.84,219377,152927490.0,3.06,2.33,0.16,1.09,4.39,7.31,3.36,5.56,4.97,3.07,4.53,2.05,0.73,0.88,6.92,6.97,7.11,7.26,0.43,0.43,0.28,-0.71,-2.99,-2.84,-2.56,-3.98,-4.41,-3.41
2023-03-02,601519,7.0,7.01,7.06,6.98,153627,107828532.0,1.14,-0.28,-0.02,0.77,5.16,1.29,3.44,2.87,1.0,2.44,0.0,-1.29,-1.15,1.0,6.92,6.96,7.09,7.25,0.71,0.57,-0.43,-2.71,-2.57,-2.28,-3.71,-4.14,-3.14,-4.71
2023-03-03,601519,7.05,7.0,7.06,6.95,141436,99060355.0,1.57,-0.14,-0.01,0.71,1.73,3.88,3.31,1.44,2.88,0.43,-0.86,-0.72,1.44,1.58,6.94,6.98,7.07,7.23,0.71,-0.29,-2.57,-2.43,-2.14,-3.57,-4.0,-3.0,-4.57,-2.14
2023-03-06,601519,7.0,6.96,7.05,6.93,141537,98929017.0,1.71,-0.57,-0.04,0.71,4.18,3.61,1.73,3.17,0.72,-0.58,-0.43,1.73,1.88,1.88,6.97,6.96,7.05,7.18,0.29,-2.01,-1.87,-1.58,-3.02,-3.45,-2.44,-4.02,-1.58,-1.01
2023-03-07,601519,6.93,6.76,6.98,6.73,182513,124738552.0,3.59,-2.87,-0.2,0.91,6.69,4.75,6.24,3.71,2.38,2.53,4.75,4.9,4.9,4.75,6.95,6.93,7.02,7.16,0.89,1.04,1.33,-0.15,-0.59,0.44,-1.18,1.33,1.92,8.43
2023-03-08,601519,6.79,6.8,6.82,6.73,92135,62374066.0,1.33,0.59,0.04,0.46,4.75,6.24,3.71,2.38,2.53,4.75,4.9,4.9,4.75,3.71,6.91,6.91,7.0,7.14,0.44,0.74,-0.74,-1.18,-0.15,-1.76,0.74,1.32,7.79,3.53
2023-03-09,601519,6.79,6.78,6.83,6.68,103650,70017952.0,2.21,-0.29,-0.02,0.52,7.04,4.49,3.14,3.29,5.54,5.69,5.69,5.54,4.49,2.1,6.86,6.89,6.98,7.11,1.03,-0.44,-0.88,0.15,-1.47,1.03,1.62,8.11,3.83,8.11
2023-03-10,601519,6.75,6.72,6.85,6.7,118570,80122241.0,2.21,-0.88,-0.06,0.59,4.18,2.84,2.99,5.22,5.37,5.37,5.22,4.18,1.79,1.94,6.8,6.87,6.95,7.08,0.45,0.0,1.04,-0.6,1.93,2.53,9.08,4.76,9.08,11.01
2023-03-13,601519,6.6,6.73,6.75,6.58,110818,74060404.0,2.53,0.15,0.01,0.55,4.71,4.86,7.14,7.29,7.29,7.14,6.08,3.65,3.8,4.1,6.76,6.87,6.93,7.06,-0.15,0.89,-0.74,1.78,2.38,8.92,4.61,8.92,10.85,15.16
2023-03-14,601519,6.68,6.63,6.72,6.56,125387,83372872.0,2.38,-1.49,-0.1,0.63,5.18,7.47,7.62,7.62,7.47,6.4,3.96,4.12,4.42,2.9,6.73,6.84,6.91,7.04,2.41,0.75,3.32,3.92,10.56,6.18,10.56,12.52,16.89,14.93
2023-03-15,601519,6.68,6.67,6.79,6.65,143744,96554453.0,2.11,0.6,0.04,0.72,6.02,6.17,6.17,6.02,4.96,2.56,2.71,3.01,1.5,1.05,6.71,6.81,6.89,7.01,0.15,2.7,3.3,9.9,5.55,9.9,11.84,16.19,14.24,13.19
2023-03-16,601519,6.64,6.56,6.68,6.55,124803,82520072.0,1.95,-1.65,-0.11,0.62,7.79,7.79,7.63,6.56,4.12,4.27,4.58,3.05,2.6,3.66,6.66,6.76,6.86,6.98,4.42,5.03,11.74,7.32,11.74,13.72,18.14,16.16,15.09,12.5
2023-03-17,601519,6.63,6.74,6.85,6.63,287911,194511983.0,3.35,2.74,0.18,1.44,6.49,6.33,5.28,2.87,3.02,3.32,1.81,1.36,2.41,0.75,6.67,6.73,6.86,6.96,2.23,8.75,4.45,8.75,10.68,14.99,13.06,12.02,9.5,10.24
2023-03-20,601519,6.75,6.67,6.89,6.65,225692,152519634.0,3.56,-1.04,-0.07,1.13,6.02,4.96,2.56,2.71,3.01,1.5,1.05,2.11,0.45,3.01,6.65,6.71,6.83,6.93,9.9,5.55,9.9,11.84,16.19,14.24,13.19,10.64,11.39,18.59
2023-03-21,601519,6.73,7.04,7.33,6.65,540895,378397613.0,10.19,5.55,0.37,2.7,4.96,2.56,2.71,3.01,1.5,1.05,2.11,0.45,3.01,3.61,6.74,6.73,6.83,6.92,0.0,4.12,5.97,10.09,8.24,7.24,4.83,5.54,12.36,21.88
2023-03-22,601519,7.03,7.0,7.04,6.86,348656,241904148.0,2.56,-0.57,-0.04,1.74,-0.58,-0.44,-0.15,-1.6,-2.04,-1.02,-2.62,-0.15,0.44,6.85,6.8,6.75,6.83,6.92,4.71,6.57,10.71,8.86,7.86,5.43,6.14,13.0,22.57,23.71
2023-03-23,601519,6.93,7.26,7.33,6.93,612537,438294934.0,5.71,3.71,0.26,3.06,-1.44,-1.15,-2.6,-3.03,-2.02,-3.61,-1.15,-0.58,5.77,1.59,6.94,6.8,6.85,6.92,2.75,6.75,4.96,3.99,1.65,2.34,8.95,18.18,19.28,20.66
2023-03-24,601519,7.2,7.33,7.46,7.15,607652,445786327.0,4.27,0.96,0.07,3.03,-4.2,-5.59,-6.01,-5.03,-6.57,-4.2,-3.64,2.52,-1.54,2.52,7.06,6.86,6.87,6.92,5.73,3.96,3.0,0.68,1.36,7.91,17.05,18.14,19.51,23.87
2023-03-27,601519,7.3,7.44,7.75,7.26,791469,593490120.0,6.68,1.5,0.11,3.95,-7.02,-7.44,-6.47,-7.99,-5.65,-5.1,0.96,-3.03,0.96,2.75,7.21,6.93,6.9,6.93,2.42,1.48,-0.81,-0.13,6.32,15.32,16.4,17.74,22.04,11.83
2023-03-28,601519,7.32,7.39,7.62,7.15,669984,493978929.0,6.32,-0.67,-0.05,3.34,-6.01,-5.03,-6.57,-4.2,-3.64,2.52,-1.54,2.52,4.34,8.39,7.28,7.01,6.93,6.94,2.17,-0.14,0.54,7.04,16.1,17.19,18.54,22.87,12.58,19.62
2023-03-29,601519,7.34,7.34,7.55,7.27,365773,269973448.0,3.79,-0.68,-0.05,1.83,-6.6,-8.12,-5.78,-5.23,0.83,-3.16,0.83,2.61,6.6,4.81,7.35,7.08,6.94,6.95,0.54,1.23,7.77,16.89,17.98,19.35,23.71,13.35,20.44,23.57
2023-03-30,601519,7.3,7.26,7.38,7.1,343074,248399573.0,3.81,-1.09,-0.08,1.71,-5.92,-3.52,-2.96,3.24,-0.85,3.24,5.07,9.15,7.32,6.34,7.35,7.15,6.95,6.96,2.34,8.95,18.18,19.28,20.66,25.07,14.6,21.76,24.93,19.01
2023-03-31,601519,7.22,7.39,7.43,7.14,358638,262277780.0,3.99,1.79,0.13,1.79,-4.06,-3.5,2.66,-1.4,2.66,4.48,8.54,6.72,5.74,3.36,7.36,7.21,6.97,6.98,7.04,16.1,17.19,18.54,22.87,12.58,19.62,22.73,16.91,13.94
2023-04-03,601519,7.39,7.8,7.91,7.32,1053760,811438173.0,7.98,5.55,0.41,5.26,-5.87,0.14,-3.83,0.14,1.91,5.87,4.1,3.14,0.82,1.5,7.44,7.32,7.02,7.0,10.0,11.03,12.31,16.41,6.67,13.33,16.28,10.77,7.95,6.92
2023-04-04,601519,7.75,8.58,8.58,7.73,1575669,1307633537.0,10.9,10.0,0.78,7.86,-5.17,-8.93,-5.17,-3.49,0.26,-1.42,-2.33,-4.53,-3.88,2.33,7.67,7.48,7.11,7.05,0.93,2.1,5.83,-3.03,3.03,5.71,0.7,-1.86,-2.8,-5.59
2023-04-06,601519,8.5,8.27,8.66,8.07,1535393,1278745857.0,6.88,-3.61,-0.31,7.66,-12.76,-9.17,-7.56,-3.97,-5.58,-6.44,-8.55,-7.93,-1.98,6.32,7.86,7.61,7.18,7.09,5.93,9.79,0.6,6.89,9.67,4.47,1.81,0.85,-2.06,-1.09
2023-04-07,601519,8.25,8.62,8.76,8.03,1450272,1228482472.0,8.83,4.23,0.35,7.24,-8.72,-7.1,-3.49,-5.11,-5.98,-8.09,-7.47,-1.49,6.85,7.85,8.13,7.74,7.27,7.14,5.34,-3.48,2.55,5.22,0.23,-2.32,-3.25,-6.03,-5.1,-6.26
2023-04-10,601519,8.75,7.95,9.08,7.93,1521675,1293375541.0,13.34,-7.77,-0.67,7.59,-5.93,-2.27,-3.91,-4.79,-6.94,-6.31,-0.25,8.2,9.21,10.47,8.24,7.8,7.33,7.18,4.65,11.19,14.09,8.68,5.91,4.91,1.89,2.89,1.64,-3.4
2023-04-11,601519,7.9,8.04,8.32,7.9,929858,752635657.0,5.28,1.13,0.09,4.64,-1.9,-3.54,-4.43,-6.58,-5.95,0.13,8.61,9.62,10.89,14.94,8.29,7.86,7.4,7.22,9.95,12.81,7.46,4.73,3.73,0.75,1.74,0.5,-4.48,-8.46
2023-04-12,601519,8.61,8.84,8.84,8.47,2039319,1784867685.0,4.6,9.95,0.8,10.18,-10.04,-10.86,-12.87,-12.28,-6.61,1.3,2.24,3.42,7.2,-1.77,8.34,8.01,7.51,7.29,2.6,-2.26,-4.75,-5.66,-8.37,-7.47,-8.6,-13.12,-16.74,-18.44
2023-04-13,601519,8.75,8.32,9.07,8.28,1749705,1517037060.0,8.94,-5.88,-0.52,8.73,-8.82,-10.87,-10.27,-4.47,3.62,4.59,5.8,9.66,0.48,6.76,8.35,8.11,7.59,7.33,3.85,1.2,0.24,-2.64,-1.68,-2.88,-7.69,-11.54,-13.34,-16.95
2023-04-14,601519,8.36,8.35,8.64,8.21,820810,691417044.0,5.17,0.36,0.03,4.1,-10.11,-9.5,-3.65,4.51,5.48,6.7,10.6,1.34,7.67,10.48,8.3,8.22,7.68,7.37,0.84,-0.12,-2.99,-2.04,-3.23,-8.02,-11.86,-13.65,-17.25,-10.42
2023-04-17,601519,8.26,8.22,8.42,7.95,599426,491606795.0,5.63,-1.56,-0.13,2.99,-6.54,-0.5,7.92,8.93,10.19,14.21,4.65,11.19,14.09,8.68,8.35,8.3,7.76,7.42,1.46,-1.46,-0.49,-1.7,-6.57,-10.46,-12.29,-15.94,-9.0,-3.04
2023-04-18,601519,8.19,8.08,8.34,7.98,513339,416968368.0,4.38,-1.7,-0.14,2.56,-0.88,7.52,8.52,9.77,13.78,4.26,10.78,13.66,8.27,5.51,8.36,8.33,7.83,7.45,0.25,1.24,0.0,-4.95,-8.91,-10.77,-14.48,-7.43,-1.36,2.48
2023-04-19,601519,8.02,7.91,8.1,7.83,494299,393531890.0,3.34,-2.1,-0.17,2.47,9.58,10.6,11.88,15.96,6.26,12.9,15.84,10.34,7.54,6.51,8.18,8.26,7.87,7.49,3.41,2.15,-2.91,-6.95,-8.85,-12.64,-5.44,0.76,4.68,1.64
2023-04-20,601519,7.8,8.07,8.18,7.68,762468,606952879.0,6.32,2.02,0.16,3.8,12.76,14.06,18.23,8.33,15.1,18.1,12.5,9.64,8.59,5.47,8.13,8.24,7.92,7.53,0.12,-4.83,-8.8,-10.66,-14.37,-7.31,-1.24,2.6,-0.37,5.95
2023-04-21,601519,8.0,7.47,8.08,7.45,744742,572676168.0,7.81,-7.43,-0.6,3.72,17.58,21.88,11.68,18.66,21.74,15.97,13.02,11.95,8.72,9.8,7.95,8.12,7.93,7.56,2.81,-1.47,-3.48,-7.5,0.13,6.69,10.84,7.63,14.46,10.17
2023-04-24,601519,7.47,7.34,7.68,7.29,468113,348386838.0,5.22,-1.74,-0.13,2.34,24.55,14.13,21.26,24.42,18.52,15.5,14.4,11.11,12.21,10.84,7.77,8.06,7.93,7.58,0.27,-1.77,-5.86,1.91,8.58,12.81,9.54,16.49,12.13,9.67
2023-04-25,601519,7.35,7.15,7.36,7.06,479182,345734305.0,4.09,-2.59,-0.19,2.39,17.85,25.21,28.47,22.38,19.26,18.13,14.73,15.86,14.45,8.78,7.59,7.97,7.92,7.59,0.84,-3.36,4.62,11.47,15.8,12.45,19.58,15.1,12.59,18.04
2023-04-26,601519,7.15,6.93,7.21,6.88,398159,278705607.0,4.62,-3.08,-0.22,1.99,28.49,31.83,25.58,22.38,21.22,17.73,18.9,17.44,11.63,6.98,7.39,7.78,7.9,7.6,-0.29,7.94,15.01,19.48,16.02,23.38,18.76,16.16,21.79,18.9
2023-04-27,601519,6.87,6.8,6.91,6.75,378379,258378392.0,2.31,-1.88,-0.13,1.89,34.37,28.0,24.74,23.56,20.0,21.19,19.7,13.78,9.04,6.81,7.14,7.63,7.87,7.61,10.0,17.21,21.76,18.24,25.74,21.03,18.38,24.12,21.18,20.15
2023-04-28,601519,7.2,7.48,7.48,7.2,433387,320776350.0,4.12,10.0,0.68,2.16,20.0,16.94,15.83,12.5,13.61,12.22,6.67,2.22,0.14,-4.03,7.14,7.54,7.88,7.64,6.55,10.7,7.49,14.3,10.03,7.62,12.83,10.16,9.22,5.48
2023-05-04,601519,7.6,7.82,7.97,7.55,1063252,824140225.0,5.61,4.55,0.34,5.31,11.52,10.46,7.28,8.34,7.02,1.72,-2.52,-4.5,-8.48,-0.93,7.24,7.5,7.9,7.67,5.88,2.81,9.34,5.24,2.94,7.93,5.37,4.48,0.9,0.0
2023-05-05,601519,7.83,7.93,8.28,7.77,870494,696845879.0,6.52,1.41,0.11,4.34,7.34,4.25,5.28,3.99,-1.16,-5.28,-7.21,-11.07,-3.73,2.57,7.39,7.49,7.91,7.71,1.39,7.82,3.78,1.51,6.43,3.91,3.03,-0.5,-1.39,-2.02
2023-05-08,601519,7.94,7.98,8.04,7.74,660000,520170627.0,3.78,0.63,0.05,3.29,4.65,5.68,4.39,-0.78,-4.91,-6.85,-10.72,-3.36,2.97,6.98,7.6,7.5,7.88,7.75,7.14,3.13,0.88,5.76,3.26,2.38,-1.13,-2.01,-2.63,-4.39
2023-05-09,601519,7.85,8.17,8.55,7.85,1127051,929642225.0,8.77,2.38,0.19,5.62,4.2,2.93,-2.17,-6.24,-8.15,-11.97,-4.71,1.53,5.48,2.42,7.88,7.51,7.87,7.78,0.73,-1.47,3.3,0.86,0.0,-3.43,-4.28,-4.9,-6.61,-10.04
2023-05-10,601519,8.08,7.96,8.23,7.83,668260,534372006.0,4.9,-2.57,-0.21,3.33,3.19,-1.92,-6.0,-7.92,-11.75,-4.47,1.79,5.75,2.68,9.2,7.97,7.56,7.84,7.81,1.13,6.03,3.52,2.64,-0.88,-1.76,-2.39,-4.15,-7.66,-10.68
2023-05-11,601519,7.97,8.01,8.05,7.83,424875,338178400.0,2.76,0.63,0.05,2.12,-1.92,-6.0,-7.92,-11.75,-4.47,1.79,5.75,2.68,9.2,5.11,8.01,7.62,7.84,7.83,5.37,2.87,2.0,-1.5,-2.37,-3.0,-4.74,-8.24,-11.24,-12.23
2023-05-12,601519,7.96,8.22,8.44,7.91,825811,678770888.0,6.62,2.62,0.21,4.12,-6.95,-8.85,-12.64,-5.44,0.76,4.68,1.64,8.09,4.05,1.77,8.07,7.73,7.85,7.86,0.24,-0.61,-4.01,-4.87,-5.47,-7.18,-10.58,-13.5,-14.48,-13.87
2023-05-15,601519,8.23,8.15,8.24,7.82,544101,435666498.0,5.11,-0.85,-0.07,2.72,-7.8,-11.64,-4.35,1.92,5.88,2.81,9.34,5.24,2.94,7.93,8.1,7.85,7.82,7.88,0.25,-3.19,-4.05,-4.66,-6.38,-9.82,-12.76,-13.74,-13.13,-13.37
2023-05-16,601519,8.07,7.82,8.17,7.78,399823,315613735.0,4.79,-4.05,-0.33,2.0,-11.18,-3.86,2.44,6.43,3.34,9.9,5.78,3.47,8.48,5.91,8.03,7.95,7.79,7.9,0.9,0.0,-0.64,-2.43,-6.01,-9.08,-10.1,-9.46,-9.72,-9.97
2023-05-17,601519,7.84,7.69,7.89,7.63,364012,281393315.0,3.32,-1.66,-0.13,1.82,-1.97,4.46,8.52,5.37,12.06,7.86,5.5,10.62,7.99,7.08,7.98,7.97,7.76,7.91,1.69,1.04,-0.78,-4.42,-7.54,-8.58,-7.93,-8.19,-8.45,-5.59
2023-05-18,601519,7.68,7.74,7.82,7.64,333696,257566096.0,2.34,0.65,0.05,1.67,4.32,8.38,5.24,11.91,7.72,5.37,10.47,7.85,6.94,3.27,7.92,7.97,7.74,7.92,0.39,-1.42,-5.04,-8.14,-9.17,-8.53,-8.79,-9.04,-6.2,-1.16
2023-05-19,601519,7.74,7.59,7.77,7.55,308415,235529483.0,2.84,-1.94,-0.15,1.54,9.67,6.49,13.25,9.01,6.62,11.79,9.14,8.21,4.5,3.58,7.8,7.93,7.71,7.92,0.53,-3.16,-6.32,-7.38,-6.72,-6.98,-7.25,-4.35,0.79,-0.13
2023-05-22,601519,7.55,7.3,7.63,7.21,475206,349639182.0,5.53,-3.82,-0.29,2.37,11.51,18.59,14.15,11.65,17.06,14.29,13.31,9.43,8.46,7.77,7.63,7.86,7.68,7.87,0.68,-2.6,-3.7,-3.01,-3.29,-3.56,-0.55,4.79,3.84,3.42
2023-05-23,601519,7.32,7.09,7.35,7.09,294699,211112180.0,3.56,-2.88,-0.21,1.47,20.59,16.08,13.54,19.04,16.22,15.23,11.28,10.3,9.59,7.62,7.48,7.76,7.63,7.83,0.28,-0.85,-0.14,-0.42,-0.71,2.4,7.9,6.91,6.49,5.22
2023-05-24,601519,7.08,6.98,7.11,6.96,290849,204061262.0,2.12,-1.55,-0.11,1.45,18.25,15.66,21.26,18.39,17.39,13.36,12.36,11.64,9.63,5.6,7.34,7.66,7.61,7.78,0.72,1.43,1.15,0.86,4.01,9.6,8.6,8.17,6.88,5.3
2023-05-25,601519,6.96,6.95,7.03,6.81,375129,258947492.0,3.15,-0.43,-0.03,1.87,18.21,23.94,21.0,19.97,15.86,14.83,14.1,12.04,7.93,4.41,7.18,7.55,7.59,7.75,1.87,1.58,1.29,4.46,10.07,9.06,8.63,7.34,5.76,6.04
2023-05-26,601519,6.94,7.03,7.08,6.83,428622,298590443.0,3.6,1.15,0.08,2.14,23.57,20.64,19.62,15.52,14.49,13.76,11.71,7.61,4.1,2.93,7.07,7.43,7.58,7.71,0.43,0.14,3.27,8.82,7.82,7.4,6.12,4.55,4.84,3.98
2023-05-29,601519,6.99,6.91,7.06,6.79,478521,331563230.0,3.84,-1.71,-0.12,2.39,21.35,20.32,16.2,15.17,14.43,12.37,8.25,4.71,3.53,4.27,6.99,7.31,7.58,7.65,1.88,5.07,10.71,9.7,9.26,7.96,6.37,6.66,5.79,7.53
2023-05-30,601519,6.92,7.02,7.04,6.78,361830,250697654.0,3.76,1.59,0.11,1.81,20.5,16.37,15.34,14.6,12.54,8.41,4.87,3.69,4.42,4.13,6.98,7.23,7.59,7.61,3.42,8.97,7.98,7.55,6.27,4.7,4.99,4.13,5.84,7.98
2023-05-31,601519,6.99,7.16,7.26,6.98,531945,379163185.0,3.99,1.99,0.14,2.65,13.04,12.03,11.32,9.31,5.3,1.86,0.72,1.43,1.15,0.86,7.01,7.18,7.58,7.57,6.84,5.87,5.45,4.19,2.65,2.93,2.09,3.77,5.87,6.56
2023-06-01,601519,7.13,7.46,7.65,7.03,710732,526904983.0,8.66,4.19,0.3,3.55,11.24,10.53,8.53,4.55,1.14,0.0,0.71,0.43,0.14,3.27,7.12,7.15,7.56,7.54,1.61,1.21,0.0,-1.47,-1.21,-2.01,-0.4,1.61,2.28,2.14
2023-06-02,601519,7.48,7.46,7.58,7.4,469031,350230649.0,2.41,0.0,0.0,2.34,5.0,3.11,-0.68,-3.92,-5.0,-4.32,-4.59,-4.86,-1.89,3.38,7.2,7.14,7.53,7.52,1.21,0.0,-1.47,-1.21,-2.01,-0.4,1.61,2.28,2.14,1.34
2023-06-05,601519,7.46,7.43,7.55,7.42,331161,247262396.0,1.74,-0.4,-0.03,1.65,2.83,-0.94,-4.18,-5.26,-4.58,-4.85,-5.12,-2.16,3.1,2.16,7.31,7.15,7.51,7.5,0.4,-1.08,-0.81,-1.62,0.0,2.02,2.69,2.56,1.75,10.5
2023-06-06,601519,7.42,7.15,7.46,7.11,405020,295032797.0,4.71,-3.77,-0.28,2.02,3.38,0.0,-1.13,-0.42,-0.7,-0.98,2.11,7.59,6.61,6.19,7.33,7.15,7.46,7.47,2.8,3.08,2.24,3.92,6.01,6.71,6.57,5.73,14.83,11.05
2023-06-07,601519,7.15,7.28,7.35,7.13,258654,187991610.0,3.08,1.82,0.13,1.29,-0.28,-1.4,-0.7,-0.98,-1.26,1.82,7.29,6.31,5.89,4.63,7.36,7.18,7.42,7.47,1.24,0.41,2.06,4.12,4.81,4.67,3.85,12.77,9.07,6.59
2023-06-08,601519,7.25,7.29,7.37,7.11,293411,211930163.0,3.57,0.14,0.01,1.46,-1.13,-0.42,-0.7,-0.98,2.11,7.59,6.61,6.19,4.92,3.38,7.32,7.22,7.39,7.46,0.27,1.92,3.98,4.66,4.53,3.7,12.62,8.92,6.45,0.41
2023-06-09,601519,7.29,7.3,7.31,7.15,229436,166080915.0,2.19,0.14,0.01,1.14,-0.98,-1.26,-1.54,1.54,6.99,6.01,5.59,4.34,2.8,3.08,7.29,7.25,7.34,7.47,1.78,3.84,4.52,4.38,3.56,12.47,8.77,6.3,0.27,-2.33
2023-06-12,601519,7.25,7.37,7.43,7.25,240123,176901580.0,2.47,0.96,0.07,1.2,-2.62,-2.9,0.14,5.52,4.55,4.14,2.9,1.38,1.66,0.83,7.28,7.29,7.3,7.48,2.85,3.53,3.39,2.58,11.4,7.73,5.29,-0.68,-3.26,-3.53
2023-06-13,601519,7.37,7.49,7.58,7.29,399438,299034112.0,3.93,1.63,0.12,1.99,-3.43,-0.41,4.94,3.98,3.57,2.33,0.82,1.1,0.27,1.92,7.35,7.34,7.28,7.51,1.87,1.74,0.93,9.61,6.01,3.6,-2.27,-4.81,-5.07,-6.28
2023-06-14,601519,7.52,7.5,7.63,7.43,364296,274393800.0,2.67,0.13,0.01,1.82,-2.29,2.96,2.02,1.62,0.4,-1.08,-0.81,-1.62,0.0,2.02,7.39,7.37,7.28,7.51,1.6,0.8,9.47,5.87,3.47,-2.4,-4.93,-5.2,-6.4,-4.27
2023-06-15,601519,7.5,7.46,7.62,7.36,365038,272675471.0,3.47,-0.53,-0.04,1.82,3.94,2.99,2.58,1.36,-0.14,0.14,-0.68,0.95,2.99,3.67,7.42,7.37,7.26,7.5,1.34,10.05,6.43,4.02,-1.88,-4.42,-4.69,-5.9,-3.75,-3.35
2023-06-16,601519,7.4,7.53,7.56,7.31,329241,245619121.0,3.35,0.94,0.07,1.64,3.69,3.28,2.05,0.55,0.82,0.0,1.64,3.69,4.38,4.24,7.47,7.38,7.26,7.48,9.03,5.44,3.05,-2.79,-5.31,-5.58,-6.77,-4.65,-4.25,-4.91
2023-06-19,601519,7.8,7.91,8.21,7.68,951955,751574254.0,7.04,5.05,0.38,4.75,-1.69,-2.86,-4.3,-4.04,-4.82,-3.26,-1.3,-0.65,-0.78,-1.56,7.58,7.43,7.29,7.48,0.38,-1.9,-7.46,-9.86,-10.11,-11.25,-9.23,-8.85,-9.48,-9.23
2023-06-20,601519,7.8,7.78,7.94,7.65,636973,495275261.0,3.67,-1.64,-0.13,3.18,-2.48,-3.92,-3.66,-4.44,-2.88,-0.92,-0.26,-0.39,-1.18,7.32,7.64,7.49,7.32,7.47,-0.26,-5.91,-8.35,-8.61,-9.77,-7.71,-7.33,-7.97,-7.71,-8.87
2023-06-21,601519,7.71,7.3,7.76,7.28,493206,368289440.0,6.17,-6.17,-0.48,2.46,0.96,1.24,0.41,2.06,4.12,4.81,4.67,3.85,12.77,9.07,7.6,7.49,7.34,7.45,0.27,-2.33,-2.6,-3.84,-1.64,-1.23,-1.92,-1.64,-2.88,-2.33
2023-06-26,601519,7.28,6.97,7.32,6.95,399697,283687065.0,5.07,-4.52,-0.33,1.99,6.04,5.18,6.91,9.06,9.78,9.64,8.78,18.13,14.24,11.65,7.5,7.46,7.34,7.41,2.3,2.01,0.72,3.01,3.44,2.73,3.01,1.72,2.3,1.58
2023-06-27,601519,6.96,7.08,7.13,6.92,351360,246905890.0,3.01,1.58,0.11,1.75,5.64,7.37,9.54,10.26,10.12,9.25,18.64,14.74,12.14,5.78,7.41,7.44,7.34,7.37,0.42,-0.85,1.41,1.84,1.13,1.41,0.14,0.71,0.0,-0.42
2023-06-28,601519,7.09,6.96,7.11,6.8,343270,236737274.0,4.38,-1.69,-0.12,1.71,9.26,11.47,12.21,12.06,11.18,20.74,16.76,14.12,7.65,4.85,7.22,7.4,7.35,7.33,0.86,3.16,3.59,2.87,3.16,1.87,2.44,1.72,1.29,0.86
2023-06-29,601519,6.91,6.97,7.02,6.85,286762,198449977.0,2.44,0.14,0.01,1.43,10.66,11.39,11.24,10.36,19.85,15.91,13.28,6.86,4.09,3.8,7.06,7.35,7.34,7.3,3.01,3.44,2.73,3.01,1.72,2.3,1.58,1.15,0.72,1.29
2023-06-30,601519,6.92,7.16,7.18,6.9,322752,228287661.0,4.02,2.73,0.19,1.61,10.58,10.43,9.57,18.99,15.07,12.46,6.09,3.33,3.04,1.74,7.03,7.31,7.34,7.29,0.7,0.0,0.28,-0.98,-0.42,-1.12,-1.54,-1.96,-1.4,-0.28
2023-07-03,601519,7.12,7.18,7.21,7.02,300705,214391973.0,2.65,0.28,0.02,1.5,8.55,7.69,16.95,13.11,10.54,4.27,1.57,1.28,0.0,2.28,7.07,7.28,7.33,7.27,-0.28,0.0,-1.25,-0.7,-1.39,-1.81,-2.23,-1.67,-0.56,-0.56
2023-07-04,601519,7.12,7.13,7.16,7.08,192174,136839870.0,1.11,-0.7,-0.05,0.96,6.78,15.96,12.15,9.6,3.39,0.71,0.42,-0.85,1.41,1.84,7.08,7.24,7.31,7.25,0.7,-0.56,0.0,-0.7,-1.12,-1.54,-0.98,0.14,0.14,-0.84
2023-07-05,601519,7.12,7.03,7.18,7.01,212949,150898031.0,2.38,-1.4,-0.1,1.06,17.12,13.27,10.7,4.42,1.71,1.43,0.14,2.43,2.85,2.14,7.09,7.16,7.29,7.24,0.85,1.42,0.71,0.28,-0.14,0.43,1.56,1.56,0.57,0.28
2023-07-06,601519,6.99,7.04,7.09,6.95,162733,114569105.0,1.99,0.14,0.01,0.81,14.24,11.65,5.32,2.59,2.3,1.01,3.31,3.74,3.02,3.31,7.11,7.08,7.29,7.24,1.28,0.57,0.14,-0.28,0.28,1.42,1.42,0.43,0.14,0.99
2023-07-07,601519,6.98,7.06,7.13,6.91,178528,125414521.0,3.13,0.28,0.02,0.89,12.3,5.93,3.18,2.89,1.59,3.91,4.34,3.62,3.91,2.6,7.09,7.06,7.28,7.25,0.28,-0.14,-0.57,0.0,1.13,1.13,0.14,-0.14,0.71,-0.99
2023-07-10,601519,7.04,7.02,7.08,6.98,152886,107441937.0,1.42,-0.57,-0.04,0.76,4.87,2.15,1.86,0.57,2.87,3.3,2.58,2.87,1.58,2.15,7.06,7.06,7.26,7.25,0.43,0.0,0.57,1.71,1.71,0.71,0.43,1.28,-0.43,0.0
2023-07-11,601519,6.98,7.01,7.05,6.83,252885,175923776.0,3.13,-0.14,-0.01,1.26,4.39,4.1,2.78,5.12,5.56,4.83,5.12,3.81,4.39,3.66,7.03,7.06,7.25,7.25,0.14,0.71,1.85,1.85,0.86,0.57,1.43,-0.29,0.14,5.85
2023-07-12,601519,6.98,6.77,7.02,6.76,397643,272799377.0,3.71,-3.42,-0.24,1.98,5.18,3.85,6.21,6.66,5.92,6.21,4.88,5.47,4.73,4.29,6.98,7.04,7.22,7.24,4.28,5.47,5.47,4.43,4.14,5.02,3.25,3.69,9.6,8.12
2023-07-13,601519,6.82,7.04,7.06,6.79,392070,273273002.0,3.99,3.99,0.27,1.96,3.39,5.74,6.19,5.45,5.74,4.42,5.01,4.27,3.83,3.39,6.98,7.04,7.2,7.24,1.42,1.42,0.43,0.14,0.99,-0.71,-0.28,5.4,3.98,2.41
2023-07-14,601519,7.04,7.06,7.14,6.98,306638,216801804.0,2.27,0.28,0.02,1.53,2.87,3.3,2.58,2.87,1.58,2.15,1.43,1.0,0.57,1.15,6.98,7.03,7.17,7.24,1.13,0.14,-0.14,0.71,-0.99,-0.57,5.1,3.68,2.12,10.48
2023-07-17,601519,7.03,7.02,7.14,6.97,199804,140459854.0,2.41,-0.57,-0.04,1.0,3.44,2.73,3.01,1.72,2.3,1.58,1.15,0.72,1.29,2.44,6.98,7.02,7.15,7.22,0.71,0.43,1.28,-0.43,0.0,5.7,4.27,2.71,11.11,22.22
2023-07-18,601519,7.03,6.99,7.07,6.96,164623,115353439.0,1.57,-0.43,-0.03,0.82,2.87,3.16,1.87,2.44,1.72,1.29,0.86,1.44,2.59,2.59,6.98,7.0,7.12,7.21,0.86,1.72,0.0,0.43,6.15,4.72,3.15,11.59,22.75,22.17
2023-07-19,601519,6.96,7.04,7.05,6.96,179484,125857969.0,1.29,0.72,0.05,0.9,3.16,1.87,2.44,1.72,1.29,0.86,1.44,2.59,2.59,1.58,7.03,7.0,7.08,7.2,0.99,-0.71,-0.28,5.4,3.98,2.41,10.8,21.88,21.31,27.98
2023-07-20,601519,7.05,6.92,7.11,6.92,214654,150353461.0,2.7,-1.7,-0.12,1.07,2.46,3.03,2.31,1.88,1.45,2.02,3.18,3.18,2.17,1.88,7.01,6.99,7.04,7.19,1.01,1.45,7.23,5.78,4.19,12.72,23.99,23.41,30.2,43.21
2023-07-21,601519,6.91,6.95,6.99,6.88,138512,96102099.0,1.59,0.43,0.03,0.69,3.63,2.91,2.47,2.03,2.62,3.78,3.78,2.76,2.47,3.34,6.98,6.98,7.02,7.18,1.01,6.76,5.32,3.74,12.23,23.45,22.88,29.64,42.59,45.76
2023-07-24,601519,6.92,6.88,7.02,6.85,172688,119460367.0,2.45,-1.01,-0.07,0.86,3.36,2.92,2.48,3.07,4.23,4.23,3.21,2.92,3.8,2.04,6.96,6.97,7.02,7.16,7.85,6.4,4.8,13.37,24.71,24.13,30.96,44.04,47.24,37.94
2023-07-25,601519,7.2,7.41,7.42,7.13,1087591,791222027.0,4.22,7.7,0.53,5.43,-1.12,-1.54,-0.98,0.14,0.14,-0.84,-1.12,-0.28,-1.96,-1.54,7.04,7.01,7.03,7.17,-1.21,-2.7,5.26,15.79,15.25,21.59,33.74,36.71,28.07,24.83
2023-07-26,601519,7.3,7.15,7.32,7.07,646760,463021510.0,3.37,-3.51,-0.26,3.23,-0.71,-0.14,0.99,0.99,0.0,-0.28,0.57,-1.13,-0.71,4.95,7.06,7.05,7.04,7.16,0.84,9.09,20.0,19.44,26.01,38.6,41.68,32.73,29.37,27.27
2023-07-27,601519,7.11,7.09,7.21,7.07,388291,276911462.0,1.96,-0.84,-0.06,1.94,-0.14,0.99,0.99,0.0,-0.28,0.57,-1.13,-0.71,4.95,3.54,7.1,7.05,7.05,7.15,10.01,21.02,20.45,27.08,39.77,42.88,33.85,30.47,28.35,32.58
2023-07-28,601519,7.05,7.8,7.8,7.03,1366259,1032534122.0,10.86,10.01,0.71,6.82,1.56,1.56,0.57,0.28,1.14,-0.57,-0.14,5.55,4.13,2.56,7.27,7.12,7.08,7.16,10.0,9.49,15.51,27.05,29.87,21.67,18.59,16.67,20.51,16.41
2023-07-31,601519,8.13,8.19,8.58,8.0,2193170,1805051077.0,7.44,5.0,0.39,10.94,-10.75,-11.62,-11.88,-11.12,-12.62,-12.25,-7.25,-8.5,-9.88,-2.5,7.53,7.24,7.13,7.18,4.27,10.01,21.0,23.69,15.87,12.94,11.11,14.77,10.87,8.91
2023-08-01,601519,8.1,8.19,8.54,8.06,1741879,1444156828.0,5.86,0.0,0.0,8.69,-12.28,-12.53,-11.79,-13.28,-12.9,-7.94,-9.18,-10.55,-3.23,6.45,7.68,7.36,7.18,7.2,10.01,21.0,23.69,15.87,12.94,11.11,14.77,10.87,8.91,8.79
2023-08-02,601519,8.19,9.01,9.01,8.13,1910553,1658814222.0,10.74,10.01,0.82,9.53,-13.28,-12.55,-14.02,-13.65,-8.73,-9.96,-11.32,-4.06,5.54,5.04,8.06,7.56,7.28,7.24,9.99,12.43,5.33,2.66,1.0,4.33,0.78,-1.0,-1.11,2.33
2023-08-03,601519,9.48,9.23,9.91,8.63,3121911,2882338673.0,14.21,2.44,0.22,15.58,-17.61,-19.0,-18.66,-14.02,-15.18,-16.45,-9.62,-0.58,-1.04,4.4,8.48,7.79,7.39,7.29,9.75,2.82,0.22,-1.41,1.84,-1.63,-3.36,-3.47,-0.11,-2.82
2023-08-04,601519,9.32,9.51,10.13,9.04,3191383,3036378708.0,11.81,3.03,0.28,15.93,-22.68,-22.35,-17.92,-19.03,-20.24,-13.72,-5.09,-5.53,-0.33,9.62,8.83,8.05,7.51,7.36,-0.21,-2.73,-4.31,-1.16,-4.52,-6.2,-6.31,-3.05,-5.68,-7.05
2023-08-07,601519,9.19,9.32,9.49,9.05,1866673,1730296767.0,4.63,-2.0,-0.19,9.32,-22.43,-18.01,-19.12,-20.33,-13.81,-5.19,-5.64,-0.44,9.5,11.93,9.05,8.29,7.63,7.44,-0.75,-2.36,0.86,-2.58,-4.29,-4.4,-1.07,-3.76,-5.15,-8.15
2023-08-08,601519,9.18,8.94,9.25,8.65,1598654,1430605067.0,6.44,-4.08,-0.38,7.98,-14.22,-15.38,-16.65,-9.83,-0.81,-1.27,4.16,14.57,17.11,9.71,9.2,8.44,7.73,7.5,1.79,5.15,1.57,-0.22,-0.34,3.13,0.34,-1.12,-4.25,-4.14
2023-08-09,601519,8.91,8.88,9.1,8.82,1064056,952162630.0,3.13,-0.67,-0.06,5.31,-17.01,-18.25,-11.56,-2.72,-3.17,2.15,12.36,14.85,7.6,4.88,9.18,8.62,7.83,7.57,5.86,2.25,0.45,0.34,3.83,1.01,-0.45,-3.6,-3.49,-4.17
2023-08-10,601519,8.95,9.26,9.4,8.8,1539658,1398703266.0,6.76,4.28,0.38,7.68,-18.07,-11.36,-2.5,-2.95,2.39,12.61,15.11,7.84,5.11,3.41,9.18,8.83,7.94,7.64,-1.94,-3.67,-3.78,-0.43,-3.13,-4.54,-7.56,-7.45,-8.1,-6.7
2023-08-11,601519,9.06,8.64,9.08,8.61,1391866,1229184041.0,5.08,-6.7,-0.62,6.95,-9.41,-0.35,-0.81,4.65,15.1,17.65,10.22,7.43,5.69,9.18,9.01,8.92,8.02,7.69,3.24,3.12,6.71,3.82,2.31,-0.93,-0.81,-1.5,0.0,0.12
2023-08-14,601519,8.44,8.74,8.92,8.38,1020336,886163207.0,6.25,1.16,0.1,5.09,2.39,1.91,7.52,18.26,20.88,13.25,10.38,8.59,12.17,8.35,8.89,8.97,8.11,7.74,1.95,5.49,2.63,1.14,-2.06,-1.95,-2.63,-1.14,-1.03,4.58
2023-08-15,601519,8.73,8.89,8.91,8.63,886465,778200173.0,3.2,1.72,0.15,4.42,-1.04,4.4,14.83,17.38,9.97,7.18,5.45,8.92,5.21,3.36,8.88,9.04,8.2,7.8,3.71,0.9,-0.56,-3.71,-3.6,-4.27,-2.81,-2.7,2.81,2.02
2023-08-16,601519,8.67,8.88,9.22,8.61,1167226,1042241894.0,6.86,-0.11,-0.01,5.82,4.65,15.1,17.65,10.22,7.43,5.69,9.18,5.46,3.6,3.48,8.88,9.03,8.29,7.86,1.01,-0.45,-3.6,-3.49,-4.17,-2.7,-2.59,2.93,2.14,-2.25
2023-08-17,601519,8.85,8.74,8.97,8.52,1111105,971041151.0,5.07,-1.58,-0.14,5.54,16.31,18.9,11.38,8.57,6.81,10.33,6.57,4.69,4.58,8.22,8.78,8.98,8.39,7.92,1.14,-2.06,-1.95,-2.63,-1.14,-1.03,4.58,3.78,-0.69,-3.2
2023-08-18,601519,8.84,8.45,8.84,8.43,728546,627170135.0,4.69,-3.32,-0.29,3.64,20.17,12.57,9.73,7.95,11.51,7.71,5.81,5.69,9.37,6.41,8.74,8.87,8.46,7.97,1.3,1.42,0.71,2.25,2.37,8.17,7.34,2.72,0.12,-2.13
2023-08-21,601519,8.45,8.23,8.56,8.18,757826,633112262.0,4.5,-2.6,-0.22,3.78,16.01,13.08,11.25,14.91,11.0,9.05,8.92,12.71,9.66,8.07,8.64,8.76,8.53,8.01,4.13,3.4,4.98,5.1,11.06,10.21,5.47,2.79,0.49,-0.97
2023-08-22,601519,8.26,8.5,8.57,8.24,830206,696870015.0,4.01,3.28,0.27,4.14,12.26,10.44,14.08,10.19,8.25,8.13,11.89,8.86,7.28,3.88,8.56,8.72,8.58,8.06,0.12,1.65,1.76,7.53,6.71,2.12,-0.47,-2.71,-4.12,-5.76
2023-08-23,601519,8.47,8.21,8.51,8.17,593700,493781483.0,4.0,-3.41,-0.29,2.96,11.38,15.06,11.14,9.18,9.06,12.85,9.79,8.2,4.77,4.9,8.43,8.65,8.64,8.11,5.24,5.36,11.33,10.48,5.72,3.05,0.73,-0.73,-2.44,-4.02
2023-08-24,601519,8.24,8.43,8.64,8.19,804086,676929594.0,5.48,2.68,0.22,4.01,14.77,10.87,8.91,8.79,12.58,9.52,7.94,4.52,4.64,3.91,8.36,8.57,8.7,8.15,2.61,8.42,7.59,2.97,0.36,-1.9,-3.32,-4.98,-6.52,-6.17
2023-08-25,601519,8.4,8.31,8.65,8.21,752670,633112423.0,5.22,-1.42,-0.12,3.76,10.6,8.65,8.53,12.3,9.26,7.67,4.26,4.38,3.65,5.24,8.34,8.54,8.73,8.19,9.99,9.15,4.45,1.81,-0.48,-1.93,-3.61,-5.17,-4.81,-3.85
2023-08-28,601519,9.14,8.63,9.14,8.54,2274598,2042662053.0,7.22,3.85,0.32,11.35,4.45,4.33,7.96,5.04,3.51,0.23,0.35,-0.35,1.17,1.29,8.42,8.53,8.75,8.25,5.1,0.58,-1.97,-4.17,-5.56,-7.18,-8.69,-8.34,-7.42,-6.49
2023-08-29,601519,8.79,8.83,9.07,8.5,1696588,1491133811.0,6.6,2.32,0.2,8.47,4.82,8.47,5.53,4.0,0.71,0.82,0.12,1.65,1.76,7.53,8.48,8.52,8.78,8.31,-1.7,-4.19,-6.34,-7.7,-9.29,-10.76,-10.42,-9.51,-8.61,-9.85
2023-08-30,601519,8.65,8.46,8.68,8.31,1145426,966665641.0,4.19,-4.19,-0.37,5.72,10.95,7.94,6.38,3.01,3.13,2.41,3.97,4.09,9.99,9.15,8.53,8.48,8.75,8.36,0.0,-2.25,-3.66,-5.32,-6.86,-6.5,-5.56,-4.61,-5.91,-7.68
2023-08-31,601519,8.35,8.14,8.46,8.12,725182,597213166.0,4.02,-3.78,-0.32,3.62,10.47,8.87,5.42,5.54,4.8,6.4,6.53,12.56,11.7,6.9,8.47,8.42,8.7,8.4,1.6,0.12,-1.6,-3.19,-2.83,-1.84,-0.86,-2.21,-4.05,-5.28
2023-09-01,601519,8.22,8.04,8.27,8.01,497566,403018761.0,3.19,-1.23,-0.1,2.48,10.36,6.87,6.99,6.24,7.87,7.99,14.11,13.23,8.36,5.62,8.42,8.38,8.63,8.43,1.37,-0.37,-1.99,-1.62,-0.62,0.37,-1.0,-2.86,-4.1,-4.23
2023-09-04,601519,8.08,8.05,8.15,7.94,490320,394272012.0,2.61,0.12,0.01,2.45,7.81,7.93,7.18,8.82,8.94,15.11,14.23,9.32,6.55,4.16,8.3,8.36,8.56,8.47,-0.5,-2.11,-1.74,-0.75,0.25,-1.12,-2.98,-4.22,-4.35,-4.47
2023-09-05,601519,8.0,7.87,8.01,7.84,445411,351655829.0,2.11,-2.24,-0.18,2.22,9.31,8.55,10.2,10.33,16.58,15.69,10.71,7.91,5.48,3.95,8.11,8.3,8.51,8.49,0.13,0.51,1.52,2.54,1.14,-0.76,-2.03,-2.16,-2.29,-2.92
2023-09-06,601519,7.82,7.83,7.88,7.73,363461,282996313.0,1.91,-0.51,-0.04,1.81,10.09,11.77,11.9,18.24,17.34,12.29,9.44,6.99,5.43,3.62,7.99,8.26,8.46,8.51,1.02,2.04,3.07,1.66,-0.26,-1.53,-1.66,-1.79,-2.43,-3.58
2023-09-07,601519,7.81,7.81,7.91,7.74,405619,317511244.0,2.17,-0.26,-0.02,2.02,11.63,11.76,18.09,17.18,12.14,9.3,6.85,5.3,3.49,1.81,7.92,8.2,8.38,8.53,2.3,3.33,1.92,0.0,-1.28,-1.41,-1.54,-2.18,-3.33,-4.23
2023-09-08,601519,7.74,7.99,7.99,7.69,504332,395948107.0,3.84,2.3,0.18,2.52,12.48,18.86,17.95,12.87,10.01,7.54,5.98,4.16,2.47,2.86,7.91,8.16,8.35,8.54,1.0,-0.38,-2.25,-3.5,-3.63,-3.75,-4.38,-5.51,-6.38,-3.25
2023-09-11,601519,7.96,7.99,8.07,7.78,485196,385059266.0,3.63,0.0,0.0,2.42,17.48,16.58,11.57,8.74,6.3,4.76,2.96,1.29,1.67,2.7,7.9,8.1,8.31,8.53,-0.38,-2.25,-3.5,-3.63,-3.75,-4.38,-5.51,-6.38,-3.25,-4.88
2023-09-12,601519,7.92,7.82,7.96,7.81,311577,245175745.0,1.88,-2.13,-0.17,1.55,16.13,11.14,8.32,5.89,4.35,2.56,0.9,1.28,2.3,3.33,7.89,8.0,8.26,8.52,-0.13,-1.41,-1.53,-1.66,-2.3,-3.45,-4.35,-1.15,-2.81,-3.32
2023-09-13,601519,7.8,7.65,7.81,7.6,331167,254217762.0,2.69,-2.17,-0.17,1.65,14.21,11.32,8.82,7.24,5.39,3.68,4.08,5.13,6.18,4.74,7.85,7.92,8.2,8.48,0.78,0.65,0.52,-0.13,-1.31,-2.22,1.05,-0.65,-1.18,0.0
2023-09-14,601519,7.65,7.59,7.71,7.56,238830,182083414.0,1.96,-0.78,-0.06,1.19,11.9,9.39,7.8,5.95,4.23,4.63,5.69,6.75,5.29,3.31,7.81,7.86,8.14,8.42,1.45,1.32,0.66,-0.53,-1.45,1.84,0.13,-0.4,0.79,1.05
2023-09-15,601519,7.64,7.64,7.7,7.58,229680,175295306.0,1.58,0.66,0.05,1.15,9.1,7.52,5.67,3.96,4.35,5.41,6.46,5.01,3.03,1.72,7.74,7.82,8.1,8.36,0.65,0.0,-1.18,-2.09,1.18,-0.52,-1.05,0.13,0.39,-0.79
2023-09-18,601519,7.57,7.61,7.69,7.54,252438,192366251.0,1.96,-0.39,-0.03,1.26,8.09,6.23,4.51,4.91,5.97,7.03,5.57,3.58,2.25,2.12,7.66,7.78,8.07,8.3,0.39,-0.79,-1.71,1.58,-0.13,-0.66,0.53,0.79,-0.39,0.92
2023-09-19,601519,7.59,7.51,7.64,7.5,267244,201738954.0,1.84,-1.31,-0.1,1.33,6.8,5.07,5.47,6.53,7.6,6.13,4.13,2.8,2.67,2.53,7.6,7.74,8.02,8.25,0.53,-0.4,2.93,1.2,0.67,1.86,2.13,0.93,2.26,3.99
2023-09-20,601519,7.45,7.4,7.55,7.38,291959,217795568.0,2.26,-1.46,-0.11,1.46,6.78,7.18,8.27,9.35,7.86,5.83,4.47,4.34,4.2,3.52,7.55,7.7,7.98,8.2,1.08,4.46,2.7,2.16,3.38,3.65,2.43,3.78,5.54,5.95
2023-09-21,601519,7.4,7.39,7.48,7.36,187303,138821257.0,1.62,-0.14,-0.01,0.93,7.47,8.56,9.65,8.15,6.11,4.76,4.62,4.48,3.8,2.58,7.51,7.66,7.93,8.14,4.6,2.84,2.3,3.52,3.79,2.57,3.92,5.68,6.09,3.65
2023-09-22,601519,7.37,7.72,7.73,7.37,491370,373032877.0,4.87,4.47,0.33,2.45,8.41,9.5,8.01,5.97,4.61,4.48,4.34,3.66,2.44,1.49,7.53,7.63,7.9,8.11,-1.55,-2.07,-0.91,-0.65,-1.81,-0.52,1.17,1.55,-0.78,-1.81
2023-09-25,601519,7.59,7.45,7.6,7.41,335039,251100757.0,2.46,-3.5,-0.27,1.67,8.91,7.42,5.4,4.05,3.91,3.78,3.1,1.89,0.94,4.32,7.49,7.58,7.84,8.07,1.48,2.68,2.95,1.74,3.09,4.83,5.23,2.82,1.74,4.7
2023-09-26,601519,7.42,7.5,7.56,7.42,216326,162385538.0,1.88,0.67,0.05,1.08,7.28,5.26,3.91,3.77,3.64,2.96,1.75,0.81,4.18,2.43,7.49,7.55,7.77,8.02,2.0,2.27,1.07,2.4,4.13,4.53,2.13,1.07,4.0,3.47
2023-09-27,601519,7.48,7.59,7.65,7.48,262495,198736070.0,2.27,1.2,0.09,1.31,4.41,3.07,2.94,2.81,2.14,0.94,0.0,3.34,1.6,1.07,7.53,7.54,7.73,7.98,1.05,-0.13,1.19,2.9,3.29,0.92,-0.13,2.77,2.24,4.08
2023-09-28,601519,7.61,7.63,7.67,7.58,213434,162784670.0,1.19,0.53,0.04,1.07,1.72,1.58,1.45,0.79,-0.4,-1.32,1.98,0.26,-0.26,0.92,7.58,7.54,7.7,7.94,-0.66,0.66,2.36,2.75,0.39,-0.66,2.23,1.7,3.54,3.28
2023-10-09,601519,7.54,7.55,7.58,7.38,240041,179580873.0,2.62,-1.05,-0.08,1.2,4.34,4.2,3.52,2.3,1.36,4.74,2.98,2.44,3.66,3.93,7.54,7.53,7.68,7.91,1.72,3.44,3.84,1.46,0.4,3.31,2.78,4.64,4.37,2.78
2023-10-10,601519,7.62,7.6,7.68,7.58,223230,170247353.0,1.32,0.66,0.05,1.11,1.45,0.79,-0.4,-1.32,1.98,0.26,-0.26,0.92,1.19,0.0,7.57,7.53,7.66,7.89,2.76,3.16,0.79,-0.26,2.63,2.11,3.95,3.68,2.11,3.95
2023-10-11,601519,7.67,7.62,7.81,7.6,320853,247063606.0,2.76,0.26,0.02,1.6,0.53,-0.66,-1.58,1.71,0.0,-0.53,0.66,0.92,-0.26,1.05,7.6,7.54,7.64,7.86,2.89,0.52,-0.52,2.36,1.84,3.67,3.41,1.84,3.67,3.54
2023-10-12,601519,7.79,7.75,7.84,7.67,342736,265245508.0,2.23,1.71,0.13,1.71,-1.56,-2.48,0.78,-0.91,-1.43,-0.26,0.0,-1.17,0.13,1.83,7.63,7.58,7.64,7.85,-1.16,-2.19,0.65,0.13,1.94,1.68,0.13,1.94,1.81,-1.42
2023-10-13,601519,7.63,7.54,7.66,7.51,262244,198754736.0,1.94,-2.71,-0.21,1.31,-0.4,2.93,1.2,0.67,1.86,2.13,0.93,2.26,3.99,4.39,7.61,7.59,7.63,7.82,0.53,3.45,2.92,4.77,4.51,2.92,4.77,4.64,1.33,2.12
2023-10-16,601519,7.51,7.53,7.58,7.44,187034,140481690.0,1.86,-0.13,-0.01,0.93,3.9,2.15,1.61,2.82,3.09,1.88,3.23,4.97,5.38,2.96,7.61,7.58,7.6,7.79,3.59,3.05,4.91,4.65,3.05,4.91,4.78,1.46,2.26,2.79
2023-10-17,601519,7.54,7.72,7.8,7.5,399514,307336597.0,3.98,2.52,0.19,1.99,1.33,0.8,2.0,2.27,1.07,2.4,4.13,4.53,2.13,1.07,7.63,7.6,7.59,7.76,0.52,2.33,2.07,0.52,2.33,2.2,-1.04,-0.26,0.26,1.55
2023-10-18,601519,7.65,7.6,7.76,7.56,334619,256021499.0,2.59,-1.55,-0.12,1.67,0.0,1.19,1.46,0.26,1.59,3.31,3.7,1.32,0.26,3.17,7.63,7.61,7.58,7.72,3.95,3.68,2.11,3.95,3.82,0.53,1.32,1.84,3.16,3.42
2023-10-19,601519,7.58,7.69,7.9,7.53,527690,409199447.0,4.87,1.18,0.09,2.63,1.59,1.86,0.66,1.99,3.72,4.12,1.73,0.66,3.59,3.05,7.62,7.62,7.58,7.69,2.47,0.91,2.73,2.6,-0.65,0.13,0.65,1.95,2.21,0.91
2023-10-20,601519,7.63,7.84,7.88,7.61,522106,406729957.0,3.51,1.95,0.15,2.61,0.79,-0.39,0.92,2.63,3.02,0.66,-0.39,2.5,1.97,3.81,7.68,7.64,7.59,7.68,-1.02,0.77,0.64,-2.55,-1.79,-1.28,0.0,0.26,-1.02,-1.15
2023-10-23,601519,7.7,7.36,7.76,7.07,516989,381578556.0,8.8,-6.12,-0.48,2.58,7.21,8.63,10.47,10.89,8.35,7.21,10.33,9.76,11.74,11.46,7.64,7.62,7.58,7.66,7.34,7.2,3.8,4.62,5.16,6.52,6.79,5.43,5.3,9.51
2023-10-24,601519,7.35,7.78,7.9,7.29,619616,472744075.0,8.29,5.71,0.42,3.09,5.35,7.13,7.54,5.08,3.98,7.0,6.45,8.37,8.09,6.45,7.65,7.64,7.59,7.65,1.41,-1.8,-1.03,-0.51,0.77,1.03,-0.26,-0.39,3.6,3.34
2023-10-25,601519,7.84,7.69,7.89,7.68,478647,372440003.0,2.7,-1.16,-0.09,2.39,1.69,2.08,-0.26,-1.3,1.56,1.04,2.86,2.6,1.04,2.86,7.67,7.65,7.6,7.65,-0.65,0.13,0.65,1.95,2.21,0.91,0.78,4.81,4.55,5.46
2023-10-26,601519,7.59,7.61,7.64,7.44,359190,270508974.0,2.6,-1.04,-0.08,1.79,5.38,2.96,1.88,4.84,4.3,6.18,5.91,4.3,6.18,6.05,7.66,7.64,7.61,7.64,1.18,1.71,3.02,3.29,1.97,1.84,5.91,5.65,6.57,6.18
2023-10-27,601519,7.53,7.64,7.7,7.42,335476,253544185.0,3.68,0.39,0.03,1.67,3.23,2.16,5.12,4.58,6.47,6.2,4.58,6.47,6.33,2.96,7.62,7.65,7.62,7.63,1.31,2.62,2.88,1.57,1.44,5.5,5.24,6.15,5.76,5.76
2023-10-30,601519,7.54,7.71,7.74,7.53,280324,214846992.0,2.75,0.92,0.07,1.4,0.66,3.59,3.05,4.91,4.65,3.05,4.91,4.78,1.46,2.26,7.69,7.66,7.62,7.62,1.69,1.95,0.65,0.52,4.54,4.28,5.19,4.8,4.8,5.71
2023-10-31,601519,7.74,7.75,7.84,7.68,312459,242409780.0,2.08,0.52,0.04,1.56,1.56,1.04,2.86,2.6,1.04,2.86,2.73,-0.52,0.26,0.78,7.68,7.67,7.64,7.62,1.42,0.13,0.0,4.0,3.74,4.65,4.26,4.26,5.16,8.9
2023-11-01,601519,7.75,7.63,7.86,7.62,286206,220553043.0,3.1,-1.55,-0.12,1.43,1.84,3.67,3.41,1.84,3.67,3.54,0.26,1.05,1.57,2.89,7.67,7.67,7.64,7.61,1.7,1.57,5.64,5.37,6.29,5.9,5.9,6.82,10.62,10.35
2023-11-02,601519,7.6,7.51,7.76,7.51,242994,184986097.0,3.28,-1.57,-0.12,1.21,5.19,4.93,3.33,5.19,5.06,1.73,2.53,3.06,4.39,4.66,7.65,7.65,7.64,7.6,3.2,7.32,7.06,7.99,7.59,7.59,8.52,12.38,12.12,8.66
2023-11-03,601519,7.5,7.63,7.75,7.5,251787,192210280.0,3.33,1.6,0.12,1.26,5.07,3.47,5.33,5.2,1.87,2.67,3.2,4.53,4.8,3.47,7.65,7.63,7.64,7.61,5.64,5.37,6.29,5.9,5.9,6.82,10.62,10.35,6.95,5.77
2023-11-06,601519,7.83,8.0,8.06,7.77,712901,565362056.0,3.8,4.85,0.37,3.56,-0.13,1.67,1.54,-1.67,-0.9,-0.39,0.9,1.16,-0.13,-0.26,7.7,7.69,7.66,7.62,0.5,1.37,1.0,1.0,1.88,5.5,5.25,2.0,0.88,0.75
2023-11-07,601519,7.96,7.99,8.04,7.9,444392,354188169.0,1.75,-0.13,-0.01,2.22,0.0,-0.13,-3.29,-2.53,-2.03,-0.76,-0.51,-1.77,-1.9,2.03,7.75,7.72,7.68,7.63,1.5,1.13,1.13,2.0,5.63,5.38,2.13,1.0,0.88,2.0
2023-11-08,601519,7.97,8.0,8.11,7.9,429724,344192165.0,2.63,0.13,0.01,2.14,-0.13,-3.29,-2.53,-2.03,-0.76,-0.51,-1.77,-1.9,2.03,1.77,7.83,7.75,7.7,7.65,1.0,1.0,1.88,5.5,5.25,2.0,0.88,0.75,1.88,0.5
2023-11-09,601519,7.96,8.0,8.08,7.89,348060,277772989.0,2.38,0.0,0.0,1.74,-3.17,-2.41,-1.9,-0.63,-0.38,-1.65,-1.77,2.15,1.9,2.79,7.92,7.79,7.71,7.67,1.0,1.88,5.5,5.25,2.0,0.88,0.75,1.88,0.5,-1.38
2023-11-10,601519,8.0,8.04,8.08,7.9,474789,379777666.0,2.25,0.5,0.04,2.37,-2.53,-2.03,-0.76,-0.51,-1.77,-1.9,2.03,1.77,2.66,2.28,8.01,7.83,7.74,7.69,1.37,4.98,4.73,1.49,0.37,0.25,1.37,0.0,-1.87,-2.11
2023-11-13,601519,8.06,8.09,8.15,7.99,408019,329489169.0,1.99,0.62,0.05,2.04,-3.13,-1.88,-1.63,-2.88,-3.0,0.88,0.63,1.5,1.13,1.13,8.02,7.86,7.76,7.7,4.33,4.08,0.87,-0.25,-0.37,0.74,-0.62,-2.47,-2.72,-4.94
2023-11-14,601519,8.08,8.22,8.44,8.06,653801,539093351.0,4.7,1.61,0.13,3.26,-2.73,-2.48,-3.72,-3.85,0.0,-0.25,0.62,0.25,0.25,1.12,8.07,7.91,7.79,7.73,2.43,-0.73,-1.82,-1.95,-0.85,-2.19,-4.01,-4.26,-6.45,-6.08
2023-11-15,601519,8.33,8.15,8.42,8.13,487843,402403500.0,3.53,-0.85,-0.07,2.43,-3.32,-4.55,-4.67,-0.86,-1.11,-0.25,-0.62,-0.62,0.25,3.81,8.1,7.96,7.82,7.75,0.12,-0.98,-1.1,0.0,-1.35,-3.19,-3.44,-5.64,-5.28,-5.64
2023-11-16,601519,8.14,8.03,8.16,8.02,367052,296754450.0,1.72,-1.47,-0.12,1.83,-3.24,-3.37,0.5,0.25,1.12,0.75,0.75,1.62,5.24,4.99,8.11,8.01,7.83,7.76,0.5,0.37,1.49,0.12,-1.74,-1.99,-4.23,-3.86,-4.23,-4.48
2023-11-17,601519,8.0,8.04,8.07,7.94,266492,213217521.0,1.62,0.12,0.01,1.33,-2.39,1.51,1.26,2.14,1.76,1.76,2.64,6.3,6.05,2.77,8.11,8.06,7.84,7.78,0.25,1.37,0.0,-1.87,-2.11,-4.35,-3.98,-4.35,-4.6,-3.86
2023-11-20,601519,8.03,7.99,8.06,7.9,285509,227523882.0,1.99,-0.62,-0.05,1.42,2.03,1.77,2.66,2.28,2.28,3.16,6.84,6.58,3.29,2.15,8.09,8.05,7.88,7.79,2.0,0.63,-1.25,-1.5,-3.75,-3.38,-3.75,-4.01,-3.25,-1.13
2023-11-21,601519,8.0,8.0,8.15,7.98,346996,279956135.0,2.13,0.13,0.01,1.73,0.75,1.63,1.25,1.25,2.13,5.76,5.51,2.26,1.13,1.0,8.04,8.06,7.89,7.8,0.5,-1.38,-1.62,-3.87,-3.5,-3.87,-4.13,-3.37,-1.25,-3.0
2023-11-22,601519,7.94,7.86,8.04,7.84,290645,230625442.0,2.5,-1.75,-0.14,1.45,3.44,3.06,3.06,3.95,7.65,7.4,4.08,2.93,2.81,3.95,7.98,8.04,7.89,7.81,0.38,0.13,-2.16,-1.78,-2.16,-2.42,-1.65,0.51,-1.27,-2.04
2023-11-23,601519,7.85,7.89,7.89,7.75,261743,204795158.0,1.78,0.38,0.03,1.31,4.26,4.26,5.16,8.9,8.65,5.29,4.13,4.0,5.16,3.74,7.96,8.03,7.91,7.82,-0.25,-2.53,-2.15,-2.53,-2.79,-2.03,0.13,-1.65,-2.41,-0.51
2023-11-24,601519,7.85,7.68,7.87,7.64,288416,222383912.0,2.92,-2.66,-0.21,1.44,5.76,6.68,10.47,10.21,6.81,5.63,5.5,6.68,5.24,3.27,7.88,7.99,7.91,7.82,0.13,0.52,0.13,-0.13,0.65,2.86,1.04,0.26,2.21,1.95
2023-11-27,601519,7.61,7.63,7.69,7.59,171195,130567702.0,1.3,-0.65,-0.05,0.85,7.38,11.2,10.94,7.51,6.32,6.19,7.38,5.93,3.95,3.69,7.81,7.95,7.91,7.83,1.18,0.79,0.52,1.31,3.54,1.7,0.92,2.88,2.62,3.8
2023-11-28,601519,7.64,7.67,7.72,7.58,171643,131472407.0,1.83,0.52,0.04,0.86,11.35,11.08,7.65,6.46,6.33,7.52,6.07,4.09,3.83,1.45,7.75,7.89,7.9,7.82,0.26,0.0,0.78,3.0,1.17,0.39,2.35,2.09,3.26,3.65
2023-11-29,601519,7.66,7.6,7.69,7.57,138217,105355375.0,1.56,-0.91,-0.07,0.69,11.23,7.79,6.61,6.47,7.66,6.21,4.23,3.96,1.59,1.98,7.69,7.84,7.9,7.82,0.92,1.71,3.95,2.11,1.32,3.29,3.03,4.21,4.61,3.68
2023-11-30,601519,7.59,7.58,7.67,7.51,156369,118821280.0,2.11,-0.26,-0.02,0.78,8.66,7.46,7.32,8.52,7.06,5.06,4.79,2.4,2.8,2.4,7.63,7.79,7.9,7.82,1.98,4.22,2.37,1.58,3.56,3.3,4.49,4.88,3.96,3.17
2023-12-01,601519,7.58,7.72,7.73,7.56,212802,163164072.0,2.24,1.85,0.14,1.06,6.75,6.61,7.8,6.35,4.37,4.1,1.72,2.12,1.72,1.46,7.64,7.76,7.91,7.82,2.33,0.52,-0.26,1.68,1.42,2.59,2.98,2.07,1.3,1.04
2023-12-04,601519,7.72,7.81,7.9,7.69,294427,230293654.0,2.72,1.17,0.09,1.47,4.81,5.98,4.55,2.6,2.34,0.0,0.39,0.0,-0.26,0.52,7.68,7.74,7.9,7.83,-0.64,-1.41,0.51,0.26,1.41,1.79,0.9,0.13,-0.13,-0.77
2023-12-05,601519,7.76,7.59,7.76,7.59,246477,189104690.0,2.18,-2.82,-0.22,1.23,7.38,5.93,3.95,3.69,1.32,1.71,1.32,1.05,1.84,4.08,7.66,7.7,7.88,7.82,1.45,3.43,3.16,4.35,4.74,3.82,3.03,2.77,2.11,0.79
2023-12-06,601519,7.55,7.63,7.7,7.54,199509,152004029.0,2.11,0.53,0.04,1.0,6.63,4.64,4.38,1.99,2.39,1.99,1.72,2.52,4.77,2.92,7.67,7.68,7.86,7.82,2.88,2.62,3.8,4.19,3.28,2.49,2.23,1.57,0.26,-0.66
2023-12-07,601519,7.62,7.77,7.85,7.61,276941,214382067.0,3.15,1.83,0.14,1.38,3.68,3.42,1.05,1.45,1.05,0.79,1.58,3.81,1.97,1.18,7.7,7.67,7.85,7.83,0.77,1.93,2.32,1.42,0.64,0.39,-0.26,-1.54,-2.45,-6.18
2023-12-08,601519,7.75,7.71,7.83,7.7,195785,151695500.0,1.67,-0.77,-0.06,0.98,2.21,-0.13,0.26,-0.13,-0.39,0.39,2.6,0.78,0.0,1.95,7.7,7.67,7.83,7.83,2.72,3.11,2.2,1.43,1.17,0.52,-0.78,-1.69,-5.45,-5.84
2023-12-11,601519,7.68,7.92,7.92,7.64,342936,267648696.0,3.63,2.72,0.21,1.71,0.65,1.05,0.65,0.39,1.18,3.4,1.57,0.79,2.75,2.49,7.72,7.7,7.82,7.84,0.38,-0.51,-1.26,-1.52,-2.15,-3.41,-4.29,-7.95,-8.33,-9.72
2023-12-12,601519,7.9,7.9,7.95,7.83,216242,170378020.0,1.52,-0.25,-0.02,1.08,-1.4,-1.79,-2.04,-1.28,0.89,-0.89,-1.66,0.26,0.0,1.15,7.79,7.72,7.81,7.84,-0.25,-1.01,-1.27,-1.9,-3.16,-4.05,-7.72,-8.1,-9.49,-9.87
2023-12-13,601519,7.85,7.72,7.88,7.7,229385,178658022.0,2.28,-2.28,-0.18,1.14,-0.13,-0.39,0.39,2.6,0.78,0.0,1.95,1.69,2.86,3.25,7.8,7.73,7.79,7.85,1.3,1.04,0.39,-0.91,-1.81,-5.57,-5.96,-7.38,-7.77,-5.96
2023-12-14,601519,7.72,7.7,7.82,7.68,163459,126702721.0,1.81,-0.26,-0.02,0.82,-0.13,0.65,2.86,1.04,0.26,2.21,1.95,3.12,3.52,2.6,7.79,7.75,7.77,7.85,1.3,0.65,-0.65,-1.56,-5.32,-5.71,-7.14,-7.53,-5.71,-3.38
2023-12-15,601519,7.71,7.71,7.8,7.64,180349,139157526.0,2.08,0.13,0.01,0.9,1.18,3.4,1.57,0.79,2.75,2.49,3.66,4.06,3.14,2.36,7.79,7.75,7.75,7.85,0.52,-0.78,-1.69,-5.45,-5.84,-7.26,-7.65,-5.84,-3.5,-4.15
2023-12-18,601519,7.68,7.51,7.75,7.48,218753,166137214.0,3.5,-2.59,-0.2,1.09,5.61,3.74,2.94,4.95,4.68,5.88,6.28,5.35,4.55,4.28,7.71,7.72,7.73,7.84,1.86,0.93,-2.93,-3.33,-4.79,-5.19,-3.33,-0.93,-1.6,-1.86
2023-12-19,601519,7.52,7.59,7.65,7.48,176275,133243164.0,2.26,1.07,0.08,0.88,3.74,2.94,4.95,4.68,5.88,6.28,5.35,4.55,4.28,3.61,7.65,7.72,7.71,7.82,-0.13,-3.95,-4.35,-5.8,-6.19,-4.35,-1.98,-2.64,-2.9,-3.43
2023-12-20,601519,7.55,7.2,7.58,7.19,380437,278516516.0,5.14,-5.14,-0.39,1.9,7.09,9.18,8.9,10.15,10.57,9.6,8.76,8.48,7.79,6.4,7.54,7.67,7.68,7.8,1.25,0.83,-0.69,-1.11,0.83,3.33,2.64,2.36,1.81,0.83
2023-12-21,601519,7.14,7.21,7.29,7.11,193470,139507915.0,2.5,0.14,0.01,0.97,10.41,10.13,11.39,11.81,10.83,9.99,9.7,9.0,7.59,6.61,7.44,7.62,7.64,7.77,0.69,-0.83,-1.25,0.69,3.19,2.5,2.22,1.66,0.69,0.55
2023-12-22,601519,7.19,7.12,7.26,7.06,223303,159558837.0,2.77,-1.25,-0.09,1.11,10.91,12.18,12.61,11.61,10.76,10.48,9.77,8.36,7.37,3.26,7.33,7.56,7.61,7.74,0.42,0.0,1.97,4.49,3.79,3.51,2.95,1.97,1.83,0.56
2023-12-25,601519,7.08,7.1,7.15,7.0,110077,77835211.0,2.11,-0.28,-0.02,0.55,13.14,13.57,12.57,11.71,11.43,10.71,9.29,8.29,4.14,3.71,7.24,7.48,7.59,7.71,0.28,2.25,4.79,4.08,3.8,3.24,2.25,2.11,0.85,0.14
2023-12-26,601519,7.1,7.05,7.12,6.98,126282,88931997.0,1.97,-0.7,-0.05,0.63,13.9,12.89,12.03,11.75,11.03,9.6,8.6,4.44,4.01,2.44,7.14,7.39,7.56,7.67,2.98,5.53,4.82,4.54,3.97,2.98,2.84,1.56,0.85,-2.55
2023-12-27,601519,7.03,7.16,7.26,7.02,202517,144669534.0,3.4,1.56,0.11,1.01,12.25,11.4,11.11,10.4,8.97,7.98,3.85,3.42,1.85,1.42,7.13,7.33,7.54,7.64,3.91,3.21,2.93,2.37,1.4,1.26,0.0,-0.7,-4.05,-1.4
2023-12-28,601519,7.14,7.36,7.44,7.11,311508,227684252.0,4.61,2.79,0.2,1.55,9.99,9.7,9.0,7.59,6.61,2.53,2.11,0.56,0.14,2.11,7.16,7.3,7.52,7.61,0.41,0.14,-0.41,-1.36,-1.49,-2.72,-3.4,-6.66,-4.08,-5.3
2023-12-29,601519,7.33,7.38,7.39,7.29,192991,141975388.0,1.36,0.27,0.02,0.96,7.0,6.31,4.94,3.98,0.0,-0.41,-1.92,-2.33,-0.41,2.06,7.21,7.27,7.51,7.59,-0.14,-0.68,-1.63,-1.76,-2.98,-3.66,-6.91,-4.34,-5.56,-4.88
2024-01-02,601519,7.34,7.27,7.37,7.27,133730,97732646.0,1.36,-1.49,-0.11,0.67,6.6,5.23,4.26,0.28,-0.14,-1.65,-2.06,-0.14,2.34,1.65,7.24,7.24,7.48,7.57,0.83,-0.14,-0.28,-1.51,-2.2,-5.5,-2.89,-4.13,-3.44,4.4
2024-01-03,601519,7.25,7.26,7.33,7.19,127841,92728933.0,1.93,-0.14,-0.01,0.64,6.4,5.42,1.39,0.97,-0.56,-0.97,0.97,3.48,2.78,2.5,7.29,7.21,7.46,7.54,0.0,-0.14,-1.38,-2.07,-5.37,-2.75,-3.99,-3.31,4.55,1.24
2024-01-04,601519,7.26,7.19,7.26,7.14,123132,88464317.0,1.65,-0.96,-0.07,0.61,6.16,2.1,1.68,0.14,-0.28,1.68,4.2,3.5,3.22,2.66,7.29,7.21,7.44,7.52,0.83,-0.42,-1.11,-4.45,-1.81,-3.06,-2.36,5.56,2.23,8.9
2024-01-05,601519,7.18,7.09,7.25,7.05,164670,117753900.0,2.78,-1.39,-0.1,0.82,3.4,2.98,1.42,0.99,2.98,5.53,4.82,4.54,3.97,2.98,7.24,7.2,7.41,7.49,0.99,0.28,-3.1,-0.42,-1.69,-0.99,7.05,3.67,10.44,21.02
2024-01-08,601519,7.07,7.04,7.16,7.02,153261,108818825.0,1.97,-0.71,-0.05,0.76,3.42,1.85,1.42,3.42,5.98,5.27,4.99,4.42,3.42,3.28,7.17,7.19,7.37,7.47,0.99,-2.41,0.28,-0.99,-0.28,7.81,4.4,11.22,21.88,21.02
2024-01-09,601519,7.06,6.88,7.11,6.68,312504,215356581.0,6.11,-2.27,-0.16,1.56,7.04,6.59,8.68,11.38,10.63,10.33,9.73,8.68,8.53,7.19,7.09,7.17,7.32,7.45,-0.15,2.62,1.31,2.03,10.32,6.83,13.81,24.71,23.84,18.46
2024-01-10,601519,6.85,6.76,6.87,6.69,152421,103350225.0,2.62,-1.74,-0.12,0.76,6.43,8.52,11.21,10.46,10.16,9.57,8.52,8.37,7.03,6.28,6.99,7.14,7.27,7.42,4.44,3.11,3.85,12.28,8.73,15.83,26.92,26.04,20.56,24.56
2024-01-11,601519,6.75,6.97,7.06,6.74,187046,129391398.0,4.73,3.11,0.21,0.93,7.72,10.39,9.64,9.35,8.75,7.72,7.57,6.23,5.49,1.93,6.95,7.12,7.23,7.4,0.0,0.72,8.9,5.45,12.34,23.1,22.24,16.93,20.8,20.52
2024-01-12,601519,6.96,6.86,6.97,6.86,136000,93980462.0,1.58,-1.58,-0.11,0.68,8.45,7.73,7.43,6.85,5.83,5.69,4.37,3.64,0.15,2.92,6.9,7.07,7.19,7.37,2.33,10.64,7.14,14.14,25.07,24.2,18.8,22.74,22.45,23.03
2024-01-15,601519,6.8,7.01,7.02,6.78,207783,144194232.0,3.5,2.19,0.15,1.04,9.0,8.7,8.11,7.08,6.93,5.6,4.87,1.33,4.13,2.8,6.9,7.03,7.15,7.35,8.27,4.85,11.7,22.4,21.54,16.26,20.11,19.83,20.4,20.83
2024-01-16,601519,6.95,7.35,7.59,6.94,519593,376727706.0,9.27,4.85,0.34,2.59,6.2,5.62,4.61,4.47,3.17,2.45,-1.01,1.73,0.43,1.15,6.99,7.04,7.14,7.33,0.0,6.53,16.73,15.92,10.88,14.56,14.29,14.83,15.24,13.47
2024-01-17,601519,7.31,7.12,7.35,7.1,262833,189521749.0,3.4,-3.13,-0.23,1.31,3.24,2.25,2.11,0.85,0.14,-3.24,-0.56,-1.83,-1.13,6.9,7.06,7.03,7.12,7.32,9.97,20.51,19.66,14.47,18.26,17.98,18.54,18.96,17.13,16.15
2024-01-18,601519,7.06,7.83,7.83,7.06,835775,628570086.0,10.81,9.97,0.71,4.17,2.83,2.69,1.42,0.71,-2.69,0.0,-1.27,-0.57,7.51,4.11,7.23,7.09,7.15,7.32,9.58,8.81,4.09,7.54,7.28,7.79,8.17,6.51,5.62,4.47
2024-01-19,601519,7.83,8.14,8.58,7.72,1745993,1413178002.0,10.98,3.96,0.31,8.71,-6.09,-7.25,-7.9,-11.01,-8.55,-9.72,-9.07,-1.68,-4.79,1.42,7.49,7.2,7.2,7.34,4.67,0.12,3.44,3.19,3.69,4.05,2.46,1.6,0.49,-3.81
2024-01-22,601519,8.06,8.03,8.52,7.85,1524386,1250371354.0,8.23,-1.35,-0.11,7.61,-8.79,-9.43,-12.48,-10.06,-11.21,-10.57,-3.31,-6.37,-0.25,9.3,7.69,7.29,7.24,7.35,1.49,4.86,4.61,5.11,5.48,3.86,2.99,1.87,-2.49,-16.94
2024-01-23,601519,7.99,7.85,8.15,7.55,1208431,953235185.0,7.47,-2.24,-0.18,6.03,-5.83,-9.01,-6.49,-7.68,-7.02,0.53,-2.65,3.71,13.64,12.85,7.79,7.39,7.28,7.35,7.26,7.01,7.52,7.9,6.24,5.35,4.2,-0.25,-15.03,-14.65
2024-01-24,601519,7.96,8.32,8.42,7.68,1702696,1380162568.0,9.43,5.99,0.47,8.5,-10.55,-8.07,-9.24,-8.59,-1.17,-4.3,1.95,11.72,10.94,6.12,8.03,7.55,7.34,7.36,0.96,1.44,1.8,0.24,-0.6,-1.68,-5.89,-19.83,-19.47,-18.75
2024-01-25,601519,7.9,8.12,8.4,7.74,1455263,1166598168.0,7.93,-2.4,-0.2,7.26,-8.79,-9.95,-9.3,-1.94,-5.04,1.16,10.85,10.08,5.3,8.79,8.09,7.66,7.39,7.37,3.94,4.31,2.71,1.85,0.74,-3.57,-17.86,-17.49,-16.75,-15.52
2024-01-26,601519,7.9,8.14,8.44,7.78,1518116,1237645236.0,8.13,0.25,0.02,7.58,-10.41,-9.77,-2.44,-5.53,0.64,10.28,9.51,4.76,8.23,7.97,8.09,7.79,7.43,7.39,4.05,2.46,1.6,0.49,-3.81,-18.06,-17.69,-16.95,-15.72,-15.48
2024-01-29,601519,7.91,8.18,8.47,7.59,1615539,1303270446.0,10.81,0.49,0.04,8.06,-7.51,0.0,-3.16,3.16,13.04,12.25,7.38,10.94,10.67,11.2,8.12,7.91,7.47,7.4,1.96,1.1,0.0,-4.28,-18.46,-18.09,-17.36,-16.14,-15.89,-14.67
2024-01-30,601519,7.92,7.82,8.34,7.8,1055044,849836600.0,6.6,-4.4,-0.36,5.27,-2.69,-5.77,0.38,10.0,9.23,4.49,7.95,7.69,8.21,8.59,8.12,7.95,7.5,7.41,5.75,4.6,0.13,-14.71,-14.32,-13.55,-12.28,-12.02,-10.74,-6.91
2024-01-31,601519,7.7,7.94,8.27,7.68,1257463,1007303046.0,7.54,1.53,0.12,6.28,-4.3,1.95,11.72,10.94,6.12,9.64,9.38,9.9,10.29,8.59,8.04,8.04,7.53,7.42,3.02,-1.39,-15.99,-15.62,-14.86,-13.6,-13.35,-12.09,-8.31,-10.08
2024-02-01,601519,7.75,7.77,8.18,7.68,982169,778949828.0,6.3,-2.14,-0.17,4.9,1.95,11.72,10.94,6.12,9.64,9.38,9.9,10.29,8.59,7.68,7.97,8.03,7.56,7.44,0.77,-14.16,-13.77,-13.0,-11.71,-11.45,-10.17,-6.31,-8.11,-8.24
2024-02-02,601519,7.78,6.99,7.83,6.99,1191105,855262618.0,10.81,-10.04,-0.78,5.94,22.75,21.89,16.6,20.46,20.17,20.74,21.17,19.31,18.31,17.02,7.74,7.92,7.56,7.44,-4.58,-4.15,-3.29,-1.86,-1.57,-0.14,4.15,2.15,2.0,2.58
2024-02-05,601519,6.57,6.29,6.67,6.29,926081,589524646.0,5.44,-10.01,-0.7,4.62,35.45,29.57,33.86,33.55,34.18,34.66,32.59,31.48,30.05,24.48,7.36,7.74,7.52,7.41,6.52,7.47,9.06,9.38,10.97,15.74,13.51,13.35,13.99,17.17
2024-02-06,601519,5.98,6.53,6.7,5.78,715435,451613289.0,14.63,3.82,0.24,3.57,41.0,45.67,45.33,46.02,46.54,44.29,43.08,41.52,35.47,15.4,7.1,7.61,7.5,7.39,3.52,5.05,5.36,6.89,11.49,9.34,9.19,9.8,12.86,24.04
2024-02-07,601519,6.42,6.49,6.76,6.39,632836,417943340.0,5.67,-0.61,-0.04,3.16,31.77,31.46,32.08,32.55,30.52,29.42,28.01,22.54,4.38,4.85,6.81,7.43,7.49,7.37,5.7,6.01,7.55,12.17,10.02,9.86,10.48,13.56,24.81,18.95
2024-02-08,601519,6.67,6.73,6.86,6.63,567967,382373896.0,3.54,3.7,0.24,2.83,26.7,27.3,27.75,25.79,24.74,23.38,18.1,0.6,1.06,1.96,6.61,7.29,7.48,7.36,2.23,3.71,8.17,6.09,5.94,6.54,9.51,20.36,14.71,16.64
2024-02-19,601519,6.75,6.84,6.88,6.66,573292,388152666.0,3.27,1.63,0.11,2.86,26.73,27.18,25.23,24.17,22.82,17.57,0.15,0.6,1.5,3.0,6.58,7.16,7.47,7.34,2.05,6.43,4.39,4.24,4.82,7.75,18.42,12.87,14.77,12.57
2024-02-20,601519,6.8,6.88,6.98,6.68,655806,448173541.0,4.39,0.58,0.04,3.27,26.8,24.85,23.8,22.46,17.22,-0.15,0.3,1.2,2.69,2.99,6.69,7.03,7.47,7.32,5.81,3.78,3.63,4.22,7.12,17.73,12.21,14.1,11.92,10.17
2024-02-21,601519,6.74,7.02,7.28,6.71,905498,637803148.0,8.28,2.03,0.14,4.52,24.29,23.25,21.91,16.69,-0.6,-0.15,0.75,2.24,2.53,4.02,6.79,6.95,7.45,7.31,1.71,1.57,2.14,4.99,15.38,9.97,11.82,9.69,7.98,7.83
2024-02-22,601519,6.9,7.07,7.14,6.9,614368,433079456.0,3.42,0.71,0.05,3.07,19.86,18.55,13.48,-3.33,-2.9,-2.03,-0.58,-0.29,1.16,5.51,6.91,6.86,7.45,7.31,0.85,1.41,4.24,14.57,9.19,11.03,8.91,7.21,7.07,6.08
2024-02-23,601519,7.1,7.09,7.13,6.98,511669,361320663.0,2.12,0.28,0.02,2.55,17.19,12.18,-4.44,-4.01,-3.15,-1.72,-1.43,0.0,4.3,2.29,6.98,6.79,7.41,7.3,1.13,3.95,14.25,8.89,10.72,8.6,6.91,6.77,5.78,2.54
2024-02-26,601519,7.05,7.07,7.17,7.04,505824,359228556.0,1.83,-0.28,-0.02,2.52,11.22,-5.26,-4.83,-3.98,-2.56,-2.27,-0.85,3.41,1.42,1.28,7.03,6.8,7.36,7.3,4.24,14.57,9.19,11.03,8.91,7.21,7.07,6.08,2.83,4.53
2024-02-27,601519,7.07,7.36,7.37,7.0,691133,497849826.0,5.23,4.1,0.29,3.45,-4.71,-4.29,-3.43,-2.0,-1.71,-0.29,4.0,2.0,1.86,2.43,7.12,6.91,7.33,7.31,10.05,4.89,6.66,4.62,2.99,2.85,1.9,-1.22,0.41,2.04
2024-02-28,601519,7.39,7.51,8.1,7.38,1758029,1372071481.0,9.78,2.04,0.15,8.77,-9.21,-8.4,-7.05,-6.78,-5.42,-1.36,-3.25,-3.39,-2.85,-0.14,7.22,7.01,7.31,7.34,2.8,4.53,2.53,0.93,0.8,-0.13,-3.2,-1.6,0.0,-1.2
2024-02-29,601519,7.5,7.71,7.72,7.4,1151616,871037460.0,4.26,2.66,0.2,5.75,-8.65,-7.3,-7.03,-5.68,-1.62,-3.51,-3.65,-3.11,-0.41,9.46,7.35,7.13,7.28,7.37,1.82,-0.13,-1.69,-1.82,-2.72,-5.71,-4.15,-2.59,-3.76,-4.54
2024-03-01,601519,7.75,7.72,7.85,7.56,871497,669013871.0,3.76,0.13,0.01,4.35,-9.26,-8.99,-7.67,-3.7,-5.56,-5.69,-5.16,-2.51,7.14,2.12,7.47,7.23,7.26,7.39,-0.26,-1.81,-1.94,-2.85,-5.83,-4.27,-2.72,-3.89,-4.66,-5.05
2024-03-04,601519,7.66,7.59,7.7,7.45,588396,445801841.0,3.24,-1.68,-0.13,2.94,-7.65,-6.31,-2.28,-4.16,-4.3,-3.76,-1.07,8.72,3.62,5.37,7.58,7.3,7.23,7.42,-0.13,-0.26,-1.19,-4.22,-2.64,-1.05,-2.24,-3.03,-3.43,-0.13
2024-03-05,601519,7.52,7.4,7.58,7.39,449552,335023808.0,2.5,-2.5,-0.19,2.24,-5.55,-1.49,-3.38,-3.52,-2.98,-0.27,9.61,4.47,6.22,4.19,7.59,7.35,7.19,7.43,2.3,1.35,-1.76,-0.14,1.49,0.27,-0.54,-0.95,2.43,0.81
2024-03-06,601519,7.42,7.45,7.57,7.37,417924,312221746.0,2.7,0.68,0.05,2.09,-1.22,-3.12,-3.26,-2.71,0.0,9.91,4.75,6.51,4.48,2.85,7.57,7.4,7.17,7.43,0.67,-2.42,-0.81,0.81,-0.4,-1.21,-1.61,1.74,0.13,0.4
2024-03-07,601519,7.4,7.24,7.5,7.21,503890,370452814.0,3.89,-2.82,-0.21,2.51,-0.97,-1.11,-0.55,2.22,12.34,7.07,8.88,6.8,5.13,4.99,7.48,7.41,7.14,7.44,0.41,2.07,3.73,2.49,1.66,1.24,4.7,3.04,3.31,7.04
2024-03-08,601519,7.2,7.23,7.27,7.17,295094,212902686.0,1.38,-0.14,-0.01,1.47,-0.56,0.0,2.79,12.97,7.67,9.48,7.39,5.72,5.58,4.6,7.38,7.43,7.11,7.42,2.21,3.87,2.63,1.8,1.38,4.84,3.18,3.46,7.19,4.43
2024-03-11,601519,7.21,7.38,7.39,7.19,355534,258396004.0,2.77,2.07,0.15,1.77,-0.28,2.5,12.66,7.37,9.18,7.09,5.42,5.29,4.31,1.11,7.34,7.46,7.13,7.39,1.76,0.54,-0.27,-0.68,2.71,1.08,1.36,5.01,2.3,-0.81
2024-03-12,601519,7.39,7.42,7.51,7.3,399216,295433402.0,2.85,0.54,0.04,1.99,0.96,10.96,5.75,7.53,5.48,3.84,3.7,2.74,-0.41,1.23,7.34,7.46,7.19,7.37,0.0,-0.81,-1.21,2.16,0.54,0.81,4.45,1.75,-1.35,-4.18
2024-03-13,601519,7.42,7.33,7.42,7.31,308157,226739421.0,1.48,-1.21,-0.09,1.54,10.81,5.61,7.39,5.34,3.69,3.56,2.6,-0.55,1.09,2.74,7.32,7.45,7.23,7.35,0.41,0.0,3.41,1.77,2.05,5.73,3.0,-0.14,-3.0,-5.05
2024-03-14,601519,7.28,7.25,7.36,7.16,319147,231727824.0,2.73,-1.09,-0.08,1.59,7.82,9.64,7.54,5.87,5.73,4.75,1.54,3.21,4.89,3.63,7.32,7.4,7.26,7.32,1.1,4.55,2.9,3.17,6.9,4.14,0.97,-1.93,-4.0,-3.72
2024-03-15,601519,7.17,7.31,7.33,7.15,297116,214825882.0,2.48,0.83,0.06,1.48,9.79,7.69,6.01,5.87,4.9,1.68,3.36,5.03,3.78,2.94,7.34,7.36,7.29,7.29,3.69,2.05,2.33,6.02,3.28,0.14,-2.74,-4.79,-4.51,-5.47
2024-03-18,601519,7.34,7.5,7.58,7.33,502812,375427164.0,3.42,2.6,0.19,2.51,5.05,3.41,3.27,2.32,-0.82,0.82,2.46,1.23,0.41,0.0,7.36,7.35,7.33,7.27,-0.53,-0.27,3.33,0.67,-2.4,-5.2,-7.2,-6.93,-7.87,-5.47
2024-03-19,601519,7.4,7.35,7.46,7.34,310588,229556903.0,1.6,-2.0,-0.15,1.55,3.27,3.13,2.18,-0.95,0.68,2.32,1.09,0.27,-0.14,3.27,7.35,7.35,7.35,7.24,1.77,5.44,2.72,-0.41,-3.27,-5.31,-5.03,-5.99,-3.54,-4.22
2024-03-20,601519,7.34,7.41,7.48,7.31,292760,216300714.0,2.31,0.82,0.06,1.46,3.56,2.6,-0.55,1.09,2.74,1.5,0.68,0.27,3.69,2.05,7.36,7.34,7.37,7.23,4.59,1.89,-1.21,-4.05,-6.07,-5.8,-6.75,-4.32,-4.99,-5.8
2024-03-21,601519,7.45,7.54,7.75,7.45,725332,552322481.0,4.05,1.75,0.13,3.62,0.67,-2.42,-0.81,0.81,-0.4,-1.21,-1.61,1.74,0.13,0.4,7.42,7.37,7.39,7.22,0.13,-2.92,-5.7,-7.69,-7.43,-8.36,-5.97,-6.63,-7.43,-8.75
2024-03-22,601519,7.54,7.35,7.55,7.3,438513,323849068.0,3.32,-2.52,-0.19,2.19,-0.41,1.23,2.88,1.64,0.82,0.41,3.84,2.19,2.47,6.16,7.43,7.38,7.41,7.2,-0.41,-3.27,-5.31,-5.03,-5.99,-3.54,-4.22,-5.03,-6.39,-6.94
2024-03-25,601519,7.26,7.04,7.32,7.04,421811,303285949.0,3.81,-4.22,-0.31,2.1,4.97,6.68,5.4,4.55,4.12,7.67,5.97,6.25,10.09,7.24,7.34,7.35,7.4,7.2,0.99,-1.14,-0.85,-1.85,0.71,0.0,-0.85,-2.27,-2.84,-3.55
2024-03-26,601519,7.04,6.97,7.11,6.9,292890,204503148.0,2.98,-0.99,-0.07,1.46,8.84,7.54,6.67,6.23,9.86,8.12,8.41,12.32,9.42,6.09,7.26,7.3,7.39,7.23,-0.14,0.14,-0.86,1.72,1.0,0.14,-1.29,-1.87,-2.58,-3.3
2024-03-27,601519,6.95,6.7,6.96,6.68,293042,199508999.0,4.02,-3.87,-0.27,1.46,11.08,10.18,9.73,13.47,11.68,11.98,16.02,13.02,9.58,6.44,7.12,7.24,7.34,7.23,4.18,3.13,5.82,5.07,4.18,2.69,2.09,1.34,0.6,0.0
2024-03-28,601519,6.69,6.88,6.98,6.67,293570,200898931.0,4.63,2.69,0.18,1.47,10.34,9.9,13.64,11.84,12.14,16.19,13.19,9.75,6.6,4.35,6.99,7.2,7.3,7.24,0.44,3.05,2.33,1.45,0.0,-0.58,-1.31,-2.03,-2.62,-1.45
2024-03-29,601519,6.85,6.9,6.91,6.76,239456,163652165.0,2.18,0.29,0.02,1.19,8.43,12.13,10.36,10.65,14.64,11.69,8.28,5.18,2.96,3.25,6.9,7.16,7.26,7.25,2.75,2.03,1.16,-0.29,-0.87,-1.59,-2.32,-2.9,-1.74,-4.49
2024-04-01,601519,7.0,7.02,7.09,6.96,271658,190338484.0,1.88,1.74,0.12,1.36,8.91,7.18,7.47,11.35,8.48,5.17,2.16,0.0,0.29,-0.72,6.89,7.12,7.23,7.26,0.28,-0.57,-1.99,-2.56,-3.28,-3.99,-4.56,-3.42,-6.13,-7.83
2024-04-02,601519,7.0,6.95,7.04,6.91,211602,147160520.0,1.85,-1.0,-0.07,1.06,7.96,8.25,12.16,9.26,5.93,2.89,0.72,1.01,0.0,2.6,6.89,7.08,7.21,7.26,0.43,-1.01,-1.58,-2.3,-3.02,-3.6,-2.45,-5.18,-6.91,-5.04
2024-04-03,601519,6.95,6.86,6.98,6.85,187063,128889807.0,1.87,-1.29,-0.09,0.93,9.2,13.14,10.22,6.86,3.8,1.61,1.9,0.88,3.5,2.77,6.92,7.02,7.18,7.25,0.29,-0.29,-1.02,-1.75,-2.33,-1.17,-3.94,-5.69,-3.79,-5.69
2024-04-08,601519,6.82,6.75,6.88,6.72,152871,103861844.0,2.33,-1.6,-0.11,0.76,15.33,12.35,8.93,5.8,3.57,3.87,2.83,5.51,4.76,3.87,6.9,6.94,7.16,7.24,1.33,0.59,-0.15,-0.74,0.44,-2.37,-4.15,-2.22,-4.15,-4.3
2024-04-09,601519,6.75,6.8,6.84,6.73,143368,97298562.0,1.63,0.74,0.05,0.72,12.18,8.77,5.65,3.42,3.71,2.67,5.35,4.61,3.71,2.23,6.88,6.89,7.14,7.23,-0.15,-0.88,-1.47,-0.29,-3.09,-4.85,-2.94,-4.85,-5.0,-5.44
2024-04-10,601519,6.78,6.65,6.79,6.58,206295,137466964.0,3.09,-2.21,-0.15,1.03,11.25,8.05,5.78,6.08,5.02,7.75,6.99,6.08,4.56,3.95,6.8,6.85,7.1,7.22,1.35,0.75,1.95,-0.9,-2.71,-0.75,-2.71,-2.86,-3.31,-3.16
2024-04-11,601519,6.61,6.66,6.74,6.58,166451,111192966.0,2.41,0.15,0.01,0.83,8.05,5.78,6.08,5.02,7.75,6.99,6.08,4.56,3.95,3.19,6.74,6.82,7.06,7.2,0.6,1.8,-1.05,-2.85,-0.9,-2.85,-3.0,-3.45,-3.3,-2.55
2024-04-12,601519,6.66,6.54,6.7,6.51,161030,106069072.0,2.85,-1.8,-0.12,0.8,6.91,7.22,6.14,8.91,8.14,7.22,5.68,5.07,4.3,3.53,6.68,6.8,7.02,7.16,3.67,0.76,-1.07,0.92,-1.07,-1.22,-1.68,-1.53,-0.76,3.21
2024-04-15,601519,6.54,6.64,6.78,6.34,324671,214611095.0,6.73,1.53,0.1,1.62,10.09,8.99,11.83,11.04,10.09,8.52,7.89,7.1,6.31,5.68,6.66,6.78,6.99,7.13,-0.75,-2.56,-0.6,-2.56,-2.71,-3.16,-3.01,-2.26,1.66,4.07
2024-04-16,601519,6.55,6.18,6.59,6.16,336416,213945905.0,6.48,-6.93,-0.46,1.68,12.18,15.1,14.29,13.31,11.69,11.04,10.23,9.42,8.77,10.06,6.53,6.7,6.93,7.08,4.69,6.8,4.69,4.53,4.05,4.21,5.02,9.22,11.81,10.68
2024-04-17,601519,6.18,6.45,6.47,6.18,226545,144645398.0,4.69,4.37,0.27,1.13,14.72,13.92,12.94,11.33,10.68,9.87,9.06,8.41,9.71,6.63,6.49,6.65,6.88,7.04,2.33,0.31,0.16,-0.31,-0.16,0.62,4.65,7.13,6.05,6.2
2024-04-18,601519,6.46,6.43,6.6,6.36,249484,161540104.0,3.72,-0.31,-0.02,1.25,10.69,9.75,8.18,7.55,6.76,5.97,5.35,6.6,3.62,1.73,6.45,6.6,6.84,7.01,0.62,0.47,0.0,0.16,0.93,4.98,7.47,6.38,6.53,4.67
2024-04-19,601519,6.36,6.35,6.47,6.32,165270,105455182.0,2.33,-1.24,-0.08,0.82,10.44,8.86,8.23,7.44,6.65,6.01,7.28,4.27,2.37,4.43,6.41,6.54,6.78,6.97,1.73,1.26,1.42,2.2,6.3,8.82,7.72,7.87,5.98,4.88
2024-04-22,601519,6.35,6.33,6.46,6.26,136395,86747084.0,3.15,-0.31,-0.02,0.68,9.9,9.27,8.47,7.67,7.03,8.31,5.27,3.35,5.43,3.35,6.35,6.5,6.72,6.94,1.58,1.74,2.53,6.64,9.16,8.06,8.21,6.32,5.21,3.95
2024-04-23,601519,6.37,6.39,6.43,6.36,120685,77126336.0,1.11,0.95,0.06,0.6,7.55,6.76,5.97,5.35,6.6,3.62,1.73,3.77,1.73,1.57,6.39,6.46,6.67,6.91,0.78,1.56,5.63,8.14,7.04,7.2,5.32,4.23,2.97,3.6
2024-04-24,601519,6.4,6.44,6.44,6.34,150639,96526381.0,1.56,0.78,0.05,0.75,7.1,6.31,5.68,6.94,3.94,2.05,4.1,2.05,1.89,1.42,6.39,6.44,6.64,6.88,0.78,4.81,7.3,6.21,6.37,4.5,3.42,2.17,2.8,1.55
2024-04-25,601519,6.41,6.4,6.49,6.37,138161,88813435.0,1.86,-0.62,-0.04,0.69,5.81,5.18,6.44,3.45,1.57,3.61,1.57,1.41,0.94,1.1,6.38,6.41,6.62,6.85,5.47,7.97,6.87,7.03,5.16,4.06,2.81,3.44,2.19,2.03
2024-04-26,601519,6.3,6.66,6.75,6.1,655258,422385883.0,10.16,4.06,0.26,3.27,9.84,11.15,8.03,6.07,8.2,6.07,5.9,5.41,5.57,6.39,6.44,6.43,6.61,6.82,3.75,2.7,2.85,1.05,0.0,-1.2,-0.6,-1.8,-1.95,-1.8
2024-04-29,601519,6.59,6.82,6.91,6.57,552946,374728741.0,5.11,2.4,0.16,2.76,3.2,0.3,-1.52,0.46,-1.52,-1.67,-2.13,-1.98,-1.22,2.74,6.54,6.44,6.61,6.81,0.29,0.44,-1.32,-2.35,-3.52,-2.93,-4.11,-4.25,-4.11,-5.43
2024-04-30,601519,6.79,6.67,6.84,6.62,291385,195681760.0,3.23,-2.2,-0.15,1.45,-0.45,-2.27,-0.3,-2.27,-2.42,-2.87,-2.72,-1.96,1.96,4.38,6.6,6.49,6.6,6.79,2.7,0.9,-0.15,-1.35,-0.75,-1.95,-2.1,-1.95,-3.3,-3.6
2024-05-06,601519,6.8,6.7,6.85,6.67,292615,197987866.0,2.7,0.45,0.03,1.46,-3.0,-1.05,-3.0,-3.15,-3.6,-3.45,-2.7,1.2,3.6,2.55,6.65,6.52,6.58,6.76,0.45,-0.6,-1.79,-1.19,-2.39,-2.54,-2.39,-3.73,-4.03,-2.69
2024-05-07,601519,6.68,6.65,6.73,6.62,206946,138080560.0,1.64,-0.75,-0.05,1.03,-0.3,-2.27,-2.42,-2.87,-2.72,-1.96,1.96,4.38,3.32,3.47,6.7,6.54,6.57,6.74,0.15,-1.05,-0.45,-1.65,-1.8,-1.65,-3.01,-3.31,-1.95,-3.16
2024-05-08,601519,6.65,6.46,6.66,6.46,202761,132181545.0,3.01,-2.86,-0.19,1.01,0.15,0.0,-0.46,-0.31,0.46,4.49,6.97,5.88,6.04,4.18,6.66,6.55,6.55,6.71,1.86,2.48,1.24,1.08,1.24,-0.15,-0.46,0.93,-0.31,-0.62
2024-05-09,601519,6.46,6.55,6.58,6.46,158201,103483888.0,1.86,1.39,0.09,0.79,0.0,-0.46,-0.31,0.46,4.49,6.97,5.88,6.04,4.18,3.1,6.61,6.57,6.54,6.67,1.07,-0.15,-0.31,-0.15,-1.53,-1.83,-0.46,-1.68,-1.98,-2.44
2024-05-10,601519,6.55,6.5,6.62,6.46,159594,103971393.0,2.44,-0.76,-0.05,0.8,-0.46,-0.31,0.46,4.49,6.97,5.88,6.04,4.18,3.1,1.86,6.57,6.58,6.52,6.64,0.62,0.46,0.62,-0.77,-1.08,0.31,-0.92,-1.23,-1.69,-4.0
2024-05-13,601519,6.46,6.48,6.54,6.34,177348,114246988.0,3.08,-0.31,-0.02,0.89,1.58,2.37,6.47,8.99,7.89,8.04,6.15,5.05,3.79,4.42,6.53,6.59,6.52,6.63,0.77,0.93,-0.46,-0.77,0.62,-0.62,-0.93,-1.39,-3.7,-4.01
2024-05-14,601519,6.47,6.52,6.53,6.41,156579,101212174.0,1.85,0.62,0.04,0.78,1.25,5.3,7.8,6.71,6.86,4.99,3.9,2.65,3.28,2.03,6.5,6.6,6.51,6.61,0.31,-1.07,-1.38,0.0,-1.23,-1.53,-1.99,-4.29,-4.6,-4.91
2024-05-15,601519,6.52,6.36,6.54,6.35,188112,120689663.0,2.91,-2.45,-0.16,0.94,6.3,8.82,7.72,7.87,5.98,4.88,3.62,4.25,2.99,2.83,6.48,6.57,6.5,6.6,1.42,1.1,2.52,1.26,0.94,0.47,-1.89,-2.2,-2.52,-2.99
2024-05-16,601519,6.37,6.34,6.45,6.33,129919,82961021.0,1.89,-0.31,-0.02,0.65,9.16,8.06,8.21,6.32,5.21,3.95,4.58,3.32,3.16,3.32,6.44,6.52,6.48,6.58,1.42,2.84,1.58,1.26,0.79,-1.58,-1.89,-2.21,-2.68,-2.68
2024-05-17,601519,6.34,6.42,6.43,6.3,151706,96570825.0,2.05,1.26,0.08,0.76,8.57,8.73,6.83,5.71,4.44,5.08,3.81,3.65,3.81,2.38,6.42,6.5,6.5,6.57,1.56,0.31,0.0,-0.47,-2.8,-3.12,-3.43,-3.89,-3.89,-3.43
2024-05-20,601519,6.4,6.43,6.52,6.39,175001,113033921.0,2.02,0.16,0.01,0.87,7.2,5.32,4.23,2.97,3.6,2.35,2.19,2.35,0.94,0.63,6.41,6.47,6.5,6.55,0.16,-0.16,-0.62,-2.95,-3.27,-3.58,-4.04,-4.04,-3.58,-4.04
2024-05-21,601519,6.43,6.36,6.44,6.34,142423,90879279.0,1.56,-1.09,-0.07,0.71,6.15,5.05,3.79,4.42,3.15,3.0,3.15,1.74,1.42,2.84,6.38,6.44,6.49,6.53,0.94,0.47,-1.89,-2.2,-2.52,-2.99,-2.99,-2.52,-2.99,-4.56
2024-05-22,601519,6.35,6.39,6.42,6.32,102516,65424133.0,1.57,0.47,0.03,0.51,5.38,4.11,4.75,3.48,3.32,3.48,2.06,1.74,3.16,1.9,6.39,6.43,6.49,6.51,0.0,-2.35,-2.66,-2.97,-3.44,-3.44,-2.97,-3.44,-5.01,-5.95
2024-05-23,601519,6.39,6.21,6.39,6.2,167914,105201921.0,2.97,-2.82,-0.18,0.84,6.13,6.77,5.48,5.32,5.48,4.03,3.71,5.16,3.87,3.55,6.36,6.4,6.49,6.49,0.48,0.16,-0.16,-0.64,-0.64,-0.16,-0.64,-2.25,-3.22,-5.15
2024-05-24,601519,6.23,6.16,6.24,6.16,94682,58633045.0,1.29,-0.81,-0.05,0.47,7.47,6.17,6.01,6.17,4.71,4.38,5.84,4.55,4.22,3.73,6.31,6.37,6.48,6.47,0.97,0.65,0.16,0.16,0.65,0.16,-1.46,-2.44,-4.38,-5.68
2024-05-27,601519,6.2,6.2,6.22,6.1,109352,67213713.0,1.95,0.65,0.04,0.55,7.21,7.05,7.21,5.74,5.41,6.89,5.57,5.25,4.75,2.3,6.26,6.34,6.46,6.46,0.0,-0.48,-0.48,0.0,-0.48,-2.1,-3.06,-5.0,-6.29,-5.97
2024-05-28,601519,6.2,6.13,6.2,6.11,82703,50844174.0,1.45,-1.13,-0.07,0.41,6.87,7.04,5.56,5.24,6.71,5.4,5.07,4.58,2.13,1.8,6.22,6.3,6.45,6.44,0.65,0.65,1.14,0.65,-0.98,-1.96,-3.92,-5.22,-4.89,-3.26
2024-05-29,601519,6.1,6.09,6.17,6.07,98853,60492664.0,1.63,-0.65,-0.04,0.49,7.74,6.26,5.93,7.41,6.1,5.77,5.27,2.8,2.47,2.14,6.16,6.27,6.42,6.42,1.31,1.81,1.31,-0.33,-1.31,-3.28,-4.6,-4.27,-2.63,-2.63
2024-05-30,601519,6.09,6.12,6.17,6.01,116194,70823753.0,2.63,0.49,0.03,0.58,7.32,6.99,8.49,7.15,6.82,6.32,3.83,3.49,3.16,2.66,6.14,6.25,6.39,6.41,1.31,0.82,-0.82,-1.8,-3.76,-5.07,-4.74,-3.1,-3.1,-1.47
2024-05-31,601519,6.11,6.16,6.2,6.11,95079,58673004.0,1.47,0.65,0.04,0.47,5.24,6.71,5.4,5.07,4.58,2.13,1.8,1.47,0.98,0.98,6.14,6.22,6.36,6.41,0.16,-1.46,-2.44,-4.38,-5.68,-5.36,-3.73,-3.73,-2.11,-3.57
2024-06-03,601519,6.12,6.03,6.17,5.97,140975,85333924.0,3.25,-2.11,-0.13,0.7,9.21,7.87,7.54,7.04,4.52,4.19,3.85,3.35,3.35,3.85,6.11,6.18,6.33,6.39,0.66,-0.33,-2.32,-3.65,-3.32,-1.66,-1.66,0.0,-1.49,-0.66
2024-06-04,601519,6.02,5.99,6.07,5.86,172231,102797457.0,3.48,-0.66,-0.04,0.86,9.9,9.56,9.04,6.48,6.14,5.8,5.29,5.29,5.8,5.29,6.08,6.15,6.3,6.38,0.33,-1.67,-3.01,-2.67,-1.0,-1.0,0.67,-0.83,0.0,1.0
2024-06-05,601519,5.99,5.85,6.01,5.85,150593,89064411.0,2.67,-2.34,-0.14,0.75,9.74,9.23,6.67,6.32,5.98,5.47,5.47,5.98,5.47,3.76,6.03,6.09,6.26,6.36,0.68,-0.68,-0.34,1.37,1.37,3.08,1.54,2.39,3.42,1.2
2024-06-06,601519,5.86,5.6,5.89,5.55,304270,172239667.0,5.81,-4.27,-0.25,1.52,15.14,12.43,12.07,11.71,11.17,11.17,11.71,11.17,9.37,8.29,5.93,6.03,6.22,6.34,3.75,4.11,5.89,5.89,7.68,6.07,6.96,8.04,5.71,3.93
2024-06-07,601519,5.78,5.74,5.81,5.66,179094,102683514.0,2.68,2.5,0.14,0.89,10.25,9.89,9.54,9.01,9.01,9.54,9.01,7.24,6.18,4.06,5.84,5.99,6.18,6.31,1.57,3.31,3.31,5.05,3.48,4.36,5.4,3.14,1.39,0.35
2024-06-11,601519,5.73,5.79,5.83,5.66,128258,73805317.0,2.96,0.87,0.05,0.64,9.89,9.54,9.01,9.01,9.54,9.01,7.24,6.18,4.06,2.65,5.79,5.95,6.14,6.29,2.42,2.42,4.15,2.59,3.45,4.49,2.25,0.52,-0.52,-2.07
2024-06-12,601519,5.82,5.89,5.93,5.76,137195,80631232.0,2.94,1.73,0.1,0.68,7.64,7.12,7.12,7.64,7.12,5.38,4.34,2.26,0.87,1.22,5.77,5.93,6.11,6.28,0.68,2.38,0.85,1.7,2.72,0.51,-1.19,-2.21,-3.74,-0.85
2024-06-13,601519,5.89,5.85,5.93,5.84,79374,46616791.0,1.53,-0.68,-0.04,0.4,5.65,5.65,6.16,5.65,3.94,2.91,0.86,-0.51,-0.17,1.54,5.77,5.9,6.09,6.25,3.08,1.54,2.39,3.42,1.2,-0.51,-1.54,-3.08,-0.17,-0.17
2024-06-14,601519,5.83,5.94,6.03,5.75,219914,129833706.0,4.79,1.54,0.09,1.1,7.3,7.83,7.3,5.57,4.52,2.43,1.04,1.39,3.13,3.13,5.84,5.88,6.07,6.22,0.0,0.84,1.85,-0.34,-2.02,-3.03,-4.55,-1.68,-1.68,-2.53
2024-06-17,601519,5.88,5.89,5.94,5.81,124104,72910876.0,2.19,-0.84,-0.05,0.62,6.71,6.2,4.48,3.44,1.38,0.0,0.34,2.07,2.07,3.79,5.87,5.86,6.04,6.19,1.7,2.72,0.51,-1.19,-2.21,-3.74,-0.85,-0.85,-1.7,-4.24
2024-06-18,601519,5.89,5.96,5.99,5.86,111441,66316530.0,2.21,1.19,0.07,0.56,5.29,3.58,2.56,0.51,-0.85,-0.51,1.19,1.19,2.9,1.37,5.91,5.85,6.02,6.17,1.51,-0.67,-2.35,-3.36,-4.87,-2.01,-2.01,-2.85,-5.37,-3.52
2024-06-19,601519,6.02,5.9,6.05,5.9,107349,63886027.0,2.52,-1.01,-0.06,0.54,2.88,1.86,-0.17,-1.53,-1.19,0.51,0.51,2.2,0.68,1.53,5.91,5.84,5.99,6.14,0.34,-1.36,-2.37,-3.9,-1.02,-1.02,-1.86,-4.41,-2.54,-3.05
2024-06-20,601519,5.87,5.77,5.92,5.76,92933,54046266.0,2.71,-2.2,-0.13,0.46,4.34,2.26,0.87,1.22,2.95,2.95,4.69,3.12,3.99,5.03,5.89,5.83,5.96,6.12,0.87,-0.17,-1.73,1.21,1.21,0.35,-2.25,-0.35,-0.87,-1.21
2024-06-21,601519,5.78,5.76,5.82,5.71,71555,41195229.0,1.91,-0.17,-0.01,0.36,3.15,1.75,2.1,3.85,3.85,5.6,4.03,4.9,5.95,3.68,5.86,5.85,5.94,6.09,0.0,-1.56,1.39,1.39,0.52,-2.08,-0.17,-0.69,-1.04,-2.43
2024-06-24,601519,5.66,5.64,5.76,5.58,121923,69073811.0,3.13,-2.08,-0.12,0.61,4.12,4.48,6.27,6.27,8.06,6.45,7.35,8.42,6.09,4.3,5.81,5.84,5.92,6.07,0.53,3.55,3.55,2.66,0.0,1.95,1.42,1.06,-0.35,-0.89
2024-06-25,601519,5.64,5.52,5.67,5.46,140253,77938459.0,3.72,-2.13,-0.12,0.7,6.78,8.61,8.61,10.44,8.79,9.71,10.81,8.42,6.59,5.49,5.72,5.81,5.88,6.03,5.8,5.8,4.89,2.17,4.17,3.62,3.26,1.81,1.27,-0.54
2024-06-26,601519,5.5,5.82,5.84,5.49,181653,103301364.0,6.34,5.43,0.3,0.91,8.01,8.01,9.84,8.2,9.11,10.2,7.83,6.01,4.92,3.28,5.7,5.8,5.87,6.01,0.34,-0.52,-3.09,-1.2,-1.72,-2.06,-3.44,-3.95,-5.67,-6.7
2024-06-27,601519,5.83,5.72,5.84,5.71,93519,53848874.0,2.23,-1.72,-0.1,0.47,3.85,5.6,4.03,4.9,5.95,3.68,1.93,0.88,-0.7,2.28,5.69,5.79,5.85,5.99,1.22,-1.4,0.52,0.0,-0.35,-1.75,-2.27,-4.02,-5.07,-1.75
2024-06-28,601519,5.71,5.56,5.79,5.52,191496,108402316.0,4.72,-2.8,-0.16,0.96,9.24,7.61,8.51,9.6,7.25,5.43,4.35,2.72,5.8,5.8,5.65,5.75,5.82,5.96,1.44,3.42,2.88,2.52,1.08,0.54,-1.26,-2.34,1.08,0.36
2024-07-01,601519,5.55,5.62,5.64,5.48,110112,61261787.0,2.88,1.08,0.06,0.55,8.39,9.31,10.4,8.03,6.2,5.11,3.47,6.57,6.57,5.66,5.65,5.73,5.79,5.94,2.31,1.78,1.42,0.0,-0.53,-2.31,-3.38,0.0,-0.71,-2.31
2024-07-02,601519,5.62,5.67,5.75,5.61,110836,63181162.0,2.49,0.89,0.05,0.55,6.77,7.84,5.53,3.74,2.67,1.07,4.1,4.1,3.21,0.53,5.68,5.7,5.77,5.91,0.88,0.53,-0.88,-1.41,-3.17,-4.23,-0.88,-1.59,-3.17,-3.17
2024-07-03,601519,5.7,5.67,5.72,5.62,85460,48524234.0,1.76,0.0,0.0,0.43,7.65,5.34,3.56,2.49,0.89,3.91,3.91,3.02,0.36,2.31,5.65,5.67,5.76,5.89,0.53,-0.88,-1.41,-3.17,-4.23,-0.88,-1.59,-3.17,-3.17,-2.47
2024-07-04,601519,5.67,5.52,5.7,5.5,97635,54453588.0,3.53,-2.65,-0.15,0.49,7.64,5.82,4.73,3.09,6.18,6.18,5.27,2.55,4.55,4.0,5.61,5.65,5.74,5.86,1.81,1.27,-0.54,-1.63,1.81,1.09,-0.54,-0.54,0.18,1.09
2024-07-05,601519,5.53,5.58,5.62,5.48,90535,50343289.0,2.54,1.09,0.06,0.45,6.2,5.11,3.47,6.57,6.57,5.66,2.92,4.93,4.38,4.01,5.61,5.63,5.74,5.84,0.18,-1.61,-2.69,0.72,0.0,-1.61,-1.61,-0.9,0.0,1.79
2024-07-08,601519,5.58,5.4,5.59,5.36,124247,67754462.0,4.12,-3.23,-0.18,0.62,7.46,5.78,8.96,8.96,8.02,5.22,7.28,6.72,6.34,4.85,5.57,5.61,5.72,5.81,1.67,0.56,4.07,3.33,1.67,1.67,2.41,3.33,5.19,7.04
2024-07-09,601519,5.38,5.45,5.49,5.27,132097,71338146.0,4.07,0.93,0.05,0.66,7.59,10.82,10.82,9.87,7.02,9.11,8.54,8.16,6.64,6.07,5.52,5.6,5.71,5.79,-0.37,3.12,2.39,0.73,0.73,1.47,2.39,4.22,6.06,5.5
2024-07-10,601519,5.38,5.34,5.43,5.17,143124,76423087.0,4.77,-2.02,-0.11,0.71,12.96,12.96,11.99,9.09,11.22,10.64,10.25,8.7,8.12,6.19,5.46,5.55,5.68,5.76,5.24,4.49,2.81,2.81,3.56,4.49,6.37,8.24,7.68,5.06
2024-07-11,601519,5.41,5.54,5.62,5.41,157365,86964766.0,3.93,3.75,0.2,0.79,7.95,7.02,4.25,6.28,5.73,5.36,3.88,3.33,1.48,0.37,5.46,5.53,5.66,5.74,0.72,-0.9,-0.9,-0.18,0.72,2.53,4.33,3.79,1.26,1.44
2024-07-12,601519,5.56,5.47,5.58,5.46,102456,56349155.0,2.17,-1.26,-0.07,0.51,6.04,3.3,5.31,4.76,4.4,2.93,2.38,0.55,-0.55,2.93,5.44,5.53,5.64,5.72,0.37,0.37,1.1,2.01,3.84,5.67,5.12,2.56,2.74,4.94
2024-07-15,601519,5.45,5.41,5.49,5.39,65064,35283714.0,1.83,-1.1,-0.06,0.32,4.64,6.68,6.12,5.75,4.27,3.71,1.86,0.74,4.27,3.53,5.44,5.5,5.62,5.7,1.48,2.22,3.14,4.99,6.84,6.28,3.7,3.88,6.1,0.0
2024-07-16,601519,5.42,5.46,5.49,5.4,74567,40729654.0,1.66,0.92,0.05,0.37,6.48,5.93,5.56,4.07,3.52,1.67,0.56,4.07,3.33,1.67,5.44,5.48,5.59,5.68,1.28,2.2,4.03,5.86,5.31,2.75,2.93,5.13,0.0,0.0
2024-07-17,601519,5.46,5.48,5.53,5.45,85492,46978557.0,1.47,0.37,0.02,0.43,4.95,4.59,3.12,2.57,0.73,-0.37,3.12,2.39,0.73,0.73,5.47,5.46,5.57,5.66,1.82,3.65,5.47,4.93,2.37,2.55,4.74,0.0,0.0,0.0
2024-07-18,601519,5.44,5.58,5.58,5.39,152890,84164402.0,3.47,1.82,0.1,0.76,5.75,4.27,3.71,1.86,0.74,4.27,3.53,1.86,1.86,2.6,5.48,5.47,5.56,5.65,1.79,3.58,3.05,0.54,0.72,2.87,0.0,0.0,0.0,0.0
2024-07-19,601519,5.56,5.66,5.68,5.54,133385,75078105.0,2.51,1.43,0.08,0.67,1.44,0.9,-0.9,-1.99,1.44,0.72,-0.9,-0.9,-0.18,0.72,5.52,5.48,5.56,5.65,2.12,1.59,-0.88,-0.71,1.41,0.0,0.0,0.0,0.0,0.0
2024-07-22,601519,5.74,5.7,5.78,5.64,141839,80976592.0,2.47,0.71,0.04,0.71,-0.89,-2.66,-3.72,-0.35,-1.06,-2.66,-2.66,-1.95,-1.06,0.71,5.58,5.51,5.56,5.65,0.88,-1.58,-1.4,0.7,0.0,0.0,0.0,0.0,0.0,0.0
2024-07-23,601519,5.66,5.61,5.75,5.6,116964,66501345.0,2.63,-1.58,-0.09,0.58,-1.96,-3.04,0.36,-0.36,-1.96,-1.96,-1.25,-0.36,1.43,3.21,5.61,5.52,5.56,5.65,0.0,0.18,2.32,0.0,0.0,0.0,0.0,0.0,0.0,0.0
2024-07-24,601519,5.59,5.46,5.61,5.44,124132,68424230.0,3.03,-2.67,-0.15,0.62,-0.18,3.31,2.57,0.92,0.92,1.65,2.57,4.41,6.25,5.7,5.6,5.54,5.55,5.63,2.93,5.13,0.0,0.0,0.0,0.0,0.0,0.0,0.0,0.0
2024-07-25,601519,5.46,5.58,5.62,5.43,120159,66828514.0,3.48,2.2,0.12,0.6,3.5,2.76,1.1,1.1,1.84,2.76,4.6,6.45,5.89,3.31,5.6,5.54,5.54,5.62,2.87,0.0,0.0,0.0,0.0,0.0,0.0,0.0,0.0,0.0
2024-07-26,601519,5.57,5.66,5.74,5.55,113455,64309613.0,3.41,1.43,0.08,0.57,0.54,-1.08,-1.08,-0.36,0.54,2.34,4.14,3.6,1.08,1.26,5.6,5.56,5.54,5.61,0.0,0.0,0.0,0.0,0.0,0.0,0.0,0.0,0.0,0.0
