日期,股票代码,开盘,收盘,最高,最低,成交量,成交额,振幅,涨跌幅,涨跌额,换手率,d-10,d-9,d-8,d-7,d-6,d-5,d-4,d-3,d-2,d-1,5日均,10日均,20日均,30日均,d1,d2,d3,d4,d5,d6,d7,d8,d9,d10
2015-03-17,831961,30.0,80.0,80.0,30.0,540,3559710.0,224.11,258.58,57.69,0.58,0.0,0.0,0.0,0.0,0.0,0.0,0.0,0.0,0.0,0.0,80.0,80.0,80.0,80.0,-2.5,-5.0,-5.37,-7.5,-8.77,-13.3,-15.14,-24.35,-31.25,-34.98
2015-03-18,831961,76.95,75.0,78.0,74.56,250,1910370.0,4.3,-6.25,-5.0,0.27,0.0,0.0,0.0,0.0,0.0,0.0,0.0,0.0,0.0,7.3,77.5,77.5,77.5,77.5,1.33,0.93,-1.33,-2.69,-7.52,-9.48,-19.31,-26.67,-30.64,-28.4
2015-03-19,831961,76.0,73.0,76.0,73.0,170,1261530.0,4.0,-2.67,-2.0,0.18,0.0,0.0,0.0,0.0,0.0,0.0,0.0,0.0,9.59,6.85,76.0,76.0,76.0,76.0,3.7,1.37,-0.03,-4.99,-7.0,-17.1,-24.66,-28.74,-26.44,-26.03
2015-03-20,831961,71.9,74.0,75.7,71.9,80,588190.0,5.21,1.37,1.0,0.09,0.0,0.0,0.0,0.0,0.0,0.0,0.0,11.27,8.48,5.7,75.5,75.5,75.5,75.5,0.0,-1.38,-6.27,-8.26,-18.22,-25.68,-29.7,-27.43,-27.03,-13.23
2015-03-23,831961,73.0,72.64,74.0,71.94,210,1527040.0,2.78,-1.84,-1.36,0.23,0.0,0.0,0.0,0.0,0.0,0.0,11.2,8.42,5.64,5.23,74.93,74.93,74.93,74.93,0.47,-4.52,-6.54,-16.69,-24.28,-28.39,-26.07,-25.66,-11.61,-0.19
2015-03-24,831961,72.59,72.98,72.98,71.0,60,432830.0,2.73,0.47,0.34,0.06,0.0,0.0,0.0,0.0,0.0,12.68,9.86,7.04,6.62,4.23,73.52,74.6,74.6,74.6,-4.96,-6.97,-17.07,-24.64,-28.72,-26.42,-26.01,-12.02,-0.66,-7.95
2015-03-25,831961,69.36,67.6,69.36,66.0,330,2220420.0,4.6,-7.37,-5.38,0.36,0.0,0.0,0.0,0.0,21.21,18.18,15.15,14.7,12.12,10.58,72.04,73.6,73.6,73.6,0.43,-10.47,-18.64,-23.05,-20.56,-20.12,-5.01,7.25,-0.62,-2.37
2015-03-26,831961,66.6,61.75,67.89,58.9,480,3005210.0,13.3,-8.65,-5.85,0.52,0.0,0.0,0.0,35.82,32.43,29.03,28.52,25.64,23.9,17.76,69.79,72.12,72.12,72.12,-1.99,-10.93,-15.76,-13.04,-12.55,3.98,17.41,8.79,6.88,-0.13
2015-03-27,831961,60.52,55.58,60.52,55.0,390,2205770.0,8.94,-9.99,-6.17,0.42,0.0,0.0,45.45,41.82,38.18,37.64,34.55,32.69,26.11,23.44,66.11,70.28,70.28,70.28,-1.04,-6.41,-3.38,-2.84,15.53,30.44,20.87,18.75,10.96,10.96
2015-03-30,831961,54.15,49.65,55.0,49.0,2330,11844840.0,10.8,-10.67,-5.93,2.52,0.0,63.27,59.18,55.1,54.49,51.02,48.94,41.55,38.55,23.51,61.51,68.22,68.22,68.22,4.77,8.16,8.76,29.33,46.02,35.31,32.93,24.21,24.21,16.82
2015-03-31,831961,50.85,51.0,52.02,48.9,1850,9323900.0,6.28,2.72,1.35,2.0,63.6,59.51,55.42,54.81,51.33,49.24,41.84,38.83,23.76,12.47,57.12,65.32,66.65,66.65,5.29,5.88,25.9,42.16,31.73,29.41,20.92,20.92,13.73,15.57
2015-04-01,831961,51.5,53.7,53.7,50.04,4280,22074190.0,7.18,5.29,2.7,4.62,55.88,51.88,51.28,47.88,45.84,38.61,35.67,20.94,9.91,3.96,54.34,63.19,65.58,65.58,0.56,19.57,35.01,25.1,22.91,14.84,14.84,8.01,9.76,9.11
2015-04-02,831961,52.0,52.96,54.0,51.31,4220,22172880.0,5.01,-1.38,-0.74,4.56,48.12,47.53,44.22,42.23,35.18,32.31,17.95,7.19,1.38,4.66,52.58,61.19,64.6,64.6,21.24,36.9,26.85,24.62,16.45,16.45,9.52,11.29,10.63,12.59
2015-04-03,831961,53.6,64.21,64.21,52.5,3410,19289270.0,22.11,21.24,11.25,3.68,44.19,40.95,39.01,32.11,29.31,15.28,4.76,-0.91,2.29,2.86,54.3,60.21,64.58,64.58,12.91,4.63,2.79,-3.96,-3.96,-9.67,-8.21,-8.75,-7.13,-7.13
2015-04-07,831961,64.48,67.36,72.5,62.0,2440,16844240.0,16.35,4.91,3.15,2.64,19.35,17.71,11.87,9.5,-2.39,-11.29,-16.1,-13.39,-12.9,3.56,57.85,59.68,64.76,64.76,-0.27,-2.02,-8.45,-8.45,-13.9,-12.5,-13.02,-11.48,-11.48,-12.96
2015-04-08,831961,64.6,64.0,67.18,58.0,1090,6904200.0,13.63,-4.99,-3.36,1.18,25.83,19.59,17.05,4.34,-5.17,-10.31,-7.41,-6.9,10.71,25.0,60.45,58.78,64.71,64.71,3.12,-3.64,-3.64,-9.38,-7.91,-8.45,-6.83,-6.83,-8.39,-10.94
2015-04-09,831961,64.65,57.5,66.0,57.0,1530,9451360.0,14.06,-10.16,-6.5,1.65,21.68,19.11,6.18,-3.51,-8.74,-5.79,-5.26,12.65,27.19,17.86,61.21,57.77,64.29,64.29,7.25,7.25,0.87,2.5,1.9,3.7,3.7,1.97,-0.87,0.87
2015-04-10,831961,59.28,59.68,61.67,56.53,410,2433230.0,8.94,3.79,2.18,0.44,20.1,7.06,-2.71,-7.98,-5.01,-4.48,13.59,28.25,18.84,16.75,62.55,57.56,64.03,64.03,3.33,-2.82,-1.24,-1.83,-0.08,-0.08,-1.76,-4.49,-2.82,-2.14
2015-04-13,831961,59.28,55.78,61.67,53.0,930,5341430.0,14.53,-6.53,-3.9,1.0,14.19,3.77,-1.85,1.32,1.89,21.15,36.79,26.75,24.53,16.36,60.86,57.58,63.6,63.6,3.98,5.67,5.04,6.9,6.9,5.11,2.19,3.98,4.7,3.26
2015-04-14,831961,56.0,58.0,58.0,55.12,460,2629190.0,5.16,3.98,2.22,0.5,-0.22,-5.62,-2.58,-2.03,16.49,31.53,21.88,19.74,11.88,11.88,58.99,58.42,63.32,63.32,1.62,1.02,2.81,2.81,1.09,-1.72,0.0,0.69,-0.69,-2.59
2015-04-15,831961,58.34,56.36,58.94,56.36,200,1147570.0,4.45,-2.83,-1.64,0.22,-7.7,-4.72,-4.19,13.93,28.64,19.2,17.1,9.42,9.42,2.91,57.46,58.96,62.14,62.99,3.96,5.8,5.8,4.03,1.14,2.91,3.62,2.2,0.25,0.83
2015-04-16,831961,58.0,58.59,58.59,55.95,140,808920.0,4.68,3.96,2.23,0.15,-4.02,-3.49,14.76,29.58,20.07,17.96,10.22,10.22,3.66,5.34,57.68,59.44,61.32,62.79,1.78,1.78,0.07,-2.71,-1.01,-0.32,-1.69,-3.57,-3.0,-2.95
2015-04-17,831961,59.63,59.63,59.63,59.63,80,477040.0,0.0,1.78,1.04,0.09,-9.44,7.68,21.58,12.66,10.68,3.42,3.42,-2.73,-1.16,-1.74,57.67,60.11,60.65,62.65,0.0,-1.68,-4.41,-2.73,-2.06,-3.4,-5.25,-4.7,-4.65,-1.06
2015-04-20,831961,57.51,58.0,59.63,56.92,260,1531720.0,4.54,-2.73,-1.63,0.28,12.81,27.37,18.03,15.95,8.35,8.35,1.9,3.55,2.93,4.76,58.12,59.49,59.85,62.46,1.09,-1.72,0.0,0.69,-0.69,-2.59,-2.02,-1.97,1.72,-1.72
2015-04-21,831961,56.81,56.4,58.63,56.01,180,1021620.0,4.52,-2.76,-1.6,0.19,29.44,19.94,17.84,10.11,10.11,3.55,5.23,4.61,6.46,6.46,57.8,58.39,59.04,62.21,1.06,2.84,3.55,2.13,0.18,0.76,0.82,4.61,1.06,-0.44
2015-04-22,831961,55.95,56.5,57.0,53.95,190,1061570.0,5.41,0.18,0.1,0.21,24.52,22.34,14.31,14.31,7.51,9.25,8.6,10.53,10.53,8.67,57.82,57.64,58.21,62.0,2.65,3.36,1.95,0.0,0.58,0.64,4.42,0.88,-0.62,-4.11
2015-04-23,831961,54.99,58.0,58.0,54.99,250,1402360.0,5.33,2.65,1.5,0.27,20.02,12.15,12.15,5.47,7.18,6.55,8.44,8.44,6.62,3.66,57.71,57.69,57.73,61.85,0.69,-0.69,-2.59,-2.02,-1.97,1.72,-1.72,-3.19,-6.59,-10.55
2015-04-24,831961,56.66,55.53,58.4,55.53,240,1381810.0,4.95,-4.26,-2.47,0.26,11.06,11.06,4.45,6.14,5.51,7.38,7.38,5.58,2.65,4.45,56.89,57.28,57.42,61.62,3.73,1.75,2.34,2.4,6.25,2.65,1.12,-2.43,-6.57,-12.84
2015-04-27,831961,56.1,55.0,57.6,55.0,250,1425110.0,4.68,-0.95,-0.53,0.27,12.13,5.45,7.16,6.53,8.42,8.42,6.6,3.64,5.45,6.18,56.29,57.2,57.39,61.39,2.73,3.33,3.38,7.27,3.64,2.09,-1.49,-5.67,-12.0,-13.65
2015-04-28,831961,54.8,55.0,56.5,53.68,180,989520.0,5.13,0.0,0.0,0.19,8.05,9.8,9.15,11.08,11.08,9.22,6.18,8.05,8.79,7.3,56.01,56.9,57.66,61.18,3.33,3.38,7.27,3.64,2.09,-1.49,-5.67,-12.0,-13.65,-16.87
2015-04-29,831961,54.51,56.83,56.83,54.15,70,385050.0,4.87,3.33,1.83,0.08,8.85,8.2,10.12,10.12,8.27,5.26,7.11,7.85,6.37,4.34,56.07,56.95,57.95,60.41,0.05,3.82,0.3,-1.2,-4.66,-8.71,-14.83,-16.43,-19.55,-17.16
2015-04-30,831961,54.71,56.86,56.86,54.71,70,390090.0,3.78,0.05,0.03,0.08,7.09,8.99,8.99,7.17,4.19,6.01,6.74,5.28,3.27,3.87,55.84,56.78,58.11,59.8,3.76,0.25,-1.25,-4.71,-8.76,-14.88,-16.48,-19.59,-17.2,-16.78
2015-05-04,831961,54.91,56.05,59.0,54.67,300,1721130.0,7.62,-1.42,-0.81,0.32,9.07,9.07,7.24,4.26,6.09,6.82,5.36,3.35,3.95,4.01,55.95,56.42,58.26,59.24,1.69,0.18,-3.34,-7.44,-13.65,-15.27,-18.43,-16.0,-15.58,-12.58
2015-05-05,831961,56.56,55.5,57.0,54.91,90,502030.0,3.73,-0.98,-0.55,0.1,8.6,6.77,3.81,5.63,6.36,4.9,2.9,3.5,3.55,7.45,56.05,56.17,57.83,58.62,1.17,-2.38,-6.52,-12.79,-14.43,-17.62,-15.17,-14.74,-11.71,-12.2
2015-05-06,831961,55.4,55.0,56.15,53.39,150,822560.0,4.97,-0.9,-0.5,0.16,9.81,6.76,8.63,9.38,7.89,5.83,6.44,6.5,10.51,6.76,56.05,56.03,57.21,58.03,-1.49,-5.67,-12.0,-13.65,-16.87,-14.4,-13.96,-10.91,-11.4,-12.73
2015-05-07,831961,53.78,51.7,54.18,50.95,350,1843360.0,5.87,-6.0,-3.3,0.38,11.87,13.84,14.62,13.05,10.89,11.54,11.6,15.8,11.87,10.21,55.02,55.55,56.6,57.32,0.35,-6.38,-8.14,-11.57,-8.94,-8.47,-5.22,-5.74,-7.16,-5.73
2015-05-08,831961,49.91,50.07,51.88,49.0,290,1448800.0,5.57,-3.15,-1.63,0.31,18.37,19.18,17.55,15.31,15.98,16.04,20.41,16.33,14.59,10.57,53.66,54.75,56.22,56.74,-3.34,-5.15,-8.69,-5.97,-5.49,-2.14,-2.68,-4.13,-2.66,-2.66
2015-05-11,831961,48.4,47.72,48.4,44.65,310,1458180.0,7.49,-4.69,-2.35,0.33,30.8,29.0,26.54,27.28,27.35,32.14,27.66,25.76,21.34,16.19,52.0,53.97,55.63,56.27,-0.48,-4.19,-1.34,-0.84,2.68,2.12,0.59,2.14,2.14,3.16
2015-05-12,831961,45.8,45.55,47.49,45.32,130,597100.0,4.55,-4.55,-2.17,0.14,27.1,24.67,25.4,25.46,30.19,25.77,23.9,19.55,14.47,6.8,50.01,53.03,55.11,55.94,0.37,3.36,3.89,7.57,6.98,5.38,7.0,7.0,8.08,8.01
2015-05-13,831961,45.47,45.69,45.72,45.02,260,1180410.0,1.54,0.31,0.14,0.28,25.5,26.23,26.3,31.05,26.61,24.72,20.35,15.24,7.51,5.49,48.15,52.1,54.5,55.81,3.04,3.57,7.24,6.65,5.06,6.68,6.68,7.75,7.68,8.56
2015-05-14,831961,45.93,46.85,47.08,45.71,260,1205580.0,3.0,2.54,1.16,0.28,24.33,24.39,29.07,24.7,22.84,18.53,13.5,5.88,3.89,0.02,47.18,51.1,54.02,55.67,1.0,4.59,4.01,2.45,4.03,4.03,5.08,5.02,5.87,4.59
2015-05-15,831961,46.62,47.32,47.32,44.75,230,1072760.0,5.49,1.0,0.47,0.25,27.06,31.84,27.37,25.47,21.07,15.93,8.16,6.12,2.17,5.21,46.63,50.14,53.46,55.45,3.55,2.98,1.44,3.0,3.0,4.04,3.97,4.82,3.55,4.02
2015-05-18,831961,48.97,47.8,49.0,47.5,190,911330.0,3.17,1.01,0.48,0.21,24.21,20.0,18.21,14.06,9.22,1.89,-0.02,-3.75,-0.88,-0.38,46.64,49.32,52.87,55.28,1.95,0.42,1.97,1.97,2.99,2.93,3.77,2.51,2.97,1.99
2015-05-19,831961,47.34,48.0,48.73,47.03,250,1195060.0,3.56,0.42,0.2,0.27,21.2,19.39,15.2,10.31,2.91,0.98,-2.79,0.11,0.62,4.19,47.13,48.57,52.37,54.74,0.0,1.54,1.54,2.56,2.5,3.33,2.08,2.54,1.56,1.56
2015-05-20,831961,46.87,46.87,48.0,46.87,100,474280.0,2.35,-2.35,-1.13,0.11,19.8,15.6,10.69,3.26,1.32,-2.45,0.45,0.96,4.54,3.97,47.37,47.76,51.89,54.06,3.99,3.99,5.04,4.97,5.82,4.54,5.01,4.01,4.01,0.02
2015-05-21,831961,48.67,47.34,48.74,47.34,50,240920.0,2.99,1.0,0.47,0.05,14.45,9.59,2.24,0.32,-3.42,-0.55,-0.04,3.51,2.94,1.39,47.47,47.32,51.43,53.5,2.96,3.99,3.93,4.77,3.51,3.97,2.98,2.98,-0.97,-65.34
2015-05-22,831961,48.74,47.34,48.74,47.34,40,190760.0,2.96,0.0,0.0,0.04,9.59,2.24,0.32,-3.42,-0.55,-0.04,3.51,2.94,1.39,2.96,47.47,47.05,50.9,53.17,3.99,3.93,4.77,3.51,3.97,2.98,2.98,-0.97,-65.34,-64.83
2015-05-25,831961,48.74,48.8,49.23,47.83,160,780180.0,2.96,3.08,1.46,0.17,1.19,-0.71,-4.41,-1.57,-1.07,2.45,1.88,0.36,1.9,1.9,47.67,47.16,50.56,52.8,0.82,1.64,0.41,0.86,-0.1,-0.1,-3.93,-66.37,-65.88,-66.05
2015-05-26,831961,47.81,48.0,49.2,19.2,190,852110.0,61.48,-1.64,-0.8,0.21,147.34,138.12,145.21,146.46,155.21,153.8,150.0,153.85,153.85,156.41,47.67,47.4,50.21,52.54,3.33,2.08,2.54,1.56,1.56,-2.33,-65.81,-65.31,-65.48,-65.1
2015-05-27,831961,49.23,49.6,49.6,47.5,160,778210.0,4.38,3.33,1.6,0.17,-3.75,-0.88,-0.38,3.16,2.59,1.05,2.61,2.61,3.64,3.58,48.22,47.79,49.94,52.26,-1.21,-0.77,-1.71,-1.71,-5.48,-66.92,-66.43,-66.59,-66.23,-66.63
2015-05-28,831961,48.5,48.0,49.0,48.0,50,241500.0,2.02,-3.23,-1.6,0.05,-1.92,-1.42,2.08,1.52,0.0,1.54,1.54,2.56,2.5,3.33,48.35,47.91,49.5,51.98,2.54,1.56,1.56,-2.33,-65.81,-65.31,-65.48,-65.1,-65.52,-65.6
2015-05-29,831961,47.82,48.0,49.22,47.82,100,479780.0,2.92,0.0,0.0,0.11,-1.05,2.47,1.9,0.38,1.92,1.92,2.95,2.89,3.72,2.47,48.48,47.98,49.06,51.63,1.56,1.56,-2.33,-65.81,-65.31,-65.48,-65.1,-65.52,-65.6,-65.44
2015-06-01,831961,47.35,46.88,48.75,46.88,180,854160.0,3.9,-2.33,-1.12,0.19,4.52,3.95,2.39,3.97,3.97,5.01,4.95,5.8,4.52,4.99,48.1,47.88,48.6,51.21,3.99,0.0,-65.0,-64.48,-64.65,-64.27,-64.7,-64.78,-64.61,-64.61
2015-06-02,831961,46.88,48.75,48.75,46.8,160,753370.0,4.16,3.99,1.87,0.17,4.12,2.56,4.15,4.15,5.19,5.13,5.98,4.7,5.17,4.17,48.25,47.96,48.26,50.9,-3.84,-66.34,-65.85,-66.01,-65.64,-66.05,-66.13,-65.97,-65.97,-66.3
2015-06-03,831961,46.88,46.88,46.88,46.88,20,93760.0,0.0,-3.84,-1.87,0.02,2.39,3.97,3.97,5.01,4.95,5.8,4.52,4.99,3.99,3.99,47.7,47.96,47.86,50.58,-65.0,-64.48,-64.65,-64.27,-64.7,-64.78,-64.61,-64.61,-64.95,-64.76
2015-06-04,831961,16.25,16.41,16.41,15.88,180,293080.0,1.13,-65.0,-30.47,0.06,206.93,206.93,210.01,209.82,212.34,208.56,209.95,206.99,206.99,195.21,41.38,44.87,46.09,49.24,1.46,0.98,2.07,0.85,0.61,1.1,1.1,0.12,0.67,-0.85
2015-06-05,831961,16.58,16.17,16.65,16.06,110,180440.0,3.6,-1.46,-0.24,0.04,203.49,206.54,206.35,208.84,205.11,206.48,203.55,203.55,191.91,2.18,35.02,41.75,44.4,47.85,2.47,3.59,2.35,2.1,2.6,2.6,1.61,2.16,0.62,1.86
2015-06-08,831961,16.11,16.57,16.57,16.11,320,520170.0,2.84,2.47,0.4,0.12,205.59,205.4,207.88,204.16,205.52,202.61,202.61,191.0,1.86,3.35,28.96,38.53,42.84,46.55,1.09,-0.12,-0.36,0.12,0.12,-0.84,-0.3,-1.81,-0.6,-1.09
2015-06-09,831961,16.11,16.57,16.75,15.95,440,712360.0,4.83,0.0,0.0,0.16,208.46,210.97,207.21,208.59,205.64,205.64,193.92,2.88,4.39,3.89,22.52,35.38,41.39,45.27,-0.12,-0.36,0.12,0.12,-0.84,-0.3,-1.81,-0.6,-1.09,-0.66
2015-06-10,831961,16.11,16.55,16.55,15.95,250,402490.0,3.62,-0.12,-0.02,0.09,210.97,207.21,208.59,205.64,205.64,193.92,2.88,4.39,3.89,5.02,16.45,32.08,39.93,43.99,-0.24,0.24,0.24,-0.73,-0.18,-1.69,-0.48,-0.97,-0.54,-4.29
2015-06-11,831961,15.95,16.51,16.51,15.91,230,369010.0,3.63,-0.24,-0.04,0.08,207.98,209.37,206.41,206.41,194.66,3.14,4.65,4.15,5.28,4.02,16.47,28.93,38.42,42.64,0.48,0.48,-0.48,0.06,-1.45,-0.24,-0.73,-0.3,-4.06,-3.09
2015-06-12,831961,15.96,15.96,16.59,15.96,340,554730.0,3.82,-3.33,-0.55,0.12,208.4,205.45,205.45,193.73,2.82,4.32,3.82,4.95,3.7,3.45,16.43,25.73,36.85,41.28,3.95,2.94,3.51,1.94,3.2,2.69,3.13,-0.75,0.25,1.07
2015-06-15,831961,16.59,16.59,16.59,15.96,290,469450.0,3.95,3.95,0.63,0.1,205.45,205.45,193.73,2.82,4.32,3.82,4.95,3.7,3.45,3.95,16.44,22.7,35.29,39.97,-0.96,-0.42,-1.93,-0.72,-1.21,-0.78,-4.52,-3.56,-2.77,-2.95
2015-06-16,831961,15.96,15.81,16.43,15.81,240,382610.0,3.74,-4.7,-0.78,0.09,208.35,196.52,3.8,5.31,4.81,5.95,4.68,4.43,4.93,4.93,16.28,19.4,33.68,38.64,4.49,2.91,4.17,3.67,4.11,0.19,1.2,2.02,1.83,0.32
2015-06-17,831961,16.44,16.4,16.52,15.96,200,324950.0,3.54,3.73,0.59,0.07,193.73,2.82,4.32,3.82,4.95,3.7,3.45,3.95,3.95,2.94,16.25,16.35,32.16,37.36,-0.79,0.43,-0.06,0.37,-3.41,-2.44,-1.65,-1.83,-3.29,-3.96
2015-06-18,831961,15.81,16.26,16.27,15.66,440,700260.0,3.72,-0.85,-0.14,0.16,4.79,6.32,5.81,6.96,5.68,5.43,5.94,5.94,4.92,5.49,16.2,16.34,30.6,36.18,1.29,0.8,1.23,-2.58,-1.6,-0.8,-0.98,-2.46,-3.14,-6.52
2015-06-19,831961,16.29,16.29,16.47,15.67,330,529610.0,4.92,0.18,0.03,0.12,6.25,5.74,6.89,5.62,5.36,5.87,5.87,4.85,5.42,3.83,16.27,16.35,29.05,35.05,0.61,1.04,-2.76,-1.78,-0.98,-1.17,-2.64,-3.31,-6.69,-13.44
2015-06-23,831961,16.29,16.39,16.39,16.29,50,81750.0,0.61,0.61,0.1,0.02,1.72,2.82,1.6,1.35,1.84,1.84,0.86,1.41,-0.12,1.1,16.23,16.33,27.43,34.0,0.43,-3.36,-2.38,-1.59,-1.77,-3.23,-3.9,-7.26,-13.97,-14.4
2015-06-24,831961,16.46,16.46,16.46,16.46,10,16460.0,0.0,0.43,0.07,0.0,1.76,0.55,0.3,0.79,0.79,-0.18,0.36,-1.15,0.06,-0.43,16.36,16.32,25.85,33.04,-3.77,-2.79,-2.0,-2.19,-3.65,-4.31,-7.65,-14.34,-14.76,-23.69
2015-06-25,831961,15.84,15.83,15.84,15.83,30,47500.0,0.06,-3.83,-0.63,0.01,4.55,4.3,4.8,4.8,3.79,4.36,2.78,4.04,3.54,3.98,16.25,16.25,24.16,32.04,1.07,1.9,1.71,0.19,-0.51,-3.98,-10.93,-11.37,-20.66,-19.14
2015-06-26,831961,15.83,15.85,16.0,15.69,300,475760.0,1.96,0.13,0.02,0.11,5.23,5.74,5.74,4.72,5.29,3.7,4.97,4.46,4.91,0.96,16.16,16.18,22.56,31.01,1.77,1.58,0.06,-0.63,-4.1,-11.04,-11.48,-20.76,-19.24,-10.09
2015-06-29,831961,15.68,16.13,16.13,15.53,170,267160.0,3.79,1.77,0.28,0.06,6.83,6.83,5.8,6.37,4.76,6.05,5.54,5.99,2.0,3.03,16.13,16.2,20.96,29.97,-0.19,-1.67,-2.36,-5.77,-12.59,-13.02,-22.13,-20.64,-11.66,-9.11
2015-06-30,831961,16.1,15.96,16.1,15.44,720,1147360.0,4.09,-1.05,-0.17,0.26,7.45,6.41,6.99,5.38,6.67,6.15,6.61,2.59,3.63,4.47,16.05,16.14,19.42,28.91,-0.63,-1.32,-4.76,-11.65,-12.09,-21.3,-19.8,-10.71,-8.15,-4.14
2015-07-01,831961,15.86,15.86,15.86,15.72,190,299390.0,0.88,-0.63,-0.1,0.07,4.52,5.09,3.5,4.77,4.26,4.71,0.76,1.78,2.61,2.42,15.93,16.14,17.77,27.83,-0.69,-4.16,-11.1,-11.54,-20.81,-19.29,-10.15,-7.57,-3.53,2.14
2015-07-02,831961,15.62,15.75,15.75,15.44,90,140590.0,1.95,-0.69,-0.11,0.03,6.99,5.38,6.67,6.15,6.61,2.59,3.63,4.47,4.27,2.72,15.91,16.08,16.22,26.8,-3.49,-10.48,-10.92,-20.25,-18.73,-9.52,-6.92,-2.86,2.86,-5.52
2015-07-03,831961,15.18,13.89,15.2,12.73,860,1174580.0,15.68,-11.81,-1.86,0.31,27.81,29.38,28.75,29.3,24.43,25.69,26.71,26.47,24.59,23.72,15.52,15.84,16.09,25.68,1.51,1.01,-9.58,-7.85,2.59,5.54,10.15,16.63,7.13,12.89
2015-07-06,831961,13.89,14.03,14.1,13.5,600,824930.0,4.32,1.01,0.14,0.22,22.0,21.41,21.93,17.33,18.52,19.48,19.26,17.48,16.67,12.59,15.1,15.62,15.98,24.57,0.0,-10.48,-8.77,1.57,4.49,9.05,15.47,6.06,11.76,14.75
2015-07-07,831961,14.03,13.05,14.03,12.66,540,721520.0,9.76,-6.99,-0.98,0.19,29.46,30.02,25.12,26.38,27.41,27.17,25.28,24.41,20.06,11.37,14.52,15.28,15.81,23.38,-3.75,-1.92,9.2,12.34,17.24,24.14,14.02,20.15,23.37,21.07
2015-07-08,831961,12.56,11.1,12.56,9.6,1710,1826810.0,22.68,-14.94,-1.95,0.62,71.46,65.0,66.67,68.02,67.71,65.21,64.06,58.33,46.88,46.15,13.56,14.75,15.53,22.15,15.32,28.38,32.07,37.84,45.95,34.05,41.26,45.05,42.34,62.16
2015-07-09,831961,10.99,12.8,12.8,10.99,560,678870.0,16.31,15.32,1.7,0.2,44.13,45.59,46.77,46.5,44.31,43.31,38.31,28.3,27.66,14.29,12.97,14.44,15.35,20.92,11.33,14.53,19.53,26.56,16.25,22.5,25.78,23.44,40.62,38.05
2015-07-10,831961,13.05,13.6,14.25,12.59,530,706800.0,12.97,6.25,0.8,0.19,27.08,28.12,27.88,25.97,25.1,20.73,11.99,11.44,-0.24,1.67,12.92,14.22,15.2,19.78,7.79,12.5,19.12,9.41,15.29,18.38,16.18,32.35,29.93,23.82
2015-07-13,831961,14.1,14.11,14.66,13.68,350,492790.0,7.21,3.75,0.51,0.13,17.91,17.69,15.94,15.13,11.11,3.07,2.56,-8.19,-6.43,4.17,12.93,14.02,15.11,18.65,8.43,14.81,5.46,11.13,14.1,11.98,27.57,25.23,19.35,17.86
2015-07-14,831961,13.97,15.3,15.3,13.7,420,595810.0,11.34,8.43,1.19,0.15,17.52,15.77,14.96,10.95,2.92,2.41,-8.32,-6.57,4.01,7.01,13.38,13.95,15.04,17.59,5.88,-2.75,2.48,5.23,3.27,17.65,15.49,10.07,8.69,3.46
2015-07-15,831961,14.52,14.94,16.2,13.84,640,921720.0,15.42,-2.35,-0.36,0.23,14.6,13.8,9.83,1.88,1.37,-9.25,-7.51,2.96,5.92,10.55,14.15,13.86,15.0,16.47,-0.4,4.95,7.76,5.76,20.48,18.27,12.72,11.31,5.96,6.69
2015-07-16,831961,14.39,14.82,14.88,14.2,180,261320.0,4.55,-0.8,-0.12,0.06,10.92,7.04,-0.7,-1.2,-11.55,-9.86,0.35,3.24,7.75,14.08,14.55,13.76,14.92,15.4,5.8,8.64,6.61,21.46,19.23,13.63,12.21,6.82,7.56,9.58
2015-07-17,831961,14.2,15.68,15.68,14.2,200,293850.0,9.99,5.8,0.86,0.07,7.04,-0.7,-1.2,-11.55,-9.86,0.35,3.24,7.75,14.08,4.79,14.97,13.94,14.89,15.37,2.68,0.77,14.8,12.69,7.4,6.06,0.96,1.66,3.57,2.68
2015-07-20,831961,15.16,16.1,16.1,14.68,190,289780.0,9.06,2.68,0.42,0.07,-3.95,-4.43,-14.44,-12.81,-2.93,-0.14,4.22,10.35,1.36,6.81,15.37,14.15,14.88,15.37,-1.86,11.8,9.75,4.6,3.29,-1.68,-0.99,0.87,0.0,-0.93
2015-07-21,831961,14.83,15.8,15.8,14.73,360,545680.0,6.65,-1.86,-0.3,0.13,-4.75,-14.73,-13.1,-3.26,-0.48,3.87,9.98,1.02,6.45,9.3,15.47,14.43,14.85,15.35,13.92,11.84,6.58,5.25,0.19,0.89,2.78,1.9,0.95,-0.06
2015-07-22,831961,15.08,18.0,18.0,15.08,330,518420.0,18.48,13.92,2.2,0.12,-16.71,-15.12,-5.5,-2.79,1.46,7.43,-1.33,3.98,6.76,4.77,16.08,15.12,14.93,15.39,-1.83,-6.44,-7.61,-12.06,-11.44,-9.78,-10.56,-11.39,-12.28,-10.0
2015-07-23,831961,15.92,17.67,17.67,15.49,580,922630.0,12.11,-1.83,-0.33,0.21,-17.37,-8.01,-5.36,-1.23,4.58,-3.94,1.23,3.94,2.0,16.2,16.65,15.6,15.02,15.43,-4.7,-5.89,-10.41,-9.79,-8.09,-8.89,-9.73,-10.64,-8.32,-10.64
2015-07-24,831961,16.51,16.84,16.84,15.88,240,393390.0,5.43,-4.7,-0.83,0.09,-10.26,-7.68,-3.65,2.02,-6.3,-1.26,1.39,-0.5,13.35,11.27,16.88,15.93,15.07,15.44,-1.25,-6.0,-5.34,-3.56,-4.39,-5.29,-6.24,-3.8,-6.24,14.01
2015-07-27,831961,15.88,16.63,16.63,15.41,120,191140.0,7.24,-1.25,-0.21,0.04,-4.87,-0.71,5.13,-3.44,1.75,4.48,2.53,16.81,14.67,9.28,16.99,16.18,15.1,15.46,-4.81,-4.15,-2.35,-3.19,-4.09,-5.05,-2.59,-5.05,15.45,5.53
2015-07-28,831961,15.57,15.83,15.83,15.07,200,308420.0,4.57,-4.81,-0.8,0.07,1.53,7.5,-1.26,4.05,6.83,4.84,19.44,17.25,11.75,10.35,16.99,16.23,15.09,15.44,0.69,2.59,1.71,0.76,-0.25,2.34,-0.25,21.29,10.87,4.93
2015-07-29,831961,15.11,15.55,15.94,15.0,130,200400.0,5.94,-1.77,-0.28,0.05,8.0,-0.8,4.53,7.33,5.33,20.0,17.8,12.27,10.87,5.53,16.5,16.29,15.07,15.43,4.44,3.54,2.57,1.54,4.18,1.54,23.47,12.86,6.82,7.78
2015-07-30,831961,15.7,15.5,16.24,15.11,150,234220.0,7.27,-0.32,-0.05,0.05,-1.52,3.77,6.55,4.57,19.13,16.94,11.45,10.06,4.77,5.49,16.07,16.36,15.06,15.4,3.87,2.9,1.87,4.52,1.87,23.87,13.23,7.16,8.13,2.97
2015-07-31,831961,15.5,15.9,16.1,15.35,80,126030.0,4.84,2.58,0.4,0.03,2.15,4.89,2.93,17.26,15.11,9.71,8.34,3.13,3.84,5.8,15.88,16.38,15.16,15.39,0.31,-0.69,1.89,-0.69,20.75,10.38,4.47,5.41,0.38,0.63
2015-08-03,831961,15.5,15.79,15.95,15.32,230,355590.0,3.96,-0.69,-0.11,0.08,5.09,3.13,17.49,15.34,9.92,8.55,3.33,4.05,6.01,5.09,15.71,16.35,15.25,15.37,0.0,2.6,0.0,21.6,11.15,5.19,6.14,1.08,1.33,0.13
2015-08-04,831961,15.79,15.79,15.79,15.19,130,202470.0,3.8,0.0,0.0,0.05,4.02,18.5,16.33,10.86,9.48,4.21,4.94,6.91,5.99,5.0,15.71,16.35,15.39,15.35,2.6,0.0,21.6,11.15,5.19,6.14,1.08,1.33,0.13,0.06
2015-08-05,831961,15.79,15.63,16.2,15.19,290,448300.0,6.4,-1.01,-0.16,0.1,18.5,16.33,10.86,9.48,4.21,4.94,6.91,5.99,5.0,3.95,15.72,16.11,15.61,15.32,1.02,22.84,12.28,6.27,7.23,2.11,2.37,1.15,1.09,2.69
2015-08-06,831961,15.19,15.79,15.79,15.19,310,479050.0,3.84,1.02,0.16,0.11,16.33,10.86,9.48,4.21,4.94,6.91,5.99,5.0,3.95,6.65,15.78,15.93,15.76,15.32,21.6,11.15,5.19,6.14,1.08,1.33,0.13,0.06,1.65,1.33
2015-08-07,831961,15.79,19.2,19.2,15.19,340,551240.0,25.4,21.6,3.41,0.12,10.86,9.48,4.21,4.94,6.91,5.99,5.0,3.95,6.65,3.95,16.44,16.16,16.04,15.43,-8.59,-13.49,-12.71,-16.87,-16.67,-17.66,-17.71,-16.41,-16.67,-17.6
2015-08-10,831961,17.55,16.6,17.55,15.8,1220,2013450.0,9.11,-13.54,-2.6,0.44,5.25,0.19,0.89,2.78,1.9,0.95,-0.06,2.53,-0.06,21.52,16.6,16.16,16.17,15.45,0.06,0.96,-3.86,-3.61,-4.76,-4.82,-3.31,-3.61,-4.7,-6.57
2015-08-11,831961,15.98,16.28,16.61,15.67,410,660280.0,5.66,-1.93,-0.32,0.15,1.02,1.72,3.64,2.74,1.79,0.77,3.38,0.77,22.53,12.0,16.7,16.2,16.22,15.46,2.95,-1.97,-1.72,-2.89,-2.95,-1.41,-1.72,-2.83,-4.73,-12.41
2015-08-12,831961,16.29,15.2,16.76,15.16,710,1114440.0,9.83,-6.63,-1.08,0.26,5.15,7.12,6.2,5.21,4.16,6.86,4.16,26.65,15.77,9.56,16.61,16.17,16.23,15.44,5.0,5.26,4.01,3.95,5.59,5.26,4.08,2.04,-6.18,-6.97
2015-08-13,831961,15.8,15.96,15.96,15.75,100,158210.0,1.38,5.0,0.76,0.04,3.11,2.22,1.27,0.25,2.86,0.25,21.9,11.43,5.46,6.41,16.65,16.21,16.29,15.45,0.25,-0.94,-1.0,0.56,0.25,-0.88,-2.82,-10.65,-11.4,-10.09
2015-08-14,831961,15.8,15.81,16.0,15.21,460,718850.0,4.95,-0.94,-0.15,0.17,5.85,4.87,3.81,6.51,3.81,26.23,15.38,9.2,10.19,4.93,15.97,16.21,16.29,15.51,0.0,-0.06,1.52,1.2,0.06,-1.9,-9.8,-10.56,-9.23,-6.14
2015-08-17,831961,15.23,15.81,15.81,15.21,430,665510.0,3.8,0.0,0.0,0.15,4.87,3.81,6.51,3.81,26.23,15.38,9.2,10.19,4.93,5.19,15.81,16.21,16.28,15.57,-0.06,1.52,1.2,0.06,-1.9,-9.8,-10.56,-9.23,-6.14,-0.57
2015-08-18,831961,15.8,15.66,15.8,15.21,310,478020.0,3.73,-0.95,-0.15,0.11,3.81,6.51,3.81,26.23,15.38,9.2,10.19,4.93,5.19,3.94,15.69,16.19,16.27,15.66,2.49,2.17,1.02,-0.96,-8.94,-9.71,-8.37,-5.24,0.38,-0.45
2015-08-19,831961,15.2,15.8,16.05,15.2,490,760820.0,5.43,0.89,0.14,0.18,6.58,3.88,26.32,15.46,9.28,10.26,5.0,5.26,4.01,3.95,15.81,16.21,16.16,15.81,1.27,0.13,-1.84,-9.75,-10.51,-9.18,-6.08,-0.51,-1.33,-2.28
2015-08-20,831961,15.22,15.82,16.0,15.2,520,810170.0,5.06,0.13,0.02,0.19,3.88,26.32,15.46,9.28,10.26,5.0,5.26,4.01,3.95,5.59,15.78,16.21,16.07,15.91,0.0,-1.96,-9.86,-10.62,-9.29,-6.19,-0.63,-1.45,-2.4,-0.44
2015-08-21,831961,15.22,15.81,15.82,15.22,220,339590.0,3.79,-0.06,-0.01,0.08,26.15,15.31,9.13,10.12,4.86,5.12,3.88,3.81,5.45,5.12,15.78,15.88,16.02,15.99,-1.9,-9.8,-10.56,-9.23,-6.14,-0.57,-1.39,-2.34,-0.38,2.59
2015-08-24,831961,15.07,14.5,15.51,13.87,690,997160.0,10.37,-8.29,-1.31,0.25,26.53,19.75,20.84,15.07,15.36,13.99,13.91,15.72,15.36,14.06,15.52,15.67,15.91,16.0,-1.66,-2.48,-1.03,2.34,8.41,7.52,6.48,8.62,11.86,12.41
2015-08-25,831961,13.87,14.13,14.26,13.45,350,481730.0,5.59,-2.55,-0.37,0.13,23.49,24.61,18.66,18.96,17.55,17.47,19.33,18.96,17.62,15.32,15.21,15.45,15.83,15.96,0.07,1.56,5.02,11.25,10.33,9.27,11.46,14.79,15.36,15.36
2015-08-26,831961,13.6,13.8,14.14,13.6,370,513530.0,3.82,-2.34,-0.33,0.13,23.24,17.35,17.65,16.25,16.18,18.01,17.65,16.32,14.04,4.85,14.81,15.31,15.74,15.92,3.99,7.54,13.91,12.97,11.88,14.13,17.54,18.12,18.12,17.61
2015-08-27,831961,13.8,13.92,14.35,13.53,270,373560.0,5.94,0.87,0.12,0.1,17.96,18.26,16.85,16.78,18.63,18.26,16.93,14.63,5.4,4.51,14.43,15.11,15.66,15.89,6.61,12.93,12.0,10.92,13.15,16.52,17.1,17.1,16.59,16.59
2015-08-28,831961,13.91,14.84,14.84,13.91,310,444740.0,6.68,6.61,0.92,0.11,15.03,13.66,13.59,15.38,15.03,13.73,11.5,2.52,1.65,3.16,14.24,15.01,15.61,15.87,5.93,5.05,4.04,6.13,9.3,9.84,9.84,9.37,9.37,11.52
2015-08-31,831961,14.76,15.2,15.72,14.76,230,345730.0,6.47,2.43,0.36,0.08,7.11,7.05,8.74,8.4,7.18,5.08,-3.39,-4.2,-2.78,0.54,14.38,14.95,15.58,15.84,2.57,1.58,3.62,6.71,7.24,7.24,6.78,6.78,8.88,8.09
2015-09-01,831961,15.0,15.44,15.59,14.85,340,513490.0,4.87,1.58,0.24,0.12,6.4,8.08,7.74,6.53,4.44,-3.97,-4.78,-3.37,-0.07,5.86,14.64,14.93,15.56,15.82,0.0,2.01,5.05,5.57,5.57,5.12,5.12,7.19,6.41,4.92
2015-09-02,831961,15.28,15.4,15.44,14.85,280,423920.0,3.82,-0.26,-0.04,0.1,8.08,7.74,6.53,4.44,-3.97,-4.78,-3.37,-0.07,5.86,4.98,14.96,14.89,15.55,15.74,2.27,5.32,5.84,5.84,5.39,5.39,7.47,6.69,5.19,3.9
2015-09-07,831961,15.44,15.74,15.75,15.44,230,358350.0,2.01,2.21,0.34,0.08,3.63,2.46,0.45,-7.64,-8.42,-7.06,-3.89,1.81,0.97,0.0,15.32,14.88,15.55,15.67,3.05,3.56,3.56,3.11,3.11,5.15,4.38,2.92,1.65,1.65
2015-09-08,831961,15.75,16.21,16.22,15.62,560,890940.0,3.81,2.99,0.47,0.2,1.28,-0.7,-8.71,-9.48,-8.13,-4.99,0.64,-0.19,-1.15,0.83,15.6,14.92,15.4,15.65,0.56,0.56,0.12,0.12,2.1,1.36,-0.06,-1.3,-1.3,-1.67
2015-09-09,831961,16.23,16.23,16.3,15.61,310,494170.0,4.26,0.12,0.02,0.11,-0.64,-8.65,-9.42,-8.07,-4.93,0.7,-0.13,-1.09,0.9,3.91,15.8,15.09,15.38,15.64,0.43,0.0,0.0,1.97,1.23,-0.18,-1.42,-1.42,-1.79,1.17
2015-09-10,831961,15.61,16.23,16.3,15.61,190,302230.0,4.25,0.0,0.0,0.07,-8.65,-9.42,-8.07,-4.93,0.7,-0.13,-1.09,0.9,3.91,4.42,15.96,15.3,15.38,15.65,0.0,0.0,1.97,1.23,-0.18,-1.42,-1.42,-1.79,1.17,0.12
2015-09-11,831961,15.61,16.23,16.23,15.49,690,1094710.0,4.56,0.0,0.0,0.25,-8.72,-7.36,-4.2,1.48,0.65,-0.32,1.68,4.71,5.23,5.23,16.13,15.54,15.43,15.67,0.0,1.97,1.23,-0.18,-1.42,-1.42,-1.79,1.17,0.12,-0.86
2015-09-14,831961,15.61,16.23,16.23,15.49,200,315990.0,4.56,0.0,0.0,0.07,-7.36,-4.2,1.48,0.65,-0.32,1.68,4.71,5.23,5.23,4.78,16.23,15.78,15.44,15.7,1.97,1.23,-0.18,-1.42,-1.42,-1.79,1.17,0.12,-0.86,-1.79
2015-09-15,831961,15.61,16.55,16.55,15.61,130,208410.0,5.79,1.97,0.32,0.05,-4.93,0.7,-0.13,-1.09,0.9,3.91,4.42,4.42,3.97,3.97,16.29,15.95,15.48,15.72,-0.73,-2.11,-3.32,-3.32,-3.69,-0.79,-1.81,-2.78,-3.69,-4.65
2015-09-16,831961,15.8,16.09,16.43,15.61,440,700650.0,4.95,-2.78,-0.46,0.16,0.7,-0.13,-1.09,0.9,3.91,4.42,4.42,3.97,3.97,6.02,16.27,16.04,15.49,15.73,0.68,-0.56,-0.56,-0.93,2.05,0.99,0.0,-0.93,-1.93,-2.86
2015-09-17,831961,15.49,15.94,16.2,15.47,240,377180.0,4.54,-0.93,-0.15,0.09,0.78,-0.19,1.81,4.85,5.37,5.37,4.91,4.91,6.98,6.21,16.21,16.09,15.51,15.74,0.38,0.38,0.0,3.01,1.94,0.94,0.0,-1.0,-1.94,-2.89
2015-09-18,831961,15.34,16.0,16.0,15.34,200,311840.0,4.14,0.38,0.06,0.07,0.65,2.67,5.74,6.26,6.26,5.8,5.8,7.89,7.11,5.61,16.16,16.15,15.52,15.75,0.0,-0.38,2.63,1.56,0.56,-0.38,-1.38,-2.31,-3.25,-2.0
2015-09-21,831961,15.79,15.79,16.0,15.35,160,250830.0,4.06,-1.31,-0.21,0.06,2.61,5.67,6.19,6.19,5.73,5.73,7.82,7.04,5.54,4.23,16.07,16.15,15.51,15.75,0.95,3.99,2.91,1.9,0.95,-0.06,-1.01,-1.96,-0.7,-0.06
2015-09-22,831961,15.79,15.79,15.94,15.15,360,556460.0,5.0,0.0,0.0,0.13,7.06,7.59,7.59,7.13,7.13,9.24,8.45,6.93,5.61,5.61,15.92,16.11,15.51,15.63,3.99,2.91,1.9,0.95,-0.06,-1.01,-1.96,-0.7,-0.06,-0.06
2015-09-23,831961,15.79,16.42,16.42,15.79,80,128820.0,3.99,3.99,0.63,0.03,3.23,3.23,2.79,2.79,4.81,4.05,2.6,1.33,1.33,0.95,15.99,16.13,15.61,15.63,-1.04,-2.01,-2.92,-3.9,-4.81,-5.72,-4.51,-3.9,-3.9,-4.08
2015-09-24,831961,15.79,16.09,16.25,15.48,330,521730.0,4.69,-2.01,-0.33,0.12,5.3,4.84,4.84,6.91,6.14,4.65,3.36,3.36,2.97,6.07,16.02,16.11,15.71,15.62,0.0,-0.93,-1.93,-2.86,-3.79,-2.55,-1.93,-1.93,-2.11,-1.8
2015-09-25,831961,16.09,15.93,16.09,15.33,380,591240.0,4.72,-0.99,-0.16,0.14,5.87,5.87,7.96,7.18,5.68,4.37,4.37,3.98,7.11,6.0,16.0,16.08,15.81,15.65,0.06,-0.94,-1.88,-2.82,-1.57,-0.94,-0.94,-1.13,-0.82,0.44
2015-09-28,831961,15.4,15.94,15.94,15.3,320,496100.0,4.02,0.06,0.01,0.12,6.08,8.17,7.39,5.88,4.58,4.58,4.18,7.32,6.21,5.16,16.03,16.05,15.91,15.65,-1.0,-1.94,-2.89,-1.63,-1.0,-1.0,-1.19,-0.88,0.38,-1.44
2015-09-29,831961,15.33,15.62,15.78,15.18,360,552060.0,3.76,-2.01,-0.32,0.13,9.03,8.23,6.72,5.4,5.4,5.01,8.17,7.05,5.99,5.01,16.0,15.96,15.95,15.64,0.06,-0.9,0.38,1.02,1.02,0.83,1.15,2.43,0.58,0.7
2015-09-30,831961,15.63,15.47,15.63,15.03,170,258950.0,3.84,-0.96,-0.15,0.06,9.31,7.78,6.45,6.45,6.05,9.25,8.12,7.05,6.05,4.99,15.81,15.9,15.97,15.63,0.06,1.36,2.0,2.0,1.81,2.13,3.43,1.55,1.68,-1.68
2015-10-08,831961,15.47,15.47,15.48,14.88,230,350580.0,3.88,0.0,0.0,0.08,8.87,7.53,7.53,7.12,10.35,9.21,8.13,7.12,6.05,5.04,15.69,15.85,15.97,15.62,1.36,2.0,2.0,1.81,2.13,3.43,1.55,1.68,-1.68,1.62
2015-10-09,831961,15.4,15.68,15.68,15.05,140,216190.0,4.07,1.36,0.21,0.05,6.31,6.31,5.91,9.1,7.97,6.91,5.91,4.85,3.85,2.86,15.64,15.82,15.98,15.62,0.64,0.64,0.45,0.77,2.04,0.19,0.32,-3.0,0.26,8.42
2015-10-12,831961,15.63,15.75,15.78,15.19,230,356110.0,3.76,0.45,0.07,0.08,5.33,4.94,8.1,6.98,5.92,4.94,3.88,2.9,1.91,3.23,15.6,15.82,15.98,15.61,0.19,0.0,0.32,1.59,-0.25,-0.13,-3.43,-0.19,7.94,0.0
2015-10-13,831961,15.03,15.63,15.78,15.03,620,956150.0,4.76,-0.76,-0.12,0.22,6.05,9.25,8.12,7.05,6.05,4.99,3.99,2.99,4.32,4.99,15.6,15.8,15.95,15.61,0.77,1.09,2.37,0.51,0.64,-2.69,0.58,8.77,0.77,-1.79
2015-10-14,831961,15.63,15.75,15.75,15.0,390,594760.0,4.8,0.77,0.12,0.14,9.47,8.33,7.27,6.27,5.2,4.2,3.2,4.53,5.2,5.2,15.66,15.73,15.93,15.65,0.32,1.59,-0.25,-0.13,-3.43,-0.19,7.94,0.0,-2.54,-2.86
2015-10-15,831961,15.63,15.78,15.8,15.19,120,185680.0,3.87,0.19,0.03,0.04,6.98,5.92,4.94,3.88,2.9,1.91,3.23,3.88,3.88,3.69,15.72,15.7,15.91,15.71,1.39,-0.44,-0.32,-3.61,-0.38,7.73,-0.19,-2.72,-3.04,-3.74
2015-10-16,831961,15.63,16.0,16.0,15.03,130,201130.0,6.15,1.39,0.22,0.05,7.05,6.05,4.99,3.99,2.99,4.32,4.99,4.99,4.79,5.12,15.78,15.71,15.9,15.78,-1.81,-1.69,-4.94,-1.75,6.25,-1.56,-4.06,-4.37,-5.06,-4.0
2015-10-19,831961,15.63,15.63,15.71,15.03,260,396150.0,4.25,-2.31,-0.37,0.09,6.05,4.99,3.99,2.99,4.32,4.99,4.99,4.79,5.12,6.45,15.76,15.68,15.87,15.84,0.64,-2.69,0.58,8.77,0.77,-1.79,-2.11,-2.82,-1.73,0.96
2015-10-20,831961,15.47,15.15,15.73,14.44,620,930460.0,8.25,-3.07,-0.48,0.22,9.28,8.24,7.2,8.59,9.28,9.28,9.07,9.42,10.8,8.8,15.66,15.63,15.8,15.85,0.4,3.76,12.21,3.96,1.32,0.99,0.26,1.39,4.16,6.86
2015-10-21,831961,14.29,15.21,15.21,14.29,300,440720.0,6.07,0.4,0.06,0.11,9.38,8.33,9.73,10.43,10.43,10.22,10.57,11.97,9.94,10.08,15.55,15.61,15.75,15.85,3.35,11.77,3.55,0.92,0.59,-0.13,0.99,3.75,6.44,5.19
2015-10-22,831961,14.86,15.72,15.72,14.29,470,684760.0,9.4,3.35,0.51,0.17,8.33,9.73,10.43,10.43,10.22,10.57,11.97,9.94,10.08,6.44,15.54,15.63,15.74,15.86,8.14,0.19,-2.35,-2.67,-3.37,-2.29,0.38,2.99,1.78,1.97
2015-10-23,831961,15.0,15.01,17.0,14.58,300,454320.0,15.39,-4.52,-0.71,0.11,7.54,8.23,8.23,8.02,8.37,9.74,7.75,7.89,4.32,7.82,15.34,15.56,15.69,15.84,4.93,2.27,1.93,1.2,2.33,5.13,7.86,6.6,6.8,6.0
2015-10-26,831961,15.01,15.16,15.75,14.59,330,493030.0,7.73,1.0,0.15,0.12,8.16,8.16,7.95,8.29,9.66,7.68,7.81,4.25,7.75,16.52,15.25,15.5,15.66,15.82,1.25,0.92,0.2,1.32,4.09,6.79,5.54,5.74,4.95,3.89
2015-10-27,831961,15.01,15.01,15.35,14.44,330,489900.0,6.0,-0.99,-0.15,0.12,9.28,9.07,9.42,10.8,8.8,8.93,5.33,8.86,17.73,9.07,15.22,15.44,15.62,15.78,1.93,1.2,2.33,5.13,7.86,6.6,6.8,6.0,4.93,4.93
2015-10-28,831961,15.01,15.16,15.3,14.54,270,401210.0,5.06,1.0,0.15,0.1,8.32,8.67,10.04,8.05,8.18,4.61,8.12,16.92,8.32,5.57,15.21,15.38,15.56,15.75,0.2,1.32,4.09,6.79,5.54,5.74,4.95,3.89,3.89,4.88
2015-10-29,831961,15.01,15.01,15.19,14.59,130,193370.0,3.96,-0.99,-0.15,0.05,8.29,9.66,7.68,7.81,4.25,7.75,16.52,7.95,5.21,4.87,15.07,15.31,15.5,15.71,2.33,5.13,7.86,6.6,6.8,6.0,4.93,4.93,5.93,5.93
2015-10-30,831961,15.01,15.36,15.36,14.59,280,421330.0,5.13,2.33,0.35,0.1,9.66,7.68,7.81,4.25,7.75,16.52,7.95,5.21,4.87,4.11,15.14,15.24,15.48,15.68,2.73,5.4,4.17,4.36,3.58,2.54,2.54,3.52,3.52,5.01
2015-11-02,831961,15.47,15.78,15.78,15.03,240,369400.0,4.88,2.73,0.42,0.09,4.52,4.66,1.2,4.59,13.11,4.79,2.13,1.8,1.06,2.2,15.26,15.26,15.47,15.66,2.6,1.39,1.58,0.82,-0.19,-0.19,0.76,0.76,2.22,2.72
2015-11-03,831961,15.06,16.19,16.19,15.06,250,386370.0,7.16,2.6,0.41,0.09,4.45,1.0,4.38,12.88,4.58,1.93,1.59,0.86,1.99,4.78,15.5,15.36,15.5,15.65,-1.17,-0.99,-1.73,-2.72,-2.72,-1.79,-1.79,-0.37,0.12,-0.56
2015-11-04,831961,15.66,15.99,16.0,15.22,470,730460.0,4.82,-1.24,-0.2,0.17,-0.07,3.29,11.7,3.48,0.85,0.53,-0.2,0.92,3.68,6.37,15.67,15.44,15.52,15.65,0.25,-0.5,-1.5,-1.5,-0.56,-0.56,0.88,1.38,0.69,2.19
2015-11-05,831961,15.82,16.03,16.03,15.07,290,448880.0,6.0,0.25,0.04,0.1,4.31,12.81,4.51,1.86,1.53,0.8,1.92,4.71,7.43,6.17,15.87,15.47,15.55,15.65,-0.75,-1.75,-1.75,-0.81,-0.81,0.62,1.12,0.44,1.93,1.43
2015-11-06,831961,15.3,15.91,15.91,15.3,240,371890.0,3.81,-0.75,-0.12,0.09,11.11,2.94,0.33,0.0,-0.72,0.39,3.14,5.82,4.58,4.77,15.98,15.56,15.56,15.65,-1.01,-1.01,-0.06,-0.06,1.38,1.89,1.19,2.7,2.2,4.34
2015-11-09,831961,15.15,15.75,15.75,15.15,70,107850.0,3.77,-1.01,-0.16,0.03,3.96,1.32,0.99,0.26,1.39,4.16,6.86,5.61,5.81,5.02,15.97,15.62,15.56,15.65,0.0,0.95,0.95,2.41,2.92,2.22,3.75,3.24,5.4,6.54
2015-11-10,831961,15.15,15.75,15.75,15.15,180,277140.0,3.81,0.0,0.0,0.06,1.32,0.99,0.26,1.39,4.16,6.86,5.61,5.81,5.02,3.96,15.89,15.69,15.57,15.65,0.95,0.95,2.41,2.92,2.22,3.75,3.24,5.4,6.54,2.48
2015-11-11,831961,15.15,15.75,15.9,15.15,430,664700.0,4.76,0.0,0.0,0.15,0.99,0.26,1.39,4.16,6.86,5.61,5.81,5.02,3.96,3.96,15.84,15.75,15.57,15.62,0.95,2.41,2.92,2.22,3.75,3.24,5.4,6.54,2.48,1.46
2015-11-12,831961,15.15,15.75,15.9,15.15,330,508900.0,4.76,0.0,0.0,0.12,0.26,1.39,4.16,6.86,5.61,5.81,5.02,3.96,3.96,4.95,15.78,15.83,15.57,15.61,2.41,2.92,2.22,3.75,3.24,5.4,6.54,2.48,1.46,1.46
2015-11-13,831961,15.75,16.13,16.13,15.0,530,817960.0,7.17,2.41,0.38,0.19,2.4,5.2,7.93,6.67,6.87,6.07,5.0,5.0,6.0,6.0,15.83,15.9,15.57,15.62,0.5,-0.19,1.3,0.81,2.91,4.03,0.06,-0.93,-0.93,-1.92
2015-11-16,831961,15.4,16.21,16.21,15.21,420,659710.0,6.2,0.5,0.08,0.15,3.75,6.44,5.19,5.39,4.6,3.55,3.55,4.54,4.54,6.05,15.92,15.95,15.6,15.63,-0.68,0.8,0.31,2.41,3.52,-0.43,-1.42,-1.42,-2.41,-2.22
2015-11-17,831961,15.4,16.1,16.1,15.1,1740,2722440.0,6.17,-0.68,-0.11,0.63,7.22,5.96,6.16,5.36,4.3,4.3,5.3,5.3,6.82,7.35,15.99,15.94,15.65,15.64,1.49,0.99,3.11,4.22,0.25,-0.75,-0.75,-1.74,-1.55,-2.48
2015-11-18,831961,15.86,16.34,16.34,15.25,270,423180.0,6.77,1.49,0.24,0.1,4.92,5.11,4.33,3.28,3.28,4.26,4.26,5.77,6.3,5.57,16.11,15.97,15.71,15.67,-0.49,1.59,2.69,-1.22,-2.2,-2.2,-3.18,-3.0,-3.92,-3.43
2015-11-19,831961,16.22,16.06,16.26,15.45,440,692590.0,4.96,-1.71,-0.28,0.16,3.75,2.98,1.94,1.94,2.91,2.91,4.4,4.92,4.21,5.76,16.17,15.98,15.72,15.69,3.36,4.48,0.5,-0.5,-0.5,-1.49,-1.31,-2.24,-1.74,-2.43
2015-11-20,831961,15.45,16.6,16.6,15.15,350,544690.0,9.03,3.36,0.54,0.13,5.02,3.96,3.96,4.95,4.95,6.47,7.0,6.27,7.85,7.33,16.26,16.04,15.8,15.72,1.08,-2.77,-3.73,-3.73,-4.7,-4.52,-5.42,-4.94,-5.6,-5.42
2015-11-23,831961,15.99,16.26,16.78,14.88,1250,1956940.0,11.45,-2.05,-0.34,0.45,5.85,5.85,6.85,6.85,8.4,8.94,8.2,9.81,9.27,11.56,16.27,16.1,15.86,15.74,-0.74,-1.72,-1.72,-2.71,-2.52,-3.44,-2.95,-3.63,-3.44,-3.63
2015-11-24,831961,15.52,15.97,16.14,15.2,790,1240720.0,5.78,-1.78,-0.29,0.28,3.62,4.61,4.61,6.12,6.64,5.92,7.5,6.97,9.21,10.39,16.25,16.12,15.9,15.75,0.06,0.06,-0.94,-0.75,-1.69,-1.19,-1.88,-1.69,-1.88,-1.88
2015-11-25,831961,15.37,15.98,15.98,15.22,500,780580.0,4.76,0.06,0.01,0.18,4.47,4.47,5.98,6.5,5.78,7.36,6.83,9.07,10.25,6.04,16.17,16.14,15.95,15.76,0.0,-1.0,-0.81,-1.75,-1.25,-1.94,-1.75,-1.94,-1.94,-2.94
2015-11-26,831961,15.98,15.82,15.98,15.19,350,543250.0,4.94,-1.0,-0.16,0.13,4.67,6.19,6.71,5.99,7.57,7.04,9.28,10.47,6.25,5.2,16.13,16.15,15.99,15.76,0.0,0.19,-0.76,-0.25,-0.95,-0.76,-0.95,-0.95,-1.96,-4.74
2015-11-27,831961,15.22,15.82,15.82,15.03,220,339110.0,4.99,0.0,0.0,0.08,7.32,7.85,7.12,8.72,8.18,10.45,11.64,7.39,6.32,6.32,15.97,16.12,16.01,15.75,0.19,-0.76,-0.25,-0.95,-0.76,-0.95,-0.95,-1.96,-4.74,-1.96
2015-11-30,831961,15.11,15.82,15.85,15.02,570,884880.0,5.25,0.0,0.0,0.21,7.92,7.19,8.79,8.26,10.52,11.72,7.46,6.39,6.39,5.33,15.88,16.08,16.01,15.76,-0.76,-0.25,-0.95,-0.76,-0.95,-0.95,-1.96,-4.74,-1.96,-2.91
2015-12-01,831961,15.07,15.51,15.7,14.81,360,549960.0,5.63,-1.96,-0.31,0.13,8.71,10.33,9.79,12.09,13.3,8.98,7.9,7.9,6.82,7.02,15.79,16.02,15.98,15.77,1.74,1.03,1.23,1.03,1.03,0.0,-2.84,0.0,-0.97,-0.9
2015-12-02,831961,15.51,15.78,15.78,14.92,620,949890.0,5.54,1.74,0.27,0.22,9.52,8.98,11.26,12.47,8.18,7.1,7.1,6.03,6.23,5.23,15.75,15.96,15.97,15.79,-0.7,-0.51,-0.7,-0.7,-1.71,-4.5,-1.71,-2.66,-2.6,-2.6
2015-12-03,831961,15.07,15.51,15.67,14.89,550,841050.0,4.94,-1.71,-0.27,0.2,9.2,11.48,12.69,8.39,7.32,7.32,6.25,6.45,5.44,5.98,15.69,15.91,15.94,15.78,1.23,1.03,1.03,0.0,-2.84,0.0,-0.97,-0.9,-0.9,-0.9
2015-12-04,831961,15.51,15.6,15.7,15.07,1040,1602640.0,4.06,0.58,0.09,0.37,10.15,11.35,7.1,6.04,6.04,4.98,5.18,4.18,4.71,3.98,15.64,15.81,15.93,15.8,0.45,0.45,-0.58,-3.4,-0.58,-1.54,-1.47,-1.47,-1.47,-1.47
2015-12-07,831961,15.07,15.67,15.67,15.07,40,60880.0,3.85,0.45,0.07,0.01,11.35,7.1,6.04,6.04,4.98,5.18,4.18,4.71,3.98,4.18,15.61,15.75,15.92,15.82,0.0,-1.02,-3.83,-1.02,-1.98,-1.91,-1.91,-1.91,-1.91,-1.91
2015-12-08,831961,15.07,15.2,15.67,15.07,140,213500.0,3.83,-3.0,-0.47,0.05,7.1,6.04,6.04,4.98,5.18,4.18,4.71,3.98,4.18,3.98,15.55,15.67,15.89,15.83,2.04,-0.86,2.04,1.05,1.12,1.12,1.12,1.12,1.12,0.13
2015-12-09,831961,15.07,15.51,15.51,15.07,60,90860.0,2.89,2.04,0.31,0.02,6.04,6.04,4.98,5.18,4.18,4.71,3.98,4.18,3.98,3.98,15.5,15.62,15.88,15.84,-2.84,0.0,-0.97,-0.9,-0.9,-0.9,-0.9,-0.9,-1.87,-1.87
2015-12-10,831961,15.07,15.07,15.07,15.07,50,75350.0,0.0,-2.84,-0.44,0.02,6.04,4.98,5.18,4.18,4.71,3.98,4.18,3.98,3.98,2.92,15.41,15.55,15.85,15.84,2.92,1.92,1.99,1.99,1.99,1.99,1.99,1.0,1.0,2.06
2015-12-11,831961,14.92,15.51,15.51,14.92,60,90700.0,3.92,2.92,0.44,0.02,6.03,6.23,5.23,5.76,5.03,5.23,5.03,5.03,3.95,1.01,15.39,15.52,15.82,15.85,-0.97,-0.9,-0.9,-0.9,-0.9,-0.9,-1.87,-1.87,-0.84,-0.84
2015-12-14,831961,14.92,14.92,15.36,14.92,90,135160.0,2.84,-3.8,-0.59,0.03,6.23,5.23,5.76,5.03,5.23,5.03,5.03,3.95,1.01,3.95,15.24,15.43,15.75,15.82,3.02,3.02,3.02,3.02,3.02,2.01,2.01,3.08,3.08,3.08
2015-12-15,831961,14.78,15.37,15.37,14.78,120,180620.0,3.95,3.02,0.45,0.04,6.22,6.77,6.02,6.22,6.02,6.02,4.94,1.96,4.94,3.92,15.28,15.41,15.72,15.79,0.0,0.0,0.0,0.0,-0.98,-0.98,0.07,0.07,0.07,0.07
2015-12-16,831961,15.37,15.37,15.37,14.78,70,105230.0,3.84,0.0,0.0,0.03,6.77,6.02,6.22,6.02,6.02,4.94,1.96,4.94,3.92,3.99,15.25,15.37,15.67,15.77,0.0,0.0,0.0,-0.98,-0.98,0.07,0.07,0.07,0.07,0.07
2015-12-17,831961,15.37,15.34,15.37,14.78,120,180040.0,3.84,-0.2,-0.03,0.04,6.02,6.22,6.02,6.02,4.94,1.96,4.94,3.92,3.99,3.99,15.3,15.36,15.63,15.75,0.2,0.2,-0.78,-0.78,0.26,0.26,0.26,0.26,0.26,4.3
2015-12-18,831961,15.36,15.37,15.37,14.78,140,209670.0,3.85,0.2,0.03,0.05,6.22,6.02,6.02,4.94,1.96,4.94,3.92,3.99,3.99,3.99,15.27,15.33,15.57,15.73,0.0,-0.98,-0.98,0.07,0.07,0.07,0.07,0.07,4.1,-0.98
2015-12-21,831961,14.78,14.78,15.37,14.78,100,148900.0,3.84,-3.84,-0.59,0.04,6.02,6.02,4.94,1.96,4.94,3.92,3.99,3.99,3.99,3.99,15.25,15.24,15.5,15.7,2.98,2.98,4.06,4.06,4.06,4.06,4.06,8.25,2.98,-0.88
2015-12-22,831961,15.22,15.22,15.22,15.22,20,30440.0,0.0,2.98,0.44,0.01,2.96,1.91,-0.99,1.91,0.92,0.99,0.99,0.99,0.99,0.99,15.22,15.25,15.46,15.68,0.0,1.05,1.05,1.05,1.05,1.05,5.12,0.0,-3.75,-2.89
2015-12-23,831961,15.22,15.22,15.22,15.22,70,106540.0,0.0,0.0,0.0,0.03,1.91,-0.99,1.91,0.92,0.99,0.99,0.99,0.99,0.99,0.0,15.19,15.22,15.42,15.66,1.05,1.05,1.05,1.05,1.05,5.12,0.0,-3.75,-2.89,-2.89
2015-12-24,831961,14.79,15.38,15.38,14.79,60,89920.0,3.88,1.05,0.16,0.02,1.89,4.87,3.85,3.92,3.92,3.92,3.92,3.92,2.91,2.91,15.19,15.25,15.4,15.65,0.0,0.0,0.0,0.0,4.03,-1.04,-4.75,-3.9,-3.9,-3.9
2015-12-25,831961,15.38,15.33,15.38,14.79,110,165520.0,3.84,-0.33,-0.05,0.04,4.87,3.85,3.92,3.92,3.92,3.92,3.92,2.91,2.91,3.99,15.19,15.23,15.37,15.62,0.33,0.33,0.33,4.37,-0.72,-4.44,-3.59,-3.59,-3.59,-7.24
2015-12-28,831961,14.79,15.38,15.38,14.79,240,361540.0,3.85,0.33,0.05,0.09,3.85,3.92,3.92,3.92,3.92,3.92,2.91,2.91,3.99,3.99,15.31,15.28,15.35,15.59,0.0,0.0,4.03,-1.04,-4.75,-3.9,-3.9,-3.9,-7.54,-5.79
2015-12-29,831961,15.38,14.96,15.38,14.73,280,424860.0,4.23,-2.73,-0.42,0.1,4.34,4.34,4.34,4.34,4.34,3.33,3.33,4.41,4.41,4.41,15.25,15.24,15.32,15.56,2.81,6.95,1.74,-2.07,-1.2,-1.2,-1.2,-4.95,-3.14,-3.14
2015-12-30,831961,14.96,15.38,15.38,14.79,80,119430.0,3.94,2.81,0.42,0.03,3.92,3.92,3.92,3.92,2.91,2.91,3.99,3.99,3.99,3.99,15.29,15.24,15.3,15.52,4.03,-1.04,-4.75,-3.9,-3.9,-3.9,-7.54,-5.79,-5.79,-5.85
2015-12-31,831961,15.38,15.53,16.0,15.18,240,369560.0,5.33,0.98,0.15,0.09,1.25,1.25,1.25,0.26,0.26,1.32,1.32,1.32,1.32,1.32,15.32,15.26,15.31,15.51,-2.0,-5.67,-4.83,-4.83,-4.83,-8.44,-6.7,-6.7,-6.76,-6.7
2016-01-04,831961,14.94,14.65,15.22,14.65,170,252660.0,3.67,-5.67,-0.88,0.06,4.91,4.91,3.89,3.89,4.98,4.98,4.98,4.98,4.98,9.22,15.18,15.18,15.26,15.44,0.0,0.89,0.89,0.89,-2.94,-1.09,-1.09,-1.16,-1.09,-1.37
2016-01-05,831961,14.65,14.22,14.65,14.22,260,375940.0,2.94,-2.94,-0.43,0.09,8.09,7.03,7.03,8.16,8.16,8.16,8.16,8.16,12.52,7.03,14.95,15.13,15.19,15.37,3.94,3.94,3.94,0.0,1.9,1.9,1.83,1.9,1.62,1.9
2016-01-06,831961,14.65,14.64,14.78,14.22,210,303440.0,3.94,2.95,0.42,0.08,7.03,7.03,8.16,8.16,8.16,8.16,8.16,12.52,7.03,3.02,14.88,15.07,15.16,15.33,0.96,0.96,-2.87,-1.02,-1.02,-1.09,-1.02,-1.3,-1.02,-1.09
2016-01-08,831961,14.78,14.78,14.78,14.78,20,29560.0,0.0,0.96,0.14,0.01,2.98,4.06,4.06,4.06,4.06,4.06,8.25,2.98,-0.88,0.0,14.76,15.03,15.12,15.29,0.0,-3.79,-1.96,-1.96,-2.03,-1.96,-2.23,-1.96,-2.03,-2.03
2016-01-11,831961,14.78,14.78,14.78,14.22,50,72780.0,3.79,0.0,0.0,0.02,8.16,8.16,8.16,8.16,8.16,12.52,7.03,3.02,3.94,3.94,14.61,14.97,15.11,15.25,-3.79,-1.96,-1.96,-2.03,-1.96,-2.23,-1.96,-2.03,-2.03,-5.68
2016-01-13,831961,14.22,14.22,14.22,14.22,60,85320.0,0.0,-3.79,-0.56,0.02,8.16,8.16,8.16,8.16,12.52,7.03,3.02,3.94,3.94,3.94,14.53,14.85,15.04,15.2,1.9,1.9,1.83,1.9,1.62,1.9,1.83,1.83,-1.97,-0.14
2016-01-14,831961,14.08,14.49,14.49,14.08,60,84890.0,2.88,1.9,0.27,0.02,9.23,9.23,9.23,13.64,8.1,4.05,4.97,4.97,4.97,0.99,14.58,14.77,15.02,15.16,0.0,-0.07,0.0,-0.28,0.0,-0.07,-0.07,-3.8,-2.0,-2.0
2016-01-15,831961,14.08,14.45,14.49,13.94,180,254850.0,3.8,-0.28,-0.04,0.06,10.33,10.33,14.78,9.18,5.09,6.03,6.03,6.03,2.01,3.95,14.54,14.71,14.97,15.12,0.21,0.28,0.0,0.28,0.21,0.21,-3.53,-1.73,-1.73,-0.55
2016-01-18,831961,14.48,14.48,14.48,14.48,10,14480.0,0.0,0.21,0.03,0.0,6.22,10.5,5.11,1.17,2.07,2.07,2.07,-1.8,0.07,0.07,14.48,14.62,14.93,15.08,0.07,-0.21,0.07,0.0,0.0,-3.73,-1.93,-1.93,-0.76,-1.93
2016-01-19,831961,13.94,14.49,14.49,13.94,30,42370.0,3.8,0.07,0.01,0.01,14.78,9.18,5.09,6.03,6.03,6.03,2.01,3.95,3.95,3.87,14.43,14.52,14.89,15.04,-0.28,0.0,-0.07,-0.07,-3.8,-2.0,-2.0,-0.83,-2.0,-2.69
2016-01-20,831961,14.45,14.45,14.45,14.45,10,14450.0,0.0,-0.28,-0.04,0.0,5.33,1.38,2.28,2.28,2.28,-1.59,0.28,0.28,0.21,0.28,14.47,14.5,14.84,15.01,0.28,0.21,0.21,-3.53,-1.73,-1.73,-0.55,-1.73,-2.42,-1.45
2016-01-21,831961,14.49,14.49,14.49,14.49,10,14490.0,0.0,0.28,0.04,0.0,1.1,2.0,2.0,2.0,-1.86,0.0,0.0,-0.07,0.0,-0.28,14.47,14.53,14.83,14.97,-0.07,-0.07,-3.8,-2.0,-2.0,-0.83,-2.0,-2.69,-1.73,-2.69
2016-01-22,831961,14.48,14.48,14.48,14.48,20,28960.0,0.0,-0.07,-0.01,0.01,2.07,2.07,2.07,-1.8,0.07,0.07,0.0,0.07,-0.21,0.07,14.48,14.51,14.79,14.94,0.0,-3.73,-1.93,-1.93,-0.76,-1.93,-2.62,-1.66,-2.62,-2.62
2016-01-25,831961,14.48,14.48,14.48,13.94,30,42900.0,3.73,0.0,0.0,0.01,6.03,6.03,2.01,3.95,3.95,3.87,3.95,3.66,3.95,3.87,14.48,14.48,14.75,14.91,-3.73,-1.93,-1.93,-0.76,-1.93,-2.62,-1.66,-2.62,-2.62,-2.56
2016-01-26,831961,13.94,13.94,13.94,13.94,70,97580.0,0.0,-3.73,-0.54,0.03,6.03,2.01,3.95,3.95,3.87,3.95,3.66,3.95,3.87,3.87,14.37,14.4,14.68,14.87,1.87,1.87,3.08,1.87,1.15,2.15,1.15,1.15,1.22,2.22
2016-01-27,831961,13.81,14.2,14.2,13.81,30,41820.0,2.8,1.87,0.26,0.01,2.97,4.92,4.92,4.85,4.92,4.63,4.92,4.85,4.85,0.94,14.32,14.4,14.62,14.83,0.0,1.2,0.0,-0.7,0.28,-0.7,-0.7,-0.63,0.35,0.42
2016-01-28,831961,13.68,14.2,14.2,13.68,70,98240.0,3.66,0.0,0.0,0.03,5.92,5.92,5.85,5.92,5.63,5.92,5.85,5.85,1.9,3.8,14.26,14.37,14.57,14.8,1.2,0.0,-0.7,0.28,-0.7,-0.7,-0.63,0.35,0.42,0.35
2016-01-29,831961,14.37,14.36,14.37,14.36,70,100550.0,0.07,1.13,0.16,0.03,0.91,0.84,0.91,0.63,0.91,0.84,0.84,-2.92,-1.11,-1.11,14.24,14.36,14.54,14.77,-1.11,-1.81,-0.84,-1.81,-1.81,-1.74,-0.77,-0.7,-0.77,-0.77
2016-02-01,831961,13.96,14.2,14.2,13.95,90,126130.0,1.74,-1.11,-0.16,0.03,3.8,3.87,3.58,3.87,3.8,3.8,-0.07,1.79,1.79,3.01,14.18,14.33,14.48,14.73,-0.7,0.28,-0.7,-0.7,-0.63,0.35,0.42,0.35,0.35,-4.72
2016-02-02,831961,14.1,14.1,14.1,14.1,10,14100.0,0.0,-0.7,-0.1,0.0,2.77,2.48,2.77,2.7,2.7,-1.13,0.71,0.71,1.91,0.71,14.21,14.29,14.4,14.69,0.99,0.0,0.0,0.07,1.06,1.13,1.06,1.06,-4.04,-3.97
2016-02-03,831961,14.24,14.11,14.24,14.11,30,42460.0,0.92,0.07,0.01,0.01,2.41,2.69,2.62,2.62,-1.2,0.64,0.64,1.84,0.64,-0.07,14.19,14.26,14.38,14.65,-0.07,-0.07,0.0,0.99,1.06,0.99,0.99,-4.11,-4.04,-5.88
2016-02-04,831961,14.1,14.1,14.1,14.1,10,14100.0,0.0,-0.07,-0.01,0.0,2.77,2.7,2.7,-1.13,0.71,0.71,1.91,0.71,0.0,0.99,14.17,14.22,14.37,14.62,0.0,0.07,1.06,1.13,1.06,1.06,-4.04,-3.97,-5.82,-5.82
2016-02-15,831961,14.1,14.1,14.1,14.1,10,14100.0,0.0,0.0,0.0,0.0,2.7,2.7,-1.13,0.71,0.71,1.91,0.71,0.0,0.99,0.0,14.12,14.18,14.34,14.59,0.07,1.06,1.13,1.06,1.06,-4.04,-3.97,-5.82,-5.82,-5.89
2016-02-16,831961,14.11,14.11,14.11,14.11,80,112880.0,0.0,0.07,0.01,0.03,2.62,-1.2,0.64,0.64,1.84,0.64,-0.07,0.92,-0.07,-0.07,14.1,14.14,14.31,14.55,0.99,1.06,0.99,0.99,-4.11,-4.04,-5.88,-5.88,-5.95,-4.89
2016-02-17,831961,14.24,14.25,14.25,14.15,130,184870.0,0.71,0.99,0.14,0.05,-1.48,0.35,0.35,1.55,0.35,-0.35,0.64,-0.35,-0.35,-0.28,14.13,14.17,14.28,14.51,0.07,0.0,0.0,-5.05,-4.98,-6.81,-6.81,-6.88,-5.82,-4.63
2016-02-18,831961,14.25,14.25,14.26,14.12,100,142160.0,0.98,0.0,0.0,0.04,0.57,0.57,1.77,0.57,-0.14,0.85,-0.14,-0.14,-0.07,0.92,14.16,14.18,14.29,14.48,0.0,0.0,-5.05,-4.98,-6.81,-6.81,-6.88,-5.82,-4.63,-4.84
2016-02-19,831961,14.25,14.25,14.25,14.15,40,56800.0,0.7,0.0,0.0,0.01,0.35,1.55,0.35,-0.35,0.64,-0.35,-0.35,-0.28,0.71,0.78,14.19,14.18,14.27,14.44,0.0,-5.05,-4.98,-6.81,-6.81,-6.88,-5.82,-4.63,-4.84,-2.95
2016-02-22,831961,14.2,13.98,14.25,13.64,460,640890.0,4.28,-1.89,-0.27,0.16,5.35,4.11,3.37,4.4,3.37,3.37,3.45,4.47,4.55,4.47,14.17,14.15,14.25,14.41,-3.22,-3.15,-5.01,-5.01,-5.08,-4.01,-2.79,-3.0,-1.07,-0.07
2016-02-23,831961,13.53,13.53,13.53,13.53,30,40590.0,0.0,-3.22,-0.45,0.01,4.95,4.21,5.25,4.21,4.21,4.29,5.32,5.4,5.32,5.32,14.05,14.08,14.2,14.34,0.07,-1.85,-1.85,-1.92,-0.81,0.44,0.22,2.22,3.25,3.25
2016-02-24,831961,13.53,13.13,13.54,13.01,400,532500.0,3.92,-2.96,-0.4,0.14,8.38,9.45,8.38,8.38,8.46,9.53,9.61,9.53,9.53,4.0,13.83,13.98,14.14,14.26,1.14,1.14,1.07,2.21,3.5,3.27,5.33,6.4,6.4,6.47
2016-02-25,831961,13.28,13.02,13.28,13.02,160,210980.0,1.98,-0.84,-0.11,0.06,9.37,8.29,8.29,8.37,9.45,9.52,9.45,9.45,3.92,3.99,13.58,13.87,14.06,14.21,2.0,1.92,3.07,4.38,4.15,6.22,7.3,7.3,7.37,6.3
2016-02-26,831961,13.27,13.28,13.28,13.27,60,79630.0,0.08,2.0,0.26,0.02,6.25,6.25,6.33,7.39,7.46,7.39,7.39,1.96,2.03,0.08,13.39,13.79,14.0,14.18,-0.08,1.05,2.33,2.11,4.14,5.2,5.2,5.27,4.22,3.16
2016-02-29,831961,13.27,13.15,13.27,13.02,100,131600.0,1.88,-0.98,-0.13,0.04,8.29,8.37,9.45,9.52,9.45,9.45,3.92,3.99,2.0,2.0,13.22,13.7,13.94,14.13,2.05,3.35,3.12,5.17,6.24,6.24,6.31,5.25,4.18,4.18
2016-03-01,831961,13.42,13.42,13.42,13.42,10,13420.0,0.0,2.05,0.27,0.0,5.14,6.18,6.26,6.18,6.18,0.82,0.89,-1.04,-1.04,-1.12,13.2,13.63,13.88,14.08,1.27,1.04,3.06,4.1,4.1,4.17,3.13,2.09,2.09,2.09
2016-03-02,831961,13.3,13.59,13.59,13.3,150,202580.0,2.16,1.27,0.17,0.05,7.14,7.22,7.14,7.14,1.73,1.8,-0.15,-0.15,-0.23,0.9,13.29,13.56,13.87,14.04,-0.22,1.77,2.8,2.8,2.87,1.84,0.81,0.81,0.81,0.81
2016-03-03,831961,13.3,13.56,13.56,13.3,60,80600.0,1.91,-0.22,-0.03,0.02,7.22,7.14,7.14,1.73,1.8,-0.15,-0.15,-0.23,0.9,2.18,13.4,13.49,13.83,14.02,1.99,3.02,3.02,3.1,2.06,1.03,1.03,1.03,1.03,1.11
2016-03-04,831961,13.55,13.83,13.83,13.55,110,149530.0,2.06,1.99,0.27,0.04,5.17,5.17,-0.15,-0.07,-1.99,-1.99,-2.07,-0.96,0.3,0.07,13.51,13.45,13.82,14.0,1.01,1.01,1.08,0.07,-0.94,-0.94,-0.94,-0.94,-0.87,-0.8
2016-03-07,831961,13.97,13.97,13.97,13.97,10,13970.0,0.0,1.01,0.14,0.0,2.0,-3.15,-3.08,-4.94,-4.94,-5.01,-3.94,-2.72,-2.93,-1.0,13.67,13.45,13.8,13.98,0.0,0.07,-0.93,-1.93,-1.93,-1.93,-1.93,-1.86,-1.79,-1.79
2016-03-08,831961,13.97,13.97,13.97,13.84,60,83450.0,0.93,0.0,0.0,0.02,-2.24,-2.17,-4.05,-4.05,-4.12,-3.03,-1.81,-2.02,-0.07,0.94,13.78,13.49,13.78,13.97,0.07,-0.93,-1.93,-1.93,-1.93,-1.93,-1.86,-1.79,-1.79,-3.15
2016-03-09,831961,13.98,13.71,13.98,13.71,80,110620.0,1.93,-1.86,-0.26,0.03,-1.24,-3.14,-3.14,-3.21,-2.12,-0.88,-1.09,0.88,1.9,1.9,13.81,13.55,13.77,13.94,0.95,-0.07,-0.07,-0.07,-0.07,0.0,0.07,0.07,-1.31,-1.02
2016-03-10,831961,13.84,13.58,13.84,13.58,50,68940.0,1.9,-0.95,-0.13,0.02,-2.21,-2.21,-2.28,-1.18,0.07,-0.15,1.84,2.87,2.87,2.95,13.81,13.61,13.74,13.91,0.88,0.88,0.88,0.88,0.96,1.03,1.03,-0.37,-0.07,-0.96
2016-03-11,831961,13.7,13.7,13.7,13.7,10,13700.0,0.0,0.88,0.12,0.0,-3.07,-3.14,-2.04,-0.8,-1.02,0.95,1.97,1.97,2.04,1.02,13.79,13.65,13.72,13.88,0.0,0.0,0.0,0.07,0.15,0.15,-1.24,-0.95,-1.82,-1.82
2016-03-14,831961,13.7,13.7,13.7,13.7,10,13700.0,0.0,0.0,0.0,0.0,-3.14,-2.04,-0.8,-1.02,0.95,1.97,1.97,2.04,1.02,0.0,13.73,13.7,13.7,13.86,0.0,0.0,0.07,0.15,0.15,-1.24,-0.95,-1.82,-1.82,-2.77
2016-03-15,831961,13.7,13.7,13.7,13.7,10,13700.0,0.0,0.0,0.0,0.0,-2.04,-0.8,-1.02,0.95,1.97,1.97,2.04,1.02,0.0,0.0,13.68,13.73,13.68,13.83,0.0,0.07,0.15,0.15,-1.24,-0.95,-1.82,-1.82,-2.77,-4.89
2016-03-16,831961,13.7,13.7,13.7,13.7,10,13700.0,0.0,0.0,0.0,0.0,-0.8,-1.02,0.95,1.97,1.97,2.04,1.02,0.0,0.0,0.0,13.68,13.74,13.65,13.82,0.07,0.15,0.15,-1.24,-0.95,-1.82,-1.82,-2.77,-4.89,-5.77
2016-03-17,831961,13.71,13.71,13.71,13.71,10,13710.0,0.0,0.07,0.01,0.0,-1.09,0.88,1.9,1.9,1.97,0.95,-0.07,-0.07,-0.07,-0.07,13.7,13.76,13.62,13.81,0.07,0.07,-1.31,-1.02,-1.9,-1.9,-2.84,-4.96,-5.84,-5.76
2016-03-18,831961,13.59,13.72,13.72,13.59,40,54490.0,0.95,0.07,0.01,0.01,1.77,2.8,2.8,2.87,1.84,0.81,0.81,0.81,0.81,0.88,13.71,13.75,13.6,13.79,0.0,-1.38,-1.09,-1.97,-1.97,-2.92,-5.03,-5.9,-5.83,-6.71
2016-03-21,831961,13.72,13.46,13.72,13.46,40,54470.0,1.9,-1.9,-0.26,0.01,3.79,3.79,3.86,2.82,1.78,1.78,1.78,1.78,1.86,1.93,13.66,13.7,13.57,13.76,0.52,0.82,-0.07,-0.07,-1.04,-3.19,-4.09,-4.01,-4.9,-5.79
2016-03-23,831961,13.32,13.45,13.53,13.32,80,107230.0,1.56,-0.07,-0.01,0.02,4.88,4.95,3.9,2.85,2.85,2.85,2.85,2.93,3.0,3.0,13.61,13.64,13.57,13.74,0.89,0.0,0.0,-0.97,-3.12,-4.01,-3.94,-4.83,-5.72,-4.76
2016-03-24,831961,13.57,13.57,13.57,13.57,30,40710.0,0.0,0.89,0.12,0.01,3.02,1.99,0.96,0.96,0.96,0.96,1.03,1.11,1.11,-0.29,13.58,13.63,13.59,13.72,-0.88,-0.88,-1.84,-3.98,-4.86,-4.79,-5.67,-6.56,-5.6,-5.67
2016-03-30,831961,13.32,13.45,13.45,13.32,30,40090.0,0.96,-0.88,-0.12,0.01,3.9,2.85,2.85,2.85,2.85,2.93,3.0,3.0,1.58,1.88,13.53,13.62,13.61,13.7,0.0,-0.97,-3.12,-4.01,-3.94,-4.83,-5.72,-4.76,-4.83,-4.83
2016-03-31,831961,13.32,13.45,13.45,13.32,50,66860.0,0.97,0.0,0.0,0.01,2.85,2.85,2.85,2.85,2.93,3.0,3.0,1.58,1.88,0.98,13.48,13.59,13.62,13.68,-0.97,-3.12,-4.01,-3.94,-4.83,-5.72,-4.76,-4.83,-4.83,-4.83
2016-04-01,831961,13.32,12.79,13.32,12.78,160,207580.0,4.01,-4.91,-0.66,0.05,7.2,7.2,7.2,7.28,7.36,7.36,5.87,6.18,5.24,5.24,13.34,13.5,13.6,13.63,1.88,0.94,1.02,0.08,-0.86,0.16,0.08,0.08,0.08,-0.7
2016-04-05,831961,13.03,12.79,13.03,12.79,90,115950.0,1.88,0.0,0.0,0.03,7.11,7.11,7.19,7.27,7.27,5.79,6.1,5.16,5.16,4.14,13.21,13.41,13.57,13.59,0.94,1.02,0.08,-0.86,0.16,0.08,0.08,0.08,-0.7,0.16
2016-04-06,831961,12.91,12.91,12.91,12.91,30,38730.0,0.0,0.94,0.12,0.01,6.12,6.2,6.27,6.27,4.8,5.11,4.18,4.18,3.18,0.93,13.08,13.33,13.54,13.54,0.08,-0.85,-1.78,-0.77,-0.85,-0.85,-0.85,-1.63,-0.77,-1.7
2016-04-07,831961,12.92,12.92,12.92,12.92,10,12920.0,0.0,0.08,0.01,0.0,6.11,6.19,6.19,4.72,5.03,4.1,4.1,3.1,0.85,-0.08,12.97,13.25,13.5,13.5,-0.93,-1.86,-0.85,-0.93,-0.93,-0.93,-1.7,-0.85,-1.78,-3.72
2016-04-08,831961,12.8,12.8,12.8,12.8,30,38400.0,0.0,-0.93,-0.12,0.01,7.19,7.19,5.7,6.02,5.08,5.08,4.06,1.8,0.86,0.94,12.84,13.16,13.45,13.45,-0.94,0.08,0.0,0.0,0.0,-0.78,0.08,-0.86,-2.81,-1.02
2016-04-12,831961,12.68,12.67,12.68,12.28,80,100400.0,3.13,-1.02,-0.13,0.02,11.73,10.18,10.5,9.53,9.53,8.47,6.11,5.13,5.21,4.23,12.82,13.08,13.39,13.41,1.1,1.03,1.03,1.03,0.24,1.1,0.16,-1.82,0.0,-2.76
2016-04-13,831961,12.81,12.78,12.81,12.17,70,87530.0,5.05,0.87,0.11,0.02,11.18,11.5,10.52,10.52,9.45,7.07,6.08,6.16,5.18,4.19,12.82,13.01,13.33,13.38,0.16,0.16,0.16,-0.63,0.23,-0.7,-2.66,-0.86,-3.6,-3.36
2016-04-15,831961,12.8,12.8,12.8,12.8,10,12800.0,0.0,0.16,0.02,0.0,6.02,5.08,5.08,4.06,1.8,0.86,0.94,0.0,-0.94,0.08,12.79,12.94,13.28,13.37,0.0,0.0,-0.78,0.08,-0.86,-2.81,-1.02,-3.75,-3.52,0.39
2016-04-18,831961,12.8,12.8,12.8,12.8,30,38400.0,0.0,0.0,0.0,0.01,5.08,5.08,4.06,1.8,0.86,0.94,0.0,-0.94,0.08,0.0,12.77,12.87,13.24,13.36,0.0,-0.78,0.08,-0.86,-2.81,-1.02,-3.75,-3.52,0.39,-0.7
2016-04-20,831961,12.56,12.8,12.8,12.56,30,38040.0,1.88,0.0,0.0,0.01,7.09,6.05,3.74,2.79,2.87,1.91,0.96,1.99,1.91,1.91,12.77,12.81,13.2,13.35,-0.78,0.08,-0.86,-2.81,-1.02,-3.75,-3.52,0.39,-0.7,1.56
2016-04-22,831961,12.7,12.67,12.7,12.67,20,25370.0,0.23,-1.02,-0.13,0.01,5.13,2.84,1.89,1.97,1.03,0.08,1.1,1.03,1.03,1.03,12.77,12.79,13.15,13.33,1.1,0.16,-1.82,0.0,-2.76,-2.53,1.42,0.32,2.6,3.31
2016-04-25,831961,12.8,12.81,12.81,12.8,100,128070.0,0.08,1.1,0.14,0.03,1.8,0.86,0.94,0.0,-0.94,0.08,0.0,0.0,0.0,-0.78,12.78,12.8,13.1,13.31,-0.94,-2.89,-1.09,-3.83,-3.59,0.31,-0.78,1.48,2.19,2.19
2016-04-26,831961,12.69,12.55,12.69,12.42,60,75220.0,2.11,-2.03,-0.26,0.02,3.95,4.03,3.06,2.09,3.14,3.06,3.06,3.06,2.25,3.14,12.73,12.76,13.04,13.28,-0.88,0.96,-1.83,-1.59,2.39,1.27,3.59,4.3,4.3,4.38
2016-04-27,831961,12.44,12.3,12.44,12.06,100,121980.0,3.03,-1.99,-0.25,0.03,7.13,6.14,5.14,6.22,6.14,6.14,6.14,5.31,6.22,5.22,12.63,12.7,12.97,13.24,3.01,0.16,0.41,4.47,3.33,5.69,6.42,6.42,6.5,6.59
2016-04-29,831961,12.31,12.67,12.67,12.31,40,49830.0,2.93,3.01,0.37,0.01,3.98,3.01,4.06,3.98,3.98,3.98,3.17,4.06,3.09,1.06,12.6,12.69,12.92,13.2,-2.76,-2.53,1.42,0.32,2.6,3.31,3.31,3.39,3.47,3.39
2016-05-03,831961,12.32,12.18,12.32,12.08,40,48780.0,1.89,-3.87,-0.49,0.01,4.97,6.04,5.96,5.96,5.96,5.13,6.04,5.05,2.98,4.88,12.5,12.64,12.86,13.14,1.4,5.5,4.35,6.73,7.47,7.47,7.55,7.64,7.55,8.54
2016-05-06,831961,12.32,12.35,12.35,12.32,70,86330.0,0.25,1.4,0.17,0.02,3.98,3.9,3.9,3.9,3.08,3.98,3.0,0.97,2.84,0.0,12.41,12.59,12.8,13.08,4.05,2.91,5.26,5.99,5.99,6.07,6.15,6.07,7.04,5.1
2016-05-09,831961,12.45,12.85,12.85,12.43,110,137740.0,3.4,4.05,0.5,0.03,2.98,2.98,2.98,2.17,3.06,2.09,0.08,1.93,-0.88,-0.64,12.47,12.6,12.77,13.05,-1.09,1.17,1.87,1.87,1.95,2.02,1.95,2.88,1.01,3.04
2016-05-10,831961,12.58,12.71,12.71,12.58,140,177320.0,1.01,-1.09,-0.14,0.04,1.75,1.75,0.95,1.83,0.87,-1.11,0.72,-2.07,-1.83,2.15,12.55,12.59,12.73,13.03,2.28,2.99,2.99,3.07,3.15,3.07,4.01,2.12,4.17,4.25
2016-05-11,831961,12.84,13.0,13.0,12.77,130,167240.0,1.81,2.28,0.29,0.04,0.23,-0.55,0.31,-0.63,-2.58,-0.78,-3.52,-3.29,0.63,-0.47,12.62,12.61,12.71,13.0,0.69,0.69,0.77,0.85,0.77,1.69,-0.15,1.85,1.92,2.85
2016-05-12,831961,13.09,13.09,13.09,13.09,10,13090.0,0.0,0.69,0.09,0.0,-2.98,-2.14,-3.06,-4.97,-3.21,-5.88,-5.65,-1.83,-2.9,-0.69,12.8,12.65,12.72,12.98,0.0,0.08,0.15,0.08,0.99,-0.84,1.15,1.22,2.14,3.13
2016-05-13,831961,13.09,13.09,13.09,13.09,10,13090.0,0.0,0.0,0.0,0.0,-2.14,-3.06,-4.97,-3.21,-5.88,-5.65,-1.83,-2.9,-0.69,0.0,12.95,12.68,12.74,12.96,0.08,0.15,0.08,0.99,-0.84,1.15,1.22,2.14,3.13,1.3
2016-05-17,831961,13.1,12.98,13.1,12.98,20,26080.0,0.92,-0.84,-0.11,0.01,-2.23,-4.16,-2.39,-5.08,-4.85,-1.0,-2.08,0.15,0.85,0.85,12.97,12.72,12.74,12.94,1.0,0.92,1.85,0.0,2.0,2.08,3.0,4.01,2.16,-4.16
2016-05-19,831961,13.1,13.11,13.11,13.1,30,39310.0,0.08,1.0,0.13,0.01,-5.04,-3.28,-5.95,-5.73,-1.91,-2.98,-0.76,-0.08,-0.08,0.0,13.05,12.8,12.75,12.92,-0.08,0.84,-0.99,0.99,1.07,1.98,2.97,1.14,-5.11,-6.94
2016-05-20,831961,12.98,13.1,13.1,12.98,20,26080.0,0.92,-0.08,-0.01,0.01,-2.39,-5.08,-4.85,-1.0,-2.08,0.15,0.85,0.85,0.92,1.0,13.07,12.85,12.77,12.9,0.92,-0.92,1.07,1.15,2.06,3.05,1.22,-5.04,-6.87,-6.95
2016-05-23,831961,13.22,12.98,13.22,12.98,30,39180.0,1.83,-0.92,-0.12,0.01,-5.08,-4.85,-1.0,-2.08,0.15,0.85,0.85,0.92,1.0,0.92,13.05,12.93,12.78,12.88,0.0,2.0,2.08,3.0,4.01,2.16,-4.16,-6.01,-6.09,-6.93
2016-05-25,831961,12.86,12.98,12.98,12.59,30,38430.0,3.0,0.0,0.0,0.01,-1.91,2.07,0.95,3.26,3.97,3.97,4.05,4.13,4.05,5.0,13.03,12.99,12.79,12.87,2.0,2.08,3.0,4.01,2.16,-4.16,-6.01,-6.09,-6.93,-27.73
2016-05-30,831961,13.1,13.12,13.24,13.1,130,170940.0,1.08,1.08,0.14,0.04,-1.91,-2.98,-0.76,-0.08,-0.08,0.0,0.08,0.0,0.92,-0.92,13.06,13.02,12.81,12.85,0.99,1.91,2.9,1.07,-5.18,-7.01,-7.09,-7.93,-28.51,-29.73
2016-05-31,831961,13.24,13.25,13.25,13.24,80,105990.0,0.08,0.99,0.13,0.02,-4.0,-1.81,-1.13,-1.13,-1.06,-0.98,-1.06,-0.15,-1.96,0.0,13.09,13.07,12.83,12.84,0.91,1.89,0.08,-6.11,-7.92,-8.0,-8.83,-29.21,-30.42,-29.89
2016-06-01,831961,13.37,13.37,13.37,13.37,10,13370.0,0.0,0.91,0.12,0.0,-2.77,-2.09,-2.09,-2.02,-1.94,-2.02,-1.12,-2.92,-0.97,-0.9,13.14,13.11,12.86,12.84,0.97,-0.82,-6.96,-8.75,-8.83,-9.65,-29.84,-31.04,-30.52,-30.37
2016-06-02,831961,13.38,13.5,13.5,13.2,100,133390.0,2.24,0.97,0.13,0.03,-0.83,-0.83,-0.76,-0.68,-0.76,0.15,-1.67,0.3,0.38,1.29,13.24,13.15,12.9,12.86,-1.78,-7.85,-9.63,-9.7,-10.52,-30.52,-31.7,-31.19,-31.04,-30.37
2016-06-07,831961,13.26,12.34,13.26,12.34,270,342190.0,6.81,-8.59,-1.16,0.08,6.08,6.16,6.24,6.16,7.13,5.19,7.29,7.37,8.35,9.4,13.12,13.07,12.88,12.85,0.81,-1.13,-1.22,-2.11,-23.99,-25.28,-24.72,-24.55,-23.82,-25.2
2016-06-08,831961,12.44,12.33,12.44,12.33,70,86790.0,0.89,-0.08,-0.01,0.02,6.24,6.33,6.24,7.22,5.27,7.38,7.46,8.43,9.49,7.54,12.96,13.01,12.86,12.83,-1.05,-1.14,-2.03,-23.93,-25.22,-24.66,-24.49,-23.76,-25.14,-25.14
2016-06-13,831961,12.2,12.07,12.2,11.96,40,48310.0,1.95,-2.11,-0.26,0.01,9.62,9.53,10.54,8.53,10.7,10.79,11.79,12.88,10.87,4.01,12.72,12.9,12.85,12.8,0.99,0.08,-22.29,-23.61,-23.03,-22.87,-22.12,-23.53,-23.53,-24.28
2016-06-14,831961,12.19,12.19,12.19,12.19,10,12190.0,0.0,0.99,0.12,0.0,7.47,8.45,6.48,8.61,8.7,9.68,10.75,8.78,2.05,0.08,12.49,12.81,12.83,12.78,-0.9,-23.05,-24.36,-23.79,-23.63,-22.89,-24.28,-24.28,-25.02,-22.81
2016-06-16,831961,12.08,12.08,12.08,12.08,10,12080.0,0.0,-0.9,-0.11,0.0,9.44,7.45,9.6,9.69,10.68,11.75,9.77,2.98,0.99,0.91,12.2,12.72,12.82,12.76,-22.35,-23.68,-23.1,-22.93,-22.19,-23.59,-23.59,-24.34,-22.1,-21.19
2016-06-17,831961,9.21,9.38,9.38,9.0,73,68030.0,3.15,-22.35,-2.7,0.02,44.22,47.11,47.22,48.56,50.0,47.33,38.22,35.56,35.44,34.22,11.61,12.36,12.68,12.65,-1.71,-0.96,-0.75,0.21,-1.6,-1.6,-2.56,0.32,1.49,2.56
2016-06-20,831961,9.22,9.2,9.22,9.09,36,32994.0,1.39,-1.92,-0.18,0.01,45.65,45.76,47.08,48.51,45.87,36.85,34.21,34.1,32.89,3.19,10.98,11.97,12.49,12.53,0.98,1.2,2.17,0.33,0.33,-0.65,2.28,3.48,4.57,5.65
2016-06-22,831961,9.29,9.29,9.29,9.29,10,9290.0,0.0,0.98,0.09,0.0,42.63,43.92,45.32,42.73,33.91,31.32,31.22,30.03,0.97,-0.75,10.43,11.58,12.32,12.41,0.22,1.18,-0.65,-0.65,-1.61,1.29,2.48,3.55,4.63,4.74
2016-06-23,831961,9.3,9.31,9.31,9.3,40,37210.0,0.11,0.22,0.02,0.01,43.76,45.16,42.58,33.76,31.18,31.08,29.89,0.86,-0.86,-0.11,9.85,11.17,12.14,12.3,0.97,-0.86,-0.86,-1.83,1.07,2.26,3.33,4.4,4.51,3.54
2016-06-27,831961,9.4,9.4,9.4,9.4,10,9400.0,0.0,0.97,0.09,0.0,43.62,41.06,32.34,29.79,29.68,28.51,-0.21,-1.91,-1.17,-0.96,9.32,10.76,11.95,12.19,-1.81,-1.81,-2.77,0.11,1.28,2.34,3.4,3.51,2.55,1.7
2016-06-28,831961,9.23,9.14,9.23,9.14,13,11972.0,0.96,-2.77,-0.26,0.0,45.08,36.11,33.48,33.37,32.17,2.63,0.88,1.64,1.86,2.84,9.27,10.44,11.76,12.06,0.98,0.0,2.95,4.16,5.25,6.35,6.46,5.47,4.6,3.61
2016-06-29,831961,9.23,9.23,9.23,9.23,20,18460.0,0.0,0.98,0.09,0.0,34.78,32.18,32.07,30.88,1.63,-0.11,0.65,0.87,1.84,0.0,9.27,10.13,11.57,11.95,-0.98,1.95,3.14,4.23,5.31,5.42,4.44,3.58,2.6,2.49
2016-06-30,831961,9.14,9.14,9.14,9.14,10,9140.0,0.0,-0.98,-0.09,0.0,33.48,33.37,32.17,2.63,0.88,1.64,1.86,2.84,0.98,0.98,9.24,9.84,11.37,11.85,2.95,4.16,5.25,6.35,6.46,5.47,4.6,3.61,3.5,3.5
2016-07-04,831961,9.23,9.41,9.41,9.23,60,55800.0,1.97,2.95,0.27,0.01,32.07,30.88,1.63,-0.11,0.65,0.87,1.84,0.0,0.0,-0.98,9.26,9.56,11.19,11.74,1.17,2.23,3.29,3.4,2.44,1.59,0.64,0.53,0.53,-1.38
2016-07-05,831961,9.43,9.52,9.52,9.43,40,37810.0,0.96,1.17,0.11,0.01,28.1,-0.53,-2.23,-1.48,-1.27,-0.32,-2.12,-2.12,-3.08,-0.21,9.29,9.3,11.01,11.65,1.05,2.1,2.21,1.26,0.42,-0.53,-0.63,-0.63,-2.52,-3.36
2016-07-07,831961,9.62,9.62,9.62,9.62,10,9620.0,0.0,1.05,0.1,0.0,-2.49,-4.16,-3.43,-3.22,-2.29,-4.05,-4.05,-4.99,-2.18,-1.04,9.38,9.33,10.84,11.56,1.04,1.14,0.21,-0.62,-1.56,-1.66,-1.66,-3.53,-4.37,-3.53
2016-07-08,831961,9.72,9.72,9.72,9.72,10,9720.0,0.0,1.04,0.1,0.0,-5.14,-4.42,-4.22,-3.29,-5.04,-5.04,-5.97,-3.19,-2.06,-1.03,9.48,9.38,10.67,11.46,0.1,-0.82,-1.65,-2.57,-2.67,-2.67,-4.53,-5.35,-4.53,-5.35
2016-07-11,831961,9.73,9.73,9.73,9.73,30,29190.0,0.0,0.1,0.01,0.01,-4.52,-4.32,-3.39,-5.14,-5.14,-6.06,-3.29,-2.16,-1.13,-0.1,9.6,9.42,10.5,11.36,-0.92,-1.75,-2.67,-2.77,-2.77,-4.62,-5.45,-4.62,-5.45,-8.32
2016-07-13,831961,9.64,9.64,9.64,9.64,10,9640.0,0.0,-0.92,-0.09,0.0,-3.42,-2.49,-4.25,-4.25,-5.19,-2.39,-1.24,-0.21,0.83,0.93,9.65,9.46,10.31,11.24,-0.83,-1.76,-1.87,-1.87,-3.73,-4.56,-3.73,-4.56,-7.47,-7.47
2016-07-14,831961,9.56,9.56,9.56,9.56,10,9560.0,0.0,-0.83,-0.08,0.0,-1.67,-3.45,-3.45,-4.39,-1.57,-0.42,0.63,1.67,1.78,0.84,9.65,9.47,10.11,11.13,-0.94,-1.05,-1.05,-2.93,-3.77,-2.93,-3.77,-6.69,-6.69,-8.37
2016-07-15,831961,9.47,9.37,9.47,9.27,55,51515.0,2.09,-1.99,-0.19,0.01,-0.43,-0.43,-1.4,1.51,2.7,3.78,4.85,4.96,3.99,3.13,9.6,9.49,9.97,11.0,0.96,0.96,-0.96,-1.81,-0.96,-1.81,-4.8,-4.8,-6.51,-8.32
2016-07-18,831961,9.46,9.38,9.46,9.38,20,18840.0,0.85,0.11,0.01,0.0,-1.6,-2.56,0.32,1.49,2.56,3.62,3.73,2.77,1.92,0.96,9.54,9.51,9.82,10.88,0.85,-1.07,-1.92,-1.07,-1.92,-4.9,-4.9,-6.61,-8.42,-10.66
2016-07-19,831961,9.28,9.28,9.46,9.28,250,233080.0,1.92,-1.07,-0.1,0.06,-1.51,1.4,2.59,3.66,4.74,4.85,3.88,3.02,2.05,1.94,9.45,9.52,9.68,10.75,0.0,-0.86,0.0,-0.86,-3.88,-3.88,-5.6,-7.44,-9.7,-10.24
2016-07-20,831961,9.19,9.28,9.28,9.19,40,36880.0,0.97,0.0,0.0,0.01,2.39,3.59,4.68,5.77,5.88,4.9,4.03,3.05,2.94,2.94,9.37,9.51,9.53,10.63,-0.86,0.0,-0.86,-3.88,-3.88,-5.6,-7.44,-9.7,-10.24,-12.07
2016-07-22,831961,9.19,9.2,9.2,9.19,23,21147.0,0.11,-0.86,-0.08,0.01,3.59,4.68,5.77,5.88,4.9,4.03,3.05,2.94,2.94,0.98,9.3,9.48,9.39,10.5,0.87,0.0,-3.04,-3.04,-4.78,-6.63,-8.91,-9.46,-11.3,-10.22
2016-07-25,831961,9.28,9.28,9.28,9.28,10,9280.0,0.0,0.87,0.08,0.0,3.66,4.74,4.85,3.88,3.02,2.05,1.94,1.94,0.0,-0.86,9.28,9.44,9.38,10.38,-0.86,-3.88,-3.88,-5.6,-7.44,-9.7,-10.24,-12.07,-10.99,-12.28
2016-07-27,831961,9.2,8.93,9.2,8.93,113,102350.0,2.91,-3.77,-0.35,0.03,8.85,8.96,7.95,7.05,6.05,5.94,5.94,3.92,3.02,3.92,9.19,9.37,9.37,10.24,-0.11,-0.11,-1.9,-3.81,-6.16,-6.72,-8.62,-7.5,-8.85,-8.51
2016-07-28,831961,8.84,8.92,8.92,8.84,50,44370.0,0.9,-0.11,-0.01,0.01,10.07,9.05,8.14,7.13,7.01,7.01,4.98,4.07,4.98,4.07,9.12,9.28,9.35,10.09,0.0,-1.79,-3.7,-6.05,-6.61,-8.52,-7.4,-8.74,-8.41,-11.55
2016-08-01,831961,8.84,8.84,8.92,8.76,33,29228.0,1.79,-0.9,-0.08,0.01,10.05,9.13,8.11,7.99,7.99,5.94,5.02,5.94,5.02,1.83,9.03,9.2,9.33,9.94,-0.9,-2.83,-5.2,-5.77,-7.69,-6.56,-7.92,-7.58,-10.75,-9.84
2016-08-02,831961,8.76,8.68,8.76,8.68,20,17440.0,0.9,-1.81,-0.16,0.0,10.14,9.1,8.99,8.99,6.91,5.99,6.91,5.99,2.76,2.76,8.93,9.12,9.29,9.78,-1.04,-3.46,-4.03,-5.99,-4.84,-6.22,-5.88,-9.1,-8.18,-7.6
2016-08-03,831961,8.59,8.58,8.59,8.25,90,76020.0,3.92,-1.15,-0.1,0.02,14.79,14.67,14.67,12.48,11.52,12.48,11.52,8.12,8.12,6.18,8.79,9.04,9.27,9.66,-2.33,-2.91,-4.9,-3.73,-5.13,-4.78,-8.04,-7.11,-6.53,-6.99
2016-08-04,831961,8.32,8.25,8.38,8.25,80,66430.0,1.52,-3.85,-0.33,0.02,14.67,14.67,12.48,11.52,12.48,11.52,8.12,8.12,6.18,4.12,8.65,8.92,9.22,9.52,0.97,-1.09,0.12,-1.33,-0.97,-4.36,-3.39,-2.79,-3.27,-2.79
2016-08-05,831961,8.33,8.08,8.33,7.93,230,186260.0,4.85,-2.06,-0.17,0.05,19.29,17.02,16.02,17.02,16.02,12.48,12.48,10.47,8.32,5.67,8.49,8.8,9.16,9.39,0.99,2.23,0.74,1.11,-2.35,-1.36,-0.74,-1.24,-0.74,-0.62
2016-08-08,831961,8.01,8.16,8.16,8.01,30,24330.0,1.86,0.99,0.08,0.01,15.86,14.86,15.86,14.86,11.36,11.36,9.36,7.24,4.62,4.0,8.35,8.69,9.1,9.25,1.23,-0.25,0.12,-3.31,-2.33,-1.72,-2.21,-1.72,-1.59,-0.61
2016-08-09,831961,8.24,8.13,8.26,7.93,150,121950.0,4.04,-0.37,-0.03,0.03,16.02,17.02,16.02,12.48,12.48,10.47,8.32,5.67,5.04,2.9,8.24,8.59,9.03,9.12,0.12,0.49,-2.95,-1.97,-1.35,-1.85,-1.35,-1.23,-0.25,-3.94
2016-08-10,831961,7.93,8.14,8.14,7.86,60,47770.0,3.44,0.12,0.01,0.01,18.07,17.05,13.49,13.49,11.45,9.29,6.62,5.98,3.82,5.09,8.15,8.47,8.96,9.08,0.37,-3.07,-2.09,-1.47,-1.97,-1.47,-1.35,-0.37,-4.05,-1.23
2016-08-11,831961,8.17,8.01,8.17,7.77,150,118740.0,4.91,-1.6,-0.13,0.03,18.4,14.8,14.8,12.74,10.55,7.85,7.21,5.02,6.31,4.76,8.1,8.38,8.87,9.04,-1.5,-0.5,0.12,-0.37,0.12,0.25,1.25,-2.5,0.37,1.37
2016-08-12,831961,7.79,7.89,7.89,7.6,240,185950.0,3.62,-1.5,-0.12,0.06,17.37,17.37,15.26,13.03,10.26,9.61,7.37,8.68,7.11,7.5,8.07,8.28,8.78,8.99,1.01,1.65,1.14,1.65,1.77,2.79,-1.01,1.9,2.92,2.03
2016-08-15,831961,7.94,7.97,7.97,7.94,30,23880.0,0.38,1.01,0.08,0.01,12.34,10.33,8.19,5.54,4.91,2.77,4.03,2.52,2.9,-0.63,8.03,8.19,8.7,8.95,0.63,0.13,0.63,0.75,1.76,-2.01,0.88,1.88,1.0,2.01
2016-08-16,831961,8.02,8.02,8.02,7.8,30,23840.0,2.76,0.63,0.05,0.01,12.31,10.13,7.44,6.79,4.62,5.9,4.36,4.74,1.15,2.18,8.01,8.12,8.62,8.9,-0.5,0.0,0.12,1.12,-2.62,0.25,1.25,0.37,1.37,1.37
2016-08-17,831961,7.72,7.98,7.98,7.72,40,31360.0,3.24,-0.5,-0.04,0.01,11.27,8.55,7.9,5.7,6.99,5.44,5.83,2.2,3.24,3.89,7.97,8.06,8.55,8.86,0.5,0.63,1.63,-2.13,0.75,1.75,0.88,1.88,1.88,2.88
2016-08-18,831961,8.02,8.02,8.02,8.02,10,8020.0,0.0,0.5,0.04,0.0,4.49,3.87,1.75,2.99,1.5,1.87,-1.62,-0.62,0.0,-0.5,7.98,8.04,8.48,8.82,0.12,1.12,-2.62,0.25,1.25,0.37,1.37,1.37,2.37,1.62
2016-08-19,831961,7.8,8.03,8.03,7.73,90,70530.0,3.74,0.12,0.01,0.02,7.76,5.56,6.86,5.3,5.69,2.07,3.1,3.75,3.23,3.75,8.0,8.04,8.42,8.79,1.0,-2.74,0.12,1.12,0.25,1.25,1.25,2.24,1.49,0.87
2016-08-22,831961,8.03,8.11,8.11,8.03,20,16140.0,1.0,1.0,0.08,0.0,1.62,2.86,1.37,1.74,-1.74,-0.75,-0.12,-0.62,-0.12,0.0,8.03,8.03,8.36,8.74,-3.7,-0.86,0.12,-0.74,0.25,0.25,1.23,0.49,-0.12,0.25
2016-08-23,831961,7.81,7.81,7.81,7.81,20,15620.0,0.0,-3.7,-0.3,0.0,5.76,4.23,4.61,1.02,2.05,2.69,2.18,2.69,2.82,3.84,7.99,8.0,8.29,8.69,2.94,3.97,3.07,4.1,4.1,5.12,4.35,3.71,4.1,4.23
2016-08-24,831961,7.89,8.04,8.04,7.89,20,15930.0,1.92,2.94,0.23,0.0,3.17,3.55,0.0,1.01,1.65,1.14,1.65,1.77,2.79,-1.01,8.0,7.99,8.23,8.63,1.0,0.12,1.12,1.12,2.11,1.37,0.75,1.12,1.24,2.24
2016-08-25,831961,8.12,8.12,8.12,8.12,10,8120.0,0.0,1.0,0.08,0.0,0.62,-2.83,-1.85,-1.23,-1.72,-1.23,-1.11,-0.12,-3.82,-0.99,8.02,8.0,8.19,8.58,-0.86,0.12,0.12,1.11,0.37,-0.25,0.12,0.25,1.23,1.11
2016-08-26,831961,7.82,8.05,8.05,7.82,58,45816.0,2.83,-0.86,-0.07,0.01,0.9,1.92,2.56,2.05,2.56,2.69,3.71,-0.13,2.81,3.84,8.03,8.02,8.15,8.52,0.99,0.99,1.99,1.24,0.62,0.99,1.12,2.11,1.99,-0.75
2016-08-30,831961,8.13,7.82,8.13,7.82,30,23850.0,3.85,-2.86,-0.23,0.01,1.92,2.56,2.05,2.56,2.69,3.71,-0.13,2.81,3.84,2.94,7.97,8.0,8.09,8.46,3.96,4.99,4.22,3.58,3.96,4.09,5.12,4.99,2.17,2.3
2016-08-31,831961,8.13,8.13,8.13,8.13,10,8130.0,0.0,3.96,0.31,0.0,-1.35,-1.85,-1.35,-1.23,-0.25,-3.94,-1.11,-0.12,-0.98,0.0,8.03,8.01,8.07,8.42,0.98,0.25,-0.37,0.0,0.12,1.11,0.98,-1.72,-1.6,-0.62
2016-09-05,831961,8.21,7.95,8.21,7.95,50,40530.0,3.2,-2.21,-0.18,0.01,0.38,0.88,1.01,2.01,-1.76,1.13,2.14,1.26,2.26,2.26,8.01,8.01,8.04,8.37,2.52,1.89,2.26,2.39,3.4,3.27,0.5,0.63,1.64,0.38
2016-09-09,831961,8.15,8.15,8.15,8.15,10,8150.0,0.0,2.52,0.2,0.0,-1.6,-1.47,-0.49,-4.17,-1.35,-0.37,-1.23,-0.25,-0.25,0.74,8.02,8.02,8.03,8.33,-0.61,-0.25,-0.12,0.86,0.74,-1.96,-1.84,-0.86,-2.09,-1.96
2016-09-12,831961,7.9,7.8,8.1,7.73,250,196190.0,4.54,-4.29,-0.35,0.06,3.88,4.92,1.03,4.01,5.05,4.14,5.17,5.17,6.21,5.43,7.97,8.0,8.02,8.28,4.23,4.36,5.38,5.26,2.44,2.56,3.59,2.31,2.44,-0.38
2016-09-13,831961,7.67,8.13,8.13,7.52,210,164430.0,7.82,4.23,0.33,0.05,7.85,3.86,6.91,7.98,7.05,8.11,8.11,9.18,8.38,7.71,8.03,8.0,8.01,8.24,0.12,1.11,0.98,-1.72,-1.6,-0.62,-1.85,-1.72,-4.43,-4.67
2016-09-14,831961,7.91,8.14,8.14,7.85,60,47790.0,3.57,0.12,0.01,0.01,-0.51,2.42,3.44,2.55,3.57,3.57,4.59,3.82,3.18,3.57,8.03,8.03,8.02,8.21,0.98,0.86,-1.84,-1.72,-0.74,-1.97,-1.84,-4.55,-4.79,-4.91
2016-09-19,831961,8.22,8.13,8.22,8.13,40,32790.0,1.11,-0.12,-0.01,0.01,-1.11,-0.12,-0.98,0.0,0.0,0.98,0.25,-0.37,0.0,0.12,8.07,8.04,8.01,8.17,0.98,-1.72,-1.6,-0.62,-1.85,-1.72,-4.43,-4.67,-4.8,-6.27
2016-09-22,831961,8.21,8.21,8.21,8.21,20,16420.0,0.0,0.98,0.08,0.0,-1.1,-1.95,-0.97,-0.97,0.0,-0.73,-1.34,-0.97,-0.85,0.12,8.08,8.05,8.02,8.14,-2.68,-2.56,-1.58,-2.8,-2.68,-5.36,-5.6,-5.72,-7.19,-7.55
2016-09-26,831961,7.99,7.92,7.99,7.92,50,39780.0,0.85,-3.53,-0.29,0.01,1.64,2.65,2.65,3.66,2.9,2.27,2.65,2.78,3.79,3.66,8.11,8.04,8.03,8.11,1.01,2.02,0.76,0.88,-1.89,-2.15,-2.27,-3.79,-4.17,-3.66
2016-09-27,831961,8.0,8.0,8.0,8.0,10,8000.0,0.0,1.01,0.08,0.0,1.63,1.63,2.63,1.88,1.25,1.63,1.75,2.75,2.63,-0.12,8.08,8.06,8.03,8.08,1.0,-0.25,-0.12,-2.88,-3.12,-3.25,-4.75,-5.13,-4.63,-4.63
2016-09-28,831961,8.08,7.9,8.08,7.65,235,183635.0,5.38,-1.25,-0.1,0.05,6.27,7.32,6.54,5.88,6.27,6.41,7.45,7.32,4.44,4.58,8.03,8.03,8.02,8.06,1.01,1.14,-1.65,-1.9,-2.03,-3.54,-3.92,-3.42,-3.42,-5.95
2016-09-29,831961,7.98,7.98,7.98,7.98,20,15960.0,0.0,1.01,0.08,0.0,2.88,2.13,1.5,1.88,2.01,3.01,2.88,0.13,0.25,1.25,8.0,8.04,8.02,8.04,0.13,-2.63,-2.88,-3.01,-4.51,-4.89,-4.39,-4.39,-6.89,-6.02
2016-09-30,831961,7.99,7.99,7.99,7.69,50,39350.0,3.76,0.13,0.01,0.01,5.98,5.33,5.72,5.85,6.89,6.76,3.9,4.03,5.07,3.77,7.96,8.02,8.02,8.03,-2.75,-3.0,-3.13,-4.63,-5.01,-4.51,-4.51,-7.01,-6.13,-5.13
2016-10-10,831961,7.77,7.75,7.77,7.75,20,15520.0,0.25,-3.0,-0.24,0.0,4.52,4.9,5.03,6.06,5.94,3.1,3.23,4.26,2.97,3.1,7.92,8.02,8.01,8.02,0.0,-0.13,-1.68,-2.06,-1.55,-1.55,-4.13,-3.23,-2.19,-2.84
2016-10-11,831961,7.7,7.66,7.75,7.66,60,46240.0,1.16,-1.16,-0.09,0.01,6.14,6.27,7.31,7.18,4.31,4.44,5.48,4.18,4.31,1.44,7.86,7.97,7.98,8.0,1.04,-0.52,-0.91,-0.39,-0.39,-3.0,-2.09,-1.04,-1.7,-1.17
2016-10-12,831961,7.63,7.61,7.74,7.27,486,367322.0,6.14,-0.65,-0.05,0.11,11.97,13.07,12.93,9.9,10.04,11.14,9.77,9.9,6.88,6.6,7.8,7.92,7.97,7.98,0.13,-0.26,0.26,0.26,-2.37,-1.45,-0.39,-1.05,-0.53,0.53
2016-10-13,831961,7.33,7.62,7.62,7.31,40,29800.0,4.07,0.13,0.01,0.01,12.45,12.31,9.3,9.44,10.53,9.17,9.3,6.29,6.02,5.88,7.73,7.86,7.95,7.96,-0.39,0.13,0.13,-2.49,-1.57,-0.52,-1.18,-0.66,0.39,1.44
2016-10-17,831961,7.41,7.5,7.59,7.33,105,78145.0,3.41,-1.57,-0.12,0.02,12.01,9.0,9.14,10.23,8.87,9.0,6.0,5.73,5.59,3.96,7.63,7.79,7.92,7.95,1.73,1.73,-0.93,0.0,1.07,0.4,0.93,2.0,3.07,4.13
2016-10-18,831961,7.58,7.56,7.63,7.56,50,38030.0,0.93,0.8,0.06,0.01,5.69,5.82,6.88,5.56,5.69,2.78,2.51,2.38,0.79,0.4,7.59,7.76,7.9,7.94,0.93,-1.72,-0.79,0.26,-0.4,0.13,1.19,2.25,3.31,3.44
2016-10-19,831961,7.42,7.63,7.63,7.42,20,15050.0,2.78,0.93,0.07,0.0,7.82,8.89,7.55,7.68,4.72,4.45,4.31,2.7,2.29,2.83,7.58,7.72,7.89,7.93,-2.62,-1.7,-0.66,-1.31,-0.79,0.26,1.31,2.36,2.49,3.54
2016-10-20,831961,7.42,7.43,7.43,7.34,69,51050.0,1.18,-2.62,-0.2,0.02,10.08,8.72,8.86,5.86,5.59,5.45,3.81,3.41,3.95,3.95,7.55,7.67,7.85,7.91,0.94,2.02,1.35,1.88,2.96,4.04,5.11,5.25,6.33,7.27
2016-10-21,831961,7.5,7.5,7.5,7.5,20,15000.0,0.0,0.94,0.07,0.0,6.4,6.53,3.6,3.33,3.2,1.6,1.2,1.73,1.73,-0.93,7.52,7.63,7.83,7.89,1.07,0.4,0.93,2.0,3.07,4.13,4.27,5.33,6.27,7.73
2016-10-24,831961,7.58,7.58,7.58,7.58,10,7580.0,0.0,1.07,0.08,0.0,5.41,2.51,2.24,2.11,0.53,0.13,0.66,0.66,-1.98,-1.06,7.54,7.58,7.8,7.87,-0.66,-0.13,0.92,1.98,3.03,3.17,4.22,5.15,6.6,7.65
2016-10-26,831961,7.35,7.53,7.53,7.35,40,29580.0,2.37,-0.66,-0.05,0.01,5.71,5.44,5.31,3.67,3.27,3.81,3.81,1.09,2.04,3.13,7.53,7.56,7.79,7.86,0.53,1.59,2.66,3.72,3.85,4.91,5.84,7.3,8.37,8.23
2016-10-27,831961,7.57,7.57,7.57,7.57,10,7570.0,0.0,0.53,0.04,0.0,2.38,2.25,0.66,0.26,0.79,0.79,-1.85,-0.92,0.13,-0.53,7.52,7.55,7.76,7.84,1.06,2.11,3.17,3.3,4.36,5.28,6.74,7.79,7.66,4.62
2016-10-28,831961,7.65,7.65,7.65,7.65,10,7650.0,0.0,1.06,0.08,0.0,1.18,-0.39,-0.78,-0.26,-0.26,-2.88,-1.96,-0.92,-1.57,-1.05,7.57,7.56,7.74,7.83,1.05,2.09,2.22,3.27,4.18,5.62,6.67,6.54,3.53,3.92
2016-10-31,831961,7.73,7.73,7.73,7.73,10,7730.0,0.0,1.05,0.08,0.0,-1.42,-1.81,-1.29,-1.29,-3.88,-2.98,-1.94,-2.59,-2.07,-1.03,7.61,7.57,7.72,7.82,1.03,1.16,2.2,3.1,4.53,5.56,5.43,2.46,2.85,3.49
2016-11-01,831961,7.81,7.81,7.81,7.81,10,7810.0,0.0,1.03,0.08,0.0,-2.82,-2.3,-2.3,-4.87,-3.97,-2.94,-3.59,-3.07,-2.05,-1.02,7.66,7.6,7.7,7.81,0.13,1.15,2.05,3.46,4.48,4.35,1.41,1.79,2.43,-0.64
2016-11-02,831961,7.82,7.82,7.82,7.82,10,7820.0,0.0,0.13,0.01,0.0,-2.43,-2.43,-4.99,-4.09,-3.07,-3.71,-3.2,-2.17,-1.15,-0.13,7.72,7.63,7.69,7.81,1.02,1.92,3.32,4.35,4.22,1.28,1.66,2.3,-0.77,-4.48
2016-11-04,831961,7.9,7.9,7.9,7.9,10,7900.0,0.0,1.02,0.08,0.0,-3.42,-5.95,-5.06,-4.05,-4.68,-4.18,-3.16,-2.15,-1.14,-1.01,7.78,7.65,7.69,7.81,0.89,2.28,3.29,3.16,0.25,0.63,1.27,-1.77,-5.44,-6.33
2016-11-08,831961,7.97,7.97,7.97,7.97,320,255040.0,0.0,0.89,0.07,0.07,-6.78,-5.9,-4.89,-5.52,-5.02,-4.02,-3.01,-2.01,-1.88,-0.88,7.85,7.71,7.69,7.8,1.38,2.38,2.26,-0.63,-0.25,0.38,-2.63,-6.27,-7.15,-7.15
2016-11-09,831961,7.73,8.08,8.08,7.73,70,55770.0,4.39,1.38,0.11,0.02,-2.98,-1.94,-2.59,-2.07,-1.03,0.0,1.03,1.16,2.2,3.1,7.92,7.76,7.69,7.81,0.99,0.87,-1.98,-1.61,-0.99,-3.96,-7.55,-8.42,-8.42,-10.02
2016-11-11,831961,8.15,8.0,8.16,7.83,178,141764.0,4.08,-0.99,-0.08,0.04,-3.19,-3.83,-3.32,-2.3,-1.28,-0.26,-0.13,0.89,1.79,3.19,7.95,7.81,7.69,7.8,1.88,-1.0,-0.62,0.0,-3.0,-6.63,-7.5,-7.5,-9.13,-10.38
2016-11-14,831961,8.08,8.07,8.15,8.07,50,40550.0,1.0,0.88,0.07,0.01,-6.69,-6.2,-5.2,-4.21,-3.22,-3.1,-2.11,-1.24,0.12,1.12,8.0,7.86,7.71,7.81,-1.86,-1.49,-0.87,-3.84,-7.43,-8.3,-8.3,-9.91,-11.15,-12.39
2016-11-15,831961,7.92,7.82,7.92,7.82,40,31410.0,1.24,-3.1,-0.25,0.01,-3.2,-2.17,-1.15,-0.13,0.0,1.02,1.92,3.32,4.35,4.22,7.99,7.89,7.72,7.8,1.66,2.3,-0.77,-4.48,-5.37,-5.37,-7.03,-8.31,-9.59,-15.09
2016-11-16,831961,7.95,7.9,7.95,7.9,40,31700.0,0.64,1.02,0.08,0.01,-3.16,-2.15,-1.14,-1.01,0.0,0.89,2.28,3.29,3.16,0.25,7.97,7.91,7.73,7.79,1.27,-1.77,-5.44,-6.33,-6.33,-7.97,-9.24,-10.51,-15.95,-12.91
2016-11-17,831961,7.77,7.68,8.0,7.68,330,257010.0,4.05,-2.78,-0.22,0.07,0.65,1.69,1.82,2.86,3.78,5.21,6.25,6.12,3.12,3.52,7.89,7.91,7.74,7.78,1.04,-2.73,-3.65,-3.65,-5.34,-6.64,-7.94,-13.54,-10.42,-10.42
2016-11-18,831961,7.62,7.56,7.76,7.55,160,121340.0,2.73,-1.56,-0.12,0.04,3.44,3.58,4.64,5.56,7.02,8.08,7.95,4.9,5.3,5.96,7.81,7.88,7.74,7.76,-1.19,-2.12,-2.12,-3.84,-5.16,-6.48,-12.17,-8.99,-8.99,-12.57
2016-11-21,831961,7.47,7.47,7.47,7.47,10,7470.0,0.0,-1.19,-0.09,0.0,4.69,5.76,6.69,8.17,9.24,9.1,6.02,6.43,7.1,3.88,7.69,7.85,7.73,7.74,-0.94,-0.94,-2.68,-4.02,-5.35,-11.11,-7.9,-7.9,-11.51,-11.65
2016-11-22,831961,7.4,7.25,7.4,7.25,80,58340.0,2.01,-2.95,-0.22,0.02,8.97,9.93,11.45,12.55,12.41,9.24,9.66,10.34,7.03,3.03,7.57,7.78,7.72,7.72,2.07,0.28,-1.1,-2.48,-8.41,-5.1,-5.1,-8.83,-8.97,-10.48
2016-11-23,831961,7.32,7.2,7.4,7.15,290,211970.0,3.45,-0.69,-0.05,0.06,11.47,13.01,14.13,13.99,10.77,11.19,11.89,8.53,4.48,3.5,7.43,7.7,7.7,7.69,0.97,-0.42,-1.81,-7.78,-4.44,-4.44,-8.19,-8.33,-9.86,-12.5
2016-11-24,831961,7.27,7.09,7.27,7.09,70,50130.0,2.5,-1.53,-0.11,0.02,13.96,15.09,14.95,11.71,12.13,12.83,9.45,5.36,4.37,4.37,7.31,7.6,7.68,7.66,1.13,-0.28,-6.35,-2.96,-2.96,-6.77,-6.91,-8.46,-11.14,-10.3
2016-11-25,831961,7.04,6.93,7.17,6.93,229,161764.0,3.39,-2.26,-0.16,0.05,17.75,17.6,14.29,14.72,15.44,11.98,7.79,6.78,6.78,4.91,7.19,7.5,7.65,7.63,2.02,-4.18,-0.72,-0.72,-4.62,-4.76,-6.35,-9.09,-8.23,-10.1
2016-11-28,831961,6.91,6.67,7.07,6.56,954,651362.0,7.36,-3.75,-0.26,0.21,24.24,20.73,21.19,21.95,18.29,13.87,12.8,12.8,10.82,9.3,7.03,7.36,7.61,7.59,-0.45,3.15,3.15,-0.9,-1.05,-2.7,-5.55,-4.65,-6.6,-5.7
2016-11-29,831961,6.5,6.5,6.64,6.47,950,618540.0,2.55,-2.55,-0.17,0.21,22.41,22.87,23.65,19.94,15.46,14.37,14.37,12.36,10.82,9.27,6.88,7.23,7.55,7.55,5.85,5.85,1.69,1.54,-0.15,-3.08,-2.15,-4.15,-3.23,-3.23
2016-11-30,831961,6.56,6.88,6.88,6.56,200,134370.0,4.92,5.85,0.38,0.04,21.19,21.95,18.29,13.87,12.8,12.8,10.82,9.3,7.77,1.22,6.81,7.12,7.52,7.53,0.0,-3.92,-4.07,-5.67,-8.43,-7.56,-9.45,-8.58,-8.58,-11.34
2016-12-01,831961,6.69,6.54,6.88,6.32,920,603510.0,8.14,-4.94,-0.34,0.21,26.58,22.78,18.2,17.09,17.09,15.03,13.45,11.87,5.06,8.86,6.7,7.01,7.46,7.49,1.07,0.92,-0.76,-3.67,-2.75,-4.74,-3.82,-3.82,-6.73,-3.36
2016-12-02,831961,6.61,6.4,6.61,6.22,250,159990.0,5.96,-2.14,-0.14,0.06,24.76,20.1,18.97,18.97,16.88,15.27,13.67,6.75,10.61,10.61,6.6,6.89,7.39,7.46,3.12,1.41,-1.56,-0.62,-2.66,-1.72,-1.72,-4.69,-1.25,-4.69
2016-12-05,831961,6.41,6.6,6.6,6.41,80,51980.0,2.97,3.13,0.2,0.02,16.54,15.44,15.44,13.42,11.86,10.3,3.59,7.33,7.33,3.12,6.58,6.81,7.33,7.43,-1.67,-4.55,-3.64,-5.61,-4.7,-4.7,-7.58,-4.24,-7.58,-6.36
2016-12-06,831961,6.42,6.49,6.49,6.33,80,51060.0,2.42,-1.67,-0.11,0.02,16.9,16.9,14.85,13.27,11.69,4.9,8.69,8.69,4.42,4.27,6.58,6.73,7.25,7.39,-2.93,-2.0,-4.01,-3.08,-3.08,-6.01,-2.62,-6.01,-4.78,-3.7
2016-12-07,831961,6.3,6.24,6.3,6.24,440,276160.0,0.92,-3.85,-0.25,0.1,18.59,16.51,14.9,13.3,6.41,10.26,10.26,5.93,5.77,4.01,6.45,6.63,7.17,7.35,1.92,-0.16,0.8,0.8,-2.24,1.28,-2.24,-0.96,0.16,-2.24
2016-12-08,831961,6.18,6.15,6.36,6.12,830,512490.0,3.85,-1.44,-0.09,0.19,18.79,17.16,15.52,8.5,12.42,12.42,8.01,7.84,6.05,2.94,6.38,6.54,7.07,7.3,1.3,2.28,2.28,-0.81,2.76,-0.81,0.49,1.63,-0.81,-3.25
2016-12-09,831961,6.06,6.08,6.23,6.06,110,67100.0,2.76,-1.14,-0.07,0.02,18.32,16.67,9.57,13.53,13.53,9.08,8.91,7.1,3.96,4.95,6.31,6.46,6.98,7.25,3.45,3.45,0.33,3.95,0.33,1.64,2.8,0.33,-2.14,-1.15
2016-12-12,831961,6.14,6.06,6.29,6.01,1590,974140.0,4.61,-0.33,-0.02,0.36,17.64,10.48,14.48,14.48,9.98,9.82,7.99,4.83,5.82,3.66,6.2,6.39,6.88,7.2,3.8,0.66,4.29,0.66,1.98,3.14,0.66,-1.82,-0.83,1.16
2016-12-13,831961,6.12,6.04,6.29,6.04,260,161210.0,4.13,-0.33,-0.02,0.06,9.93,13.91,13.91,9.44,9.27,7.45,4.3,5.3,3.15,4.14,6.11,6.35,6.79,7.15,0.99,4.64,0.99,2.32,3.48,0.99,-1.49,-0.5,1.49,1.82
2016-12-14,831961,6.1,6.1,6.1,6.1,20,12200.0,0.0,0.99,0.06,0.0,12.79,12.79,8.36,8.2,6.39,3.28,4.26,2.13,3.11,3.11,6.09,6.27,6.7,7.1,3.61,0.0,1.31,2.46,0.0,-2.46,-1.48,0.49,0.82,3.93
2016-12-15,831961,6.16,6.11,6.32,5.94,660,402690.0,6.23,0.16,0.01,0.15,15.82,11.28,11.11,9.26,6.06,7.07,4.88,5.89,5.89,2.69,6.08,6.23,6.62,7.05,-0.16,1.15,2.29,-0.16,-2.62,-1.64,0.33,0.65,3.76,4.75
2016-12-16,831961,5.94,5.9,6.1,5.9,370,219440.0,3.27,-3.44,-0.21,0.08,12.03,11.86,10.0,6.78,7.8,5.59,6.61,6.61,3.39,7.12,6.04,6.18,6.53,6.98,4.75,5.93,3.39,0.85,1.86,3.9,4.24,7.46,8.47,11.36
2016-12-19,831961,6.12,6.18,6.18,6.12,20,12300.0,1.02,4.75,0.28,0.0,7.84,6.05,2.94,3.92,1.8,2.78,2.78,-0.33,3.27,-0.33,6.07,6.14,6.47,6.93,1.13,-1.29,-3.72,-2.75,-0.81,-0.49,2.59,3.56,6.31,6.8
2016-12-20,831961,6.24,6.01,6.25,6.01,210,129500.0,3.88,-2.75,-0.17,0.05,7.99,4.83,5.82,3.66,4.66,4.66,1.5,5.16,1.5,2.83,6.06,6.09,6.41,6.87,1.5,-1.0,0.0,2.0,2.33,5.49,6.49,9.32,9.82,9.65
2016-12-21,831961,6.07,6.1,6.1,6.07,40,24340.0,0.5,1.5,0.09,0.01,3.79,4.78,2.64,3.62,3.62,0.49,4.12,0.49,1.81,2.97,6.06,6.07,6.35,6.8,-2.46,-1.48,0.49,0.82,3.93,4.92,7.7,8.2,8.03,9.51
2016-12-26,831961,5.95,5.95,5.95,5.95,40,23800.0,0.0,-2.46,-0.15,0.01,6.89,4.71,5.71,5.71,2.52,6.22,2.52,3.87,5.04,2.52,6.03,6.05,6.3,6.73,1.01,3.03,3.36,6.55,7.56,10.42,10.92,10.76,12.27,13.28
2016-12-27,831961,6.01,6.01,6.01,6.01,20,12020.0,0.0,1.01,0.06,0.0,3.66,4.66,4.66,1.5,5.16,1.5,2.83,3.99,1.5,-1.0,6.05,6.05,6.25,6.67,2.0,2.33,5.49,6.49,9.32,9.82,9.65,11.15,12.15,14.81
2016-12-28,831961,6.07,5.9,6.13,5.9,300,178400.0,3.83,-1.83,-0.11,0.07,6.61,6.61,3.39,7.12,3.39,4.75,5.93,3.39,0.85,1.86,5.99,6.03,6.21,6.59,4.24,7.46,8.47,11.36,11.86,11.69,13.22,14.24,16.95,18.14
2016-12-29,831961,5.96,6.15,6.15,5.96,40,24150.0,3.22,4.24,0.25,0.01,5.54,2.35,6.04,2.35,3.69,4.87,2.35,-0.17,0.84,2.85,6.02,6.04,6.19,6.54,3.09,4.07,6.83,7.32,7.15,8.62,9.59,12.2,13.33,14.63
2016-12-30,831961,6.14,6.34,6.34,6.14,140,86900.0,3.25,3.09,0.19,0.03,-0.65,2.93,-0.65,0.65,1.79,-0.65,-3.09,-2.12,-0.16,0.16,6.07,6.07,6.17,6.49,0.95,3.63,4.1,3.94,5.36,6.31,8.83,9.94,11.2,12.93
2017-01-03,831961,6.33,6.4,6.4,6.33,40,25520.0,1.1,0.95,0.06,0.01,-0.16,-3.63,-2.37,-1.26,-3.63,-6.0,-5.06,-3.16,-2.84,0.16,6.16,6.09,6.16,6.44,2.66,3.12,2.97,4.37,5.31,7.81,8.91,10.16,11.87,17.66
2017-01-04,831961,6.45,6.53,6.57,6.36,190,122630.0,3.28,2.03,0.13,0.04,-4.09,-2.83,-1.73,-4.09,-6.45,-5.5,-3.62,-3.3,-0.31,0.63,6.26,6.16,6.17,6.41,1.07,0.92,2.3,3.22,5.67,6.74,7.96,9.65,15.31,16.23
2017-01-05,831961,6.6,6.41,6.6,6.36,400,255940.0,3.68,-1.84,-0.12,0.09,-2.83,-1.73,-4.09,-6.45,-5.5,-3.62,-3.3,-0.31,0.63,3.3,6.37,6.18,6.16,6.37,2.81,4.21,5.15,7.64,8.74,9.98,11.7,17.47,18.41,18.72
2017-01-06,831961,6.5,6.59,6.59,6.38,120,77520.0,3.28,2.81,0.18,0.03,-2.04,-4.39,-6.74,-5.8,-3.92,-3.61,-0.63,0.31,2.98,3.45,6.45,6.24,6.16,6.35,1.37,2.28,4.7,5.77,6.98,8.65,14.26,15.17,15.48,17.91
2017-01-09,831961,6.6,6.66,6.68,6.48,280,184300.0,3.03,1.06,0.07,0.06,-5.86,-8.18,-7.25,-5.4,-5.09,-2.16,-1.23,1.39,1.85,1.7,6.52,6.29,6.18,6.33,1.2,3.6,4.65,5.86,7.51,13.06,13.96,14.26,16.67,20.12
2017-01-10,831961,6.67,6.74,6.74,6.6,190,126700.0,2.1,1.2,0.08,0.04,-9.85,-8.94,-7.12,-6.82,-3.94,-3.03,-0.45,0.0,-0.15,1.21,6.59,6.37,6.21,6.32,2.37,3.41,4.6,6.23,11.72,12.61,12.91,15.28,18.69,18.84
2017-01-11,831961,6.81,6.9,6.9,6.81,40,27400.0,1.34,2.37,0.16,0.01,-11.75,-9.99,-9.69,-6.9,-6.02,-3.52,-3.08,-3.23,-1.91,-1.03,6.66,6.46,6.25,6.32,1.01,2.17,3.77,9.13,10.0,10.29,12.61,15.94,16.09,16.67
2017-01-12,831961,6.95,6.71,6.97,6.71,150,102780.0,3.77,-2.75,-0.19,0.03,-8.64,-8.35,-5.51,-4.62,-2.09,-1.64,-1.79,-0.45,0.45,2.83,6.72,6.54,6.29,6.32,5.07,6.71,12.22,13.11,13.41,15.8,19.23,19.37,19.97,20.12
2017-01-13,831961,6.94,6.95,7.05,6.87,1286,892560.0,2.68,3.58,0.24,0.29,-10.48,-7.71,-6.84,-4.37,-3.93,-4.08,-2.77,-1.89,0.44,1.46,6.79,6.62,6.33,6.34,3.02,8.35,9.21,9.5,11.8,15.11,15.25,15.83,15.97,12.09
2017-01-16,831961,7.01,7.15,7.16,7.0,1720,1223830.0,2.3,2.88,0.2,0.39,-9.43,-8.57,-6.14,-5.71,-5.86,-4.57,-3.71,-1.43,-0.43,0.71,6.89,6.7,6.38,6.35,5.31,6.15,6.43,8.67,11.89,12.03,12.59,12.73,8.95,11.89
2017-01-17,831961,7.17,7.25,7.53,7.17,810,596090.0,5.03,1.4,0.1,0.18,-10.74,-8.37,-7.95,-8.09,-6.83,-6.0,-3.77,-2.79,-1.67,-0.14,6.99,6.79,6.44,6.37,4.69,4.97,7.17,10.34,10.48,11.03,11.17,7.45,10.34,10.34
2017-01-18,831961,7.39,7.53,7.59,7.26,1360,1008410.0,4.55,3.86,0.28,0.3,-9.5,-9.09,-9.23,-7.99,-7.16,-4.96,-3.99,-2.89,-1.38,3.72,7.12,6.89,6.52,6.41,1.06,3.19,6.24,6.37,6.91,7.04,3.45,6.24,6.24,6.37
2017-01-19,831961,7.53,7.61,7.61,7.45,160,120780.0,2.12,1.06,0.08,0.04,-11.41,-11.54,-10.34,-9.53,-7.38,-6.44,-5.37,-3.89,1.07,1.88,7.3,7.01,6.59,6.44,2.1,5.12,5.26,5.78,5.91,2.37,5.12,5.12,5.26,5.26
2017-01-20,831961,7.69,7.77,7.77,7.51,300,226120.0,3.42,2.1,0.16,0.07,-12.25,-11.05,-10.25,-8.12,-7.19,-6.13,-4.66,0.27,1.07,1.33,7.46,7.13,6.68,6.48,2.96,3.09,3.6,3.73,0.26,2.96,2.96,3.09,3.09,5.28
2017-01-24,831961,7.84,8.0,8.0,7.8,170,134320.0,2.57,2.96,0.23,0.04,-14.36,-13.59,-11.54,-10.64,-9.62,-8.21,-3.46,-2.69,-2.44,-0.38,7.63,7.26,6.78,6.54,0.12,0.63,0.75,-2.62,0.0,0.0,0.12,0.12,2.25,3.12
2017-01-25,831961,7.81,8.01,8.01,7.69,259,203551.0,4.0,0.13,0.01,0.06,-12.35,-10.27,-9.36,-8.32,-6.89,-2.08,-1.3,-1.04,1.04,4.03,7.78,7.39,6.88,6.6,0.5,0.62,-2.75,-0.12,-0.12,0.0,0.0,2.12,3.0,2.87
2017-01-26,831961,7.78,8.05,8.05,7.77,40,31610.0,3.5,0.5,0.04,0.01,-11.2,-10.3,-9.27,-7.85,-3.09,-2.32,-2.06,0.0,2.96,3.09,7.89,7.5,6.98,6.67,0.12,-3.23,-0.62,-0.62,-0.5,-0.5,1.61,2.48,2.36,2.48
2017-02-03,831961,8.06,8.06,8.06,8.06,10,8060.0,0.0,0.12,0.01,0.0,-13.52,-12.53,-11.17,-6.58,-5.83,-5.58,-3.6,-0.74,-0.62,-0.12,7.98,7.64,7.09,6.74,-3.35,-0.74,-0.74,-0.62,-0.62,1.49,2.36,2.23,2.36,4.09
2017-02-08,831961,7.79,7.74,7.79,7.74,40,31050.0,0.62,-3.97,-0.32,0.01,-8.91,-7.49,-2.71,-1.94,-1.68,0.39,3.36,3.49,4.01,4.13,7.97,7.72,7.17,6.79,3.36,3.36,3.49,3.49,5.68,6.59,6.46,6.59,8.4,13.05
2017-02-10,831961,8.0,7.75,8.0,7.6,243,190710.0,5.17,0.13,0.01,0.05,-5.79,-0.92,-0.13,0.13,2.24,5.26,5.39,5.92,6.05,2.5,7.92,7.78,7.24,6.85,3.23,3.35,3.35,5.55,6.45,6.32,6.45,8.26,12.9,15.1
2017-02-13,831961,7.72,8.0,8.0,7.71,110,86760.0,3.74,3.23,0.25,0.02,-2.33,-1.56,-1.3,0.78,3.76,3.89,4.41,4.54,1.04,3.76,7.92,7.85,7.32,6.91,0.12,0.12,2.25,3.12,3.0,3.12,4.88,9.38,11.5,14.38
2017-02-14,831961,8.0,8.0,8.01,7.71,1410,1103620.0,3.75,0.0,0.0,0.32,-1.56,-1.3,0.78,3.76,3.89,4.41,4.54,1.04,3.76,3.76,7.91,7.9,7.39,6.98,0.12,2.25,3.12,3.0,3.12,4.88,9.38,11.5,14.38,11.38
2017-02-15,831961,8.01,8.01,8.01,7.79,120,95900.0,2.75,0.13,0.01,0.03,-2.31,-0.26,2.7,2.82,3.34,3.47,0.0,2.7,2.7,2.82,7.9,7.94,7.47,7.04,2.12,3.0,2.87,3.0,4.74,9.24,11.36,14.23,11.24,11.74
2017-02-16,831961,8.1,8.17,8.18,8.08,1130,916370.0,1.25,2.0,0.16,0.25,-3.84,-0.99,-0.87,-0.37,-0.25,-3.59,-0.99,-0.99,-0.87,-0.87,7.99,7.98,7.55,7.11,0.98,0.86,0.98,2.69,7.1,9.18,12.0,9.06,9.55,14.08
2017-02-17,831961,8.05,8.1,8.25,8.05,1600,1299630.0,2.45,-0.86,-0.07,0.36,-0.62,-0.5,0.0,0.12,-3.23,-0.62,-0.62,-0.5,-0.5,1.61,8.06,7.99,7.62,7.18,1.73,1.85,3.58,8.02,10.12,12.96,10.0,10.49,15.06,17.41
2017-02-20,831961,8.24,8.18,8.24,8.03,30,24450.0,2.59,0.99,0.08,0.01,-0.25,0.25,0.37,-2.99,-0.37,-0.37,-0.25,-0.25,1.87,2.74,8.09,8.01,7.7,7.26,0.86,2.57,6.97,9.05,11.86,8.92,9.41,13.94,16.26,15.89
2017-02-21,831961,8.25,8.2,8.25,8.2,420,345500.0,0.61,0.24,0.02,0.09,-1.83,-1.71,-5.0,-2.44,-2.44,-2.32,-2.32,-0.24,0.61,0.49,8.13,8.02,7.76,7.33,2.32,6.71,8.78,11.59,8.66,9.15,13.66,15.98,15.61,20.24
2017-02-22,831961,8.26,8.36,8.39,8.26,1558,1298270.0,1.59,1.95,0.16,0.35,-2.42,-5.69,-3.15,-3.15,-3.03,-3.03,-0.97,-0.12,-0.24,-0.12,8.2,8.05,7.84,7.41,4.67,6.7,9.45,6.58,7.06,11.48,13.76,13.4,17.94,22.49
2017-02-23,831961,8.43,8.7,8.75,8.43,1390,1210940.0,3.83,4.07,0.34,0.31,-7.59,-5.1,-5.1,-4.98,-4.98,-2.97,-2.14,-2.25,-2.14,-0.47,8.31,8.15,7.93,7.5,2.53,5.17,2.41,2.87,7.13,9.31,8.97,13.33,17.7,14.71
2017-02-24,831961,8.76,8.92,8.92,8.76,140,123110.0,1.84,2.53,0.22,0.03,-8.68,-8.68,-8.56,-8.56,-6.62,-5.82,-5.94,-5.82,-4.22,-0.11,8.47,8.26,8.02,7.58,2.58,-0.11,0.34,4.48,6.61,6.28,10.54,14.8,11.88,10.99
2017-02-27,831961,8.95,9.15,9.15,8.87,70,63250.0,3.14,2.58,0.23,0.02,-9.81,-9.7,-9.7,-7.78,-6.99,-7.1,-6.99,-5.41,-1.35,0.56,8.67,8.38,8.12,7.67,-2.62,-2.19,1.86,3.93,3.61,7.76,11.91,9.07,8.2,7.76
2017-02-28,831961,8.87,8.91,8.91,8.53,300,262500.0,4.15,-2.62,-0.24,0.07,-6.1,-6.1,-4.1,-3.28,-3.4,-3.28,-1.64,2.58,4.57,7.27,8.81,8.47,8.18,7.75,0.45,4.6,6.73,6.4,10.66,14.93,12.01,11.11,10.66,8.31
2017-03-01,831961,8.95,8.94,8.95,8.9,210,187440.0,0.56,0.34,0.03,0.05,-10.0,-8.09,-7.3,-7.42,-7.3,-5.73,-1.69,0.22,2.81,0.11,8.92,8.56,8.25,7.84,4.25,6.38,6.04,10.29,14.54,11.63,10.74,10.29,7.94,9.06
2017-03-02,831961,8.96,9.06,9.32,8.81,450,406640.0,5.7,1.34,0.12,0.1,-7.15,-6.36,-6.47,-6.36,-4.77,-0.68,1.25,3.86,1.14,1.59,9.0,8.65,8.32,7.92,4.97,4.64,8.83,13.02,10.15,9.27,8.83,6.51,7.62,5.41
2017-03-03,831961,9.0,9.25,9.51,9.0,945,865200.0,5.63,2.1,0.19,0.21,-8.33,-8.44,-8.33,-6.78,-2.78,-0.89,1.67,-1.0,-0.56,3.56,9.06,8.77,8.38,8.01,2.49,6.59,10.7,7.89,7.03,6.59,4.32,5.41,3.24,5.41
2017-03-06,831961,9.33,9.46,9.48,9.33,230,217020.0,1.62,2.27,0.21,0.05,-11.68,-11.58,-10.08,-6.22,-4.39,-1.93,-4.5,-4.07,-0.11,1.93,9.12,8.9,8.45,8.1,4.23,8.25,5.5,4.65,4.23,2.01,3.07,0.95,3.07,1.8
2017-03-07,831961,9.52,9.79,9.86,9.5,240,232450.0,3.81,3.49,0.33,0.05,-13.16,-11.68,-7.89,-6.11,-3.68,-6.21,-5.79,-1.89,0.11,-0.21,9.3,9.05,8.54,8.19,4.6,1.94,1.12,0.72,-1.43,-0.41,-2.45,-0.41,-1.63,-1.23
2017-03-08,831961,9.91,9.77,10.24,9.77,310,306300.0,4.8,-0.2,-0.02,0.07,-14.12,-10.44,-8.7,-6.35,-8.8,-8.39,-4.61,-2.66,-2.97,0.92,9.47,9.2,8.62,8.29,2.15,1.33,0.92,-1.23,-0.2,-2.25,-0.2,-1.43,-1.02,-1.02
2017-03-09,831961,9.76,9.95,9.98,9.65,793,776329.0,3.38,1.84,0.18,0.18,-9.33,-7.56,-5.18,-7.67,-7.25,-3.42,-1.45,-1.76,2.18,6.11,9.64,9.32,8.73,8.39,-0.5,-0.9,-3.02,-2.01,-4.02,-2.01,-3.22,-2.81,-2.81,-2.71
2017-03-10,831961,9.65,9.9,9.9,9.64,270,262280.0,2.61,-0.5,-0.05,0.06,-7.47,-5.08,-7.57,-7.16,-3.32,-1.35,-1.66,2.28,6.22,3.53,9.77,9.42,8.84,8.49,-0.4,-2.53,-1.52,-3.54,-1.52,-2.73,-2.32,-2.32,-2.22,-0.91
2017-03-13,831961,9.6,9.55,9.86,9.52,588,565342.0,3.43,-3.54,-0.35,0.13,-3.89,-6.41,-5.99,-2.1,-0.11,-0.42,3.57,7.56,4.83,3.99,9.79,9.46,8.92,8.56,1.05,2.09,0.0,2.09,0.84,1.26,1.26,1.36,2.72,1.05
2017-03-14,831961,9.65,9.65,9.65,9.65,20,19300.0,0.0,1.05,0.1,0.0,-7.67,-7.25,-3.42,-1.45,-1.76,2.18,6.11,3.42,2.59,2.18,9.76,9.53,9.0,8.63,1.04,-1.04,1.04,-0.21,0.21,0.21,0.31,1.66,0.0,-4.25
2017-03-15,831961,9.5,9.48,9.75,9.39,280,266570.0,3.73,-1.76,-0.17,0.06,-4.69,-0.75,1.28,0.96,5.01,9.05,6.28,5.43,5.01,2.77,9.71,9.59,9.07,8.7,0.74,2.85,1.58,2.0,2.0,2.11,3.48,1.79,-2.53,-4.54
2017-03-16,831961,9.4,9.55,9.55,9.4,60,56850.0,1.58,0.74,0.07,0.01,-0.85,1.17,0.85,4.89,8.94,6.17,5.32,4.89,2.66,3.72,9.63,9.64,9.14,8.76,2.09,0.84,1.26,1.26,1.36,2.72,1.05,-3.25,-5.24,-3.14
2017-03-17,831961,9.75,9.57,9.75,9.17,543,513501.0,6.07,0.21,0.02,0.12,3.71,3.38,7.52,11.67,8.83,7.96,7.52,5.23,6.32,4.14,9.56,9.67,9.22,8.81,0.63,1.04,1.04,1.15,2.51,0.84,-3.45,-5.43,-3.34,-3.24
2017-03-20,831961,9.32,9.6,9.63,9.32,290,276170.0,3.24,0.31,0.03,0.06,1.72,5.79,9.87,7.08,6.22,5.79,3.54,4.61,2.47,4.61,9.57,9.68,9.29,8.86,0.73,0.73,0.83,2.19,0.52,-3.75,-5.73,-3.65,-3.54,-2.5
2017-03-21,831961,9.44,9.67,9.67,9.39,920,878190.0,2.92,0.73,0.07,0.21,5.01,9.05,6.28,5.43,5.01,2.77,3.83,1.7,3.83,2.56,9.57,9.67,9.36,8.91,0.0,0.1,1.45,-0.21,-4.45,-6.41,-4.34,-4.24,-3.21,-3.72
2017-03-22,831961,9.67,9.5,9.67,9.5,270,258880.0,1.76,-1.76,-0.17,0.06,7.79,5.05,4.21,3.79,1.58,2.63,0.53,2.63,1.37,1.79,9.58,9.64,9.42,8.96,1.89,3.26,1.58,-2.74,-4.74,-2.63,-2.53,-1.47,-2.0,-2.0
2017-03-23,831961,9.5,9.68,9.68,9.45,410,391590.0,2.42,1.89,0.18,0.09,5.61,4.76,4.34,2.12,3.17,1.06,3.17,1.9,2.33,2.33,9.6,9.62,9.47,9.03,1.34,-0.31,-4.55,-6.51,-4.44,-4.34,-3.31,-3.82,-3.82,-6.51
2017-03-24,831961,9.81,9.69,9.81,9.59,100,97220.0,2.27,0.1,0.01,0.02,3.23,2.82,0.63,1.67,-0.42,1.67,0.42,0.83,0.83,0.94,9.63,9.59,9.51,9.09,-0.41,-4.64,-6.6,-4.54,-4.44,-3.41,-3.92,-3.92,-6.6,-5.88
2017-03-27,831961,9.5,9.18,9.65,9.15,940,875790.0,5.16,-5.26,-0.51,0.21,7.76,5.46,6.56,4.37,6.56,5.25,5.68,5.68,5.79,7.21,9.54,9.56,9.51,9.13,0.65,-1.42,0.76,0.87,1.96,1.42,1.42,-1.42,-0.65,4.25
2017-03-28,831961,9.23,9.22,9.24,9.18,190,175170.0,0.65,0.44,0.04,0.04,5.12,6.21,4.03,6.21,4.9,5.34,5.34,5.45,6.86,5.12,9.45,9.51,9.52,9.17,-1.84,0.33,0.43,1.52,0.98,0.98,-1.84,-1.08,3.8,0.0
2017-03-29,831961,9.03,9.05,9.05,9.03,40,36180.0,0.22,-1.84,-0.17,0.01,7.97,5.76,7.97,6.64,7.09,7.09,7.2,8.64,6.87,2.33,9.36,9.47,9.53,9.21,2.21,2.32,3.43,2.87,2.87,0.0,0.77,5.75,1.88,3.87
2017-03-31,831961,9.25,9.18,9.25,9.18,20,18430.0,0.77,1.44,0.13,0.0,4.03,6.21,4.9,5.34,5.34,5.45,6.86,5.12,0.65,-1.42,9.26,9.43,9.53,9.24,0.87,1.96,1.42,1.42,-1.42,-0.65,4.25,0.44,2.4,4.79
2017-04-06,831961,9.26,9.2,9.26,9.18,40,36900.0,0.87,0.22,0.02,0.01,6.21,4.9,5.34,5.34,5.45,6.86,5.12,0.65,-1.42,0.76,9.17,9.4,9.53,9.28,1.74,1.2,1.2,-1.63,-0.87,4.02,0.22,2.17,4.57,1.2
2017-04-07,831961,9.29,9.25,9.36,9.25,70,65090.0,1.2,0.54,0.05,0.02,4.11,4.54,4.54,4.65,6.05,4.32,-0.11,-2.16,0.0,0.11,9.18,9.36,9.52,9.31,0.65,0.65,-2.16,-1.41,3.46,-0.32,1.62,4.0,0.65,-13.51
2017-04-12,831961,9.31,9.15,9.31,9.15,20,18460.0,1.73,-1.08,-0.1,0.0,5.68,5.68,5.79,7.21,5.46,0.98,-1.09,1.09,1.2,2.3,9.17,9.31,9.49,9.34,1.75,-1.09,-0.33,4.59,0.77,2.73,5.14,1.75,-12.57,-12.9
2017-04-13,831961,9.31,9.31,9.31,9.31,10,9310.0,0.0,1.75,0.16,0.0,3.87,3.97,5.37,3.65,-0.75,-2.79,-0.64,-0.54,0.54,0.0,9.22,9.29,9.47,9.38,-2.79,-2.04,2.79,-0.97,0.97,3.33,0.0,-14.07,-14.39,-14.39
2017-04-14,831961,9.03,9.03,9.05,9.02,69,62317.0,0.32,-3.01,-0.28,0.02,7.32,8.76,6.98,2.44,0.33,2.55,2.66,3.77,3.22,3.22,9.19,9.23,9.42,9.39,1.0,5.98,2.1,4.1,6.53,3.1,-11.41,-11.74,-11.74,-11.41
2017-04-17,831961,9.11,9.12,9.12,9.05,90,81890.0,0.78,1.0,0.09,0.02,8.4,6.63,2.1,0.0,2.21,2.32,3.43,2.87,2.87,0.0,9.17,9.17,9.38,9.39,4.93,1.1,3.07,5.48,2.08,-12.28,-12.61,-12.61,-12.28,-12.28
2017-04-18,831961,9.28,9.3,9.57,9.15,250,234450.0,4.61,1.97,0.18,0.06,5.46,0.98,-1.09,1.09,1.2,2.3,1.75,1.75,-1.09,-0.33,9.18,9.18,9.37,9.4,-0.86,1.08,3.44,0.11,-13.98,-14.3,-14.3,-13.98,-13.98,-13.66
2017-04-19,831961,9.22,9.22,9.22,9.22,10,9220.0,0.0,-0.86,-0.08,0.0,0.22,-1.84,0.33,0.43,1.52,0.98,0.98,-1.84,-1.08,3.8,9.2,9.18,9.35,9.41,1.95,4.34,0.98,-13.23,-13.56,-13.56,-13.23,-13.23,-12.91,-12.8
2017-04-20,831961,9.2,9.23,9.4,9.2,153,141350.0,2.17,0.11,0.01,0.03,-1.63,0.54,0.65,1.74,1.2,1.2,-1.63,-0.87,4.02,0.22,9.18,9.2,9.33,9.42,4.23,0.87,-13.33,-13.65,-13.65,-13.33,-13.33,-13.0,-12.89,-12.78
2017-04-21,831961,9.32,9.57,9.62,9.12,410,382750.0,5.42,3.68,0.34,0.09,1.43,1.54,2.63,2.08,2.08,-0.77,0.0,4.93,1.1,3.07,9.29,9.24,9.34,9.44,-2.72,-16.41,-16.72,-16.72,-16.41,-16.41,-16.09,-15.99,-15.88,-16.93
2017-04-24,831961,9.31,8.0,9.31,7.66,3030,2414030.0,17.24,-16.41,-1.57,0.68,20.89,22.19,21.54,21.54,18.15,19.06,24.93,20.37,22.72,25.59,9.06,9.12,9.26,9.39,0.0,-0.38,-0.38,0.0,0.0,0.37,0.5,0.63,-0.62,0.37
2017-04-25,831961,7.94,7.68,8.0,7.68,490,380410.0,4.0,-4.0,-0.32,0.11,21.88,21.22,21.22,17.84,18.75,24.61,20.05,22.4,25.26,21.22,8.74,8.96,9.16,9.33,3.78,3.78,4.17,4.17,4.56,4.69,4.82,3.52,4.56,3.78
2017-04-26,831961,7.94,7.97,7.97,7.94,20,15910.0,0.39,3.78,0.29,0.0,17.25,17.25,13.98,14.86,20.53,16.12,18.39,21.16,17.25,0.76,8.49,8.84,9.08,9.27,0.0,0.38,0.38,0.75,0.88,1.0,-0.25,0.75,0.0,-0.63
2017-04-27,831961,7.93,7.97,7.97,7.93,60,47620.0,0.5,0.0,0.0,0.01,17.4,14.12,15.01,20.68,16.27,18.54,21.31,17.4,0.88,0.5,8.24,8.71,9.0,9.21,0.38,0.38,0.75,0.88,1.0,-0.25,0.75,0.0,-0.63,0.25
2017-04-28,831961,8.0,8.0,8.0,8.0,20,16000.0,0.0,0.38,0.03,0.0,13.13,14.0,19.63,15.25,17.5,20.25,16.38,0.0,-0.38,-0.38,7.92,8.61,8.92,9.15,0.0,0.37,0.5,0.63,-0.62,0.37,-0.38,-1.0,-0.12,0.0
2017-05-02,831961,8.0,8.0,8.0,8.0,10,8000.0,0.0,0.0,0.0,0.0,14.0,19.63,15.25,17.5,20.25,16.38,0.0,-0.38,-0.38,0.0,7.92,8.49,8.83,9.09,0.37,0.5,0.63,-0.62,0.37,-0.38,-1.0,-0.12,0.0,0.0
2017-05-03,831961,8.03,8.03,8.03,8.03,10,8030.0,0.0,0.38,0.03,0.0,19.18,14.82,17.06,19.8,15.94,-0.37,-0.75,-0.75,-0.37,-0.37,7.99,8.37,8.77,9.04,0.12,0.25,-1.0,0.0,-0.75,-1.37,-0.5,-0.37,-0.37,-7.22
2017-05-04,831961,8.04,8.04,8.04,8.04,10,8040.0,0.0,0.12,0.01,0.0,14.68,16.92,19.65,15.8,-0.5,-0.87,-0.87,-0.5,-0.5,-0.12,8.01,8.25,8.71,8.98,0.12,-1.12,-0.12,-0.87,-1.49,-0.62,-0.5,-0.5,-7.34,-8.71
2017-05-05,831961,7.77,8.05,8.05,7.67,108,84498.0,4.73,0.12,0.01,0.02,22.56,25.42,21.38,4.3,3.91,3.91,4.3,4.3,4.69,4.82,8.02,8.13,8.66,8.93,-1.24,-0.25,-0.99,-1.61,-0.75,-0.62,-0.62,-7.45,-8.82,-8.2
2017-05-08,831961,7.95,7.95,7.95,7.95,10,7950.0,0.0,-1.24,-0.1,0.0,21.01,17.11,0.63,0.25,0.25,0.63,0.63,1.01,1.13,1.26,8.01,7.97,8.6,8.88,1.01,0.25,-0.38,0.5,0.63,0.63,-6.29,-7.67,-7.04,-8.93
2017-05-09,831961,8.03,8.03,8.03,8.03,10,8030.0,0.0,1.01,0.08,0.0,15.94,-0.37,-0.75,-0.75,-0.37,-0.37,0.0,0.12,0.25,-1.0,8.02,7.97,8.54,8.83,-0.75,-1.37,-0.5,-0.37,-0.37,-7.22,-8.59,-7.97,-9.84,-11.71
2017-05-10,831961,7.79,7.97,7.97,7.71,30,23470.0,3.24,-0.75,-0.06,0.0,3.76,3.37,3.37,3.76,3.76,4.15,4.28,4.41,3.11,4.15,8.01,8.0,8.48,8.77,-0.63,0.25,0.38,0.38,-6.52,-7.9,-7.28,-9.16,-11.04,-10.66
2017-05-11,831961,7.92,7.92,7.92,7.92,10,7920.0,0.0,-0.63,-0.05,0.0,0.63,0.63,1.01,1.01,1.39,1.52,1.64,0.38,1.39,0.63,7.98,8.0,8.42,8.72,0.88,1.01,1.01,-5.93,-7.32,-6.69,-8.59,-10.48,-10.1,-11.36
2017-05-12,831961,7.99,7.99,7.99,7.99,10,7990.0,0.0,0.88,0.07,0.0,-0.25,0.13,0.13,0.5,0.63,0.75,-0.5,0.5,-0.25,-0.88,7.97,8.0,8.35,8.67,0.13,0.13,-6.76,-8.14,-7.51,-9.39,-11.26,-10.89,-12.14,-12.14
2017-05-15,831961,7.96,7.96,8.0,7.77,130,102620.0,2.88,-0.38,-0.03,0.02,2.96,2.96,3.35,3.47,3.6,2.32,3.35,2.57,1.93,2.83,7.97,7.99,8.3,8.61,0.5,-6.41,-7.79,-7.16,-9.05,-10.93,-10.55,-11.81,-11.81,-12.06
2017-05-16,831961,7.72,7.45,8.0,7.24,440,327820.0,9.55,-6.41,-0.51,0.07,10.5,10.91,11.05,11.19,9.81,10.91,10.08,9.39,10.36,10.5,7.86,7.94,8.22,8.53,0.0,-1.48,-0.81,-2.82,-4.83,-4.43,-5.77,-5.77,-6.04,-7.65
2017-05-17,831961,7.22,7.39,7.45,7.13,405,295395.0,4.3,-0.81,-0.06,0.06,12.62,12.76,12.9,11.5,12.62,11.78,11.08,12.06,12.2,12.2,7.74,7.88,8.12,8.47,-0.68,0.0,-2.03,-4.06,-3.65,-5.01,-5.01,-5.28,-6.9,-7.17
2017-05-18,831961,7.34,7.18,7.34,7.13,270,193940.0,2.84,-2.84,-0.21,0.04,12.76,12.9,11.5,12.62,11.78,11.08,12.06,12.2,12.2,4.49,7.59,7.79,8.02,8.41,2.92,0.84,-1.25,-0.84,-2.23,-2.23,-2.51,-4.18,-4.46,-4.6
2017-05-19,831961,7.25,7.39,7.39,7.09,120,86890.0,4.18,2.92,0.21,0.02,13.54,12.13,13.26,12.41,11.71,12.69,12.83,12.83,5.08,3.53,7.47,7.72,7.93,8.35,-2.03,-4.06,-3.65,-5.01,-5.01,-5.28,-6.9,-7.17,-7.31,-6.36
2017-05-22,831961,7.16,7.24,7.24,7.08,471,335510.0,2.17,-2.03,-0.15,0.07,12.29,13.42,12.57,11.86,12.85,12.99,12.99,5.23,3.67,4.38,7.33,7.65,7.81,8.29,-2.07,-1.66,-3.04,-3.04,-3.31,-4.97,-5.25,-5.39,-4.42,-3.59
2017-05-23,831961,7.09,7.08,7.09,7.08,30,21250.0,0.14,-2.21,-0.16,0.0,13.42,12.57,11.86,12.85,12.99,12.99,5.23,3.67,4.38,2.26,7.26,7.56,7.76,8.22,0.56,-0.85,-0.85,-1.13,-2.82,-3.11,-3.25,-2.26,-1.41,-1.98
2017-05-24,831961,7.02,7.06,7.12,6.79,200,138300.0,4.66,-0.28,-0.02,0.03,17.38,16.64,17.67,17.82,17.82,9.72,8.1,8.84,6.63,4.42,7.19,7.47,7.73,8.14,-0.57,-0.57,-0.85,-2.55,-2.83,-2.97,-1.98,-1.13,-1.7,-1.7
2017-05-25,831961,6.84,7.02,7.02,6.84,16,11124.0,2.55,-0.57,-0.04,0.0,15.79,16.81,16.96,16.96,8.92,7.31,8.04,5.85,3.65,4.09,7.16,7.38,7.69,8.07,0.0,-0.28,-1.99,-2.28,-2.42,-1.42,-0.57,-1.14,-1.14,-1.0
2017-05-26,831961,7.02,6.81,7.02,6.81,60,41910.0,2.99,-2.99,-0.21,0.01,17.33,17.47,17.47,9.4,7.78,8.52,6.31,4.11,4.55,3.08,7.04,7.26,7.63,7.99,2.79,1.03,0.73,0.59,1.62,2.5,1.91,1.91,2.06,2.5
2017-05-31,831961,6.88,6.81,7.0,6.81,580,397640.0,2.79,0.0,0.0,0.09,17.47,17.47,9.4,7.78,8.52,6.31,4.11,4.55,3.08,3.08,6.96,7.14,7.57,7.91,1.03,0.73,0.59,1.62,2.5,1.91,1.91,2.06,2.5,2.5
2017-06-01,831961,6.88,6.79,6.88,6.79,400,273300.0,1.32,-0.29,-0.02,0.06,17.82,9.72,8.1,8.84,6.63,4.42,4.86,3.39,3.39,3.09,6.9,7.08,7.51,7.84,1.03,0.88,1.91,2.8,2.21,2.21,2.36,2.8,2.8,3.53
2017-06-02,831961,6.86,6.86,6.86,6.86,60,41160.0,0.0,1.03,0.07,0.01,8.6,7.0,7.73,5.54,3.35,3.79,2.33,2.33,2.04,0.29,6.86,7.02,7.45,7.76,-0.15,0.87,1.75,1.17,1.17,1.31,1.75,1.75,2.48,0.0
2017-06-05,831961,6.85,6.85,6.85,6.85,10,6850.0,0.0,-0.15,-0.01,0.0,7.15,7.88,5.69,3.5,3.94,2.48,2.48,2.19,0.44,0.15,6.82,6.99,7.39,7.68,1.02,1.9,1.31,1.31,1.46,1.9,1.9,2.63,0.15,2.92
2017-06-06,831961,6.92,6.92,6.92,6.92,10,6920.0,0.0,1.02,0.07,0.0,6.79,4.62,2.46,2.89,1.45,1.45,1.16,-0.58,-0.87,-1.01,6.85,6.94,7.33,7.6,0.87,0.29,0.29,0.43,0.87,0.87,1.59,-0.87,1.88,4.91
2017-06-07,831961,6.78,6.98,6.98,6.78,20,13760.0,2.89,0.87,0.06,0.0,6.78,4.57,5.01,3.54,3.54,3.24,1.47,1.18,1.03,2.06,6.88,6.92,7.28,7.51,-0.57,-0.57,-0.43,0.0,0.0,0.72,-1.72,1.0,4.01,4.44
2017-06-08,831961,6.94,6.94,6.94,6.94,100,69400.0,0.0,-0.57,-0.04,0.02,2.16,2.59,1.15,1.15,0.86,-0.86,-1.15,-1.3,-0.29,0.58,6.91,6.9,7.23,7.48,0.0,0.14,0.58,0.58,1.3,-1.15,1.59,4.61,5.04,6.05
2017-06-09,831961,6.94,6.94,6.94,6.94,220,152680.0,0.0,0.0,0.0,0.03,2.59,1.15,1.15,0.86,-0.86,-1.15,-1.3,-0.29,0.58,0.0,6.93,6.89,7.18,7.45,0.14,0.58,0.58,1.3,-1.15,1.59,4.61,5.04,6.05,7.49
2017-06-12,831961,6.95,6.95,6.95,6.95,10,6950.0,0.0,0.14,0.01,0.0,1.01,1.01,0.72,-1.01,-1.29,-1.44,-0.43,0.43,-0.14,-0.14,6.95,6.89,7.13,7.42,0.43,0.43,1.15,-1.29,1.44,4.46,4.89,5.9,7.34,8.35
2017-06-13,831961,6.98,6.98,6.98,6.98,10,6980.0,0.0,0.43,0.03,0.0,0.57,0.29,-1.43,-1.72,-1.86,-0.86,0.0,-0.57,-0.57,-0.43,6.96,6.9,7.08,7.39,0.0,0.72,-1.72,1.0,4.01,4.44,5.44,6.88,7.88,8.02
2017-06-14,831961,6.98,6.98,6.98,6.98,10,6980.0,0.0,0.0,0.0,0.0,0.29,-1.43,-1.72,-1.86,-0.86,0.0,-0.57,-0.57,-0.43,0.0,6.96,6.92,7.03,7.35,0.72,-1.72,1.0,4.01,4.44,5.44,6.88,7.88,8.02,5.3
2017-06-19,831961,7.03,7.03,7.03,7.03,10,7030.0,0.0,0.72,0.05,0.0,-2.13,-2.42,-2.56,-1.56,-0.71,-1.28,-1.28,-1.14,-0.71,-0.71,6.98,6.94,7.01,7.32,-2.42,0.28,3.27,3.7,4.69,6.12,7.11,7.25,4.55,5.55
2017-06-20,831961,6.82,6.82,6.86,6.8,860,586290.0,0.85,-2.99,-0.21,0.13,0.88,0.74,1.76,2.65,2.06,2.06,2.21,2.65,2.65,3.38,6.95,6.94,6.98,7.28,3.37,6.45,6.89,7.92,9.38,10.41,10.56,7.77,8.8,10.41
2017-06-21,831961,7.02,7.05,7.05,7.02,70,49180.0,0.44,3.37,0.23,0.01,-2.42,-1.42,-0.57,-1.14,-1.14,-1.0,-0.57,-0.57,0.14,-2.28,6.97,6.96,6.97,7.25,2.98,3.4,4.4,5.82,6.81,6.95,4.26,5.25,6.81,5.67
2017-06-22,831961,7.09,7.26,7.26,7.09,100,71830.0,2.41,2.98,0.21,0.02,-2.4,-1.55,-2.12,-2.12,-1.97,-1.55,-1.55,-0.85,-3.24,-0.56,7.03,6.99,6.97,7.22,0.41,1.38,2.75,3.72,3.86,1.24,2.2,3.72,2.62,6.47
2017-06-23,831961,7.29,7.29,7.29,7.29,10,7290.0,0.0,0.41,0.03,0.0,-4.25,-4.8,-4.8,-4.66,-4.25,-4.25,-3.57,-5.9,-3.29,-0.41,7.09,7.02,6.97,7.2,0.96,2.33,3.29,3.43,0.82,1.78,3.29,2.19,6.04,6.31
2017-06-27,831961,7.26,7.36,7.36,7.26,70,51330.0,1.37,0.96,0.07,0.01,-4.41,-4.41,-4.27,-3.86,-3.86,-3.17,-5.51,-2.89,0.0,0.41,7.16,7.07,6.98,7.18,1.36,2.31,2.45,-0.14,0.82,2.31,1.22,5.03,5.3,5.03
2017-06-28,831961,7.46,7.46,7.46,7.46,10,7460.0,0.0,1.36,0.1,0.0,-6.97,-6.84,-6.43,-6.43,-5.76,-8.04,-5.5,-2.68,-2.28,-1.34,7.28,7.12,7.0,7.16,0.94,1.07,-1.47,-0.54,0.94,-0.13,3.62,3.89,3.62,4.16
2017-06-29,831961,7.48,7.53,7.53,7.48,170,127670.0,0.67,0.94,0.07,0.03,-7.09,-6.68,-6.68,-6.02,-8.29,-5.75,-2.94,-2.54,-1.6,-0.27,7.38,7.18,7.03,7.15,0.13,-2.39,-1.46,0.0,-1.06,2.66,2.92,2.66,3.19,1.73
2017-07-03,831961,7.54,7.54,7.54,7.54,10,7540.0,0.0,0.13,0.01,0.0,-7.43,-7.43,-6.76,-9.02,-6.5,-3.71,-3.32,-2.39,-1.06,-0.13,7.44,7.23,7.07,7.13,-2.52,-1.59,-0.13,-1.19,2.52,2.79,2.52,3.05,1.59,2.92
2017-07-04,831961,7.33,7.35,7.35,7.28,690,504715.0,0.93,-2.52,-0.19,0.11,-4.12,-3.43,-5.77,-3.16,-0.27,0.14,1.1,2.47,3.43,3.57,7.45,7.27,7.09,7.11,0.95,2.45,1.36,5.17,5.44,5.17,5.71,4.22,5.58,5.99
2017-07-06,831961,7.42,7.42,7.42,7.42,10,7420.0,0.0,0.95,0.07,0.0,-5.26,-7.55,-4.99,-2.16,-1.75,-0.81,0.54,1.48,1.62,-0.94,7.46,7.31,7.13,7.11,1.48,0.4,4.18,4.45,4.18,4.72,3.23,4.58,4.99,5.12
2017-07-07,831961,7.45,7.45,7.53,7.35,960,713510.0,2.43,0.4,0.03,0.15,-6.67,-4.08,-1.22,-0.82,0.14,1.5,2.45,2.59,0.0,0.95,7.46,7.37,7.15,7.11,0.0,3.76,4.03,3.76,4.3,2.82,4.16,4.56,4.7,0.94
2017-07-11,831961,7.23,7.45,7.45,7.23,200,146800.0,2.95,0.0,0.0,0.03,-2.49,0.41,0.83,1.8,3.18,4.15,4.29,1.66,2.63,4.15,7.44,7.41,7.18,7.12,3.76,4.03,3.76,4.3,2.82,4.16,4.56,4.7,0.94,0.67
2017-07-13,831961,7.45,7.73,7.73,7.3,24610,18415480.0,5.77,3.76,0.28,3.86,-0.55,-0.14,0.82,2.19,3.15,3.29,0.68,1.64,3.15,2.05,7.48,7.46,7.23,7.13,0.26,0.0,0.52,-0.91,0.39,0.78,0.91,-2.72,-2.98,-3.23
2017-07-14,831961,7.73,7.73,7.75,7.73,230,178010.0,0.26,0.0,0.0,0.04,-5.69,-4.79,-3.49,-2.59,-2.46,-4.92,-4.01,-2.59,-3.62,0.0,7.56,7.5,7.26,7.15,0.0,0.52,-0.91,0.39,0.78,0.91,-2.72,-2.98,-3.23,-2.98
2017-07-17,831961,7.51,7.7,7.73,7.5,310,237050.0,2.98,-0.39,-0.03,0.05,-1.87,-0.53,0.4,0.53,-2.0,-1.07,0.4,-0.67,3.07,3.33,7.61,7.54,7.3,7.17,0.91,-0.52,0.78,1.17,1.3,-2.34,-2.6,-2.86,-2.6,-1.56
2017-07-18,831961,7.77,7.58,7.77,7.58,40,30530.0,2.47,-1.56,-0.12,0.01,-1.58,-0.66,-0.53,-3.03,-2.11,-0.66,-1.72,1.98,2.24,1.98,7.64,7.55,7.33,7.19,1.06,2.37,2.77,2.9,-0.79,-1.06,-1.32,-1.06,0.0,-0.4
2017-07-19,831961,7.66,7.66,7.66,7.51,60,45380.0,1.98,1.06,0.08,0.01,0.27,0.4,-2.13,-1.2,0.27,-0.8,2.93,3.2,2.93,3.46,7.68,7.56,7.37,7.21,1.31,1.7,1.83,-1.83,-2.09,-2.35,-2.09,-1.04,-1.44,-3.13
2017-07-20,831961,7.52,7.76,7.76,7.46,13320,9966780.0,3.92,1.31,0.1,2.09,1.07,-1.47,-0.54,0.94,-0.13,3.62,3.89,3.62,4.16,2.68,7.69,7.58,7.41,7.24,0.39,0.52,-3.09,-3.35,-3.61,-3.35,-2.32,-2.71,-4.38,-2.32
2017-07-21,831961,7.77,7.78,7.79,7.76,190,147640.0,0.39,0.26,0.02,0.03,-5.28,-4.38,-2.96,-3.99,-0.39,-0.13,-0.39,0.13,-1.29,0.0,7.7,7.63,7.45,7.27,0.26,-3.34,-3.6,-3.86,-3.6,-2.57,-2.96,-4.63,-2.57,-2.44
2017-07-24,831961,7.8,7.77,7.8,7.53,550,422180.0,3.47,-0.13,-0.01,0.09,-1.46,0.0,-1.06,2.66,2.92,2.66,3.19,1.73,3.05,3.45,7.71,7.66,7.48,7.3,-3.22,-3.47,-3.73,-3.47,-2.45,-2.83,-4.5,-2.45,-2.32,-2.19
2017-07-25,831961,7.52,7.51,7.52,7.51,110,82710.0,0.13,-3.35,-0.26,0.02,0.27,-0.8,2.93,3.2,2.93,3.46,2.0,3.33,3.73,3.86,7.7,7.67,7.52,7.33,-0.13,-0.4,-0.13,0.93,0.53,-1.2,0.93,1.07,1.2,1.2
2017-07-26,831961,7.5,7.5,7.5,7.5,20,15000.0,0.0,-0.13,-0.01,0.0,-0.67,3.07,3.33,3.07,3.6,2.13,3.47,3.87,4.0,0.27,7.66,7.67,7.54,7.35,-0.27,0.0,1.07,0.67,-1.07,1.07,1.2,1.33,1.33,0.4
2017-07-27,831961,7.48,7.46,7.48,7.46,130,97030.0,0.27,-0.53,-0.04,0.02,3.62,3.89,3.62,4.16,2.68,4.02,4.42,4.56,0.8,0.54,7.6,7.65,7.55,7.37,0.54,1.61,1.21,-0.54,1.61,1.74,1.88,1.88,0.94,2.01
2017-07-28,831961,7.5,7.5,7.5,7.5,170,127500.0,0.0,0.54,0.04,0.03,3.33,3.07,3.6,2.13,3.47,3.87,4.0,0.27,0.0,-0.27,7.55,7.62,7.56,7.38,1.07,0.67,-1.07,1.07,1.2,1.33,1.33,0.4,1.47,1.07
2017-07-31,831961,7.51,7.58,7.58,7.42,207,155674.0,2.13,1.07,0.08,0.03,4.18,4.72,3.23,4.58,4.99,5.12,1.35,1.08,0.81,1.08,7.51,7.61,7.57,7.4,-0.4,-2.11,0.0,0.13,0.26,0.26,-0.66,0.4,0.0,0.26
2017-08-01,831961,7.55,7.54,7.55,7.54,50,37730.0,0.13,-0.53,-0.04,0.01,3.05,1.59,2.92,3.32,3.45,-0.27,-0.53,-0.8,-0.53,0.53,7.52,7.61,7.58,7.42,-1.59,0.53,0.66,0.8,0.8,-0.13,0.93,0.53,0.8,0.93
2017-08-02,831961,7.42,7.41,7.42,7.41,110,81570.0,0.13,-1.72,-0.13,0.02,3.37,4.72,5.13,5.26,1.48,1.21,0.94,1.21,2.29,1.89,7.5,7.58,7.57,7.44,2.29,2.43,2.56,2.56,1.62,2.7,2.29,2.56,2.7,2.56
2017-08-03,831961,7.58,7.58,7.58,7.58,50,37900.0,0.0,2.29,0.17,0.01,2.37,2.77,2.9,-0.79,-1.06,-1.32,-1.06,0.0,-0.4,-2.11,7.52,7.56,7.57,7.46,0.13,0.26,0.26,-0.66,0.4,0.0,0.26,0.4,0.26,-0.4
2017-08-04,831961,7.59,7.59,7.59,7.59,10,7590.0,0.0,0.13,0.01,0.0,2.64,2.77,-0.92,-1.19,-1.45,-1.19,-0.13,-0.53,-2.24,-0.13,7.54,7.54,7.58,7.48,0.13,0.13,-0.79,0.26,-0.13,0.13,0.26,0.13,-0.53,-0.79
2017-08-07,831961,7.6,7.6,7.6,7.6,10,7600.0,0.0,0.13,0.01,0.0,2.63,-1.05,-1.32,-1.58,-1.32,-0.26,-0.66,-2.37,-0.26,-0.13,7.54,7.53,7.59,7.5,0.0,-0.92,0.13,-0.26,0.0,0.13,0.0,-0.66,-0.92,-0.92
2017-08-08,831961,7.6,7.6,7.6,7.6,20,15200.0,0.0,0.0,0.0,0.0,-1.05,-1.32,-1.58,-1.32,-0.26,-0.66,-2.37,-0.26,-0.13,0.0,7.56,7.54,7.6,7.52,-0.92,0.13,-0.26,0.0,0.13,0.0,-0.66,-0.92,-0.92,0.0
2017-08-10,831961,7.53,7.53,7.53,7.53,90,67770.0,0.0,-0.92,-0.07,0.01,-0.4,-0.66,-0.4,0.66,0.27,-1.46,0.66,0.8,0.93,0.93,7.58,7.54,7.61,7.54,1.06,0.66,0.93,1.06,0.93,0.27,0.0,0.0,0.93,-0.66
2017-08-11,831961,7.61,7.61,7.61,7.61,10,7610.0,0.0,1.06,0.08,0.0,-1.71,-1.45,-0.39,-0.79,-2.5,-0.39,-0.26,-0.13,-0.13,-1.05,7.59,7.55,7.6,7.55,-0.39,-0.13,0.0,-0.13,-0.79,-1.05,-1.05,-0.13,-1.71,-1.05
2017-08-14,831961,7.52,7.58,7.58,7.4,2500,1865440.0,2.37,-0.39,-0.03,0.39,1.35,2.43,2.03,0.27,2.43,2.57,2.7,2.7,1.76,2.84,7.58,7.56,7.59,7.56,0.26,0.4,0.26,-0.4,-0.66,-0.66,0.26,-1.32,-0.66,-1.06
2017-08-15,831961,7.6,7.58,7.6,7.4,2510,1872990.0,2.64,0.0,0.0,0.39,2.43,2.03,0.27,2.43,2.57,2.7,2.7,1.76,2.84,2.43,7.58,7.56,7.59,7.57,0.4,0.26,-0.4,-0.66,-0.66,0.26,-1.32,-0.66,-1.06,-0.79
2017-08-16,831961,7.51,7.61,7.61,7.4,6800,5085000.0,2.77,0.4,0.03,1.07,2.03,0.27,2.43,2.57,2.7,2.7,1.76,2.84,2.43,2.7,7.58,7.57,7.59,7.57,-0.13,-0.79,-1.05,-1.05,-0.13,-1.71,-1.05,-1.45,-1.18,-0.13
2017-08-17,831961,7.6,7.55,7.6,7.53,50,37750.0,0.92,-0.79,-0.06,0.01,-1.46,0.66,0.8,0.93,0.93,0.0,1.06,0.66,0.93,1.06,7.59,7.58,7.58,7.58,0.0,-0.26,-0.26,0.66,-0.93,-0.26,-0.66,-0.4,0.66,0.93
2017-08-18,831961,7.55,7.46,7.55,7.46,1500,1119090.0,1.19,-1.19,-0.09,0.24,1.61,1.74,1.88,1.88,0.94,2.01,1.61,1.88,2.01,1.88,7.56,7.57,7.57,7.57,0.94,0.94,1.88,0.27,0.94,0.54,0.8,1.88,2.14,0.94
2017-08-21,831961,7.53,7.46,7.53,7.46,130,97050.0,0.94,0.0,0.0,0.02,1.74,1.88,1.88,0.94,2.01,1.61,1.88,2.01,1.88,1.21,7.53,7.56,7.55,7.58,0.94,1.88,0.27,0.94,0.54,0.8,1.88,2.14,0.94,3.08
2017-08-22,831961,7.53,7.53,7.53,7.53,10,7530.0,0.0,0.94,0.07,0.0,0.93,0.93,0.0,1.06,0.66,0.93,1.06,0.93,0.27,0.0,7.52,7.55,7.54,7.58,0.93,-0.66,0.0,-0.4,-0.13,0.93,1.2,0.0,2.12,6.51
2017-08-24,831961,7.6,7.6,7.6,7.6,10,7600.0,0.0,0.93,0.07,0.0,0.0,-0.92,0.13,-0.26,0.0,0.13,0.0,-0.66,-0.92,-0.92,7.52,7.55,7.54,7.58,-1.58,-0.92,-1.32,-1.05,0.0,0.26,-0.92,1.18,5.53,3.55
2017-08-28,831961,7.48,7.47,7.48,7.47,50,37360.0,0.13,-1.71,-0.13,0.01,0.8,1.87,1.47,1.74,1.87,1.74,1.07,0.8,0.8,1.74,7.5,7.55,7.54,7.59,0.8,0.4,0.67,1.74,2.01,0.8,2.95,7.36,5.35,4.95
2017-08-30,831961,7.53,7.47,7.53,7.47,20,15000.0,0.8,0.0,0.0,0.0,1.87,1.47,1.74,1.87,1.74,1.07,0.8,0.8,1.74,0.13,7.51,7.53,7.54,7.58,0.4,0.67,1.74,2.01,0.8,2.95,7.36,5.35,4.95,3.21
2017-08-31,831961,7.42,7.5,7.5,7.42,5525,4130830.0,1.07,0.4,0.03,0.87,2.16,2.43,2.56,2.43,1.75,1.48,1.48,2.43,0.81,1.48,7.51,7.52,7.54,7.57,0.27,1.33,1.6,0.4,2.53,6.93,4.93,4.53,2.8,4.53
2017-09-01,831961,7.52,7.52,7.52,7.52,100,75200.0,0.0,0.27,0.02,0.02,1.06,1.2,1.06,0.4,0.13,0.13,1.06,-0.53,0.13,-0.27,7.51,7.52,7.54,7.56,1.06,1.33,0.13,2.26,6.65,4.65,4.26,2.53,4.26,4.12
2017-09-05,831961,7.59,7.6,7.6,7.59,20,15190.0,0.13,1.06,0.08,0.0,0.26,0.13,-0.53,-0.79,-0.79,0.13,-1.45,-0.79,-1.19,-0.92,7.51,7.52,7.54,7.56,0.26,-0.92,1.18,5.53,3.55,3.16,1.45,3.16,3.03,3.16
2017-09-06,831961,7.62,7.62,7.62,7.62,10,7620.0,0.0,0.26,0.02,0.0,-0.26,-0.92,-1.18,-1.18,-0.26,-1.84,-1.18,-1.57,-1.31,-0.26,7.54,7.52,7.55,7.56,-1.18,0.92,5.25,3.28,2.89,1.18,2.89,2.76,2.89,1.18
2017-09-07,831961,7.53,7.53,7.53,7.53,20,15060.0,0.0,-1.18,-0.09,0.0,0.27,0.0,0.0,0.93,-0.66,0.0,-0.4,-0.13,0.93,1.2,7.55,7.53,7.55,7.55,2.12,6.51,4.52,4.12,2.39,4.12,3.98,4.12,2.39,3.45
2017-09-08,831961,7.66,7.69,7.69,7.66,723,554898.0,0.4,2.12,0.16,0.11,-1.7,-1.7,-0.78,-2.35,-1.7,-2.09,-1.83,-0.78,-0.52,-1.7,7.59,7.55,7.56,7.55,4.29,2.34,1.95,0.26,1.95,1.82,1.95,0.26,1.3,0.39
2017-09-11,831961,7.72,7.82,8.02,7.7,7350,5769070.0,4.16,1.69,0.13,1.15,-2.21,-1.3,-2.86,-2.21,-2.6,-2.34,-1.3,-1.04,-2.21,-0.13,7.65,7.58,7.57,7.55,0.64,0.26,-1.41,0.26,0.13,0.26,-1.41,-0.38,-1.28,-1.28
2017-09-12,831961,7.84,7.8,7.87,7.78,1780,1392050.0,1.15,-0.26,-0.02,0.28,-2.31,-3.86,-3.21,-3.6,-3.34,-2.31,-2.06,-3.21,-1.16,3.08,7.69,7.6,7.58,7.56,0.51,-1.15,0.51,0.38,0.51,-1.15,-0.13,-1.03,-1.03,-0.9
2017-09-13,831961,7.75,7.84,7.84,7.68,950,734730.0,2.05,0.51,0.04,0.15,-2.6,-1.95,-2.34,-2.08,-1.04,-0.78,-1.95,0.13,4.43,2.47,7.74,7.64,7.59,7.57,-1.66,0.0,-0.13,0.0,-1.66,-0.64,-1.53,-1.53,-1.4,-1.91
2017-09-14,831961,7.7,7.64,7.71,7.64,4420,3396530.0,0.89,-2.55,-0.2,0.69,-1.44,-1.83,-1.57,-0.52,-0.26,-1.44,0.65,4.97,3.01,2.62,7.76,7.66,7.59,7.58,2.62,2.49,2.62,0.92,1.96,1.05,1.05,1.18,0.65,0.79
2017-09-15,831961,7.75,7.8,7.84,7.73,1120,873950.0,1.44,2.09,0.16,0.18,-2.98,-2.72,-1.68,-1.42,-2.59,-0.52,3.75,1.81,1.42,-0.26,7.78,7.69,7.6,7.59,0.38,0.51,-1.15,-0.13,-1.03,-1.03,-0.9,-1.41,-1.28,-1.28
2017-09-18,831961,7.83,7.83,7.83,7.83,40,31320.0,0.0,0.38,0.03,0.01,-3.96,-2.94,-2.68,-3.83,-1.79,2.43,0.51,0.13,-1.53,0.13,7.78,7.72,7.62,7.6,0.13,-1.53,-0.51,-1.4,-1.4,-1.28,-1.79,-1.66,-1.66,-1.02
2017-09-19,831961,7.84,7.82,7.84,7.82,150,117320.0,0.26,-0.13,-0.01,0.02,-2.81,-2.56,-3.71,-1.66,2.56,0.64,0.26,-1.41,0.26,0.13,7.79,7.74,7.63,7.61,-1.41,-0.38,-1.28,-1.28,-1.15,-1.66,-1.53,-1.53,-0.9,0.13
2017-09-22,831961,7.71,7.71,7.71,7.71,10,7710.0,0.0,-1.41,-0.11,0.0,-1.17,-2.33,-0.26,4.02,2.08,1.69,0.0,1.69,1.56,1.69,7.76,7.75,7.64,7.62,1.04,0.13,0.13,0.26,-0.26,-0.13,-0.13,0.52,1.56,0.26
2017-09-25,831961,7.79,7.79,7.79,7.79,10,7790.0,0.0,1.04,0.08,0.0,-3.34,-1.28,2.95,1.03,0.64,-1.03,0.64,0.51,0.64,-1.03,7.79,7.77,7.65,7.63,-0.9,-0.9,-0.77,-1.28,-1.16,-1.16,-0.51,0.51,-0.77,0.26
2017-09-26,831961,7.61,7.7,7.72,7.6,610,466600.0,1.54,-1.16,-0.09,0.1,1.18,5.53,3.55,3.16,1.45,3.16,3.03,3.16,1.45,2.5,7.77,7.78,7.66,7.63,0.26,0.39,-0.13,0.0,0.0,0.65,1.69,0.39,1.43,0.65
2017-09-27,831961,7.72,7.72,7.72,7.72,10,7720.0,0.0,0.26,0.02,0.0,3.89,1.94,1.55,-0.13,1.55,1.42,1.55,-0.13,0.91,0.0,7.75,7.77,7.67,7.63,0.13,-0.39,-0.26,-0.26,0.39,1.42,0.13,1.17,0.39,-1.55
2017-09-28,831961,7.59,7.73,7.73,7.59,20,15320.0,1.81,0.13,0.01,0.0,3.69,3.29,1.58,3.29,3.16,3.29,1.58,2.64,1.71,1.71,7.73,7.76,7.68,7.64,-0.52,-0.39,-0.39,0.26,1.29,0.0,1.03,0.26,-1.68,0.26
2017-09-29,831961,7.69,7.69,7.69,7.69,10,7690.0,0.0,-0.52,-0.04,0.0,1.95,0.26,1.95,1.82,1.95,0.26,1.3,0.39,0.39,0.52,7.73,7.74,7.69,7.64,0.13,0.13,0.78,1.82,0.52,1.56,0.78,-1.17,0.78,1.04
2017-10-09,831961,7.7,7.69,7.7,7.69,20,15390.0,0.13,0.0,0.0,0.0,0.26,1.95,1.82,1.95,0.26,1.3,0.39,0.39,0.52,0.0,7.71,7.75,7.7,7.65,0.13,0.78,1.82,0.52,1.56,0.78,-1.17,0.78,1.04,1.17
2017-10-10,831961,7.7,7.7,7.7,7.7,40,30800.0,0.0,0.13,0.01,0.01,1.82,1.69,1.82,0.13,1.17,0.26,0.26,0.39,-0.13,0.0,7.71,7.74,7.71,7.65,0.65,1.69,0.39,1.43,0.65,-1.3,0.65,0.91,1.04,0.39
2017-10-11,831961,7.7,7.71,7.75,7.7,430,331610.0,0.65,0.13,0.01,0.07,1.69,1.82,0.13,1.17,0.26,0.26,0.39,-0.13,0.0,0.0,7.7,7.73,7.72,7.65,1.56,0.26,1.3,0.52,-1.43,0.52,0.78,0.91,0.26,1.17
2017-10-12,831961,7.83,7.71,7.83,7.71,20,15540.0,1.56,0.0,0.0,0.0,1.69,0.0,1.04,0.13,0.13,0.26,-0.26,-0.13,-0.13,0.52,7.7,7.72,7.73,7.66,0.26,1.3,0.52,-1.43,0.52,0.78,0.91,0.26,1.17,0.91
2017-10-13,831961,7.73,7.73,7.73,7.73,10,7730.0,0.0,0.26,0.02,0.0,-0.26,0.78,-0.13,-0.13,0.0,-0.52,-0.39,-0.39,0.26,1.29,7.71,7.72,7.73,7.66,1.03,0.26,-1.68,0.26,0.52,0.65,0.0,0.91,0.65,1.29
2017-10-16,831961,7.8,7.58,7.81,7.58,279,213952.0,2.98,-1.94,-0.15,0.04,2.77,1.85,1.85,1.98,1.45,1.58,1.58,2.24,3.3,1.98,7.69,7.7,7.73,7.67,2.24,0.26,2.24,2.51,2.64,1.98,2.9,2.64,3.3,4.09
2017-10-17,831961,7.66,7.6,7.75,7.58,280,213640.0,2.24,0.26,0.02,0.04,1.85,1.85,1.98,1.45,1.58,1.58,2.24,3.3,1.98,3.03,7.67,7.69,7.73,7.67,0.0,1.97,2.24,2.37,1.71,2.63,2.37,3.03,3.82,4.08
2017-10-19,831961,7.53,7.6,7.6,7.53,420,318130.0,0.92,0.0,0.0,0.07,2.52,2.66,2.12,2.26,2.26,2.92,3.98,2.66,3.72,2.92,7.64,7.67,7.72,7.67,1.97,2.24,2.37,1.71,2.63,2.37,3.03,3.82,4.08,5.0
2017-10-20,831961,7.75,7.75,7.75,7.75,20,15500.0,0.0,1.97,0.15,0.0,-0.26,-0.77,-0.65,-0.65,0.0,1.03,-0.26,0.77,0.0,-1.94,7.65,7.68,7.72,7.68,0.26,0.39,-0.26,0.65,0.39,1.03,1.81,2.06,2.97,3.23
2017-10-23,831961,7.77,7.77,7.77,7.77,10,7770.0,0.0,0.26,0.02,0.0,-1.03,-0.9,-0.9,-0.26,0.77,-0.51,0.51,-0.26,-2.19,-0.26,7.66,7.68,7.71,7.69,0.13,-0.51,0.39,0.13,0.77,1.54,1.8,2.7,2.96,2.96
2017-10-24,831961,7.78,7.55,7.78,7.54,1009,763406.0,3.09,-2.83,-0.22,0.16,2.12,2.12,2.79,3.85,2.52,3.58,2.79,0.8,2.79,3.05,7.65,7.67,7.71,7.69,2.38,3.31,3.05,3.71,4.5,4.77,5.7,5.96,5.96,5.83
2017-10-25,831961,7.53,7.73,7.73,7.53,240,181720.0,2.65,2.38,0.18,0.04,2.26,2.92,3.98,2.66,3.72,2.92,0.93,2.92,3.19,3.32,7.68,7.67,7.71,7.7,0.91,0.65,1.29,2.07,2.33,3.23,3.49,3.49,3.36,2.85
2017-10-26,831961,7.52,7.8,7.8,7.52,648,503456.0,3.62,0.91,0.07,0.1,3.06,4.12,2.79,3.86,3.06,1.06,3.06,3.32,3.46,2.79,7.72,7.68,7.7,7.71,-0.26,0.38,1.15,1.41,2.31,2.56,2.56,2.44,1.92,0.77
2017-10-27,831961,7.58,7.78,7.78,7.58,70,53260.0,2.56,-0.26,-0.02,0.01,3.3,1.98,3.03,2.24,0.26,2.24,2.51,2.64,1.98,2.9,7.73,7.69,7.7,7.71,0.64,1.41,1.67,2.57,2.83,2.83,2.7,2.19,1.03,-0.13
2017-10-30,831961,7.8,7.8,7.83,7.8,390,304670.0,0.39,0.26,0.02,0.06,-0.9,0.13,-0.64,-2.56,-0.64,-0.38,-0.26,-0.9,0.0,-0.26,7.73,7.7,7.71,7.72,1.15,1.41,2.31,2.56,2.56,2.44,1.92,0.77,-0.38,-1.28
2017-10-31,831961,7.58,7.89,7.89,7.58,3920,3043210.0,3.97,1.15,0.09,0.61,3.03,2.24,0.26,2.24,2.51,2.64,1.98,2.9,2.64,3.3,7.8,7.73,7.71,7.73,0.25,1.14,1.39,1.39,1.27,0.76,-0.38,-1.52,-2.41,-4.31
2017-11-01,831961,7.9,7.91,7.91,7.9,530,419200.0,0.13,0.25,0.02,0.08,-1.9,-3.8,-1.9,-1.65,-1.52,-2.15,-1.27,-1.52,-0.89,-0.13,7.84,7.76,7.72,7.74,0.88,1.14,1.14,1.01,0.51,-0.63,-1.77,-2.65,-4.55,-4.42
2017-11-02,831961,7.78,7.98,7.98,7.76,16630,12937005.0,2.78,0.88,0.07,2.61,-2.06,-0.13,0.13,0.26,-0.39,0.52,0.26,0.9,1.68,1.93,7.87,7.8,7.73,7.75,0.25,0.25,0.13,-0.38,-1.5,-2.63,-3.51,-5.39,-5.26,-5.26
2017-11-03,831961,7.99,7.98,8.0,7.98,1780,1422120.0,0.25,0.0,0.0,0.28,-2.88,-2.63,-2.51,-3.13,-2.26,-2.51,-1.88,-1.13,-0.88,0.0,7.91,7.82,7.75,7.75,0.25,0.13,-0.38,-1.5,-2.63,-3.51,-5.39,-5.26,-5.26,-4.26
2017-11-06,831961,7.81,8.0,8.0,7.79,890,700310.0,2.63,0.25,0.02,0.14,-0.26,-0.13,-0.77,0.13,-0.13,0.51,1.28,1.54,2.44,2.7,7.95,7.84,7.76,7.76,-0.12,-0.62,-1.75,-2.88,-3.75,-5.63,-5.5,-5.5,-4.5,-5.63
2017-11-07,831961,7.99,7.94,7.99,7.89,1210,961450.0,1.25,-0.75,-0.06,0.19,-1.39,-2.03,-1.14,-1.39,-0.76,0.0,0.25,1.14,1.39,1.39,7.96,7.88,7.78,7.77,0.13,-1.01,-2.14,-3.02,-4.91,-4.79,-4.79,-3.78,-4.91,-3.9
2017-11-08,831961,7.95,7.88,7.95,7.87,1220,963730.0,1.01,-0.76,-0.06,0.19,-1.78,-0.89,-1.14,-0.51,0.25,0.51,1.4,1.65,1.65,1.52,7.96,7.9,7.78,7.77,-0.25,-1.4,-2.28,-4.19,-4.06,-4.06,-3.05,-4.19,-3.17,-2.66
2017-11-09,831961,7.86,7.65,7.86,7.65,219,170525.0,2.66,-2.92,-0.23,0.03,1.96,1.7,2.35,3.14,3.4,4.31,4.58,4.58,4.44,3.92,7.89,7.88,7.78,7.76,1.57,0.65,-1.31,-1.18,-1.18,-0.13,-1.31,-0.26,0.26,0.52
2017-11-10,831961,7.64,7.77,7.77,7.55,230,175150.0,2.88,1.57,0.12,0.04,3.05,3.71,4.5,4.77,5.7,5.96,5.96,5.83,5.3,4.11,7.85,7.88,7.78,7.76,-0.9,-2.83,-2.7,-2.7,-1.67,-2.83,-1.8,-1.29,-1.03,-1.54
2017-11-13,831961,7.68,7.6,7.7,7.37,2830,2145130.0,4.25,-2.19,-0.17,0.44,6.24,7.06,7.33,8.28,8.55,8.55,8.41,7.87,6.65,5.43,7.77,7.86,7.78,7.76,-0.66,-0.53,-0.53,0.53,-0.66,0.39,0.92,1.18,0.66,0.66
2017-11-14,831961,7.4,7.55,7.55,7.35,1090,806470.0,2.63,-0.66,-0.05,0.17,7.35,7.62,8.57,8.84,8.84,8.71,8.16,6.94,5.71,4.76,7.69,7.83,7.78,7.75,0.13,0.13,1.19,0.0,1.06,1.59,1.85,1.32,1.32,-0.66
2017-11-15,831961,7.56,7.55,7.56,7.36,559,416424.0,2.65,0.0,0.0,0.09,7.47,8.42,8.7,8.7,8.56,8.02,6.79,5.57,4.62,2.58,7.62,7.79,7.77,7.74,0.13,1.19,0.0,1.06,1.59,1.85,1.32,1.32,-0.66,-0.66
2017-11-16,831961,7.56,7.56,7.56,7.56,100,75600.0,0.0,0.13,0.01,0.02,5.56,5.82,5.82,5.69,5.16,3.97,2.78,1.85,-0.13,0.0,7.61,7.75,7.77,7.74,1.06,-0.13,0.93,1.46,1.72,1.19,1.19,-0.79,-0.79,0.26
2017-11-17,831961,7.57,7.58,7.64,7.57,9140,6973150.0,0.93,0.26,0.02,1.43,5.68,5.68,5.55,5.02,3.83,2.64,1.72,-0.26,-0.13,-0.13,7.57,7.71,7.76,7.73,-0.4,0.66,1.19,1.45,0.92,0.92,-1.06,-1.06,0.0,0.26
2017-11-20,831961,7.54,7.55,7.55,7.54,130,98130.0,0.13,-0.4,-0.03,0.02,6.1,5.97,5.44,4.24,3.05,2.12,0.13,0.27,0.27,1.33,7.56,7.66,7.75,7.73,1.06,1.59,1.85,1.32,1.32,-0.66,-0.66,0.4,0.66,3.18
2017-11-23,831961,7.63,7.63,7.63,7.63,10,7630.0,0.0,1.06,0.08,0.0,4.72,4.19,3.01,1.83,0.92,-1.05,-0.92,-0.92,0.13,-1.05,7.57,7.63,7.76,7.73,0.52,0.79,0.26,0.26,-1.7,-1.7,-0.66,-0.39,2.1,2.62
2017-11-24,831961,7.67,7.67,7.67,7.67,10,7670.0,0.0,0.52,0.04,0.0,3.65,2.48,1.3,0.39,-1.56,-1.43,-1.43,-0.39,-1.56,-0.52,7.6,7.61,7.75,7.73,0.26,-0.26,-0.26,-2.22,-2.22,-1.17,-0.91,1.56,2.09,2.22
2017-11-27,831961,7.69,7.69,7.69,7.69,10,7690.0,0.0,0.26,0.02,0.0,2.21,1.04,0.13,-1.82,-1.69,-1.69,-0.65,-1.82,-0.78,-0.26,7.62,7.62,7.75,7.73,-0.52,-0.52,-2.47,-2.47,-1.43,-1.17,1.3,1.82,1.95,-2.86
2017-11-29,831961,7.4,7.65,7.65,7.4,160,118910.0,3.25,-0.52,-0.04,0.03,5.0,4.05,2.03,2.16,2.16,3.24,2.03,3.11,3.65,3.92,7.64,7.6,7.74,7.72,0.0,-1.96,-1.96,-0.92,-0.65,1.83,2.35,2.48,-2.35,-4.97
2017-11-30,831961,7.65,7.65,7.65,7.29,340,251300.0,4.71,0.0,0.0,0.05,5.62,3.57,3.7,3.7,4.8,3.57,4.66,5.21,5.49,4.94,7.66,7.61,7.73,7.72,-1.96,-1.96,-0.92,-0.65,1.83,2.35,2.48,-2.35,-4.97,-7.19
2017-12-01,831961,7.27,7.5,7.5,7.26,170,125150.0,3.14,-1.96,-0.15,0.03,3.99,4.13,4.13,5.23,3.99,5.1,5.65,5.92,5.37,5.37,7.63,7.6,7.71,7.72,0.0,1.07,1.33,3.87,4.4,4.53,-0.4,-3.07,-5.33,-3.47
2017-12-04,831961,7.5,7.5,7.5,7.5,40,30000.0,0.0,0.0,0.0,0.01,0.8,0.8,1.87,0.67,1.73,2.27,2.53,2.0,2.0,0.0,7.6,7.6,7.69,7.72,1.07,1.33,3.87,4.4,4.53,-0.4,-3.07,-5.33,-3.47,-3.2
2017-12-05,831961,7.58,7.5,7.58,7.45,448,334900.0,1.73,0.0,0.0,0.07,1.48,2.55,1.34,2.42,2.95,3.22,2.68,2.68,0.67,0.67,7.56,7.59,7.67,7.71,1.33,3.87,4.4,4.53,-0.4,-3.07,-5.33,-3.47,-3.2,-1.87
2017-12-06,831961,7.6,7.6,7.6,7.6,10,7600.0,0.0,1.33,0.1,0.0,0.53,-0.66,0.39,0.92,1.18,0.66,0.66,-1.32,-1.32,-0.26,7.55,7.59,7.65,7.71,2.5,3.03,3.16,-1.71,-4.34,-6.58,-4.74,-4.47,-3.16,-5.39
2017-12-07,831961,7.6,7.79,7.79,7.6,140,107630.0,2.5,2.5,0.19,0.02,-0.66,0.39,0.92,1.18,0.66,0.66,-1.32,-1.32,-0.26,0.0,7.58,7.62,7.64,7.71,0.51,0.64,-4.11,-6.68,-8.86,-7.06,-6.8,-5.52,-7.7,-6.8
2017-12-15,831961,7.82,7.83,7.83,7.8,500,390700.0,0.39,0.51,0.04,0.08,-2.18,-1.67,-1.41,-1.92,-1.92,-3.85,-3.85,-2.82,-2.56,-0.13,7.64,7.64,7.63,7.72,0.13,-4.6,-7.15,-9.32,-7.54,-7.28,-6.0,-8.17,-7.28,-4.85
2017-12-18,831961,7.84,7.48,7.84,7.48,400,303130.0,4.6,-4.47,-0.35,0.06,2.54,2.81,2.27,2.27,0.27,0.27,1.34,1.6,4.14,4.68,7.64,7.62,7.61,7.71,-0.13,-2.81,-5.08,-3.21,-2.94,-1.6,-3.88,-2.94,-0.4,-1.6
2017-12-19,831961,7.47,7.07,7.47,7.03,544,393530.0,5.88,-5.48,-0.41,0.09,9.39,8.82,8.82,6.69,6.69,7.82,8.11,10.81,11.38,11.52,7.55,7.56,7.59,7.68,2.83,0.42,2.4,2.69,4.1,1.7,2.69,5.37,4.1,3.68
2017-12-20,831961,7.25,6.77,7.27,6.7,490,337930.0,8.06,-4.24,-0.3,0.08,14.18,14.18,11.94,11.94,13.13,13.43,16.27,16.87,17.01,11.49,7.39,7.47,7.54,7.65,4.87,6.94,7.24,8.71,6.2,7.24,10.04,8.71,8.27,8.27
2017-12-21,831961,6.81,6.8,7.1,6.75,20310,13742230.0,5.17,0.44,0.03,3.19,13.33,11.11,11.11,12.3,12.59,15.41,16.0,16.15,10.67,7.7,7.19,7.38,7.5,7.62,6.47,6.76,8.24,5.74,6.76,9.56,8.24,7.79,7.79,8.24
2017-12-22,831961,6.8,6.8,7.24,6.7,25780,17531240.0,7.94,0.0,0.0,4.04,11.94,11.94,13.13,13.43,16.27,16.87,17.01,11.49,8.51,5.97,6.98,7.31,7.46,7.58,6.76,8.24,5.74,6.76,9.56,8.24,7.79,7.79,8.24,6.91
2017-12-25,831961,6.81,7.26,7.26,6.75,15840,10762170.0,7.5,6.76,0.46,2.48,11.11,12.3,12.59,15.41,16.0,16.15,10.67,7.7,5.19,7.26,6.94,7.29,7.44,7.56,1.38,-0.96,0.0,2.62,1.38,0.96,0.96,1.38,0.14,0.14
2017-12-26,831961,7.24,7.1,7.36,7.03,600,429230.0,4.55,-2.2,-0.16,0.09,7.82,8.11,10.81,11.38,11.52,6.26,3.41,1.0,2.99,3.27,6.95,7.25,7.42,7.53,1.27,2.25,4.93,3.66,3.24,3.24,3.66,2.39,2.39,3.24
2017-12-27,831961,7.19,7.19,7.19,7.19,10,7190.0,0.0,1.27,0.09,0.0,5.7,8.34,8.9,9.04,3.89,1.11,-1.25,0.7,0.97,2.36,7.03,7.21,7.4,7.5,0.97,3.62,2.36,1.95,1.95,2.36,1.11,1.11,1.95,-0.56
2017-12-28,831961,7.22,7.26,7.26,7.15,90,65000.0,1.53,0.97,0.07,0.01,8.95,9.51,9.65,4.48,1.68,-0.7,1.26,1.54,2.94,0.56,7.12,7.16,7.39,7.48,2.62,1.38,0.96,0.96,1.38,0.14,0.14,0.96,-1.52,0.41
2017-12-29,831961,7.2,7.32,7.45,7.2,1050,771420.0,3.44,0.83,0.06,0.16,8.75,8.89,3.75,0.97,-1.39,0.56,0.83,2.22,-0.14,0.83,7.23,7.11,7.37,7.46,0.55,0.14,0.14,0.55,-0.68,-0.68,0.14,-2.32,-0.41,0.68
2018-01-02,831961,7.36,7.3,7.36,7.3,100,73110.0,0.82,-0.27,-0.02,0.02,7.4,2.33,-0.41,-2.74,-0.82,-0.55,0.82,-1.51,-0.55,2.05,7.23,7.09,7.35,7.44,0.41,0.41,0.82,-0.41,-0.41,0.41,-2.05,-0.14,0.96,-1.51
2018-01-04,831961,7.33,7.33,7.33,7.33,10,7330.0,0.0,0.41,0.03,0.0,1.91,-0.82,-3.14,-1.23,-0.95,0.41,-1.91,-0.95,1.64,0.41,7.28,7.11,7.33,7.43,0.0,0.41,-0.82,-0.82,0.0,-2.46,-0.55,0.55,-1.91,-0.14
2018-01-11,831961,7.33,7.33,7.33,7.33,40,29320.0,0.0,0.0,0.0,0.01,-0.82,-3.14,-1.23,-0.95,0.41,-1.91,-0.95,1.64,0.41,0.0,7.31,7.17,7.32,7.41,0.41,-0.82,-0.82,0.0,-2.46,-0.55,0.55,-1.91,-0.14,0.68
2018-01-16,831961,7.35,7.27,7.36,7.27,200,146100.0,1.23,-0.82,-0.06,0.03,-2.34,-0.41,-0.14,1.24,-1.1,-0.14,2.48,1.24,0.83,0.83,7.31,7.22,7.3,7.4,0.0,0.0,0.83,-1.65,0.28,1.38,-1.1,0.69,1.51,0.28
2018-01-17,831961,7.27,7.13,7.27,7.13,90,64500.0,1.93,-1.93,-0.14,0.01,1.54,1.82,3.23,0.84,1.82,4.49,3.23,2.81,2.81,3.23,7.27,7.25,7.28,7.39,1.96,2.81,0.28,2.24,3.37,0.84,2.66,3.51,2.24,0.56
2018-01-19,831961,7.27,7.27,7.27,7.27,10,7270.0,0.0,1.96,0.14,0.0,-0.14,1.24,-1.1,-0.14,2.48,1.24,0.83,0.83,1.24,0.0,7.27,7.25,7.27,7.38,0.83,-1.65,0.28,1.38,-1.1,0.69,1.51,0.28,-1.38,-1.38
2018-01-22,831961,7.33,7.33,7.33,7.33,100,73300.0,0.0,0.83,0.06,0.02,0.41,-1.91,-0.95,1.64,0.41,0.0,0.0,0.41,-0.82,-0.82,7.27,7.27,7.26,7.37,-2.46,-0.55,0.55,-1.91,-0.14,0.68,-0.55,-2.18,-2.18,-2.46
2018-01-24,831961,7.15,7.15,7.15,7.15,30,21450.0,0.0,-2.46,-0.18,0.0,0.56,1.54,4.2,2.94,2.52,2.52,2.94,1.68,1.68,2.52,7.23,7.27,7.24,7.36,1.96,3.08,0.56,2.38,3.22,1.96,0.28,0.28,0.0,0.42
2018-01-25,831961,7.29,7.23,7.29,7.15,50,36170.0,1.96,1.12,0.08,0.01,1.54,4.2,2.94,2.52,2.52,2.94,1.68,1.68,2.52,0.0,7.22,7.27,7.21,7.35,1.94,-0.55,1.24,2.07,0.83,-0.83,-0.83,-1.11,-0.69,-0.55
2018-01-30,831961,7.28,7.15,7.37,7.15,430,308140.0,3.04,-1.11,-0.08,0.07,4.2,2.94,2.52,2.52,2.94,1.68,1.68,2.52,0.0,1.96,7.23,7.25,7.18,7.33,0.56,2.38,3.22,1.96,0.28,0.28,0.0,0.42,0.56,0.7
2018-01-31,831961,7.18,7.18,7.19,7.18,30,21550.0,0.14,0.42,0.03,0.0,2.51,2.09,2.09,2.51,1.25,1.25,2.09,-0.42,1.53,2.65,7.21,7.24,7.16,7.31,1.95,2.79,1.53,-0.14,-0.14,-0.42,0.0,0.14,0.28,-0.56
2018-02-01,831961,7.32,7.32,7.32,7.32,10,7320.0,0.0,1.95,0.14,0.0,0.14,0.14,0.55,-0.68,-0.68,0.14,-2.32,-0.41,0.68,-1.78,7.21,7.24,7.17,7.3,0.82,-0.41,-2.05,-2.05,-2.32,-1.91,-1.78,-1.64,-2.46,-1.37
2018-02-05,831961,7.37,7.35,7.38,7.24,80,58790.0,1.91,0.41,0.03,0.01,1.24,1.66,0.41,0.41,1.24,-1.24,0.69,1.8,-0.69,1.1,7.25,7.24,7.2,7.29,-0.82,-2.45,-2.45,-2.72,-2.31,-2.18,-2.04,-2.86,-1.77,-1.77
2018-02-06,831961,7.14,7.29,7.29,7.0,792,559860.0,3.95,-0.82,-0.06,0.12,5.14,3.86,3.86,4.71,2.14,4.14,5.29,2.71,4.57,5.43,7.26,7.24,7.23,7.28,-1.65,-1.65,-1.92,-1.51,-1.37,-1.23,-2.06,-0.96,-0.96,0.55
2018-02-07,831961,7.17,7.17,7.17,7.17,70,50190.0,0.0,-1.65,-0.12,0.01,1.39,1.39,2.23,-0.28,1.67,2.79,0.28,2.09,2.93,1.67,7.26,7.24,7.25,7.27,0.0,-0.28,0.14,0.28,0.42,-0.42,0.7,0.7,2.23,-0.28
2018-02-08,831961,7.17,7.17,7.17,7.17,60,43020.0,0.0,0.0,0.0,0.01,1.39,2.23,-0.28,1.67,2.79,0.28,2.09,2.93,1.67,0.0,7.26,7.23,7.24,7.26,-0.28,0.14,0.28,0.42,-0.42,0.7,0.7,2.23,-0.28,1.12
2018-02-09,831961,7.15,7.15,7.15,7.15,60,42900.0,0.0,-0.28,-0.02,0.01,2.52,0.0,1.96,3.08,0.56,2.38,3.22,1.96,0.28,0.28,7.23,7.22,7.24,7.25,0.42,0.56,0.7,-0.14,0.98,0.98,2.52,0.0,1.4,2.1
2018-02-13,831961,7.18,7.18,7.18,7.18,10,7180.0,0.0,0.42,0.03,0.0,-0.42,1.53,2.65,0.14,1.95,2.79,1.53,-0.14,-0.14,-0.42,7.19,7.22,7.24,7.23,0.14,0.28,-0.56,0.56,0.56,2.09,-0.42,0.97,1.67,2.65
2018-02-14,831961,7.19,7.19,7.19,7.18,40,28750.0,0.14,0.14,0.01,0.01,1.53,2.65,0.14,1.95,2.79,1.53,-0.14,-0.14,-0.42,0.0,7.17,7.22,7.24,7.21,0.14,-0.7,0.42,0.42,1.95,-0.56,0.83,1.53,2.5,2.92
2018-02-22,831961,7.2,7.16,7.2,7.16,130,93320.0,0.56,-0.42,-0.03,0.02,2.93,0.42,2.23,3.07,1.82,0.14,0.14,-0.14,0.28,0.42,7.17,7.22,7.23,7.19,-0.28,0.84,0.84,2.37,-0.14,1.26,1.96,2.93,3.35,4.33
2018-02-23,831961,7.14,7.1,7.14,7.1,120,85280.0,0.56,-0.84,-0.06,0.02,1.27,3.1,3.94,2.68,0.99,0.99,0.7,1.13,1.27,1.41,7.16,7.21,7.22,7.18,1.69,1.69,3.24,0.7,2.11,2.82,3.8,4.23,5.21,3.1
2018-02-26,831961,7.1,7.1,7.22,7.1,40,28520.0,1.69,0.0,0.0,0.01,3.1,3.94,2.68,0.99,0.99,0.7,1.13,1.27,1.41,0.56,7.15,7.19,7.21,7.18,1.69,3.24,0.7,2.11,2.82,3.8,4.23,5.21,3.1,0.99
2018-02-27,831961,7.17,7.17,7.22,7.13,220,157790.0,1.27,0.99,0.07,0.03,3.51,2.24,0.56,0.56,0.28,0.7,0.84,0.98,0.14,1.26,7.14,7.17,7.2,7.19,2.23,-0.28,1.12,1.81,2.79,3.21,4.18,2.09,0.0,-0.84
2018-02-28,831961,7.33,7.13,7.33,7.13,20,14460.0,2.79,-0.56,-0.04,0.0,2.24,0.56,0.56,0.28,0.7,0.84,0.98,0.14,1.26,1.26,7.13,7.15,7.2,7.2,0.28,1.68,2.38,3.37,3.79,4.77,2.66,0.56,-0.28,-2.38
2018-03-01,831961,7.15,7.11,7.15,7.1,180,128170.0,0.7,-0.28,-0.02,0.03,0.99,0.99,0.7,1.13,1.27,1.41,0.56,1.69,1.69,3.24,7.12,7.15,7.19,7.21,1.97,2.67,3.66,4.08,5.06,2.95,0.84,0.0,-2.11,-0.56
2018-03-02,831961,7.17,7.25,7.25,7.14,110,78770.0,1.55,1.97,0.14,0.02,0.42,0.14,0.56,0.7,0.84,0.0,1.12,1.12,2.66,0.14,7.15,7.15,7.19,7.21,0.69,1.66,2.07,3.03,0.97,-1.1,-1.93,-4.0,-2.48,-5.66
2018-03-05,831961,7.3,7.3,7.3,7.3,100,73000.0,0.0,0.69,0.05,0.02,-2.05,-1.64,-1.51,-1.37,-2.19,-1.1,-1.1,0.41,-2.05,-0.68,7.19,7.17,7.19,7.22,0.96,1.37,2.33,0.27,-1.78,-2.6,-4.66,-3.15,-6.3,-6.85
2018-03-07,831961,7.37,7.37,7.37,7.37,10,7370.0,0.0,0.96,0.07,0.0,-2.58,-2.44,-2.31,-3.12,-2.04,-2.04,-0.54,-2.99,-1.63,-0.95,7.23,7.19,7.2,7.23,0.41,1.36,-0.68,-2.71,-3.53,-5.56,-4.07,-7.19,-7.73,-10.99
2018-03-09,831961,7.4,7.4,7.4,7.4,10,7400.0,0.0,0.41,0.03,0.0,-2.84,-2.7,-3.51,-2.43,-2.43,-0.95,-3.38,-2.03,-1.35,-0.41,7.29,7.21,7.21,7.23,0.95,-1.08,-3.11,-3.92,-5.95,-4.46,-7.57,-8.11,-11.35,-12.16
2018-03-13,831961,7.45,7.47,7.47,7.39,50,37170.0,1.08,0.95,0.07,0.01,-2.57,-3.38,-2.3,-2.3,-0.81,-3.25,-1.89,-1.22,-0.27,0.14,7.36,7.24,7.23,7.24,-2.01,-4.02,-4.82,-6.83,-5.35,-8.43,-8.97,-12.18,-12.99,-12.72
2018-03-15,831961,7.32,7.22,7.32,7.17,226,164852.0,2.01,-3.35,-0.25,0.04,-0.42,0.7,0.7,2.23,-0.28,1.12,1.81,2.79,3.21,4.18,7.35,7.25,7.23,7.23,-0.69,-1.52,-3.6,-2.08,-5.26,-5.82,-9.14,-9.97,-9.7,-9.7
2018-03-19,831961,7.17,7.06,7.17,7.02,110,78200.0,2.08,-2.22,-0.16,0.02,2.85,2.85,4.42,1.85,3.28,3.99,4.99,5.41,6.41,4.27,7.3,7.25,7.22,7.22,0.71,-1.42,0.14,-3.12,-3.68,-7.08,-7.93,-7.65,-7.65,-8.5
2018-03-20,831961,7.11,7.06,7.11,7.0,20,14110.0,1.56,0.0,0.0,0.0,3.14,4.71,2.14,3.57,4.29,5.29,5.71,6.71,4.57,2.43,7.24,7.24,7.2,7.21,-1.42,0.14,-3.12,-3.68,-7.08,-7.93,-7.65,-7.65,-8.5,-8.92
2018-03-21,831961,6.96,6.96,6.96,6.96,80,55680.0,0.0,-1.42,-0.1,0.01,5.32,2.73,4.17,4.89,5.89,6.32,7.33,5.17,3.02,2.16,7.15,7.22,7.19,7.2,1.58,-1.72,-2.3,-5.75,-6.61,-6.32,-6.32,-7.18,-7.61,-7.61
2018-03-22,831961,7.07,6.89,7.07,6.85,429,298448.0,3.16,-1.01,-0.07,0.07,4.38,5.84,6.57,7.59,8.03,9.05,6.86,4.67,3.8,1.61,7.04,7.2,7.17,7.2,-0.73,-1.31,-4.79,-5.66,-5.37,-5.37,-6.24,-6.68,-6.68,-6.1
2018-03-26,831961,6.84,6.73,6.84,6.7,220,148900.0,2.03,-2.32,-0.16,0.03,8.21,8.96,10.0,10.45,11.49,9.25,7.01,6.12,3.88,5.52,6.94,7.15,7.15,7.18,1.04,-2.53,-3.42,-3.12,-3.12,-4.01,-4.46,-4.46,-3.86,-3.42
2018-03-27,831961,6.8,6.5,6.8,6.5,820,540180.0,4.46,-3.42,-0.23,0.13,12.31,13.38,13.85,14.92,12.62,10.31,9.38,7.08,8.77,5.23,6.83,7.07,7.12,7.15,0.92,0.0,0.31,0.31,-0.62,-1.08,-1.08,-0.46,0.0,0.0
2018-03-28,831961,6.56,6.5,6.56,6.5,130,84660.0,0.92,0.0,0.0,0.02,13.38,13.85,14.92,12.62,10.31,9.38,7.08,8.77,5.23,4.62,6.72,6.98,7.08,7.13,0.0,0.31,0.31,-0.62,-1.08,-1.08,-0.46,0.0,0.0,-0.31
2018-03-29,831961,6.5,6.5,6.5,6.5,100,65000.0,0.0,0.0,0.0,0.02,13.85,14.92,12.62,10.31,9.38,7.08,8.77,5.23,4.62,0.92,6.62,6.89,7.05,7.1,0.31,0.31,-0.62,-1.08,-1.08,-0.46,0.0,0.0,-0.31,-0.31
2018-03-30,831961,6.52,6.52,6.52,6.5,810,527320.0,0.31,0.31,0.02,0.13,14.92,12.62,10.31,9.38,7.08,8.77,5.23,4.62,0.92,0.0,6.55,6.79,7.02,7.08,0.0,-0.92,-1.38,-1.38,-0.77,-0.31,-0.31,-0.61,-0.61,-0.61
2018-04-02,831961,6.5,6.47,6.52,6.43,1240,802610.0,1.38,-0.77,-0.05,0.19,13.84,11.51,10.58,8.24,9.95,6.38,5.75,2.02,1.09,1.4,6.5,6.72,6.99,7.06,-0.15,-0.62,-0.62,0.0,0.46,0.46,0.15,0.15,0.15,0.62
2018-04-03,831961,6.42,6.41,6.46,6.4,470,301630.0,0.93,-0.93,-0.06,0.07,12.03,11.09,8.75,10.47,6.87,6.25,2.5,1.56,1.87,1.87,6.48,6.65,6.95,7.03,0.31,0.31,0.94,1.4,1.4,1.09,1.09,1.09,1.56,1.72
2018-04-04,831961,6.43,6.4,6.43,6.4,310,198630.0,0.47,-0.16,-0.01,0.05,11.09,8.75,10.47,6.87,6.25,2.5,1.56,1.87,1.87,0.94,6.46,6.59,6.91,7.0,0.47,1.09,1.56,1.56,1.25,1.25,1.25,1.72,1.87,2.03
2018-04-09,831961,6.4,6.41,6.43,6.4,150,96150.0,0.47,0.16,0.01,0.02,8.75,10.47,6.87,6.25,2.5,1.56,1.87,1.87,0.94,0.47,6.44,6.53,6.88,6.97,0.94,1.4,1.4,1.09,1.09,1.09,1.56,1.72,1.87,1.87
2018-04-10,831961,6.43,6.47,6.47,6.43,110,70770.0,0.62,0.94,0.06,0.02,9.95,6.38,5.75,2.02,1.09,1.4,1.4,0.47,0.0,0.0,6.43,6.49,6.84,6.95,0.46,0.46,0.15,0.15,0.15,0.62,0.77,0.93,0.93,1.08
2018-04-11,831961,6.5,6.49,6.5,6.47,70,45440.0,0.46,0.31,0.02,0.01,5.72,5.1,1.39,0.46,0.77,0.77,-0.15,-0.62,-0.62,0.0,6.44,6.47,6.81,6.92,0.15,-0.15,-0.15,-0.15,0.31,0.46,0.62,0.62,0.77,0.77
2018-04-12,831961,6.5,6.49,6.5,6.48,100,64900.0,0.31,0.0,0.0,0.02,4.94,1.23,0.31,0.62,0.62,-0.31,-0.77,-0.77,-0.15,0.31,6.45,6.47,6.77,6.9,-0.15,-0.15,-0.15,0.31,0.46,0.62,0.62,0.77,0.77,0.92
2018-04-13,831961,6.48,6.48,6.48,6.48,110,71280.0,0.0,-0.15,-0.01,0.02,1.23,0.31,0.62,0.62,-0.31,-0.77,-0.77,-0.15,0.31,0.31,6.47,6.46,6.72,6.88,0.0,0.0,0.46,0.62,0.77,0.77,0.93,0.93,1.08,1.85
2018-04-18,831961,6.48,6.48,6.48,6.48,10,6480.0,0.0,0.0,0.0,0.0,0.31,0.62,0.62,-0.31,-0.77,-0.77,-0.15,0.31,0.31,0.0,6.48,6.46,6.68,6.85,0.0,0.46,0.62,0.77,0.77,0.93,0.93,1.08,1.85,2.78
2018-04-19,831961,6.35,6.48,6.48,6.35,40,25530.0,2.01,0.0,0.0,0.01,2.68,2.68,1.73,1.26,1.26,1.89,2.36,2.36,2.05,2.05,6.48,6.46,6.63,6.83,0.46,0.62,0.77,0.77,0.93,0.93,1.08,1.85,2.78,1.85
2018-04-20,831961,6.5,6.49,6.51,6.48,500,324720.0,0.46,0.15,0.01,0.08,0.62,-0.31,-0.77,-0.77,-0.15,0.31,0.31,0.0,0.0,0.0,6.48,6.46,6.59,6.81,0.46,0.62,0.62,0.77,0.77,0.92,1.69,2.62,1.69,3.24
2018-04-23,831961,6.52,6.48,6.52,6.48,120,77800.0,0.62,-0.15,-0.01,0.02,-0.31,-0.77,-0.77,-0.15,0.31,0.31,0.0,0.0,0.0,0.46,6.48,6.47,6.56,6.79,0.77,0.77,0.93,0.93,1.08,1.85,2.78,1.85,3.4,3.4
2018-04-25,831961,6.52,6.52,6.53,6.5,170,110870.0,0.46,0.62,0.04,0.03,-1.08,-1.08,-0.46,0.0,0.0,-0.31,-0.31,-0.31,0.15,0.31,6.49,6.48,6.53,6.77,0.15,0.31,0.31,0.46,1.23,2.15,1.23,2.76,2.76,1.38
2018-04-27,831961,6.45,6.53,6.53,6.45,7590,4955950.0,1.23,0.15,0.01,1.19,-0.31,0.31,0.78,0.78,0.47,0.47,0.47,0.93,1.09,1.24,6.5,6.49,6.51,6.75,0.15,0.15,0.31,1.07,1.99,1.07,2.6,2.6,1.23,1.23
2018-05-08,831961,6.53,6.54,6.54,6.53,110,71840.0,0.15,0.15,0.01,0.02,-0.92,-0.46,-0.46,-0.77,-0.77,-0.77,-0.31,-0.15,0.0,0.0,6.51,6.5,6.49,6.73,0.0,0.15,0.92,1.83,0.92,2.45,2.45,1.07,1.07,2.45
2018-05-09,831961,6.54,6.54,6.54,6.54,10,6540.0,0.0,0.0,0.0,0.0,-0.61,-0.61,-0.92,-0.92,-0.92,-0.46,-0.31,-0.15,-0.15,0.0,6.52,6.5,6.48,6.71,0.15,0.92,1.83,0.92,2.45,2.45,1.07,1.07,2.45,2.45
2018-05-15,831961,6.46,6.55,6.55,6.36,116,74866.0,2.91,0.15,0.01,0.02,2.2,1.89,1.89,1.89,2.36,2.52,2.67,2.67,2.83,2.83,6.54,6.51,6.49,6.68,0.76,1.68,0.76,2.29,2.29,0.92,0.92,2.29,2.29,2.29
2018-05-18,831961,6.6,6.6,6.6,6.6,20,13200.0,0.0,0.76,0.05,0.0,-1.82,-1.82,-1.82,-1.36,-1.21,-1.06,-1.06,-0.91,-0.91,-0.76,6.55,6.52,6.49,6.65,0.91,0.0,1.52,1.52,0.15,0.15,1.52,1.52,1.52,1.52
2018-05-21,831961,6.65,6.66,6.66,6.65,40,26610.0,0.15,0.91,0.06,0.01,-2.56,-2.56,-2.11,-1.95,-1.8,-1.8,-1.65,-1.65,-1.5,-0.75,6.58,6.54,6.5,6.63,-0.9,0.6,0.6,-0.75,-0.75,0.6,0.6,0.6,0.6,1.2
2018-05-29,831961,6.57,6.57,6.6,6.57,50,32910.0,0.45,-1.35,-0.09,0.01,-1.37,-0.91,-0.76,-0.61,-0.61,-0.46,-0.46,-0.3,0.46,1.37,6.58,6.55,6.5,6.6,1.98,1.98,0.61,0.61,1.98,1.98,1.98,1.98,2.59,2.74
2018-06-14,831961,6.7,6.7,6.7,6.7,30,20100.0,0.0,1.98,0.13,0.0,-2.84,-2.69,-2.54,-2.54,-2.39,-2.39,-2.24,-1.49,-0.6,-1.49,6.62,6.57,6.51,6.58,0.0,-1.34,-1.34,0.0,0.0,0.0,0.0,0.6,0.75,0.9
2018-06-15,831961,6.63,6.68,6.7,6.6,230,153130.0,1.49,-0.3,-0.02,0.04,-1.21,-1.06,-1.06,-0.91,-0.91,-0.76,0.0,0.91,0.0,1.52,6.64,6.59,6.53,6.57,-1.05,-1.05,0.3,0.3,0.3,0.3,0.9,1.05,1.2,2.25
2018-06-20,831961,6.61,6.6,6.61,6.58,110,72570.0,0.45,-1.2,-0.08,0.02,-0.76,-0.76,-0.61,-0.61,-0.46,0.3,1.22,0.3,1.82,1.82,6.64,6.6,6.54,6.55,0.15,1.52,1.52,1.52,1.52,2.12,2.27,2.42,3.48,5.0
2018-06-21,831961,6.61,6.6,6.61,6.6,120,79240.0,0.15,0.0,0.0,0.02,-1.06,-0.91,-0.91,-0.76,0.0,0.91,0.0,1.52,1.52,0.15,6.63,6.6,6.55,6.54,1.52,1.52,1.52,1.52,2.12,2.27,2.42,3.48,5.0,2.73
2018-06-22,831961,6.66,6.7,6.7,6.66,30,20060.0,0.61,1.52,0.1,0.0,-1.8,-1.8,-1.65,-0.9,0.0,-0.9,0.6,0.6,-0.75,-0.75,6.66,6.62,6.56,6.54,0.0,0.0,0.0,0.6,0.75,0.9,1.94,3.43,1.19,-0.45
2018-06-25,831961,6.7,6.7,6.7,6.7,10,6700.0,0.0,0.0,0.0,0.0,-2.39,-2.24,-1.49,-0.6,-1.49,0.0,0.0,-1.34,-1.34,0.0,6.66,6.64,6.57,6.54,0.0,0.0,0.6,0.75,0.9,1.94,3.43,1.19,-0.45,-0.6
2018-06-27,831961,6.7,6.7,6.7,6.7,30,20100.0,0.0,0.0,0.0,0.0,-2.24,-1.49,-0.6,-1.49,0.0,0.0,-1.34,-1.34,0.0,0.0,6.66,6.65,6.58,6.54,0.0,0.6,0.75,0.9,1.94,3.43,1.19,-0.45,-0.6,-1.64
2018-07-02,831961,6.7,6.7,6.7,6.7,39,26130.0,0.0,0.0,0.0,0.01,-1.49,-0.6,-1.49,0.0,0.0,-1.34,-1.34,0.0,0.0,0.0,6.68,6.66,6.59,6.55,0.6,0.75,0.9,1.94,3.43,1.19,-0.45,-0.6,-1.64,-1.79
2018-07-04,831961,6.73,6.73,6.74,6.73,80,53860.0,0.15,0.45,0.03,0.01,-1.04,-1.93,-0.45,-0.45,-1.78,-1.78,-0.45,-0.45,-0.45,-0.45,6.71,6.67,6.6,6.56,0.3,0.45,1.49,2.97,0.74,-0.89,-1.04,-2.08,-2.23,-2.82
2018-07-09,831961,6.75,6.75,6.75,6.75,12020,9013500.0,0.0,0.3,0.02,1.89,-2.22,-0.74,-0.74,-2.07,-2.07,-0.74,-0.74,-0.74,-0.74,-0.15,6.72,6.69,6.62,6.56,0.15,1.19,2.67,0.44,-1.19,-1.33,-2.37,-2.52,-3.11,-1.33
2018-07-12,831961,6.76,6.75,6.76,6.75,156,105350.0,0.15,0.0,0.0,0.02,-0.74,-0.74,-2.07,-2.07,-0.74,-0.74,-0.74,-0.74,-0.15,0.0,6.73,6.69,6.63,6.57,1.19,2.67,0.44,-1.19,-1.33,-2.37,-2.52,-3.11,-1.33,-2.22
2018-07-19,831961,6.83,6.83,6.83,6.83,30,20490.0,0.0,1.19,0.08,0.0,-1.9,-3.22,-3.22,-1.9,-1.9,-1.9,-1.9,-1.32,-1.17,-1.02,6.75,6.71,6.65,6.59,1.46,-0.73,-2.34,-2.49,-3.51,-3.66,-4.25,-2.49,-3.37,-3.95
2018-07-20,831961,6.83,6.93,6.93,6.83,130,89220.0,1.46,1.46,0.1,0.02,-3.22,-3.22,-1.9,-1.9,-1.9,-1.9,-1.32,-1.17,-1.02,0.0,6.8,6.74,6.67,6.6,-2.16,-3.75,-3.9,-4.91,-5.05,-5.63,-3.9,-4.76,-5.34,-5.34
2018-07-30,831961,6.74,6.74,6.78,6.74,210,141740.0,0.58,-2.74,-0.19,0.03,-1.93,-0.59,-0.59,-0.59,-0.59,0.0,0.15,0.3,1.34,2.82,6.8,6.75,6.68,6.62,-1.04,-1.19,-2.23,-2.37,-2.97,-1.19,-2.08,-2.67,-2.67,-3.41
2018-08-27,831961,6.65,6.6,6.67,6.6,220,145920.0,1.04,-2.08,-0.14,0.03,1.52,1.52,1.52,1.52,2.12,2.27,2.42,3.48,5.0,2.73,6.77,6.74,6.68,6.62,0.91,-0.15,-0.3,-0.91,0.91,0.0,-0.61,-0.61,-1.36,-2.12
2018-09-04,831961,6.66,6.66,6.66,6.66,30,19980.0,0.0,0.91,0.06,0.0,0.6,0.6,0.6,1.2,1.35,1.5,2.55,4.05,1.8,0.15,6.75,6.74,6.69,6.63,-1.05,-1.2,-1.8,0.0,-0.9,-1.5,-1.5,-2.25,-3.0,-3.15
2018-09-05,831961,6.59,6.59,6.59,6.59,10,6590.0,0.0,-1.05,-0.07,0.0,1.67,1.67,2.28,2.43,2.58,3.64,5.16,2.88,1.21,1.06,6.7,6.73,6.69,6.63,-0.15,-0.76,1.06,0.15,-0.46,-0.46,-1.21,-1.97,-2.12,-2.58
2018-09-11,831961,6.58,6.58,6.58,6.57,70,46040.0,0.15,-0.15,-0.01,0.01,1.98,2.59,2.74,2.89,3.96,5.48,3.2,1.52,1.37,0.3,6.63,6.72,6.69,6.63,-0.61,1.22,0.3,-0.3,-0.3,-1.06,-1.82,-1.98,-2.43,-1.67
2018-09-12,831961,6.54,6.53,6.54,6.53,88,57522.0,0.15,-0.76,-0.05,0.01,3.22,3.37,3.52,4.59,6.13,3.83,2.14,1.99,0.92,0.77,6.59,6.7,6.68,6.63,1.99,1.07,0.46,0.46,-0.31,-1.07,-1.23,-1.68,-0.92,-1.53
2018-09-13,831961,6.66,6.66,6.66,6.66,10,6660.0,0.0,1.99,0.13,0.0,1.35,1.5,2.55,4.05,1.8,0.15,0.0,-1.05,-1.2,-1.8,6.6,6.69,6.69,6.64,-0.9,-1.5,-1.5,-2.25,-3.0,-3.15,-3.6,-2.85,-3.45,-3.15
2018-09-18,831961,6.6,6.59,6.6,6.59,300,197790.0,0.15,-1.05,-0.07,0.05,2.58,3.64,5.16,2.88,1.21,1.06,0.0,-0.15,-0.76,1.06,6.59,6.67,6.68,6.64,-0.46,-0.46,-1.21,-1.97,-2.12,-2.58,-1.82,-2.43,-2.12,-3.19
2018-09-26,831961,6.56,6.56,6.56,6.56,52,34112.0,0.0,-0.46,-0.03,0.01,4.12,5.64,3.35,1.68,1.52,0.46,0.3,-0.3,1.52,0.61,6.58,6.64,6.67,6.65,0.0,-0.76,-1.52,-1.68,-2.13,-1.37,-1.98,-1.68,-2.74,-3.35
2018-09-28,831961,6.56,6.56,6.56,6.56,100,65600.0,0.0,0.0,0.0,0.02,5.64,3.35,1.68,1.52,0.46,0.3,-0.3,1.52,0.61,0.0,6.58,6.61,6.67,6.65,-0.76,-1.52,-1.68,-2.13,-1.37,-1.98,-1.68,-2.74,-3.35,-3.35
2018-10-12,831961,6.51,6.5,6.51,6.48,40,25980.0,0.46,-0.91,-0.06,0.01,4.63,2.93,2.78,1.7,1.54,0.93,2.78,1.85,1.23,1.23,6.57,6.58,6.67,6.65,-0.62,-0.77,-1.23,-0.46,-1.08,-0.77,-1.85,-2.46,-2.46,-2.31
2018-10-17,831961,6.46,6.46,6.46,6.46,46,29716.0,0.0,-0.62,-0.04,0.01,3.25,3.1,2.01,1.86,1.24,3.1,2.17,1.55,1.55,0.77,6.53,6.57,6.66,6.64,-0.15,-0.62,0.15,-0.46,-0.15,-1.24,-1.86,-1.86,-1.7,-2.48
2018-10-22,831961,6.45,6.45,6.45,6.45,10,6450.0,0.0,-0.15,-0.01,0.0,3.26,2.17,2.02,1.4,3.26,2.33,1.71,1.71,0.93,0.16,6.51,6.55,6.64,6.64,-0.47,0.31,-0.31,0.0,-1.09,-1.71,-1.71,-1.55,-2.33,-1.55
2018-10-29,831961,6.42,6.42,6.42,6.42,3,1926.0,0.0,-0.47,-0.03,0.0,2.65,2.49,1.87,3.74,2.8,2.18,2.18,1.4,0.62,0.47,6.48,6.53,6.63,6.64,0.78,0.16,0.47,-0.62,-1.25,-1.25,-1.09,-1.87,-1.09,-2.02
2018-10-31,831961,6.47,6.47,6.47,6.47,50,32350.0,0.0,0.78,0.05,0.01,1.7,1.08,2.94,2.01,1.39,1.39,0.62,-0.15,-0.31,-0.77,6.46,6.52,6.62,6.63,-0.62,-0.31,-1.39,-2.01,-2.01,-1.85,-2.63,-1.85,-2.78,-1.24
2018-11-02,831961,6.43,6.42,6.43,6.39,100,64190.0,0.62,-0.77,-0.05,0.02,2.35,4.23,3.29,2.66,2.66,1.88,1.1,0.94,0.47,1.25,6.44,6.51,6.6,6.62,0.47,-0.62,-1.25,-1.25,-1.09,-1.87,-1.09,-2.02,-0.47,0.47
2018-11-05,831961,6.38,6.42,6.45,6.38,150,96100.0,1.09,0.0,0.0,0.02,4.39,3.45,2.82,2.82,2.04,1.25,1.1,0.63,1.41,0.78,6.44,6.49,6.59,6.62,-0.62,-1.25,-1.25,-1.09,-1.87,-1.09,-2.02,-0.47,0.47,0.47
2018-11-06,831961,6.38,6.34,6.38,6.3,100,63580.0,1.25,-1.25,-0.08,0.02,4.76,4.13,4.13,3.33,2.54,2.38,1.9,2.7,2.06,2.38,6.41,6.46,6.57,6.61,0.0,0.0,0.16,-0.63,0.16,-0.79,0.79,1.74,1.74,0.95
2018-11-08,831961,6.34,6.34,6.34,6.34,50,31700.0,0.0,0.0,0.0,0.01,3.47,3.47,2.68,1.89,1.74,1.26,2.05,1.42,1.74,0.63,6.4,6.44,6.54,6.6,0.0,0.16,-0.63,0.16,-0.79,0.79,1.74,1.74,0.95,1.89
2018-11-13,831961,6.34,6.34,6.34,6.34,40,25360.0,0.0,0.0,0.0,0.01,3.47,2.68,1.89,1.74,1.26,2.05,1.42,1.74,0.63,0.0,6.37,6.42,6.51,6.59,0.16,-0.63,0.16,-0.79,0.79,1.74,1.74,0.95,1.89,3.63
2018-11-22,831961,6.35,6.35,6.35,6.35,10,6350.0,0.0,0.16,0.01,0.0,2.52,1.73,1.57,1.1,1.89,1.26,1.57,0.47,-0.16,-0.16,6.36,6.4,6.49,6.58,-0.79,0.0,-0.94,0.63,1.57,1.57,0.79,1.73,3.46,5.2
2018-11-23,831961,6.3,6.3,6.3,6.3,50,31500.0,0.0,-0.79,-0.05,0.01,2.54,2.38,1.9,2.7,2.06,2.38,1.27,0.63,0.63,0.79,6.33,6.39,6.48,6.57,0.79,-0.16,1.43,2.38,2.38,1.59,2.54,4.29,6.03,6.35
2018-12-20,831961,6.35,6.35,6.35,6.35,60,38100.0,0.0,0.79,0.05,0.01,1.57,1.1,1.89,1.26,1.57,0.47,-0.16,-0.16,0.0,-0.79,6.34,6.38,6.46,6.55,-0.94,0.63,1.57,1.57,0.79,1.73,3.46,5.2,5.51,5.35
2019-01-09,831961,6.29,6.28,6.29,6.28,30,18850.0,0.16,-1.1,-0.07,0.0,2.23,3.03,2.39,2.71,1.59,0.96,0.96,1.11,0.32,1.11,6.32,6.36,6.45,6.54,1.75,2.71,2.71,1.91,2.87,4.62,6.37,6.69,6.53,6.37
2019-01-14,831961,6.34,6.37,6.39,6.34,40,25460.0,0.8,1.43,0.09,0.01,2.05,1.42,1.74,0.63,0.0,0.0,0.16,-0.63,0.16,-0.79,6.33,6.35,6.44,6.53,1.26,1.26,0.47,1.41,3.14,4.87,5.18,5.02,4.87,4.4
2019-01-15,831961,6.45,6.45,6.45,6.45,10,6450.0,0.0,1.26,0.08,0.0,-0.31,0.0,-1.09,-1.71,-1.71,-1.55,-2.33,-1.55,-2.48,-0.93,6.35,6.35,6.43,6.52,0.0,-0.78,0.16,1.86,3.57,3.88,3.72,3.57,3.1,4.03
2019-01-23,831961,6.45,6.45,6.45,6.45,20,12900.0,0.0,0.0,0.0,0.0,0.0,-1.09,-1.71,-1.71,-1.55,-2.33,-1.55,-2.48,-0.93,0.0,6.38,6.36,6.42,6.51,-0.78,0.16,1.86,3.57,3.88,3.72,3.57,3.1,4.03,2.79
2019-01-30,831961,6.4,6.4,6.4,6.4,3020,1932800.0,0.0,-0.78,-0.05,0.47,-0.31,-0.94,-0.94,-0.78,-1.56,-0.78,-1.72,-0.16,0.78,0.78,6.39,6.36,6.41,6.5,0.94,2.66,4.37,4.69,4.53,4.37,3.91,4.84,3.59,5.31
2019-01-31,831961,6.4,6.46,6.46,6.4,60,38680.0,0.94,0.94,0.06,0.01,-0.94,-0.94,-0.78,-1.56,-0.78,-1.72,-0.16,0.78,0.78,0.0,6.43,6.38,6.41,6.49,1.7,3.41,3.72,3.56,3.41,2.94,3.87,2.63,4.33,5.26
2019-02-01,831961,6.5,6.57,6.57,6.5,200,130820.0,1.08,1.7,0.11,0.03,-2.46,-2.31,-3.08,-2.31,-3.23,-1.69,-0.77,-0.77,-1.54,-0.62,6.47,6.4,6.41,6.47,1.67,1.98,1.83,1.67,1.22,2.13,0.91,2.59,3.5,3.81
2019-02-11,831961,6.68,6.68,6.68,6.68,30,20040.0,0.0,1.67,0.11,0.0,-4.94,-5.69,-4.94,-5.84,-4.34,-3.44,-3.44,-4.19,-3.29,-1.65,6.51,6.43,6.42,6.47,0.3,0.15,0.0,-0.45,0.45,-0.75,0.9,1.8,2.1,2.54
2019-02-13,831961,6.69,6.7,6.7,6.69,50,33480.0,0.15,0.3,0.02,0.01,-5.83,-5.08,-5.98,-4.48,-3.59,-3.59,-4.33,-3.44,-1.79,-0.15,6.56,6.47,6.43,6.48,-0.15,-0.3,-0.75,0.15,-1.04,0.6,1.49,1.79,2.24,2.39
2019-02-20,831961,6.63,6.61,6.69,6.6,100,66260.0,1.34,-1.34,-0.09,0.02,-3.79,-4.7,-3.18,-2.27,-2.27,-3.03,-2.12,-0.45,1.21,1.52,6.6,6.5,6.44,6.47,1.06,0.61,1.51,0.3,1.97,2.87,3.18,3.63,3.78,4.24
2019-02-21,831961,6.68,6.68,6.68,6.68,20,13360.0,0.0,1.06,0.07,0.0,-5.84,-4.34,-3.44,-3.44,-4.19,-3.29,-1.65,0.0,0.3,0.15,6.65,6.54,6.45,6.48,-0.45,0.45,-0.75,0.9,1.8,2.1,2.54,2.69,3.14,1.2
2019-02-22,831961,6.6,6.65,6.65,6.6,61,40460.0,0.75,-0.45,-0.03,0.01,-3.18,-2.27,-2.27,-3.03,-2.12,-0.45,1.21,1.52,1.36,1.21,6.66,6.57,6.46,6.48,0.9,-0.3,1.35,2.26,2.56,3.01,3.16,3.61,1.65,1.35
2019-02-25,831961,6.71,6.71,6.71,6.71,20,13420.0,0.0,0.9,0.06,0.0,-3.87,-3.87,-4.62,-3.73,-2.09,-0.45,-0.15,-0.3,-0.45,-0.89,6.67,6.59,6.47,6.48,-1.19,0.45,1.34,1.64,2.09,2.24,2.68,0.75,0.45,0.3
2019-02-27,831961,6.63,6.63,6.63,6.63,10,6630.0,0.0,-1.19,-0.08,0.0,-2.71,-3.47,-2.56,-0.9,0.75,1.06,0.9,0.75,0.3,1.21,6.66,6.61,6.48,6.48,1.66,2.56,2.87,3.32,3.47,3.92,1.96,1.66,1.51,1.81
2019-03-06,831961,6.74,6.65,6.74,6.58,76,50528.0,2.41,0.3,0.02,0.01,-2.74,-1.82,-0.15,1.52,1.82,1.67,1.52,1.06,1.98,0.76,6.66,6.63,6.5,6.49,2.26,2.56,3.01,3.16,3.61,1.65,1.35,1.2,1.5,2.71
2019-03-11,831961,6.77,6.8,6.8,6.77,70,47470.0,0.45,2.26,0.15,0.01,-4.58,-2.95,-1.33,-1.03,-1.18,-1.33,-1.77,-0.89,-2.07,-0.44,6.69,6.67,6.52,6.49,0.29,0.74,0.88,1.32,-0.59,-0.88,-1.03,-0.74,0.44,0.0
2019-03-12,831961,6.82,6.82,6.82,6.82,20,13640.0,0.0,0.29,0.02,0.0,-3.67,-2.05,-1.76,-1.91,-2.05,-2.49,-1.61,-2.79,-1.17,-0.29,6.72,6.69,6.55,6.5,0.44,0.59,1.03,-0.88,-1.17,-1.32,-1.03,0.15,-0.29,-0.59
2019-03-14,831961,6.85,6.85,6.85,6.85,20,13700.0,0.0,0.44,0.03,0.0,-2.48,-2.19,-2.34,-2.48,-2.92,-2.04,-3.21,-1.61,-0.73,-0.44,6.75,6.71,6.57,6.51,0.15,0.58,-1.31,-1.61,-1.75,-1.46,-0.29,-0.73,-1.02,-0.73
2019-03-15,831961,6.86,6.83,6.86,6.77,70,47650.0,1.31,-0.29,-0.02,0.01,-1.03,-1.18,-1.33,-1.77,-0.89,-2.07,-0.44,0.44,0.74,1.18,6.79,6.72,6.6,6.53,0.88,-1.02,-1.32,-1.46,-1.17,0.0,-0.44,-0.73,-0.44,-1.76
2019-03-18,831961,6.77,6.89,6.89,6.76,60,40970.0,1.9,0.88,0.06,0.01,-1.04,-1.18,-1.63,-0.74,-1.92,-0.3,0.59,0.89,1.33,1.48,6.84,6.75,6.62,6.54,-1.89,-2.18,-2.32,-2.03,-0.87,-1.31,-1.6,-1.31,-2.61,-1.16
2019-03-19,831961,6.76,6.56,6.76,6.56,170,113160.0,2.9,-4.79,-0.33,0.03,1.83,1.37,2.29,1.07,2.74,3.66,3.96,4.42,4.57,5.03,6.79,6.74,6.64,6.55,2.74,2.59,2.9,4.12,3.66,3.35,3.66,2.29,3.81,2.74
2019-03-21,831961,6.73,6.7,6.74,6.65,180,120970.0,1.37,2.13,0.14,0.03,0.0,0.9,-0.3,1.35,2.26,2.56,3.01,3.16,3.61,1.65,6.77,6.74,6.65,6.55,0.45,0.75,1.94,1.49,1.19,1.49,0.15,1.64,0.6,-1.04
2019-03-26,831961,6.73,6.64,6.73,6.64,120,80670.0,1.34,-0.9,-0.06,0.02,1.05,-0.15,1.51,2.41,2.71,3.16,3.31,3.77,1.81,1.51,6.72,6.74,6.66,6.56,1.66,2.86,2.41,2.11,2.41,1.05,2.56,1.51,-0.15,-0.9
2019-03-27,831961,6.75,6.63,6.75,6.63,200,133800.0,1.81,-0.15,-0.01,0.03,0.0,1.66,2.56,2.87,3.32,3.47,3.92,1.96,1.66,1.51,6.68,6.74,6.67,6.57,3.02,2.56,2.26,2.56,1.21,2.71,1.66,0.0,-0.75,-0.9
2019-03-28,831961,6.74,6.8,6.83,6.74,310,209510.0,1.36,2.56,0.17,0.05,0.0,0.89,1.19,1.63,1.78,2.23,0.3,0.0,-0.15,0.15,6.67,6.75,6.69,6.58,0.0,-0.29,0.0,-1.32,0.15,-0.88,-2.5,-3.24,-3.38,-3.38
2019-03-29,831961,6.78,6.8,6.8,6.78,350,237400.0,0.29,0.0,0.0,0.05,0.29,0.59,1.03,1.18,1.62,-0.29,-0.59,-0.74,-0.44,0.74,6.71,6.75,6.71,6.6,-0.29,0.0,-1.32,0.15,-0.88,-2.5,-3.24,-3.38,-3.38,-3.97
2019-04-01,831961,6.78,6.78,6.78,6.76,160,108340.0,0.29,-0.29,-0.02,0.03,0.89,1.33,1.48,1.92,0.0,-0.3,-0.44,-0.15,1.04,0.59,6.73,6.75,6.72,6.61,0.29,-1.03,0.44,-0.59,-2.21,-2.95,-3.1,-3.1,-3.69,-3.39
2019-04-04,831961,6.8,6.76,6.8,6.76,13,8828.0,0.59,-0.29,-0.02,0.0,1.33,1.48,1.92,0.0,-0.3,-0.44,-0.15,1.04,0.59,0.3,6.75,6.74,6.72,6.63,-0.74,0.74,-0.3,-1.92,-2.66,-2.81,-2.81,-3.4,-3.11,-3.85
2019-04-11,831961,6.71,6.62,6.71,6.6,90,59970.0,1.63,-2.07,-0.14,0.01,3.94,4.39,2.42,2.12,1.97,2.27,3.48,3.03,2.73,3.03,6.75,6.72,6.72,6.64,2.87,1.81,0.15,-0.6,-0.76,-0.76,-1.36,-1.06,-1.81,-1.81
2019-04-12,831961,6.56,6.74,6.81,6.55,110,73410.0,3.93,1.81,0.12,0.02,5.19,3.21,2.9,2.75,3.05,4.27,3.82,3.51,3.82,2.44,6.74,6.7,6.73,6.65,0.0,-1.63,-2.37,-2.52,-2.52,-3.12,-2.82,-3.56,-3.56,-5.04
2019-04-15,831961,6.6,6.63,6.74,6.53,650,430420.0,3.12,-1.63,-0.11,0.1,3.52,3.22,3.06,3.37,4.59,4.13,3.83,4.13,2.76,4.29,6.71,6.71,6.72,6.66,0.0,-0.75,-0.9,-0.9,-1.51,-1.21,-1.96,-1.96,-3.47,-3.17
2019-04-16,831961,6.63,6.56,6.63,6.55,110,72490.0,1.21,-1.06,-0.07,0.02,2.9,2.75,3.05,4.27,3.82,3.51,3.82,2.44,3.97,2.9,6.66,6.7,6.72,6.67,0.3,0.15,0.15,-0.46,-0.15,-0.91,-0.91,-2.44,-2.13,-3.51
2019-04-17,831961,6.55,6.56,6.58,6.55,180,118070.0,0.46,0.0,0.0,0.03,2.75,3.05,4.27,3.82,3.51,3.82,2.44,3.97,2.9,1.22,6.62,6.69,6.71,6.67,0.15,0.15,-0.46,-0.15,-0.91,-0.91,-2.44,-2.13,-3.51,-3.2
2019-04-18,831961,6.57,6.55,6.57,6.53,240,157370.0,0.61,-0.15,-0.01,0.04,3.37,4.59,4.13,3.83,4.13,2.76,4.29,3.22,1.53,0.77,6.61,6.68,6.71,6.68,0.31,-0.31,0.0,-0.76,-0.76,-2.29,-1.98,-3.36,-3.05,-2.9
2019-04-19,831961,6.57,6.56,6.57,6.55,170,111490.0,0.31,0.15,0.01,0.03,4.27,3.82,3.51,3.82,2.44,3.97,2.9,1.22,0.46,0.31,6.57,6.66,6.7,6.68,-0.46,-0.15,-0.91,-0.91,-2.44,-2.13,-3.51,-3.2,-3.05,1.37
2019-04-22,831961,6.48,6.5,6.53,6.48,4090,2656940.0,0.76,-0.91,-0.06,0.64,4.94,4.63,4.94,3.55,5.09,4.01,2.31,1.54,1.39,1.39,6.55,6.63,6.69,6.68,0.77,0.0,0.0,-1.54,-1.23,-2.62,-2.31,-2.15,2.31,1.08
2019-04-23,831961,6.55,6.45,6.55,6.45,30,19794.0,1.54,-0.77,-0.05,0.0,5.12,5.43,4.03,5.58,4.5,2.79,2.02,1.86,1.86,1.24,6.52,6.59,6.67,6.68,0.78,0.78,-0.78,-0.47,-1.86,-1.55,-1.4,3.1,1.86,2.33
2019-04-24,831961,6.5,6.49,6.5,6.48,30,19480.0,0.31,0.62,0.04,0.0,4.94,3.55,5.09,4.01,2.31,1.54,1.39,1.39,0.77,1.08,6.51,6.57,6.65,6.67,0.15,-1.39,-1.08,-2.47,-2.16,-2.0,2.47,1.23,1.69,2.62
2019-04-26,831961,6.5,6.5,6.5,6.5,30,19500.0,0.0,0.15,0.01,0.0,3.23,4.77,3.69,2.0,1.23,1.08,1.08,0.46,0.77,0.0,6.5,6.55,6.64,6.67,-1.54,-1.23,-2.62,-2.31,-2.15,2.31,1.08,1.54,2.46,5.38
2019-04-29,831961,6.4,6.4,6.4,6.4,100,64000.0,0.0,-1.54,-0.1,0.02,6.41,5.31,3.59,2.81,2.66,2.66,2.03,2.34,1.56,1.56,6.47,6.52,6.61,6.66,0.31,-1.09,-0.78,-0.62,3.91,2.66,3.12,4.06,7.03,4.22
2019-05-06,831961,6.42,6.34,6.42,6.33,110,70230.0,1.41,-0.94,-0.06,0.02,6.48,4.74,3.95,3.79,3.79,3.16,3.48,2.69,2.69,1.11,6.44,6.49,6.6,6.65,-0.16,0.16,0.32,4.89,3.63,4.1,5.05,8.04,5.21,5.05
2019-05-08,831961,6.29,6.25,6.33,6.25,150,94600.0,1.26,-1.42,-0.09,0.02,6.08,5.28,5.12,5.12,4.48,4.8,4.0,4.0,2.4,2.72,6.4,6.46,6.58,6.63,1.6,1.76,6.4,5.12,5.6,6.56,9.6,6.72,6.56,4.16
2019-05-09,831961,6.33,6.34,6.35,6.25,280,176800.0,1.6,1.44,0.09,0.04,5.28,5.12,5.12,4.48,4.8,4.0,4.0,2.4,2.72,1.28,6.37,6.44,6.56,6.62,0.32,4.89,3.63,4.1,5.05,8.04,5.21,5.05,2.68,0.79
2019-05-10,831961,6.35,6.32,6.36,6.3,100,63330.0,0.95,-0.32,-0.02,0.02,4.29,4.29,3.65,3.97,3.17,3.17,1.59,1.9,0.48,0.79,6.33,6.42,6.55,6.61,5.22,3.96,4.43,5.38,8.39,5.54,5.38,3.01,1.11,2.53
2019-05-13,831961,6.35,6.55,6.65,6.35,300,194280.0,4.75,3.64,0.23,0.05,3.46,2.83,3.15,2.36,2.36,0.79,1.1,-0.31,0.0,0.16,6.36,6.41,6.53,6.61,0.31,0.76,1.68,4.58,1.83,1.68,-0.61,-2.44,-1.07,-1.68
2019-05-14,831961,6.53,6.57,6.57,6.52,200,130870.0,0.76,0.31,0.02,0.03,0.15,0.46,-0.31,-0.31,-1.84,-1.53,-2.91,-2.61,-2.45,1.99,6.41,6.42,6.52,6.6,0.46,1.37,4.26,1.52,1.37,-0.91,-2.74,-1.37,-1.98,-3.04
2019-05-15,831961,6.51,6.6,6.6,6.51,330,215950.0,1.37,0.46,0.03,0.05,0.61,-0.15,-0.15,-1.69,-1.38,-2.76,-2.46,-2.3,2.15,0.92,6.48,6.44,6.51,6.59,0.91,3.79,1.06,0.91,-1.36,-3.18,-1.82,-2.42,-3.48,-3.33
2019-05-16,831961,6.6,6.65,6.66,6.6,250,165900.0,0.91,0.76,0.05,0.04,-1.52,-1.52,-3.03,-2.73,-4.09,-3.79,-3.64,0.76,-0.45,0.0,6.54,6.45,6.51,6.59,3.01,0.3,0.15,-2.11,-3.91,-2.56,-3.16,-4.21,-4.06,-4.06
2019-05-17,831961,6.68,6.78,6.85,6.68,680,461090.0,2.56,1.95,0.13,0.11,-2.69,-4.19,-3.89,-5.24,-4.94,-4.79,-0.45,-1.65,-1.2,-0.3,6.63,6.48,6.52,6.58,-1.62,-1.77,-3.98,-5.75,-4.42,-5.01,-6.05,-5.9,-5.9,-6.34
2019-05-20,831961,6.67,6.66,6.67,6.66,110,73280.0,0.15,-1.77,-0.12,0.02,-3.9,-3.6,-4.95,-4.65,-4.5,-0.15,-1.35,-0.9,0.0,2.85,6.65,6.51,6.51,6.58,0.0,-2.25,-4.05,-2.7,-3.3,-4.35,-4.2,-4.2,-4.65,-4.35
2019-05-21,831961,6.64,6.65,6.66,6.59,180,119610.0,1.05,-0.15,-0.01,0.03,-2.58,-3.95,-3.64,-3.49,0.91,-0.3,0.15,1.06,3.95,1.21,6.67,6.54,6.51,6.58,-2.11,-3.91,-2.56,-3.16,-4.21,-4.06,-4.06,-4.51,-4.21,-4.51
2019-05-22,831961,6.51,6.49,6.51,6.45,230,149120.0,0.9,-2.41,-0.16,0.04,-1.86,-1.55,-1.4,3.1,1.86,2.33,3.26,6.2,3.41,3.26,6.65,6.56,6.51,6.57,-1.54,-0.15,-0.77,-1.85,-1.69,-1.69,-2.16,-1.85,-2.16,2.47
2019-05-23,831961,6.39,6.39,6.39,6.38,20,12770.0,0.15,-1.54,-0.1,0.0,-0.47,-0.31,4.23,2.98,3.45,4.39,7.37,4.55,4.39,2.04,6.59,6.57,6.5,6.56,1.41,0.78,-0.31,-0.16,-0.16,-0.63,-0.31,-0.63,4.07,4.54
2019-05-24,831961,6.48,6.44,6.48,6.4,40,25760.0,1.25,0.78,0.05,0.01,-0.62,3.91,2.66,3.12,4.06,7.03,4.22,4.06,1.72,-0.16,6.53,6.58,6.5,6.56,0.0,-1.09,-0.93,-0.93,-1.4,-1.09,-1.4,3.26,3.73,1.71
2019-05-27,831961,6.36,6.38,6.44,6.35,140,89330.0,1.4,-0.93,-0.06,0.02,4.72,3.46,3.94,4.88,7.87,5.04,4.88,2.52,0.63,2.05,6.47,6.56,6.49,6.54,-0.16,0.0,0.0,-0.47,-0.16,-0.47,4.23,4.7,2.66,6.9
2019-05-28,831961,6.32,6.35,6.37,6.32,40,25330.0,0.78,-0.47,-0.03,0.01,3.96,4.43,5.38,8.39,5.54,5.38,3.01,1.11,2.53,1.9,6.41,6.54,6.48,6.53,0.47,0.47,0.0,0.31,0.0,4.72,5.2,3.15,7.4,7.72
2019-05-30,831961,6.37,6.38,6.38,6.35,170,108200.0,0.47,0.47,0.03,0.03,3.94,4.88,7.87,5.04,4.88,2.52,0.63,2.05,1.42,0.31,6.39,6.52,6.48,6.52,0.0,-0.47,-0.16,-0.47,4.23,4.7,2.66,6.9,7.21,20.53
2019-06-03,831961,6.38,6.35,6.38,6.31,70,44560.0,1.1,-0.47,-0.03,0.01,5.55,8.56,5.71,5.55,3.17,1.27,2.69,2.06,0.95,1.11,6.38,6.49,6.47,6.5,0.0,0.31,0.0,4.72,5.2,3.15,7.4,7.72,21.1,20.0
2019-06-04,831961,6.31,6.35,6.35,6.31,260,164630.0,0.63,0.0,0.0,0.04,8.56,5.71,5.55,3.17,1.27,2.69,2.06,0.95,1.11,1.11,6.36,6.44,6.46,6.49,0.31,0.0,4.72,5.2,3.15,7.4,7.72,21.1,20.0,18.11
2019-06-05,831961,6.37,6.3,6.37,6.3,130,82490.0,1.1,-0.79,-0.05,0.02,5.87,5.71,3.33,1.43,2.86,2.22,1.11,1.27,1.27,0.79,6.35,6.41,6.46,6.48,0.79,5.56,6.03,3.97,8.25,8.57,22.06,20.95,19.05,12.7
2019-06-06,831961,6.3,6.34,6.35,6.3,163,103240.0,0.79,0.63,0.04,0.03,5.71,3.33,1.43,2.86,2.22,1.11,1.27,1.27,0.79,1.11,6.34,6.38,6.46,6.47,4.89,5.36,3.31,7.57,7.89,21.29,20.19,18.3,11.99,12.78
2019-06-10,831961,6.38,6.58,6.65,6.38,380,248010.0,4.26,3.79,0.24,0.06,2.04,0.16,1.57,0.94,-0.16,0.0,0.0,-0.47,-0.16,-0.47,6.38,6.39,6.47,6.47,1.52,-0.46,3.65,3.95,16.87,15.81,13.98,7.9,8.66,8.51
2019-06-11,831961,6.68,6.45,6.68,6.45,30,19680.0,3.5,-1.98,-0.13,0.0,-0.93,0.47,-0.16,-1.24,-1.09,-1.09,-1.55,-1.24,-1.55,3.1,6.4,6.39,6.48,6.47,1.55,5.74,6.05,19.22,18.14,16.28,10.08,10.85,10.7,10.85
2019-06-12,831961,6.54,6.53,6.55,6.5,290,189360.0,0.78,1.24,0.08,0.05,-0.31,-0.92,-2.0,-1.85,-1.85,-2.31,-2.0,-2.31,2.31,2.77,6.44,6.4,6.49,6.46,4.44,4.75,17.76,16.69,14.85,8.73,9.49,9.34,9.49,9.04
2019-06-13,831961,6.58,6.82,6.82,6.58,620,417460.0,3.68,4.44,0.29,0.1,-2.13,-3.19,-3.04,-3.04,-3.5,-3.19,-3.5,1.06,1.52,-0.46,6.54,6.45,6.5,6.47,0.29,12.76,11.73,9.97,4.11,4.84,4.69,4.84,4.4,9.97
2019-06-14,831961,6.78,6.82,6.84,6.78,9130,5889920.0,0.88,0.0,0.0,1.43,-6.05,-5.9,-5.9,-6.34,-6.05,-6.34,-1.92,-1.47,-3.39,0.59,6.64,6.49,6.52,6.48,12.76,11.73,9.97,4.11,4.84,4.69,4.84,4.4,9.97,7.04
2019-06-17,831961,6.94,7.55,7.69,6.94,1160,864510.0,11.0,10.7,0.73,0.18,-8.07,-8.07,-8.5,-8.21,-8.5,-4.18,-3.75,-5.62,-1.73,-1.44,6.83,6.61,6.56,6.52,0.93,-0.66,-5.96,-5.3,-5.43,-5.3,-5.7,-0.66,-3.31,-0.13
2019-06-18,831961,7.61,7.56,7.62,7.45,2709,2049820.0,2.25,0.13,0.01,0.42,-14.36,-14.77,-14.5,-14.77,-10.74,-10.34,-12.08,-8.46,-8.19,3.22,7.06,6.73,6.61,6.56,-0.79,-6.08,-5.42,-5.56,-5.42,-5.82,-0.79,-3.44,-0.26,-0.4
2019-06-19,831961,7.5,7.2,7.5,7.2,230,168000.0,3.97,-4.76,-0.36,0.04,-11.81,-11.53,-11.81,-7.64,-7.22,-9.03,-5.28,-5.0,6.81,5.83,7.19,6.82,6.63,6.58,-1.39,-0.69,-0.83,-0.69,-1.11,4.17,1.39,4.72,4.58,4.58
2019-06-20,831961,7.1,7.1,7.1,7.1,10,7100.0,0.0,-1.39,-0.1,0.0,-10.28,-10.56,-6.34,-5.92,-7.75,-3.94,-3.66,8.31,7.32,5.63,7.25,6.9,6.65,6.6,0.7,0.56,0.7,0.28,5.63,2.82,6.2,6.06,6.06,5.92
2019-06-24,831961,7.15,7.15,7.15,7.15,190,135850.0,0.0,0.7,0.05,0.03,-11.19,-6.99,-6.57,-8.39,-4.62,-4.34,7.55,6.57,4.9,-0.7,7.31,6.98,6.68,6.63,-0.14,0.0,-0.42,4.9,2.1,5.45,5.31,5.31,5.17,2.38
2019-06-25,831961,7.14,7.12,7.14,7.1,20,14240.0,0.56,-0.42,-0.03,0.0,-6.34,-5.92,-7.75,-3.94,-3.66,8.31,7.32,5.63,0.0,0.7,7.23,7.03,6.71,6.66,0.42,0.0,5.34,2.53,5.9,5.76,5.76,5.62,2.81,2.53
2019-06-26,831961,7.1,7.14,7.15,7.1,300,214050.0,0.7,0.28,0.02,0.05,-5.92,-7.75,-3.94,-3.66,8.31,7.32,5.63,0.0,0.7,0.56,7.14,7.1,6.75,6.69,-0.28,5.04,2.24,5.6,5.46,5.46,5.32,2.52,2.24,3.64
2019-06-27,831961,7.12,7.12,7.12,7.12,100,71200.0,0.0,-0.28,-0.02,0.02,-8.01,-4.21,-3.93,8.01,7.02,5.34,-0.28,0.42,0.28,0.42,7.13,7.16,6.78,6.71,5.34,2.53,5.9,5.76,5.76,5.62,2.81,2.53,3.93,5.06
2019-06-28,831961,7.15,7.5,7.5,7.11,220,157650.0,5.48,5.34,0.38,0.03,-4.08,-3.8,8.16,7.17,5.49,-0.14,0.56,0.42,0.56,0.14,7.21,7.23,6.84,6.74,-2.67,0.53,0.4,0.4,0.27,-2.4,-2.67,-1.33,-0.27,-1.73
2019-07-01,831961,7.3,7.3,7.3,7.3,10,7300.0,0.0,-2.67,-0.2,0.0,-6.3,5.34,4.38,2.74,-2.74,-2.05,-2.19,-2.05,-2.47,2.74,7.24,7.27,6.88,6.77,3.29,3.15,3.15,3.01,0.27,0.0,1.37,2.47,0.96,1.64
2019-07-03,831961,7.4,7.52,7.54,7.31,390,292330.0,3.15,3.01,0.22,0.06,5.2,4.24,2.6,-2.87,-2.19,-2.33,-2.19,-2.6,2.6,-0.14,7.32,7.27,6.94,6.8,0.13,0.13,0.0,-2.66,-2.93,-1.6,-0.53,-1.99,-1.33,-0.13
2019-07-09,831961,7.53,7.53,7.53,7.53,30,22590.0,0.0,0.13,0.01,0.0,1.2,-0.4,-5.71,-5.05,-5.18,-5.05,-5.44,-0.4,-3.05,0.13,7.39,7.27,7.0,6.83,0.0,-0.13,-2.79,-3.05,-1.73,-0.66,-2.12,-1.46,-0.27,0.8
2019-07-10,831961,7.53,7.53,7.53,7.53,20,15060.0,0.0,0.0,0.0,0.0,-0.4,-5.71,-5.05,-5.18,-5.05,-5.44,-0.4,-3.05,0.13,0.0,7.48,7.3,7.06,6.85,-0.13,-2.79,-3.05,-1.73,-0.66,-2.12,-1.46,-0.27,0.8,0.8
2019-07-11,831961,7.52,7.16,7.52,7.08,440,321810.0,5.84,-4.91,-0.37,0.07,0.28,0.99,0.85,0.99,0.56,5.93,3.11,6.5,6.36,6.36,7.41,7.31,7.1,6.87,2.23,1.96,3.35,4.47,2.93,3.63,4.89,6.01,6.01,9.64
2019-07-12,831961,7.17,7.32,7.32,7.09,40,28760.0,3.21,2.23,0.16,0.01,0.85,0.71,0.85,0.42,5.78,2.96,6.35,6.21,6.21,6.06,7.41,7.32,7.15,6.89,-0.27,1.09,2.19,0.68,1.37,2.6,3.69,3.69,7.24,16.39
2019-07-17,831961,7.3,7.3,7.3,7.3,100,73000.0,0.0,-0.27,-0.02,0.02,-2.19,-2.05,-2.47,2.74,0.0,3.29,3.15,3.15,3.01,0.27,7.37,7.34,7.19,6.92,1.37,2.47,0.96,1.64,2.88,3.97,3.97,7.53,16.71,18.36
2019-07-18,831961,7.36,7.29,7.4,7.29,30,22050.0,1.51,-0.14,-0.01,0.0,-1.92,-2.33,2.88,0.14,3.43,3.29,3.29,3.16,0.41,0.14,7.32,7.36,7.23,6.95,2.61,1.1,1.78,3.02,4.12,4.12,7.68,16.87,18.52,20.03
2019-07-19,831961,7.39,7.29,7.48,7.29,330,242520.0,2.61,0.0,0.0,0.05,-2.33,2.88,0.14,3.43,3.29,3.29,3.16,0.41,0.14,1.51,7.27,7.37,7.27,6.98,1.1,1.78,3.02,4.12,4.12,7.68,16.87,18.52,20.03,12.35
2019-07-22,831961,7.37,7.16,7.37,7.15,100,71810.0,3.02,-1.78,-0.13,0.02,4.9,2.1,5.45,5.31,5.31,5.17,2.38,2.1,3.5,4.62,7.27,7.34,7.28,7.0,3.63,4.89,6.01,6.01,9.64,18.99,20.67,22.21,14.39,11.03
2019-07-23,831961,7.08,7.24,7.42,7.08,980,710490.0,4.75,1.12,0.08,0.15,3.11,6.5,6.36,6.36,6.21,3.39,3.11,4.52,5.65,4.1,7.26,7.33,7.3,7.03,3.73,4.83,4.83,8.43,17.68,19.34,20.86,13.12,9.81,10.36
2019-07-24,831961,7.36,7.44,7.51,7.15,1260,930000.0,4.97,2.76,0.2,0.2,5.45,5.31,5.31,5.17,2.38,2.1,3.5,4.62,3.08,3.78,7.28,7.33,7.3,7.07,2.02,2.02,5.51,14.52,16.13,17.61,10.08,6.85,7.39,6.18
2019-07-25,831961,7.46,7.59,7.59,7.29,960,718690.0,4.03,2.02,0.15,0.15,3.29,3.29,3.16,0.41,0.14,1.51,2.61,1.1,1.78,3.02,7.34,7.33,7.3,7.11,0.0,3.43,12.25,13.83,15.28,7.91,4.74,5.27,4.08,4.48
2019-07-26,831961,7.59,7.59,7.59,7.59,80,60720.0,0.0,0.0,0.0,0.01,-0.79,-0.92,-3.56,-3.82,-2.5,-1.45,-2.9,-2.24,-1.05,0.0,7.4,7.34,7.32,7.15,3.43,12.25,13.83,15.28,7.91,4.74,5.27,4.08,4.48,1.05
2019-07-31,831961,7.59,7.8,7.85,7.59,1080,823740.0,3.43,2.77,0.21,0.17,-0.92,-3.56,-3.82,-2.5,-1.45,-2.9,-2.24,-1.05,0.0,0.0,7.53,7.4,7.35,7.2,9.23,10.77,12.18,5.0,1.92,2.44,1.28,1.67,-1.67,-2.18
2019-08-01,831961,8.09,8.52,8.52,8.08,820,669660.0,5.64,9.23,0.72,0.13,-9.41,-9.65,-8.42,-7.43,-8.79,-8.17,-7.05,-6.06,-6.06,-2.85,7.79,7.52,7.42,7.27,1.41,2.7,-3.87,-6.69,-6.22,-7.28,-6.92,-9.98,-10.45,-11.38
2019-08-02,831961,8.52,8.35,8.64,8.31,640,539700.0,3.87,-2.0,-0.17,0.1,-12.15,-10.95,-9.99,-11.31,-10.71,-9.63,-8.66,-8.66,-5.54,2.53,7.97,7.63,7.48,7.33,4.79,-1.92,-4.79,-4.31,-5.39,-5.03,-8.14,-8.62,-9.58,-8.26
2019-08-05,831961,8.42,8.05,8.75,7.7,2050,1704530.0,12.57,-3.59,-0.3,0.32,-3.9,-2.86,-4.29,-3.64,-2.47,-1.43,-1.43,1.95,10.65,12.21,8.06,7.7,7.53,7.39,1.74,-1.24,-0.75,-1.86,-1.49,-4.72,-5.22,-6.21,-4.84,-4.84
2019-08-06,831961,8.19,8.03,8.19,7.65,700,552070.0,6.71,-0.25,-0.02,0.11,-2.22,-3.66,-3.01,-1.83,-0.78,-0.78,2.61,11.37,12.94,14.38,8.15,7.78,7.58,7.44,-1.0,-0.5,-1.62,-1.25,-4.48,-4.98,-5.98,-4.61,-4.61,-4.61
2019-08-07,831961,7.9,7.95,7.95,7.77,200,156410.0,2.24,-1.0,-0.08,0.03,-5.15,-4.5,-3.35,-2.32,-2.32,1.03,9.65,11.2,12.61,5.41,8.18,7.86,7.6,7.47,0.5,-0.63,-0.25,-3.52,-4.03,-5.03,-3.65,-3.65,-3.65,-3.65
2019-08-08,831961,7.99,7.98,7.99,7.6,320,245690.0,4.91,0.38,0.03,0.05,-2.37,-1.18,-0.13,-0.13,3.29,12.11,13.68,15.13,7.76,4.61,8.07,7.93,7.63,7.51,-1.0,-0.63,-3.88,-4.39,-5.39,-4.01,-4.01,-4.01,-4.01,-5.51
2019-08-09,831961,7.7,7.89,7.9,7.58,552,425980.0,4.01,-1.13,-0.09,0.09,-0.92,0.13,0.13,3.56,12.4,13.98,15.44,8.05,4.88,5.41,7.98,7.98,7.65,7.52,0.51,-2.79,-3.3,-4.31,-2.92,-2.92,-2.92,-2.92,-4.44,-4.06
2019-08-12,831961,7.93,7.93,7.93,7.93,10,7930.0,0.0,0.51,0.04,0.0,-4.29,-4.29,-1.01,7.44,8.95,10.34,3.28,0.25,0.76,-0.38,7.96,8.01,7.67,7.54,-3.28,-3.78,-4.79,-3.4,-3.4,-3.4,-3.4,-4.92,-4.54,-4.29
2019-08-13,831961,7.6,7.58,7.67,7.5,1140,866630.0,2.14,-4.41,-0.35,0.18,1.2,4.67,13.6,15.2,16.67,9.2,6.0,6.53,5.33,5.73,7.87,8.01,7.67,7.55,0.66,-0.4,1.06,1.06,1.06,1.06,-0.53,-0.13,0.13,-1.06
2019-08-14,831961,7.63,7.5,7.63,7.39,810,605870.0,3.17,-1.06,-0.08,0.13,6.22,15.29,16.91,18.4,10.83,7.58,8.12,6.9,7.31,3.79,7.78,7.98,7.69,7.56,0.67,2.13,2.13,2.13,2.13,0.53,0.93,1.2,0.0,-2.67
2019-08-15,831961,7.5,7.53,7.55,7.5,130,97840.0,0.67,0.4,0.03,0.02,13.6,15.2,16.67,9.2,6.0,6.53,5.33,5.73,2.27,1.73,7.69,7.88,7.7,7.58,1.73,1.73,1.73,1.73,0.13,0.53,0.8,-0.4,-3.05,-2.66
2019-08-16,831961,7.3,7.66,7.66,7.3,100,75980.0,4.78,1.73,0.13,0.02,18.36,19.86,12.19,8.9,9.45,8.22,8.63,5.07,4.52,3.42,7.64,7.81,7.72,7.59,0.0,0.0,0.0,-1.57,-1.17,-0.91,-2.09,-4.7,-4.31,-2.48
2019-08-19,831961,7.66,7.66,7.66,7.65,260,199130.0,0.13,0.0,0.0,0.04,14.38,7.06,3.92,4.44,3.27,3.66,0.26,-0.26,-1.31,0.13,7.59,7.77,7.74,7.61,0.0,0.0,-1.57,-1.17,-0.91,-2.09,-4.7,-4.31,-2.48,-2.74
2019-08-20,831961,7.66,7.66,7.66,7.66,480,367680.0,0.0,0.0,0.0,0.08,6.92,3.79,4.31,3.13,3.52,0.13,-0.39,-1.44,0.0,0.0,7.6,7.73,7.76,7.63,0.0,-1.57,-1.17,-0.91,-2.09,-4.7,-4.31,-2.48,-2.74,-4.7
2019-08-21,831961,7.66,7.56,7.66,7.53,570,434620.0,1.7,-1.31,-0.1,0.09,5.58,6.11,4.91,5.31,1.86,1.33,0.27,1.73,1.73,1.73,7.61,7.7,7.78,7.63,-0.26,0.13,0.4,-0.79,-3.44,-3.04,-1.19,-1.46,-3.44,-1.06
2019-08-22,831961,7.54,7.54,7.54,7.54,50,37700.0,0.0,-0.26,-0.02,0.01,5.97,4.77,5.17,1.72,1.19,0.13,1.59,1.59,1.59,1.59,7.62,7.65,7.79,7.64,0.4,0.66,-0.53,-3.18,-2.79,-0.93,-1.19,-3.18,-0.8,3.71
2019-08-23,831961,7.31,7.57,7.57,7.29,20260,14192010.0,3.71,0.4,0.03,3.18,8.37,8.78,5.21,4.66,3.57,5.08,5.08,5.08,5.08,3.43,7.6,7.62,7.8,7.64,0.26,-0.92,-3.57,-3.17,-1.32,-1.59,-3.57,-1.19,3.3,8.59
2019-08-26,831961,7.57,7.43,7.59,7.4,1200,904740.0,2.51,-1.85,-0.14,0.19,7.16,3.65,3.11,2.03,3.51,3.51,3.51,3.51,1.89,2.3,7.55,7.57,7.79,7.64,0.94,-1.75,-1.35,0.54,0.27,-1.75,0.67,5.25,10.63,14.94
2019-08-27,831961,7.27,7.29,7.5,7.25,310,227500.0,3.36,-1.88,-0.14,0.05,5.79,5.24,4.14,5.66,5.66,5.66,5.66,4.0,4.41,4.69,7.48,7.54,7.77,7.63,0.14,0.55,2.47,2.19,0.14,2.61,7.27,12.76,17.15,14.13
2019-08-28,831961,7.19,7.16,7.3,7.13,730,528640.0,2.33,-1.78,-0.13,0.11,7.01,5.89,7.43,7.43,7.43,7.43,5.75,6.17,6.45,5.19,7.4,7.51,7.74,7.63,2.37,4.33,4.05,1.96,4.47,9.22,14.8,19.27,16.2,17.32
2019-08-29,831961,7.25,7.27,7.33,7.12,560,405820.0,2.93,1.54,0.11,0.09,6.04,7.58,7.58,7.58,7.58,5.9,6.32,6.6,5.34,2.53,7.34,7.48,7.68,7.63,2.75,2.48,0.41,2.89,7.57,13.07,17.47,14.44,15.54,16.92
2019-08-30,831961,7.34,7.3,7.47,7.22,1230,898650.0,3.44,0.41,0.03,0.19,6.09,6.09,6.09,6.09,4.43,4.85,5.12,3.88,1.11,1.52,7.29,7.44,7.63,7.63,2.05,0.0,2.47,7.12,12.6,16.99,13.97,15.07,16.44,13.7
2019-09-02,831961,7.4,7.45,7.45,7.4,8365,5859037.0,0.68,2.05,0.15,1.31,3.51,3.51,3.51,1.89,2.3,2.57,1.35,-1.35,-0.95,0.95,7.29,7.42,7.6,7.63,-2.01,0.4,4.97,10.34,14.63,11.68,12.75,14.09,11.41,11.41
2019-09-03,831961,7.3,7.3,7.3,7.3,1100,773000.0,0.0,-2.01,-0.15,0.17,4.93,4.93,3.29,3.7,3.97,2.74,0.0,0.41,2.33,2.05,7.3,7.39,7.56,7.63,2.47,7.12,12.6,16.99,13.97,15.07,16.44,13.7,13.7,13.7
2019-09-04,831961,7.35,7.45,7.48,7.35,140,103630.0,1.78,2.05,0.15,0.02,4.22,2.59,2.99,3.27,2.04,-0.68,-0.27,1.63,1.36,-0.68,7.35,7.38,7.54,7.64,4.97,10.34,14.63,11.68,12.75,14.09,11.41,11.41,11.41,11.14
2019-09-05,831961,7.55,7.81,7.82,7.55,20120,14110899.0,3.62,4.83,0.36,3.16,-0.13,0.26,0.53,-0.66,-3.31,-2.91,-1.06,-1.32,-3.31,-0.93,7.46,7.4,7.53,7.66,5.25,9.35,6.53,7.55,8.83,6.27,6.27,6.27,6.02,3.71
2019-09-06,831961,7.81,7.99,8.22,7.81,2250,1825370.0,5.25,2.3,0.18,0.35,-3.07,-2.82,-3.97,-6.53,-6.15,-4.35,-4.61,-6.53,-4.23,0.13,7.6,7.45,7.53,7.68,6.88,4.13,5.13,6.38,3.88,3.88,3.88,3.63,1.38,2.63
2019-09-09,831961,8.24,8.25,8.54,8.2,500,415530.0,4.26,3.25,0.26,0.08,-7.44,-8.54,-10.98,-10.61,-8.9,-9.15,-10.98,-8.78,-4.63,0.24,7.76,7.53,7.55,7.7,0.85,1.82,3.03,0.61,0.61,0.61,0.36,-1.82,-0.61,-0.61
2019-09-11,831961,8.25,8.23,8.32,7.98,740,609330.0,4.12,-0.24,-0.02,0.12,-6.02,-8.52,-8.15,-6.39,-6.64,-8.52,-6.27,-2.01,3.01,7.02,7.95,7.62,7.58,7.72,2.07,3.28,0.85,0.85,0.85,0.61,-1.58,-0.36,-0.36,2.07
2019-09-12,831961,8.2,8.26,8.4,8.0,1216,992106.0,4.86,0.36,0.03,0.19,-8.75,-8.38,-6.63,-6.87,-8.75,-6.5,-2.25,2.75,6.75,4.0,8.11,7.73,7.62,7.74,2.91,0.48,0.48,0.48,0.24,-1.94,-0.73,-0.73,1.69,8.96
2019-09-16,831961,8.4,8.4,8.5,8.28,1000,835830.0,2.66,1.69,0.14,0.16,-11.47,-9.78,-10.02,-11.84,-9.66,-5.56,-0.72,3.14,0.48,1.45,8.23,7.84,7.66,7.73,-1.19,-1.19,-1.19,-1.43,-3.57,-2.38,-2.38,0.0,7.14,2.38
2019-09-17,831961,8.22,8.22,8.3,8.16,380,312500.0,1.67,-2.14,-0.18,0.06,-8.46,-8.7,-10.54,-8.33,-4.17,0.74,4.66,1.96,2.94,4.17,8.27,7.94,7.69,7.73,0.97,0.97,0.73,-1.46,-0.24,-0.24,2.19,9.49,4.62,5.72
2019-09-18,831961,8.3,8.26,8.3,8.22,280,231600.0,0.97,0.49,0.04,0.04,-9.37,-11.19,-9.0,-4.87,0.0,3.89,1.22,2.19,3.41,0.97,8.27,8.02,7.72,7.74,0.48,0.24,-1.94,-0.73,-0.73,1.69,8.96,4.12,5.21,4.36
2019-09-19,831961,8.26,8.28,8.3,8.2,190,156740.0,1.21,0.24,0.02,0.03,-10.98,-8.78,-4.63,0.24,4.15,1.46,2.44,3.66,1.22,1.22,8.28,8.12,7.75,7.75,0.0,-2.17,-0.97,-0.97,1.45,8.7,3.86,4.95,4.11,8.09
2019-09-20,831961,8.28,8.2,8.28,8.11,150,123200.0,2.05,-0.97,-0.08,0.02,-7.77,-3.58,1.36,5.3,2.59,3.58,4.81,2.34,2.34,2.34,8.27,8.19,7.78,7.75,-1.22,0.0,0.0,2.44,9.76,4.88,5.98,5.12,9.15,9.15
2019-09-23,831961,8.1,8.1,8.1,8.1,80,64800.0,0.0,-1.22,-0.1,0.01,-3.46,1.48,5.43,2.72,3.7,4.94,2.47,2.47,2.47,2.22,8.21,8.22,7.81,7.76,1.23,1.23,3.7,11.11,6.17,7.28,6.42,10.49,10.49,12.1
2019-09-24,831961,8.2,8.15,8.2,8.1,40,32690.0,1.23,0.62,0.05,0.01,1.48,5.43,2.72,3.7,4.94,2.47,2.47,2.47,2.22,0.0,8.2,8.24,7.84,7.77,0.61,3.07,10.43,5.52,6.63,5.77,9.82,9.82,11.41,10.8
2019-09-25,831961,8.15,8.2,8.2,8.15,210,171680.0,0.61,0.61,0.05,0.03,4.79,2.09,3.07,4.29,1.84,1.84,1.84,1.6,-0.61,0.61,8.19,8.23,7.88,7.78,2.44,9.76,4.88,5.98,5.12,9.15,9.15,10.73,10.12,10.37
2019-09-26,831961,8.2,8.25,8.4,8.15,590,485050.0,3.05,0.61,0.05,0.09,2.09,3.07,4.29,1.84,1.84,1.84,1.6,-0.61,0.61,0.61,8.18,8.23,7.93,7.8,9.09,4.24,5.33,4.48,8.48,8.48,10.06,9.45,9.7,9.45
2019-09-27,831961,8.5,8.8,9.0,8.5,5120,4379080.0,6.06,6.67,0.55,0.8,-1.18,0.0,-2.35,-2.35,-2.35,-2.59,-4.71,-3.53,-3.53,-1.18,8.3,8.29,8.01,7.84,-2.27,-1.25,-2.05,1.7,1.7,3.18,2.61,2.84,2.61,2.61
2019-09-30,831961,8.6,8.58,8.6,8.58,1130,971200.0,0.23,-2.5,-0.22,0.18,-0.93,-3.26,-3.26,-3.26,-3.5,-5.59,-4.43,-4.43,-2.1,4.9,8.4,8.3,8.07,7.88,1.28,0.47,4.31,4.31,5.83,5.24,5.48,5.24,5.24,4.9
2019-10-08,831961,8.69,8.55,8.69,8.5,60,51630.0,2.21,-0.35,-0.03,0.01,-2.35,-2.35,-2.35,-2.59,-4.71,-3.53,-3.53,-1.18,5.88,1.18,8.48,8.34,8.14,7.91,0.82,4.68,4.68,6.2,5.61,5.85,5.61,5.61,5.26,5.61
2019-10-09,831961,8.61,8.59,8.62,8.5,150,128890.0,1.4,0.47,0.04,0.02,-2.35,-2.35,-2.59,-4.71,-3.53,-3.53,-1.18,5.88,1.18,2.24,8.55,8.37,8.19,7.94,4.19,4.19,5.7,5.12,5.36,5.12,5.12,4.77,5.12,1.98
2019-10-10,831961,8.72,8.93,8.95,8.3,1150,980940.0,7.57,3.96,0.34,0.18,0.0,-0.24,-2.41,-1.2,-1.2,1.2,8.43,3.61,4.7,3.86,8.69,8.44,8.27,7.98,0.22,1.68,1.12,1.34,1.12,1.12,0.78,1.12,-1.9,-0.45
2019-10-14,831961,8.95,8.93,8.95,8.9,20,17850.0,0.56,0.0,0.0,0.0,-6.97,-8.99,-7.87,-7.87,-5.62,1.12,-3.37,-2.36,-3.15,0.56,8.72,8.51,8.35,8.02,1.68,1.12,1.34,1.12,1.12,0.78,1.12,-1.9,-0.45,2.69
2019-10-15,831961,8.95,9.02,9.08,8.95,190,170960.0,1.46,1.01,0.09,0.03,-9.5,-8.38,-8.38,-6.15,0.56,-3.91,-2.91,-3.69,0.0,0.0,8.8,8.6,8.41,8.07,0.11,0.33,0.11,0.11,-0.22,0.11,-2.88,-1.44,1.66,4.66
2019-10-16,831961,8.86,9.0,9.03,8.68,240,215420.0,3.88,-0.22,-0.02,0.04,-5.53,-5.53,-3.23,3.69,-0.92,0.12,-0.69,3.11,3.11,4.61,8.89,8.69,8.46,8.12,0.56,0.33,0.33,0.0,0.33,-2.67,-1.22,1.89,4.89,6.0
2019-10-17,831961,8.66,9.03,9.05,8.65,340,302390.0,4.44,0.33,0.03,0.05,-5.2,-2.89,4.05,-0.58,0.46,-0.35,3.47,3.47,4.97,4.39,8.98,8.77,8.5,8.18,0.0,0.0,-0.33,0.0,-2.99,-1.55,1.55,4.54,5.65,6.31
2019-10-18,831961,8.7,8.82,9.03,8.7,80,70590.0,3.65,-2.33,-0.21,0.01,-3.45,3.45,-1.15,-0.11,-0.92,2.87,2.87,4.37,3.79,4.02,8.96,8.83,8.53,8.23,2.38,2.04,2.38,-0.68,0.79,3.97,7.03,8.16,8.84,11.56
2019-10-21,831961,8.65,9.0,9.03,8.65,260,232560.0,4.31,2.04,0.18,0.04,4.05,-0.58,0.46,-0.35,3.47,3.47,4.97,4.39,4.62,4.39,8.97,8.85,8.57,8.29,0.0,0.33,-2.67,-1.22,1.89,4.89,6.0,6.67,9.33,12.78
2019-10-22,831961,8.95,8.98,9.0,8.95,160,143590.0,0.56,-0.22,-0.02,0.03,-3.91,-2.91,-3.69,0.0,0.0,1.45,0.89,1.12,0.89,0.89,8.97,8.89,8.59,8.34,0.56,-2.45,-1.0,2.12,5.12,6.24,6.9,9.58,13.03,15.48
2019-10-23,831961,9.03,8.71,9.03,8.71,110,98860.0,3.56,-3.01,-0.27,0.02,-0.23,-1.03,2.76,2.76,4.25,3.67,3.9,3.67,3.67,3.33,8.91,8.9,8.62,8.39,0.57,2.07,5.28,8.38,9.53,10.22,12.97,16.53,19.06,20.78
2019-10-24,831961,8.76,8.65,8.76,8.6,350,302510.0,1.84,-0.69,-0.06,0.05,0.23,4.07,4.07,5.58,5.0,5.23,5.0,5.0,4.65,5.0,8.83,8.91,8.64,8.43,2.77,6.01,9.13,10.29,10.98,13.76,17.34,19.88,21.62,15.61
2019-10-25,831961,8.89,8.64,8.89,8.5,70,60620.0,4.51,-0.12,-0.01,0.01,5.29,5.29,6.82,6.24,6.47,6.24,6.24,5.88,6.24,3.06,8.8,8.88,8.66,8.48,6.13,9.26,10.42,11.11,13.89,17.48,20.02,21.76,15.74,14.0
2019-10-28,831961,9.0,9.17,9.17,9.0,460,420060.0,1.97,6.13,0.53,0.07,-0.56,0.89,0.33,0.56,0.33,0.33,0.0,0.33,-2.67,-1.22,8.83,8.9,8.7,8.53,2.94,4.03,4.69,7.31,10.69,13.09,14.72,9.05,7.42,9.71
2019-10-29,831961,9.07,9.26,9.44,8.93,150,138770.0,5.56,0.98,0.09,0.02,1.68,1.12,1.34,1.12,1.12,0.78,1.12,-1.9,-0.45,2.69,8.89,8.93,8.76,8.58,3.02,3.67,6.26,9.61,11.99,13.61,7.99,6.37,8.64,6.26
2019-10-30,831961,9.51,9.24,9.54,9.18,160,148290.0,3.89,-0.22,-0.02,0.03,-1.63,-1.42,-1.63,-1.63,-1.96,-1.63,-4.58,-3.16,-0.11,2.83,8.99,8.95,8.82,8.62,3.9,6.49,9.85,12.23,13.85,8.23,6.6,8.87,6.49,8.33
2019-10-31,831961,9.51,9.49,9.6,9.28,70,66220.0,3.46,2.71,0.25,0.01,-2.48,-2.69,-2.69,-3.02,-2.69,-5.6,-4.2,-1.19,1.72,2.8,9.16,9.0,8.88,8.66,3.69,6.95,9.27,10.85,5.37,3.79,6.01,3.69,5.48,7.06
2019-11-01,831961,9.76,9.74,9.84,9.5,500,483870.0,3.58,2.63,0.25,0.08,-4.95,-4.95,-5.26,-4.95,-7.79,-6.42,-3.47,-0.63,0.42,1.05,9.38,9.09,8.96,8.72,4.21,6.47,8.01,2.67,1.13,3.29,1.03,2.77,4.31,2.67
2019-11-04,831961,9.61,10.08,10.15,9.61,220,219420.0,5.54,3.49,0.34,0.03,-6.04,-6.35,-6.04,-8.84,-7.49,-4.58,-1.77,-0.73,-0.1,2.39,9.56,9.2,9.02,8.78,2.88,4.37,-0.79,-2.28,-0.2,-2.38,-0.69,0.79,-0.79,-1.79
2019-11-05,831961,10.37,10.17,10.37,9.86,390,392190.0,5.06,0.89,0.09,0.06,-8.72,-8.42,-11.16,-9.84,-7.0,-4.26,-3.25,-2.64,-0.2,2.94,9.74,9.32,9.1,8.83,3.44,-1.67,-3.15,-1.08,-3.24,-1.57,-0.1,-1.67,-2.65,-2.65
2019-11-06,831961,10.51,9.97,10.52,9.88,560,567680.0,6.29,-1.97,-0.2,0.09,-8.6,-11.34,-10.02,-7.19,-4.45,-3.44,-2.83,-0.4,2.73,4.96,9.89,9.44,9.17,8.89,0.3,-1.2,0.9,-1.3,0.4,1.91,0.3,-0.7,-0.7,-4.51
2019-11-07,831961,10.0,9.57,10.0,9.49,440,426050.0,5.12,-4.01,-0.4,0.07,-7.69,-6.32,-3.37,-0.53,0.53,1.16,3.69,6.95,9.27,10.85,9.91,9.53,9.22,8.94,2.93,5.12,2.82,4.6,6.17,4.49,3.45,3.45,-0.52,1.36
2019-11-08,831961,9.5,9.46,9.85,9.46,250,239460.0,4.08,-1.15,-0.11,0.04,-6.03,-3.07,-0.21,0.85,1.48,4.02,7.29,9.62,11.21,5.71,9.85,9.62,9.25,8.98,6.34,4.02,5.81,7.4,5.71,4.65,4.65,0.63,2.54,-0.32
2019-11-11,831961,9.74,9.95,10.06,9.55,920,906380.0,5.39,5.18,0.49,0.14,-3.98,-1.15,-0.1,0.52,3.04,6.28,8.59,10.16,4.71,3.14,9.82,9.69,9.3,9.03,-1.11,0.6,2.11,0.5,-0.5,-0.5,-4.32,-2.51,-5.23,-5.53
2019-11-12,831961,9.74,9.73,9.84,9.53,1140,1107900.0,3.12,-2.21,-0.22,0.18,-0.94,0.1,0.73,3.25,6.51,8.81,10.39,4.93,3.36,5.56,9.74,9.74,9.33,9.09,2.88,4.42,2.77,1.75,1.75,-2.16,-0.31,-3.08,-3.39,-5.45
2019-11-13,831961,10.01,9.65,10.01,9.6,380,373400.0,4.21,-0.82,-0.08,0.06,-0.63,0.0,2.5,5.73,8.02,9.58,4.17,2.6,4.79,2.5,9.67,9.78,9.37,9.14,5.28,3.63,2.59,2.59,-1.35,0.52,-2.28,-2.59,-4.66,-1.87
2019-11-14,831961,10.04,10.0,10.16,10.0,150,151230.0,1.66,3.63,0.35,0.02,-4.0,-1.6,1.5,3.7,5.2,0.0,-1.5,0.6,-1.6,0.1,9.76,9.83,9.41,9.2,0.0,-1.0,-1.0,-4.8,-3.0,-5.7,-6.0,-8.0,-5.3,-3.2
2019-11-15,831961,10.0,9.9,10.0,9.76,70,69320.0,2.4,-1.0,-0.1,0.01,0.82,4.0,6.25,7.79,2.46,0.92,3.07,0.82,2.56,4.1,9.85,9.85,9.47,9.25,0.0,0.0,-3.84,-2.02,-4.75,-5.05,-7.07,-4.34,-2.22,-5.35
2019-11-18,831961,9.79,9.86,9.9,9.79,30,29590.0,1.11,-0.4,-0.04,0.0,3.68,5.92,7.46,2.15,0.61,2.76,0.51,2.25,3.78,2.15,9.83,9.83,9.51,9.29,0.41,-3.45,-1.62,-4.36,-4.67,-6.69,-3.96,-1.83,-4.97,-4.77
2019-11-19,831961,9.64,9.05,9.9,8.91,670,614570.0,10.04,-8.22,-0.81,0.11,16.39,18.07,12.23,10.55,12.91,10.44,12.35,14.03,12.23,11.11,9.69,9.71,9.51,9.3,5.19,7.18,4.2,3.87,1.66,4.64,6.96,3.54,3.76,3.65
2019-11-20,831961,9.32,9.42,9.52,9.32,270,255530.0,2.21,4.09,0.37,0.04,12.88,7.3,5.69,7.94,5.58,7.4,9.01,7.3,6.22,6.22,9.65,9.66,9.55,9.33,2.97,0.11,-0.21,-2.34,0.53,2.76,-0.53,-0.32,-0.42,0.32
2019-11-21,831961,9.69,9.68,9.7,9.6,230,222280.0,1.06,2.76,0.26,0.04,4.17,2.6,4.79,2.5,4.27,5.83,4.17,3.12,3.12,-0.83,9.58,9.67,9.6,9.37,-2.58,-2.89,-4.96,-2.17,0.0,-3.2,-3.0,-3.1,-2.38,-1.34
2019-11-22,831961,9.4,9.42,9.43,9.0,470,431300.0,4.44,-2.69,-0.26,0.07,9.44,11.78,9.33,11.22,12.89,11.11,10.0,10.0,5.78,7.78,9.49,9.67,9.64,9.39,-0.21,-2.34,0.53,2.76,-0.53,-0.32,-0.42,0.32,1.38,-2.34
2019-11-25,831961,9.31,9.15,9.4,9.12,270,249780.0,2.97,-2.87,-0.27,0.04,10.31,7.89,9.76,11.4,9.65,8.55,8.55,4.39,6.36,3.4,9.34,9.59,9.64,9.39,0.55,3.5,5.79,2.4,2.62,2.51,3.28,4.37,0.55,1.53
2019-11-26,831961,9.04,9.2,9.2,8.94,290,261770.0,2.84,0.55,0.05,0.05,10.07,11.97,13.65,11.86,10.74,10.74,6.49,8.5,5.48,5.15,9.37,9.53,9.64,9.4,2.93,5.22,1.85,2.07,1.96,2.72,3.8,0.0,0.98,1.09
2019-11-27,831961,9.2,9.4,9.47,9.2,315,295250.0,2.93,2.17,0.2,0.05,8.8,10.43,8.7,7.61,7.61,3.48,5.43,2.5,2.17,0.0,9.37,9.51,9.64,9.41,2.98,-0.32,-0.11,-0.21,0.53,1.6,-2.13,-1.17,-1.06,-1.28
2019-11-28,831961,9.68,9.28,9.68,9.26,3770,2656950.0,4.47,-1.28,-0.12,0.59,9.72,7.99,6.91,6.91,2.81,4.75,1.84,1.51,-0.65,2.27,9.29,9.44,9.63,9.42,0.97,1.19,1.08,1.83,2.91,-0.86,0.11,0.22,0.0,0.32
2019-11-29,831961,9.37,9.25,9.37,8.8,830,744260.0,6.14,-0.32,-0.03,0.13,13.64,12.5,12.5,8.18,10.23,7.16,6.82,4.55,7.61,10.0,9.26,9.37,9.61,9.44,1.51,1.41,2.16,3.24,-0.54,0.43,0.54,0.32,0.65,2.49
2019-12-03,831961,9.25,9.3,9.39,9.25,140,129800.0,1.51,0.54,0.05,0.02,7.03,7.03,2.92,4.86,1.95,1.62,-0.54,2.38,4.65,1.3,9.29,9.32,9.57,9.45,0.86,1.61,2.69,-1.08,-0.11,0.0,-0.22,0.11,1.94,3.33
2019-12-04,831961,9.38,9.38,9.38,9.38,10,9380.0,0.0,0.86,0.08,0.0,5.54,1.49,3.41,0.53,0.21,-1.92,0.96,3.2,-0.11,0.11,9.32,9.35,9.53,9.46,0.75,1.81,-1.92,-0.96,-0.85,-1.07,-0.75,1.07,2.45,2.24
2019-12-06,831961,9.39,9.45,9.45,9.39,150,141190.0,0.64,0.75,0.07,0.02,1.38,3.3,0.43,0.11,-2.02,0.85,3.09,-0.21,0.0,-0.11,9.33,9.35,9.5,9.48,1.06,-2.65,-1.69,-1.59,-1.8,-1.48,0.32,1.69,1.48,1.27
2019-12-09,831961,9.46,9.55,9.55,9.3,140,132850.0,2.65,1.06,0.1,0.02,4.3,1.4,1.08,-1.08,1.83,4.09,0.75,0.97,0.86,1.61,9.39,9.34,9.5,9.51,-3.66,-2.72,-2.62,-2.83,-2.51,-0.73,0.63,0.42,0.21,1.36
2019-12-10,831961,9.1,9.15,9.2,9.1,290,264800.0,1.05,-4.19,-0.4,0.05,3.63,3.3,1.1,4.07,6.37,2.97,3.19,3.08,3.85,4.95,9.37,9.31,9.49,9.53,1.53,1.64,1.42,1.75,3.61,5.03,4.81,4.59,5.79,12.68
2019-12-11,831961,9.2,9.28,9.29,9.2,300,277330.0,0.98,1.42,0.13,0.05,2.17,0.0,2.93,5.22,1.85,2.07,1.96,2.72,3.8,0.0,9.36,9.32,9.45,9.53,0.22,0.0,0.32,2.16,3.56,3.34,3.12,4.31,11.1,12.39
2019-12-12,831961,9.3,9.15,9.3,9.0,230,210010.0,3.23,-1.4,-0.13,0.04,2.22,5.22,7.56,4.11,4.33,4.22,5.0,6.11,2.22,3.22,9.32,9.32,9.43,9.53,1.42,1.75,3.61,5.03,4.81,4.59,5.79,12.68,13.99,11.69
2019-12-13,831961,9.2,9.28,9.28,9.2,80,73950.0,0.87,1.42,0.13,0.01,2.93,5.22,1.85,2.07,1.96,2.72,3.8,0.0,0.98,1.09,9.28,9.31,9.41,9.53,0.32,2.16,3.56,3.34,3.12,4.31,11.1,12.39,10.13,11.31
2019-12-16,831961,9.28,9.31,9.31,8.8,250,228420.0,5.5,0.32,0.03,0.04,10.0,6.48,6.7,6.59,7.39,8.52,4.55,5.57,5.68,5.45,9.23,9.31,9.37,9.53,1.83,3.22,3.01,2.79,3.97,10.74,12.03,9.77,10.96,15.04
2019-12-17,831961,9.31,9.4,9.48,9.1,90,83820.0,4.08,0.97,0.09,0.01,2.97,3.19,3.08,3.85,4.95,1.1,2.09,2.2,1.98,2.31,9.28,9.33,9.35,9.51,2.23,2.02,1.81,2.98,9.68,10.96,8.72,9.89,13.94,17.23
2019-12-18,831961,9.4,9.24,9.61,9.1,160,150070.0,5.43,-1.7,-0.16,0.03,3.19,3.08,3.85,4.95,1.1,2.09,2.2,1.98,2.31,4.18,9.28,9.32,9.32,9.49,3.79,3.57,4.76,11.58,12.88,10.61,11.8,15.91,19.26,42.32
2019-12-19,831961,8.89,9.36,9.59,8.89,130,121420.0,7.58,1.3,0.12,0.02,5.51,6.3,7.42,3.49,4.5,4.61,4.39,4.72,6.64,8.1,9.32,9.32,9.33,9.46,2.24,3.42,10.15,11.43,9.19,10.36,14.42,17.74,40.49,49.68
2019-12-20,831961,9.4,9.3,9.57,9.23,80,75180.0,3.63,-0.64,-0.06,0.01,2.38,3.47,-0.33,0.65,0.76,0.54,0.87,2.71,4.12,3.9,9.32,9.3,9.33,9.44,4.09,10.86,12.15,9.89,11.08,15.16,18.49,41.4,50.65,56.13
2019-12-23,831961,9.4,9.68,9.68,9.2,200,186480.0,5.16,4.09,0.38,0.03,3.8,0.0,0.98,1.09,0.87,1.2,3.04,4.46,4.24,4.02,9.4,9.32,9.33,9.44,6.51,7.75,5.58,6.71,10.64,13.84,35.85,44.73,50.0,48.76
2019-12-24,831961,9.78,9.92,10.31,9.76,290,288350.0,5.68,2.48,0.24,0.05,-5.74,-4.82,-4.71,-4.92,-4.61,-2.87,-1.54,-1.74,-1.95,-0.82,9.5,9.39,9.35,9.46,5.14,3.02,4.13,7.96,11.09,32.56,41.23,46.37,45.16,43.35
2019-12-25,831961,9.92,10.25,10.43,9.92,320,324970.0,5.14,3.33,0.33,0.05,-6.35,-6.25,-6.45,-6.15,-4.44,-3.12,-3.33,-3.53,-2.42,3.93,9.7,9.49,9.41,9.47,-0.29,0.78,4.49,7.51,28.29,36.68,41.66,40.49,38.73,43.61
2019-12-26,831961,9.74,10.14,10.22,9.7,80,79580.0,5.07,-1.07,-0.11,0.01,-4.12,-4.33,-4.02,-2.27,-0.93,-1.13,-1.34,-0.21,6.29,7.53,9.86,9.59,9.45,9.48,1.87,5.62,8.68,29.68,38.17,43.2,42.01,40.24,45.17,45.27
2019-12-27,831961,10.14,10.13,10.33,9.8,230,233610.0,5.23,-0.1,-0.01,0.04,-5.31,-5.0,-3.27,-1.94,-2.14,-2.35,-1.22,5.2,6.43,4.29,10.02,9.67,9.49,9.5,5.73,8.79,29.81,38.3,43.34,42.15,40.38,45.31,45.41,50.05
2019-12-30,831961,10.52,10.62,10.71,10.17,1990,2088360.0,5.33,4.84,0.49,0.31,-8.46,-6.78,-5.51,-5.7,-5.9,-4.82,1.38,2.56,0.49,1.57,10.21,9.8,9.56,9.52,3.77,23.82,31.92,36.72,35.59,33.9,38.61,38.7,43.13,41.34
2019-12-31,831961,10.83,10.91,11.02,10.6,2020,2189850.0,3.95,2.73,0.29,0.32,-10.57,-9.34,-9.53,-9.72,-8.68,-2.74,-1.6,-3.58,-2.55,1.04,10.41,9.96,9.64,9.55,20.53,28.41,33.09,31.99,30.34,34.92,35.01,39.32,37.58,40.97
2020-01-02,831961,11.36,12.77,13.15,11.08,773,929051.0,18.97,17.05,1.86,0.12,-13.27,-13.45,-13.63,-12.64,-6.95,-5.87,-7.76,-6.77,-3.34,-0.54,10.91,10.31,9.81,9.65,9.71,13.7,12.76,11.35,15.27,15.35,19.03,17.54,20.44,21.38
2020-01-03,831961,13.0,13.48,14.01,12.7,2090,2839460.0,10.26,5.56,0.71,0.33,-24.49,-24.65,-23.78,-18.82,-17.87,-19.53,-18.66,-15.67,-13.23,3.54,11.58,10.72,10.02,9.8,7.72,6.82,5.49,9.2,9.27,12.76,11.35,14.09,14.99,16.91
2020-01-06,831961,13.27,13.08,14.52,12.72,2755,3782940.0,13.35,-2.97,-0.4,0.43,-24.76,-23.9,-18.95,-18.0,-19.65,-18.79,-15.8,-13.36,3.38,10.14,12.17,11.1,10.2,9.92,10.09,8.72,12.54,12.61,16.21,14.76,17.58,18.5,20.49,19.04
2020-01-07,831961,13.3,13.65,14.4,13.3,630,874200.0,8.41,4.36,0.57,0.1,-27.22,-22.48,-21.58,-23.16,-22.33,-19.47,-17.14,-1.13,5.34,9.17,12.78,11.5,10.4,10.05,4.18,7.84,7.91,11.36,9.96,12.67,13.55,15.46,14.07,12.45
2020-01-08,831961,14.0,13.55,14.22,13.4,396,545594.0,6.01,-0.73,-0.1,0.06,-23.06,-22.16,-23.73,-22.91,-20.07,-17.76,-1.87,4.55,8.36,7.46,13.31,11.86,10.62,10.19,8.63,8.71,12.18,10.77,13.51,14.39,16.31,14.91,13.28,13.36
2020-01-09,831961,14.0,14.27,14.72,13.6,5562,7944426.0,8.27,5.31,0.72,0.87,-23.31,-24.85,-24.04,-21.25,-18.97,-3.31,3.01,6.76,5.88,4.56,13.61,12.26,10.87,10.36,3.22,6.52,5.19,7.78,8.62,10.44,9.11,7.57,7.64,10.79
2020-01-10,831961,14.5,14.3,14.73,13.93,590,845300.0,5.61,0.21,0.03,0.09,-26.63,-25.84,-23.12,-20.89,-5.6,0.57,4.24,3.37,2.08,5.67,13.77,12.68,11.13,10.53,6.29,4.97,7.55,8.39,10.21,8.88,7.34,7.41,10.56,4.76
2020-01-13,831961,14.69,14.78,15.2,14.1,6970,10266130.0,7.69,3.36,0.48,1.09,-26.74,-24.04,-21.84,-6.74,-0.64,2.98,2.13,0.85,4.4,4.47,14.11,13.14,11.41,10.71,1.56,4.06,4.87,6.63,5.35,3.86,3.92,6.97,1.35,0.61
2020-01-14,831961,14.84,14.65,15.01,13.85,2330,3375250.0,7.85,-0.88,-0.13,0.37,-22.67,-20.43,-5.05,1.16,4.84,3.97,2.67,6.28,6.35,9.75,14.31,13.54,11.67,10.89,4.98,5.8,7.58,6.28,4.78,4.85,7.92,2.25,1.5,6.08
2020-01-15,831961,14.88,14.79,15.38,14.4,1740,2604310.0,6.69,0.96,0.14,0.27,-23.47,-8.68,-2.71,0.83,0.0,-1.25,2.22,2.29,5.56,4.24,14.56,13.93,11.94,11.07,4.8,6.56,5.27,3.79,3.85,6.9,1.28,0.54,5.07,6.63
2020-01-16,831961,14.54,15.24,15.5,14.22,1700,2554370.0,8.65,3.04,0.45,0.27,-7.52,-1.48,2.11,1.27,0.0,3.52,3.59,6.89,5.56,8.16,14.75,14.18,12.24,11.27,3.41,2.17,0.72,0.79,3.74,-1.71,-2.43,1.97,3.48,2.43
2020-01-17,831961,14.89,15.51,15.76,14.89,1227,1890300.0,5.71,1.77,0.27,0.19,-5.91,-2.48,-3.29,-4.5,-1.14,-1.07,2.08,0.81,3.29,4.1,14.99,14.38,12.55,11.47,0.39,-1.03,-0.97,1.93,-3.42,-4.13,0.19,1.68,0.64,1.1
2020-01-20,831961,14.89,15.03,15.57,14.65,2350,3533870.0,5.93,-3.09,-0.48,0.37,-0.89,-1.71,-2.94,0.48,0.55,3.75,2.46,4.98,5.8,7.58,15.04,14.58,12.84,11.66,2.13,2.2,5.19,-0.33,-1.06,3.39,4.92,3.86,4.32,9.31
2020-01-21,831961,15.34,15.2,15.35,14.54,870,1304440.0,5.39,1.13,0.17,0.14,-0.96,-2.2,1.24,1.31,4.54,3.23,5.78,6.6,8.39,7.08,15.15,14.73,13.11,11.85,1.05,4.01,-1.45,-2.17,2.24,3.75,2.7,3.16,8.09,11.18
2020-01-22,831961,15.35,15.36,15.36,15.35,30,46070.0,0.07,1.05,0.16,0.0,-7.36,-4.1,-4.04,-0.98,-2.21,0.2,0.98,2.67,1.43,0.0,15.27,14.91,13.39,12.05,2.93,-2.47,-3.19,1.17,2.67,1.63,2.08,6.97,10.03,6.77
2020-01-23,831961,15.0,15.13,15.81,14.95,480,730370.0,5.6,-1.5,-0.23,0.08,-1.54,-1.47,1.67,0.4,2.88,3.68,5.42,4.15,2.68,2.74,15.25,15.0,13.63,12.25,-0.99,-1.72,2.71,4.23,3.17,3.64,8.59,11.7,8.39,12.03
2020-02-03,831961,14.98,14.15,14.98,13.8,1381,1968106.0,7.8,-6.48,-0.98,0.22,6.74,10.14,8.77,11.45,12.32,14.2,12.83,11.23,11.3,14.57,14.97,14.98,13.83,12.42,5.09,9.82,11.45,10.32,10.81,16.11,19.43,15.9,19.79,26.5
2020-02-04,831961,14.63,14.73,14.87,14.63,60,88270.0,1.7,4.1,0.58,0.01,3.9,2.6,5.13,5.95,7.72,6.43,4.92,4.99,8.07,2.39,14.91,14.98,14.06,12.6,5.5,7.06,5.97,6.45,11.54,14.73,11.34,15.07,21.52,22.88
2020-02-05,831961,14.5,15.2,15.54,14.5,870,1312500.0,7.06,3.19,0.47,0.14,3.52,6.07,6.9,8.69,7.38,5.86,5.93,9.03,3.31,2.55,14.91,15.03,14.29,12.79,3.75,2.7,3.16,8.09,11.18,7.89,11.51,17.76,19.08,16.51
2020-02-06,831961,15.4,15.41,15.77,15.0,110,169530.0,5.07,1.38,0.21,0.02,2.53,3.33,5.07,3.8,2.33,2.4,5.4,-0.13,-0.87,3.6,14.92,15.1,14.51,12.99,1.3,1.75,6.62,9.67,6.42,9.99,16.16,17.46,14.93,15.51
2020-02-07,831961,15.57,15.61,15.61,15.02,160,245310.0,3.83,1.3,0.2,0.03,3.2,4.93,3.66,2.2,2.26,5.26,-0.27,-1.0,3.46,4.99,15.02,15.13,14.66,13.21,0.45,5.25,8.26,5.06,8.58,14.67,15.95,13.45,14.03,18.83
2020-02-10,831961,15.0,15.52,15.68,15.0,320,488450.0,4.36,-0.58,-0.09,0.05,5.07,3.8,2.33,2.4,5.4,-0.13,-0.87,3.6,5.13,4.07,15.29,15.13,14.76,13.41,5.86,8.89,5.67,9.21,15.34,16.62,14.11,14.69,19.52,26.87
2020-02-11,831961,15.52,15.68,16.43,15.2,440,692600.0,7.93,1.03,0.16,0.07,2.43,0.99,1.05,4.01,-1.45,-2.17,2.24,3.75,2.7,3.16,15.48,15.2,14.89,13.62,7.78,4.59,8.1,14.16,15.43,12.95,13.52,18.3,25.57,29.53
2020-02-12,831961,16.42,16.33,16.9,15.91,320,522720.0,6.31,4.15,0.65,0.05,-3.52,-3.46,-0.63,-5.85,-6.54,-2.33,-0.88,-1.89,-1.45,3.27,15.71,15.31,15.02,13.85,0.43,3.8,9.61,10.84,8.45,9.0,13.59,20.58,24.37,26.52
2020-02-13,831961,15.9,15.93,16.4,15.6,140,223270.0,4.9,-2.45,-0.4,0.02,-1.54,1.35,-3.97,-4.68,-0.38,1.09,0.06,0.51,5.32,8.33,15.81,15.37,15.14,14.05,6.4,12.37,13.62,11.17,11.74,16.45,23.6,27.5,29.69,23.79
2020-02-14,831961,16.63,16.08,16.95,15.89,310,501640.0,6.65,0.94,0.15,0.05,-0.5,-5.73,-6.42,-2.2,-0.76,-1.76,-1.32,3.4,6.36,3.21,15.91,15.46,15.23,14.24,11.32,12.56,10.14,10.7,15.36,22.45,26.31,28.48,22.64,16.29
2020-02-17,831961,16.63,17.56,17.9,16.5,1500,2594250.0,8.71,9.2,1.48,0.24,-9.21,-9.88,-5.82,-4.42,-5.39,-4.97,-0.42,2.42,-0.61,2.73,16.32,15.81,15.39,14.49,3.08,0.85,1.37,5.64,12.13,15.66,17.65,12.3,6.49,11.16
2020-02-18,831961,17.74,17.06,18.1,16.44,4510,7792610.0,9.45,-2.85,-0.5,0.71,-9.55,-5.47,-4.08,-5.05,-4.62,-0.06,2.8,-0.24,3.1,8.88,16.59,16.04,15.51,14.72,3.81,4.34,8.73,15.42,19.05,21.1,15.59,9.61,14.42,14.13
2020-02-19,831961,17.0,17.09,17.71,17.0,370,640070.0,4.16,0.18,0.03,0.06,-8.59,-7.24,-8.18,-7.76,-3.35,-0.59,-3.53,-0.29,5.29,6.47,16.74,16.23,15.63,14.94,4.15,8.54,15.21,18.84,20.89,15.39,9.42,14.22,13.93,11.18
2020-02-20,831961,16.72,16.9,17.8,16.72,720,1245590.0,6.32,-1.11,-0.19,0.11,-5.68,-6.64,-6.22,-1.73,1.08,-1.91,1.38,7.06,8.25,5.92,16.94,16.38,15.74,15.13,9.76,16.51,20.18,22.25,16.69,10.65,15.5,15.21,12.43,12.49
2020-02-21,831961,17.6,17.58,18.55,16.77,2296,4023480.0,10.53,4.02,0.68,0.36,-6.92,-6.5,-2.03,0.78,-2.21,1.07,6.74,7.93,5.61,6.14,17.24,16.57,15.85,15.3,12.0,15.53,17.52,12.17,6.37,11.04,10.75,8.08,8.13,5.4
2020-02-24,831961,17.91,19.2,19.69,17.81,540,1017830.0,10.69,9.22,1.62,0.08,-11.96,-7.75,-5.11,-7.92,-4.83,0.51,1.63,-0.56,-0.06,4.15,17.57,16.94,16.04,15.49,5.78,7.6,2.71,-2.6,1.67,1.41,-1.04,-0.99,-3.49,3.33
2020-02-25,831961,19.57,19.57,20.31,19.0,910,1788510.0,6.82,1.93,0.37,0.14,-13.53,-11.05,-13.68,-10.79,-5.79,-4.74,-6.79,-6.32,-2.37,3.63,18.07,17.33,16.26,15.7,5.57,0.77,-4.45,-0.26,-0.51,-2.91,-2.86,-5.31,1.38,3.53
2020-02-26,831961,20.0,19.77,20.66,19.08,700,1389070.0,8.07,1.02,0.2,0.11,-11.43,-14.05,-11.16,-6.18,-5.14,-7.18,-6.71,-2.78,3.2,6.45,18.6,17.67,16.49,15.91,-0.25,-5.41,-1.26,-1.52,-3.89,-3.84,-6.27,0.35,2.48,1.21
2020-02-27,831961,19.1,18.98,19.72,18.34,850,1621350.0,6.98,-4.0,-0.79,0.13,-10.58,-7.58,-2.4,-1.31,-3.44,-2.94,1.15,7.36,10.74,12.65,19.02,17.98,16.67,16.09,-1.48,2.85,2.58,0.11,0.16,-2.37,4.53,6.74,5.43,7.01
2020-02-28,831961,18.5,18.56,18.7,17.73,560,1022120.0,5.11,-2.21,-0.42,0.09,-4.4,0.96,2.09,-0.11,0.39,4.62,11.05,14.55,16.53,11.22,19.22,18.23,16.85,16.23,5.17,4.9,2.37,2.42,-0.16,6.9,9.16,7.81,9.43,11.8
2020-03-02,831961,18.6,18.93,19.52,18.19,460,869420.0,7.17,1.99,0.37,0.07,-1.59,-0.49,-2.64,-2.14,1.98,8.25,11.65,13.58,8.41,2.8,19.16,18.36,17.08,16.38,2.85,0.37,0.42,-2.11,4.81,7.03,5.71,7.29,9.61,13.15
2020-03-03,831961,19.26,19.0,19.47,18.15,370,696290.0,6.97,0.37,0.07,0.06,-0.28,-2.42,-1.93,2.2,8.48,11.9,13.83,8.65,3.03,7.55,19.05,18.56,17.3,16.53,0.0,0.05,-2.47,4.42,6.63,5.32,6.89,9.21,12.74,11.89
2020-03-04,831961,18.25,18.73,19.0,17.86,320,587820.0,6.0,-1.42,-0.27,0.05,-0.84,-0.34,3.86,10.25,13.72,15.68,10.41,4.7,9.29,9.01,18.84,18.72,17.47,16.66,1.49,-1.07,5.93,8.17,6.83,8.44,10.78,14.36,13.51,11.11
2020-03-05,831961,18.15,18.18,19.01,17.86,440,809580.0,6.14,-2.94,-0.55,0.07,-0.34,3.86,10.25,13.72,15.68,10.41,4.7,9.29,9.01,6.38,18.68,18.85,17.61,16.77,1.93,9.13,11.44,10.07,11.72,14.14,17.82,16.94,14.47,12.76
2020-03-06,831961,17.86,17.89,18.53,17.4,910,1638520.0,6.22,-1.6,-0.29,0.14,6.61,13.16,16.72,18.74,13.33,7.47,12.18,11.9,9.2,9.25,18.55,18.88,17.73,16.86,10.9,13.25,11.85,13.53,15.99,19.73,18.84,16.32,14.59,14.37
2020-03-09,831961,18.0,19.13,19.84,18.0,1320,2496110.0,10.29,6.93,1.24,0.21,9.39,12.83,14.78,9.56,3.89,8.44,8.17,5.56,5.61,2.94,18.59,18.87,17.91,16.98,5.91,4.6,6.17,8.47,11.97,11.13,8.78,7.16,6.95,3.5
2020-03-10,831961,19.26,19.66,20.26,18.94,1960,3843340.0,6.9,2.77,0.53,0.31,7.23,9.08,4.12,-1.27,3.06,2.8,0.32,0.37,-2.16,4.75,18.72,18.88,18.11,17.14,1.78,3.31,5.54,8.95,8.14,5.85,4.27,4.07,0.71,1.73
2020-03-11,831961,19.0,19.56,20.01,18.91,1640,3195250.0,5.6,-0.51,-0.1,0.26,9.25,4.28,-1.11,3.23,2.96,0.48,0.53,-2.01,4.92,7.14,18.88,18.86,18.27,17.28,3.83,6.08,9.51,8.69,6.39,4.81,4.6,1.23,2.25,2.76
2020-03-12,831961,20.0,19.78,20.31,19.15,660,1307440.0,5.93,1.12,0.22,0.1,2.98,-2.35,1.93,1.67,-0.78,-0.73,-3.24,3.6,5.8,4.49,19.2,18.94,18.46,17.43,4.9,8.29,7.48,5.21,3.64,3.44,0.1,1.11,1.62,0.61
2020-03-13,831961,19.1,19.79,20.75,18.83,1280,2512420.0,9.71,0.05,0.01,0.2,-0.69,3.66,3.4,0.9,0.96,-1.59,5.36,7.59,6.27,7.86,19.58,19.07,18.65,17.59,8.24,7.43,5.15,3.59,3.39,0.05,1.06,1.57,0.56,-2.17
2020-03-16,831961,20.52,19.58,21.42,19.37,3660,7416520.0,10.36,-1.06,-0.21,0.57,0.77,0.52,-1.91,-1.86,-4.34,2.43,4.59,3.3,4.85,7.12,19.67,19.13,18.75,17.77,8.58,6.28,4.7,4.49,1.12,2.15,2.66,1.63,-1.12,-0.92
2020-03-17,831961,20.73,19.54,21.26,19.07,3770,7639690.0,11.18,-0.2,-0.04,0.59,2.1,-0.37,-0.31,-2.83,4.04,6.24,4.93,6.5,8.81,12.32,19.65,19.18,18.87,17.93,6.5,4.91,4.71,1.33,2.35,2.87,1.84,-0.92,-0.72,-0.92
2020-03-18,831961,20.5,19.66,20.81,19.0,3450,6978110.0,9.26,0.61,0.12,0.54,0.0,0.05,-2.47,4.42,6.63,5.32,6.89,9.21,12.74,11.89,19.67,19.28,19.0,18.08,4.27,4.07,0.71,1.73,2.24,1.22,-1.53,-1.32,-1.53,0.2
2020-03-19,831961,20.5,19.32,20.5,18.95,1090,2150050.0,7.88,-1.73,-0.34,0.17,0.32,-2.22,4.7,6.91,5.59,7.18,9.5,13.03,12.19,9.82,19.58,19.39,19.12,18.21,5.9,2.48,3.52,4.04,3.0,0.21,0.41,0.21,1.97,0.78
2020-03-20,831961,20.35,18.96,20.46,18.93,1400,2729990.0,7.92,-1.86,-0.36,0.22,-2.11,4.81,7.03,5.71,7.29,9.61,13.15,12.31,9.93,8.29,19.41,19.5,19.19,18.32,4.43,5.49,6.01,4.96,2.11,2.32,2.11,3.9,2.69,3.22
2020-03-23,831961,18.91,19.14,19.8,18.39,600,1142340.0,7.44,0.95,0.18,0.09,7.88,10.17,8.81,10.44,12.83,16.48,15.61,13.16,11.47,11.26,19.32,19.5,19.19,18.44,4.49,5.02,3.97,1.15,1.36,1.15,2.93,1.72,2.25,1.36
2020-03-24,831961,19.5,19.74,20.0,18.71,1300,2512710.0,6.74,3.13,0.6,0.2,8.28,6.95,8.55,10.9,14.48,13.63,11.22,9.57,9.35,5.83,19.36,19.51,19.19,18.57,1.82,0.81,-1.93,-1.72,-1.93,-0.2,-1.37,-0.86,-1.72,-4.76
2020-03-25,831961,20.0,19.8,20.1,18.8,680,1315710.0,6.59,0.3,0.06,0.11,6.44,8.03,10.37,13.94,13.09,10.69,9.04,8.83,5.32,6.38,19.39,19.53,19.2,18.69,0.51,-2.22,-2.02,-2.22,-0.51,-1.67,-1.16,-2.02,-5.05,-7.58
2020-03-26,831961,19.0,18.42,19.9,17.96,1990,3754170.0,9.8,-6.97,-1.38,0.31,13.08,15.53,19.27,18.37,15.87,14.14,13.92,10.24,11.36,11.92,19.21,19.4,19.17,18.77,5.1,5.32,5.1,6.95,5.7,6.24,5.32,2.06,-0.65,-0.71
2020-03-27,831961,19.2,18.76,19.36,18.06,750,1401940.0,7.06,1.85,0.34,0.22,14.89,18.6,17.72,15.23,13.51,13.29,9.63,10.74,11.3,10.19,19.17,19.29,19.18,18.86,3.41,3.2,5.01,3.78,4.32,3.41,0.21,-2.45,-2.51,-3.68
2020-03-30,831961,18.53,18.83,19.4,18.31,645,1217816.0,5.81,0.37,0.07,0.19,16.99,16.11,13.65,11.96,11.74,8.14,9.23,9.78,8.68,5.73,19.11,19.22,19.17,18.9,2.81,4.62,3.4,3.93,3.03,-0.16,-2.81,-2.87,-4.04,-3.98
2020-03-31,831961,18.6,18.89,19.36,18.23,442,832267.0,6.0,0.32,0.06,0.13,16.62,14.15,12.45,12.23,8.61,9.71,10.26,9.16,6.2,6.42,18.94,19.15,19.17,18.96,4.29,3.07,3.6,2.7,-0.48,-3.12,-3.18,-4.34,-4.29,-2.49
2020-04-01,831961,18.72,18.7,19.7,18.35,743,1406763.0,7.15,-1.01,-0.19,0.22,13.41,11.72,11.5,7.9,8.99,9.54,8.45,5.5,5.72,5.5,18.72,19.06,19.17,19.02,4.12,4.65,3.74,0.53,-2.14,-2.19,-3.37,-3.32,-1.5,-1.39
2020-04-02,831961,18.53,19.38,19.47,18.42,810,1533841.0,5.61,3.64,0.68,0.24,11.29,11.07,7.49,8.58,9.12,8.03,5.1,5.32,5.1,6.95,18.91,19.06,19.23,19.1,0.98,0.1,-2.99,-5.57,-5.62,-6.76,-6.71,-4.95,-4.85,-2.37
2020-04-03,831961,19.5,18.81,19.57,18.24,896,1696092.0,6.86,-2.94,-0.57,0.26,12.17,8.55,9.65,10.2,9.1,6.14,6.36,6.14,8.0,6.74,18.92,19.05,19.27,19.14,3.14,-0.05,-2.71,-2.76,-3.93,-3.88,-2.07,-1.97,0.58,4.68
2020-04-07,831961,18.53,17.92,19.4,17.41,2841,5243812.0,10.58,-4.73,-0.89,0.83,13.73,14.88,15.45,14.3,11.2,11.43,11.2,13.15,11.83,12.41,18.74,18.93,19.21,19.1,4.91,2.12,2.06,0.84,0.89,2.79,2.9,5.58,9.88,11.61
2020-04-08,831961,18.05,18.38,18.8,17.55,1677,3065400.0,6.98,2.57,0.46,0.49,13.96,14.53,13.39,10.31,10.54,10.31,12.25,10.94,11.51,10.54,18.64,18.79,19.15,19.06,-0.44,-0.49,-1.69,-1.63,0.22,0.33,2.94,7.13,8.81,4.46
2020-04-09,831961,17.57,17.65,18.3,17.3,2198,3907249.0,5.44,-3.97,-0.73,0.64,16.18,15.03,11.91,12.14,11.91,13.87,12.54,13.12,12.14,8.67,18.43,18.57,19.05,18.99,3.63,2.38,2.44,4.36,4.48,7.2,11.56,13.31,8.78,12.29
2020-04-10,831961,18.29,17.99,18.29,17.15,610,1073426.0,6.46,1.93,0.34,0.18,16.03,12.89,13.12,12.89,14.87,13.53,14.11,13.12,9.62,6.71,18.15,18.53,18.96,18.96,0.44,0.5,2.39,2.5,5.17,9.45,11.17,6.73,10.17,6.61
2020-04-13,831961,18.07,17.81,18.07,17.05,1287,2277720.0,5.67,-1.0,-0.18,0.37,13.55,13.78,13.55,15.54,14.19,14.78,13.78,10.26,7.33,7.27,17.95,18.44,18.86,18.93,1.52,3.43,3.54,6.23,10.56,12.3,7.8,11.29,7.69,21.0
2020-04-14,831961,18.06,17.6,18.08,17.3,672,1183688.0,4.38,-1.18,-0.21,0.2,12.14,11.91,13.87,12.54,13.12,12.14,8.67,5.78,5.72,4.45,17.89,18.31,18.76,18.89,4.66,4.77,7.5,11.87,13.64,9.09,12.61,8.98,22.44,27.84
2020-04-15,831961,18.01,18.42,18.42,18.01,65,118552.0,2.33,4.66,0.82,0.02,7.5,9.38,8.11,8.66,7.72,4.39,1.61,1.55,0.33,0.39,17.89,18.27,18.71,18.87,0.11,2.71,6.89,8.58,4.23,7.6,4.13,16.99,22.15,41.26
2020-04-16,831961,17.53,18.35,18.44,17.09,717,1272841.0,7.33,-0.38,-0.07,0.21,15.27,13.93,14.51,13.52,10.01,7.08,7.02,5.73,5.79,7.78,18.03,18.23,18.64,18.85,3.11,7.3,8.99,4.63,8.01,4.52,17.44,22.62,41.8,33.51
2020-04-17,831961,18.45,18.22,18.92,17.96,2178,3988415.0,5.23,-0.71,-0.13,0.63,8.41,8.96,8.02,4.68,1.89,1.84,0.61,0.67,2.56,2.67,18.08,18.12,18.59,18.86,8.07,9.77,5.38,8.78,5.27,18.28,23.49,42.81,34.47,39.19
2020-04-20,831961,18.63,19.19,19.69,18.03,2817,5267806.0,9.11,5.32,0.97,0.82,8.54,7.6,4.27,1.5,1.44,0.22,0.28,2.16,2.27,4.94,18.36,18.15,18.6,18.9,4.22,0.05,3.28,-0.05,12.3,17.25,35.59,27.67,32.15,24.02
2020-04-21,831961,20.0,18.32,20.0,18.05,2721,5135722.0,10.16,-4.53,-0.87,0.79,7.48,4.16,1.39,1.33,0.11,0.17,2.05,2.16,4.82,9.09,18.5,18.19,18.56,18.87,4.8,8.19,4.69,17.63,22.82,42.03,33.73,38.43,29.91,27.89
2020-04-22,831961,19.1,18.4,19.2,17.92,1387,2542192.0,6.99,0.44,0.08,0.4,4.91,2.12,2.06,0.84,0.89,2.79,2.9,5.58,9.88,11.61,18.5,18.2,18.49,18.83,7.72,4.24,17.12,22.28,41.41,33.15,37.83,29.35,27.34,39.67
2020-04-23,831961,18.6,18.91,19.82,18.56,472,901106.0,6.85,2.77,0.51,0.14,-1.4,-1.45,-2.64,-2.59,-0.75,-0.65,1.94,6.09,7.76,3.45,18.61,18.32,18.45,18.81,1.43,13.96,18.98,37.6,29.56,34.11,25.86,23.9,35.91,39.08
2020-04-24,831961,18.54,18.88,19.18,18.08,2738,5087479.0,5.82,-0.16,-0.03,0.8,1.16,-0.06,0.0,1.88,1.99,4.65,8.9,10.62,6.19,9.62,18.74,18.41,18.47,18.78,14.14,19.17,37.82,29.77,34.32,26.06,24.1,36.12,39.3,90.68
2020-04-27,831961,19.0,20.15,21.55,18.83,16695,32666934.0,14.41,6.73,1.27,4.85,-4.04,-3.98,-2.18,-2.07,0.48,4.57,6.21,1.96,5.26,1.86,18.93,18.64,18.54,18.79,11.66,29.13,21.59,25.86,18.11,16.28,27.54,30.52,78.66,16.58
2020-04-28,831961,20.84,21.62,22.5,20.5,6784,14543641.0,9.93,7.3,1.47,1.97,-11.8,-10.15,-10.05,-7.71,-3.95,-2.44,-6.34,-3.32,-6.44,5.12,19.59,19.05,18.68,18.86,20.35,13.32,17.3,10.08,8.37,18.87,21.65,66.51,8.65,13.23
2020-04-29,831961,21.6,23.29,26.02,21.6,4661,11336667.0,20.44,7.72,1.67,1.35,-14.72,-14.63,-12.41,-8.84,-7.41,-11.11,-8.24,-11.2,-0.23,4.17,20.57,19.53,18.9,18.98,5.2,8.89,2.19,0.6,10.35,12.92,54.57,0.86,5.11,7.08
2020-04-30,831961,23.9,23.19,24.5,22.46,2472,5827654.0,8.76,-0.43,-0.1,0.72,-17.9,-15.76,-12.33,-10.95,-14.51,-11.75,-14.6,-4.05,0.18,15.85,21.43,20.02,19.12,19.1,9.36,2.63,1.03,10.82,13.41,55.24,1.29,5.56,7.55,2.63
2020-05-06,831961,24.6,23.35,25.36,22.14,6692,15720883.0,13.89,0.69,0.16,1.94,-14.54,-11.07,-9.67,-13.28,-10.48,-13.37,-2.66,1.63,17.52,10.66,22.32,20.53,19.32,19.24,1.93,0.34,10.06,12.63,54.18,0.6,4.84,6.81,1.93,4.84
2020-05-07,831961,23.8,22.85,23.8,21.21,3957,8898435.0,11.09,-2.14,-0.5,1.15,-7.17,-5.7,-9.48,-6.55,-9.57,1.6,6.08,22.68,15.51,19.57,22.86,20.9,19.52,19.37,2.54,12.47,15.1,57.55,2.8,7.13,9.15,4.16,7.13,6.78
2020-05-08,831961,22.43,22.77,23.43,21.69,3140,7102315.0,7.61,-0.35,-0.08,0.91,-7.79,-11.48,-8.62,-11.57,-0.65,3.73,19.96,12.96,16.92,9.73,23.09,21.34,19.77,19.49,12.87,15.5,58.1,3.16,7.51,9.53,4.52,7.51,7.16,5.31
2020-05-11,831961,23.5,24.93,25.7,22.79,14066,33685908.0,12.78,9.49,2.16,4.09,-15.75,-13.03,-15.84,-5.44,-1.27,14.17,7.5,11.28,4.43,2.81,23.42,21.99,20.09,19.66,5.5,44.4,-5.78,-1.81,0.04,-4.53,-1.81,-2.13,-3.81,-7.98
2020-05-12,831961,26.0,24.2,26.3,23.5,4738,11595595.0,11.23,-2.93,-0.73,1.38,-15.66,-18.38,-8.3,-4.26,10.72,4.26,7.91,1.28,-0.3,9.36,23.62,22.52,20.42,19.81,48.76,-2.93,1.16,3.06,-1.65,1.16,0.83,-0.91,-5.21,-6.07
2020-07-27,831961,30.25,22.31,36.0,21.5,73786,196901998.0,64.99,0.0,0.0,16.77,-10.79,0.23,4.65,21.02,13.95,17.95,10.7,8.98,19.53,22.33,23.41,22.87,20.64,19.94,5.29,9.73,11.79,6.68,9.73,9.37,7.49,2.82,1.88,3.14
2020-07-28,831961,23.49,22.55,23.49,20.32,27122,58867360.0,14.21,1.08,0.24,6.17,6.05,10.73,28.05,20.57,24.8,17.13,15.31,26.48,29.43,77.17,23.35,23.11,20.87,20.06,8.56,10.6,5.54,8.56,8.2,6.34,1.73,0.8,2.04,5.9
2020-07-29,831961,22.36,24.09,24.48,22.28,25968,62035733.0,9.76,6.83,1.54,5.9,0.99,16.79,9.96,13.82,6.82,5.16,15.35,18.04,61.58,5.43,23.62,23.35,21.2,20.24,3.53,-1.2,1.62,1.29,-0.46,-4.77,-5.65,-4.48,-0.87,2.37
2020-07-30,831961,24.39,23.49,24.94,23.2,20328,48799710.0,7.22,-2.49,-0.6,4.62,12.16,5.6,9.31,2.59,0.99,10.78,13.36,55.17,1.25,5.52,23.33,23.37,21.45,20.39,1.32,4.21,3.87,2.09,-2.34,-3.24,-2.04,1.66,4.98,5.49
2020-07-31,831961,23.4,23.57,23.8,22.75,11645,27270554.0,4.47,0.34,0.08,2.65,7.69,11.47,4.62,2.99,12.97,15.6,58.24,3.25,7.6,9.63,23.2,23.41,21.71,20.55,3.86,3.52,1.74,-2.67,-3.56,-2.38,1.32,4.62,5.13,4.84
2020-08-03,831961,23.75,24.2,24.48,23.75,15344,37049853.0,3.1,2.67,0.63,3.49,6.78,0.21,-1.35,8.21,10.74,51.58,-1.09,3.07,5.01,0.21,23.58,23.5,22.01,20.71,0.83,-0.91,-5.21,-6.07,-4.92,-1.32,1.9,2.4,2.11,-0.7
2020-08-04,831961,24.14,23.4,24.4,23.36,9789,23229671.0,4.3,-3.31,-0.8,2.23,1.88,0.3,10.02,12.59,54.11,0.56,4.79,6.76,1.88,4.79,23.75,23.55,22.22,20.87,2.48,-1.97,-2.86,-1.67,2.05,5.38,5.9,5.6,2.69,0.04
2020-08-05,831961,23.8,22.8,23.98,22.6,7958,18408842.0,5.9,-2.56,-0.6,1.81,3.67,13.72,16.37,59.29,3.94,8.32,10.35,5.31,8.32,7.96,23.49,23.55,22.45,21.03,0.61,-0.31,0.92,4.74,8.16,8.68,8.38,5.39,2.68,8.33
2020-08-06,831961,22.66,22.61,22.94,22.31,4684,10550715.0,2.76,-0.83,-0.19,1.06,15.19,17.88,61.36,5.29,9.73,11.79,6.68,9.73,9.37,7.49,23.32,23.32,22.66,21.17,0.53,1.77,5.62,9.07,9.6,9.29,6.28,3.54,9.24,5.4
2020-08-07,831961,22.65,22.26,22.73,22.08,4435,9862539.0,2.87,-1.55,-0.35,1.01,19.11,63.04,6.39,10.87,12.95,7.79,10.87,10.51,8.61,3.89,23.05,23.13,22.83,21.32,3.37,7.28,10.78,11.32,11.01,7.95,5.17,10.96,7.05,7.01
2020-08-10,831961,22.4,22.84,23.01,22.3,7070,14221744.0,3.19,2.61,0.58,1.61,61.43,5.34,9.78,11.84,6.73,9.78,9.42,7.53,2.87,1.93,22.78,23.18,23.02,21.49,4.55,7.97,8.49,8.19,5.21,2.5,8.14,4.33,4.29,3.33
2020-08-11,831961,23.49,23.04,23.88,22.9,7751,18239285.0,4.29,0.88,0.2,1.76,2.58,6.9,8.91,3.93,6.9,6.55,4.72,0.17,-0.74,0.48,22.71,23.23,23.17,21.66,7.03,7.55,7.25,4.3,1.61,7.2,3.43,3.39,2.43,3.26
2020-08-12,831961,23.04,24.14,24.66,23.04,6993,16573123.0,7.03,4.77,1.1,1.59,6.25,8.25,3.3,6.25,5.9,4.08,-0.43,-1.35,-0.13,3.65,22.98,23.24,23.29,21.88,2.65,2.36,-0.46,-3.02,2.32,-1.28,-1.33,-2.24,-1.45,1.82
2020-08-13,831961,24.18,24.46,24.78,24.0,11124,27113626.0,3.23,1.33,0.32,2.53,3.92,-0.83,2.0,1.67,-0.08,-4.42,-5.29,-4.12,-0.5,2.75,23.35,23.33,23.35,22.08,1.02,-1.76,-4.29,0.98,-2.58,-2.62,-3.52,-2.74,0.49,-2.0
2020-08-14,831961,24.7,24.1,24.71,23.73,3572,8569921.0,4.01,-1.47,-0.36,0.81,0.29,3.16,2.82,1.05,-3.33,-4.21,-3.03,0.63,3.92,4.42,23.72,23.39,23.4,22.27,-0.29,-2.86,2.49,-1.12,-1.16,-2.07,-1.29,1.99,-0.54,3.15
2020-08-17,831961,23.88,23.3,24.03,23.3,5290,12527421.0,3.03,-3.32,-0.8,1.2,5.06,4.72,2.92,-1.55,-2.45,-1.24,2.49,5.84,6.35,6.05,23.81,23.3,23.4,22.44,0.47,6.01,2.27,2.23,1.29,2.1,5.49,2.88,6.7,8.97
2020-08-18,831961,23.31,23.18,23.41,23.0,2826,6535778.0,1.76,-0.52,-0.12,0.64,6.09,4.26,-0.26,-1.17,0.04,3.83,7.22,7.74,7.43,4.48,23.84,23.27,23.41,22.57,6.56,2.8,2.76,1.81,2.63,6.04,3.41,7.25,9.53,11.95
2020-08-19,831961,23.7,23.94,24.7,23.36,9814,22689989.0,5.78,3.28,0.76,2.23,2.65,-1.8,-2.7,-1.5,2.23,5.57,6.08,5.78,2.87,0.21,23.8,23.39,23.47,22.76,-0.46,-0.5,-1.42,-0.63,2.67,0.13,3.84,6.06,8.4,8.35
2020-08-20,831961,23.35,23.35,23.83,23.12,2817,6588944.0,2.97,-2.46,-0.59,0.64,-0.78,-1.69,-0.48,3.29,6.66,7.18,6.88,3.94,1.25,6.83,23.57,23.46,23.39,22.93,2.01,1.07,1.88,5.27,2.66,6.47,8.74,11.13,11.09,8.69
2020-08-21,831961,23.45,23.58,23.82,23.42,2140,5047175.0,1.71,0.99,0.23,0.49,-2.95,-1.75,1.96,5.29,5.81,5.51,2.6,-0.04,5.47,1.75,23.47,23.59,23.36,23.08,0.08,0.89,4.24,1.65,5.43,7.68,10.05,10.01,7.63,7.21
2020-08-24,831961,23.41,23.43,23.6,23.26,2499,5846100.0,1.44,-0.64,-0.15,0.57,-1.07,2.67,6.02,6.53,6.23,3.31,0.64,6.19,2.45,2.41,23.5,23.65,23.42,23.23,1.54,4.91,2.3,6.1,8.37,10.76,10.71,8.32,7.9,8.62
2020-08-25,831961,23.35,23.35,23.79,23.31,3132,7339313.0,2.05,-0.34,-0.08,0.71,2.45,5.79,6.31,6.01,3.09,0.43,5.96,2.23,2.19,1.24,23.53,23.68,23.46,23.34,5.27,2.66,6.47,8.74,11.13,11.09,8.69,8.27,8.99,8.74
2020-08-26,831961,23.39,23.65,24.58,23.39,6654,15957437.0,5.1,1.28,0.3,1.51,5.43,5.94,5.64,2.74,0.09,5.6,1.88,1.84,0.9,1.71,23.47,23.63,23.43,23.41,1.35,5.12,7.36,9.73,9.68,7.32,6.89,7.61,7.36,5.62
2020-08-27,831961,23.84,23.8,23.97,23.63,2474,5882490.0,1.44,0.63,0.15,0.56,4.87,4.57,1.69,-0.93,4.53,0.85,0.8,-0.13,0.68,4.02,23.56,23.57,23.45,23.42,4.45,6.68,9.03,8.99,6.64,6.22,6.93,6.68,4.96,0.8
2020-08-28,831961,23.92,24.5,24.86,23.81,5027,12272488.0,4.41,2.94,0.7,1.14,3.78,0.92,-1.68,3.74,0.08,0.04,-0.88,-0.08,3.23,0.67,23.75,23.61,23.5,23.47,3.63,5.92,5.88,3.59,3.18,3.88,3.63,1.96,-2.08,-5.47
2020-08-31,831961,24.63,25.01,25.39,24.53,8964,22419403.0,3.51,2.08,0.51,2.04,-2.04,-4.57,0.69,-2.85,-2.89,-3.79,-3.02,0.2,-2.28,1.35,24.06,23.78,23.54,23.52,3.76,3.72,1.48,1.08,1.76,1.52,-0.12,-4.08,-7.4,-7.04
2020-09-01,831961,25.18,25.65,25.95,24.8,4262,10878644.0,4.6,2.56,0.64,0.97,-5.6,-0.4,-3.91,-3.95,-4.84,-4.07,-0.89,-3.35,0.24,2.38,24.52,24.03,23.65,23.62,1.13,-1.05,-1.44,-0.78,-1.01,-2.61,-6.47,-9.71,-9.36,-9.63
2020-09-02,831961,25.38,24.94,25.94,24.81,4705,11349169.0,4.41,-2.77,-0.71,1.07,-0.44,-3.95,-3.99,-4.88,-4.11,-0.93,-3.39,0.2,2.34,4.59,24.78,24.13,23.76,23.69,1.76,1.36,2.04,1.8,0.16,-3.81,-7.14,-6.78,-7.06,-7.18
2020-09-03,831961,24.81,24.9,25.38,24.81,3684,9717875.0,2.29,-0.16,-0.04,0.84,-3.95,-3.99,-4.88,-4.11,-0.93,-3.39,0.2,2.34,4.59,4.55,25.0,24.28,23.87,23.69,1.53,2.21,1.97,0.32,-3.65,-6.99,-6.63,-6.91,-7.03,-5.82
2020-09-04,831961,24.76,25.15,25.28,24.53,2289,5718578.0,3.01,1.0,0.25,0.52,-2.89,-3.79,-3.02,0.2,-2.28,1.35,3.51,5.79,5.75,3.47,25.13,24.44,24.02,23.72,1.19,0.95,-0.68,-4.61,-7.91,-7.55,-7.83,-7.95,-6.76,-6.76
2020-09-07,831961,25.15,24.94,25.45,24.87,2047,5149125.0,2.31,-0.83,-0.21,0.47,-5.11,-4.34,-1.17,-3.62,-0.04,2.09,4.34,4.3,2.05,1.65,25.12,24.59,24.12,23.81,1.8,0.16,-3.81,-7.14,-6.78,-7.06,-7.18,-5.97,-5.97,-4.73
2020-09-08,831961,24.83,24.96,25.39,24.83,2318,5800854.0,2.25,0.08,0.02,0.53,-4.19,-1.01,-3.46,0.12,2.26,4.51,4.47,2.22,1.81,2.5,24.98,24.75,24.22,23.89,0.08,-3.89,-7.21,-6.85,-7.13,-7.25,-6.05,-6.05,-4.81,-6.69
2020-09-09,831961,24.9,23.77,24.98,23.5,6335,15247130.0,5.93,-4.77,-1.19,1.44,4.6,2.0,5.79,8.04,10.43,10.38,8.0,7.57,8.3,8.04,24.74,24.76,24.2,23.88,0.93,-2.57,-2.19,-2.48,-2.61,-1.35,-1.35,-0.04,-2.02,-2.23
2020-09-10,831961,23.82,22.66,23.99,22.41,4984,11443208.0,6.65,-4.67,-1.11,1.13,6.96,10.93,13.3,15.8,15.75,13.25,12.81,13.57,13.3,11.47,24.3,24.65,24.11,23.85,2.21,2.6,2.29,2.16,3.49,3.49,4.85,2.78,2.56,2.25
2020-09-11,831961,22.68,23.11,23.16,22.61,1362,3105417.0,2.43,1.99,0.45,0.31,9.95,12.3,14.77,14.73,12.25,11.81,12.56,12.3,10.48,6.1,23.89,24.51,24.06,23.83,0.61,0.3,0.17,1.47,1.47,2.81,0.78,0.56,0.26,0.39
2020-09-14,831961,23.25,22.82,23.25,22.75,1843,4227624.0,2.16,-1.25,-0.29,0.42,11.6,14.07,14.02,11.56,11.12,11.87,11.6,9.8,5.45,1.8,23.46,24.29,24.03,23.79,1.58,1.45,2.76,2.76,4.12,2.06,1.84,1.53,1.67,0.74
2020-09-15,831961,22.99,22.95,23.18,22.7,818,1877099.0,2.1,0.57,0.13,0.19,14.32,14.27,11.81,11.37,12.11,11.85,10.04,5.68,2.03,2.42,23.06,24.02,24.02,23.77,0.87,2.18,2.18,3.53,1.48,1.26,0.96,1.09,0.17,0.0
2020-09-16,831961,23.14,23.07,23.15,22.96,491,1131563.0,0.83,0.52,0.12,0.11,12.98,10.54,10.1,10.84,10.58,8.8,4.49,0.87,1.26,0.96,22.92,23.83,23.98,23.78,1.65,1.65,2.99,0.95,0.74,0.43,0.56,-0.35,-0.52,0.82
2020-09-17,831961,23.28,23.2,23.45,23.07,1019,2373456.0,1.65,0.56,0.13,0.22,10.01,9.58,10.32,10.06,8.28,3.99,0.39,0.78,0.48,0.35,23.03,23.66,23.97,23.8,1.08,2.41,0.39,0.17,-0.13,0.0,-0.91,-1.08,0.26,6.03
2020-09-18,831961,23.2,23.3,23.45,23.06,662,1540403.0,1.68,0.43,0.1,0.14,9.63,10.36,10.1,8.33,4.03,0.43,0.82,0.52,0.39,1.69,23.07,23.48,23.96,23.84,1.97,-0.04,-0.26,-0.56,-0.43,-1.33,-1.5,-0.17,5.58,10.73
2020-09-21,831961,23.48,23.23,23.76,23.2,709,1659810.0,2.4,-0.3,-0.07,0.15,9.7,9.44,7.67,3.41,-0.17,0.22,-0.09,-0.22,1.08,1.08,23.15,23.31,23.95,23.85,0.26,0.04,-0.26,-0.13,-1.03,-1.21,0.13,5.9,11.06,9.6
2020-09-22,831961,23.09,23.23,23.29,23.06,458,1058304.0,0.99,0.0,0.0,0.1,10.1,8.33,4.03,0.43,0.82,0.52,0.39,1.69,1.69,3.04,23.21,23.13,23.94,23.86,0.04,-0.26,-0.13,-1.03,-1.21,0.13,5.9,11.06,9.6,10.46
2020-09-23,831961,23.11,23.19,23.24,22.96,338,781252.0,1.21,-0.17,-0.04,0.07,8.8,4.49,0.87,1.26,0.96,0.83,2.13,2.13,3.48,1.44,23.23,23.08,23.92,23.82,-0.09,0.04,-0.86,-1.03,0.3,6.08,11.25,9.79,10.65,8.45
2020-09-24,831961,23.05,23.0,23.17,22.9,648,1489989.0,1.16,-0.82,-0.19,0.14,4.76,1.14,1.53,1.22,1.09,2.4,2.4,3.76,1.7,1.48,23.19,23.11,23.88,23.78,0.87,-0.04,-0.22,1.13,6.96,12.17,10.7,11.57,9.35,6.43
2020-09-25,831961,22.98,23.03,23.2,22.8,2172,5011066.0,1.74,0.13,0.03,0.47,1.58,1.97,1.67,1.54,2.85,2.85,4.21,2.15,1.93,1.62,23.14,23.1,23.81,23.74,-0.17,-0.35,1.0,6.82,12.03,10.55,11.42,9.21,6.3,8.34
2020-09-28,831961,22.85,22.65,22.99,22.62,836,1904509.0,1.61,-1.65,-0.38,0.18,2.79,2.48,2.34,3.67,3.67,5.04,2.96,2.74,2.43,2.56,23.02,23.09,23.69,23.72,1.32,2.69,8.61,13.91,12.41,13.29,11.04,8.08,10.15,11.61
2020-09-29,831961,22.8,22.7,22.95,22.35,928,2101850.0,2.65,0.22,0.05,0.2,3.71,3.58,4.92,4.92,6.31,4.21,3.98,3.67,3.8,2.86,22.91,23.06,23.54,23.7,2.47,8.37,13.66,12.16,13.04,10.79,7.84,9.91,11.37,11.5
2020-09-30,831961,22.78,22.89,23.26,22.7,1092,2502722.0,2.47,0.84,0.19,0.24,1.98,3.3,3.3,4.67,2.6,2.38,2.07,2.2,1.28,1.1,22.85,23.04,23.44,23.67,7.47,12.71,11.23,12.1,9.87,6.95,9.0,10.44,10.57,10.44
2020-10-09,831961,22.88,24.0,24.6,22.88,3711,8743280.0,7.51,4.85,1.11,0.81,2.49,2.49,3.85,1.79,1.57,1.27,1.4,0.48,0.31,1.66,23.05,23.12,23.39,23.69,7.5,6.08,6.92,4.79,2.0,3.96,5.33,5.46,5.33,6.17
2020-10-12,831961,24.29,24.98,25.8,24.29,6520,16415786.0,6.29,4.08,0.98,1.42,-3.46,-2.18,-4.12,-4.32,-4.61,-4.49,-5.35,-5.52,-4.24,1.28,23.44,23.29,23.38,23.74,1.92,2.72,0.68,-2.0,-0.12,1.2,1.32,1.2,2.0,-4.52
2020-10-13,831961,25.04,25.4,25.46,25.04,3745,9462559.0,1.68,1.68,0.42,0.82,-5.11,-6.99,-7.19,-7.47,-7.35,-8.19,-8.35,-7.11,-1.76,3.04,23.99,23.51,23.41,23.8,1.02,-0.98,-3.62,-1.77,-0.47,-0.35,-0.47,0.31,-6.1,-12.6
2020-10-14,831961,25.45,25.08,25.66,24.83,3763,9494378.0,3.27,-1.26,-0.32,0.82,-6.2,-6.4,-6.69,-6.56,-7.41,-7.57,-6.32,-0.93,3.91,2.54,24.47,23.69,23.41,23.86,0.28,-2.39,-0.52,0.8,0.92,0.8,1.59,-4.9,-11.48,-9.61
2020-10-15,831961,24.81,24.25,25.15,24.23,2475,6102944.0,3.67,-3.31,-0.83,0.54,-4.09,-4.37,-4.25,-5.12,-5.28,-4.0,1.53,6.48,5.08,5.9,24.74,23.8,23.44,23.88,0.95,2.89,4.25,4.37,4.25,5.07,-1.65,-8.45,-6.52,-6.97
2020-10-16,831961,24.45,24.26,24.48,24.0,1358,3290200.0,1.98,0.04,0.01,0.3,-3.46,-3.33,-4.21,-4.38,-3.08,2.5,7.5,6.08,6.92,4.79,24.79,23.92,23.52,23.89,2.84,4.2,4.33,4.2,5.03,-1.69,-8.49,-6.55,-7.01,-7.25
2020-10-19,831961,24.5,24.66,24.95,24.41,2004,4952277.0,2.23,1.65,0.4,0.44,-4.96,-5.82,-5.98,-4.71,0.78,5.69,4.3,5.12,3.03,0.29,24.73,24.09,23.59,23.9,2.51,2.64,2.51,3.33,-3.28,-9.98,-8.07,-8.52,-8.76,-9.89
2020-10-20,831961,24.88,25.14,25.28,24.7,2232,5566931.0,2.35,1.95,0.48,0.49,-6.92,-7.09,-5.83,-0.4,4.45,3.08,3.89,1.82,-0.89,1.01,24.68,24.34,23.71,23.9,0.68,0.56,1.35,-5.13,-11.69,-9.82,-10.26,-10.5,-11.61,-12.93
2020-10-21,831961,25.14,24.89,25.31,24.85,1921,4795119.0,1.83,-0.99,-0.25,0.42,-7.65,-6.4,-1.01,3.82,2.45,3.26,1.21,-1.49,0.4,1.73,24.64,24.56,23.81,23.88,1.57,2.37,-4.18,-10.81,-8.92,-9.36,-9.6,-10.73,-12.05,-13.98
2020-10-22,831961,24.99,25.02,25.28,24.8,1738,4331555.0,1.93,0.52,0.13,0.38,-6.21,-0.81,4.03,2.66,3.47,1.41,-1.29,0.6,1.94,2.06,24.79,24.77,23.9,23.88,1.84,-4.68,-11.27,-9.39,-9.83,-10.07,-11.19,-12.51,-14.43,-13.39
2020-10-23,831961,25.15,25.13,25.48,25.0,2824,7145012.0,1.92,0.44,0.11,0.62,-1.6,3.2,1.84,2.64,0.6,-2.08,-0.2,1.12,1.24,1.12,24.97,24.88,24.0,23.89,-5.09,-11.66,-9.79,-10.23,-10.47,-11.58,-12.89,-14.8,-13.77,-14.05
2020-10-26,831961,23.85,21.66,23.85,21.11,17871,39494906.0,10.9,-13.81,-3.47,3.89,22.22,20.61,21.55,19.14,15.96,18.19,19.75,19.9,19.75,20.7,24.37,24.55,23.92,23.77,2.49,4.66,4.16,3.88,2.59,1.06,-1.15,0.05,-0.28,0.46
2020-10-27,831961,21.39,22.05,22.2,21.36,2469,5362456.0,3.88,1.8,0.39,0.54,19.19,20.13,17.74,14.61,16.81,18.35,18.49,18.35,19.29,11.66,23.75,24.21,23.86,23.68,2.81,2.31,2.04,0.77,-0.73,-2.9,-1.72,-2.04,-1.32,0.23
2020-10-28,831961,22.07,22.41,22.67,22.05,2016,4490243.0,2.81,1.63,0.36,0.44,16.37,14.06,11.02,13.15,14.65,14.78,14.65,15.56,8.16,0.68,23.25,23.95,23.82,23.59,0.67,0.4,-0.85,-2.32,-4.46,-3.3,-3.61,-2.9,-1.38,-3.35
2020-10-29,831961,22.08,22.42,22.56,22.05,1499,3355008.0,2.28,0.04,0.01,0.33,14.06,11.02,13.15,14.65,14.78,14.65,15.56,8.16,0.68,2.81,22.73,23.76,23.78,23.55,0.36,-0.89,-2.36,-4.5,-3.35,-3.66,-2.94,-1.43,-3.39,-4.73
2020-10-30,831961,22.11,22.22,22.5,21.81,1324,2945187.0,3.08,-0.89,-0.2,0.29,12.24,14.4,15.91,16.05,15.91,16.83,9.35,1.79,3.94,3.44,22.15,23.56,23.74,23.53,0.0,-1.49,-3.65,-2.48,-2.79,-2.07,-0.54,-2.52,-3.87,-3.96
2020-11-02,831961,22.22,21.27,22.22,21.0,2643,5700844.0,5.49,-4.28,-0.95,0.58,18.81,20.38,20.52,20.38,21.33,13.57,5.71,7.95,7.43,7.14,22.07,23.22,23.65,23.47,2.91,0.66,1.88,1.55,2.3,3.9,1.83,0.42,0.33,0.14
2020-11-03,831961,21.23,21.3,21.89,21.2,1205,2564482.0,3.24,0.14,0.03,0.26,19.25,19.39,19.25,20.19,12.5,4.72,6.93,6.42,6.13,4.81,21.92,22.84,23.59,23.42,0.52,1.74,1.41,2.16,3.76,1.69,0.28,0.19,0.0,-0.05
2020-11-04,831961,21.25,21.3,21.41,21.2,693,1474512.0,0.99,0.0,0.0,0.15,19.39,19.25,20.19,12.5,4.72,6.93,6.42,6.13,4.81,3.25,21.7,22.48,23.52,23.36,1.74,1.41,2.16,3.76,1.69,0.28,0.19,0.0,-0.05,-1.36
2020-11-05,831961,21.67,21.48,21.67,21.23,770,1645067.0,2.07,0.85,0.18,0.17,19.08,20.02,12.34,4.57,6.78,6.26,5.98,4.66,3.11,0.85,21.51,22.12,23.45,23.31,0.56,1.3,2.89,0.84,-0.56,-0.65,-0.84,-0.88,-2.19,-3.63
2020-11-06,831961,21.5,21.45,21.6,21.33,525,1121753.0,1.26,-0.14,-0.03,0.11,19.46,11.81,4.08,6.28,5.77,5.49,4.17,2.63,0.38,1.59,21.36,21.76,23.32,23.25,1.45,3.03,0.98,-0.42,-0.51,-0.7,-0.75,-2.05,-3.5,-4.01
2020-11-09,831961,21.42,21.6,21.76,21.41,1484,3383195.0,1.63,0.7,0.15,0.32,11.4,3.69,5.89,5.37,5.09,3.78,2.24,0.0,1.21,0.89,21.43,21.75,23.15,23.2,2.31,0.28,-1.11,-1.2,-1.39,-1.44,-2.73,-4.17,-4.68,-4.03
2020-11-10,831961,22.1,21.34,22.1,21.34,655,1409333.0,3.52,-1.2,-0.26,0.14,4.03,6.23,5.72,5.44,4.12,2.58,0.33,1.55,1.22,1.97,21.43,21.68,22.95,23.13,1.5,0.09,0.0,-0.19,-0.23,-1.55,-3.0,-3.51,-2.86,-2.95
2020-11-11,831961,21.66,21.17,21.66,21.08,748,1586187.0,2.72,-0.8,-0.17,0.16,7.54,7.02,6.74,5.41,3.84,1.57,2.8,2.47,3.23,4.84,21.41,21.56,22.75,23.06,0.9,0.8,0.61,0.57,-0.76,-2.22,-2.74,-2.08,-2.17,-2.88
2020-11-12,831961,21.36,21.12,21.36,21.05,488,1030572.0,1.46,-0.24,-0.05,0.11,7.17,6.89,5.56,3.99,1.71,2.95,2.61,3.37,4.99,2.9,21.34,21.43,22.59,23.0,1.04,0.85,0.8,-0.52,-1.99,-2.51,-1.85,-1.94,-2.65,-3.08
2020-11-13,831961,21.13,21.05,21.34,21.0,976,2052566.0,1.61,-0.33,-0.07,0.21,7.14,5.81,4.24,1.95,3.19,2.86,3.62,5.24,3.14,1.71,21.26,21.31,22.43,22.93,1.19,1.14,-0.19,-1.66,-2.19,-1.52,-1.62,-2.33,-2.76,0.38
2020-11-16,831961,21.28,20.9,21.3,20.83,1637,3435887.0,2.23,-0.71,-0.15,0.36,6.67,5.09,2.78,4.03,3.7,4.46,6.1,3.98,2.54,2.45,21.12,21.27,22.25,22.86,1.87,0.53,-0.96,-1.48,-0.81,-0.91,-1.63,-2.06,1.1,9.52
2020-11-17,831961,21.27,20.99,21.29,20.72,996,2085932.0,2.73,0.43,0.09,0.22,5.65,3.33,4.58,4.25,5.02,6.66,4.54,3.09,2.99,2.8,21.05,21.24,22.04,22.8,0.1,-1.38,-1.91,-1.24,-1.33,-2.05,-2.48,0.67,9.05,9.1
2020-11-18,831961,20.81,20.76,21.01,20.74,1223,2544102.0,1.29,-1.1,-0.23,0.27,3.23,4.48,4.15,4.92,6.56,4.44,2.99,2.89,2.7,2.65,20.96,21.19,21.83,22.74,-0.29,-0.82,-0.14,-0.24,-0.96,-1.4,1.78,10.26,10.31,11.8
2020-11-19,831961,20.7,20.51,20.7,20.44,3157,6483508.0,1.25,-1.2,-0.25,0.69,6.02,5.68,6.46,8.12,5.97,4.5,4.4,4.21,4.16,2.79,20.84,21.09,21.61,22.66,0.39,1.07,0.98,0.24,-0.2,3.02,11.6,11.65,13.16,7.51
2020-11-20,831961,20.34,20.52,20.59,20.34,770,1573909.0,1.22,0.05,0.01,0.17,6.19,6.98,8.65,6.49,5.01,4.92,4.72,4.67,3.29,1.77,20.74,21.0,21.38,22.54,1.02,0.93,0.19,-0.24,2.97,11.55,11.6,13.11,7.46,8.14
2020-11-23,831961,20.34,20.66,20.73,20.34,1109,2247958.0,1.9,0.68,0.14,0.24,6.98,8.65,6.49,5.01,4.92,4.72,4.67,3.29,1.77,1.23,20.69,20.9,21.33,22.4,0.24,-0.48,-0.92,2.27,10.79,10.84,12.34,6.73,7.41,8.86
2020-11-24,831961,20.41,20.53,20.71,20.41,380,782192.0,1.45,-0.63,-0.13,0.08,8.28,6.12,4.65,4.56,4.36,4.31,2.94,1.42,0.88,1.57,20.6,20.82,21.25,22.24,0.15,-0.29,2.92,11.5,11.54,13.05,7.4,8.09,9.55,8.23
2020-11-25,831961,20.55,20.28,20.56,20.27,1269,2593525.0,1.41,-1.22,-0.25,0.28,6.86,5.38,5.28,5.08,5.03,3.65,2.12,1.58,2.27,2.17,20.5,20.73,21.14,22.08,0.94,4.19,12.87,12.92,14.45,8.73,9.42,10.9,9.57,8.97
2020-11-26,831961,20.32,20.25,20.47,20.21,1077,2196690.0,1.28,-0.15,-0.03,0.23,5.69,5.59,5.39,5.34,3.96,2.42,1.88,2.57,2.47,1.73,20.45,20.65,21.03,21.94,4.35,13.04,13.09,14.62,8.89,9.58,11.06,9.73,9.14,6.67
2020-11-27,831961,20.24,20.9,21.13,20.14,1588,3231647.0,4.89,3.21,0.65,0.35,5.96,5.76,5.71,4.32,2.78,2.23,2.93,2.83,2.09,1.64,20.52,20.63,20.97,21.83,9.52,9.57,11.05,5.5,6.17,7.61,6.32,5.74,3.35,3.25
2020-11-30,831961,22.51,21.7,22.89,21.58,5076,11272388.0,6.27,3.83,0.8,1.11,-1.3,-1.34,-2.64,-4.08,-4.59,-3.94,-4.03,-4.73,-5.14,-2.09,20.73,20.71,20.99,21.73,5.53,6.96,1.61,2.26,3.64,2.4,1.84,-0.46,-0.55,1.98
2020-12-01,831961,21.69,22.77,22.9,21.59,7635,17009331.0,6.04,4.93,1.07,1.66,-1.39,-2.69,-4.12,-4.63,-3.98,-4.08,-4.77,-5.19,-2.13,6.02,21.18,20.89,21.06,21.65,1.93,-3.16,-2.55,-1.23,-2.42,-2.94,-5.14,-5.23,-2.81,-5.58
2020-12-02,831961,22.77,22.21,23.21,22.15,3911,8818686.0,4.66,-2.46,-0.56,0.85,-5.15,-6.55,-7.04,-6.41,-6.5,-7.18,-7.58,-4.6,3.34,3.39,21.57,21.03,21.11,21.57,-0.72,-0.09,1.26,0.05,-0.5,-2.75,-2.84,-0.36,-3.2,0.05
2020-12-03,831961,22.05,21.56,22.05,21.5,3085,6695989.0,2.48,-2.93,-0.65,0.67,-3.72,-4.23,-3.58,-3.67,-4.37,-4.79,-1.72,6.47,6.51,7.95,21.83,21.14,21.11,21.45,2.92,4.31,3.06,2.5,0.19,0.09,2.64,-0.28,3.06,3.43
2020-12-04,831961,22.0,22.18,22.19,21.55,1102,2413919.0,2.97,2.88,0.62,0.24,-4.45,-3.81,-3.9,-4.59,-5.01,-1.95,6.22,6.26,7.7,2.32,22.08,21.3,21.15,21.35,1.4,0.18,-0.36,-2.61,-2.71,-0.23,-3.07,0.18,0.54,3.2
2020-12-07,831961,22.02,22.17,22.49,22.02,762,1692481.0,2.12,-0.05,-0.01,0.17,-5.86,-5.95,-6.63,-7.04,-4.04,3.95,4.0,5.4,0.14,0.77,22.18,21.46,21.18,21.37,0.23,-0.32,-2.57,-2.66,-0.18,-3.02,0.23,0.59,3.25,8.16
2020-12-08,831961,22.01,22.08,22.22,22.01,557,1231854.0,0.95,-0.41,-0.09,0.12,-5.91,-6.59,-7.0,-4.0,4.0,4.04,5.45,0.18,0.82,2.18,22.04,21.61,21.22,21.37,0.09,-2.17,-2.26,0.23,-2.63,0.63,1.0,3.67,8.61,10.96
2020-12-09,831961,21.91,21.43,22.1,21.35,1257,2723731.0,3.4,-2.94,-0.65,0.27,-3.7,-4.12,-1.03,7.21,7.26,8.71,3.28,3.93,5.34,4.07,21.88,21.73,21.23,21.34,0.79,0.7,3.27,0.33,3.69,4.06,6.81,11.9,14.33,12.51
2020-12-10,831961,21.46,21.44,21.6,21.36,1359,2913757.0,1.12,0.05,0.01,0.3,-4.17,-1.08,7.16,7.21,8.66,3.23,3.89,5.29,4.03,3.46,21.86,21.84,21.24,21.3,0.65,3.22,0.28,3.64,4.01,6.76,11.85,14.27,12.45,12.36
2020-12-11,831961,21.48,21.4,21.58,21.38,1430,3068193.0,0.93,-0.19,-0.04,0.31,-1.17,7.06,7.11,8.56,3.13,3.79,5.19,3.93,3.37,1.03,21.7,21.89,21.26,21.28,3.41,0.47,3.83,4.21,6.96,12.06,14.49,12.66,12.57,10.75
2020-12-14,831961,21.4,21.4,22.13,21.31,1619,3499937.0,3.83,0.0,0.0,0.35,7.41,7.46,8.92,3.47,4.13,5.54,4.27,3.71,1.36,1.27,21.55,21.86,21.29,21.28,0.47,3.83,4.21,6.96,12.06,14.49,12.66,12.57,10.75,12.48
2020-12-15,831961,21.3,21.43,21.5,21.14,778,1657459.0,1.68,0.14,0.03,0.17,8.33,9.79,4.3,4.97,6.39,5.11,4.54,2.18,2.08,4.68,21.42,21.73,21.31,21.29,3.69,4.06,6.81,11.9,14.33,12.51,12.41,10.59,12.32,12.41
2020-12-16,831961,21.18,22.0,22.22,21.18,1501,3233336.0,4.85,2.66,0.57,0.33,9.58,4.11,4.77,6.19,4.91,4.34,1.98,1.89,4.49,1.51,21.53,21.71,21.37,21.31,1.36,4.05,9.0,11.36,9.59,9.5,7.73,9.41,9.5,9.55
2020-12-17,831961,21.65,22.23,22.3,21.63,2694,5936313.0,3.05,1.05,0.23,0.59,1.94,2.59,3.98,2.73,2.17,-0.14,-0.23,2.31,-0.6,2.73,21.69,21.78,21.46,21.33,2.97,7.87,10.21,8.46,8.37,6.61,8.28,8.37,8.41,7.92
2020-12-18,831961,22.27,22.64,22.89,22.05,3206,7233648.0,3.78,1.84,0.41,0.7,0.63,2.0,0.77,0.23,-2.04,-2.13,0.36,-2.49,0.77,1.13,21.94,21.82,21.56,21.37,5.92,8.22,6.49,6.4,4.68,6.32,6.4,6.45,5.96,9.5
2020-12-21,831961,22.96,23.78,23.98,22.53,3650,8553511.0,6.4,5.04,1.14,0.79,-0.18,-1.38,-1.91,-4.13,-4.22,-1.78,-4.57,-1.38,-1.02,1.6,22.42,21.98,21.72,21.45,3.03,1.39,1.3,-0.34,1.22,1.3,1.35,0.88,4.25,4.71
2020-12-22,831961,23.77,23.77,24.5,23.61,5230,12598957.0,3.74,-0.04,-0.01,1.14,-5.89,-6.4,-8.51,-8.6,-6.27,-8.94,-5.89,-5.55,-3.05,1.57,22.88,22.15,21.88,21.53,1.43,1.35,-0.29,1.26,1.35,1.39,0.93,4.29,4.75,4.75
2020-12-23,831961,23.9,23.99,24.11,23.6,1466,3505617.0,2.15,0.93,0.22,0.32,-6.36,-8.47,-8.56,-6.23,-8.9,-5.85,-5.51,-3.01,1.61,3.81,23.28,22.41,22.07,21.62,0.42,-1.21,0.33,0.42,0.46,0.0,3.33,3.79,3.79,3.0
2020-12-24,831961,23.98,23.69,24.09,23.5,1807,4306106.0,2.46,-1.25,-0.3,0.39,-8.09,-8.17,-5.83,-8.51,-5.45,-5.11,-2.6,2.04,4.26,2.6,23.57,22.63,22.24,21.71,0.04,1.6,1.69,1.73,1.27,4.64,5.11,5.11,4.31,1.35
2020-12-25,831961,23.68,23.43,23.7,23.18,881,2061077.0,2.2,-1.1,-0.26,0.19,-6.9,-4.53,-7.25,-4.14,-3.8,-1.25,3.45,5.69,4.01,3.93,23.73,22.84,22.36,21.79,2.73,2.82,2.86,2.39,5.8,6.27,6.27,5.46,2.48,1.88
2020-12-28,831961,24.01,23.92,24.07,23.51,2395,5735467.0,2.39,2.09,0.49,0.52,-5.87,-8.55,-5.49,-5.15,-2.64,2.0,4.21,2.55,2.47,0.81,23.76,23.09,22.48,21.89,0.71,0.75,0.29,3.64,4.1,4.1,3.3,0.38,-0.21,-0.21
2020-12-29,831961,23.93,23.5,24.09,23.5,1987,4729862.0,2.47,-1.76,-0.42,0.43,-8.51,-5.45,-5.11,-2.6,2.04,4.26,2.6,2.51,0.85,2.43,23.71,23.3,22.51,21.97,2.55,2.09,5.49,5.96,5.96,5.15,2.17,1.57,1.57,1.15
2020-12-30,831961,23.5,23.78,24.1,23.5,1251,2967561.0,2.55,1.19,0.28,0.27,-5.45,-5.11,-2.6,2.04,4.26,2.6,2.51,0.85,2.43,2.51,23.66,23.47,22.59,22.07,0.88,4.25,4.71,4.71,3.91,0.97,0.38,0.38,-0.04,0.88
2020-12-31,831961,23.79,23.99,23.99,23.56,818,1942935.0,1.81,0.88,0.21,0.18,-5.35,-2.84,1.78,3.99,2.33,2.25,0.59,2.16,2.25,2.29,23.72,23.65,22.71,22.19,3.33,3.79,3.79,3.0,0.08,-0.5,-0.5,-0.92,0.0,0.04
2021-01-04,831961,24.08,24.67,24.79,24.03,2396,5863087.0,3.17,2.83,0.68,0.52,-4.74,-0.21,1.96,0.33,0.25,-1.37,0.17,0.25,0.29,-0.17,23.97,23.85,22.84,22.33,0.93,0.93,0.16,-2.68,-3.24,-3.24,-3.65,-2.76,-2.72,-1.66
2021-01-05,831961,24.8,24.5,24.9,24.5,1921,4735444.0,1.62,-0.69,-0.17,0.42,-2.12,0.0,-1.59,-1.67,-3.27,-1.76,-1.67,-1.63,-2.08,1.18,24.09,23.92,22.95,22.45,1.63,0.86,-2.0,-2.57,-2.57,-2.98,-2.08,-2.04,-0.98,1.55
2021-01-06,831961,24.5,24.58,24.9,24.4,1108,2742176.0,2.04,0.33,0.08,0.24,0.41,-1.19,-1.27,-2.87,-1.35,-1.27,-1.23,-1.68,1.6,2.05,24.3,24.01,23.08,22.59,0.53,-2.32,-2.89,-2.89,-3.3,-2.4,-2.36,-1.3,1.22,1.67
2021-01-07,831961,24.51,24.37,24.71,23.78,1743,4240664.0,3.78,-0.85,-0.21,0.38,1.39,1.3,-0.34,1.22,1.3,1.35,0.88,4.25,4.71,4.71,24.42,24.04,23.23,22.73,-1.48,-2.05,-2.05,-2.46,-1.56,-1.52,-0.45,2.09,2.54,3.08
2021-01-08,831961,24.01,23.64,24.01,23.4,2111,4984098.0,2.5,-3.0,-0.73,0.46,2.95,1.28,2.86,2.95,2.99,2.52,5.94,6.41,6.41,5.6,24.35,24.04,23.34,22.84,0.97,0.97,0.55,1.48,1.52,2.62,5.25,5.71,6.26,9.35
2021-01-11,831961,23.5,23.58,23.87,23.43,3138,7421922.0,1.86,-0.25,-0.06,0.68,1.15,2.73,2.82,2.86,2.39,5.8,6.27,6.27,5.46,2.48,24.13,24.05,23.44,22.93,1.23,0.81,1.74,1.78,2.88,5.51,5.98,6.53,9.63,9.92
2021-01-12,831961,23.5,23.66,23.87,23.5,1322,3120954.0,1.57,0.34,0.08,0.29,2.43,2.51,2.55,2.09,5.49,5.96,5.96,5.15,2.17,1.57,23.97,24.03,23.56,22.99,0.46,1.39,1.44,2.54,5.16,5.62,6.17,9.26,9.55,5.45
2021-01-13,831961,23.1,23.52,23.77,23.1,1557,3650716.0,2.83,-0.59,-0.14,0.34,4.29,4.33,3.85,7.32,7.79,7.79,6.97,3.94,3.33,3.33,23.75,24.03,23.66,23.02,2.0,2.04,3.15,5.78,6.25,6.8,9.91,10.2,6.08,4.93
2021-01-14,831961,23.41,23.52,23.99,23.23,1066,2510633.0,3.23,0.0,0.0,0.23,3.75,3.27,6.72,7.19,7.19,6.37,3.36,2.76,2.76,2.32,23.58,24.0,23.74,23.06,2.04,3.15,5.78,6.25,6.8,9.91,10.2,6.08,4.93,5.19
2021-01-15,831961,24.0,23.8,24.0,23.6,1181,2808324.0,1.7,1.19,0.28,0.26,1.65,5.04,5.51,5.51,4.7,1.74,1.14,1.14,0.72,1.65,23.62,23.98,23.82,23.14,1.93,4.54,5.0,5.55,8.61,8.91,4.83,3.7,3.95,4.33
2021-01-18,831961,23.8,24.26,24.26,23.58,2805,6732134.0,2.86,1.93,0.46,0.61,5.13,5.6,5.6,4.79,1.82,1.23,1.23,0.81,1.74,1.78,23.75,23.94,23.9,23.21,2.56,3.01,3.54,6.55,6.84,2.84,1.73,1.98,2.35,8.0
2021-01-19,831961,24.4,24.59,24.88,23.98,1460,3550047.0,3.71,1.36,0.33,0.32,3.84,3.84,3.04,0.13,-0.46,-0.46,-0.88,0.04,0.08,1.17,23.94,23.95,23.94,23.29,1.63,2.16,5.12,5.41,1.46,0.37,0.61,0.98,6.55,5.08
2021-01-20,831961,24.58,24.86,24.99,24.32,3914,9700468.0,2.72,1.1,0.27,0.85,2.38,1.6,-1.27,-1.85,-1.85,-2.26,-1.36,-1.32,-0.25,2.3,24.21,23.98,23.99,23.38,1.05,3.98,4.26,0.36,-0.72,-0.48,-0.12,5.39,3.94,3.3
2021-01-21,831961,24.83,24.96,25.12,24.83,3289,8220155.0,1.17,0.4,0.1,0.72,-0.48,-3.3,-3.87,-3.87,-4.27,-3.38,-3.34,-2.3,0.2,0.64,24.49,24.04,24.04,23.5,3.57,3.85,-0.04,-1.12,-0.88,-0.52,4.97,3.53,2.88,-2.24
2021-01-22,831961,25.49,25.75,25.85,25.19,7753,19955976.0,2.64,3.17,0.79,1.69,-4.68,-5.24,-5.24,-5.64,-4.76,-4.72,-3.69,-1.23,-0.79,-0.28,24.88,24.25,24.14,23.64,0.66,-3.11,-4.16,-3.92,-3.57,1.75,0.35,-0.27,-5.24,-4.12
2021-01-25,831961,25.88,24.85,25.92,24.5,3801,9466132.0,5.51,-3.5,-0.9,0.83,-2.57,-2.57,-2.98,-2.08,-2.04,-0.98,1.55,2.0,2.53,5.51,25.0,24.38,24.21,23.76,0.4,-0.68,-0.44,-0.08,5.43,3.98,3.34,-1.81,-0.64,-4.19
2021-01-26,831961,24.95,24.2,24.95,24.08,2770,6382794.0,3.5,-2.62,-0.65,0.6,-0.87,-1.29,-0.37,-0.33,0.75,3.32,3.78,4.32,7.35,7.64,24.92,24.43,24.23,23.85,1.98,2.23,2.6,8.26,6.78,6.12,0.83,2.02,-1.61,-1.32
2021-01-27,831961,24.36,24.23,24.68,24.18,1045,2561393.0,2.07,0.12,0.03,0.23,-1.7,-0.79,-0.74,0.33,2.89,3.35,3.89,6.91,7.2,3.18,24.8,24.5,24.27,23.94,2.1,2.48,8.13,6.64,5.98,0.7,1.9,-1.73,-1.44,-1.32
2021-01-28,831961,24.39,24.53,24.74,24.15,1289,3140272.0,2.43,1.24,0.3,0.28,-0.66,-0.62,0.46,3.02,3.48,4.02,7.04,7.33,3.31,2.19,24.71,24.6,24.3,24.03,1.22,6.81,5.34,4.69,-0.53,0.65,-2.94,-2.65,-2.53,-0.86
2021-01-29,831961,24.67,24.54,24.83,24.2,1242,3068539.0,2.57,0.04,0.01,0.27,-0.83,0.25,2.81,3.26,3.8,6.82,7.11,3.1,1.98,2.23,24.47,24.68,24.33,24.1,6.76,5.3,4.65,-0.57,0.61,-2.97,-2.69,-2.57,-0.9,-1.39
2021-02-01,831961,25.55,25.58,26.2,25.02,4403,11237112.0,4.81,4.24,1.04,0.96,-3.04,-0.56,-0.12,0.4,3.32,3.6,-0.28,-1.36,-1.12,-0.76,24.62,24.81,24.38,24.2,1.02,0.39,-4.61,-3.48,-6.92,-6.65,-6.53,-4.93,-5.39,-5.75
2021-02-02,831961,25.84,25.59,25.84,25.39,1541,3945491.0,1.76,0.04,0.01,0.34,-2.01,-1.58,-1.06,1.81,2.09,-1.73,-2.8,-2.56,-2.21,3.19,24.89,24.91,24.43,24.26,0.35,-4.65,-3.52,-6.96,-6.68,-6.57,-4.96,-5.43,-5.78,-5.67
2021-02-03,831961,25.22,24.6,25.68,24.51,2443,6064621.0,4.57,-3.87,-0.99,0.53,1.96,2.49,5.47,5.75,1.8,0.69,0.94,1.31,6.9,5.43,24.97,24.88,24.43,24.29,-0.81,0.37,-3.21,-2.93,-2.8,-1.14,-1.63,-1.99,-1.87,-3.25
2021-02-04,831961,24.4,23.95,24.4,23.65,2719,6511311.0,3.05,-2.64,-0.65,0.59,6.22,9.3,9.6,5.5,4.36,4.61,4.99,10.78,9.26,8.58,24.85,24.78,24.41,24.29,3.09,-0.58,-0.29,-0.17,1.54,1.04,0.67,0.79,-0.63,0.63
2021-02-05,831961,23.85,23.44,24.69,23.4,2603,6253146.0,5.39,-2.13,-0.51,0.54,10.47,10.77,6.62,5.47,5.73,6.11,11.97,10.43,9.74,4.27,24.63,24.55,24.4,24.28,1.58,1.88,2.01,3.75,3.24,2.86,2.99,1.54,2.82,2.73
2021-02-08,831961,23.32,23.69,23.81,23.27,2378,5578420.0,2.3,1.07,0.25,0.49,11.39,7.22,6.06,6.32,6.7,12.59,11.04,10.36,4.86,6.1,24.25,24.44,24.41,24.29,0.8,0.93,2.66,2.15,1.77,1.9,0.46,1.73,1.65,6.71
2021-02-09,831961,23.77,23.76,23.88,23.41,2304,5434478.0,1.98,0.3,0.07,0.48,6.58,5.43,5.68,6.07,11.92,10.38,9.7,4.23,5.47,1.71,23.89,24.39,24.41,24.28,0.63,2.36,1.85,1.47,1.6,0.17,1.43,1.35,6.4,6.61
2021-02-10,831961,23.7,23.91,23.91,23.35,739,1739199.0,2.36,0.63,0.15,0.15,5.7,5.95,6.34,12.21,10.66,9.98,4.5,5.74,1.97,2.27,23.75,24.36,24.43,24.3,1.71,1.21,0.84,0.96,-0.46,0.79,0.71,5.73,5.94,6.86
2021-02-18,831961,24.0,24.22,24.32,23.92,1479,3560927.0,1.67,1.3,0.31,0.31,3.43,3.8,9.53,8.03,7.36,2.01,3.22,-0.46,-0.17,-0.04,23.8,24.33,24.47,24.31,-0.08,-0.45,-0.33,-1.73,-0.5,-0.58,4.38,4.58,5.49,6.36
2021-02-19,831961,24.0,24.08,24.2,23.85,1156,2770581.0,1.45,-0.58,-0.14,0.24,4.11,9.85,8.34,7.67,2.31,3.52,-0.17,0.13,0.25,1.97,23.93,24.28,24.48,24.31,0.12,0.25,-1.16,0.08,0.0,4.98,5.19,6.1,6.98,5.19
2021-02-22,831961,23.92,23.94,24.11,23.52,1017,2425611.0,2.45,-0.58,-0.14,0.21,11.39,9.86,9.18,3.74,4.97,1.23,1.53,1.66,3.4,2.89,23.98,24.12,24.46,24.29,0.84,-0.58,0.67,0.58,5.6,5.81,6.73,7.6,5.81,7.14
2021-02-23,831961,23.9,23.6,24.14,23.51,845,2000433.0,2.63,-1.42,-0.34,0.17,9.91,9.23,3.79,5.02,1.28,1.57,1.7,3.45,2.93,2.55,23.95,23.92,24.41,24.26,0.85,2.12,2.03,7.12,7.33,8.26,9.15,7.33,8.69,6.78
2021-02-24,831961,23.58,23.8,23.8,23.5,659,1558433.0,1.27,0.85,0.2,0.14,9.28,3.83,5.06,1.32,1.62,1.74,3.49,2.98,2.6,2.72,23.93,23.84,24.36,24.23,1.26,1.18,6.22,6.43,7.35,8.24,6.43,7.77,5.88,5.8
2021-02-25,831961,24.1,23.99,24.1,23.68,734,1753958.0,1.76,0.8,0.19,0.15,3.04,4.27,0.55,0.84,0.97,2.7,2.2,1.82,1.94,0.51,23.88,23.84,24.31,24.22,0.38,5.38,5.59,6.5,7.38,5.59,6.92,5.04,4.96,4.54
2021-02-26,831961,23.64,24.06,24.08,23.63,697,1666013.0,1.88,0.29,0.07,0.14,4.49,0.76,1.06,1.18,2.92,2.41,2.03,2.16,0.72,1.99,23.88,23.91,24.23,24.24,5.07,5.28,6.19,7.07,5.28,6.61,4.74,4.66,4.24,4.32
2021-03-01,831961,25.12,24.91,25.28,24.51,3583,8915911.0,3.2,3.53,0.85,0.74,-2.86,-2.57,-2.45,-0.78,-1.26,-1.63,-1.51,-2.9,-1.67,-1.75,24.07,24.03,24.23,24.28,1.69,2.57,3.41,1.69,2.97,1.16,1.08,0.68,0.76,2.29
2021-03-02,831961,24.88,24.89,25.33,24.81,1355,3399290.0,2.09,-0.08,-0.02,0.28,-3.75,-3.63,-1.98,-2.46,-2.82,-2.7,-4.07,-2.86,-2.94,1.89,24.33,24.14,24.27,24.32,2.65,3.5,1.77,3.05,1.25,1.17,0.76,0.84,2.37,2.85
2021-03-03,831961,24.99,25.51,25.55,24.95,1655,4196619.0,2.41,2.49,0.62,0.34,-4.17,-2.53,-3.01,-3.37,-3.25,-4.61,-3.41,-3.49,1.32,1.52,24.67,24.3,24.33,24.39,0.98,-0.71,0.55,-1.22,-1.29,-1.69,-1.61,-0.12,0.35,0.86
2021-03-04,831961,25.27,24.71,25.76,24.71,1892,4812231.0,4.12,-3.14,-0.8,0.39,-1.58,-2.06,-2.43,-2.31,-3.68,-2.47,-2.55,2.31,2.51,3.4,24.82,24.35,24.34,24.43,2.51,3.8,1.98,1.9,1.5,1.58,3.12,3.6,4.13,13.19
2021-03-05,831961,24.92,25.0,25.33,24.82,1386,3467934.0,2.06,1.17,0.29,0.29,-2.5,-2.86,-2.74,-4.11,-2.9,-2.98,1.85,2.05,2.94,3.79,25.0,24.44,24.36,24.47,2.6,0.8,0.72,0.32,0.4,1.92,2.4,2.92,11.88,14.4
2021-03-08,831961,25.52,25.0,25.65,24.66,2204,5569112.0,3.96,0.0,0.0,0.46,-2.23,-2.11,-3.49,-2.27,-2.35,2.51,2.72,3.61,4.46,2.72,25.02,24.55,24.33,24.49,0.8,0.72,0.32,0.4,1.92,2.4,2.92,11.88,14.4,16.4
2021-03-09,831961,25.08,24.88,25.2,24.66,1563,3902486.0,2.16,-0.48,-0.12,0.32,-2.11,-3.49,-2.27,-2.35,2.51,2.72,3.61,4.46,2.72,4.01,25.02,24.68,24.3,24.5,1.21,0.8,0.88,2.41,2.89,3.42,12.42,14.95,16.96,17.89
2021-03-10,831961,24.88,24.86,25.18,24.69,1282,3201309.0,1.97,-0.08,-0.02,0.27,-3.6,-2.39,-2.47,2.39,2.59,3.48,4.33,2.59,3.89,2.07,24.89,24.78,24.31,24.5,0.88,0.97,2.49,2.98,3.5,12.51,15.04,17.06,17.98,18.06
2021-03-11,831961,24.58,24.93,25.08,24.58,891,2223958.0,2.01,0.28,0.07,0.18,-1.95,-2.03,2.85,3.05,3.95,4.8,3.05,4.35,2.52,2.44,24.93,24.88,24.36,24.5,0.68,2.21,2.69,3.21,12.19,14.72,16.73,17.65,17.73,17.09
2021-03-12,831961,24.93,25.05,25.1,24.75,688,1720930.0,1.4,0.48,0.12,0.14,-2.71,2.14,2.34,3.23,4.08,2.34,3.64,1.82,1.74,1.33,24.94,24.97,24.44,24.48,1.72,2.2,2.71,11.66,14.17,16.17,17.09,17.17,16.53,21.68
2021-03-15,831961,25.05,25.11,25.48,24.86,2576,6496880.0,2.48,0.24,0.06,0.53,1.69,1.89,2.78,3.62,1.89,3.18,1.37,1.29,0.88,0.97,24.97,24.99,24.51,24.49,1.95,2.47,11.39,13.9,15.89,16.81,16.89,16.25,21.39,23.42
2021-03-16,831961,25.35,25.55,25.6,25.3,2348,5977700.0,1.19,1.75,0.44,0.49,0.12,0.99,1.82,0.12,1.38,-0.4,-0.47,-0.87,-0.79,0.71,25.1,25.06,24.6,24.53,0.7,9.47,11.94,13.89,14.79,14.87,14.25,19.3,21.29,18.59
2021-03-17,831961,25.36,25.58,25.73,25.33,1413,3612593.0,1.57,0.12,0.03,0.29,0.87,1.7,0.0,1.26,-0.51,-0.59,-0.99,-0.91,0.59,1.07,25.24,25.07,24.68,24.58,9.34,11.81,13.76,14.66,14.74,14.11,19.16,21.15,18.45,14.97
2021-03-18,831961,25.57,27.95,27.97,25.57,7678,20713870.0,9.38,9.27,2.37,1.59,0.74,-0.94,0.31,-1.45,-1.53,-1.92,-1.84,-0.35,0.12,0.63,25.85,25.39,24.87,24.69,2.33,4.11,4.94,5.01,4.44,9.05,10.88,8.41,5.22,1.97
2021-03-19,831961,27.51,28.21,28.6,27.33,3225,9095124.0,4.54,0.93,0.26,0.67,-7.32,-6.15,-7.79,-7.87,-8.23,-8.16,-6.77,-6.33,-5.85,2.34,26.48,25.71,25.08,24.81,3.15,3.97,4.04,3.47,8.05,9.85,7.41,4.25,1.03,1.35
2021-03-22,831961,27.9,28.48,29.1,27.86,3144,9055998.0,4.4,0.96,0.27,0.65,-7.93,-9.55,-9.62,-9.98,-9.91,-8.54,-8.11,-7.65,0.39,2.66,27.15,26.06,25.3,24.91,2.98,3.05,2.49,7.02,8.81,6.39,3.27,0.07,0.39,1.72
2021-03-23,831961,28.48,29.18,29.33,28.48,2069,5986851.0,2.98,2.46,0.7,0.43,-11.52,-11.59,-11.94,-11.87,-10.53,-10.11,-9.66,-1.79,0.42,2.18,27.88,26.49,25.58,25.03,0.58,0.03,4.46,6.2,3.84,0.79,-2.33,-2.02,-0.72,1.44
2021-03-24,831961,29.18,28.7,29.35,28.67,3279,9505024.0,2.33,-1.64,-0.48,0.68,-12.17,-12.52,-12.45,-11.13,-10.71,-10.25,-2.44,-0.24,1.5,2.3,28.5,26.87,25.83,25.16,1.71,6.2,7.98,5.57,2.47,-0.7,-0.38,0.94,3.14,3.97
2021-03-25,831961,28.98,28.79,29.19,28.32,4633,12532932.0,3.03,0.31,0.09,0.96,-11.44,-11.37,-10.03,-9.6,-9.15,-1.24,0.99,2.75,3.57,3.64,28.67,27.26,26.07,25.33,5.87,7.64,5.24,2.15,-1.01,-0.69,0.63,2.81,3.65,3.09
2021-03-26,831961,28.98,30.04,30.48,28.98,5998,17901556.0,5.21,4.34,1.25,1.24,-13.39,-12.08,-11.66,-11.21,-3.49,-1.31,0.41,1.21,1.28,0.72,29.04,27.76,26.37,25.55,3.16,0.87,-2.1,-5.13,-4.83,-3.56,-1.46,-0.67,-1.2,-0.6
2021-03-29,831961,29.79,29.88,30.99,29.55,2353,7149551.0,4.79,-0.53,-0.16,0.49,-13.77,-13.37,-12.93,-5.35,-3.21,-1.52,-0.74,-0.68,-1.22,3.15,29.32,28.24,26.61,25.75,1.41,-1.57,-4.62,-4.32,-3.05,-0.94,-0.13,-0.67,-0.07,-1.27
2021-03-30,831961,30.0,29.03,30.3,28.61,2461,7171277.0,5.66,-2.84,-0.85,0.51,-10.52,-10.07,-2.24,-0.03,1.71,2.52,2.59,2.03,6.54,8.32,29.29,28.58,26.82,25.93,1.31,-1.83,-1.52,-0.21,1.96,2.79,2.24,2.86,1.62,0.93
2021-03-31,831961,29.39,28.75,29.41,28.59,1250,3612011.0,2.82,-0.96,-0.28,0.26,-10.0,-2.17,0.03,1.78,2.59,2.66,2.1,6.61,8.39,5.98,29.3,28.9,26.98,26.09,-0.87,-0.56,0.77,2.96,3.79,3.23,3.86,2.61,1.91,2.19
2021-04-01,831961,28.0,27.99,28.5,27.45,3152,8783867.0,3.65,-2.64,-0.76,0.65,1.89,4.19,6.01,6.85,6.92,6.34,11.04,12.9,10.38,7.14,29.14,28.91,27.15,26.22,2.14,3.5,5.75,6.61,6.04,6.68,5.39,4.68,4.97,3.22
2021-04-02,831961,27.63,28.4,28.59,27.63,843,2392655.0,3.43,1.46,0.41,0.17,3.51,5.32,6.15,6.23,5.65,10.31,12.16,9.66,6.44,3.15,28.81,28.92,27.32,26.36,2.01,4.23,5.07,4.51,5.14,3.87,3.17,3.45,1.73,3.1
2021-04-06,831961,28.28,28.95,28.97,28.28,944,2704083.0,2.43,1.94,0.55,0.2,2.9,3.71,3.78,3.22,7.78,9.58,7.14,4.0,0.78,1.1,28.62,28.97,27.52,26.53,2.25,3.07,2.52,3.14,1.9,1.21,1.49,-0.21,1.14,2.59
2021-04-07,831961,28.83,29.23,29.6,28.7,1741,5077904.0,3.11,0.97,0.28,0.36,2.2,2.26,1.71,6.2,7.98,5.57,2.47,-0.7,-0.38,0.94,28.66,28.98,27.73,26.71,2.09,1.54,2.16,0.92,0.24,0.51,-1.16,0.17,1.61,2.63
2021-04-08,831961,29.23,29.66,29.84,28.89,1535,4509074.0,3.25,1.47,0.43,0.32,1.59,1.04,5.5,7.27,4.88,1.8,-1.35,-1.04,0.28,2.46,28.85,29.07,27.97,26.91,0.07,0.67,-0.54,-1.21,-0.94,-2.6,-1.28,0.13,1.15,1.82
2021-04-09,831961,29.5,29.4,29.68,29.16,1908,5597220.0,1.75,-0.88,-0.26,0.4,0.1,4.53,6.28,3.91,0.86,-2.26,-1.95,-0.65,1.51,2.33,29.13,29.13,28.2,27.09,1.56,0.34,-0.34,-0.07,-1.73,-0.41,1.02,2.04,2.72,2.38
2021-04-12,831961,29.86,29.54,29.86,29.4,1355,4008915.0,1.56,0.48,0.14,0.28,3.67,5.41,3.06,0.03,-3.06,-2.76,-1.46,0.68,1.5,0.95,29.36,29.08,28.42,27.27,-0.14,-0.81,-0.54,-2.2,-0.88,0.54,1.56,2.23,1.9,4.2
2021-04-13,831961,29.5,28.97,29.5,28.73,1519,4428018.0,2.61,-1.93,-0.57,0.31,7.87,5.46,2.37,-0.8,-0.49,0.84,3.03,3.86,3.31,3.93,29.36,28.99,28.61,27.41,1.14,1.42,-0.28,1.07,2.52,3.56,4.25,3.9,6.25,5.14
2021-04-14,831961,28.68,29.19,29.3,28.68,1975,5737608.0,2.14,0.76,0.22,0.41,5.65,2.55,-0.63,-0.31,1.01,3.21,4.04,3.49,4.11,2.86,29.35,29.01,28.8,27.55,0.65,-1.03,0.31,1.75,2.77,3.46,3.12,5.45,4.35,3.43
2021-04-15,831961,29.38,28.6,29.38,28.6,1314,3795023.0,2.67,-2.02,-0.59,0.27,2.83,-0.35,-0.03,1.29,3.5,4.34,3.78,4.41,3.15,2.45,29.14,28.99,28.95,27.65,1.01,2.38,3.85,4.9,5.59,5.24,7.62,6.5,5.56,5.73
2021-04-16,831961,28.5,28.7,28.89,28.5,1216,3483267.0,1.36,0.35,0.1,0.25,0.0,0.32,1.65,3.86,4.7,4.14,4.77,3.51,2.81,3.09,29.0,29.06,28.98,27.79,2.02,3.48,4.53,5.23,4.88,7.25,6.13,5.19,5.37,-18.19
2021-04-19,831961,28.7,29.25,29.28,28.66,893,2586841.0,2.16,1.92,0.55,0.18,-0.24,1.08,3.28,4.12,3.56,4.19,2.93,2.23,2.51,0.8,28.94,29.15,29.04,27.93,1.54,2.56,3.25,2.91,5.23,4.14,3.21,3.38,-19.73,-18.7
2021-04-20,831961,29.25,29.7,29.7,29.25,778,2289885.0,1.54,1.54,0.45,0.16,-0.96,1.2,2.02,1.47,2.09,0.85,0.17,0.44,-1.23,0.1,29.09,29.22,29.1,28.09,1.01,1.68,1.35,3.64,2.56,1.65,1.82,-20.94,-19.93,-20.88
2021-04-21,831961,29.7,29.98,30.0,29.6,906,2706888.0,1.35,0.94,0.28,0.19,0.0,0.81,0.27,0.88,-0.34,-1.01,-0.74,-2.4,-1.08,0.34,29.25,29.3,29.14,28.26,0.73,0.4,2.67,1.6,0.7,0.87,-21.68,-20.68,-21.61,-21.68
2021-04-22,831961,30.2,29.99,30.2,29.8,1436,4302883.0,1.33,0.03,0.01,0.3,0.13,-0.4,0.2,-1.01,-1.68,-1.41,-3.05,-1.74,-0.34,0.67,29.52,29.33,29.2,28.43,0.37,2.63,1.57,0.67,0.83,-21.71,-20.71,-21.64,-21.71,-23.57
2021-04-23,831961,29.87,29.78,30.1,29.71,1229,3675190.0,1.3,-0.7,-0.21,0.25,-0.1,0.5,-0.71,-1.38,-1.11,-2.76,-1.45,-0.03,0.98,1.65,29.74,29.37,29.25,28.59,3.36,2.28,1.38,1.54,-21.16,-20.15,-21.09,-21.16,-23.04,-21.66
2021-04-26,831961,29.98,30.4,30.78,29.82,2523,7656871.0,3.22,2.08,0.62,0.52,0.13,-1.07,-1.74,-1.48,-3.12,-1.81,-0.4,0.6,1.27,0.94,29.97,29.46,29.27,28.77,0.2,-0.69,-0.53,-22.76,-21.78,-22.7,-22.76,-24.61,-23.26,-24.31
2021-04-27,831961,30.45,29.95,30.46,29.85,1062,3212567.0,2.01,-1.48,-0.45,0.22,-1.17,-1.84,-1.57,-3.22,-1.91,-0.5,0.5,1.17,0.84,3.12,30.02,29.55,29.27,28.93,0.8,0.97,-21.6,-20.6,-21.54,-21.6,-23.47,-22.1,-23.17,-22.5
2021-04-28,831961,29.95,29.93,30.19,29.61,1163,3470327.0,1.94,-0.07,-0.02,0.24,-1.05,-0.78,-2.43,-1.11,0.3,1.32,1.99,1.65,3.95,2.87,30.01,29.63,29.32,29.07,1.04,-21.55,-20.55,-21.48,-21.55,-23.42,-22.05,-23.12,-22.45,-21.55
2021-04-29,831961,29.5,29.56,30.24,29.0,1682,4986477.0,4.14,-1.24,-0.37,0.35,1.31,-0.38,0.97,2.41,3.45,4.14,3.79,6.14,5.03,4.1,29.92,29.72,29.36,29.21,-20.57,-19.55,-20.5,-20.57,-22.46,-21.08,-22.16,-21.48,-20.57,-19.49
2021-04-30,831961,23.0,23.41,23.48,22.8,2044,4755492.0,2.3,-20.81,-6.15,0.33,26.71,28.42,30.26,31.58,32.46,32.02,35.0,33.6,32.41,32.63,28.65,29.2,29.13,29.05,1.58,0.38,0.3,-2.09,-0.34,-1.71,-0.85,0.3,1.67,4.02
2021-05-06,831961,23.38,23.58,23.78,23.3,2110,4961797.0,2.05,0.73,0.17,0.34,25.67,27.47,28.76,29.61,29.18,32.1,30.73,29.57,29.79,0.77,27.29,28.63,28.89,28.9,-0.34,-0.42,-2.8,-1.06,-2.42,-1.57,-0.42,0.93,3.27,7.51
2021-05-07,831961,23.46,23.3,23.5,22.99,2517,5853646.0,2.16,-1.19,-0.28,0.4,29.19,30.49,31.36,30.93,33.88,32.49,31.32,31.54,2.13,3.44,25.96,27.99,28.61,28.73,0.77,-1.63,0.13,-1.24,-0.39,0.77,2.15,4.51,8.8,10.86
2021-05-10,831961,23.33,23.2,23.48,22.99,1912,4440053.0,2.1,-0.43,-0.1,0.3,30.49,31.36,30.93,33.88,32.49,31.32,31.54,2.13,3.44,2.22,24.61,27.31,28.3,28.53,-1.21,0.56,-0.82,0.04,1.21,2.59,4.96,9.27,11.34,11.64
2021-05-11,831961,22.91,22.6,22.92,22.22,1856,4179349.0,3.02,-2.59,-0.6,0.3,35.91,35.46,38.52,37.08,35.87,36.09,5.67,7.02,5.76,5.67,23.22,26.57,27.95,28.33,3.23,1.81,2.7,3.89,5.31,7.74,12.17,14.29,14.6,17.52
2021-05-12,831961,22.55,23.2,23.33,22.32,785,1802573.0,4.47,2.65,0.6,0.13,34.86,37.9,36.47,35.26,35.48,5.2,6.54,5.29,5.2,2.69,23.18,25.91,27.64,28.14,-0.82,0.04,1.21,2.59,4.96,9.27,11.34,11.64,14.48,15.86
2021-05-13,831961,23.0,22.65,23.01,22.61,868,1978333.0,1.72,-2.37,-0.55,0.14,36.13,34.72,33.52,33.75,3.85,5.17,3.94,3.85,1.37,3.18,22.99,25.14,27.3,27.89,2.47,3.66,5.08,7.51,11.92,14.04,14.35,17.26,18.68,18.01
2021-05-14,831961,22.7,23.19,23.21,22.7,1361,3137811.0,2.25,2.38,0.54,0.22,34.19,33.0,33.22,3.44,4.76,3.52,3.44,0.97,2.78,1.37,22.97,24.46,27.01,27.67,1.25,2.63,5.0,9.31,11.38,11.69,14.53,15.91,15.27,14.23
2021-05-17,831961,23.02,23.4,23.48,22.95,2026,4713083.0,2.29,0.91,0.21,0.32,31.55,31.76,2.31,3.62,2.4,2.31,-0.13,1.66,0.26,1.13,23.01,23.81,26.72,27.48,1.71,4.06,8.33,10.38,10.68,13.5,14.87,14.23,13.21,12.78
2021-05-18,831961,23.54,23.5,23.8,23.41,1115,2627236.0,1.67,0.43,0.1,0.18,29.18,0.3,1.58,0.38,0.3,-2.09,-0.34,-1.71,-0.85,0.3,23.19,23.2,26.46,27.31,3.62,7.87,9.91,10.21,13.02,14.38,13.74,12.72,12.3,12.51
2021-05-19,831961,23.57,24.35,24.35,23.5,2789,6655600.0,3.62,3.62,0.85,0.44,-0.09,1.19,0.0,-0.09,-2.47,-0.72,-2.09,-1.23,-0.09,1.28,23.42,23.3,26.25,27.19,4.11,6.08,6.37,9.08,10.39,9.77,8.79,8.38,8.58,9.24
2021-05-20,831961,24.67,25.09,25.35,24.35,3035,7608858.0,4.11,3.04,0.74,0.48,-2.34,-3.49,-3.57,-5.87,-4.19,-5.5,-4.68,-3.57,-2.26,0.0,23.91,23.45,26.04,27.08,2.95,3.23,5.86,7.13,6.54,5.58,5.18,5.38,6.02,6.97
2021-05-21,831961,25.0,25.83,25.83,24.88,2776,7100546.0,3.79,2.95,0.74,0.44,-5.55,-5.63,-7.88,-6.23,-7.52,-6.71,-5.63,-4.34,-2.13,1.89,24.43,23.7,25.84,26.97,0.27,2.83,4.07,3.48,2.56,2.17,2.36,2.98,3.91,6.23
2021-05-24,831961,25.89,25.83,25.9,25.56,1475,3790995.0,1.32,0.0,0.0,0.23,-8.14,-10.33,-8.72,-9.98,-9.19,-8.14,-6.89,-4.73,-0.82,1.06,24.92,23.96,25.64,26.86,2.83,4.07,3.48,2.56,2.17,2.36,2.98,3.91,6.23,11.81
2021-05-25,831961,25.8,26.53,26.56,25.62,2706,7098537.0,3.64,2.71,0.7,0.43,-10.54,-8.94,-10.19,-9.41,-8.35,-7.1,-4.96,-1.05,0.82,1.09,25.53,24.36,25.46,26.75,1.32,0.75,-0.15,-0.53,-0.34,0.26,1.17,3.43,8.86,11.38
2021-05-26,831961,26.67,26.74,26.88,26.4,2485,6612849.0,1.81,0.79,0.21,0.4,-11.63,-12.84,-12.08,-11.06,-9.85,-7.77,-3.98,-2.16,-1.89,0.61,26.0,24.71,25.31,26.66,-0.04,-0.93,-1.31,-1.12,-0.52,0.37,2.62,8.0,10.51,12.12
2021-05-27,831961,26.64,26.45,26.73,26.05,2474,6528593.0,2.54,-1.08,-0.29,0.39,-11.67,-10.9,-9.87,-8.64,-6.53,-2.69,-0.84,-0.58,1.96,3.19,26.28,25.09,25.11,26.56,0.15,-0.23,-0.04,0.57,1.47,3.74,9.19,11.72,13.35,14.18
2021-05-28,831961,26.39,25.72,26.49,25.57,2797,7273680.0,3.48,-2.76,-0.73,0.45,-9.23,-8.17,-6.92,-4.77,-0.86,1.02,1.29,3.87,5.12,4.54,26.25,25.34,24.9,26.45,2.6,2.8,3.42,4.35,6.69,12.29,14.89,16.56,17.42,16.17
2021-05-31,831961,25.59,26.32,26.39,25.59,1794,4642183.0,3.11,2.33,0.6,0.29,-8.25,-6.99,-4.85,-0.94,0.94,1.21,3.79,5.04,4.45,3.52,26.35,25.64,24.72,26.36,0.46,1.06,1.98,4.26,9.73,12.27,13.91,14.74,13.53,13.91
2021-06-01,831961,26.44,26.4,26.44,25.77,913,2382913.0,2.55,0.3,0.08,0.15,-7.64,-5.51,-1.63,0.23,0.5,3.07,4.31,3.73,2.79,2.41,26.33,25.93,24.56,26.28,0.76,1.67,3.94,9.39,11.93,13.56,14.39,13.18,13.56,13.07
2021-06-02,831961,26.22,26.6,26.6,26.15,2412,6388280.0,1.7,0.76,0.2,0.38,-6.88,-3.06,-1.22,-0.96,1.57,2.79,2.22,1.3,0.92,1.11,26.3,26.15,24.72,26.21,0.9,3.16,8.57,11.09,12.71,13.53,12.33,12.71,12.22,11.02
2021-06-03,831961,26.65,26.6,26.84,26.44,1193,3173065.0,1.5,0.0,0.0,0.19,-4.12,-2.31,-2.04,0.45,1.66,1.1,0.19,-0.19,0.0,0.61,26.33,26.3,24.87,26.13,3.16,8.57,11.09,12.71,13.53,12.33,12.71,12.22,11.02,14.29
2021-06-04,831961,26.79,26.85,27.44,26.58,2315,6230611.0,3.23,0.94,0.25,0.37,-2.82,-2.56,-0.08,1.13,0.56,-0.34,-0.71,-0.53,0.08,0.98,26.55,26.4,25.05,26.03,7.56,10.06,11.66,12.48,11.28,11.66,11.17,9.98,13.22,15.68
2021-06-07,831961,26.85,28.84,28.88,26.85,4790,13553658.0,7.56,7.41,1.99,0.76,-3.54,-1.08,0.11,-0.45,-1.34,-1.71,-1.53,-0.93,-0.04,2.2,27.06,26.7,25.33,25.99,2.46,3.95,4.72,3.61,3.95,3.5,2.39,5.41,7.7,7.59
2021-06-08,831961,28.8,29.18,29.55,28.4,3082,8999903.0,3.99,1.18,0.34,0.49,-6.48,-5.35,-5.88,-6.73,-7.08,-6.9,-6.34,-5.49,-3.38,1.69,27.61,26.97,25.66,25.97,2.74,3.5,2.4,2.74,2.3,1.2,4.18,6.44,6.34,10.08
2021-06-09,831961,29.5,29.6,29.98,28.97,3117,9234775.0,3.46,1.44,0.42,0.5,-7.21,-7.73,-8.56,-8.91,-8.73,-8.18,-7.35,-5.28,-0.31,2.0,28.21,27.26,25.98,25.96,2.03,0.95,1.28,0.84,-0.24,2.7,4.93,4.83,8.51,15.03
2021-06-10,831961,29.62,29.09,30.2,28.5,3355,9811729.0,5.74,-1.72,-0.51,0.53,-6.21,-7.05,-7.4,-7.23,-6.67,-5.82,-3.72,1.33,3.68,5.19,28.71,27.52,26.31,25.92,2.72,3.06,2.61,1.51,4.5,6.77,6.67,10.42,17.05,19.42
2021-06-11,831961,28.78,29.7,29.88,28.78,2208,6540830.0,3.78,2.1,0.61,0.35,-7.96,-8.3,-8.13,-7.57,-6.74,-4.66,0.35,2.68,4.17,4.93,29.28,27.92,26.63,25.91,0.94,0.51,-0.57,2.36,4.58,4.48,8.15,14.65,16.97,13.06
2021-06-15,831961,29.7,29.83,29.98,29.7,3278,9794978.0,0.94,0.44,0.13,0.52,-11.14,-10.98,-10.44,-9.63,-7.61,-2.76,-0.51,0.94,1.68,0.61,29.48,28.27,26.95,25.9,0.07,-1.01,1.91,4.12,4.02,7.68,14.15,16.46,12.57,10.19
2021-06-16,831961,29.7,29.3,29.85,28.99,4427,12973488.0,2.88,-1.78,-0.53,0.7,-8.8,-8.24,-7.42,-5.35,-0.38,1.93,3.41,4.17,3.07,3.41,29.5,28.56,27.24,25.9,0.78,3.75,6.01,5.9,9.62,16.21,18.57,14.61,12.18,8.05
2021-06-17,831961,29.02,29.46,29.53,29.0,2524,7374541.0,1.81,0.55,0.16,0.4,-8.28,-7.45,-5.38,-0.41,1.9,3.38,4.14,3.03,3.38,2.93,29.48,28.85,27.5,26.1,3.19,5.43,5.33,9.03,15.58,17.92,13.99,11.58,7.47,8.55
2021-06-18,831961,29.48,30.26,30.4,29.48,3708,11090444.0,3.12,2.72,0.8,0.59,-8.96,-6.92,-2.04,0.24,1.7,2.44,1.36,1.7,1.26,0.17,29.71,29.21,27.76,26.32,2.64,2.54,6.15,12.52,14.81,10.97,8.63,4.63,5.68,6.41
2021-06-21,831961,30.35,30.6,31.06,30.33,3437,10551394.0,2.41,1.12,0.34,0.55,-9.53,-4.78,-2.57,-1.15,-0.43,-1.48,-1.15,-1.58,-2.64,0.23,29.89,29.59,27.99,26.56,1.41,4.97,11.27,13.53,9.74,7.42,3.46,4.51,5.23,5.88
2021-06-22,831961,30.65,31.03,31.03,30.63,5090,15714646.0,1.31,1.41,0.43,0.81,-5.71,-3.53,-2.12,-1.4,-2.45,-2.12,-2.55,-3.59,-0.75,1.4,30.13,29.8,28.25,26.82,3.51,9.73,11.96,8.22,5.93,2.03,3.06,3.77,4.42,3.45
2021-06-23,831961,30.91,32.0,32.12,30.91,5332,16954684.0,3.9,3.13,0.97,0.85,-4.4,-3.01,-2.3,-3.33,-3.01,-3.43,-4.46,-1.65,0.49,0.39,30.67,30.09,28.53,27.14,6.41,8.56,4.94,2.72,-1.06,-0.06,0.63,1.25,0.31,-0.75
2021-06-24,831961,32.3,34.02,34.05,32.29,7916,26384332.0,5.5,6.31,2.02,1.26,-7.15,-6.47,-7.46,-7.15,-7.56,-8.55,-5.85,-3.81,-3.9,-0.53,31.58,30.53,28.89,27.5,2.12,-1.29,-3.38,-6.94,-6.0,-5.35,-4.76,-5.64,-6.64,-6.67
2021-06-25,831961,34.49,33.58,34.74,33.1,8574,29225626.0,4.82,-1.29,-0.44,1.37,-8.76,-9.73,-9.43,-9.82,-10.79,-8.16,-6.16,-6.25,-2.96,2.87,32.25,30.98,29.25,27.86,0.0,-2.11,-5.72,-4.76,-4.11,-3.51,-4.41,-5.42,-5.45,-6.08
2021-06-28,831961,33.55,32.6,33.58,32.39,5693,18687394.0,3.54,-2.92,-0.98,0.91,-7.75,-7.44,-7.84,-8.83,-6.14,-4.11,-4.2,-0.83,5.13,7.26,32.65,31.27,29.59,28.18,0.83,-2.88,-1.9,-1.23,-0.61,-1.53,-2.58,-2.61,-3.25,-0.77
2021-06-29,831961,32.5,30.84,32.87,30.56,5331,16738402.0,7.09,-5.4,-1.76,0.85,-1.9,-2.32,-3.37,-0.52,1.64,1.54,5.1,11.42,13.68,9.88,32.61,31.37,29.82,28.42,2.66,3.7,4.41,5.06,4.09,2.98,2.95,2.27,4.9,4.09
2021-06-30,831961,30.82,31.39,31.66,30.55,1815,5653748.0,3.6,1.78,0.55,0.29,-2.29,-3.34,-0.49,1.67,1.57,5.14,11.46,13.72,9.92,7.59,32.49,31.58,30.07,28.69,1.88,2.58,3.22,2.26,1.18,1.15,0.48,3.06,2.26,1.85
2021-07-01,831961,31.78,30.91,31.98,30.55,2846,8807155.0,4.56,-1.53,-0.48,0.45,-3.34,-0.49,1.67,1.57,5.14,11.46,13.72,9.92,7.59,3.63,31.86,31.72,30.28,28.91,4.17,4.82,3.85,2.75,2.72,2.04,4.66,3.85,3.43,5.66
2021-07-02,831961,30.9,31.91,32.2,30.51,3081,9683698.0,5.47,3.24,1.0,0.49,-0.36,1.8,1.7,5.28,11.6,13.86,10.06,7.74,3.77,4.82,31.53,31.89,30.55,29.13,1.54,0.6,-0.47,-0.5,-1.16,1.38,0.6,0.19,2.35,1.25
2021-07-05,831961,32.18,31.8,32.4,31.46,2272,7249192.0,2.95,-0.34,-0.11,0.36,-1.27,-1.37,2.1,8.23,10.43,6.74,4.48,0.64,1.65,2.35,31.37,32.01,30.8,29.33,0.94,-0.13,-0.16,-0.82,1.73,0.94,0.53,2.7,1.6,3.71
2021-07-06,831961,31.88,31.66,32.1,31.32,2349,7450270.0,2.45,-0.44,-0.14,0.37,-0.93,2.55,8.72,10.92,7.22,4.95,1.09,2.11,2.81,3.45,31.53,32.07,30.94,29.53,0.32,0.28,-0.38,2.18,1.39,0.98,3.16,2.05,4.17,0.76
2021-07-07,831961,31.59,31.68,31.76,31.22,1529,4826301.0,1.71,0.06,0.02,0.24,2.88,9.06,11.27,7.56,5.29,1.41,2.43,3.14,3.78,2.82,31.59,32.04,31.06,29.7,0.22,-0.44,2.11,1.33,0.92,3.09,1.99,4.1,0.69,0.95
2021-07-08,831961,31.74,30.5,31.75,30.3,4231,13074172.0,4.58,-3.72,-1.18,0.67,12.38,14.65,10.83,8.48,4.49,5.54,6.27,6.93,5.94,4.82,31.51,31.69,31.11,29.82,3.41,6.07,5.25,4.82,7.08,5.93,8.13,4.59,4.85,2.95
2021-07-09,831961,30.2,31.51,31.54,30.2,3195,9926122.0,4.39,3.31,1.01,0.51,15.03,11.19,8.84,4.83,5.89,6.62,7.28,6.29,5.17,5.13,31.43,31.48,31.23,29.99,2.67,1.87,1.46,3.65,2.54,4.67,1.24,1.49,-0.35,-3.84
2021-07-12,831961,31.89,31.88,32.35,31.65,3728,11888644.0,2.22,1.17,0.37,0.59,6.1,3.85,0.03,1.04,1.74,2.37,1.42,0.35,0.32,-0.35,31.45,31.41,31.34,30.2,0.69,0.28,2.45,1.35,3.45,0.06,0.31,-1.51,-4.96,-1.22
2021-07-13,831961,31.9,31.78,32.1,31.57,3866,12316453.0,1.66,-0.31,-0.1,0.62,4.12,0.29,1.3,2.0,2.63,1.68,0.6,0.57,-0.1,2.47,31.47,31.5,31.44,30.38,0.6,2.77,1.67,3.78,0.38,0.63,-1.2,-4.66,-0.91,-3.87
2021-07-14,831961,31.43,31.81,31.97,31.42,2662,8963737.0,1.73,0.09,0.03,0.42,0.76,1.78,2.48,3.12,2.16,1.08,1.05,0.38,2.96,2.16,31.5,31.54,31.56,30.56,2.67,1.57,3.68,0.28,0.53,-1.29,-4.75,-1.01,-3.96,-7.2
2021-07-15,831961,31.82,32.12,32.66,31.82,4432,14701143.0,2.64,0.97,0.31,0.71,0.5,1.19,1.82,0.88,-0.19,-0.22,-0.88,1.67,0.88,0.47,31.82,31.67,31.69,30.74,0.59,2.68,-0.68,-0.44,-2.24,-5.67,-1.96,-4.89,-8.09,-8.13
2021-07-16,831961,32.1,32.25,32.31,32.05,3426,11193167.0,0.81,0.4,0.13,0.55,0.47,1.09,0.16,-0.9,-0.94,-1.59,0.94,0.16,-0.25,1.9,31.97,31.7,31.79,30.93,2.26,-1.09,-0.84,-2.64,-6.05,-2.36,-5.27,-8.47,-8.5,-4.37
2021-07-19,831961,32.26,32.2,32.98,32.17,8257,28155645.0,2.51,-0.16,-0.05,1.31,0.71,-0.22,-1.27,-1.31,-1.96,0.56,-0.22,-0.62,1.52,0.44,32.03,31.74,31.87,31.11,-0.93,-0.68,-2.48,-5.9,-2.2,-5.12,-8.32,-8.35,-4.22,-6.83
2021-07-20,831961,31.11,30.9,31.9,30.2,5810,18377206.0,5.28,-4.04,-1.3,0.93,6.29,5.17,5.13,4.44,7.12,6.29,5.86,8.15,6.99,9.21,31.86,31.66,31.87,31.18,3.5,1.62,-1.94,1.91,-1.13,-4.47,-4.5,-0.19,-2.91,-1.94
2021-07-21,831961,30.9,31.66,31.98,30.5,3096,10204087.0,4.79,2.46,0.76,0.49,4.13,4.1,3.41,6.07,5.25,4.82,7.08,5.93,8.13,4.59,31.83,31.66,31.85,31.26,-0.82,-4.3,-0.54,-3.51,-6.76,-6.79,-2.59,-5.24,-4.3,-6.82
2021-07-22,831961,31.4,29.5,31.4,29.3,6048,18858273.0,6.63,-6.82,-2.16,0.96,8.36,7.65,10.41,9.56,9.11,11.47,10.27,12.56,8.87,9.15,31.3,31.56,31.62,31.26,2.71,6.75,3.56,0.07,0.03,4.54,1.69,2.71,0.0,-1.42
2021-07-23,831961,29.32,30.0,30.3,29.32,3286,10486616.0,3.32,1.69,0.5,0.52,7.57,10.33,9.48,9.04,11.39,10.2,12.48,8.8,9.07,7.09,30.85,31.41,31.44,31.29,4.97,1.83,-1.6,-1.63,2.8,0.0,1.0,-1.67,-3.07,-4.5
2021-07-26,831961,30.6,30.27,31.49,29.32,3296,10748243.0,7.23,0.9,0.27,0.52,10.33,9.48,9.04,11.39,10.2,12.48,8.8,9.07,7.09,3.34,30.47,31.25,31.33,31.31,0.93,-2.48,-2.51,1.88,-0.89,0.1,-2.54,-3.93,-5.35,-7.83
2021-07-27,831961,30.26,29.7,30.55,29.48,4160,12828178.0,3.53,-1.88,-0.57,0.66,8.89,8.45,10.79,9.6,11.87,8.21,8.48,6.51,2.78,6.82,30.23,31.04,31.27,31.3,-0.61,-0.64,3.84,1.01,2.02,-0.67,-2.09,-3.54,-6.06,-6.6
2021-07-28,831961,29.51,27.79,29.52,27.6,4183,12547567.0,6.46,-6.43,-1.91,0.67,15.83,18.33,17.07,19.49,15.58,15.87,13.77,9.78,14.09,10.69,29.45,30.64,31.09,31.25,6.19,10.98,7.95,9.03,6.15,4.64,3.09,0.4,-0.18,3.24
2021-07-29,831961,27.95,29.51,29.51,27.95,3220,9202214.0,5.61,6.19,1.72,0.51,16.85,15.6,18.0,14.13,14.42,12.34,8.41,12.67,9.3,5.62,29.45,30.38,31.02,31.26,4.51,1.66,2.68,-0.03,-1.46,-2.91,-5.46,-6.0,-2.78,6.34
2021-07-30,831961,29.49,30.68,30.84,29.49,3370,10493416.0,4.57,3.96,1.17,0.54,9.56,11.83,8.17,8.44,6.48,2.75,6.78,3.59,0.1,0.07,29.59,30.22,30.96,31.27,-2.22,-1.24,-3.85,-5.22,-6.62,-9.06,-9.58,-6.49,2.28,-1.96
2021-08-02,831961,30.0,29.78,30.0,29.66,1798,5362462.0,1.11,-2.93,-0.9,0.29,11.19,7.55,7.82,5.87,2.16,6.17,3.0,-0.47,-0.51,3.98,29.49,29.98,30.86,31.24,1.75,-0.94,-2.35,-3.79,-6.31,-6.85,-3.66,5.37,1.01,4.06
2021-08-03,831961,29.53,29.17,30.3,28.92,1603,4729717.0,4.63,-2.05,-0.61,0.26,10.3,10.58,8.58,4.77,8.89,5.64,2.07,2.04,6.64,3.73,29.39,29.81,30.73,31.18,1.13,-0.31,-1.78,-4.35,-4.9,-1.65,7.58,3.12,6.24,3.87
2021-08-04,831961,29.0,28.95,29.5,28.52,1482,4292060.0,3.36,-0.75,-0.22,0.24,12.13,10.1,6.24,10.41,7.12,3.51,3.47,8.13,5.19,6.24,29.62,29.54,30.6,31.08,0.45,-1.04,-3.63,-4.18,-0.9,8.39,3.9,7.05,4.66,3.28
2021-08-05,831961,29.08,28.3,29.08,28.2,1128,3213049.0,3.04,-2.25,-0.65,0.18,11.35,7.45,11.67,8.33,4.68,4.65,9.36,6.38,7.45,4.61,29.38,29.42,30.49,30.89,1.24,-1.41,-1.98,1.38,10.88,6.29,9.51,7.07,5.65,6.18
2021-08-06,831961,28.01,27.9,28.65,27.62,1818,5065328.0,3.64,-1.41,-0.4,0.29,9.7,14.01,10.61,6.88,6.84,11.66,8.62,9.7,6.81,5.29,28.82,29.2,30.31,30.7,0.0,-0.57,2.83,12.47,7.81,11.08,8.6,7.17,7.71,7.06
2021-08-09,831961,27.9,27.56,27.9,27.0,2528,6883158.0,3.23,-1.22,-0.34,0.4,16.63,13.15,9.33,9.3,14.22,11.11,12.22,9.26,7.7,6.11,28.38,28.93,30.09,30.53,0.65,4.1,13.86,9.14,12.45,9.94,8.49,9.03,8.38,8.31
2021-08-10,831961,27.37,27.5,27.74,27.23,1637,4498338.0,1.85,-0.22,-0.06,0.26,12.19,8.41,8.37,13.26,10.17,11.27,8.34,6.79,5.21,2.46,28.04,28.71,29.88,30.42,4.33,14.11,9.38,12.69,10.18,8.73,9.27,8.62,8.55,-2.29
2021-08-11,831961,27.14,28.62,28.69,27.14,3747,10658033.0,5.64,4.07,1.12,0.6,8.77,8.73,13.63,10.54,11.64,8.7,7.15,5.56,2.8,2.21,27.98,28.8,29.72,30.33,9.64,5.1,8.28,5.87,4.47,5.0,4.37,4.3,-6.11,-9.15
2021-08-12,831961,31.0,30.4,31.38,29.91,12385,37842878.0,5.14,6.22,1.78,1.97,-1.34,3.11,0.3,1.3,-1.37,-2.77,-4.21,-6.72,-7.26,-4.08,28.4,28.89,29.63,30.31,-1.05,1.94,-0.33,-1.64,-1.15,-1.74,-1.81,-11.61,-14.47,-16.32
2021-08-13,831961,30.08,29.48,30.08,29.18,6296,18611311.0,2.96,-3.03,-0.92,1.0,5.69,2.81,3.84,1.1,-0.34,-1.82,-4.39,-4.93,-1.68,7.54,28.71,28.77,29.49,30.23,5.12,2.78,1.42,1.93,1.32,1.26,-8.85,-11.8,-13.7,-15.71
2021-08-16,831961,29.97,30.09,30.99,29.8,6473,19578260.0,4.04,2.07,0.61,1.03,0.67,1.68,-1.01,-2.42,-3.86,-6.38,-6.91,-3.72,5.3,0.94,29.22,28.8,29.39,30.17,0.7,-0.63,-0.13,-0.73,-0.8,-10.7,-13.59,-15.45,-17.41,-24.13
2021-08-17,831961,29.92,29.85,30.3,29.7,2299,6900639.0,1.99,-0.8,-0.24,0.37,2.02,-0.67,-2.09,-3.54,-6.06,-6.6,-3.4,5.66,1.28,4.34,29.69,28.86,29.34,30.11,0.17,0.67,0.07,0.0,-9.98,-12.9,-14.77,-16.75,-23.52,-14.91
2021-08-18,831961,29.84,29.5,29.9,29.39,1705,5052015.0,1.71,-1.17,-0.35,0.27,0.37,-1.05,-2.52,-5.07,-5.61,-2.38,6.77,2.35,5.44,3.1,29.86,28.92,29.23,30.04,1.86,1.25,1.19,-8.92,-11.86,-13.76,-15.76,-22.61,-13.9,-12.27
2021-08-19,831961,29.69,29.95,30.05,29.55,3061,9124676.0,1.69,1.53,0.45,0.49,-1.59,-3.05,-5.58,-6.13,-2.91,6.19,1.79,4.87,2.54,1.18,29.77,29.08,29.25,30.02,-0.27,-0.33,-10.28,-13.19,-15.06,-17.03,-23.77,-15.19,-13.59,-7.68
2021-08-20,831961,29.87,29.72,29.87,29.41,3018,8938872.0,1.54,-0.77,-0.23,0.48,-2.58,-5.13,-5.68,-2.45,6.7,2.28,5.37,3.03,1.67,2.18,29.82,29.27,29.24,29.96,0.44,-9.59,-12.52,-14.4,-16.39,-23.18,-14.54,-12.92,-6.97,6.97
2021-08-23,831961,29.72,26.58,29.85,26.0,13277,35779244.0,12.95,-10.57,-3.14,2.11,7.31,6.69,10.35,20.69,15.69,19.19,16.54,15.0,15.58,14.88,29.12,29.17,29.05,29.78,1.09,-2.18,-4.29,-6.51,-14.11,-4.44,-2.63,4.03,19.6,21.29
2021-08-24,831961,26.6,26.0,26.87,25.5,5342,13884277.0,5.15,-2.18,-0.58,0.85,8.78,12.51,23.06,17.96,21.53,18.82,17.25,17.84,17.14,17.06,28.35,29.02,28.87,29.59,0.0,-2.15,-4.42,-12.19,-2.31,-0.46,6.35,22.27,24.0,16.27
2021-08-25,831961,25.99,25.16,26.0,24.5,4534,11497556.0,5.77,-3.23,-0.84,0.72,17.1,28.08,22.78,26.49,23.67,22.04,22.65,21.92,21.84,9.67,27.48,28.67,28.73,29.37,1.11,-1.23,-9.26,0.95,2.86,9.9,26.35,28.14,20.15,11.96
2021-08-26,831961,25.16,24.22,25.44,24.01,3656,8958313.0,5.68,-3.74,-0.94,0.58,30.7,25.28,29.07,26.2,24.53,25.16,24.41,24.32,11.91,8.29,26.34,28.06,28.47,29.11,2.6,-5.74,4.87,6.85,14.16,31.26,33.11,24.81,16.31,15.44
2021-08-27,831961,24.6,21.43,24.85,19.99,16346,35564108.0,20.07,-11.52,-2.79,2.6,50.48,55.03,51.58,49.57,50.33,49.42,49.32,34.42,30.07,27.26,24.68,27.25,28.01,28.75,6.53,18.53,20.77,29.02,48.34,50.44,41.06,31.45,30.47,32.2
2021-08-30,831961,21.65,22.53,22.83,21.5,5963,13381785.0,6.21,5.13,1.1,0.95,44.14,40.93,39.07,39.77,38.93,38.84,24.98,20.93,18.33,15.58,23.87,26.49,27.65,28.42,12.74,14.87,22.73,41.1,43.1,34.18,25.03,24.1,25.74,24.99
2021-08-31,831961,22.28,24.55,25.4,22.28,6080,14874745.0,13.85,8.97,2.02,0.97,36.0,34.2,34.87,34.07,33.98,20.6,16.7,14.18,11.54,2.47,23.58,25.96,27.41,28.21,5.42,12.63,29.49,31.32,23.14,14.75,13.89,15.4,14.7,9.94
2021-09-01,831961,24.59,25.86,25.88,24.59,2376,6031263.0,5.25,5.34,1.31,0.38,21.59,22.2,21.47,21.39,9.27,5.73,3.46,1.06,-7.16,3.29,23.72,25.6,27.26,28.02,6.92,22.93,24.67,16.9,8.93,8.12,9.55,8.89,4.37,4.14
2021-09-02,831961,26.2,27.65,27.65,26.2,4897,13235889.0,5.61,6.92,1.79,0.78,14.69,14.01,13.93,2.56,-0.76,-2.9,-5.15,-12.86,-3.05,-1.22,24.4,25.37,27.23,27.96,14.97,16.6,9.33,1.88,1.12,2.46,1.84,-2.39,-2.6,-4.77
2021-09-03,831961,31.0,29.27,31.79,27.21,14733,43099151.0,16.56,5.86,1.62,2.35,9.78,9.7,-1.25,-4.45,-6.5,-8.67,-16.1,-6.65,-4.89,1.62,25.97,25.33,27.3,27.93,10.15,3.28,-3.76,-4.48,-3.21,-3.79,-7.79,-7.99,-10.04,-13.46
2021-09-06,831961,29.31,30.3,32.24,28.12,21751,66593911.0,14.08,3.52,1.03,3.46,6.15,-4.45,-7.54,-9.53,-11.63,-18.81,-9.67,-7.97,-1.67,13.05,27.53,25.7,27.43,27.93,-0.23,-7.03,-7.72,-6.5,-7.06,-10.92,-11.12,-13.1,-16.4,-14.03
2021-09-07,831961,30.23,28.5,30.23,28.0,9781,28024867.0,7.36,-5.94,-1.8,1.56,-4.04,-7.14,-9.14,-11.25,-18.46,-9.29,-7.57,-1.25,13.54,15.14,28.32,25.95,27.48,27.89,-1.16,-1.89,-0.6,-1.19,-5.3,-5.51,-7.61,-11.12,-8.6,-3.72
2021-09-08,831961,28.0,27.2,28.17,26.96,9515,26062872.0,4.25,-4.56,-1.3,1.52,-3.56,-5.64,-7.83,-15.32,-5.79,-4.01,2.56,17.92,19.58,12.13,28.58,26.15,27.41,27.87,2.79,4.15,3.53,-0.77,-0.99,-3.2,-6.88,-4.23,0.88,2.17
2021-09-09,831961,27.01,27.73,27.96,26.7,8741,24084932.0,4.63,1.95,0.53,1.39,-4.72,-6.93,-14.49,-4.87,-3.07,3.56,19.06,20.75,13.22,5.51,28.6,26.5,27.28,27.81,2.16,1.55,-2.67,-2.88,-5.05,-8.65,-6.06,-1.05,0.22,-0.47
2021-09-10,831961,27.87,27.77,28.33,27.49,5296,14687928.0,3.03,0.14,0.04,0.84,-9.6,-16.95,-7.6,-5.86,0.58,15.64,17.28,9.97,2.47,1.71,28.3,27.14,27.19,27.72,1.4,-2.81,-3.02,-5.19,-8.79,-6.19,-1.19,0.07,-0.61,-5.51
2021-09-13,831961,27.87,26.94,28.16,26.5,5199,14150717.0,5.98,-2.99,-0.83,0.83,-13.85,-4.15,-2.34,4.34,19.96,21.66,14.08,6.3,5.51,6.91,27.63,27.58,27.04,27.62,0.19,-0.04,-2.26,-5.98,-3.3,1.86,3.16,2.45,-2.6,-3.45
2021-09-14,831961,26.55,26.28,26.99,26.1,3225,8543013.0,3.3,-2.45,-0.66,0.51,-2.68,-0.84,5.94,21.8,23.52,15.82,7.93,7.13,8.54,7.89,27.18,27.75,26.86,27.53,2.47,0.19,-3.61,-0.88,4.41,5.75,5.02,-0.15,-1.03,-0.3
2021-09-15,831961,26.68,25.9,26.93,25.88,2304,6058270.0,4.0,-1.45,-0.38,0.37,0.0,6.84,22.84,24.57,16.81,8.85,8.04,9.47,8.81,4.29,26.92,27.75,26.68,27.42,1.66,-2.2,0.58,5.95,7.3,6.56,1.31,0.42,1.16,1.16
2021-09-16,831961,25.92,24.93,26.33,24.9,3711,9430456.0,5.52,-3.75,-0.97,0.59,11.04,27.67,29.48,21.41,13.13,12.29,13.78,13.09,8.39,8.15,26.36,27.48,26.43,27.31,1.6,4.49,10.07,11.47,10.71,5.25,4.33,5.09,5.09,3.97
2021-09-17,831961,24.75,25.02,25.33,24.25,3434,8501939.0,4.33,0.36,0.09,0.55,31.09,32.95,24.66,16.16,15.3,16.82,16.12,11.3,11.05,8.58,25.81,27.06,26.19,27.22,4.12,9.67,11.07,10.31,4.88,3.96,4.72,4.72,3.6,3.44
2021-09-22,831961,26.03,25.7,26.05,25.18,5222,13389944.0,3.48,2.72,0.68,0.83,28.04,20.06,11.87,11.04,12.51,11.83,7.19,6.95,4.57,0.6,25.57,26.6,26.15,27.15,6.77,8.13,7.39,2.1,1.21,1.95,1.95,0.86,0.7,-2.33
2021-09-23,831961,25.95,26.38,27.44,25.7,5650,15013172.0,6.77,2.65,0.68,0.9,17.63,9.61,8.79,10.23,9.57,5.02,4.79,2.45,-1.44,1.36,25.59,26.38,26.17,27.12,5.34,4.62,-0.53,-1.4,-0.68,-0.68,-1.74,-1.9,-4.85,-5.61
2021-09-24,831961,26.02,27.41,27.79,26.02,6826,18600371.0,6.71,3.9,1.03,1.09,8.26,7.46,8.88,8.22,3.73,3.5,1.19,-2.65,0.12,5.46,25.89,26.41,26.28,27.08,0.69,-4.27,-5.11,-4.41,-4.41,-5.44,-5.58,-8.43,-9.16,-8.46
2021-09-27,831961,27.33,26.0,27.6,25.91,4302,11448700.0,6.17,-5.14,-1.41,0.68,7.91,9.34,8.68,4.17,3.94,1.62,-2.24,0.54,5.91,7.26,26.1,26.23,26.37,26.93,0.92,0.04,0.77,0.77,-0.31,-0.46,-3.46,-4.23,-3.5,-3.27
2021-09-28,831961,26.1,26.01,26.24,25.37,1792,4637769.0,3.35,0.04,0.01,0.29,11.67,11.0,6.39,6.15,3.78,-0.16,2.68,8.16,9.54,8.79,26.3,26.06,26.6,26.81,0.0,0.73,0.73,-0.35,-0.5,-3.5,-4.27,-3.54,-3.31,-4.27
2021-09-29,831961,26.01,25.6,26.01,25.22,1867,4763655.0,3.04,-1.58,-0.41,0.3,11.66,7.02,6.78,4.4,0.44,3.29,8.8,10.19,9.44,4.04,26.28,25.92,26.75,26.66,2.34,2.34,1.25,1.09,-1.95,-2.73,-1.99,-1.76,-2.73,-3.67
2021-09-30,831961,25.8,26.2,26.2,25.22,2322,6010507.0,3.83,2.34,0.6,0.37,7.02,6.78,4.4,0.44,3.29,8.8,10.19,9.44,4.04,3.13,26.24,25.92,26.83,26.54,0.0,-1.07,-1.22,-4.2,-4.96,-4.24,-4.01,-4.96,-5.88,-2.67
2021-10-08,831961,26.0,25.65,26.2,25.37,2083,5322047.0,3.17,-2.1,-0.55,0.33,6.15,3.78,-0.16,2.68,8.16,9.54,8.79,3.43,2.52,3.27,25.89,25.89,26.82,26.41,1.05,0.9,-2.14,-2.92,-2.18,-1.95,-2.92,-3.86,-0.58,2.5
2021-10-11,831961,25.7,25.46,25.92,25.34,805,2046908.0,2.26,-0.74,-0.19,0.13,3.91,-0.04,2.8,8.29,9.67,8.92,3.55,2.64,3.39,3.39,25.78,25.94,26.71,26.26,1.65,-1.41,-2.2,-1.45,-1.22,-2.2,-3.14,0.16,3.26,5.46
2021-10-12,831961,25.0,24.78,25.88,24.3,2152,5345654.0,6.21,-2.67,-0.68,0.34,4.24,7.2,12.92,14.36,13.58,7.98,7.04,7.82,7.82,6.67,25.54,25.92,26.49,26.1,1.29,0.48,1.25,1.49,0.48,-0.48,2.91,6.09,8.35,7.38
2021-10-13,831961,24.95,24.87,25.1,24.67,605,1504576.0,1.74,0.36,0.09,0.1,5.59,11.23,12.65,11.88,6.36,5.43,6.2,6.2,5.07,4.9,25.39,25.84,26.22,26.04,0.12,0.88,1.13,0.12,-0.84,2.53,5.71,7.96,7.0,1.73
2021-10-14,831961,24.9,24.83,24.9,24.55,758,1870602.0,1.41,-0.16,-0.04,0.12,11.77,13.2,12.42,6.88,5.95,6.72,6.72,5.58,5.42,2.24,25.12,25.68,26.03,26.0,1.05,1.29,0.28,-0.68,2.7,5.88,8.14,7.17,1.89,1.41
2021-10-15,831961,24.59,25.07,25.09,24.34,914,2256479.0,3.02,0.97,0.24,0.15,14.17,13.39,7.81,6.86,7.64,7.64,6.49,6.33,3.12,2.3,25.0,25.45,25.93,26.0,0.32,-0.68,-1.64,1.72,4.87,7.1,6.14,0.92,0.44,-1.91
2021-10-18,831961,25.15,24.55,25.15,24.3,1894,4663225.0,3.39,-2.07,-0.52,0.3,13.58,7.98,7.04,7.82,7.82,6.67,6.5,3.29,2.47,3.25,24.82,25.3,25.77,26.01,1.43,0.45,3.87,7.09,9.37,8.39,3.05,2.57,0.16,4.52
2021-10-19,831961,24.9,24.35,24.9,24.2,1173,2854981.0,2.85,-0.81,-0.2,0.19,8.43,7.48,8.26,8.26,7.11,6.94,3.72,2.89,3.68,3.93,24.73,25.14,25.6,26.11,1.27,4.72,7.97,10.27,9.28,3.9,3.41,0.99,5.38,1.44
2021-10-20,831961,24.63,24.66,24.66,24.0,1152,2795330.0,2.71,1.27,0.31,0.18,8.38,9.17,9.17,8.0,7.83,4.58,3.75,4.54,4.79,3.75,24.69,25.04,25.48,26.18,3.41,6.61,8.88,7.91,2.6,2.11,-0.28,4.06,0.16,0.12
2021-10-21,831961,24.63,25.5,25.5,24.63,2847,7162097.0,3.53,3.41,0.84,0.45,6.37,6.37,5.24,5.08,1.91,1.1,1.87,2.11,1.1,0.12,24.83,24.97,25.44,26.21,3.1,5.29,4.35,-0.78,-1.25,-3.57,0.63,-3.14,-3.18,-2.24
2021-10-22,831961,25.66,26.03,26.29,25.25,1550,4019530.0,4.08,2.08,0.53,0.25,3.76,2.65,2.5,-0.59,-1.39,-0.63,-0.4,-1.39,-2.34,0.99,25.02,25.01,25.45,26.22,3.15,2.23,-2.8,-3.27,-5.53,-1.42,-5.11,-5.15,-4.23,-4.53
2021-10-25,831961,26.28,26.68,26.85,26.0,4586,12090862.0,3.27,2.5,0.65,0.73,-0.31,-0.46,-3.46,-4.23,-3.5,-3.27,-4.23,-5.15,-1.92,1.12,25.44,25.13,25.54,26.19,-0.26,-5.17,-5.62,-7.83,-3.82,-7.42,-7.46,-6.56,-6.86,-4.35
2021-10-26,831961,26.01,25.43,26.61,25.38,2537,6603547.0,4.61,-4.69,-1.25,0.4,1.97,-1.1,-1.89,-1.14,-0.91,-1.89,-2.84,0.47,3.59,5.79,25.66,25.2,25.56,26.06,-0.51,-0.98,-3.3,0.9,-2.87,-2.91,-1.97,-2.28,0.35,1.45
2021-10-27,831961,25.3,24.92,25.3,24.7,2591,6452861.0,2.36,-2.01,-0.51,0.41,1.62,0.81,1.58,1.82,0.81,-0.16,3.24,6.44,8.7,7.73,25.71,25.2,25.52,25.88,1.04,-1.32,2.97,-0.88,-0.92,0.04,-0.28,2.41,3.53,2.97
2021-10-28,831961,23.5,23.65,25.18,23.48,3210,7734697.0,6.82,-5.1,-1.27,0.51,6.05,6.86,7.11,6.05,5.03,8.6,11.97,14.35,13.33,7.75,25.34,25.08,25.38,25.72,3.97,8.5,4.44,4.4,5.41,5.07,7.91,9.09,8.5,12.64
2021-10-29,831961,23.68,24.38,24.59,23.68,2977,7206687.0,3.85,3.09,0.73,0.47,5.95,6.21,5.15,4.14,7.69,11.02,13.39,12.37,6.84,6.33,25.01,25.02,25.23,25.62,5.25,1.31,1.27,2.26,1.93,4.68,5.82,5.25,9.27,14.36
2021-11-01,831961,25.52,24.7,25.66,24.24,4676,11584280.0,5.82,1.31,0.32,0.74,3.75,2.72,1.73,5.2,8.46,10.77,9.78,4.37,3.88,1.44,24.62,25.03,25.17,25.52,0.0,-0.04,0.93,0.61,3.32,4.45,3.89,7.85,12.87,17.33
2021-11-02,831961,24.5,23.85,24.7,23.83,2238,5402259.0,3.52,-3.44,-0.85,0.36,4.49,3.48,7.01,10.32,12.67,11.67,6.17,5.67,3.19,7.68,24.3,24.98,25.06,25.39,3.52,4.53,4.19,7.0,8.18,7.59,11.7,16.9,21.51,6.5
2021-11-03,831961,23.01,24.01,24.69,23.01,1639,3908597.0,7.04,0.67,0.16,0.26,7.17,10.82,14.25,16.69,15.65,9.95,9.43,6.87,11.52,7.34,24.12,24.92,24.98,25.29,3.83,3.5,6.29,7.46,6.87,10.95,16.12,20.7,5.79,0.58
2021-11-04,831961,24.44,24.92,24.93,24.0,4886,11972276.0,3.87,3.79,0.91,0.78,6.25,9.54,11.88,10.87,5.42,4.92,2.46,6.92,2.92,2.88,24.37,24.86,24.91,25.25,-0.28,2.41,3.53,2.97,6.9,11.88,16.29,1.93,-3.09,-3.85
2021-11-05,831961,24.8,24.48,24.85,24.02,2441,5957449.0,3.33,-1.77,-0.44,0.39,9.45,11.78,10.78,5.33,4.83,2.37,6.83,2.83,2.79,3.79,24.39,24.7,24.86,25.2,4.25,5.39,4.82,8.82,13.89,18.38,3.76,-1.35,-2.12,-2.17
2021-11-08,831961,24.52,25.34,25.52,24.35,7434,18569459.0,4.78,3.51,0.86,1.18,10.27,9.28,3.9,3.41,0.99,5.38,1.44,1.4,2.38,2.05,24.52,24.57,24.85,25.21,1.82,1.26,5.13,10.02,14.36,0.24,-4.7,-5.45,-5.49,1.62
2021-11-09,831961,25.15,25.5,25.8,24.56,4931,12392831.0,4.89,0.63,0.16,0.79,8.35,3.01,2.52,0.12,4.48,0.57,0.53,1.51,1.18,3.91,24.85,24.58,24.89,25.23,0.63,4.47,9.33,13.65,-0.39,-5.29,-6.04,-6.08,0.98,5.76
2021-11-10,831961,25.16,25.5,25.66,25.16,3343,8479313.0,1.96,0.0,0.0,0.53,0.56,0.08,-2.27,1.99,-1.83,-1.87,-0.91,-1.23,1.43,2.54,25.15,24.63,24.92,25.22,4.47,9.33,13.65,-0.39,-5.29,-6.04,-6.08,0.98,5.76,5.41
2021-11-11,831961,26.06,26.3,26.64,25.55,5672,14749823.0,4.27,3.14,0.8,0.9,-1.45,-3.76,0.43,-3.33,-3.37,-2.43,-2.74,-0.12,0.98,0.43,25.42,24.9,24.99,25.22,6.01,10.19,-3.42,-8.17,-8.9,-8.94,-2.09,2.55,2.21,1.48
2021-11-12,831961,26.3,27.3,27.88,26.3,12010,32864192.0,6.01,3.8,1.0,1.91,-6.5,-2.43,-6.08,-6.12,-5.21,-5.51,-2.97,-1.9,-2.43,1.29,25.99,25.19,25.1,25.22,6.15,-6.96,-11.54,-12.23,-12.27,-5.68,-1.21,-1.54,-2.23,-5.13
2021-11-15,831961,27.25,25.22,28.98,24.5,23012,61172592.0,16.41,-7.62,-2.08,3.66,4.73,0.82,0.78,1.76,1.43,4.16,5.31,4.73,8.73,13.8,25.96,25.24,25.14,25.19,0.71,-4.24,-5.0,-5.04,2.1,6.94,6.58,5.83,2.7,-2.06
2021-11-16,831961,25.4,23.86,25.4,23.58,10632,25568621.0,7.22,-5.39,-1.36,1.69,4.75,4.71,5.73,5.39,8.23,9.41,8.82,12.98,18.24,22.9,25.64,25.24,25.11,25.12,1.22,0.42,0.38,7.92,13.03,12.66,11.86,8.55,3.52,3.19
2021-11-17,831961,23.89,23.78,24.15,23.45,5068,12023863.0,2.93,-0.34,-0.08,0.81,5.29,6.31,5.97,8.83,10.02,9.42,13.6,18.89,23.58,8.32,25.29,25.22,25.07,25.06,0.76,0.71,8.28,13.41,13.04,12.24,8.92,3.87,3.53,3.7
2021-11-18,831961,23.5,23.62,23.96,23.5,2547,6026644.0,1.93,-0.67,-0.16,0.41,6.09,5.74,8.6,9.79,9.19,13.36,18.64,23.32,8.09,2.77,24.76,25.09,24.97,24.97,1.4,9.02,14.18,13.8,13.0,9.65,4.57,4.23,4.4,4.15
2021-11-19,831961,23.8,23.71,23.95,23.37,4781,11314887.0,2.46,0.38,0.09,0.76,6.33,9.2,10.4,9.8,13.99,19.3,24.01,8.69,3.34,2.52,24.04,25.01,24.86,24.91,8.6,13.75,13.37,12.57,9.24,4.18,3.84,4.01,3.75,3.33
2021-11-22,831961,24.07,25.48,25.75,24.06,8563,21484207.0,7.13,7.47,1.77,1.36,6.07,7.23,6.65,10.72,15.88,20.45,5.57,0.37,-0.42,-0.46,24.09,25.03,24.8,24.91,5.85,5.49,4.75,1.65,-3.06,-3.38,-3.22,-3.45,-3.85,-6.59
2021-11-23,831961,25.88,26.14,26.97,25.5,10400,27503258.0,5.77,2.59,0.66,1.66,1.18,0.63,4.47,9.33,13.65,-0.39,-5.29,-6.04,-6.08,0.98,24.55,25.09,24.83,24.95,2.83,2.1,-0.92,-5.51,-5.81,-5.66,-5.89,-6.27,-8.95,-8.65
2021-11-24,831961,26.5,26.37,26.88,25.9,8147,21416507.0,3.75,0.88,0.23,1.3,-0.93,2.86,7.64,11.89,-1.93,-6.76,-7.49,-7.53,-0.58,4.13,25.06,25.18,24.91,25.0,1.21,-1.78,-6.33,-6.64,-6.48,-6.71,-7.09,-9.75,-9.44,-11.15
2021-11-25,831961,26.69,25.96,26.69,25.82,4078,10644143.0,3.3,-1.55,-0.41,0.65,3.18,7.98,12.24,-1.63,-6.47,-7.2,-7.24,-0.27,4.45,4.11,25.53,25.14,25.02,25.04,-0.23,-4.85,-5.16,-5.01,-5.24,-5.62,-8.32,-8.01,-9.75,-9.55
2021-11-26,831961,25.6,24.8,25.9,24.3,6671,16593138.0,6.16,-4.47,-1.16,1.06,14.73,19.26,4.53,-0.62,-1.4,-1.44,5.97,10.99,10.62,9.84,25.75,24.89,25.04,25.03,-0.4,-0.73,-0.56,-0.81,-1.21,-4.03,-3.71,-5.52,-5.32,-5.73
2021-11-29,831961,24.7,24.02,24.7,23.88,3938,9559218.0,3.31,-3.15,-0.78,0.63,21.36,6.37,1.13,0.34,0.29,7.83,12.94,12.56,11.77,8.46,25.46,24.77,25.01,25.02,2.5,2.66,2.41,2.0,-0.92,-0.58,-2.46,-2.25,-2.66,1.29
2021-11-30,831961,24.1,24.02,24.62,24.01,3674,8886559.0,2.54,0.0,0.0,0.58,5.79,0.58,-0.21,-0.25,7.25,12.33,11.95,11.16,7.87,2.87,25.03,24.79,25.02,25.0,2.66,2.41,2.0,-0.92,-0.58,-2.46,-2.25,-2.66,1.29,3.25
2021-12-01,831961,24.37,24.44,24.66,24.02,3749,9183321.0,2.66,1.75,0.42,0.6,0.54,-0.25,-0.29,7.2,12.28,11.91,11.12,7.83,2.83,2.5,24.65,24.86,25.04,25.0,0.65,0.25,-2.62,-2.29,-4.13,-3.93,-4.34,-0.45,1.47,4.75
2021-12-02,831961,24.59,24.21,24.6,24.12,2141,5200616.0,1.96,-0.94,-0.23,0.34,-0.66,-0.7,6.76,11.82,11.44,10.66,7.38,2.4,2.07,2.24,24.3,24.92,25.0,24.95,1.2,-1.69,-1.36,-3.22,-3.02,-3.43,0.5,2.44,5.74,2.64
2021-12-03,831961,24.5,23.47,24.5,23.35,4214,9957277.0,4.75,-3.06,-0.74,0.67,2.57,10.28,15.5,15.12,14.3,10.92,5.78,5.44,5.61,5.35,24.03,24.89,24.95,24.87,1.41,1.75,-0.17,0.04,-0.38,3.66,5.67,9.08,5.88,5.33
2021-12-06,831961,23.39,23.55,23.8,23.35,3301,7756962.0,1.92,0.34,0.08,0.53,10.28,15.5,15.12,14.3,10.92,5.78,5.44,5.61,5.35,4.93,23.94,24.7,24.86,24.76,1.4,-0.51,-0.3,-0.72,3.31,5.31,8.7,5.52,4.97,12.53
2021-12-07,831961,23.88,23.08,23.88,22.88,2805,6497692.0,4.25,-2.0,-0.47,0.45,17.88,17.48,16.65,13.2,7.95,7.6,7.78,7.52,7.08,4.02,23.75,24.39,24.74,24.69,1.52,1.73,1.3,5.42,7.45,10.92,7.67,7.11,14.82,14.77
2021-12-08,831961,23.27,23.27,23.43,22.93,1491,3464251.0,2.17,0.82,0.19,0.24,17.23,16.4,12.95,7.72,7.37,7.54,7.28,6.85,3.79,4.14,23.52,24.08,24.63,24.63,0.9,0.47,4.56,6.57,10.01,6.79,6.23,13.88,13.84,13.71
2021-12-09,831961,23.48,23.13,23.48,22.97,2072,4789939.0,2.19,-0.6,-0.14,0.33,16.2,12.76,7.53,7.18,7.36,7.1,6.66,3.61,3.96,2.0,23.3,23.8,24.47,24.61,1.08,5.19,7.22,10.68,7.44,6.87,14.57,14.53,14.4,11.59
2021-12-10,831961,23.38,23.18,23.38,22.89,1905,4389282.0,2.12,0.22,0.05,0.3,13.15,7.91,7.56,7.73,7.47,7.03,3.98,4.33,2.36,2.58,23.24,23.64,24.27,24.57,4.96,6.99,10.44,7.2,6.64,14.32,14.28,14.15,11.35,10.27
2021-12-13,831961,23.38,24.19,24.33,23.0,4096,9783492.0,5.74,4.36,1.01,0.65,7.39,7.04,7.22,6.96,6.52,3.48,3.83,1.87,2.09,1.65,23.37,23.65,24.21,24.56,2.52,5.83,2.73,2.19,9.55,9.51,9.38,6.7,5.66,3.27
2021-12-14,831961,24.29,24.39,24.8,24.01,5433,13351796.0,3.27,0.83,0.2,0.87,2.54,2.71,2.46,2.04,-0.87,-0.54,-2.42,-2.21,-2.62,1.33,23.63,23.69,24.24,24.57,4.96,1.89,1.35,8.65,8.61,8.49,5.82,4.8,2.42,4.02
2021-12-15,831961,24.6,24.42,25.6,24.32,5401,13521854.0,5.25,0.12,0.03,0.86,1.4,1.15,0.74,-2.14,-1.81,-3.66,-3.45,-3.87,0.04,1.97,23.86,23.69,24.27,24.59,1.76,1.23,8.52,8.48,8.35,5.69,4.67,2.29,3.89,4.34
2021-12-16,831961,24.34,24.18,24.85,23.96,1910,4627029.0,3.64,-0.98,-0.24,0.3,2.67,2.25,-0.67,-0.33,-2.21,-2.0,-2.42,1.54,3.51,6.84,24.07,23.69,24.3,24.56,2.23,9.59,9.55,9.43,6.74,5.71,3.31,4.92,5.38,6.66
2021-12-17,831961,24.51,24.15,24.72,24.11,1536,3741661.0,2.52,-0.12,-0.03,0.24,1.62,-1.29,-0.95,-2.82,-2.61,-3.03,0.91,2.86,6.18,3.07,24.27,23.75,24.32,24.55,9.73,9.69,9.57,6.87,5.84,3.44,5.05,5.51,6.79,11.26
2021-12-20,831961,24.5,26.49,26.5,24.28,19369,49977249.0,9.19,9.69,2.34,3.08,-1.98,-1.65,-3.5,-3.29,-3.71,0.21,2.14,5.44,2.35,1.81,24.73,24.05,24.37,24.59,0.0,-0.11,-2.57,-3.51,-5.7,-4.23,-3.81,-2.64,1.43,-1.81
2021-12-21,831961,26.31,25.78,26.49,25.25,7030,18144286.0,4.68,-2.68,-0.71,1.12,-5.43,-7.21,-7.01,-7.41,-3.64,-1.78,1.39,-1.58,-2.1,4.95,25.0,24.32,24.35,24.6,2.64,0.12,-0.85,-3.1,-1.59,-1.16,0.04,4.23,0.89,-2.17
2021-12-22,831961,25.9,25.25,26.46,25.21,5773,14887984.0,4.85,-2.06,-0.53,0.92,-7.06,-6.86,-7.26,-3.49,-1.63,1.55,-1.43,-1.94,5.12,5.08,25.17,24.52,24.3,24.59,2.22,1.23,-1.07,0.48,0.91,2.14,6.42,3.01,-0.12,-3.17
2021-12-23,831961,25.3,25.34,25.81,25.02,2629,6670078.0,3.13,0.36,0.09,0.42,-6.16,-6.55,-2.76,-0.88,2.32,-0.68,-1.2,5.92,5.88,5.76,25.4,24.74,24.27,24.56,0.87,-1.42,0.12,0.55,1.78,6.04,2.64,-0.47,-3.51,-4.26
2021-12-24,831961,25.1,24.75,25.56,24.45,3002,7468111.0,4.38,-2.33,-0.59,0.48,-4.38,-0.49,1.43,4.7,1.64,1.1,8.38,8.34,8.22,5.56,25.52,24.89,24.27,24.48,0.93,2.51,2.95,4.2,8.57,5.09,1.9,-1.21,-1.98,-1.09
2021-12-27,831961,24.93,24.45,24.98,24.33,3196,7892269.0,2.63,-1.21,-0.3,0.51,0.0,1.93,5.22,2.14,1.6,8.92,8.88,8.75,6.08,5.06,25.11,24.92,24.29,24.45,3.76,4.21,5.48,9.9,6.38,3.15,0.0,-0.78,0.12,-4.05
2021-12-28,831961,24.43,25.23,25.37,24.38,3145,7893382.0,4.05,3.19,0.78,0.5,1.72,5.0,1.93,1.39,8.7,8.65,8.53,5.87,4.84,2.46,25.0,25.0,24.35,24.5,0.99,2.22,6.5,3.09,-0.04,-3.09,-3.84,-2.97,-7.02,-7.73
2021-12-29,831961,25.4,25.33,25.48,24.93,1886,4758971.0,2.18,0.4,0.1,0.3,2.69,-0.32,-0.84,6.3,6.26,6.14,3.53,2.53,0.2,1.76,25.02,25.09,24.39,24.55,1.82,6.08,2.68,-0.43,-3.47,-4.22,-3.36,-7.38,-8.09,-6.44
2021-12-30,831961,25.33,25.66,25.79,25.29,4002,10246908.0,1.97,1.3,0.33,0.64,-1.74,-2.25,4.78,4.74,4.63,2.06,1.07,-1.23,0.32,0.75,25.08,25.24,24.46,24.61,4.72,1.36,-1.71,-4.72,-5.46,-4.6,-8.57,-9.28,-7.64,-7.83
2021-12-31,831961,25.68,26.05,26.87,25.0,7732,20223849.0,7.29,1.52,0.39,1.23,-1.12,6.0,5.96,5.84,3.24,2.24,-0.08,1.48,1.92,3.16,25.34,25.43,24.59,24.69,-0.15,-3.19,-6.14,-6.87,-6.03,-9.94,-10.63,-9.02,-9.21,-8.68
2022-01-04,831961,26.0,24.9,26.01,24.82,4153,10462514.0,4.57,-4.41,-1.15,0.66,6.77,6.73,6.61,3.99,2.98,0.64,2.22,2.66,3.91,8.26,25.43,25.27,24.66,24.67,1.29,-1.81,-2.57,-1.69,-5.78,-6.51,-4.82,-5.02,-4.46,-4.66
2022-01-05,831961,24.82,24.7,25.22,24.4,4320,10687497.0,3.29,-0.8,-0.2,0.69,8.57,8.44,5.78,4.75,2.38,3.98,4.43,5.7,10.12,6.6,25.33,25.17,24.74,24.63,-1.01,-1.78,-0.89,-5.02,-5.75,-4.05,-4.25,-3.68,-3.89,-4.25
2022-01-06,831961,24.4,24.03,24.45,23.76,6192,14845295.0,2.79,-2.71,-0.67,0.99,11.36,8.63,7.58,5.13,6.78,7.24,8.54,13.09,9.47,6.14,25.07,25.04,24.78,24.55,0.96,1.87,-2.37,-3.12,-1.37,-1.58,-1.0,-1.21,-1.58,-0.17
2022-01-07,831961,23.82,23.95,24.26,23.8,2231,5334826.0,1.91,-0.33,-0.08,0.36,8.45,7.39,4.96,6.6,7.06,8.36,12.9,9.29,5.97,2.73,24.73,24.9,24.82,24.48,2.21,-2.05,-2.8,-1.04,-1.25,-0.67,-0.88,-1.25,0.17,-1.04
2022-01-10,831961,24.48,22.98,24.48,22.98,4568,10738900.0,6.26,-4.05,-0.97,0.73,11.23,8.7,10.4,10.88,12.23,16.93,13.19,9.75,6.4,5.57,24.11,24.73,24.81,24.42,2.09,1.31,3.13,2.92,3.52,3.31,2.92,4.4,3.13,1.0
2022-01-11,831961,23.28,22.98,23.46,22.97,3179,7352354.0,2.13,0.0,0.0,0.51,8.75,10.45,10.93,12.28,16.98,13.23,9.8,6.44,5.62,6.57,23.73,24.58,24.75,24.39,1.31,3.13,2.92,3.52,3.31,2.92,4.4,3.13,1.0,1.74
2022-01-12,831961,23.01,23.27,23.28,22.77,3493,8016485.0,2.22,1.26,0.29,0.56,11.42,11.9,13.26,18.01,14.23,10.76,7.38,6.54,7.51,3.03,23.44,24.38,24.69,24.36,1.85,1.63,2.23,2.02,1.63,3.09,1.85,-0.26,0.47,-2.92
2022-01-13,831961,23.33,23.55,23.7,23.25,2708,6355080.0,1.93,1.2,0.28,0.43,9.59,10.92,15.57,11.87,8.47,5.16,4.34,5.29,0.9,0.13,23.35,24.21,24.65,24.33,0.42,1.02,0.81,0.42,1.87,0.64,-1.44,-0.72,-4.08,-4.33
2022-01-14,831961,23.34,23.1,23.65,22.9,1470,3402251.0,3.18,-1.91,-0.45,0.23,12.62,17.34,13.58,10.13,6.77,5.94,6.9,2.45,1.66,3.49,23.18,23.95,24.6,24.29,2.99,2.77,2.38,3.85,2.6,0.48,1.21,-2.21,-2.47,-5.28
2022-01-17,831961,23.1,23.7,23.79,22.82,1860,4346977.0,4.2,2.6,0.6,0.3,17.75,13.98,10.52,7.14,6.31,7.27,2.8,2.02,3.86,3.64,23.32,23.72,24.57,24.3,0.17,-0.21,1.22,0.0,-2.07,-1.35,-4.68,-4.94,-7.68,-6.58
2022-01-18,831961,23.56,23.65,23.74,23.27,1688,3977373.0,1.98,-0.21,-0.05,0.27,11.77,8.38,5.07,4.25,5.2,0.82,0.04,1.85,1.63,2.23,23.45,23.59,24.43,24.3,0.0,1.44,0.21,-1.86,-1.14,-4.48,-4.74,-7.48,-6.38,-7.06
2022-01-19,831961,23.65,23.48,23.65,23.23,806,1884598.0,1.78,-0.72,-0.17,0.13,8.57,5.25,4.43,5.38,0.99,0.22,2.02,1.81,2.41,2.2,23.5,23.47,24.32,24.32,2.17,0.94,-1.15,-0.43,-3.79,-4.05,-6.81,-5.71,-6.39,-5.45
2022-01-20,831961,23.56,23.6,23.99,23.11,2299,5451074.0,3.75,0.51,0.12,0.37,5.8,4.98,5.93,1.51,0.74,2.55,2.34,2.94,2.73,2.34,23.51,23.43,24.23,24.33,0.42,-1.65,-0.93,-4.28,-4.53,-7.29,-6.19,-6.86,-5.93,-6.23
2022-01-21,831961,23.6,23.4,23.7,23.36,940,2206018.0,1.44,-0.85,-0.2,0.15,3.85,4.79,0.43,-0.34,1.46,1.24,1.84,1.63,1.24,2.7,23.57,23.37,24.14,24.34,-0.81,-0.09,-3.46,-3.72,-6.5,-5.38,-6.07,-5.13,-5.43,-6.24
2022-01-24,831961,23.21,23.02,23.21,23.0,1412,3262360.0,0.9,-1.62,-0.38,0.22,6.43,2.0,1.22,3.04,2.83,3.43,3.22,2.83,4.3,3.04,23.43,23.37,24.05,24.33,1.56,-1.87,-2.13,-4.95,-3.82,-4.52,-3.56,-3.87,-4.69,-8.25
2022-01-25,831961,23.06,22.2,23.38,22.2,2322,5263593.0,5.13,-3.56,-0.82,0.37,5.68,4.86,6.76,6.53,7.16,6.94,6.53,8.06,6.76,4.55,23.14,23.3,23.94,24.27,1.76,1.49,-1.44,-0.27,-0.99,0.0,-0.32,-1.17,-4.86,-7.21
2022-01-26,831961,22.2,22.33,22.59,22.2,710,1586782.0,1.76,0.59,0.13,0.11,4.86,6.76,6.53,7.16,6.94,6.53,8.06,6.76,4.55,5.32,22.91,23.2,23.79,24.2,0.9,-2.02,-0.85,-1.57,-0.58,-0.9,-1.75,-5.42,-7.75,-8.78
2022-01-27,831961,22.52,21.5,22.53,20.5,2302,4973706.0,9.09,-3.72,-0.83,0.37,15.61,15.37,16.05,15.8,15.37,17.02,15.61,13.22,14.05,10.2,22.49,23.0,23.6,24.1,1.77,2.98,2.23,3.26,2.93,2.05,-1.77,-4.19,-5.26,-4.93
2022-01-28,831961,21.7,21.84,21.88,21.3,1076,2327905.0,2.7,1.58,0.34,0.17,11.03,11.69,11.46,11.03,12.63,11.27,8.97,9.77,6.06,5.77,22.18,22.87,23.41,24.02,1.37,0.64,1.65,1.33,0.46,-3.3,-5.68,-6.73,-6.41,-7.42
2022-02-07,831961,21.86,21.95,22.14,21.85,517,1139104.0,1.33,0.5,0.11,0.08,8.88,8.65,8.24,9.79,8.47,6.22,7.0,3.39,3.11,0.14,21.96,22.7,23.21,23.95,0.14,1.14,0.82,-0.05,-3.78,-6.15,-7.2,-6.88,-7.88,-7.61
2022-02-08,831961,21.88,21.94,21.98,21.61,867,1898168.0,1.69,-0.05,-0.01,0.14,9.86,9.44,11.01,9.67,7.4,8.19,4.53,4.26,1.25,2.45,21.91,22.53,23.06,23.8,1.19,0.87,0.0,-3.74,-6.11,-7.16,-6.84,-7.84,-7.57,-9.48
2022-02-09,831961,21.93,22.01,22.2,21.75,785,1728963.0,2.05,0.32,0.07,0.12,8.74,10.3,8.97,6.71,7.49,3.86,3.59,0.6,1.79,1.06,21.85,22.38,22.92,23.67,0.55,-0.32,-4.04,-6.41,-7.45,-7.13,-8.13,-7.86,-9.77,-11.9
2022-02-10,831961,22.0,21.92,22.13,21.63,677,1479075.0,2.27,-0.41,-0.09,0.11,10.91,9.57,7.3,8.09,4.44,4.16,1.16,2.36,1.62,2.64,21.93,22.21,22.82,23.56,0.09,-3.65,-6.02,-7.07,-6.75,-7.76,-7.48,-9.4,-11.54,-12.32
2022-02-11,831961,21.74,21.13,21.94,21.0,1293,2774054.0,4.29,-3.6,-0.79,0.21,12.86,10.52,11.33,7.57,7.29,4.19,5.43,4.67,5.71,5.38,21.79,21.98,22.68,23.42,-0.05,-2.51,-3.6,-3.27,-4.31,-4.02,-6.01,-8.23,-9.04,-9.84
2022-02-14,831961,21.02,20.03,21.12,19.97,3298,6730214.0,5.44,-5.21,-1.1,0.53,16.22,17.08,13.12,12.82,9.56,10.87,10.07,11.17,10.82,9.86,21.41,21.68,22.53,23.26,2.85,1.7,2.05,0.95,1.25,-0.85,-3.2,-4.04,-4.89,-6.39
2022-02-15,831961,20.15,20.06,20.6,20.0,2004,4044017.0,3.0,0.15,0.03,0.32,16.9,12.95,12.65,9.4,10.7,9.9,11.0,10.65,9.7,5.6,21.03,21.47,22.38,23.12,1.55,1.89,0.8,1.1,-1.0,-3.34,-4.19,-5.03,-6.53,-8.08
2022-02-16,831961,20.06,20.3,20.37,20.05,598,1209971.0,1.6,1.2,0.24,0.1,12.67,12.37,9.13,10.42,9.63,10.72,10.37,9.43,5.34,2.74,20.69,21.27,22.24,22.95,0.69,-0.39,-0.1,-2.17,-4.48,-5.32,-6.16,-7.64,-9.16,-5.37
2022-02-17,831961,20.25,20.01,20.44,20.0,1261,2538155.0,2.17,-1.43,-0.29,0.2,12.65,9.4,10.7,9.9,11.0,10.65,9.7,5.6,3.0,1.85,20.31,21.12,22.06,22.77,1.05,1.35,-0.75,-3.1,-3.95,-4.8,-6.3,-7.85,-4.0,-3.4
2022-02-18,831961,20.05,19.92,20.22,19.58,2559,5086075.0,3.2,-0.45,-0.09,0.41,11.75,13.07,12.26,13.38,13.02,12.05,7.87,5.21,4.03,4.39,20.06,20.93,21.9,22.58,1.81,-0.3,-2.66,-3.51,-4.37,-5.87,-7.43,-3.56,-2.96,-3.11
2022-02-21,831961,20.26,19.92,20.28,19.5,2046,4073525.0,3.92,0.0,0.0,0.33,13.54,12.72,13.85,13.49,12.51,8.31,5.64,4.46,4.82,3.69,20.04,20.72,21.71,22.38,-0.3,-2.66,-3.51,-4.37,-5.87,-7.43,-3.56,-2.96,-3.11,-3.61
2022-02-22,831961,19.86,19.23,19.86,19.0,2568,4956084.0,4.32,-3.46,-0.69,0.41,15.68,16.84,16.47,15.47,11.16,8.42,7.21,7.58,6.42,6.74,19.88,20.45,21.49,22.19,0.83,-0.05,-0.94,-2.5,-4.11,-0.1,0.52,0.36,-0.16,-3.69
2022-02-23,831961,19.39,19.15,19.39,18.86,2445,4652666.0,2.76,-0.42,-0.08,0.39,17.71,17.34,16.33,11.98,9.23,8.01,8.38,7.21,7.53,5.3,19.65,20.17,21.27,22.01,0.37,-0.52,-2.09,-3.71,0.31,0.94,0.78,0.26,-3.29,-7.15
2022-02-24,831961,19.15,18.75,19.22,18.58,2194,4135632.0,3.34,-2.09,-0.4,0.35,19.11,18.08,13.67,10.87,9.63,10.01,8.83,9.15,6.89,4.36,19.39,19.85,21.03,21.83,1.6,0.0,-1.65,2.45,3.09,2.93,2.4,-1.23,-5.17,-6.93
2022-02-25,831961,18.8,18.9,19.05,18.8,905,1708760.0,1.33,0.8,0.15,0.14,16.7,12.34,9.57,8.35,8.72,7.55,7.87,5.64,3.14,2.23,19.19,19.63,20.81,21.66,-0.79,-2.43,1.64,2.28,2.12,1.59,-2.01,-5.93,-7.67,-9.79
2022-02-28,831961,18.71,18.13,18.75,18.08,3390,6177491.0,3.54,-4.07,-0.77,0.54,16.81,13.94,12.67,13.05,11.84,12.17,9.85,7.25,6.31,5.37,18.83,19.44,20.56,21.5,1.71,5.96,6.62,6.45,5.9,2.15,-1.93,-3.75,-5.96,-7.12
2022-03-01,831961,18.16,18.25,18.44,18.06,1689,3066574.0,2.1,0.66,0.12,0.27,14.06,12.79,13.18,11.96,12.29,9.97,7.36,6.42,5.48,3.82,18.64,19.26,20.36,21.34,5.26,5.92,5.75,5.21,1.48,-2.58,-4.38,-6.58,-7.73,-12.33
2022-03-02,831961,18.25,19.08,19.21,18.25,2373,4453798.0,5.26,4.55,0.83,0.38,11.62,12.0,10.79,11.12,8.82,6.25,5.32,4.38,2.74,1.04,18.62,19.13,20.2,21.2,1.31,1.15,0.63,-2.94,-6.81,-8.54,-10.64,-11.74,-16.14,-19.13
2022-03-03,831961,18.61,19.07,19.33,18.61,1230,2343223.0,3.77,-0.05,-0.01,0.2,9.83,8.65,8.97,6.72,4.19,3.28,2.36,0.75,-0.91,3.22,18.69,19.04,20.08,21.05,1.21,0.68,-2.88,-6.76,-8.5,-10.59,-11.69,-16.1,-19.09,-14.89
2022-03-04,831961,19.3,19.1,19.3,18.9,809,1545113.0,2.1,0.16,0.03,0.13,6.98,7.3,5.08,2.59,1.69,0.79,-0.79,-2.43,1.64,2.28,18.73,18.96,19.94,20.92,0.52,-3.04,-6.91,-8.64,-10.73,-11.83,-16.23,-19.21,-15.03,-17.91
2022-03-07,831961,19.12,18.59,19.2,18.13,1024,1923520.0,5.6,-2.67,-0.51,0.16,11.86,9.54,6.95,6.01,5.07,3.42,1.71,5.96,6.62,6.45,18.82,18.82,19.77,20.75,-0.38,-4.36,-6.13,-8.28,-9.41,-13.93,-17.0,-12.69,-15.65,-15.81
2022-03-08,831961,18.39,17.71,18.52,17.0,4705,8217855.0,8.18,-4.73,-0.88,0.75,16.82,14.06,13.06,12.06,10.29,8.47,13.0,13.71,13.53,12.94,18.71,18.67,19.56,20.55,0.4,-1.47,-3.73,-4.91,-9.66,-12.87,-8.36,-11.46,-11.63,-4.07
2022-03-09,831961,17.5,16.97,17.78,16.5,4259,7203979.0,7.23,-4.18,-0.74,0.68,17.52,16.48,15.45,13.64,11.76,16.42,17.15,16.97,16.36,12.24,18.29,18.45,19.31,20.33,2.83,0.47,-0.77,-5.72,-9.07,-4.36,-7.6,-7.78,0.12,-0.06
2022-03-10,831961,17.16,17.14,17.45,17.1,1726,2965690.0,2.06,1.0,0.17,0.27,12.4,11.4,9.65,7.84,12.34,13.04,12.87,12.28,8.3,3.98,17.9,18.29,19.07,20.12,-0.53,-1.75,-6.65,-9.98,-5.31,-8.52,-8.69,-0.88,-1.05,-1.81
2022-03-11,831961,17.05,16.7,17.05,16.35,2938,4852193.0,4.08,-2.57,-0.44,0.47,16.51,14.68,12.78,17.49,18.23,18.04,17.43,13.27,8.75,6.73,17.42,18.07,18.85,19.9,0.84,-4.19,-7.6,-2.81,-6.11,-6.29,1.74,1.56,0.78,-0.18
2022-03-14,831961,16.59,15.99,16.84,15.99,4288,6914970.0,5.09,-4.25,-0.71,0.68,17.26,15.32,20.14,20.89,20.7,20.08,15.82,11.19,9.13,6.63,16.9,17.86,18.65,19.66,0.06,-3.5,1.5,-1.94,-2.13,6.25,6.07,5.25,4.25,2.94
2022-03-15,831961,15.9,14.89,16.0,14.64,2814,4313757.0,8.51,-6.88,-1.1,0.45,25.96,31.22,32.04,31.83,31.15,26.5,21.45,19.19,16.46,15.03,16.34,17.52,18.39,19.42,3.63,9.0,5.31,5.1,14.1,13.9,13.03,11.95,10.54,10.61
2022-03-16,831961,15.43,14.89,15.43,14.22,2445,3601638.0,8.13,0.0,0.0,0.39,35.09,35.94,35.72,35.02,30.24,25.04,22.71,19.9,18.42,12.52,15.92,17.1,18.12,19.17,9.0,5.31,5.1,14.1,13.9,13.03,11.95,10.54,10.61,12.49
2022-03-17,831961,15.06,15.66,16.23,15.06,2784,4363171.0,7.86,5.17,0.77,0.44,28.35,28.15,27.49,22.97,18.06,15.87,13.21,11.82,6.24,2.46,15.63,16.76,17.9,18.97,0.13,-0.06,8.49,8.3,7.47,6.45,5.11,5.17,6.96,6.64
2022-03-18,831961,15.68,15.51,15.68,15.27,1005,1562875.0,2.62,-0.96,-0.15,0.16,26.39,25.74,21.28,16.44,14.28,11.66,10.28,4.78,1.05,6.29,15.39,16.4,17.68,18.76,0.9,9.54,9.35,8.51,7.48,6.13,6.19,7.99,7.67,10.77
2022-03-21,831961,15.55,15.5,15.65,15.32,812,1253063.0,2.13,-0.06,-0.01,0.13,25.33,20.89,16.06,13.9,11.29,9.92,4.44,0.72,5.94,2.35,15.29,16.1,17.46,18.55,9.61,9.42,8.58,7.55,6.19,6.26,8.06,7.74,10.84,15.1
2022-03-22,831961,15.89,16.54,16.99,15.89,4616,7662884.0,7.1,6.71,1.04,0.74,16.55,11.89,9.82,7.3,5.98,0.69,-2.89,2.14,-1.32,-1.51,15.62,15.98,17.33,18.37,2.54,1.75,0.79,-0.48,-0.42,1.27,0.97,3.87,7.86,12.39
2022-03-23,831961,16.6,16.68,16.96,16.5,3049,5121044.0,2.78,0.85,0.14,0.49,7.76,5.76,3.33,2.06,-3.03,-6.48,-1.64,-4.97,-5.15,2.97,15.98,15.95,17.2,18.19,0.9,-0.06,-1.32,-1.26,0.42,0.12,3.0,6.95,11.45,7.97
2022-03-24,831961,16.83,16.55,16.83,16.51,1347,2241199.0,1.92,-0.78,-0.13,0.21,5.69,3.27,2.0,-3.09,-6.54,-1.7,-5.03,-5.21,2.91,2.73,16.16,15.89,17.09,18.01,0.73,-0.54,-0.48,1.21,0.91,3.81,7.79,12.33,8.82,7.37
2022-03-25,831961,16.67,16.35,16.67,15.62,1901,3105903.0,6.34,-1.21,-0.2,0.3,9.15,7.81,2.43,-1.22,3.91,0.38,0.19,8.77,8.58,7.75,16.32,15.86,16.96,17.85,0.67,0.73,2.45,2.14,5.08,9.11,13.7,10.15,8.69,6.97
2022-03-28,831961,16.36,16.39,16.46,16.1,460,749864.0,2.2,0.24,0.04,0.07,4.6,-0.62,-4.16,0.81,-2.61,-2.8,5.53,5.34,4.53,3.54,16.5,15.9,16.88,17.73,0.49,2.2,1.89,4.82,8.85,13.42,9.88,8.42,6.71,6.22
2022-03-29,831961,16.3,16.36,16.47,16.13,648,1050324.0,2.07,-0.18,-0.03,0.1,-0.81,-4.34,0.62,-2.79,-2.98,5.33,5.15,4.34,3.35,2.05,16.47,16.04,16.78,17.61,2.38,2.08,5.01,9.05,13.63,10.09,8.62,6.91,6.42,5.01
2022-03-30,831961,16.48,16.59,16.75,16.3,1286,2117456.0,2.75,1.41,0.23,0.2,-5.34,-0.43,-3.8,-3.99,4.23,4.05,3.25,2.27,0.98,1.04,16.45,16.21,16.66,17.48,0.66,3.56,7.53,12.06,8.56,7.11,5.42,4.94,3.56,1.69
2022-03-31,831961,16.6,16.53,16.7,16.46,576,956555.0,1.45,-0.36,-0.06,0.09,-1.4,-4.74,-4.92,3.22,3.04,2.25,1.28,0.0,0.06,1.76,16.44,16.3,16.53,17.37,3.93,7.92,12.46,8.95,7.5,5.81,5.32,3.93,2.06,3.39
2022-04-01,831961,16.93,17.16,17.18,16.52,2123,3605092.0,3.99,3.81,0.63,0.34,-5.08,-5.27,2.85,2.66,1.88,0.91,-0.36,-0.3,1.39,1.09,16.61,16.46,16.43,17.28,3.96,8.33,4.95,3.55,1.92,1.46,0.12,-1.69,-0.41,0.82
2022-04-06,831961,17.08,17.64,17.84,17.06,1793,3143149.0,4.55,2.8,0.48,0.29,-8.26,-0.41,-0.59,-1.35,-2.29,-3.52,-3.46,-1.82,-2.11,0.7,16.86,16.68,16.39,17.2,5.39,2.1,0.74,-0.85,-1.3,-2.61,-4.37,-3.12,-1.93,1.36
2022-04-07,831961,17.51,18.0,18.59,17.51,1843,3323992.0,6.12,2.04,0.36,0.29,-2.97,-3.14,-3.88,-4.8,-6.0,-5.94,-4.34,-4.63,-1.88,1.88,17.18,16.82,16.4,17.16,0.06,-1.28,-2.83,-3.28,-4.56,-6.28,-5.06,-3.89,-0.67,-2.56
2022-04-08,831961,17.89,17.77,18.01,17.2,949,1675770.0,4.5,-1.28,-0.23,0.15,-1.4,-2.15,-3.08,-4.3,-4.24,-2.62,-2.91,-0.12,3.72,8.08,17.42,16.93,16.44,17.11,0.0,-1.58,-2.03,-3.32,-5.06,-3.83,-2.64,0.62,-1.29,-1.52
2022-04-11,831961,17.61,17.18,17.77,16.95,924,1591605.0,4.61,-3.32,-0.59,0.15,-0.71,-1.65,-2.89,-2.83,-1.18,-1.47,1.36,5.25,9.68,6.25,17.55,17.0,16.44,17.06,1.8,1.34,0.0,-1.8,-0.52,0.7,4.07,2.1,1.86,-0.93
2022-04-12,831961,17.27,17.31,17.49,17.0,574,989553.0,2.85,0.76,0.13,0.09,-1.94,-3.18,-3.12,-1.47,-1.76,1.06,4.94,9.35,5.94,4.53,17.58,17.09,16.47,17.01,0.58,-0.75,-2.54,-1.27,-0.06,3.29,1.33,1.1,-1.68,-7.28
2022-04-13,831961,17.41,17.0,17.41,16.44,1675,2820753.0,5.6,-1.79,-0.31,0.27,0.12,0.18,1.89,1.58,4.5,8.52,13.08,9.55,8.09,6.39,17.45,17.15,16.52,16.97,1.06,-0.76,0.53,1.76,5.18,3.18,2.94,0.12,-5.59,-6.71
2022-04-14,831961,16.99,16.78,17.18,16.6,1330,2230112.0,3.41,-1.29,-0.22,0.21,-0.78,0.9,0.6,3.49,7.47,11.99,8.49,7.05,5.36,4.88,17.21,17.2,16.62,16.92,0.54,1.85,3.1,6.56,4.53,4.29,1.43,-4.35,-5.48,-3.99
2022-04-15,831961,16.58,16.8,16.87,16.0,1175,1951817.0,5.18,0.12,0.02,0.19,4.69,4.37,7.37,11.5,16.19,12.56,11.06,9.31,8.81,7.37,17.01,17.22,16.71,16.84,1.73,2.98,6.43,4.4,4.17,1.31,-4.46,-5.6,-4.11,-5.06
2022-04-18,831961,16.77,17.0,17.09,16.33,1034,1737563.0,4.52,1.19,0.2,0.16,2.27,5.21,9.25,13.84,10.29,8.82,7.1,6.61,5.21,3.31,16.98,17.26,16.78,16.78,1.76,5.18,3.18,2.94,0.12,-5.59,-6.71,-5.24,-6.18,-5.12
2022-04-19,831961,17.0,17.26,17.3,16.99,1051,1808477.0,1.82,1.53,0.26,0.17,1.12,5.0,9.42,6.0,4.59,2.94,2.47,1.12,-0.71,0.59,16.97,17.27,16.87,16.71,3.59,1.62,1.39,-1.39,-7.01,-8.11,-6.66,-7.59,-6.55,-8.75
2022-04-20,831961,17.2,17.55,17.88,17.0,1310,2290644.0,5.1,1.68,0.29,0.21,4.94,9.35,5.94,4.53,2.88,2.41,1.06,-0.76,0.53,1.76,17.08,17.26,16.97,16.68,-0.06,-0.28,-3.02,-8.55,-9.63,-8.21,-9.12,-8.09,-10.26,-9.57
2022-04-21,831961,17.46,17.14,17.54,17.06,1176,2027569.0,2.74,-2.34,-0.41,0.19,8.97,5.57,4.16,2.52,2.05,0.7,-1.11,0.18,1.41,4.81,17.15,17.18,17.0,16.66,2.1,-0.7,-6.36,-7.47,-6.01,-6.94,-5.89,-8.11,-7.41,-8.46
2022-04-22,831961,17.0,17.19,17.5,16.85,515,885807.0,3.79,0.29,0.05,0.08,6.88,5.46,3.8,3.32,1.96,0.12,1.42,2.67,6.11,4.09,17.23,17.12,17.03,16.67,-0.99,-6.63,-7.74,-6.28,-7.21,-6.17,-8.38,-7.68,-8.73,-7.62
2022-04-25,831961,17.02,15.5,17.02,15.32,2134,3465944.0,9.89,-9.83,-1.69,0.34,15.99,14.16,13.64,12.14,10.12,11.55,12.92,16.71,14.49,14.23,16.93,16.95,16.97,16.61,3.55,2.32,3.94,2.9,4.06,1.61,2.39,1.23,2.45,4.19
2022-04-26,831961,15.7,15.48,16.05,15.15,1339,2097896.0,5.81,-0.13,-0.02,0.21,15.45,14.92,13.4,11.35,12.81,14.19,18.02,15.78,15.51,12.34,16.57,16.77,16.93,16.57,2.45,4.07,3.04,4.2,1.74,2.52,1.36,2.58,4.33,11.76
2022-04-27,831961,15.1,15.7,15.86,15.0,955,1461874.0,5.56,1.42,0.22,0.15,16.07,14.53,12.47,13.93,15.33,19.2,16.93,16.67,13.47,7.0,16.2,16.64,16.9,16.56,2.61,1.59,2.74,0.32,1.08,-0.06,1.15,2.87,10.19,10.51
2022-04-28,831961,15.68,16.0,16.11,15.3,2481,3919917.0,5.16,1.91,0.3,0.4,12.29,10.26,11.7,13.07,16.86,14.64,14.38,11.24,4.9,3.66,15.97,16.56,16.88,16.6,-0.31,0.81,-1.56,-0.81,-1.94,-0.75,0.94,8.13,8.44,8.69
2022-04-29,831961,15.0,15.86,15.95,14.6,3191,4847396.0,8.44,-0.88,-0.14,0.51,15.55,17.05,18.49,22.47,20.14,19.86,16.58,9.93,8.63,10.34,15.71,16.47,16.84,16.63,1.7,-0.69,0.06,-1.07,0.13,1.83,9.08,9.39,9.65,15.45
2022-05-05,831961,15.98,15.86,16.13,15.52,1982,3127546.0,3.85,0.0,0.0,0.32,10.12,11.47,15.21,13.02,12.76,9.66,3.41,2.19,3.8,2.77,15.78,16.35,16.81,16.64,-0.69,0.06,-1.07,0.13,1.83,9.08,9.39,9.65,15.45,15.57
2022-05-06,831961,15.52,15.58,15.75,15.11,789,1227523.0,4.04,-1.77,-0.28,0.13,14.49,18.33,16.08,15.82,12.64,6.22,4.96,6.62,5.56,6.75,15.8,16.19,16.73,16.64,1.86,0.71,1.93,3.66,11.04,11.36,11.62,17.52,17.65,17.27
2022-05-09,831961,15.58,15.6,15.87,15.5,923,1440567.0,2.37,0.13,0.02,0.15,15.35,13.16,12.9,9.81,3.55,2.32,3.94,2.9,4.06,1.61,15.78,15.99,16.63,16.64,0.58,1.79,3.53,10.9,11.22,11.47,17.37,17.5,17.12,15.06
2022-05-10,831961,15.31,15.65,15.69,15.21,713,1108324.0,3.08,0.32,0.05,0.11,15.32,15.06,11.9,5.52,4.27,5.92,4.87,6.05,3.55,4.34,15.71,15.84,16.51,16.62,1.47,3.19,10.54,10.86,11.12,17.0,17.12,16.74,14.7,14.95
2022-05-11,831961,15.65,15.62,15.88,15.58,1475,2317102.0,1.92,-0.19,-0.03,0.23,12.32,9.24,3.02,1.8,3.4,2.37,3.53,1.09,1.86,0.71,15.66,15.68,16.4,16.58,3.39,10.76,11.08,11.33,17.22,17.35,16.97,14.92,15.17,11.08
2022-05-12,831961,15.26,16.0,16.15,15.26,2877,4509130.0,5.7,2.43,0.38,0.46,11.53,5.18,3.93,5.57,4.52,5.7,3.21,4.0,2.82,4.06,15.69,15.73,16.34,16.56,8.13,8.44,8.69,14.44,14.56,14.19,12.19,12.44,8.44,7.37
2022-05-13,831961,15.99,17.2,17.3,15.99,3856,6504672.0,8.19,7.5,1.2,0.61,0.38,-0.81,0.75,-0.25,0.88,-1.5,-0.75,-1.88,-0.69,1.0,16.01,15.91,16.34,16.59,0.87,1.1,6.45,6.57,6.22,4.36,4.59,0.87,-0.12,-0.29
2022-05-16,831961,16.75,17.2,17.35,16.73,1491,2524030.0,3.6,0.0,0.0,0.24,-5.2,-3.71,-4.66,-3.59,-5.86,-5.14,-6.22,-5.08,-3.47,3.41,16.33,16.06,16.35,16.62,1.1,6.45,6.57,6.22,4.36,4.59,0.87,-0.12,-0.29,-0.58
2022-05-17,831961,17.39,17.35,17.39,17.04,1595,2747001.0,2.03,0.87,0.15,0.25,-5.46,-6.4,-5.34,-7.57,-6.87,-7.92,-6.81,-5.22,1.53,1.82,16.67,16.19,16.38,16.65,5.53,5.65,5.3,3.46,3.69,0.0,-0.98,-1.15,-1.44,-0.86
2022-05-18,831961,17.48,17.97,18.31,17.05,1844,3316301.0,7.26,3.57,0.62,0.29,-6.45,-5.4,-7.62,-6.92,-7.98,-6.86,-5.28,1.47,1.76,1.99,17.14,16.4,16.44,16.7,2.0,1.67,-0.11,0.11,-3.45,-4.4,-4.56,-4.84,-4.28,-25.77
2022-05-19,831961,17.79,18.26,18.33,17.57,1440,2613729.0,4.23,1.61,0.29,0.23,-8.2,-10.36,-9.68,-10.7,-9.62,-8.08,-1.54,-1.25,-1.02,4.21,17.6,16.64,16.5,16.75,0.05,-1.7,-1.48,-4.98,-5.91,-6.08,-6.35,-5.81,-26.94,-26.78
2022-05-20,831961,18.26,18.0,18.27,17.7,1200,2148849.0,3.12,-1.42,-0.26,0.19,-11.02,-10.34,-11.36,-10.28,-8.76,-2.26,-1.98,-1.75,3.45,3.56,17.76,16.88,16.54,16.78,-0.28,-0.06,-3.61,-4.56,-4.72,-5.0,-4.44,-25.89,-25.72,-25.56
2022-05-23,831961,17.83,17.8,17.95,17.72,1239,2201447.0,1.28,-1.11,-0.2,0.2,-10.44,-11.46,-10.38,-8.86,-2.37,-2.09,-1.86,3.33,3.44,3.1,17.88,17.1,16.55,16.79,1.07,-2.53,-3.48,-3.65,-3.93,-3.37,-25.06,-24.89,-24.72,-24.83
2022-05-24,831961,17.84,17.35,17.99,17.31,1720,3034543.0,3.82,-2.53,-0.45,0.27,-9.36,-8.26,-6.7,-0.06,0.23,0.46,5.78,5.89,5.55,3.7,17.88,17.27,16.56,16.77,0.0,-0.98,-1.15,-1.44,-0.86,-23.11,-22.94,-22.77,-22.88,-23.98
2022-05-25,831961,17.15,17.18,17.35,17.04,444,761126.0,1.79,-0.98,-0.17,0.07,-6.81,-5.22,1.53,1.82,2.05,7.45,7.57,7.22,5.34,5.58,17.72,17.43,16.56,16.75,0.0,-0.17,-0.47,0.12,-22.35,-22.18,-22.0,-22.12,-23.22,-24.1
2022-05-26,831961,17.05,17.15,17.18,16.78,757,1292659.0,2.33,-0.17,-0.03,0.12,-3.75,3.1,3.4,3.64,9.12,9.24,8.88,6.97,7.21,3.4,17.5,17.55,16.64,16.74,0.0,-0.29,0.29,-22.22,-22.04,-21.87,-21.98,-23.09,-23.97,-24.9
2022-05-27,831961,17.15,17.1,17.15,16.95,1389,2364162.0,1.17,-0.29,-0.05,0.22,2.06,2.36,2.6,8.02,8.14,7.79,5.9,6.14,2.36,1.36,17.32,17.54,16.72,16.74,0.0,0.58,-21.99,-21.81,-21.64,-21.75,-22.87,-23.74,-24.68,-25.09
2022-05-30,831961,17.1,17.0,17.1,16.77,977,1659556.0,1.93,-0.58,-0.1,0.16,3.46,3.7,9.18,9.3,8.94,7.04,7.27,3.46,2.44,2.27,17.16,17.52,16.79,16.74,1.18,-21.53,-21.35,-21.18,-21.29,-22.41,-23.29,-24.24,-24.65,-25.35
2022-05-31,831961,17.17,17.1,17.2,17.0,777,1326511.0,1.18,0.59,0.1,0.12,2.29,7.71,7.82,7.47,5.59,5.82,2.06,1.06,0.88,0.59,17.11,17.49,16.84,16.75,-21.99,-21.81,-21.64,-21.75,-22.87,-23.74,-24.68,-25.09,-25.79,-25.38
2022-06-01,831961,13.3,13.2,13.34,13.13,792,1048701.0,1.23,-22.81,-3.9,0.1,39.45,39.6,39.15,36.71,37.01,32.14,30.85,30.62,30.24,31.0,16.31,17.01,16.71,16.63,1.29,1.52,1.36,-0.08,-1.21,-2.42,-2.95,-3.86,-3.33,-4.17
2022-06-02,831961,13.18,13.2,13.37,13.06,634,836818.0,2.35,0.0,0.0,0.08,40.35,39.89,37.44,37.75,32.85,31.55,31.32,30.93,31.7,2.14,15.52,16.51,16.58,16.5,1.52,1.36,-0.08,-1.21,-2.42,-2.95,-3.86,-3.33,-4.17,-5.68
2022-06-06,831961,13.02,13.37,13.4,13.0,1027,1364686.0,3.03,1.29,0.17,0.13,40.54,38.08,38.38,33.46,32.15,31.92,31.54,32.31,2.62,2.85,14.77,16.04,16.46,16.37,0.07,-1.35,-2.47,-3.66,-4.19,-5.09,-4.56,-5.39,-6.88,-8.0
2022-06-07,831961,13.08,13.09,13.38,13.01,1059,1385095.0,2.77,-2.09,-0.28,0.13,37.97,38.28,33.36,32.05,31.82,31.44,32.21,2.54,2.77,3.0,13.99,15.57,16.34,16.22,0.76,-0.38,-1.6,-2.14,-3.06,-2.52,-3.36,-4.89,-6.04,-6.42
2022-06-08,831961,13.19,12.88,13.19,12.74,1485,1926949.0,3.44,-1.6,-0.21,0.18,41.21,36.19,34.85,34.62,34.22,35.01,4.71,4.95,5.18,5.02,13.15,15.13,16.2,16.08,1.24,0.0,-0.54,-1.48,-0.93,-1.79,-3.34,-4.5,-4.89,-5.28
2022-06-09,831961,12.88,12.78,13.04,12.51,935,1195558.0,4.11,-0.78,-0.1,0.11,38.69,37.33,37.09,36.69,37.49,6.63,6.87,7.11,6.95,5.44,13.06,14.69,16.06,15.93,0.78,0.23,-0.7,-0.16,-1.02,-2.58,-3.76,-4.15,-4.54,-3.36
2022-06-10,831961,12.54,12.74,12.88,12.45,1205,1521850.0,3.36,-0.31,-0.04,0.15,37.99,37.75,37.35,38.15,7.15,7.39,7.63,7.47,5.94,4.74,12.97,14.25,15.9,15.84,0.55,-0.39,0.16,-0.71,-2.28,-3.45,-3.85,-4.24,-3.06,-2.43
2022-06-13,831961,12.52,12.66,12.81,12.51,653,826629.0,2.35,-0.63,-0.08,0.08,37.09,36.69,37.49,6.63,6.87,7.11,6.95,5.44,4.24,2.96,12.83,13.8,15.67,15.75,0.24,0.79,-0.08,-1.66,-2.84,-3.24,-3.63,-2.45,-1.82,-1.34
2022-06-14,831961,12.68,12.66,12.69,12.3,1812,2261037.0,3.08,0.0,0.0,0.22,39.02,39.84,8.46,8.7,8.94,8.78,7.24,6.02,4.72,4.15,12.74,13.37,15.44,15.65,0.79,-0.08,-1.66,-2.84,-3.24,-3.63,-2.45,-1.82,-1.34,5.53
2022-06-15,831961,12.66,12.66,12.76,12.51,1374,1734771.0,1.97,0.0,0.0,0.17,37.49,6.63,6.87,7.11,6.95,5.44,4.24,2.96,2.4,1.44,12.7,12.92,15.21,15.54,-0.08,-1.66,-2.84,-3.24,-3.63,-2.45,-1.82,-1.34,5.53,6.64
2022-06-16,831961,12.65,12.2,12.65,12.12,2273,2804751.0,4.19,-3.63,-0.46,0.28,10.07,10.31,10.56,10.4,8.83,7.59,6.27,5.69,4.7,5.28,12.58,12.82,14.92,15.41,2.05,0.82,0.41,0.0,1.23,1.89,2.38,9.51,10.66,10.16
2022-06-17,831961,12.2,12.23,12.45,12.12,2788,3411037.0,2.7,0.25,0.03,0.34,10.31,10.56,10.4,8.83,7.59,6.27,5.69,4.7,5.28,4.37,12.48,12.73,14.62,15.29,0.57,0.16,-0.25,0.98,1.64,2.13,9.24,10.38,9.89,8.67
2022-06-20,831961,12.23,12.18,12.3,12.15,1647,2006168.0,1.23,-0.41,-0.05,0.2,10.29,10.12,8.56,7.33,6.01,5.43,4.44,5.02,4.12,2.47,12.39,12.61,14.33,15.18,0.57,0.16,1.4,2.05,2.55,9.69,10.84,10.34,9.11,8.78
2022-06-21,831961,12.11,12.11,12.25,12.0,2638,3215148.0,2.05,-0.57,-0.07,0.32,11.5,9.92,8.67,7.33,6.75,5.75,6.33,5.42,3.75,2.5,12.28,12.51,14.04,15.06,0.74,1.98,2.64,3.14,10.32,11.48,10.98,9.74,9.41,8.75
2022-06-22,831961,12.0,12.08,12.2,12.0,1973,2396772.0,1.65,-0.25,-0.03,0.24,9.92,8.67,7.33,6.75,5.75,6.33,5.42,3.75,2.5,2.08,12.16,12.43,13.78,14.94,2.24,2.9,3.39,10.6,11.75,11.26,10.02,9.69,9.02,11.59
2022-06-23,831961,12.01,12.29,12.35,12.01,1495,1822349.0,2.81,1.74,0.21,0.18,8.58,7.24,6.66,5.66,6.24,5.33,3.66,2.41,2.0,1.58,12.18,12.38,13.53,14.83,1.14,1.63,8.71,9.85,9.36,8.14,7.81,7.16,9.68,6.92
2022-06-24,831961,12.11,12.32,12.43,12.11,1622,1994345.0,2.6,0.24,0.03,0.2,6.36,5.78,4.79,5.37,4.46,2.81,1.57,1.16,0.74,1.98,12.2,12.34,13.29,14.71,1.38,8.44,9.58,9.09,7.87,7.55,6.9,9.42,6.66,6.82
2022-06-27,831961,12.41,12.44,12.49,12.11,2301,2843923.0,3.08,0.97,0.12,0.28,5.78,4.79,5.37,4.46,2.81,1.57,1.16,0.74,1.98,2.64,12.25,12.32,13.06,14.55,7.4,8.52,8.04,6.83,6.51,5.87,8.36,5.63,5.79,4.98
2022-06-28,831961,12.48,13.1,13.36,12.32,4281,5588038.0,8.36,5.31,0.66,0.52,3.0,3.57,2.68,1.06,-0.16,-0.57,-0.97,0.24,0.89,1.38,12.45,12.36,12.86,14.42,3.05,2.6,1.45,1.15,0.53,2.9,0.31,0.46,-0.31,-0.84
2022-06-29,831961,13.28,13.03,13.5,13.0,2059,2737125.0,3.82,-0.53,-0.07,0.25,-1.85,-2.69,-4.23,-5.38,-5.77,-6.15,-5.0,-4.38,-3.92,2.77,12.64,12.4,12.66,14.27,3.15,2.0,1.69,1.07,3.45,0.84,1.0,0.23,-0.31,-1.15
2022-06-30,831961,13.44,13.22,13.44,12.73,2174,2819761.0,5.45,1.46,0.19,0.27,-0.63,-2.2,-3.38,-3.77,-4.16,-2.99,-2.36,-1.89,4.95,6.05,12.82,12.5,12.66,14.11,0.53,0.23,-0.38,1.97,-0.61,-0.45,-1.21,-1.74,-2.57,-1.89
2022-07-01,831961,13.29,13.22,13.29,13.0,2790,3663630.0,2.19,0.0,0.0,0.34,-4.23,-5.38,-5.77,-6.15,-5.0,-4.38,-3.92,2.77,3.85,3.38,13.0,12.6,12.66,13.94,0.23,-0.38,1.97,-0.61,-0.45,-1.21,-1.74,-2.57,-1.89,-2.8
2022-07-04,831961,13.05,13.08,13.25,13.05,904,1184271.0,1.51,-1.06,-0.14,0.11,-5.75,-6.13,-6.51,-5.36,-4.75,-4.29,2.38,3.45,2.99,1.84,13.13,12.69,12.65,13.78,0.69,3.06,0.46,0.61,-0.15,-0.69,-1.53,-0.84,-1.76,-3.13
2022-07-05,831961,13.04,13.0,13.17,12.91,806,1050178.0,1.99,-0.61,-0.08,0.1,-5.11,-5.5,-4.34,-3.72,-3.25,3.49,4.57,4.11,2.94,2.63,13.11,12.78,12.64,13.62,3.69,1.08,1.23,0.46,-0.08,-0.92,-0.23,-1.15,-2.54,-4.23
2022-07-06,831961,12.9,13.08,13.48,12.9,1581,2086914.0,4.46,0.62,0.08,0.19,-5.43,-4.26,-3.64,-3.18,3.57,4.65,4.19,3.02,2.71,2.09,13.12,12.88,12.65,13.48,0.46,0.61,-0.15,-0.69,-1.53,-0.84,-1.76,-3.13,-4.82,-4.89
2022-07-07,831961,13.1,13.06,13.14,12.9,1338,1739237.0,1.83,-0.15,-0.02,0.16,-4.26,-3.64,-3.18,3.57,4.65,4.19,3.02,2.71,2.09,4.5,13.09,12.95,12.67,13.34,0.77,0.0,-0.54,-1.38,-0.69,-1.61,-2.99,-4.67,-4.75,-5.82
2022-07-08,831961,12.91,13.06,13.16,12.8,1787,2312844.0,2.76,0.0,0.0,0.22,-2.89,-2.42,4.37,5.47,5.0,3.83,3.52,2.89,5.31,2.66,13.06,13.03,12.68,13.2,0.0,-0.54,-1.38,-0.69,-1.61,-2.99,-4.67,-4.75,-5.82,-6.51
2022-07-11,831961,12.87,12.92,13.06,12.65,1102,1411425.0,3.14,-1.07,-0.14,0.14,-1.26,5.61,6.72,6.25,5.06,4.74,4.11,6.56,3.87,4.03,13.02,13.08,12.7,13.07,0.54,-0.31,0.39,-0.54,-1.93,-3.64,-3.72,-4.8,-5.5,-6.5
2022-07-12,831961,12.77,12.65,12.99,12.53,1049,1332492.39,3.56,-2.09,-0.27,0.13,6.62,7.74,7.26,6.07,5.75,5.11,7.58,4.87,5.03,4.23,12.95,13.03,12.7,12.92,1.82,2.53,1.58,0.16,-1.58,-1.66,-2.77,-3.48,-4.51,-5.45
2022-07-13,831961,12.87,12.78,12.88,12.52,869,1103752.41,2.85,1.03,0.13,0.11,7.83,7.35,6.15,5.83,5.19,7.67,4.95,5.11,4.31,3.75,12.89,13.01,12.7,12.78,1.49,0.55,-0.86,-2.58,-2.66,-3.76,-4.46,-5.48,-6.42,-6.57
2022-07-14,831961,12.54,12.5,12.97,12.5,1461,1852838.32,3.68,-2.19,-0.28,0.18,7.52,6.32,6.0,5.36,7.84,5.12,5.28,4.48,3.92,3.04,12.78,12.93,12.72,12.75,2.8,1.36,-0.4,-0.48,-1.6,-2.32,-3.36,-4.32,-4.48,-4.88
2022-07-15,831961,12.85,12.35,12.85,12.35,1479,1859383.06,4.0,-1.2,-0.15,0.18,7.61,7.29,6.64,9.15,6.4,6.56,5.75,5.18,4.29,5.02,12.64,12.85,12.72,12.72,2.59,0.81,0.73,-0.4,-1.13,-2.19,-3.16,-3.32,-3.72,-5.91
2022-07-18,831961,12.6,12.36,12.67,12.3,725,897225.37,3.0,0.08,0.01,0.09,7.72,7.07,9.59,6.83,6.99,6.18,5.61,4.72,5.45,4.47,12.53,12.78,12.73,12.69,0.73,0.65,-0.49,-1.21,-2.27,-3.24,-3.4,-3.8,-5.99,-4.13
2022-07-19,831961,12.3,12.25,12.45,12.2,1286,1576242.54,2.02,-0.89,-0.11,0.16,7.95,10.49,7.7,7.87,7.05,6.48,5.57,6.31,5.33,3.85,12.45,12.7,12.74,12.66,1.55,0.41,-0.33,-1.39,-2.37,-2.53,-2.94,-5.14,-3.27,-6.2
2022-07-20,831961,12.37,12.3,12.44,12.09,2478,3016550.83,2.86,0.41,0.05,0.3,11.5,8.68,8.85,8.02,7.44,6.53,7.28,6.29,4.8,2.98,12.35,12.62,12.75,12.64,0.0,-0.73,-1.79,-2.76,-2.93,-3.33,-5.53,-3.66,-6.59,0.57
2022-07-21,831961,12.15,12.24,12.3,12.09,1426,1732935.15,1.71,-0.49,-0.06,0.17,8.68,8.85,8.02,7.44,6.53,7.28,6.29,4.8,2.98,2.89,12.3,12.54,12.75,12.63,-0.25,-1.31,-2.29,-2.45,-2.86,-5.07,-3.19,-6.13,1.06,-0.65
2022-07-22,831961,12.21,12.05,12.21,11.9,1601,1930489.69,2.53,-1.55,-0.19,0.2,10.59,9.75,9.16,8.24,8.99,7.98,6.47,4.62,4.54,3.36,12.24,12.44,12.73,12.6,0.25,-0.75,-0.91,-1.33,-3.57,-1.66,-4.65,2.66,0.91,-1.99
2022-07-25,831961,12.0,11.88,12.08,11.81,1234,1473169.9,2.24,-1.41,-0.17,0.15,10.58,9.99,9.06,9.82,8.81,7.28,5.42,5.33,4.15,3.39,12.14,12.34,12.71,12.58,0.67,0.51,0.08,-2.19,-0.25,-3.28,4.12,2.36,-0.59,0.0
2022-07-26,831961,11.95,11.8,11.96,11.75,990,1169916.12,1.77,-0.67,-0.08,0.12,10.55,9.62,10.38,9.36,7.83,5.96,5.87,4.68,3.91,2.81,12.05,12.25,12.64,12.55,1.19,0.76,-1.53,0.42,-2.63,4.83,3.05,0.08,0.68,-0.59
2022-07-27,831961,11.81,11.8,11.94,11.7,2423,2854696.09,2.03,0.0,0.0,0.3,10.09,10.85,9.83,8.29,6.41,6.32,5.13,4.36,3.25,2.22,11.95,12.15,12.58,12.52,0.76,-1.53,0.42,-2.63,4.83,3.05,0.08,0.68,-0.59,-0.59
2022-07-28,831961,11.89,11.55,11.89,11.51,3261,3781210.0,3.22,-2.12,-0.25,0.4,12.68,11.64,10.08,8.17,8.08,6.86,6.08,4.95,3.91,3.74,11.82,12.06,12.5,12.5,0.61,2.6,-0.52,7.1,5.28,2.25,2.86,1.56,1.56,6.75
2022-07-29,831961,11.51,11.25,11.62,11.2,2319,2647852.06,3.64,-2.6,-0.3,0.28,14.73,13.13,11.16,11.07,9.82,9.02,7.86,6.79,6.61,6.16,11.66,11.95,12.4,12.46,5.33,2.13,9.96,8.09,4.98,5.6,4.27,4.27,9.6,8.98
2022-08-01,831961,11.22,11.36,11.85,11.2,2766,3172753.77,5.78,0.98,0.11,0.34,13.13,11.16,11.07,9.82,9.02,7.86,6.79,6.61,6.16,3.75,11.55,11.85,12.31,12.44,1.14,8.89,7.04,3.96,4.58,3.26,3.26,8.54,7.92,7.22
2022-08-02,831961,11.45,11.43,11.49,10.68,6214,6919774.14,7.13,0.62,0.07,0.76,16.57,16.48,15.17,14.33,13.11,11.99,11.8,11.33,8.8,10.96,11.48,11.77,12.23,12.42,8.22,6.39,3.32,3.94,2.62,2.62,7.87,7.26,6.56,6.56
2022-08-03,831961,11.04,11.88,12.37,11.04,8483,10092765.92,11.64,3.94,0.45,1.04,12.68,11.41,10.6,9.42,8.33,8.15,7.7,5.25,7.34,4.08,11.49,11.72,12.17,12.41,2.36,-0.59,0.0,-1.26,-1.26,3.79,3.2,2.53,2.53,1.18
2022-08-04,831961,12.16,11.78,12.16,11.68,1189,1412703.93,4.04,-0.84,-0.1,0.15,5.31,4.54,3.42,2.4,2.23,1.8,-0.51,1.46,-1.63,5.91,11.54,11.68,12.11,12.39,0.25,0.85,-0.42,-0.42,4.67,4.07,3.4,3.4,2.04,2.46
2022-08-05,831961,11.71,11.75,11.81,11.6,950,1109929.09,1.78,-0.25,-0.03,0.12,5.26,4.14,3.1,2.93,2.5,0.17,2.16,-0.95,6.64,4.83,11.64,11.65,12.04,12.37,1.11,-0.17,-0.17,4.94,4.34,3.66,3.66,2.3,2.72,9.79
2022-08-08,831961,11.75,11.68,11.88,11.58,1058,1229611.36,2.55,-0.6,-0.07,0.13,4.32,3.28,3.11,2.68,0.35,2.33,-0.78,6.82,5.01,1.99,11.7,11.63,11.98,12.35,0.43,0.43,5.57,4.97,4.28,4.28,2.91,3.34,10.45,9.5
2022-08-09,831961,11.6,11.62,11.73,11.56,712,826738.84,1.46,-0.51,-0.06,0.09,3.46,3.29,2.85,0.52,2.51,-0.61,7.01,5.19,2.16,2.77,11.74,11.61,11.93,12.3,0.95,6.11,5.51,4.82,4.82,3.44,3.87,11.02,10.07,9.29
2022-08-10,831961,11.73,11.67,11.73,11.55,1247,1445301.59,1.55,0.43,0.05,0.15,3.38,2.94,0.61,2.6,-0.52,7.1,5.28,2.25,2.86,1.56,11.7,11.6,11.87,12.25,5.66,5.06,4.37,4.37,3.0,3.43,10.54,9.6,8.83,8.83
2022-08-11,831961,11.81,12.16,12.33,11.58,4038,4880650.79,6.43,4.2,0.49,0.49,2.68,0.35,2.33,-0.78,6.82,5.01,1.99,2.59,1.3,1.3,11.78,11.66,11.86,12.22,0.82,0.16,0.16,-1.15,-0.74,6.09,5.18,4.44,4.44,4.44
2022-08-12,831961,12.18,12.15,12.26,12.06,640,775828.06,1.64,-0.08,-0.01,0.08,-3.65,-1.74,-4.73,2.57,0.83,-2.07,-1.49,-2.74,-2.74,2.24,11.86,11.75,11.85,12.18,0.25,0.25,-1.07,-0.66,6.17,5.27,4.53,4.53,4.53,3.95
2022-08-15,831961,12.05,12.15,12.18,12.0,585,705327.51,1.48,0.0,0.0,0.07,-1.25,-4.25,3.08,1.33,-1.58,-1.0,-2.25,-2.25,2.75,2.17,11.95,11.83,11.84,12.15,0.25,-1.07,-0.66,6.17,5.27,4.53,4.53,4.53,3.95,7.65
2022-08-16,831961,12.01,11.9,12.18,11.84,1049,1255784.09,2.8,-2.06,-0.25,0.13,-2.96,4.48,2.7,-0.25,0.34,-0.93,-0.93,4.14,3.55,2.87,12.01,11.87,11.82,12.11,1.01,1.43,8.4,7.48,6.72,6.72,6.72,6.13,9.92,13.45
2022-08-17,831961,12.02,11.91,12.02,11.87,430,512387.52,1.26,0.08,0.01,0.05,4.21,2.44,-0.51,0.08,-1.18,-1.18,3.88,3.29,2.61,2.61,12.05,11.88,11.8,12.07,1.34,8.31,7.39,6.63,6.63,6.63,6.05,9.82,13.35,11.84
2022-08-18,831961,11.6,11.89,12.07,11.6,506,603549.47,3.95,-0.17,-0.02,0.06,4.83,1.81,2.41,1.12,1.12,6.29,5.69,5.0,5.0,3.62,12.0,11.89,11.78,12.04,8.49,7.57,6.81,6.81,6.81,6.22,10.01,13.54,12.03,7.57
2022-08-19,831961,12.25,12.56,12.9,12.22,7882,9990750.72,5.72,5.63,0.67,0.97,-3.36,-2.78,-4.01,-4.01,0.9,0.33,-0.33,-0.33,-1.64,-1.23,12.08,11.97,11.81,12.02,1.83,1.11,1.11,1.11,0.56,4.14,7.48,6.05,1.83,1.27
2022-08-22,831961,12.01,12.63,12.79,12.01,2694,3375828.3,6.21,0.56,0.07,0.33,-1.08,-2.33,-2.33,2.66,2.08,1.42,1.42,0.08,0.5,7.41,12.18,12.06,11.85,12.01,0.55,0.55,0.55,0.0,3.56,6.89,5.46,1.27,0.71,6.89
2022-08-23,831961,12.6,12.5,12.7,12.39,826,1030048.34,2.45,-1.03,-0.13,0.1,-5.33,-5.33,-0.48,-1.05,-1.69,-1.69,-2.99,-2.58,4.12,3.23,12.3,12.15,11.88,12.0,1.6,1.6,1.04,4.64,8.0,6.56,2.32,1.76,8.0,7.76
2022-08-24,831961,12.44,12.5,12.7,12.32,1862,2326281.05,3.04,0.0,0.0,0.23,-4.79,0.08,-0.49,-1.14,-1.14,-2.44,-2.03,4.71,3.81,3.08,12.42,12.23,11.92,12.0,1.6,1.04,4.64,8.0,6.56,2.32,1.76,8.0,7.76,4.8
2022-08-25,831961,12.43,12.53,12.7,12.26,1059,1318341.72,3.52,0.24,0.03,0.13,0.57,0.0,-0.65,-0.65,-1.96,-1.55,5.22,4.32,3.59,3.59,12.54,12.27,11.96,12.0,0.8,4.39,7.74,6.3,2.08,1.52,7.74,7.5,4.55,3.35
2022-08-26,831961,12.6,12.53,12.63,12.45,352,443076.13,1.44,0.0,0.0,0.04,-1.53,-2.17,-2.17,-3.45,-3.05,3.61,2.73,2.01,2.01,2.01,12.54,12.31,12.03,12.0,4.39,7.74,6.3,2.08,1.52,7.74,7.5,4.55,3.35,2.71
2022-08-29,831961,12.53,12.92,13.08,12.53,1217,1563274.79,4.39,3.11,0.39,0.15,-2.79,-2.79,-4.07,-3.67,2.95,2.08,1.36,1.36,1.36,0.8,12.6,12.39,12.11,12.02,4.49,3.1,-1.01,-1.55,4.49,4.26,1.39,0.23,-0.39,-0.93
2022-08-30,831961,13.04,13.23,13.5,12.99,2308,3048168.28,3.95,2.4,0.31,0.28,-6.24,-7.47,-7.08,-0.69,-1.54,-2.23,-2.23,-2.23,-2.77,0.69,12.74,12.52,12.2,12.05,0.68,-3.33,-3.85,2.04,1.81,-0.98,-2.12,-2.72,-3.25,-3.85
2022-08-31,831961,13.32,12.82,13.32,12.57,1773,2261248.05,5.67,-3.1,-0.41,0.22,-4.38,-3.98,2.63,1.75,1.03,1.03,1.03,0.48,4.06,7.4,12.81,12.61,12.24,12.07,-0.23,-0.78,5.3,5.07,2.18,1.01,0.39,-0.16,-0.78,-0.94
2022-09-01,831961,12.79,12.56,12.79,12.4,1184,1481546.22,3.04,-2.03,-0.26,0.15,-2.66,4.03,3.15,2.42,2.42,2.42,1.85,5.48,8.87,7.42,12.81,12.68,12.28,12.08,1.27,7.48,7.25,4.3,3.11,2.47,1.91,1.27,1.11,0.56
2022-09-02,831961,12.53,12.72,12.72,12.53,630,793276.79,1.51,1.27,0.16,0.08,2.95,2.08,1.36,1.36,1.36,0.8,4.39,7.74,6.3,2.08,12.85,12.69,12.33,12.1,6.13,5.9,2.99,1.81,1.18,0.63,0.0,-0.16,-0.71,1.26
2022-09-05,831961,12.96,13.0,13.5,12.85,1783,2343561.78,5.11,2.2,0.28,0.22,-0.47,-1.17,-1.17,-1.17,-1.71,1.79,5.06,3.66,-0.47,-1.01,12.87,12.73,12.4,12.14,3.62,0.77,-0.38,-1.0,-1.54,-2.15,-2.31,-2.85,-0.92,-1.54
2022-09-06,831961,13.2,13.01,13.47,12.92,852,1114841.55,4.23,0.08,0.01,0.1,-1.7,-1.7,-1.7,-2.24,1.24,4.49,3.1,-1.01,-1.55,4.49,12.82,12.78,12.47,12.18,0.69,-0.46,-1.08,-1.61,-2.23,-2.38,-2.92,-1.0,-1.61,2.23
2022-09-07,831961,13.1,12.95,13.1,12.81,553,715222.79,2.23,-0.46,-0.06,0.07,-0.86,-0.86,-1.41,2.11,5.39,3.98,-0.16,-0.7,5.39,5.15,12.85,12.83,12.53,12.22,0.0,-0.62,-1.16,-1.78,-1.93,-2.47,-0.54,-1.16,2.7,3.09
2022-09-08,831961,12.85,12.72,12.95,12.7,677,865268.71,1.93,-1.78,-0.23,0.08,0.0,-0.55,2.99,6.3,4.88,0.71,0.16,6.3,6.06,3.15,12.88,12.85,12.56,12.26,1.18,0.63,0.0,-0.16,-0.71,1.26,0.63,4.56,4.95,0.47
2022-09-09,831961,12.78,12.8,12.87,12.58,343,436791.01,2.28,0.63,0.08,0.04,0.4,3.97,7.31,5.88,1.67,1.11,7.31,7.07,4.13,2.94,12.9,12.87,12.59,12.31,0.0,-0.62,-0.78,-1.33,0.63,0.0,3.91,4.3,-0.16,-4.06
2022-09-13,831961,12.78,12.73,12.8,12.63,680,866016.24,1.33,-0.55,-0.07,0.08,3.56,6.89,5.46,1.27,0.71,6.89,6.65,3.72,2.53,1.9,12.84,12.85,12.62,12.36,-0.08,-0.24,-0.79,1.18,0.55,4.48,4.87,0.39,-3.53,-4.71
2022-09-14,831961,12.7,12.7,12.72,12.55,643,813117.58,1.34,-0.24,-0.03,0.08,7.57,6.14,1.91,1.35,7.57,7.33,4.38,3.19,2.55,1.99,12.78,12.8,12.66,12.4,0.0,-0.55,1.42,0.79,4.72,5.12,0.63,-3.31,-4.49,-3.86
2022-09-15,831961,12.6,12.35,12.7,12.12,1323,1629277.07,4.57,-2.76,-0.35,0.16,9.9,5.53,4.95,11.39,11.14,8.09,6.85,6.19,5.61,4.95,12.66,12.75,12.68,12.41,2.27,4.29,3.64,7.69,8.1,3.48,-0.57,-1.78,-1.13,-3.16
2022-09-16,831961,12.39,12.62,12.63,12.14,1622,2009344.86,3.97,2.19,0.27,0.2,5.35,4.78,11.2,10.96,7.91,6.67,6.01,5.44,4.78,4.61,12.64,12.76,12.72,12.44,2.06,1.43,5.39,5.78,1.27,-2.69,-3.88,-3.25,-5.23,2.77
2022-09-19,831961,12.42,12.32,12.88,12.23,1659,2078344.03,5.15,-2.38,-0.3,0.2,4.01,10.38,10.14,7.11,5.89,5.23,4.66,4.01,3.84,3.27,12.54,12.72,12.71,12.46,3.9,7.95,8.36,3.73,-0.32,-1.54,-0.89,-2.92,5.28,-0.16
2022-09-20,831961,12.72,12.66,12.8,12.48,1369,1725059.26,2.6,2.76,0.34,0.17,8.17,7.93,4.97,3.77,3.12,2.56,1.92,1.76,1.2,3.21,12.53,12.69,12.71,12.49,5.06,5.45,0.95,-3.0,-4.19,-3.55,-5.53,2.45,-2.84,-8.14
2022-09-21,831961,12.5,13.21,13.3,12.38,4783,6225183.17,7.27,4.34,0.55,0.59,8.8,5.82,4.6,3.96,3.39,2.75,2.58,2.02,4.04,3.39,12.63,12.71,12.74,12.55,1.06,-3.26,-7.04,-8.18,-7.57,-9.46,-1.82,-6.89,-11.96,-11.96
2022-09-22,831961,13.0,12.8,13.35,12.77,2182,2839615.47,4.39,-3.1,-0.41,0.27,2.58,1.41,0.78,0.23,-0.39,-0.55,-1.1,0.86,0.23,4.15,12.72,12.69,12.76,12.58,-0.16,-4.06,-5.23,-4.61,-6.56,1.33,-3.91,-9.14,-9.14,-8.2
2022-09-23,831961,12.7,12.28,12.78,12.23,1665,2057126.04,4.3,-4.06,-0.52,0.2,5.89,5.23,4.66,4.01,3.84,3.27,5.31,4.66,8.75,9.16,12.65,12.65,12.75,12.59,0.0,-1.22,-0.57,-2.61,5.62,0.16,-5.29,-5.29,-4.32,-3.26
2022-09-26,831961,12.26,12.13,12.28,12.0,535,646762.82,2.28,-1.22,-0.15,0.07,7.25,6.67,6.0,5.83,5.25,7.33,6.67,10.83,11.25,6.5,12.62,12.58,12.73,12.59,0.0,0.66,-1.4,6.92,1.4,-4.12,-4.12,-3.13,-2.06,2.97
2022-09-27,831961,12.13,12.02,12.13,11.85,822,982822.95,2.31,-0.91,-0.11,0.1,8.02,7.34,7.17,6.58,8.69,8.02,12.24,12.66,7.85,3.63,12.49,12.51,12.68,12.58,1.58,-0.5,7.9,2.33,-3.24,-3.24,-2.25,-1.16,3.91,1.75
2022-09-28,831961,12.2,11.92,12.21,11.78,588,699873.28,3.58,-0.83,-0.1,0.07,7.98,7.81,7.22,9.34,8.66,12.9,13.33,8.49,4.24,2.97,12.23,12.43,12.62,12.58,0.34,8.81,3.19,-2.43,-2.43,-1.43,-0.34,4.78,2.6,2.68
2022-09-29,831961,11.76,11.71,11.96,11.47,2230,2605456.93,4.11,-1.76,-0.21,0.27,10.72,10.11,12.29,11.6,15.95,16.39,11.42,7.06,5.75,6.45,12.01,12.37,12.56,12.58,10.76,5.04,-0.68,-0.68,0.34,1.45,6.66,4.44,4.53,4.44
2022-09-30,831961,11.43,12.21,12.97,11.43,4344,5386440.79,13.15,4.27,0.5,0.53,10.5,12.69,11.99,16.36,16.8,11.81,7.44,6.12,6.82,4.64,12.0,12.33,12.54,12.59,0.74,-4.75,-4.75,-3.77,-2.7,2.29,0.16,0.25,0.16,0.98
2022-10-10,831961,12.3,11.52,12.3,11.3,1530,1767035.96,8.19,-5.65,-0.69,0.19,13.98,13.27,17.7,18.14,13.1,8.67,7.35,8.05,5.84,14.78,11.88,12.25,12.48,12.55,0.95,0.95,2.0,3.12,8.42,6.16,6.25,6.16,7.03,9.98
2022-10-11,831961,11.52,11.55,11.63,11.0,1187,1337407.56,5.47,0.26,0.03,0.15,16.36,20.91,21.36,16.18,11.64,10.27,11.0,8.73,17.91,11.82,11.78,12.13,12.41,12.52,0.69,1.73,2.86,8.14,5.89,5.97,5.89,6.75,9.7,8.05
2022-10-12,831961,11.47,11.55,11.63,11.35,1372,1568466.89,2.42,0.0,0.0,0.17,17.18,17.62,12.6,8.19,6.87,7.58,5.37,14.27,8.37,2.47,11.71,11.97,12.34,12.49,1.73,2.86,8.14,5.89,5.97,5.89,6.75,9.7,8.05,8.31
2022-10-13,831961,11.45,11.67,11.75,11.45,592,686302.91,2.6,1.04,0.12,0.07,16.59,11.62,7.25,5.94,6.64,4.45,13.28,7.42,1.57,1.57,11.7,11.86,12.27,12.46,1.8,7.03,4.8,4.88,4.8,5.66,8.57,6.94,7.2,2.83
2022-10-14,831961,11.73,11.73,11.88,11.71,1289,1515480.35,1.46,0.51,0.06,0.16,9.14,4.87,3.59,4.27,2.13,10.76,5.04,-0.68,-0.68,0.34,11.6,11.8,12.22,12.43,6.48,4.26,4.35,4.26,5.12,8.01,6.39,6.65,2.3,0.94
2022-10-17,831961,11.64,12.0,12.49,11.64,2585,3137473.39,7.25,2.3,0.27,0.32,5.5,4.21,4.9,2.75,11.43,5.67,-0.09,-0.09,0.95,2.06,11.7,11.79,12.18,12.41,1.92,2.0,1.92,2.75,5.58,4.0,4.25,0.0,-1.33,-4.17
2022-10-18,831961,12.15,11.98,12.23,11.93,861,1035470.46,2.5,-0.17,-0.02,0.11,1.68,2.35,0.25,8.72,3.1,-2.51,-2.51,-1.51,-0.42,4.69,11.79,11.78,12.15,12.38,2.17,2.09,2.92,5.76,4.17,4.42,0.17,-1.17,-4.01,-4.09
2022-10-19,831961,11.9,12.21,12.24,11.9,1363,1652144.22,2.84,1.92,0.23,0.17,2.61,0.5,8.99,3.36,-2.27,-2.27,-1.26,-0.17,4.96,2.77,11.92,11.81,12.12,12.35,0.16,0.98,3.77,2.21,2.46,-1.72,-3.03,-5.81,-5.9,-4.18
2022-10-20,831961,12.21,12.22,12.23,11.95,1269,1533829.67,2.29,0.08,0.01,0.16,0.08,8.54,2.93,-2.68,-2.68,-1.67,-0.59,4.52,2.34,2.43,12.03,11.86,12.12,12.33,0.9,3.68,2.13,2.37,-1.8,-3.11,-5.89,-5.97,-4.26,-2.86
2022-10-21,831961,12.11,12.11,12.33,12.1,1030,1257858.47,1.88,-0.9,-0.11,0.13,7.19,1.65,-3.88,-3.88,-2.89,-1.82,3.22,1.07,1.16,1.07,12.1,11.85,12.09,12.31,4.62,3.06,3.3,-0.91,-2.23,-5.04,-5.12,-3.39,-1.98,-1.16
2022-10-24,831961,12.29,12.44,12.67,12.18,2336,2899537.55,4.05,2.73,0.33,0.29,0.99,-4.52,-4.52,-3.53,-2.46,2.55,0.41,0.49,0.41,1.23,12.19,11.95,12.1,12.3,0.32,0.56,-3.54,-4.82,-7.56,-7.64,-5.95,-4.58,-3.78,-0.88
2022-10-25,831961,12.28,12.48,12.48,12.06,1155,1419492.25,3.38,0.32,0.04,0.14,-3.57,-3.57,-2.57,-1.49,3.57,1.41,1.49,1.41,2.24,5.06,12.29,12.04,12.09,12.29,0.24,-3.85,-5.13,-7.85,-7.93,-6.25,-4.89,-4.09,-1.2,-3.04
2022-10-26,831961,12.34,12.36,12.51,12.22,668,824435.08,2.32,-0.96,-0.12,0.08,-4.83,-3.85,-2.78,2.21,0.08,0.16,0.08,0.9,3.68,2.13,12.32,12.12,12.04,12.26,-2.91,-4.21,-6.96,-7.04,-5.34,-3.96,-3.16,-0.24,-2.1,-3.32
2022-10-27,831961,11.96,11.54,12.0,11.53,3064,3599010.82,3.8,-6.63,-0.82,0.38,1.91,3.04,8.33,6.07,6.16,6.07,6.94,9.89,8.24,8.5,12.19,12.11,11.98,12.22,2.6,-0.35,-0.43,1.39,2.86,3.73,6.85,4.85,3.55,2.08
2022-10-28,831961,11.5,11.39,11.84,11.12,785,890547.92,6.24,-1.3,-0.15,0.1,6.83,12.32,9.98,10.07,9.98,10.88,13.94,12.23,12.5,7.91,12.04,12.07,11.94,12.17,0.97,0.88,2.72,4.21,5.09,8.25,6.23,4.92,3.42,5.0
2022-10-31,831961,11.3,11.29,11.5,11.2,889,1006282.29,2.63,-0.88,-0.1,0.11,11.52,9.2,9.29,9.2,10.09,13.13,11.43,11.7,7.14,5.71,11.81,12.0,11.89,12.12,1.77,3.63,5.14,6.02,9.21,7.17,5.85,4.34,5.93,4.07
2022-11-01,831961,11.24,11.49,11.49,11.24,1079,1234846.19,2.21,1.77,0.2,0.13,8.81,8.9,8.81,9.7,12.72,11.03,11.3,6.76,5.34,2.31,11.61,11.95,11.87,12.08,1.83,3.31,4.18,7.31,5.31,4.0,2.52,4.09,2.26,2.18
2022-11-02,831961,11.7,11.52,11.7,11.45,672,775427.99,2.18,0.26,0.03,0.08,6.9,6.81,7.69,10.66,9.0,9.26,4.8,3.41,0.44,0.35,11.45,11.88,11.85,12.04,3.04,3.91,7.03,5.03,3.73,2.26,3.82,2.0,1.91,0.61
2022-11-03,831961,11.38,11.5,11.87,11.0,6096,6849897.14,7.55,-0.17,-0.02,0.75,11.18,12.09,15.18,13.45,13.73,9.09,7.64,4.55,4.45,6.36,11.44,11.81,11.84,12.01,4.09,7.22,5.22,3.91,2.43,4.0,2.17,2.09,0.78,-0.7
2022-11-04,831961,11.39,11.84,11.97,10.8,7358,8389792.59,10.17,2.96,0.34,0.9,14.17,17.31,15.56,15.83,11.11,9.63,6.48,6.39,8.33,9.91,11.53,11.78,11.82,11.99,4.14,2.2,0.93,-0.51,1.01,-0.76,-0.84,-2.11,-3.55,-3.12
2022-11-07,831961,11.98,12.24,12.33,11.66,4637,5641767.64,5.66,3.38,0.4,0.57,8.66,7.03,7.29,2.92,1.54,-1.37,-1.46,0.34,1.8,2.66,11.72,11.76,11.86,11.99,-1.14,-2.37,-3.76,-2.29,-4.0,-4.08,-5.31,-6.7,-6.29,-5.8
2022-11-08,831961,12.1,11.9,12.1,11.83,1487,1769122.14,2.21,-2.78,-0.34,0.18,5.49,5.75,1.44,0.08,-2.79,-2.87,-1.1,0.34,1.18,4.23,11.8,11.71,11.87,11.96,0.42,-1.01,0.5,-1.26,-1.34,-2.61,-4.03,-3.61,-3.11,-3.95
2022-11-09,831961,11.95,11.69,11.95,11.6,2485,2908393.57,2.94,-1.76,-0.21,0.3,7.84,3.45,2.07,-0.86,-0.95,0.86,2.33,3.19,6.29,4.31,11.83,11.64,11.88,11.91,0.77,2.31,0.51,0.43,-0.86,-2.31,-1.88,-1.37,-2.22,-3.17
2022-11-10,831961,11.57,11.68,11.78,11.45,2683,3095570.76,2.82,-0.09,-0.01,0.32,4.8,3.41,0.44,0.35,2.18,3.67,4.54,7.69,5.68,4.37,11.87,11.65,11.88,11.87,2.4,0.6,0.51,-0.77,-2.23,-1.8,-1.28,-2.14,-3.08,-2.57
2022-11-11,831961,11.69,11.7,11.96,11.55,1811,2114767.89,3.51,0.17,0.02,0.22,2.51,-0.43,-0.52,1.3,2.77,3.64,6.75,4.76,3.46,1.99,11.84,11.68,11.88,11.85,0.43,0.34,-0.94,-2.39,-1.97,-1.45,-2.31,-3.25,-2.74,-3.5
2022-11-14,831961,11.69,11.54,11.75,11.44,2311,2665797.54,2.65,-1.37,-0.16,0.28,0.52,0.44,2.27,3.76,4.63,7.78,5.77,4.46,2.97,4.55,11.7,11.71,11.86,11.83,1.73,0.43,-1.04,-0.61,-0.09,-0.95,-1.91,-1.39,-2.17,-1.39
2022-11-15,831961,11.65,11.6,11.74,11.45,1605,1859290.87,2.51,0.52,0.06,0.19,0.35,2.18,3.67,4.54,7.69,5.68,4.37,2.88,4.45,2.62,11.64,11.72,11.84,11.82,-0.09,-1.55,-1.12,-0.6,-1.47,-2.41,-1.9,-2.67,-1.9,-0.17
2022-11-16,831961,11.53,11.5,11.59,11.3,1718,1967324.01,2.5,-0.86,-0.1,0.21,3.54,5.04,5.93,9.12,7.08,5.75,4.25,5.84,3.98,3.89,11.6,11.72,11.8,11.81,-0.7,-0.26,0.26,-0.61,-1.57,-1.04,-1.83,-1.04,0.7,1.04
2022-11-17,831961,11.23,11.37,11.42,11.23,769,873043.05,1.65,-1.13,-0.13,0.09,5.7,6.59,9.8,7.75,6.41,4.9,6.5,4.63,4.54,3.21,11.54,11.71,11.76,11.79,0.88,1.41,0.53,-0.44,0.09,-0.7,0.09,1.85,2.2,2.46
2022-11-18,831961,11.37,11.32,11.47,11.31,1122,1275268.39,1.41,-0.44,-0.05,0.14,5.84,9.02,6.98,5.66,4.16,5.75,3.89,3.8,2.48,0.97,11.47,11.65,11.72,11.76,1.86,0.97,0.0,0.53,-0.27,0.53,2.3,2.65,2.92,4.33
2022-11-21,831961,11.47,11.42,11.53,11.34,1080,1233596.58,1.68,0.88,0.1,0.13,8.73,6.7,5.38,3.88,5.47,3.62,3.53,2.2,0.71,1.15,11.44,11.57,11.67,11.76,0.09,-0.88,-0.35,-1.14,-0.35,1.4,1.75,2.01,3.42,2.28
2022-11-22,831961,11.38,11.32,11.43,11.26,676,766853.34,1.49,-0.88,-0.1,0.08,7.46,6.13,4.62,6.22,4.35,4.26,2.93,1.42,1.87,2.4,11.39,11.51,11.61,11.75,0.0,0.53,-0.27,0.53,2.3,2.65,2.92,4.33,3.18,3.09
2022-11-23,831961,11.22,11.28,11.32,11.12,1087,1220555.14,1.77,-0.35,-0.04,0.13,7.46,5.94,7.55,5.67,5.58,4.23,2.7,3.15,3.69,2.79,11.34,11.47,11.56,11.74,0.89,0.09,0.89,2.66,3.01,3.28,4.7,3.55,3.46,2.93
2022-11-24,831961,11.19,11.35,11.38,11.17,1506,1688829.23,1.86,0.62,0.07,0.18,5.46,7.07,5.19,5.1,3.76,2.24,2.69,3.22,2.33,1.34,11.34,11.44,11.55,11.73,-0.53,0.26,2.03,2.38,2.64,4.05,2.91,2.82,2.29,1.76
2022-11-25,831961,11.18,11.25,11.29,11.16,258,289417.7,1.15,-0.88,-0.1,0.03,7.17,5.29,5.2,3.85,2.33,2.78,3.32,2.42,1.43,1.97,11.32,11.39,11.54,11.72,1.16,2.93,3.29,3.56,4.98,3.82,3.73,3.2,2.67,2.22
2022-11-28,831961,11.27,11.34,11.38,11.06,780,873327.48,2.84,0.8,0.09,0.09,6.24,6.15,4.79,3.25,3.71,4.25,3.35,2.35,2.89,2.08,11.31,11.37,11.54,11.7,2.12,2.47,2.73,4.14,3.0,2.91,2.38,1.85,1.41,2.03
2022-11-29,831961,11.22,11.56,11.58,11.22,900,1034551.37,3.17,1.94,0.22,0.11,4.63,3.3,1.78,2.23,2.76,1.87,0.89,1.43,0.62,1.43,11.36,11.37,11.55,11.68,0.52,0.78,2.16,1.04,0.95,0.43,-0.09,-0.52,0.09,-0.35
2022-11-30,831961,11.35,11.57,11.62,11.35,1162,1341857.3,2.34,0.09,0.01,0.14,2.11,0.62,1.06,1.59,0.7,-0.26,0.26,-0.53,0.26,2.03,11.41,11.38,11.55,11.66,0.69,2.07,0.95,0.86,0.35,-0.17,-0.61,0.0,-0.43,-0.09
2022-12-01,831961,11.59,11.56,11.65,11.5,544,628697.92,1.3,-0.09,-0.01,0.07,-0.7,-0.26,0.26,-0.61,-1.57,-1.04,-1.83,-1.04,0.7,1.04,11.46,11.4,11.55,11.64,2.16,1.04,0.95,0.43,-0.09,-0.52,0.09,-0.35,0.0,-1.3
2022-12-02,831961,11.56,11.68,11.81,11.52,787,920431.2,2.51,1.04,0.12,0.1,-0.43,0.09,-0.78,-1.74,-1.22,-2.0,-1.22,0.52,0.87,1.13,11.54,11.43,11.54,11.62,0.0,-0.09,-0.6,-1.11,-1.54,-0.94,-1.37,-1.03,-2.31,-2.14
2022-12-05,831961,11.68,11.58,11.68,11.45,1121,1291151.25,1.97,-0.86,-0.1,0.14,0.7,-0.17,-1.14,-0.61,-1.4,-0.61,1.14,1.48,1.75,3.14,11.59,11.45,11.51,11.6,0.78,0.26,-0.26,-0.69,-0.09,-0.52,-0.17,-1.47,-1.3,-1.04
2022-12-06,831961,11.51,11.54,11.67,11.45,1298,1494081.25,1.9,-0.35,-0.04,0.16,-0.17,-1.14,-0.61,-1.4,-0.61,1.14,1.48,1.75,3.14,2.01,11.59,11.47,11.49,11.56,0.61,0.09,-0.35,0.26,-0.17,0.17,-1.13,-0.95,-0.69,-1.82
2022-12-07,831961,11.52,11.47,11.61,11.37,664,759369.38,2.08,-0.61,-0.07,0.08,-0.44,0.09,-0.7,0.09,1.85,2.2,2.46,3.87,2.73,2.64,11.57,11.49,11.48,11.53,0.7,0.26,0.87,0.44,0.78,-0.52,-0.35,-0.09,-1.22,-0.87
2022-12-08,831961,11.47,11.4,11.55,11.34,874,995968.41,1.83,-0.61,-0.07,0.11,0.35,-0.44,0.35,2.12,2.47,2.73,4.14,3.0,2.91,2.38,11.53,11.49,11.47,11.53,0.88,1.49,1.05,1.4,0.09,0.26,0.53,-0.61,-0.26,0.26
2022-12-09,831961,11.32,11.5,11.5,11.32,273,311039.64,1.58,0.88,0.1,0.03,-0.27,0.53,2.3,2.65,2.92,4.33,3.18,3.09,2.56,2.03,11.5,11.52,11.46,11.53,0.61,0.17,0.52,-0.78,-0.61,-0.35,-1.48,-1.13,-0.61,-1.74
2022-12-12,831961,11.36,11.42,11.57,11.31,421,478490.49,2.26,-0.7,-0.08,0.05,0.62,2.39,2.74,3.01,4.42,3.27,3.18,2.65,2.12,1.68,11.47,11.53,11.45,11.54,0.88,1.23,-0.09,0.09,0.35,-0.79,-0.44,0.09,-1.05,-0.88
2022-12-13,831961,11.26,11.49,11.52,11.2,2269,2571255.85,2.8,0.61,0.07,0.27,3.39,3.75,4.02,5.45,4.29,4.2,3.66,3.13,2.68,3.3,11.46,11.52,11.45,11.54,0.61,-0.7,-0.52,-0.26,-1.39,-1.04,-0.52,-1.65,-1.48,-2.61
2022-12-14,831961,11.56,11.41,11.56,11.2,1685,1917538.52,3.13,-0.7,-0.08,0.2,3.75,4.02,5.45,4.29,4.2,3.66,3.13,2.68,3.3,2.86,11.44,11.5,11.44,11.53,0.0,0.18,0.44,-0.7,-0.35,0.18,-0.96,-0.79,-1.93,-2.37
2022-12-15,831961,11.22,11.4,11.41,11.22,399,452190.2,1.67,-0.09,-0.01,0.05,3.83,5.26,4.1,4.01,3.48,2.94,2.5,3.12,2.67,3.03,11.44,11.49,11.44,11.53,0.26,0.53,-0.61,-0.26,0.26,-0.88,-0.7,-1.84,-2.28,-2.98
2022-12-16,831961,11.4,11.41,11.43,11.25,894,1018710.52,1.58,0.09,0.01,0.11,4.98,3.82,3.73,3.2,2.67,2.22,2.84,2.4,2.76,1.42,11.43,11.46,11.45,11.52,0.44,-0.7,-0.35,0.18,-0.96,-0.79,-1.93,-2.37,-3.07,-3.68
2022-12-19,831961,11.46,11.31,11.46,11.19,1037,1171755.8,2.37,-0.88,-0.1,0.13,4.38,4.29,3.75,3.22,2.77,3.4,2.95,3.31,1.97,2.14,11.4,11.43,11.44,11.49,0.18,0.53,1.06,-0.09,0.09,-1.06,-1.5,-2.21,-2.83,-3.54
2022-12-20,831961,11.33,11.33,11.33,11.11,1063,1195073.06,1.95,0.18,0.02,0.13,5.04,4.5,3.96,3.51,4.14,3.69,4.05,2.7,2.88,3.15,11.37,11.41,11.44,11.47,0.35,0.88,-0.26,-0.09,-1.24,-1.68,-2.38,-3.0,-3.71,-3.44
2022-12-21,831961,11.15,11.31,11.37,11.15,359,404962.19,1.94,-0.18,-0.02,0.04,4.13,3.59,3.14,3.77,3.32,3.68,2.33,2.51,2.78,1.61,11.35,11.4,11.44,11.45,1.06,-0.09,0.09,-1.06,-1.5,-2.21,-2.83,-3.54,-3.27,-4.07
2022-12-22,831961,11.15,11.3,11.43,11.13,618,695917.42,2.65,-0.09,-0.01,0.07,3.77,3.32,3.95,3.5,3.86,2.52,2.7,2.96,1.8,2.16,11.33,11.39,11.44,11.44,0.0,0.18,-0.97,-1.42,-2.12,-2.74,-3.45,-3.19,-3.98,-3.72
2022-12-23,831961,11.25,11.19,11.3,11.15,445,498960.03,1.33,-0.97,-0.11,0.05,3.14,3.77,3.32,3.68,2.33,2.51,2.78,1.61,1.97,2.51,11.29,11.36,11.44,11.42,1.16,0.0,-0.45,-1.16,-1.79,-2.5,-2.23,-3.04,-2.77,-3.04
2022-12-26,831961,11.1,11.17,11.32,11.0,1453,1613366.49,2.86,-0.18,-0.02,0.18,5.18,4.73,5.09,3.73,3.91,4.18,3.0,3.36,3.91,2.73,11.26,11.33,11.43,11.41,0.18,-0.27,-0.98,-1.61,-2.33,-2.06,-2.86,-2.6,-2.86,-2.24
2022-12-27,831961,11.19,11.06,11.19,11.0,695,768749.51,1.7,-0.98,-0.11,0.08,4.73,5.09,3.73,3.91,4.18,3.0,3.36,3.91,2.73,2.91,11.21,11.29,11.4,11.39,0.72,0.0,-0.63,-1.36,-1.08,-1.9,-1.63,-1.9,-1.27,-1.99
2022-12-28,831961,10.89,11.02,11.14,10.89,671,735809.25,2.26,-0.36,-0.04,0.08,6.15,4.78,4.96,5.23,4.04,4.41,4.96,3.76,3.95,2.75,11.15,11.25,11.38,11.38,0.36,-0.27,-1.0,-0.73,-1.54,-1.27,-1.54,-0.91,-1.63,-1.72
2022-12-29,831961,10.91,10.99,11.06,10.86,959,1050677.67,1.81,-0.27,-0.03,0.12,5.06,5.25,5.52,4.33,4.7,5.25,4.05,4.24,3.04,2.58,11.09,11.21,11.35,11.36,0.0,-0.73,-0.45,-1.27,-1.0,-1.27,-0.64,-1.36,-1.46,-1.18
2022-12-30,831961,10.89,10.72,10.99,10.6,1962,2115605.49,3.55,-2.46,-0.27,0.24,7.83,8.11,6.89,7.26,7.83,6.6,6.79,5.57,5.09,4.34,10.99,11.14,11.3,11.34,1.77,2.05,1.21,1.49,1.21,1.87,1.12,1.03,1.31,0.47
2023-01-03,831961,10.5,10.91,10.91,10.5,1275,1363644.37,3.82,1.77,0.19,0.15,9.14,7.9,8.29,8.86,7.62,7.81,6.57,6.1,5.33,4.67,10.94,11.1,11.27,11.33,0.27,-0.55,-0.27,-0.55,0.09,-0.64,-0.73,-0.46,-1.28,-0.09
2023-01-04,831961,10.94,10.84,10.94,10.75,1128,1223409.02,1.74,-0.64,-0.07,0.14,5.4,5.77,6.33,5.12,5.3,4.09,3.63,2.88,2.23,1.49,10.9,11.05,11.23,11.31,0.09,0.37,0.09,0.74,0.0,-0.09,0.18,-0.65,0.55,-1.01
2023-01-05,831961,10.75,10.79,10.85,10.7,1279,1376441.74,1.38,-0.46,-0.05,0.15,6.26,6.82,5.61,5.79,4.58,4.11,3.36,2.71,1.96,2.24,10.85,11.0,11.2,11.3,0.83,0.56,1.2,0.46,0.37,0.65,-0.19,1.02,-0.56,-0.65
2023-01-06,831961,10.63,10.85,10.88,10.63,1527,1647574.77,2.32,0.56,0.06,0.18,7.53,6.3,6.49,5.27,4.8,4.05,3.39,2.63,2.92,2.07,10.82,10.95,11.17,11.28,0.0,0.65,-0.09,-0.18,0.09,-0.74,0.46,-1.11,-1.2,2.58
2023-01-09,831961,10.85,10.84,10.85,10.73,1136,1228455.42,1.11,-0.09,-0.01,0.14,5.31,5.5,4.29,3.82,3.08,2.42,1.68,1.96,1.12,1.4,10.85,10.92,11.14,11.27,0.74,0.0,-0.09,0.18,-0.65,0.55,-1.01,-1.11,2.68,1.66
2023-01-10,831961,10.7,10.8,10.92,10.7,1265,1365065.14,2.03,-0.37,-0.04,0.15,5.79,4.58,4.11,3.36,2.71,1.96,2.24,1.4,1.68,1.4,10.82,10.88,11.11,11.25,0.37,0.28,0.56,-0.28,0.93,-0.65,-0.74,3.06,2.04,6.2
2023-01-11,831961,10.8,10.79,10.84,10.73,927,998757.29,1.02,-0.09,-0.01,0.11,4.29,3.82,3.08,2.42,1.68,1.96,1.12,1.4,1.12,1.77,10.81,10.85,11.07,11.22,0.37,0.65,-0.19,1.02,-0.56,-0.65,3.15,2.13,6.3,8.25
2023-01-12,831961,10.72,10.75,10.83,10.66,1010,1083808.83,1.58,-0.37,-0.04,0.12,4.5,3.75,3.1,2.35,2.63,1.78,2.06,1.78,2.44,1.69,10.81,10.83,11.04,11.19,1.02,0.19,1.4,-0.19,-0.28,3.53,2.51,6.7,8.65,8.09
2023-01-13,831961,10.86,10.72,10.86,10.66,412,441747.23,1.86,-0.28,-0.03,0.05,3.75,3.1,2.35,2.63,1.78,2.06,1.78,2.44,1.69,1.59,10.78,10.8,11.0,11.17,0.47,1.68,0.09,0.0,3.82,2.8,7.0,8.96,8.4,7.18
2023-01-16,831961,10.73,10.7,10.77,10.65,1586,1696961.79,1.12,-0.19,-0.02,0.19,3.19,2.44,2.72,1.88,2.16,1.88,2.54,1.78,1.69,1.97,10.75,10.8,10.97,11.13,1.87,0.28,0.19,4.02,2.99,7.2,9.16,8.6,7.38,7.85
2023-01-17,831961,10.9,10.72,10.9,10.63,1184,1265479.31,2.52,0.19,0.02,0.14,2.63,2.92,2.07,2.35,2.07,2.73,1.98,1.88,2.16,1.32,10.74,10.78,10.94,11.11,0.09,0.0,3.82,2.8,7.0,8.96,8.4,7.18,7.65,7.37
2023-01-18,831961,10.56,10.67,10.73,10.56,1127,1203039.48,1.59,-0.47,-0.05,0.14,3.6,2.75,3.03,2.75,3.41,2.65,2.56,2.84,1.99,3.22,10.71,10.76,10.91,11.08,0.47,4.31,3.28,7.5,9.47,8.9,7.69,8.15,7.87,6.84
2023-01-19,831961,10.55,10.67,10.72,10.55,913,972891.9,1.59,0.0,0.0,0.11,2.84,3.13,2.84,3.51,2.75,2.65,2.94,2.09,3.32,1.71,10.7,10.75,10.87,11.05,4.31,3.28,7.5,9.47,8.9,7.69,8.15,7.87,6.84,7.22
2023-01-20,831961,10.69,10.87,11.13,10.68,2119,2286935.7,4.22,1.87,0.2,0.26,1.87,1.59,2.25,1.5,1.4,1.69,0.84,2.06,0.47,0.37,10.73,10.75,10.85,11.03,1.38,5.52,7.45,6.9,5.7,6.16,5.89,4.88,5.24,4.69
2023-01-30,831961,10.94,10.92,11.02,10.83,1249,1362836.78,1.75,0.46,0.05,0.15,0.18,0.83,0.09,0.0,0.28,-0.55,0.65,-0.92,-1.02,2.77,10.77,10.76,10.84,11.01,5.04,6.96,6.41,5.22,5.68,5.4,4.4,4.76,4.21,5.22
2023-01-31,831961,10.81,11.42,11.47,10.81,4425,4983413.52,6.04,4.58,0.5,0.54,1.02,0.28,0.19,0.46,-0.37,0.83,-0.74,-0.83,2.96,1.94,10.91,10.82,10.85,11.01,2.28,1.75,0.61,1.05,0.79,-0.18,0.18,-0.35,0.61,-0.79
2023-02-01,831961,11.49,11.55,11.68,11.38,2308,2663663.61,2.63,1.14,0.13,0.28,-4.75,-4.83,-4.57,-5.36,-4.22,-5.71,-5.8,-2.2,-3.16,0.79,11.09,10.9,10.88,11.01,0.61,-0.52,-0.09,-0.35,-1.3,-0.95,-1.47,-0.52,-1.9,-2.68
2023-02-02,831961,11.35,11.43,11.62,11.21,2228,2543618.64,3.55,-1.04,-0.12,0.27,-3.39,-3.12,-3.93,-2.77,-4.28,-4.37,-0.71,-1.69,2.32,4.19,11.24,10.97,10.9,11.02,0.52,0.96,0.7,-0.26,0.09,-0.44,0.52,-0.87,-1.66,-1.49
2023-02-03,831961,11.44,11.44,11.49,11.26,1592,1818400.77,2.01,0.09,0.01,0.19,-3.55,-4.35,-3.2,-4.71,-4.8,-1.15,-2.13,1.87,3.73,3.2,11.35,11.04,10.92,11.02,0.87,0.61,-0.35,0.0,-0.52,0.44,-0.96,-1.75,-1.57,-2.88
2023-02-06,831961,11.15,11.41,11.54,11.15,1311,1501660.95,3.41,-0.26,-0.03,0.16,-3.41,-2.24,-3.77,-3.86,-0.18,-1.17,2.87,4.75,4.22,3.05,11.45,11.11,10.95,11.02,0.88,-0.09,0.26,-0.26,0.7,-0.7,-1.49,-1.31,-2.63,-1.49
2023-02-07,831961,11.3,11.48,11.51,11.22,1652,1876487.24,2.54,0.61,0.07,0.2,-2.85,-4.37,-4.46,-0.8,-1.78,2.23,4.1,3.57,2.41,2.85,11.46,11.19,10.98,11.02,-0.7,-0.35,-0.87,0.09,-1.31,-2.09,-1.92,-3.22,-2.09,-3.92
2023-02-08,831961,11.36,11.33,11.4,11.25,773,874532.61,1.31,-1.31,-0.15,0.09,-4.62,-4.71,-1.07,-2.04,1.96,3.82,3.29,2.13,2.58,2.31,11.42,11.25,11.01,11.02,0.97,0.44,1.41,0.0,-0.79,-0.62,-1.94,-0.79,-2.65,-0.71
2023-02-09,831961,11.24,11.32,11.44,11.24,1047,1184194.27,1.77,-0.09,-0.01,0.13,-4.63,-0.98,-1.96,2.05,3.91,3.38,2.22,2.67,2.4,1.42,11.4,11.32,11.03,11.02,0.53,1.5,0.09,-0.71,-0.53,-1.86,-0.71,-2.56,-0.62,-1.86
2023-02-10,831961,11.38,11.27,11.38,11.15,874,981352.01,2.03,-0.44,-0.05,0.11,-0.18,-1.17,2.87,4.75,4.22,3.05,3.5,3.23,2.24,2.6,11.36,11.36,11.05,11.02,1.95,0.53,-0.27,-0.09,-1.42,-0.27,-2.13,-0.18,-1.42,-2.04
2023-02-13,831961,11.27,11.33,11.49,11.2,2499,2820509.44,2.57,0.53,0.06,0.3,-1.61,2.41,4.29,3.75,2.59,3.04,2.77,1.79,2.14,1.61,11.35,11.4,11.08,11.03,0.0,-0.79,-0.62,-1.94,-0.79,-2.65,-0.71,-1.94,-2.56,-1.68
2023-02-14,831961,11.33,11.25,11.33,11.15,3434,3852221.87,1.59,-0.71,-0.08,0.42,2.87,4.75,4.22,3.05,3.5,3.23,2.24,2.6,2.06,3.05,11.3,11.38,11.1,11.03,-0.09,0.09,-1.24,-0.09,-1.96,0.0,-1.24,-1.87,-0.98,-4.18
2023-02-15,831961,11.24,11.19,11.24,11.16,513,573989.51,0.71,-0.53,-0.06,0.06,4.66,4.12,2.96,3.41,3.14,2.15,2.51,1.97,2.96,1.52,11.27,11.34,11.12,11.03,0.63,-0.71,0.45,-1.43,0.54,-0.71,-1.34,-0.45,-3.66,-4.47
2023-02-16,831961,11.19,11.08,11.26,11.08,1216,1357076.18,1.61,-0.98,-0.11,0.15,4.87,3.7,4.15,3.88,2.89,3.25,2.71,3.7,2.26,1.44,11.22,11.31,11.14,11.04,0.27,1.44,-0.45,1.53,0.27,-0.36,0.54,-2.71,-3.52,-3.52
2023-02-17,831961,11.08,11.09,11.11,11.01,880,973856.62,0.9,0.09,0.01,0.11,4.36,4.81,4.54,3.54,3.91,3.36,4.36,2.91,2.09,2.27,11.19,11.27,11.16,11.04,1.35,-0.54,1.44,0.18,-0.45,0.45,-2.8,-3.61,-3.61,-2.61
2023-02-20,831961,11.1,11.1,11.24,11.02,1751,1941148.15,1.98,0.09,0.01,0.21,4.72,4.45,3.45,3.81,3.27,4.26,2.81,2.0,2.18,0.82,11.14,11.24,11.18,11.05,-0.63,1.35,0.09,-0.54,0.36,-2.88,-3.69,-3.69,-2.7,-2.43
2023-02-21,831961,11.0,10.97,11.03,10.89,1703,1864148.08,1.26,-1.17,-0.13,0.21,5.69,4.68,5.05,4.5,5.51,4.04,3.21,3.4,2.02,3.21,11.09,11.19,11.19,11.05,2.55,1.28,0.64,1.55,-1.73,-2.55,-2.55,-1.55,-1.28,-1.73
2023-02-22,831961,10.95,11.08,11.25,10.95,2038,2267760.43,2.73,1.0,0.11,0.2,4.11,4.47,3.93,4.93,3.47,2.65,2.83,1.46,2.65,0.73,11.06,11.17,11.21,11.06,0.27,-0.36,0.54,-2.71,-3.52,-3.52,-2.53,-2.26,-2.71,-4.96
2023-02-23,831961,10.97,11.0,11.11,10.93,961,1058211.09,1.62,-0.72,-0.08,0.09,4.67,4.12,5.12,3.66,2.84,3.02,1.65,2.84,0.91,2.93,11.05,11.14,11.23,11.07,0.36,1.27,-2.0,-2.82,-2.82,-1.82,-1.55,-2.0,-4.27,-4.09
2023-02-24,831961,11.04,10.89,11.04,10.88,951,1038898.3,1.45,-1.0,-0.11,0.09,4.6,5.61,4.14,3.31,3.49,2.11,3.31,1.38,3.4,2.11,11.01,11.1,11.23,11.07,2.3,-1.01,-1.84,-1.84,-0.83,-0.55,-1.01,-3.31,-3.12,-3.76
2023-02-27,831961,10.8,10.68,11.14,10.58,2552,2733487.33,5.14,-1.93,-0.21,0.25,8.6,7.09,6.24,6.43,5.01,6.24,4.25,6.33,5.01,4.35,10.92,11.03,11.22,11.06,0.94,0.09,0.09,1.12,1.4,0.94,-1.4,-1.22,-1.87,-4.49
2023-02-28,831961,10.78,10.63,10.78,10.6,1397,1489120.48,1.69,-0.47,-0.05,0.14,6.89,6.04,6.23,4.81,6.04,4.06,6.13,4.81,4.15,5.09,10.86,10.97,11.18,11.06,0.56,0.56,1.6,1.88,1.41,-0.94,-0.75,-1.41,-4.05,-5.55
2023-03-01,831961,10.6,10.64,10.69,10.45,2280,2413414.61,2.26,0.09,0.01,0.22,7.56,7.75,6.32,7.56,5.55,7.66,6.32,5.65,6.6,3.16,10.77,10.92,11.13,11.05,0.47,1.5,1.79,1.32,-1.03,-0.85,-1.5,-4.14,-5.64,-6.2
2023-03-02,831961,10.52,10.66,10.69,10.52,1734,1844040.96,1.6,0.19,0.02,0.17,7.03,5.61,6.84,4.85,6.94,5.61,4.94,5.89,2.47,1.62,10.7,10.87,11.09,11.05,1.31,1.59,1.13,-1.22,-1.03,-1.69,-4.32,-5.82,-6.38,-6.66
2023-03-03,831961,10.78,10.7,10.8,10.6,1597,1709374.93,1.88,0.38,0.04,0.15,4.81,6.04,4.06,6.13,4.81,4.15,5.09,1.7,0.85,0.85,10.66,10.83,11.05,11.05,1.21,0.75,-1.59,-1.4,-2.06,-4.67,-6.17,-6.73,-7.01,-7.66
2023-03-06,831961,10.83,10.67,10.83,10.61,743,792087.62,2.06,-0.28,-0.03,0.07,5.94,3.96,6.03,4.71,4.05,5.0,1.6,0.75,0.75,1.79,10.66,10.79,11.02,11.05,1.03,-1.31,-1.12,-1.78,-4.4,-5.9,-6.47,-6.75,-7.4,-8.43
2023-03-07,831961,10.78,10.39,10.78,10.39,2767,2906688.09,3.66,-2.62,-0.28,0.27,6.16,8.28,6.93,6.26,7.22,3.75,2.89,2.89,3.95,4.23,10.61,10.73,10.96,11.04,1.35,1.54,0.87,-1.83,-3.37,-3.95,-4.23,-4.91,-5.97,1.06
2023-03-08,831961,10.39,10.39,10.53,10.3,1481,1538292.67,2.21,0.0,0.0,0.14,9.22,7.86,7.18,8.16,4.66,3.79,3.79,4.85,5.15,4.66,10.56,10.66,10.92,11.03,1.54,0.87,-1.83,-3.37,-3.95,-4.23,-4.91,-5.97,1.06,2.6
2023-03-09,831961,10.43,10.45,10.55,10.4,794,831908.89,1.44,0.58,0.06,0.08,6.83,6.15,7.12,3.65,2.79,2.79,3.85,4.13,3.65,1.25,10.52,10.61,10.87,11.02,0.29,-2.39,-3.92,-4.5,-4.78,-5.45,-6.51,0.48,2.01,0.67
2023-03-10,831961,10.48,10.26,10.48,10.15,2075,2131543.97,3.16,-1.82,-0.19,0.2,8.77,9.75,6.21,5.32,5.32,6.4,6.7,6.21,3.74,3.94,10.43,10.55,10.82,11.0,-0.58,-2.14,-2.73,-3.02,-3.7,-4.78,2.34,3.9,2.53,4.09
2023-03-13,831961,10.2,10.0,10.2,9.84,2959,2953978.28,3.51,-2.53,-0.26,0.29,13.21,9.55,8.64,8.64,9.76,10.06,9.55,7.01,7.22,6.5,10.3,10.48,10.76,10.97,0.4,-0.2,-0.5,-1.2,-2.3,5.0,6.6,5.2,6.8,7.7
2023-03-14,831961,10.04,9.85,10.04,9.78,1156,1138525.94,2.6,-1.5,-0.15,0.11,10.22,9.3,9.3,10.43,10.74,10.22,7.67,7.87,7.16,4.29,10.19,10.4,10.69,10.92,1.32,1.02,0.3,-0.81,6.6,8.22,6.8,8.43,9.34,8.12
2023-03-15,831961,9.97,9.89,9.98,9.79,980,970501.98,1.93,0.41,0.04,0.09,9.19,9.19,10.32,10.62,10.11,7.56,7.76,7.05,4.19,2.55,10.09,10.33,10.62,10.86,0.61,-0.1,-1.21,6.17,7.79,6.37,7.99,8.9,7.68,11.02
2023-03-16,831961,9.89,9.72,9.95,9.66,1181,1151447.09,2.93,-1.72,-0.17,0.11,10.66,11.8,12.11,11.59,9.01,9.21,8.49,5.59,3.93,3.31,9.94,10.23,10.55,10.81,1.65,0.51,8.02,9.67,8.23,9.88,10.8,9.57,12.96,10.29
2023-03-17,831961,9.75,9.8,9.88,9.67,1151,1128535.04,2.16,0.82,0.08,0.11,11.69,12.0,11.48,8.89,9.1,8.38,5.48,3.83,3.21,2.9,9.85,10.14,10.49,10.75,-0.31,7.14,8.78,7.35,8.98,9.9,8.67,12.04,9.39,6.94
2023-03-20,831961,9.77,9.54,9.77,9.5,1251,1198080.15,2.76,-2.65,-0.26,0.12,14.0,13.47,10.84,11.05,10.32,7.37,5.68,5.05,4.74,4.0,9.76,10.03,10.41,10.69,10.06,11.74,10.27,11.95,12.89,11.64,15.09,12.37,9.85,9.54
2023-03-21,831961,9.5,10.48,10.5,9.48,3297,3346320.76,10.69,9.85,0.94,0.32,13.71,11.08,11.29,10.55,7.59,5.91,5.27,4.96,4.22,3.06,9.89,10.04,10.39,10.65,1.72,0.38,1.91,2.77,1.62,4.77,2.29,0.0,-0.29,1.62
2023-03-22,831961,10.6,10.42,10.66,10.38,3106,3267623.89,2.67,-0.57,-0.06,0.3,1.45,1.64,0.96,-1.73,-3.28,-3.85,-4.14,-4.82,-5.88,1.16,9.99,10.04,10.35,10.62,0.96,2.5,3.36,2.21,5.37,2.88,0.58,0.29,2.21,0.29
2023-03-23,831961,10.52,9.96,10.52,9.67,3760,3764464.59,8.16,-4.41,-0.46,0.36,9.1,8.38,5.48,3.83,3.21,2.9,2.17,1.03,8.58,10.24,10.04,9.99,10.3,10.58,7.23,8.13,6.93,10.24,7.63,5.22,4.92,6.93,4.92,4.42
2023-03-24,831961,9.9,10.47,10.68,9.77,4331,4498043.31,9.14,5.12,0.51,0.42,7.27,4.4,2.76,2.15,1.84,1.13,0.0,7.47,9.11,7.68,10.17,10.01,10.28,10.55,2.87,1.72,4.87,2.39,0.1,-0.19,1.72,-0.19,-0.67,0.38
2023-03-27,831961,10.75,10.67,10.77,10.47,3704,3932812.26,2.87,1.91,0.2,0.36,-2.58,-4.11,-4.68,-4.97,-5.64,-6.69,0.29,1.81,0.48,2.01,10.4,10.08,10.28,10.53,-0.19,2.91,0.47,-1.78,-2.06,-0.19,-2.06,-2.53,-1.5,-2.34
2023-03-28,831961,10.45,10.34,10.65,10.34,2086,2185247.23,2.91,-3.09,-0.33,0.2,-2.9,-3.48,-3.77,-4.45,-5.51,1.55,3.09,1.74,3.29,4.16,10.37,10.13,10.26,10.5,6.19,3.68,1.35,1.06,3.0,1.06,0.58,1.64,0.77,1.06
2023-03-29,831961,10.26,10.62,10.98,10.26,2400,2567750.74,6.96,2.71,0.28,0.23,-2.73,-3.02,-3.7,-4.78,2.34,3.9,2.53,4.09,4.97,3.8,10.41,10.2,10.26,10.48,0.94,-1.32,-1.6,0.28,-1.6,-2.07,-1.04,-1.88,-1.6,-2.45
2023-03-30,831961,10.72,10.38,10.72,10.38,1738,1824476.35,3.2,-2.26,-0.24,0.17,-4.14,-4.82,-5.88,1.16,2.7,1.35,2.89,3.76,2.6,5.78,10.5,10.27,10.25,10.46,0.96,0.67,2.6,0.67,0.19,1.25,0.39,0.67,-0.19,-0.39
2023-03-31,831961,10.38,10.46,10.48,10.3,1071,1113247.71,1.73,0.77,0.08,0.1,-4.08,-5.15,1.94,3.5,2.14,3.69,4.56,3.4,6.6,4.08,10.49,10.33,10.24,10.44,-0.1,1.82,-0.1,-0.57,0.48,-0.38,-0.1,-0.96,-1.15,-0.67
2023-04-03,831961,10.45,10.13,10.45,10.13,2515,2586874.98,3.06,-3.15,-0.33,0.24,-3.55,3.65,5.23,3.85,5.43,6.32,5.13,8.39,5.82,3.46,10.39,10.39,10.21,10.4,5.13,3.16,2.67,3.75,2.86,3.16,2.27,2.07,2.57,2.96
2023-04-04,831961,10.17,10.21,10.65,10.17,2436,2534800.74,4.74,0.79,0.08,0.24,3.24,4.82,3.44,5.01,5.9,4.72,7.96,5.41,3.05,2.75,10.36,10.37,10.2,10.38,2.35,1.86,2.94,2.06,2.35,1.47,1.27,1.76,2.15,1.76
2023-04-06,831961,10.34,10.28,10.45,10.0,1939,1974920.32,4.41,0.69,0.07,0.19,6.6,5.2,6.8,7.7,6.5,9.8,7.2,4.8,4.5,6.5,10.29,10.35,10.2,10.35,1.17,2.24,1.36,1.65,0.78,0.58,1.07,1.46,1.07,6.81
2023-04-07,831961,10.23,10.4,10.4,10.15,2119,2182380.14,2.43,1.17,0.12,0.2,3.65,5.22,6.11,4.93,8.18,5.62,3.25,2.96,4.93,2.96,10.3,10.4,10.19,10.33,1.06,0.19,0.48,-0.38,-0.58,-0.1,0.29,-0.1,5.58,2.79
2023-04-10,831961,10.42,10.43,10.51,10.38,796,831022.49,1.25,0.29,0.03,0.08,2.89,3.76,2.6,5.78,3.28,0.96,0.67,2.6,0.67,0.19,10.29,10.39,10.2,10.32,-0.1,0.19,-0.67,-0.86,-0.38,0.0,-0.38,5.27,2.49,-0.67
2023-04-11,831961,10.38,10.32,10.42,10.1,959,984479.63,3.07,-1.05,-0.11,0.09,6.63,5.45,8.71,6.14,3.76,3.47,5.45,3.47,2.97,4.06,10.33,10.36,10.22,10.31,1.26,0.39,0.19,0.68,1.07,0.68,6.4,3.59,0.39,-0.19
2023-04-12,831961,10.38,10.3,10.45,10.22,952,982367.52,2.23,-0.19,-0.02,0.09,4.21,7.44,4.89,2.54,2.25,4.21,2.25,1.76,2.84,1.96,10.35,10.35,10.24,10.29,0.58,0.39,0.87,1.26,0.87,6.6,3.79,0.58,0.0,1.94
2023-04-13,831961,10.35,10.21,10.36,10.21,596,610971.94,1.46,-0.87,-0.09,0.06,7.54,5.0,2.64,2.35,4.31,2.35,1.86,2.94,2.06,2.35,10.33,10.31,10.26,10.28,1.27,1.76,2.15,1.76,7.54,4.7,1.47,0.88,2.84,2.64
2023-04-14,831961,10.3,10.28,10.34,10.16,717,734291.07,1.76,0.69,0.07,0.07,5.51,3.15,2.85,4.82,2.85,2.36,3.44,2.56,2.85,1.97,10.31,10.3,10.28,10.27,1.07,1.46,1.07,6.81,3.99,0.78,0.19,2.14,1.95,1.85
2023-04-17,831961,10.33,10.28,10.39,10.21,578,594412.4,1.75,0.0,0.0,0.06,2.64,2.35,4.31,2.35,1.86,2.94,2.06,2.35,1.47,1.27,10.28,10.28,10.31,10.25,1.46,1.07,6.81,3.99,0.78,0.19,2.14,1.95,1.85,4.28
2023-04-18,831961,10.33,10.23,10.43,10.23,1165,1199521.75,1.95,-0.49,-0.05,0.11,2.15,4.11,2.15,1.66,2.74,1.86,2.15,1.27,1.08,1.56,10.26,10.29,10.34,10.24,1.56,7.33,4.5,1.27,0.68,2.64,2.44,2.35,4.79,7.43
2023-04-19,831961,10.31,10.23,10.39,10.18,1128,1155959.07,2.05,0.0,0.0,0.11,4.62,2.65,2.16,3.24,2.36,2.65,1.77,1.57,2.06,2.46,10.25,10.3,10.33,10.23,7.33,4.5,1.27,0.68,2.64,2.44,2.35,4.79,7.43,17.11
2023-04-20,831961,10.36,10.69,10.98,10.3,6676,7080147.28,6.65,4.5,0.46,0.65,1.46,0.97,2.04,1.17,1.46,0.58,0.39,0.87,1.26,0.87,10.34,10.34,10.34,10.24,0.0,-3.09,-3.65,-1.78,-1.96,-2.06,0.28,2.81,12.07,15.15
2023-04-21,831961,10.69,10.48,10.69,10.23,4327,4496761.05,4.3,-1.96,-0.21,0.42,1.66,2.74,1.86,2.15,1.27,1.08,1.56,1.96,1.56,7.33,10.38,10.34,10.37,10.24,-1.15,-1.72,0.19,0.0,-0.1,2.29,4.87,14.31,17.46,8.4
2023-04-24,831961,10.34,10.25,10.36,10.15,2224,2274709.72,2.0,-2.19,-0.23,0.22,3.55,2.66,2.96,2.07,1.87,2.36,2.76,2.36,8.18,5.32,10.38,10.33,10.36,10.24,0.49,2.44,2.24,2.15,4.59,7.22,16.88,20.1,10.83,7.9
2023-04-25,831961,10.25,10.01,10.3,10.0,1607,1626838.22,2.93,-2.34,-0.24,0.16,4.2,4.5,3.6,3.4,3.9,4.3,3.9,9.8,6.9,3.6,10.33,10.3,10.33,10.24,4.9,4.7,4.6,7.09,9.79,19.68,22.98,13.49,10.49,21.68
2023-04-26,831961,10.23,10.32,10.5,10.19,1649,1696590.94,3.1,3.1,0.31,0.16,2.55,1.67,1.47,1.96,2.36,1.96,7.75,4.91,1.67,1.08,10.35,10.3,10.33,10.26,1.55,1.45,3.88,6.49,16.09,19.28,10.08,7.17,18.02,13.18
2023-04-27,831961,10.33,10.34,10.48,10.21,951,983220.42,2.62,0.19,0.02,0.09,1.47,1.27,1.76,2.15,1.76,7.54,4.7,1.47,0.88,2.84,10.28,10.31,10.31,10.27,1.26,3.68,6.29,15.86,19.05,9.86,6.96,17.79,12.96,11.99
2023-04-28,831961,10.47,10.34,10.47,10.17,1637,1677414.28,2.9,0.0,0.0,0.16,1.67,2.16,2.56,2.16,7.96,5.11,1.87,1.28,3.24,3.05,10.25,10.32,10.31,10.3,3.68,6.29,15.86,19.05,9.86,6.96,17.79,12.96,11.99,8.99
2023-05-04,831961,10.2,10.4,10.72,10.2,3537,3707029.28,5.03,0.58,0.06,0.34,1.86,2.25,1.86,7.65,4.8,1.57,0.98,2.94,2.75,2.65,10.28,10.33,10.31,10.32,5.67,15.19,18.37,9.23,6.35,17.12,12.31,11.35,8.37,8.85
2023-05-05,831961,10.4,10.97,10.99,10.25,6339,6772899.32,7.12,5.48,0.57,0.61,1.76,1.37,7.12,4.29,1.07,0.49,2.44,2.24,2.15,4.59,10.47,10.4,10.35,10.36,9.21,12.22,3.56,0.82,11.03,6.47,5.56,2.73,3.19,2.55
2023-05-08,831961,10.87,11.91,11.98,10.87,16118,18645615.38,10.12,8.57,0.94,1.56,-4.42,1.01,-1.66,-4.69,-5.24,-3.4,-3.59,-3.68,-1.38,1.1,10.79,10.57,10.43,10.41,3.36,-4.62,-7.14,2.27,-1.93,-2.77,-5.37,-4.95,-5.54,-1.34
2023-05-09,831961,11.75,11.32,12.31,11.1,11498,13396103.41,10.16,-4.95,-0.59,1.11,-1.08,-3.69,-6.67,-7.21,-5.41,-5.59,-5.68,-3.42,-0.99,7.93,10.99,10.63,10.49,10.44,0.35,-2.3,7.6,3.18,2.3,-0.44,0.0,-0.62,3.8,3.53
2023-05-10,831961,11.22,10.84,11.36,10.8,4210,4607561.12,4.95,-4.24,-0.48,0.41,-1.02,-4.07,-4.63,-2.78,-2.96,-3.06,-0.74,1.76,10.93,13.98,11.09,10.67,10.51,10.47,2.03,12.36,7.75,6.83,3.97,4.43,3.78,8.39,8.12,8.39
2023-05-11,831961,10.88,11.01,11.06,10.75,4322,4717799.92,2.86,1.57,0.17,0.42,-3.63,-4.19,-2.33,-2.51,-2.6,-0.28,2.23,11.44,14.51,5.67,11.21,10.75,10.54,10.49,10.63,6.09,5.18,2.36,2.82,2.18,6.72,6.45,6.72,5.09
2023-05-12,831961,11.1,11.56,12.18,10.88,7552,8696704.99,11.81,5.0,0.55,0.73,-5.33,-3.49,-3.68,-3.77,-1.47,1.01,10.11,13.14,4.41,1.65,11.33,10.9,10.6,10.52,1.04,0.17,-2.51,-2.08,-2.68,1.64,1.38,1.64,0.09,-0.78
2023-05-15,831961,11.38,11.43,11.68,10.98,4999,5651031.3,6.06,-1.12,-0.13,0.48,-4.37,-4.55,-4.64,-2.37,0.09,9.11,12.11,3.46,0.73,10.93,11.23,11.01,10.65,10.55,1.31,-1.4,-0.96,-1.57,2.8,2.54,2.8,1.22,0.35,-0.09
2023-05-16,831961,11.48,11.25,11.58,11.11,2488,2811956.02,4.11,-1.57,-0.18,0.24,-5.67,-5.76,-3.51,-1.08,7.83,10.8,2.25,-0.45,9.63,5.13,11.22,11.1,10.71,10.58,0.18,0.62,0.0,4.44,4.18,4.44,2.84,1.96,1.51,0.36
2023-05-17,831961,11.17,11.23,11.27,11.03,2141,2386332.67,2.13,-0.18,-0.02,0.21,-5.08,-2.81,-0.36,8.61,11.6,2.99,0.27,10.43,5.89,4.99,11.3,11.19,10.75,10.6,0.8,0.18,4.63,4.36,4.63,3.03,2.14,1.69,0.53,0.45
2023-05-18,831961,11.32,11.24,11.32,11.14,2382,2673263.5,1.6,0.09,0.01,0.23,-3.77,-1.35,7.54,10.5,1.97,-0.72,9.34,4.85,3.95,1.17,11.34,11.28,10.8,10.63,0.09,4.54,4.27,4.54,2.94,2.05,1.6,0.44,0.36,-0.27
2023-05-19,831961,11.2,11.1,11.25,11.07,2591,2889092.62,1.6,-1.25,-0.14,0.25,-0.72,8.22,11.2,2.62,-0.09,10.03,5.51,4.61,1.81,2.26,11.25,11.29,10.85,10.66,5.86,5.59,5.86,4.23,3.33,2.88,1.71,1.62,0.99,1.35
2023-05-22,831961,11.21,11.41,11.75,11.12,3794,4344843.46,5.68,2.79,0.31,0.37,7.73,10.7,2.16,-0.54,9.53,5.04,4.14,1.35,1.8,1.17,11.25,11.24,10.9,10.7,2.72,2.98,1.4,0.53,0.09,-1.05,-1.14,-1.75,-1.4,-1.23
2023-05-23,831961,11.29,11.54,11.72,11.29,3419,3938056.5,3.77,1.14,0.13,0.33,9.03,0.62,-2.04,7.88,3.45,2.57,-0.18,0.27,-0.35,4.07,11.3,11.26,10.95,10.74,1.82,0.26,-0.61,-1.04,-2.17,-2.25,-2.86,-2.51,-2.34,-2.95
2023-05-24,831961,11.57,11.51,11.75,11.31,4582,5281601.76,3.81,-0.26,-0.03,0.44,0.44,-2.21,7.69,3.27,2.39,-0.35,0.09,-0.53,3.89,3.63,11.36,11.33,11.0,10.78,0.52,-0.35,-0.78,-1.91,-2.0,-2.61,-2.26,-2.09,-2.69,-5.21
2023-05-25,831961,11.43,11.18,11.57,11.1,3539,4015458.4,4.08,-2.87,-0.33,0.34,-0.36,9.73,5.23,4.32,1.53,1.98,1.35,5.86,5.59,5.86,11.35,11.34,11.05,10.81,2.59,2.15,0.98,0.89,0.27,0.63,0.81,0.18,-2.42,-3.49
2023-05-26,831961,11.32,11.24,11.47,11.16,2684,3020571.13,2.77,0.54,0.06,0.26,9.14,4.66,3.76,0.99,1.43,0.81,5.29,5.02,5.29,3.67,11.38,11.31,11.11,10.84,1.6,0.44,0.36,-0.27,0.09,0.27,-0.36,-2.94,-4.0,-5.6
2023-05-29,831961,11.15,11.18,11.42,11.0,3345,3740572.78,3.74,-0.53,-0.06,0.32,6.18,5.27,2.45,2.91,2.27,6.82,6.55,6.82,5.18,4.27,11.33,11.29,11.15,10.87,0.98,0.89,0.27,0.63,0.81,0.18,-2.42,-3.49,-5.1,-7.96
2023-05-30,831961,11.2,11.18,11.29,11.09,1365,1524626.21,1.79,0.0,0.0,0.13,4.42,1.62,2.07,1.44,5.95,5.68,5.95,4.33,3.43,2.98,11.26,11.28,11.19,10.9,0.89,0.27,0.63,0.81,0.18,-2.42,-3.49,-5.1,-7.96,-8.68
2023-05-31,831961,11.13,11.16,11.28,11.1,2099,2347360.63,1.61,-0.18,-0.02,0.2,1.53,1.98,1.35,5.86,5.59,5.86,4.23,3.33,2.88,1.71,11.19,11.27,11.23,10.93,0.45,0.81,0.99,0.36,-2.24,-3.32,-4.93,-7.8,-8.51,-6.36
2023-06-01,831961,11.2,11.16,11.21,11.03,1184,1316381.85,1.61,0.0,0.0,0.11,2.63,1.99,6.53,6.26,6.53,4.9,3.99,3.54,2.36,2.27,11.18,11.27,11.27,10.96,0.81,0.99,0.36,-2.24,-3.32,-4.93,-7.8,-8.51,-6.36,-6.36
2023-06-02,831961,11.24,11.17,11.25,11.11,1411,1574198.53,1.25,0.09,0.01,0.14,1.26,5.76,5.49,5.76,4.14,3.24,2.79,1.62,1.53,0.9,11.17,11.27,11.28,10.99,0.9,0.27,-2.33,-3.4,-5.01,-7.88,-8.59,-6.45,-6.45,-6.54
2023-06-05,831961,11.2,11.16,11.27,11.13,2154,2413085.27,1.25,-0.09,-0.01,0.21,5.57,5.3,5.57,3.95,3.05,2.61,1.44,1.35,0.72,1.08,11.17,11.25,11.24,11.02,0.36,-2.24,-3.32,-4.93,-7.8,-8.51,-6.36,-6.36,-6.45,-7.26
2023-06-06,831961,11.2,10.85,11.2,10.76,2938,3203366.97,3.94,-2.78,-0.31,0.28,8.92,9.2,7.53,6.6,6.13,4.93,4.83,4.18,4.55,4.74,11.1,11.18,11.22,11.02,0.55,-0.55,-2.21,-5.16,-5.9,-3.69,-3.69,-3.78,-4.61,-4.79
2023-06-07,831961,10.9,10.77,10.91,10.7,1626,1749228.95,1.94,-0.74,-0.08,0.16,9.81,8.13,7.2,6.73,5.51,5.42,4.77,5.14,5.33,4.67,11.02,11.1,11.22,11.03,0.19,-1.49,-4.46,-5.2,-2.97,-2.97,-3.06,-3.9,-4.09,-4.09
2023-06-08,831961,10.71,10.62,10.79,10.54,1726,1841429.81,2.32,-1.39,-0.15,0.17,9.77,8.82,8.35,7.12,7.02,6.36,6.74,6.93,6.26,3.51,10.91,11.05,11.2,11.05,-0.09,-3.11,-3.86,-1.6,-1.6,-1.69,-2.54,-2.73,-2.73,-4.24
2023-06-09,831961,10.54,10.29,10.61,9.97,5829,5973217.05,6.03,-3.11,-0.33,0.56,15.05,14.54,13.24,13.14,12.44,12.84,13.04,12.34,9.43,8.22,10.74,10.95,11.13,11.06,0.0,-0.78,1.55,1.55,1.46,0.58,0.39,0.39,-1.17,-1.26
2023-06-12,831961,10.17,10.14,10.29,10.11,1357,1380034.29,1.75,-1.46,-0.15,0.13,12.96,11.67,11.57,10.88,11.28,11.47,10.78,7.91,6.73,4.95,10.53,10.85,11.07,11.05,0.69,3.06,3.06,2.96,2.07,1.87,1.87,0.3,0.2,1.58
2023-06-13,831961,10.21,10.18,10.21,10.03,1563,1585800.07,1.78,0.39,0.04,0.15,12.56,12.46,11.76,12.16,12.36,11.67,8.77,7.58,5.78,2.59,10.4,10.75,11.02,11.04,2.65,2.65,2.55,1.67,1.47,1.47,-0.1,-0.2,1.18,0.29
2023-06-14,831961,10.06,10.21,10.45,10.06,1558,1592384.9,3.83,0.29,0.03,0.15,12.13,11.43,11.83,12.03,11.33,8.45,7.26,5.47,2.29,1.49,10.29,10.65,10.96,11.04,2.35,2.25,1.37,1.18,1.18,-0.39,-0.49,0.88,0.0,7.74
2023-06-15,831961,10.25,10.3,10.45,10.21,2740,2827996.42,2.35,0.88,0.09,0.26,9.79,10.19,10.38,9.7,6.86,5.68,3.92,0.78,0.0,2.35,10.22,10.57,10.92,11.04,1.36,0.49,0.29,0.29,-1.26,-1.36,0.0,-0.87,6.8,2.23
2023-06-16,831961,10.44,10.29,10.44,10.28,1230,1269371.03,1.55,-0.1,-0.01,0.12,9.44,9.63,8.95,6.13,4.96,3.21,0.1,-0.68,1.65,1.65,10.22,10.48,10.88,11.01,0.58,0.39,0.39,-1.17,-1.26,0.1,-0.78,6.9,2.33,1.75
2023-06-19,831961,10.22,10.22,10.35,10.16,1434,1463149.49,1.85,-0.68,-0.07,0.14,10.93,10.24,7.38,6.2,4.43,1.28,0.49,2.85,2.85,2.76,10.24,10.39,10.82,10.96,1.08,1.08,-0.49,-0.59,0.78,-0.1,7.63,3.03,2.45,3.33
2023-06-20,831961,10.22,10.17,10.33,10.11,1935,1964759.94,2.15,-0.49,-0.05,0.19,10.78,7.91,6.73,4.95,1.78,0.99,3.36,3.36,3.26,2.37,10.24,10.32,10.75,10.92,1.57,0.0,-0.1,1.28,0.39,8.16,3.54,2.95,3.83,0.49
2023-06-21,831961,10.23,10.2,10.33,10.07,2409,2452401.48,2.56,0.29,0.03,0.23,8.34,7.15,5.36,2.18,1.39,3.77,3.77,3.67,2.78,2.58,10.24,10.26,10.68,10.9,-0.29,-0.39,0.98,0.1,7.84,3.24,2.65,3.53,0.2,0.2
2023-06-26,831961,10.1,10.03,10.17,9.98,1574,1577726.54,1.86,-1.67,-0.17,0.15,8.12,6.31,3.11,2.3,4.71,4.71,4.61,3.71,3.51,3.51,10.18,10.2,10.63,10.87,1.3,2.69,1.79,9.67,4.99,4.39,5.28,1.89,1.89,0.9
2023-06-27,831961,10.01,10.0,10.16,9.99,2141,2143813.97,1.69,-0.3,-0.03,0.21,6.21,3.0,2.2,4.6,4.6,4.5,3.6,3.4,3.4,1.8,10.12,10.17,10.56,10.81,3.0,2.1,10.0,5.3,4.7,5.6,2.2,2.2,1.2,1.0
2023-06-28,831961,10.02,10.19,10.3,10.01,5016,5094489.26,2.9,1.9,0.19,0.48,2.8,2.0,4.4,4.4,4.3,3.4,3.2,3.2,1.6,1.5,10.12,10.18,10.51,10.77,0.2,7.95,3.34,2.75,3.63,0.29,0.29,-0.69,-0.88,-0.79
2023-06-29,831961,10.09,10.13,10.21,9.97,5730,5761641.91,2.36,-0.59,-0.06,0.55,2.41,4.81,4.81,4.71,3.81,3.61,3.61,2.01,1.91,3.31,10.11,10.17,10.46,10.74,8.59,3.95,3.36,4.24,0.89,0.89,-0.1,-0.3,-0.2,-0.79
2023-06-30,831961,10.33,10.7,11.0,10.23,11959,12792044.69,7.6,5.63,0.57,1.16,2.15,2.15,2.05,1.17,0.98,0.98,-0.59,-0.68,0.68,-0.2,10.21,10.22,10.44,10.72,-1.59,-2.15,-1.31,-4.49,-4.49,-5.42,-5.61,-5.51,-6.07,-5.98
2023-07-03,831961,10.51,10.3,10.53,10.29,5727,5955825.94,2.24,-3.74,-0.4,0.55,1.55,1.46,0.58,0.39,0.39,-1.17,-1.26,0.1,-0.78,6.9,10.26,10.22,10.4,10.69,1.65,2.52,-0.78,-0.78,-1.75,-1.94,-1.84,-2.43,-2.33,-2.43
2023-07-04,831961,10.25,10.3,10.47,10.11,3416,3516981.11,3.5,0.0,0.0,0.33,3.26,2.37,2.18,2.18,0.59,0.49,1.88,0.99,8.8,4.15,10.32,10.22,10.35,10.66,2.52,-0.78,-0.78,-1.75,-1.94,-1.84,-2.43,-2.33,-2.43,-3.2
2023-07-05,831961,10.38,10.1,10.56,10.09,4705,4814821.28,4.56,-1.94,-0.2,0.45,2.58,2.38,2.38,0.79,0.69,2.08,1.19,9.02,4.36,3.77,10.31,10.21,10.3,10.62,1.19,1.19,0.2,0.0,0.1,-0.5,-0.4,-0.5,-1.29,-2.38
2023-07-06,831961,10.14,10.19,10.22,10.06,5072,5147328.02,1.58,0.89,0.09,0.49,2.68,2.68,1.09,0.99,2.39,1.49,9.34,4.67,4.08,4.97,10.32,10.21,10.27,10.57,0.29,-0.69,-0.88,-0.79,-1.37,-1.28,-1.37,-2.16,-3.24,-4.51
2023-07-07,831961,10.18,10.06,10.22,10.03,1674,1693580.48,1.86,-1.28,-0.13,0.16,2.99,1.4,1.3,2.69,1.79,9.67,4.99,4.39,5.28,1.89,10.19,10.2,10.23,10.52,0.6,0.4,0.5,-0.1,0.0,-0.1,-0.89,-1.99,-3.28,-4.37
2023-07-10,831961,10.12,10.03,10.12,9.98,1918,1924783.82,1.39,-0.3,-0.03,0.19,1.9,1.8,3.21,2.3,10.22,5.51,4.91,5.81,2.4,2.4,10.14,10.2,10.2,10.48,0.7,0.8,0.2,0.3,0.2,-0.6,-1.69,-2.99,-4.09,-3.89
2023-07-11,831961,10.07,10.06,10.1,10.01,1078,1084900.13,0.9,0.3,0.03,0.1,1.5,2.9,2.0,9.89,5.19,4.6,5.49,2.1,2.1,1.1,10.09,10.21,10.19,10.44,0.5,-0.1,0.0,-0.1,-0.89,-1.99,-3.28,-4.37,-4.17,-3.38
2023-07-12,831961,10.1,9.95,10.11,9.93,1846,1839551.84,1.79,-1.09,-0.11,0.18,3.73,2.82,10.78,6.04,5.44,6.34,2.92,2.92,1.91,1.71,10.06,10.18,10.18,10.4,1.01,1.11,1.01,0.2,-0.9,-2.21,-3.32,-3.12,-2.31,-2.31
2023-07-13,831961,10.05,10.04,10.05,9.88,2126,2115912.02,1.71,0.9,0.09,0.21,3.34,11.34,6.58,5.97,6.88,3.44,3.44,2.43,2.23,2.33,10.03,10.17,10.17,10.37,0.2,0.1,-0.7,-1.79,-3.09,-4.18,-3.98,-3.19,-3.19,-3.29
2023-07-14,831961,9.93,10.03,10.06,9.92,2212,2207413.42,1.39,-0.1,-0.01,0.21,10.89,6.15,5.54,6.45,3.02,3.02,2.02,1.81,1.92,1.31,10.02,10.11,10.16,10.33,0.2,-0.6,-1.69,-2.99,-4.09,-3.89,-3.09,-3.09,-3.19,-3.99
2023-07-17,831961,9.92,9.96,10.05,9.92,1142,1135315.65,1.3,-0.7,-0.07,0.11,6.15,5.54,6.45,3.02,3.02,2.02,1.81,1.92,1.31,1.41,10.01,10.07,10.15,10.29,0.1,-1.0,-2.31,-3.41,-3.21,-2.41,-2.41,-2.51,-3.31,-2.51
2023-07-18,831961,9.92,9.77,9.97,9.76,2713,2666093.65,2.11,-1.91,-0.19,0.26,7.27,8.2,4.71,4.71,3.69,3.48,3.59,2.97,3.07,2.97,9.95,10.02,10.12,10.24,0.92,-0.41,-1.54,-1.33,-0.51,-0.51,-0.61,-1.43,-0.61,-0.1
2023-07-19,831961,9.86,9.67,9.86,9.63,1731,1679494.87,2.35,-1.02,-0.1,0.17,9.66,6.13,6.13,5.09,4.88,4.98,4.36,4.47,4.36,3.53,9.89,9.98,10.09,10.19,0.62,-0.52,-0.31,0.52,0.52,0.41,-0.41,0.41,0.93,0.31
2023-07-20,831961,9.73,9.52,9.73,9.51,1832,1754500.35,2.28,-1.55,-0.15,0.18,7.47,7.47,6.41,6.2,6.31,5.68,5.78,5.68,4.84,3.68,9.79,9.91,10.06,10.15,1.05,1.26,2.1,2.1,2.0,1.16,2.0,2.52,1.89,1.47
2023-07-21,831961,9.51,9.51,9.62,9.5,1221,1163851.28,1.26,-0.11,-0.01,0.12,7.58,6.53,6.32,6.42,5.79,5.89,5.79,4.95,3.79,2.42,9.69,9.85,10.03,10.11,1.37,2.21,2.21,2.1,1.26,2.1,2.63,2.0,1.58,1.58
2023-07-24,831961,9.5,9.51,9.64,9.5,683,649981.98,1.47,0.0,0.0,0.07,6.53,6.32,6.42,5.79,5.89,5.79,4.95,3.79,2.42,1.26,9.6,9.8,10.0,10.07,2.21,2.21,2.1,1.26,2.1,2.63,2.0,1.58,1.58,1.37
2023-07-25,831961,9.61,9.65,9.72,9.58,1141,1099791.65,1.47,1.47,0.14,0.11,5.43,5.53,4.91,5.01,4.91,4.07,2.92,1.57,0.42,0.63,9.57,9.76,9.98,10.05,0.73,0.62,-0.21,0.62,1.14,0.52,0.1,0.1,-0.1,-1.14
2023-07-26,831961,9.72,9.66,9.72,9.6,1108,1068381.9,1.24,0.1,0.01,0.11,5.31,4.69,4.79,4.69,3.85,2.71,1.35,0.21,0.42,1.25,9.57,9.73,9.96,10.03,0.52,-0.31,0.52,1.04,0.41,0.0,0.0,-0.21,-1.24,-2.69
2023-07-27,831961,9.71,9.59,9.71,9.53,843,806891.65,1.86,-0.72,-0.07,0.08,5.46,5.56,5.46,4.62,3.46,2.1,0.94,1.15,1.99,1.99,9.58,9.69,9.93,10.01,0.42,1.25,1.77,1.15,0.73,0.73,0.52,-0.52,-1.98,-0.42
2023-07-28,831961,9.6,9.6,9.63,9.53,1612,1544518.83,1.04,0.1,0.01,0.16,5.56,5.46,4.62,3.46,2.1,0.94,1.15,1.99,1.99,1.89,9.6,9.64,9.87,9.99,1.15,1.67,1.04,0.63,0.63,0.42,-0.63,-2.08,-0.52,-0.31
2023-07-31,831961,9.66,9.66,9.71,9.59,1250,1204918.9,1.25,0.63,0.06,0.12,4.8,3.96,2.82,1.46,0.31,0.52,1.36,1.36,1.25,0.42,9.63,9.61,9.84,9.97,1.04,0.41,0.0,0.0,-0.21,-1.24,-2.69,-1.14,-0.93,-2.48
2023-08-01,831961,9.71,9.68,9.76,9.6,1079,1042110.11,1.66,0.21,0.02,0.1,3.85,2.71,1.35,0.21,0.42,1.25,1.25,1.15,0.31,1.15,9.64,9.6,9.81,9.95,0.21,-0.21,-0.21,-0.41,-1.45,-2.89,-1.34,-1.14,-2.69,-2.89
2023-08-02,831961,9.63,9.64,9.7,9.57,502,483151.84,1.34,-0.41,-0.04,0.05,3.03,1.67,0.52,0.73,1.57,1.57,1.46,0.63,1.46,1.99,9.63,9.6,9.79,9.93,0.21,0.21,0.0,-1.04,-2.49,-0.93,-0.73,-2.28,-2.49,-3.22
2023-08-03,831961,9.58,9.56,9.66,9.54,1384,1323119.37,1.24,-0.83,-0.08,0.13,1.99,0.84,1.05,1.89,1.89,1.78,0.94,1.78,2.31,1.68,9.63,9.61,9.76,9.91,1.05,0.84,-0.21,-1.67,-0.1,0.1,-1.46,-1.67,-2.41,-3.56
2023-08-04,831961,9.55,9.6,9.66,9.46,1952,1865346.32,2.09,0.42,0.04,0.19,1.69,1.9,2.75,2.75,2.64,1.8,2.64,3.17,2.54,2.11,9.63,9.61,9.73,9.89,0.42,-0.63,-2.08,-0.52,-0.31,-1.87,-2.08,-2.81,-3.96,-3.33
2023-08-07,831961,9.61,9.53,9.64,9.49,935,889984.3,1.56,-0.73,-0.07,0.09,1.58,2.42,2.42,2.32,1.48,2.32,2.85,2.21,1.79,1.79,9.6,9.62,9.71,9.87,0.1,-1.36,0.21,0.42,-1.15,-1.36,-2.1,-3.25,-2.62,-4.09
2023-08-08,831961,9.5,9.43,9.54,9.38,1867,1766996.27,1.68,-1.05,-0.1,0.18,3.62,3.62,3.52,2.67,3.52,4.05,3.41,2.99,2.99,2.77,9.55,9.59,9.68,9.85,-0.32,1.27,1.48,-0.11,-0.32,-1.06,-2.23,-1.59,-3.08,-3.08
2023-08-09,831961,9.4,9.25,9.4,9.2,2074,1922223.27,2.12,-1.91,-0.18,0.2,5.65,5.54,4.67,5.54,6.09,5.43,5.0,5.0,4.78,3.7,9.47,9.55,9.64,9.82,3.24,3.46,1.84,1.62,0.86,-0.32,0.32,-1.19,-1.19,-4.0
2023-08-10,831961,9.3,9.5,9.55,9.3,2392,2262507.78,2.7,2.7,0.25,0.23,4.41,3.55,4.41,4.95,4.3,3.87,3.87,3.66,2.58,1.08,9.46,9.54,9.62,9.8,0.74,-0.84,-1.05,-1.79,-2.95,-2.32,-3.79,-3.79,-6.53,-9.37
2023-08-11,831961,9.57,9.35,9.57,9.35,407,384020.41,2.32,-1.58,-0.15,0.04,2.99,3.85,4.39,3.74,3.32,3.32,3.1,2.03,0.53,2.14,9.41,9.52,9.58,9.76,0.75,0.53,-0.21,-1.39,-0.75,-2.25,-2.25,-5.03,-7.91,-7.7
2023-08-14,831961,9.42,9.38,9.42,9.28,631,589001.64,1.5,0.32,0.03,0.06,4.63,5.17,4.53,4.09,4.09,3.88,2.8,1.29,2.91,3.12,9.38,9.49,9.55,9.73,0.21,-0.53,-1.71,-1.07,-2.56,-2.56,-5.33,-8.21,-8.0,-3.73
2023-08-15,831961,9.38,9.33,9.4,9.3,315,294194.02,1.07,-0.53,-0.05,0.03,4.95,4.3,3.87,3.87,3.66,2.58,1.08,2.69,2.9,1.29,9.36,9.46,9.53,9.69,0.0,-1.18,-0.54,-2.04,-2.04,-4.82,-7.72,-7.5,-3.22,-14.26
2023-08-16,831961,9.33,9.29,9.33,9.13,1284,1183983.8,2.14,-0.43,-0.04,0.12,6.24,5.81,5.81,5.59,4.49,2.96,4.6,4.82,3.18,2.96,9.37,9.42,9.51,9.67,-0.75,-0.11,-1.61,-1.61,-4.41,-7.32,-7.1,-2.8,-13.89,-17.65
2023-08-17,831961,9.2,9.2,9.22,9.04,1012,924795.81,1.94,-0.97,-0.09,0.1,6.86,6.86,6.64,5.53,3.98,5.64,5.86,4.2,3.98,3.21,9.31,9.39,9.5,9.63,0.87,-0.65,-0.65,-3.48,-6.41,-6.2,-1.85,-13.04,-16.85,-19.46
2023-08-18,831961,9.27,9.14,9.28,9.08,922,840954.02,2.17,-0.65,-0.06,0.09,6.39,6.17,5.07,3.52,5.18,5.4,3.74,3.52,2.75,1.54,9.27,9.34,9.48,9.6,0.0,0.0,-2.84,-5.8,-5.58,-1.2,-12.47,-16.3,-18.93,-19.91
2023-08-21,831961,9.07,9.05,9.14,9.0,1624,1466126.22,1.53,-0.98,-0.09,0.16,7.11,6.0,4.44,6.11,6.33,4.67,4.44,3.67,2.44,3.11,9.2,9.29,9.45,9.57,0.99,-1.88,-4.86,-4.64,-0.22,-11.6,-15.47,-18.12,-19.12,-16.02
2023-08-22,831961,9.14,8.93,9.14,8.68,2284,2020679.61,5.08,-1.33,-0.12,0.22,9.91,8.29,10.02,10.25,8.53,8.29,7.49,6.22,6.91,5.3,9.12,9.24,9.42,9.53,-0.56,-3.58,-3.36,1.12,-10.41,-14.33,-17.02,-18.03,-14.89,-5.94
2023-08-23,831961,8.87,8.6,8.88,8.5,2729,2348566.12,4.26,-3.7,-0.33,0.26,10.59,12.35,12.59,10.82,10.59,9.76,8.47,9.18,7.53,7.53,8.98,9.18,9.37,9.49,0.12,0.35,5.0,-6.98,-11.05,-13.84,-14.88,-11.63,-2.33,-5.35
2023-08-24,831961,8.6,8.58,8.61,8.46,2133,1815607.81,1.74,-0.23,-0.02,0.21,12.88,13.12,11.35,11.11,10.28,8.98,9.69,8.04,8.04,4.96,8.86,9.08,9.31,9.44,0.58,5.24,-6.76,-10.84,-13.64,-14.69,-11.42,-2.1,-5.13,-7.93
2023-08-25,831961,8.63,8.4,8.63,8.35,1269,1070607.75,3.26,-2.1,-0.18,0.12,14.61,12.81,12.57,11.74,10.42,11.14,9.46,9.46,6.35,3.11,8.71,8.99,9.25,9.38,7.5,-4.76,-8.93,-11.79,-12.86,-9.52,0.0,-3.1,-5.95,-3.57
2023-08-28,831961,8.76,8.47,9.03,8.38,1886,1621907.6,7.74,0.83,0.07,0.18,12.41,12.17,11.34,10.02,10.74,9.07,9.07,5.97,2.74,2.98,8.6,8.9,9.2,9.33,-5.55,-9.68,-12.51,-13.58,-10.27,-0.83,-3.9,-6.73,-4.37,-2.01
2023-08-29,831961,5.95,7.67,8.0,5.95,18469,13455046.18,24.2,-9.45,-0.8,1.79,57.98,56.81,54.96,55.97,53.61,53.61,49.24,44.71,45.04,51.76,8.34,8.73,9.09,9.26,-0.26,-3.39,-4.56,-0.91,9.52,6.13,3.0,5.61,8.21,6.26
2023-08-30,831961,7.6,7.35,7.65,7.27,8336,6193285.52,4.95,-4.17,-0.32,0.81,28.34,26.82,27.65,25.72,25.72,22.15,18.43,18.71,24.21,10.04,8.09,8.54,8.98,9.19,0.82,-0.41,3.4,14.29,10.75,7.48,10.2,12.93,10.88,7.48
2023-08-31,831961,7.4,7.18,7.41,7.18,3918,2824013.58,3.13,-2.31,-0.17,0.38,28.41,29.25,27.3,27.3,23.68,19.92,20.19,25.77,11.42,6.55,7.81,8.34,8.86,9.11,1.95,5.85,16.99,13.37,10.03,12.81,15.6,13.51,10.03,30.78
2023-09-01,831961,7.21,7.17,7.32,7.15,6647,4773653.41,2.37,-0.14,-0.01,0.64,29.79,27.83,27.83,24.2,20.42,20.7,26.29,11.89,6.99,3.64,7.57,8.14,8.74,9.03,6.0,17.15,13.53,10.18,12.97,15.76,13.67,10.18,30.96,24.13
2023-09-04,831961,7.38,7.56,7.6,7.37,10719,8059495.09,3.21,5.44,0.39,1.04,24.02,24.02,20.49,16.82,17.1,22.52,8.55,3.8,0.54,-0.68,7.39,7.99,8.64,8.97,11.11,7.67,4.5,7.14,9.79,7.8,4.5,24.21,17.72,9.39
2023-09-05,831961,7.63,7.88,8.4,7.63,11795,9431788.83,10.19,4.23,0.32,1.14,19.79,16.38,12.84,13.11,18.35,4.85,0.26,-2.88,-4.06,-0.39,7.43,7.89,8.56,8.91,3.3,0.25,2.79,5.33,3.43,0.25,19.16,12.94,4.95,-0.38
2023-09-06,831961,7.77,7.95,8.14,7.4,13059,9996945.21,9.39,0.89,0.07,1.26,20.0,16.35,16.62,22.03,8.11,3.38,0.14,-1.08,2.7,13.51,7.55,7.82,8.5,8.85,-0.63,1.89,4.4,2.52,-0.63,18.11,11.95,4.03,-1.26,-1.26
2023-09-07,831961,7.9,7.63,7.9,7.53,6276,4802934.82,4.65,-4.03,-0.32,0.61,14.34,14.61,19.92,6.24,1.59,-1.59,-2.79,0.93,11.55,8.1,7.64,7.73,8.41,8.79,6.16,8.78,6.82,3.54,23.07,16.64,8.39,2.88,2.88,11.01
2023-09-08,831961,7.69,7.93,8.1,7.5,9242,7267527.18,7.86,3.93,0.3,0.89,15.07,20.4,6.67,2.0,-1.2,-2.4,1.33,12.0,8.53,5.33,7.79,7.68,8.33,8.73,4.67,2.77,-0.38,18.41,12.23,4.29,-1.01,-1.01,6.81,5.55
2023-09-11,831961,7.83,8.03,8.3,7.71,7001,5601433.67,7.44,1.26,0.1,0.68,17.12,3.76,-0.78,-3.89,-5.06,-1.43,8.95,5.58,2.46,5.06,7.88,7.63,8.27,8.68,1.49,-1.62,16.94,10.83,2.99,-2.24,-2.24,5.48,4.23,3.49
2023-09-12,831961,8.04,7.85,8.15,7.83,4029,3193035.99,3.99,-2.24,-0.18,0.39,2.17,-2.3,-5.36,-6.51,-2.94,7.28,3.96,0.89,3.45,6.0,7.88,7.65,8.19,8.61,0.64,19.62,13.38,5.35,0.0,0.0,7.9,6.62,5.86,3.69
2023-09-13,831961,7.82,7.75,7.9,7.7,2446,1906326.67,2.55,-1.27,-0.1,0.23,-0.65,-3.77,-4.94,-1.3,9.09,5.71,2.6,5.19,7.79,5.84,7.84,7.69,8.12,8.55,21.16,14.84,6.71,1.29,1.29,9.29,8.0,7.23,5.03,3.87
2023-09-14,831961,7.99,8.95,9.39,7.98,41642,37376775.9,18.19,15.48,1.2,3.95,-7.14,-8.27,-4.76,5.26,2.01,-1.0,1.5,4.01,2.13,-1.0,8.1,7.87,8.1,8.53,-0.56,-7.6,-12.29,-12.29,-5.36,-6.48,-7.15,-9.05,-10.06,-10.06
2023-09-15,831961,8.8,8.27,8.9,8.21,24267,20544625.35,7.71,-7.6,-0.68,2.3,-10.84,-7.43,2.31,-0.85,-3.78,-1.34,1.1,-0.73,-3.78,14.37,8.17,7.98,8.06,8.49,0.0,-5.08,-5.08,2.42,1.21,0.48,-1.57,-2.66,-2.66,-1.57
2023-09-18,831961,8.19,7.92,8.27,7.78,13096,10459452.32,5.93,-4.23,-0.35,1.24,-2.31,7.97,4.63,1.54,4.11,6.68,4.76,1.54,20.69,14.4,8.15,8.02,8.0,8.43,-0.88,-0.88,6.94,5.68,4.92,2.78,1.64,1.64,2.78,2.53
2023-09-19,831961,7.85,7.73,7.85,7.63,7311,5668933.62,2.78,-2.4,-0.19,0.69,10.09,6.68,3.54,6.16,8.78,6.82,3.54,23.07,16.64,8.39,8.12,8.0,7.94,8.38,1.55,9.57,8.28,7.5,5.3,4.14,4.14,5.3,5.05,3.75
2023-09-20,831961,7.8,7.78,7.85,7.71,3060,2381709.74,1.81,0.65,0.05,0.29,5.58,2.46,5.06,7.65,5.71,2.46,21.79,15.43,7.26,1.82,8.13,7.98,7.9,8.33,8.87,7.58,6.81,4.63,3.47,3.47,4.63,4.37,3.08,3.47
2023-09-21,831961,7.73,8.17,8.47,7.69,10859,8865271.02,10.03,5.01,0.39,1.03,2.73,5.33,7.93,5.98,2.73,22.11,15.73,7.54,2.08,2.08,7.97,8.04,7.88,8.28,2.45,1.71,-0.37,-1.47,-1.47,-0.37,-0.61,-1.84,-1.47,1.96
2023-09-22,831961,8.16,8.26,8.37,8.08,7903,6474921.3,3.55,1.1,0.09,0.75,0.25,2.72,0.87,-2.23,16.21,10.15,2.35,-2.85,-2.85,4.83,7.97,8.07,7.87,8.25,0.61,-1.45,-2.54,-2.54,-1.45,-1.69,-2.91,-2.54,0.85,-1.82
2023-09-25,831961,8.28,8.1,8.31,7.98,5499,4480490.51,4.0,-1.94,-0.16,0.52,4.01,2.13,-1.0,17.67,11.53,3.63,-1.63,-1.63,6.14,4.89,8.01,8.08,7.86,8.2,0.49,-0.62,-0.62,0.49,0.25,-0.99,-0.62,2.84,0.12,-2.1
2023-09-26,831961,8.08,7.98,8.14,7.83,4268,3399281.21,3.83,-1.48,-0.12,0.4,4.09,0.89,19.92,13.67,5.62,0.26,0.26,8.17,6.9,6.13,8.06,8.09,7.87,8.16,0.88,0.88,2.01,1.75,0.5,0.88,4.39,1.63,-0.63,-1.63
2023-09-27,831961,8.05,7.92,8.05,7.91,2432,1940652.77,1.75,-0.75,-0.06,0.23,-0.13,18.71,12.52,4.55,-0.76,-0.76,7.08,5.82,5.06,2.91,8.09,8.11,7.9,8.11,1.64,2.78,2.53,1.26,1.64,5.18,2.4,0.13,-0.88,-3.91
2023-09-28,831961,7.95,8.05,8.05,7.87,4227,3372245.47,2.27,1.64,0.13,0.4,19.31,13.09,5.08,-0.25,-0.25,7.62,6.35,5.59,3.43,2.29,8.06,8.02,7.94,8.07,1.12,0.87,-0.37,0.0,3.48,0.75,-1.49,-2.48,-5.47,-9.94
2023-10-09,831961,8.09,8.06,8.14,8.01,4056,3268863.16,1.61,0.12,0.01,0.38,11.11,3.25,-2.0,-2.0,5.74,4.49,3.75,1.62,0.5,0.5,8.02,8.0,7.99,8.04,0.74,-0.5,-0.12,3.35,0.62,-1.61,-2.61,-5.58,-10.05,-7.44
2023-10-10,831961,8.06,8.02,8.12,7.95,5092,4080943.6,2.11,-0.5,-0.04,0.48,4.03,-1.26,-1.26,6.54,5.28,4.53,2.39,1.26,1.26,2.39,8.01,8.01,8.01,8.0,0.0,0.37,3.87,1.12,-1.12,-2.12,-5.11,-9.6,-6.98,-7.73
2023-10-11,831961,7.99,7.98,8.02,7.87,2709,2151993.04,1.87,-0.5,-0.04,0.26,-0.25,-0.25,7.62,6.35,5.59,3.43,2.29,2.29,3.43,3.18,8.01,8.03,8.02,7.97,0.88,4.39,1.63,-0.63,-1.63,-4.64,-9.15,-6.52,-7.27,-5.64
2023-10-12,831961,8.05,7.83,8.05,7.79,4585,3598879.76,3.26,-1.88,-0.15,0.43,0.77,8.73,7.45,6.68,4.49,3.34,3.34,4.49,4.24,2.95,7.99,8.04,8.01,7.95,6.39,3.58,1.28,0.26,-2.81,-7.41,-4.73,-5.49,-3.83,-3.07
2023-10-13,831961,7.77,8.09,8.33,7.77,6624,5359013.01,7.15,3.32,0.26,0.63,9.01,7.72,6.95,4.76,3.6,3.6,4.76,4.5,3.22,3.6,8.0,8.03,8.03,7.93,0.25,-1.98,-2.97,-5.93,-10.38,-7.79,-8.53,-6.92,-6.18,-2.97
2023-10-16,831961,8.11,7.85,8.11,7.79,3745,2935705.39,3.96,-2.97,-0.24,0.36,7.45,6.68,4.49,3.34,3.34,4.49,4.24,2.95,3.34,6.93,7.95,7.99,8.03,7.91,1.02,0.0,-3.06,-7.64,-4.97,-5.73,-4.08,-3.31,0.0,1.53
2023-10-17,831961,7.78,7.87,7.93,7.7,3238,2522113.59,2.93,0.25,0.02,0.31,7.92,5.71,4.55,4.55,5.71,5.45,4.16,4.55,8.18,5.32,7.92,7.96,8.02,7.89,-0.25,-3.3,-7.88,-5.21,-5.97,-4.32,-3.56,-0.25,1.27,4.45
2023-10-18,831961,7.81,7.6,7.85,7.6,3013,2314725.02,3.18,-3.43,-0.27,0.29,7.11,5.92,5.92,7.11,6.84,5.53,5.92,9.61,6.71,4.34,7.85,7.93,8.01,7.89,0.13,-4.61,-1.84,-2.63,-0.92,-0.13,3.29,4.87,8.16,8.42
2023-10-19,831961,7.54,7.19,7.61,7.17,5106,3765970.84,5.79,-5.39,-0.41,0.48,12.27,12.27,13.53,13.25,11.85,12.27,16.18,13.11,10.6,9.48,7.72,7.85,7.98,7.88,0.83,3.76,2.92,4.73,5.56,9.18,10.85,14.33,14.6,12.38
2023-10-20,831961,7.15,7.13,7.25,7.1,1827,1307348.99,2.09,-0.83,-0.06,0.17,13.38,14.65,14.37,12.96,13.38,17.32,14.23,11.69,10.56,7.18,7.53,7.76,7.89,7.88,4.63,3.79,5.61,6.45,10.1,11.78,15.29,15.57,13.32,12.62
2023-10-23,831961,7.1,7.2,7.46,7.06,4929,3583999.7,5.61,0.98,0.07,0.47,15.3,15.01,13.6,14.02,17.99,14.87,12.32,11.19,7.79,2.69,7.4,7.68,7.84,7.88,2.78,4.58,5.42,9.03,10.69,14.17,14.44,12.22,11.53,12.64
2023-10-24,831961,7.17,7.31,7.4,7.02,5106,3690656.13,5.28,1.53,0.11,0.48,15.67,14.25,14.67,18.66,15.53,12.96,11.82,8.4,3.28,6.27,7.29,7.6,7.81,7.88,3.01,3.83,7.39,9.03,12.45,12.72,10.53,9.85,10.94,20.25
2023-10-25,831961,7.37,7.38,7.53,7.29,4407,3272194.72,3.28,0.96,0.07,0.42,10.01,10.43,14.27,11.25,8.78,7.68,4.39,-0.55,2.33,1.51,7.24,7.54,7.79,7.86,2.85,6.37,7.99,11.38,11.65,9.49,8.81,9.89,19.11,18.97
2023-10-26,831961,7.35,7.56,7.59,7.31,6494,4850529.67,3.79,2.44,0.18,0.62,10.12,13.95,10.94,8.48,7.39,4.1,-0.82,2.05,1.23,3.01,7.32,7.52,7.78,7.85,3.84,5.42,8.73,8.99,6.88,6.22,7.28,16.27,16.14,15.34
2023-10-27,831961,7.59,7.72,7.85,7.39,9117,6978718.26,6.08,2.12,0.16,0.86,12.72,9.74,7.31,6.22,2.98,-1.89,0.95,0.14,1.89,2.71,7.43,7.48,7.75,7.85,3.24,6.48,6.74,4.66,4.02,5.05,13.86,13.73,12.95,11.66
2023-10-30,831961,7.71,7.88,7.97,7.59,6063,4731351.95,4.92,2.07,0.16,0.57,6.85,4.48,3.43,0.26,-4.48,-1.71,-2.5,-0.79,0.0,3.43,7.57,7.48,7.74,7.85,4.31,4.57,2.54,1.9,2.92,11.55,11.42,10.66,9.39,16.24
2023-10-31,831961,7.85,8.11,8.22,7.78,8999,7258651.3,5.58,2.92,0.23,0.85,1.93,0.9,-2.19,-6.81,-4.11,-4.88,-3.21,-2.44,0.9,2.44,7.73,7.51,7.74,7.85,1.6,-0.37,-0.99,0.0,8.38,8.26,7.52,6.29,12.95,14.06
2023-11-01,831961,8.19,7.95,8.24,7.93,4269,3427594.27,3.82,-1.97,-0.16,0.4,-1.01,-4.04,-8.58,-5.93,-6.68,-5.04,-4.29,-1.01,0.5,3.66,7.84,7.54,7.73,7.85,1.64,1.01,2.01,10.57,10.44,9.69,8.43,15.22,16.35,16.98
2023-11-02,831961,7.95,7.9,8.08,7.9,1904,1513383.35,2.26,-0.63,-0.05,0.18,-3.67,-8.23,-5.57,-6.33,-4.68,-3.92,-0.63,0.89,4.05,4.3,7.91,7.61,7.73,7.86,1.65,2.66,11.27,11.14,10.38,9.11,15.95,17.09,17.72,14.81
2023-11-03,831961,7.86,7.97,8.03,7.74,4518,3583166.24,3.67,0.89,0.07,0.43,-6.33,-3.62,-4.39,-2.71,-1.94,1.42,2.97,6.2,6.46,4.39,7.96,7.7,7.73,7.83,1.76,10.29,10.16,9.41,8.16,14.93,16.06,16.69,13.8,11.67
2023-11-06,831961,8.01,8.1,8.11,7.93,4739,3812820.24,2.26,1.63,0.13,0.45,-5.93,-6.68,-5.04,-4.29,-1.01,0.5,3.66,3.91,1.89,1.26,8.01,7.79,7.73,7.82,8.52,8.4,7.65,6.42,13.09,14.2,14.81,11.98,9.88,12.47
2023-11-07,831961,8.11,8.4,8.79,8.05,9566,8160682.82,9.14,3.7,0.3,0.91,-8.07,-6.46,-5.71,-2.48,-0.99,2.11,2.36,0.37,-0.25,0.75,8.06,7.9,7.75,7.84,4.52,3.81,2.62,9.05,10.12,10.71,7.98,5.95,8.45,28.33
2023-11-08,831961,8.41,8.61,8.78,8.38,9927,8567208.83,4.76,2.5,0.21,0.94,-10.14,-9.43,-6.32,-4.89,-1.91,-1.67,-3.58,-4.18,-3.22,4.89,8.2,8.02,7.78,7.87,1.28,0.12,6.39,7.43,8.01,5.34,3.37,5.81,25.2,31.01
2023-11-09,831961,8.59,8.59,8.72,8.54,3470,2994251.32,2.09,-0.23,-0.02,0.33,-11.12,-8.08,-6.67,-3.75,-3.51,-5.39,-5.97,-5.04,2.93,2.81,8.33,8.12,7.82,7.89,0.35,6.64,7.68,8.27,5.59,3.61,6.05,25.49,31.32,44.0
2023-11-10,831961,8.6,8.47,8.62,8.41,5259,4471181.97,2.44,-1.4,-0.12,0.5,-6.66,-5.23,-2.26,-2.02,-3.92,-4.52,-3.57,4.52,4.4,3.69,8.43,8.2,7.84,7.9,8.15,9.21,9.8,7.08,5.08,7.56,27.27,33.18,46.04,53.36
2023-11-13,831961,8.35,8.88,9.16,8.35,12193,10868943.09,9.56,4.84,0.41,1.16,-4.55,-1.56,-1.32,-3.23,-3.83,-2.87,5.27,5.15,4.43,3.23,8.59,8.3,7.89,7.92,4.17,4.73,2.14,0.23,2.59,21.4,27.03,39.3,46.28,69.82
2023-11-14,831961,8.81,9.17,9.25,8.81,7175,6550076.1,4.95,3.27,0.29,0.68,-6.7,-6.47,-8.29,-8.85,-7.95,-0.23,-0.34,-1.02,-2.16,3.97,8.74,8.4,7.96,7.96,1.42,-1.09,-2.94,-0.65,17.56,23.01,34.9,41.66,64.45,57.8
2023-11-15,831961,9.18,9.03,9.3,8.94,8771,7979408.25,3.93,-1.53,-0.14,0.83,-7.83,-9.62,-10.18,-9.28,-1.68,-1.79,-2.46,-3.58,2.46,3.47,8.83,8.51,8.03,7.99,0.44,-1.44,0.89,19.38,24.92,36.99,43.85,67.0,60.24,53.71
2023-11-16,831961,9.07,8.85,9.07,8.85,4347,3871816.8,2.44,-1.99,-0.18,0.41,-8.7,-9.27,-8.36,-0.68,-0.79,-1.47,-2.6,3.5,4.52,5.08,8.88,8.61,8.11,8.02,0.56,2.94,21.81,27.46,39.77,46.78,70.4,63.5,56.84,54.24
2023-11-17,831961,8.82,8.64,8.9,8.64,7963,7009339.17,2.94,-2.37,-0.21,0.76,-7.06,-6.13,1.74,1.62,0.93,-0.23,6.02,7.06,7.64,4.98,8.91,8.67,8.19,8.04,5.44,24.77,30.56,43.17,50.35,74.54,67.48,60.65,57.99,52.43
2023-11-20,831961,8.67,9.09,9.11,8.67,8401,7507523.3,5.09,5.21,0.45,0.8,-6.46,1.38,1.27,0.58,-0.58,5.65,6.69,7.27,4.61,2.65,8.96,8.77,8.28,8.08,18.59,24.09,36.08,42.9,65.9,59.19,52.7,50.17,44.88,30.58
2023-11-21,831961,9.19,9.83,10.78,9.19,37343,37441764.07,17.49,8.14,0.74,3.54,-4.35,-4.46,-5.11,-6.2,-0.33,0.65,1.2,-1.31,-3.16,-0.87,9.09,8.92,8.41,8.14,14.75,25.84,32.15,53.41,47.2,41.2,38.86,33.98,20.75,27.06
2023-11-22,831961,9.61,11.28,11.28,9.59,48435,51279178.04,17.19,14.75,1.45,4.59,-8.45,-9.07,-10.11,-4.48,-3.55,-3.02,-5.42,-7.19,-5.01,12.41,9.54,9.18,8.6,8.25,9.66,15.16,33.69,28.28,23.05,21.01,16.76,5.23,10.73,15.16
2023-11-23,831961,11.6,10.37,12.37,9.0,61061,68609730.6,29.88,-8.07,-0.91,5.79,-3.11,-4.22,1.78,2.78,3.33,0.78,-1.11,1.22,19.78,25.33,9.84,9.36,8.74,8.33,25.27,45.42,39.54,33.85,31.63,27.0,14.46,20.44,25.27,23.63
2023-11-24,831961,10.48,12.9,12.99,10.48,112091,135333375.55,24.2,24.4,2.53,10.63,-17.75,-12.6,-11.74,-11.26,-13.45,-15.08,-13.07,2.86,7.63,18.03,10.69,9.8,9.0,8.49,16.9,12.17,7.6,5.81,2.09,-7.98,-3.18,0.7,-0.62,2.17
2023-11-27,831961,12.6,14.48,15.08,12.53,141001,194425676.16,19.77,12.25,1.58,13.37,-26.9,-26.18,-25.78,-27.61,-28.97,-27.29,-13.97,-9.98,-1.28,3.67,11.77,10.36,9.33,8.72,-0.07,-4.14,-5.73,-9.05,-18.02,-13.74,-10.29,-11.46,-8.98,-9.39
2023-11-28,831961,13.31,13.3,14.47,12.7,84058,114278433.98,12.22,-8.15,-1.18,7.97,-27.17,-26.77,-28.58,-29.92,-28.27,-15.12,-11.18,-2.6,2.28,18.74,12.47,10.78,9.59,8.9,4.36,2.63,-0.98,-10.75,-6.09,-2.33,-3.61,-0.9,-1.35,-6.54
2023-11-29,831961,13.49,11.97,13.88,11.71,68509,87931654.31,16.32,-10.0,-1.33,6.5,-20.58,-22.54,-24.0,-22.2,-7.94,-3.67,5.64,10.93,28.78,23.57,12.6,11.07,9.79,9.04,14.04,10.03,-0.84,4.34,8.52,7.1,10.11,9.61,3.84,9.44
2023-11-30,831961,12.4,12.64,13.65,12.3,71818,92055068.64,11.28,5.6,0.67,6.81,-26.26,-27.64,-25.93,-12.36,-8.29,0.57,5.61,22.6,17.64,12.85,13.06,11.45,10.03,9.22,4.19,-6.09,-1.19,2.77,1.42,4.27,3.8,-1.66,3.64,5.06
2023-12-01,831961,12.5,11.76,13.17,11.5,53539,65156832.93,13.21,-6.96,-0.88,5.08,-22.61,-20.78,-6.26,-1.91,7.57,12.96,31.13,25.83,20.7,18.7,12.83,11.76,10.22,9.38,0.94,6.21,10.46,9.01,12.07,11.56,5.7,11.39,12.93,11.31
2023-12-04,831961,11.09,11.39,11.87,11.09,35121,40218506.87,6.63,-3.15,-0.37,3.33,-17.85,-2.8,1.71,11.54,17.13,35.98,30.48,25.16,23.08,18.76,12.21,11.99,10.38,9.52,9.66,14.05,12.55,15.72,15.19,9.13,15.01,16.59,14.93,17.82
2023-12-05,831961,11.34,12.21,12.49,11.34,62536,75117216.96,10.1,7.2,0.82,5.93,-4.94,-0.53,9.08,14.55,32.98,27.6,22.4,20.37,16.14,4.67,11.99,12.23,10.57,9.68,6.39,5.0,7.94,7.45,1.8,7.29,8.76,7.21,9.91,10.81
2023-12-06,831961,12.38,12.09,12.99,12.01,55464,69051343.03,8.03,-0.98,-0.12,5.26,-6.08,3.0,8.16,25.56,20.48,15.57,13.66,9.66,-1.17,4.0,12.02,12.31,10.75,9.84,6.04,9.02,8.52,2.81,8.35,9.84,8.27,11.0,11.91,12.9
2023-12-07,831961,11.81,12.54,12.82,11.78,54247,67339876.68,8.6,3.72,0.45,5.14,5.01,10.27,28.01,22.84,17.83,15.87,11.8,0.76,6.03,10.27,12.0,12.53,10.94,10.0,5.1,4.63,-0.88,4.47,5.9,4.39,7.02,7.89,8.85,9.49
2023-12-08,831961,12.61,13.0,13.18,12.21,65251,83525450.56,7.74,3.67,0.46,6.19,6.39,23.51,18.51,13.68,11.79,7.86,-2.78,2.29,6.39,5.0,12.25,12.54,11.17,10.18,0.92,-4.38,0.77,2.15,0.69,3.23,4.08,5.0,5.62,-9.38
2023-12-11,831961,12.87,12.21,13.12,11.96,44116,54712162.02,8.92,-6.08,-0.79,4.18,26.09,20.99,16.05,14.13,10.12,-0.75,4.43,8.61,7.19,10.2,12.41,12.31,11.34,10.32,1.8,7.29,8.76,7.21,9.91,10.81,11.79,12.45,-3.52,2.38
2023-12-12,831961,12.1,12.38,12.43,12.09,28148,34596778.3,2.78,1.39,0.17,2.67,19.69,14.81,12.9,8.93,-1.82,3.31,7.44,6.04,9.02,8.52,12.44,12.22,11.5,10.47,5.82,7.27,5.74,8.4,9.29,10.26,10.9,-4.85,0.97,7.92
2023-12-13,831961,12.38,12.8,13.1,12.13,47406,60796649.85,7.84,3.39,0.42,4.5,14.43,12.53,8.57,-2.14,2.97,7.09,5.69,8.66,8.16,2.47,12.59,12.3,11.69,10.63,3.75,2.27,4.84,5.7,6.64,7.27,-7.97,-2.34,4.37,5.7
2023-12-14,831961,13.0,13.03,13.28,12.73,58876,76946311.4,4.3,1.8,0.23,5.58,7.23,3.46,-6.76,-1.89,2.04,0.71,3.53,3.06,-2.36,2.91,12.68,12.34,11.9,10.8,0.46,2.99,3.84,4.76,5.37,-9.59,-4.07,2.53,3.84,13.51
2023-12-15,831961,13.09,12.8,13.09,12.41,37131,47125988.58,5.22,-1.77,-0.23,3.52,6.12,-4.35,0.64,4.67,3.3,6.2,5.72,0.16,5.56,7.01,12.64,12.44,12.1,10.96,4.84,5.7,6.64,7.27,-7.97,-2.34,4.37,5.7,15.55,8.98
2023-12-18,831961,12.89,13.42,13.42,12.67,48099,63182235.12,5.86,4.84,0.62,4.56,-6.31,-1.42,2.53,1.18,4.03,3.55,-1.89,3.39,4.81,3.31,12.89,12.65,12.32,11.14,0.82,1.71,2.31,-12.22,-6.86,-0.45,0.82,10.21,3.95,15.35
2023-12-19,831961,13.33,13.33,13.53,12.86,34267,45180169.37,4.99,-0.67,-0.09,3.25,-2.88,1.01,-0.31,2.49,2.02,-3.34,1.87,3.27,1.79,4.35,13.08,12.76,12.49,11.3,2.4,3.0,-11.63,-6.23,0.23,1.5,10.95,4.65,16.13,19.95
2023-12-20,831961,13.31,13.51,13.65,13.2,53116,71445354.84,3.38,1.35,0.18,5.04,-1.59,-2.88,-0.15,-0.61,-5.83,-0.76,0.61,-0.83,1.67,2.5,13.22,12.9,12.61,11.47,1.63,-12.81,-7.48,-1.11,0.15,9.47,3.26,14.58,18.36,17.1
2023-12-21,831961,13.6,11.54,13.73,11.13,71144,89107846.63,19.25,-14.58,-1.97,6.75,15.18,18.42,17.88,11.68,17.7,19.32,17.61,20.58,21.56,22.64,12.92,12.8,12.66,11.56,2.08,8.32,15.77,17.24,28.16,20.88,34.14,38.56,37.09,31.37
2023-12-22,831961,11.6,11.52,11.78,11.01,37348,42630382.25,6.67,-0.17,-0.02,3.54,19.71,19.16,12.9,18.98,20.62,18.89,21.89,22.89,23.98,24.7,12.66,12.65,12.6,11.67,8.51,15.97,17.45,28.39,21.09,34.38,38.8,37.33,31.6,27.43
2023-12-25,831961,11.4,12.2,12.5,11.4,41175,49549021.84,9.55,5.9,0.68,3.91,15.09,9.04,14.91,16.49,14.82,17.72,18.68,19.74,20.44,3.33,12.42,12.65,12.48,11.78,9.51,10.9,21.23,14.34,26.89,31.07,29.67,24.26,20.33,16.48
2023-12-26,831961,12.66,13.02,13.36,12.11,59775,77158576.98,10.25,6.72,0.82,5.67,2.64,8.18,9.66,8.09,10.82,11.73,12.72,13.38,-2.73,3.22,12.36,12.72,12.47,11.9,3.92,13.59,7.14,18.89,22.81,21.51,16.44,12.75,9.14,5.3
2023-12-27,831961,13.11,13.24,13.53,12.34,55487,72689741.73,9.14,1.69,0.22,5.26,6.16,7.62,6.08,8.75,9.64,10.62,11.26,-4.54,1.3,8.27,12.3,12.76,12.53,12.04,11.71,5.36,16.92,20.77,19.49,14.5,10.88,7.33,3.55,7.1
2023-12-28,831961,13.99,13.29,14.79,13.24,73093,102051098.16,11.71,0.38,0.05,6.93,0.3,-1.13,1.36,2.19,3.1,3.7,-11.03,-5.59,0.91,2.19,12.65,12.79,12.56,12.19,4.97,16.48,20.32,19.04,14.07,10.46,6.92,3.16,6.7,11.96
2023-12-29,831961,12.8,13.76,13.95,12.76,69609,93514943.54,8.95,3.54,0.47,6.6,2.59,5.17,6.03,6.97,7.6,-7.68,-2.04,4.7,6.03,15.91,13.1,12.88,12.66,12.36,12.5,16.21,14.97,10.17,6.69,3.27,-0.36,3.05,8.14,-5.16
2024-01-02,831961,13.95,15.04,15.48,13.81,108548,159658606.52,12.14,9.3,1.28,10.29,-2.82,-2.03,-1.16,-0.58,-14.7,-9.49,-3.26,-2.03,7.1,1.01,13.67,13.04,12.85,12.56,6.32,5.19,0.8,-2.39,-5.52,-8.84,-5.72,-1.06,-13.23,-14.96
2024-01-03,831961,14.75,15.2,15.99,14.16,96628,144048733.24,12.17,1.06,0.16,9.16,-4.45,-3.6,-3.04,-16.81,-11.72,-5.65,-4.45,4.45,-1.48,9.32,14.11,13.23,13.0,12.74,4.08,-0.26,-3.42,-6.51,-9.8,-6.71,-2.11,-14.14,-15.86,-16.25
2024-01-04,831961,15.35,15.16,15.82,14.8,67605,103280018.98,6.71,-0.26,-0.04,6.41,-7.77,-7.23,-20.41,-15.54,-9.73,-8.58,-0.07,-5.74,4.59,8.04,14.49,13.4,13.15,12.87,0.0,-3.17,-6.27,-9.56,-6.46,-1.85,-13.92,-15.63,-16.03,-18.87
2024-01-05,831961,15.0,13.81,15.16,13.74,63951,91428544.55,9.37,-8.91,-1.35,6.07,-0.07,-14.26,-9.02,-2.77,-1.53,7.64,1.53,12.66,16.38,15.14,14.59,13.62,13.21,12.98,6.3,2.9,-0.72,2.68,7.75,-5.5,-7.39,-7.82,-10.93,-7.39
2024-01-08,831961,13.76,13.8,14.68,13.53,51071,72172097.71,8.33,-0.07,-0.01,4.84,-12.93,-7.61,-1.26,0.0,9.31,3.1,14.41,18.18,16.93,12.05,14.6,13.85,13.25,13.01,2.97,-0.65,2.75,7.83,-5.43,-7.32,-7.75,-10.87,-7.32,-8.33
2024-01-09,831961,13.81,13.38,14.21,13.08,40319,54485816.07,8.19,-3.04,-0.42,3.82,-4.43,2.14,3.44,13.07,6.65,18.35,22.25,20.95,15.9,12.23,14.27,13.97,13.31,12.98,2.47,5.98,11.21,-2.47,-4.41,-4.86,-8.07,-4.41,-5.46,-7.85
2024-01-10,831961,13.37,13.48,13.71,13.01,23123,31145296.99,5.23,0.75,0.1,2.19,2.69,4.0,13.68,7.23,18.99,22.91,21.6,16.53,12.84,9.22,13.93,14.02,13.37,12.98,5.19,10.39,-3.19,-5.12,-5.56,-8.75,-5.12,-6.16,-8.53,-7.27
2024-01-11,831961,13.52,14.01,14.18,13.31,40386,55665042.79,6.45,3.93,0.53,3.83,1.65,11.12,4.81,16.3,20.14,18.86,13.9,10.29,6.76,3.01,13.7,14.09,13.43,13.05,6.21,-6.85,-8.71,-9.14,-12.21,-8.71,-9.71,-11.99,-10.78,-8.28
2024-01-12,831961,13.9,13.51,14.88,13.31,73177,103738780.68,11.21,-3.57,-0.5,6.94,11.12,4.81,16.3,20.14,18.86,13.9,10.29,6.76,3.01,6.54,13.64,14.11,13.45,13.08,-3.4,-5.33,-5.77,-8.96,-5.33,-6.37,-8.73,-7.48,-4.89,-7.11
2024-01-15,831961,13.01,12.09,13.05,12.0,59117,73415560.26,7.77,-10.51,-1.42,5.61,16.25,29.0,33.25,31.83,26.33,22.33,18.42,14.25,18.17,24.0,13.29,13.95,13.42,13.09,5.79,5.29,1.74,5.79,4.63,1.99,3.39,6.29,3.8,0.08
2024-01-16,831961,12.0,12.58,12.79,11.5,55988,67738649.65,10.67,4.05,0.49,5.31,34.61,39.04,37.57,31.83,27.65,23.57,19.22,23.3,29.39,13.48,13.13,13.7,13.37,13.13,1.19,-2.23,1.67,0.56,-1.99,-0.64,2.15,-0.24,-3.82,-13.83
2024-01-17,831961,12.1,11.95,12.73,11.9,33777,41769439.08,6.6,-5.01,-0.63,3.2,34.37,32.94,27.39,23.36,19.41,15.21,19.16,25.04,9.66,7.48,12.83,13.38,13.3,13.12,2.93,7.03,5.86,3.18,4.6,7.53,5.02,1.26,-9.29,-12.3
2024-01-18,831961,12.0,12.22,12.3,11.5,36489,43824156.6,6.69,2.26,0.27,3.46,37.57,31.83,27.65,23.57,19.22,23.3,29.39,13.48,11.22,10.7,12.47,13.08,13.24,13.13,4.66,3.52,0.9,2.29,5.16,2.7,-0.98,-11.29,-14.24,-17.02
2024-01-19,831961,12.55,12.5,12.79,12.33,41376,52033914.97,3.76,2.29,0.28,3.92,22.95,19.06,15.25,11.19,15.0,20.68,5.84,3.73,3.24,-0.24,12.27,12.95,13.29,13.13,1.2,-1.36,0.0,2.8,0.4,-3.2,-13.28,-16.16,-18.88,-23.2
2024-01-22,831961,12.33,11.95,12.65,11.9,33516,40909550.91,6.0,-4.4,-0.55,3.18,23.36,19.41,15.21,19.16,25.04,9.66,7.48,6.97,3.36,7.48,12.24,12.77,13.31,13.09,3.18,4.6,7.53,5.02,1.26,-9.29,-12.3,-15.15,-19.67,-29.04
2024-01-23,831961,12.0,12.1,12.33,11.7,22935,27537136.74,5.27,1.26,0.15,2.18,21.45,17.18,21.2,27.18,11.54,9.32,8.8,5.13,9.32,8.12,12.14,12.64,13.3,13.09,3.31,6.2,3.72,0.0,-10.41,-13.39,-16.2,-20.66,-29.92,-23.97
2024-01-24,831961,12.23,12.4,12.5,12.08,38985,48106898.04,3.47,2.48,0.3,3.7,13.49,17.38,23.18,8.03,5.88,5.38,1.82,5.88,4.72,2.07,12.23,12.53,13.27,13.09,3.63,1.21,-2.42,-12.58,-15.48,-18.23,-22.58,-31.61,-25.81,-21.77
2024-01-25,831961,12.41,12.59,12.85,12.08,45646,57045721.51,6.21,1.53,0.19,4.33,17.38,23.18,8.03,5.88,5.38,1.82,5.88,4.72,2.07,3.48,12.31,12.39,13.24,13.08,-0.32,-3.89,-13.9,-16.76,-19.46,-23.75,-32.64,-26.93,-22.95,-25.34
2024-01-26,831961,12.33,12.07,12.55,11.98,34500,42255920.69,4.53,-4.13,-0.52,3.27,24.21,8.93,6.76,6.26,2.67,6.76,5.59,2.92,4.34,7.26,12.22,12.24,13.18,13.05,0.25,-10.19,-13.17,-15.99,-20.46,-29.74,-23.78,-19.64,-22.12,-12.34
2024-01-29,831961,11.89,10.81,12.1,10.7,36115,40577521.18,11.6,-10.44,-1.26,3.43,21.96,19.53,18.97,14.95,19.53,18.22,15.23,16.82,20.09,17.29,11.99,12.12,13.03,12.98,0.28,-3.05,-6.2,-11.19,-21.55,-14.89,-10.27,-13.04,-2.13,7.59
2024-01-30,831961,10.72,10.24,10.84,9.95,29336,30301058.97,8.23,-5.27,-0.57,2.78,28.54,27.94,23.62,28.54,27.14,23.92,25.63,29.15,26.13,21.61,11.62,11.88,12.79,12.88,2.34,-0.98,-6.25,-17.19,-10.16,-5.27,-8.2,3.32,13.57,11.33
2024-01-31,831961,10.13,10.1,10.48,10.05,21814,22374074.24,4.2,-1.37,-0.14,2.07,26.67,22.39,27.26,25.87,22.69,24.38,27.86,24.88,20.4,7.86,11.16,11.7,12.54,12.77,0.4,-4.95,-16.04,-8.91,-3.96,-6.93,4.75,15.15,12.87,13.17
2024-02-01,831961,9.9,9.39,10.14,9.34,25191,24527660.45,7.92,-7.03,-0.71,2.39,31.69,36.94,35.44,32.01,33.83,37.58,34.37,29.55,16.06,12.21,10.52,11.41,12.25,12.63,2.24,-9.69,-2.02,3.3,0.11,12.67,23.86,21.41,21.73,29.39
2024-02-02,831961,9.38,8.31,9.6,8.0,41893,36885226.48,17.04,-11.5,-1.08,3.97,59.87,58.13,54.12,56.25,60.62,56.88,51.25,35.5,31.0,26.75,9.77,11.0,11.97,12.52,2.05,10.71,16.73,13.12,27.32,39.95,37.18,37.55,46.21,35.98
2024-02-05,831961,8.28,8.07,8.48,7.5,32305,25849965.28,11.79,-2.89,-0.24,3.06,68.67,64.4,66.67,71.33,67.33,61.33,44.53,39.73,35.2,28.0,9.22,10.61,11.69,12.41,14.0,20.2,16.48,31.1,44.11,41.26,41.64,50.56,40.02,69.27
2024-02-06,831961,8.07,9.16,9.2,8.0,44392,38737426.24,14.87,13.51,1.09,4.21,54.12,56.25,60.62,56.88,51.25,35.5,31.0,26.75,20.0,6.0,9.01,10.31,11.48,12.31,5.9,2.62,15.5,26.97,24.45,24.78,32.64,23.36,49.13,45.52
2024-02-07,831961,9.15,9.0,9.7,8.96,35322,33000953.54,8.08,-1.75,-0.16,3.35,39.51,43.42,40.07,35.04,20.98,16.96,13.17,7.14,-5.36,2.68,8.79,9.97,11.25,12.17,4.44,17.56,29.22,26.67,27.0,35.0,25.56,51.78,48.11,57.78
2024-02-08,831961,8.96,9.15,9.4,8.68,24008,21844080.9,8.0,1.67,0.15,2.28,48.04,44.59,39.4,24.88,20.74,16.82,10.6,-2.3,5.99,11.75,8.74,9.63,11.01,12.04,15.63,27.1,24.59,24.92,32.79,23.5,49.29,45.68,55.19,50.49
2024-02-19,831961,9.28,9.99,10.58,9.26,33790,33385332.64,14.43,9.18,0.84,3.2,35.53,30.67,17.06,13.17,9.5,3.67,-8.42,-0.65,4.75,1.51,9.07,9.42,10.83,11.93,16.42,14.11,14.41,21.62,13.11,36.74,33.43,42.14,37.84,34.43
2024-02-20,831961,9.91,11.4,11.63,9.71,57316,61213816.32,19.22,14.11,1.41,5.44,24.61,11.64,7.93,4.43,-1.13,-12.67,-5.25,-0.1,-3.19,8.96,9.74,9.48,10.8,11.85,0.0,0.26,6.58,-0.88,19.82,16.93,24.56,20.79,17.81,16.32
2024-02-21,831961,11.31,10.97,11.4,10.84,42189,46916804.97,4.91,-3.77,-0.43,4.0,0.0,-3.32,-6.46,-11.44,-21.77,-15.13,-10.52,-13.28,-2.4,7.29,10.1,9.55,10.72,11.71,4.19,10.76,3.01,24.52,21.51,29.44,25.52,22.42,20.88,21.79
2024-02-22,831961,11.11,10.99,11.43,10.9,24089,26725141.74,4.83,0.18,0.02,2.28,-3.85,-6.97,-11.93,-22.2,-15.6,-11.01,-13.76,-2.94,6.7,4.59,10.5,9.64,10.67,11.57,10.56,2.82,24.29,21.29,29.21,25.3,22.2,20.66,21.57,18.56
2024-02-23,831961,11.55,11.5,12.15,11.43,52463,61581182.84,6.55,4.64,0.51,4.98,-11.29,-16.01,-25.81,-19.51,-15.14,-17.76,-7.44,1.75,-0.26,0.0,10.97,9.85,10.63,11.45,-1.74,18.78,15.91,23.48,19.74,16.78,15.3,16.17,13.3,14.61
2024-02-26,831961,10.99,11.16,11.3,10.71,39715,43841295.54,5.13,-2.96,-0.34,3.77,-10.36,-20.82,-14.1,-9.43,-12.23,-1.21,8.59,6.44,6.72,13.45,11.2,10.14,10.57,11.36,22.4,19.44,27.24,23.39,20.34,18.82,19.71,16.76,18.1,12.01
2024-02-27,831961,11.28,13.22,13.66,11.2,90587,111900517.98,22.04,18.46,2.06,8.59,-24.29,-17.86,-13.39,-16.07,-5.54,3.84,1.79,2.05,8.48,0.89,11.57,10.65,10.63,11.34,0.83,7.41,4.16,1.59,0.3,1.06,-1.44,-0.3,-5.45,-5.52
2024-02-28,831961,13.0,12.15,13.33,12.0,76831,98462948.41,10.06,-8.09,-1.07,7.29,-23.33,-19.17,-21.67,-11.83,-3.08,-5.0,-4.75,1.25,-5.83,13.83,11.8,10.95,10.63,11.3,16.87,13.33,10.53,9.14,9.96,7.24,8.48,2.88,2.8,1.89
2024-02-29,831961,12.0,13.44,14.2,11.99,86545,115007709.88,18.19,10.62,1.29,8.21,-19.1,-21.6,-11.76,-3.0,-4.92,-4.67,1.33,-5.75,13.93,11.18,12.29,11.4,10.69,11.3,2.46,-0.07,-1.34,-0.6,-3.05,-1.93,-6.99,-7.07,-7.89,-9.08
2024-03-01,831961,13.4,13.38,13.77,13.0,57482,76705559.28,5.73,-0.45,-0.06,5.45,-27.69,-18.62,-10.54,-12.31,-12.08,-6.54,-13.08,5.08,2.54,9.23,12.67,11.82,10.72,11.28,0.37,-0.9,-0.15,-2.62,-1.49,-6.58,-6.65,-7.47,-8.67,-9.57
2024-03-04,831961,13.16,12.91,13.43,12.61,45075,58396609.81,6.13,-3.51,-0.47,4.27,-16.1,-7.77,-9.6,-9.36,-3.65,-10.39,8.33,5.71,12.61,9.2,13.02,12.11,10.77,11.26,2.71,3.49,0.93,2.09,-3.18,-3.25,-4.11,-5.34,-6.27,-6.97
2024-03-05,831961,12.79,12.95,13.26,12.33,44055,56103847.73,7.2,0.31,0.04,4.18,-5.68,-7.54,-7.3,-1.46,-8.35,10.79,8.11,15.17,11.68,8.92,12.97,12.27,10.87,11.29,3.17,0.62,1.78,-3.47,-3.55,-4.4,-5.64,-6.56,-7.26,-2.86
2024-03-06,831961,12.85,12.96,13.36,12.7,34104,44396823.15,5.1,0.08,0.01,3.23,-10.24,-10.0,-4.33,-11.02,7.56,4.96,11.81,8.43,5.75,4.41,13.13,12.47,11.01,11.3,0.54,1.7,-3.55,-3.63,-4.48,-5.71,-6.64,-7.33,-2.93,-4.48
2024-03-07,831961,13.03,11.91,13.03,11.88,44506,55087062.08,8.87,-8.1,-1.05,4.22,-3.79,2.27,-4.88,14.98,12.21,19.53,15.91,13.05,11.62,12.46,12.82,12.56,11.1,11.3,10.66,4.95,4.87,3.95,2.6,1.6,0.84,5.63,3.95,2.85
2024-03-08,831961,11.82,12.75,13.18,11.47,61225,76436100.75,14.36,7.05,0.84,5.81,5.93,-1.48,19.09,16.22,23.8,20.05,17.09,15.61,16.48,13.6,12.7,12.68,11.27,11.32,-1.96,-2.04,-2.9,-4.16,-5.1,-5.8,-1.33,-2.9,-3.92,-5.02
2024-03-11,831961,12.5,12.33,12.5,12.1,40400,49527090.63,3.14,-3.29,-0.42,3.83,-6.61,12.89,10.17,17.36,13.8,10.99,9.59,10.41,7.69,8.93,12.58,12.8,11.47,11.31,1.3,0.41,-0.89,-1.87,-2.6,2.03,0.41,-0.65,-1.78,-3.89
2024-03-12,831961,12.33,12.26,12.49,12.1,26539,32524601.62,3.16,-0.57,-0.07,2.52,12.89,10.17,17.36,13.8,10.99,9.59,10.41,7.69,8.93,3.31,12.44,12.7,11.68,11.32,0.98,-0.33,-1.31,-2.04,2.61,0.98,-0.08,-1.22,-3.34,-4.16
2024-03-13,831961,12.2,11.99,12.38,11.9,23666,28658688.29,3.92,-2.2,-0.27,2.24,12.02,19.33,15.71,12.86,11.43,12.27,9.5,10.76,5.04,4.96,12.25,12.69,11.82,11.32,1.92,0.92,0.17,4.92,3.25,2.17,1.0,-1.17,-2.0,-5.59
2024-03-14,831961,12.12,11.46,12.22,11.35,29834,34934495.34,7.26,-4.42,-0.53,2.83,25.11,21.32,18.33,16.83,17.71,14.8,16.12,10.13,10.04,9.07,12.16,12.49,11.94,11.29,5.58,4.8,9.77,8.03,6.89,5.67,3.4,2.53,-1.22,2.71
2024-03-15,831961,11.53,11.87,12.1,11.35,27434,32299850.86,6.54,3.58,0.41,2.6,21.32,18.33,16.83,17.71,14.8,16.12,10.13,10.04,9.07,7.67,11.98,12.34,12.08,11.26,1.18,5.98,4.3,3.2,2.02,-0.17,-1.01,-4.63,-0.84,3.45
2024-03-18,831961,11.72,11.9,12.01,11.66,19911,23538193.7,2.95,0.25,0.03,1.89,15.18,13.72,14.58,11.75,13.04,7.2,7.12,6.17,4.8,3.77,11.9,12.24,12.17,11.26,5.71,4.03,2.94,1.76,-0.42,-1.26,-4.87,-1.09,3.19,5.88
2024-03-19,831961,11.96,12.37,12.58,11.86,39296,48315789.26,6.05,3.95,0.47,3.73,11.8,12.65,9.87,11.13,5.4,5.31,4.38,3.04,2.02,1.26,11.92,12.18,12.22,11.31,0.08,-0.97,-2.1,-4.2,-5.01,-8.49,-4.85,-0.73,1.86,-1.7
2024-03-20,831961,12.29,12.14,12.38,12.07,19966,24282557.28,2.51,-1.86,-0.23,1.89,10.69,7.95,9.2,3.56,3.48,2.57,1.24,0.25,-0.5,4.23,11.95,12.1,12.28,11.37,0.91,-0.25,-2.39,-3.21,-6.75,-3.05,1.15,3.79,0.16,-1.32
2024-03-21,831961,12.21,11.72,12.25,11.63,22009,26104540.72,5.11,-3.46,-0.42,2.09,12.04,13.33,7.48,7.39,6.45,5.07,4.04,3.27,8.17,6.45,12.0,12.08,12.32,11.43,3.33,1.11,0.26,-3.41,0.43,4.78,7.51,3.75,2.22,-1.45
2024-03-22,831961,11.74,11.69,12.11,11.61,19807,23470110.2,4.27,-0.26,-0.03,1.88,13.52,7.67,7.58,6.63,5.25,4.22,3.45,8.35,6.63,5.51,11.96,11.97,12.33,11.5,1.37,0.51,-3.17,0.68,5.05,7.78,4.02,2.48,-1.2,-4.02
2024-03-25,831961,11.65,11.42,11.85,11.33,19624,22701252.8,4.45,-2.31,-0.27,1.86,10.33,10.24,9.27,7.86,6.8,6.0,11.03,9.27,8.12,6.88,11.87,11.88,12.34,11.61,2.89,-0.88,3.06,7.53,10.33,6.48,4.9,1.14,-1.75,0.44
2024-03-26,831961,11.5,10.99,11.75,10.69,25800,28582265.39,9.28,-3.77,-0.43,2.45,16.84,15.81,14.31,13.19,12.35,17.68,15.81,14.59,13.28,10.85,11.59,11.75,12.23,11.7,3.0,7.1,11.74,14.65,10.65,9.01,5.1,2.09,4.37,1.46
2024-03-27,831961,10.91,10.89,11.32,10.83,16830,18631537.44,4.46,-0.91,-0.1,1.6,14.31,12.83,11.73,10.9,16.16,14.31,13.11,11.82,9.42,8.49,11.34,11.64,12.17,11.76,8.08,12.76,15.7,11.66,10.01,6.06,3.03,5.33,2.39,0.73
2024-03-28,831961,10.89,11.26,11.77,10.75,29703,33805089.18,9.37,3.4,0.37,2.82,13.67,12.56,11.72,17.02,15.16,13.95,12.65,10.23,9.3,5.3,11.25,11.62,12.06,11.84,9.06,11.9,7.99,6.39,2.58,-0.36,1.87,-0.98,-2.58,-2.66
2024-03-29,831961,11.24,11.9,12.28,11.02,54204,63563688.27,11.19,5.68,0.64,5.14,9.8,8.98,14.16,12.34,11.16,9.89,7.53,6.62,2.72,6.81,11.29,11.63,11.98,11.93,5.88,2.18,0.67,-2.94,-5.71,-3.61,-6.3,-7.82,-7.9,-13.03
2024-04-01,831961,11.81,12.28,12.6,11.79,60299,74366779.89,6.81,3.19,0.38,5.72,1.87,6.7,5.0,3.9,2.71,0.51,-0.34,-3.99,-0.17,4.16,11.46,11.67,11.95,12.01,-0.98,-2.44,-5.94,-8.63,-6.6,-9.2,-10.67,-10.75,-15.72,-18.57
2024-04-02,831961,12.16,11.62,12.16,11.57,33494,39650512.75,4.8,-5.37,-0.66,3.18,8.73,7.0,5.88,4.67,2.42,1.56,-2.16,1.73,6.14,8.9,11.59,11.59,11.89,12.01,3.1,-0.6,-3.44,-1.29,-4.04,-5.59,-5.68,-10.93,-13.94,-9.64
2024-04-03,831961,11.61,11.28,11.98,11.25,20087,23191064.36,6.28,-2.93,-0.34,1.91,10.04,8.89,7.64,5.33,4.44,0.62,4.62,9.16,12.0,8.09,11.67,11.5,11.8,12.02,2.39,-0.53,1.68,-1.15,-2.75,-2.84,-8.24,-11.35,-6.91,-8.69
2024-04-08,831961,11.33,10.93,11.55,10.83,23561,26163805.84,6.38,-3.1,-0.35,2.23,13.11,11.82,9.42,8.49,4.52,8.68,13.39,16.34,12.28,10.62,11.6,11.43,11.75,12.02,2.65,4.94,2.01,0.37,0.27,-5.31,-8.51,-3.93,-5.76,8.6
2024-04-09,831961,11.04,10.92,11.22,10.79,14941,16375003.31,3.93,-0.09,-0.01,1.42,12.23,9.82,8.9,4.91,9.08,13.81,16.77,12.7,11.03,7.04,11.41,11.35,11.66,12.0,5.04,2.11,0.46,0.37,-5.22,-8.42,-3.85,-5.68,8.7,-0.09
2024-04-10,831961,10.95,11.08,11.47,10.85,25943,29094636.14,5.68,1.47,0.16,2.46,9.22,8.29,4.33,8.48,13.18,16.13,12.07,10.41,6.45,3.41,11.17,11.31,11.6,12.0,0.63,-0.99,-1.08,-6.59,-9.75,-5.23,-7.04,7.13,-1.53,9.66
2024-04-11,831961,10.99,10.78,11.15,10.76,17207,18752005.23,3.52,-2.71,-0.3,1.63,9.2,5.2,9.39,14.13,17.1,13.01,11.34,7.34,4.28,6.6,11.0,11.29,11.52,11.92,1.76,1.67,-3.99,-7.24,-2.6,-4.45,10.11,1.21,12.71,14.38
2024-04-12,831961,10.87,10.76,10.97,10.76,11067,12014389.19,1.95,-0.19,-0.02,1.05,5.2,9.39,14.13,17.1,13.01,11.34,7.34,4.28,6.6,3.62,10.89,11.28,11.46,11.87,1.86,-3.81,-7.06,-2.42,-4.28,10.32,1.39,12.92,14.59,10.04
2024-04-15,831961,10.67,10.25,10.96,10.12,16081,16799754.05,7.81,-4.74,-0.51,1.53,16.3,21.34,24.51,20.16,18.38,14.13,10.87,13.34,10.18,8.4,10.76,11.18,11.4,11.76,0.98,-2.44,2.44,0.49,15.8,6.44,18.54,20.29,15.51,6.34
2024-04-16,831961,10.25,9.42,10.35,9.35,19780,19083603.5,9.76,-8.1,-0.83,1.88,31.34,34.76,30.05,28.13,23.53,20.0,22.67,19.25,17.33,17.22,10.46,10.93,11.28,11.63,6.16,11.46,9.34,26.01,15.82,28.98,30.89,25.69,15.71,14.54
2024-04-17,831961,9.52,9.97,10.0,9.52,19221,18936059.25,5.1,5.84,0.55,1.82,32.35,27.73,25.84,21.32,17.86,20.48,17.12,15.23,15.13,8.72,10.24,10.7,11.18,11.53,5.32,3.31,19.06,9.43,21.87,23.67,18.76,9.33,8.22,3.51
2024-04-18,831961,10.06,10.05,10.5,9.88,19023,19394421.1,6.22,0.8,0.08,1.8,23.08,21.26,16.9,13.56,16.09,12.85,11.03,10.93,4.76,1.21,10.09,10.54,11.07,11.44,2.49,18.11,8.56,20.9,22.69,17.81,8.46,7.36,2.69,5.97
2024-04-19,831961,9.88,10.05,10.3,9.63,22596,22565951.98,6.67,0.0,0.0,2.14,24.4,19.94,16.51,19.11,15.78,13.91,13.81,7.48,3.84,9.03,9.95,10.42,10.96,11.34,18.11,8.56,20.9,22.69,17.81,8.46,7.36,2.69,5.97,4.98
2024-04-22,831961,11.87,10.6,11.87,10.6,40340,44660042.8,12.64,5.47,0.55,3.83,8.96,5.85,8.21,5.19,3.49,3.4,-2.36,-5.66,-0.94,-2.83,10.02,10.39,10.91,11.3,2.92,14.62,16.32,11.7,2.83,1.79,-2.64,0.47,-0.47,-3.21
2024-04-23,831961,10.2,10.51,10.91,10.2,27342,28887657.81,6.7,-0.85,-0.09,2.59,10.0,12.45,9.31,7.55,7.45,1.47,-1.96,2.94,0.98,16.37,10.24,10.35,10.85,11.22,15.6,17.32,12.65,3.71,2.66,-1.81,1.33,0.38,-2.38,-2.76
2024-04-24,831961,10.66,11.73,12.15,10.63,66280,75738416.71,14.46,11.61,1.22,6.29,7.9,4.89,3.2,3.1,-2.63,-5.93,-1.22,-3.1,11.67,2.63,10.59,10.41,10.86,11.2,5.12,0.94,-7.08,-8.01,-12.02,-9.21,-10.06,-12.53,-12.87,-15.69
2024-04-25,831961,11.73,11.46,12.33,11.25,42335,49588721.76,9.21,-2.3,-0.27,4.02,-0.89,-2.49,-2.58,-8.0,-11.11,-6.67,-8.44,5.51,-3.02,8.0,10.87,10.48,10.89,11.18,3.32,-4.89,-5.85,-9.95,-7.07,-7.94,-10.47,-10.82,-13.7,-15.1
2024-04-26,831961,11.21,11.41,11.84,11.07,43023,49513151.72,6.72,-0.44,-0.05,4.08,-0.9,-0.99,-6.5,-9.67,-5.15,-6.96,7.23,-1.45,9.76,11.38,11.14,10.54,10.91,11.16,-4.47,-5.43,-9.55,-6.66,-7.54,-10.08,-10.43,-13.32,-14.72,-16.3
2024-04-29,831961,10.9,10.65,10.9,10.51,46545,49796839.25,3.42,-6.66,-0.76,4.41,4.28,-1.52,-4.85,-0.1,-2.0,12.94,3.81,15.6,17.32,12.65,11.15,10.58,10.88,11.13,1.31,-3.1,0.0,-0.94,-3.66,-4.04,-7.14,-8.64,-10.33,-10.99
2024-04-30,831961,10.75,10.22,10.79,10.22,30663,32045532.38,5.35,-4.04,-0.43,2.91,1.27,-2.15,2.74,0.78,16.14,6.75,18.88,20.65,15.85,6.65,11.09,10.66,10.8,11.07,0.98,4.21,3.23,0.39,0.0,-3.23,-4.79,-6.56,-7.24,-4.7
2024-05-06,831961,10.22,10.06,10.32,9.98,23039,23294319.86,3.33,-1.57,-0.16,2.19,0.2,5.21,3.21,18.94,9.32,21.74,23.55,18.64,9.22,8.12,10.76,10.67,10.69,11.01,5.86,4.87,1.99,1.59,-1.69,-3.28,-5.07,-5.77,-3.18,-5.07
2024-05-07,831961,10.13,10.54,10.65,9.99,37525,38936134.29,6.56,4.77,0.48,3.56,5.11,3.1,18.82,9.21,21.62,23.42,18.52,9.11,8.01,3.3,10.58,10.72,10.63,10.95,0.09,-2.66,-3.04,-6.17,-7.69,-9.39,-10.06,-7.59,-9.39,-8.82
2024-05-08,831961,10.4,10.14,10.55,10.14,25914,26739973.3,3.89,-3.8,-0.4,2.46,1.58,17.06,7.59,19.82,21.6,16.77,7.5,6.41,1.78,5.03,10.32,10.73,10.58,10.89,1.18,0.79,-2.47,-4.04,-5.82,-6.51,-3.94,-5.82,-5.23,-2.66
2024-05-09,831961,10.12,10.12,10.26,10.02,12217,12400864.76,2.37,-0.2,-0.02,1.16,18.46,8.88,21.26,23.05,18.16,8.78,7.68,2.99,6.29,5.29,10.22,10.68,10.54,10.83,0.99,-2.27,-3.85,-5.63,-6.32,-3.75,-5.63,-5.04,-2.47,0.49
2024-05-10,831961,10.22,9.91,10.22,9.9,16372,16371063.2,3.16,-2.08,-0.21,1.55,10.2,22.73,24.55,19.6,10.1,8.99,4.24,7.58,6.57,3.64,10.15,10.62,10.49,10.77,-0.2,-1.82,-3.63,-4.34,-1.72,-3.63,-3.03,-0.4,2.62,0.3
2024-05-13,831961,9.89,9.48,9.89,9.48,15545,14969851.7,4.14,-4.34,-0.43,1.47,28.16,30.06,24.89,14.98,13.82,8.86,12.34,11.29,8.23,7.81,10.04,10.4,10.41,10.71,2.64,0.74,0.0,2.74,0.74,1.37,4.11,7.28,4.85,-0.53
2024-05-14,831961,9.57,9.52,9.73,9.49,7034,6733352.14,2.53,0.42,0.04,0.67,29.93,24.76,14.86,13.7,8.75,12.22,11.17,8.11,7.69,4.21,9.83,10.2,10.34,10.66,0.32,-0.42,2.31,0.32,0.95,3.68,6.83,4.41,-0.95,-2.31
2024-05-15,831961,9.44,9.33,9.55,9.28,8328,7824192.96,2.84,-2.0,-0.19,0.79,27.59,17.46,16.27,11.21,14.76,13.69,10.56,10.13,6.57,4.85,9.67,10.0,10.27,10.61,1.61,4.39,2.36,3.0,5.79,9.0,6.54,1.07,-0.32,6.86
2024-05-16,831961,9.34,9.25,9.48,9.25,9758,9129624.63,2.47,-0.86,-0.08,0.93,17.84,16.65,11.57,15.14,14.05,10.92,10.49,6.92,5.19,3.24,9.5,9.86,10.22,10.54,5.3,3.24,3.89,6.7,9.95,7.46,1.95,0.54,7.78,3.68
2024-05-17,831961,9.34,9.5,9.74,9.14,16645,15740048.27,6.49,2.7,0.25,1.58,18.05,12.91,16.52,15.43,12.25,11.82,8.21,6.46,4.49,3.72,9.42,9.78,10.22,10.46,0.53,1.16,3.89,7.05,4.63,-0.74,-2.11,4.95,0.95,7.37
2024-05-20,831961,9.44,9.45,9.55,9.4,10638,10052410.65,1.58,-0.53,-0.05,1.01,9.79,13.3,12.23,9.15,8.72,5.21,3.51,1.6,0.85,3.62,9.41,9.72,10.2,10.37,1.69,4.44,7.62,5.19,-0.21,-1.59,5.5,1.48,7.94,8.36
2024-05-21,831961,9.45,9.55,9.61,9.28,10521,9939953.19,3.49,1.06,0.1,1.0,14.76,13.69,10.56,10.13,6.57,4.85,2.91,2.16,4.96,2.91,9.42,9.62,10.17,10.3,3.35,6.49,4.08,-1.26,-2.62,4.4,0.42,6.81,7.23,2.72
2024-05-22,831961,9.63,9.68,9.87,9.59,18193,17721335.17,2.93,1.36,0.13,1.73,10.01,6.99,6.57,3.13,1.46,-0.42,-1.15,1.56,-0.42,0.21,9.49,9.58,10.16,10.24,5.06,2.69,-2.58,-3.93,3.0,-0.93,5.37,5.79,1.34,4.34
2024-05-23,831961,9.6,9.94,10.17,9.52,30484,30179586.46,6.71,2.69,0.26,2.89,7.77,7.35,3.89,2.21,0.32,-0.42,2.31,0.32,0.95,3.68,9.62,9.56,10.12,10.21,0.0,-5.13,-6.44,0.3,-3.52,2.62,3.02,-1.31,1.61,-2.82
2024-05-24,831961,9.82,9.33,9.94,9.33,16983,16356730.11,6.14,-6.14,-0.61,1.61,9.54,6.0,4.29,2.36,1.61,4.39,2.36,3.0,5.79,9.0,9.59,9.5,10.06,10.16,1.07,-0.32,6.86,2.79,9.32,9.75,5.14,8.25,3.54,-2.36
2024-05-27,831961,9.32,9.19,9.43,9.16,8939,8262638.26,2.89,-1.5,-0.14,0.85,7.97,6.22,4.26,3.49,6.33,4.26,4.91,7.75,11.03,8.52,9.54,9.47,9.94,10.1,1.2,8.49,4.35,10.99,11.43,6.75,9.9,5.11,-0.87,-1.85
2024-05-28,831961,9.17,9.19,9.3,9.13,6782,6250558.74,1.85,0.0,0.0,0.64,6.57,4.6,3.83,6.68,4.6,5.26,8.11,11.39,8.87,3.29,9.47,9.44,9.82,10.04,8.49,4.35,10.99,11.43,6.75,9.9,5.11,-0.87,-1.85,-0.44
2024-05-29,831961,9.44,9.34,9.97,9.34,16444,15848528.67,6.86,1.63,0.15,1.56,2.25,1.5,4.28,2.25,2.89,5.67,8.89,6.42,0.96,-0.43,9.4,9.44,9.72,9.99,2.68,9.21,9.64,5.03,8.14,3.43,-2.46,-3.43,-2.03,-4.07
2024-05-30,831961,9.22,9.44,9.59,9.03,18897,17670002.25,6.0,1.07,0.1,1.79,4.98,7.86,5.76,6.42,9.3,12.62,10.08,4.43,2.99,10.41,9.3,9.46,9.66,9.97,8.05,8.47,3.92,6.99,2.33,-3.5,-4.45,-3.07,-5.08,-4.77
2024-05-31,831961,9.55,10.2,10.2,9.5,46846,46501384.17,7.42,8.05,0.76,4.44,2.53,0.53,1.16,3.89,7.05,4.63,-0.74,-2.11,4.95,0.95,9.47,9.53,9.66,9.99,0.39,-3.82,-0.98,-5.29,-10.69,-11.57,-10.29,-12.16,-11.86,-11.96
2024-06-03,831961,9.99,9.78,10.24,9.75,29297,29030848.77,4.8,-4.12,-0.42,2.78,-2.05,-1.44,1.23,4.31,1.95,-3.28,-4.62,2.26,-1.64,4.62,9.59,9.56,9.64,9.99,0.31,3.27,-1.23,-6.85,-7.77,-6.44,-8.38,-8.08,-8.18,-4.91
2024-06-04,831961,9.72,9.71,9.81,9.52,18060,17384041.4,2.97,-0.72,-0.07,1.71,0.95,3.68,6.83,4.41,-0.95,-2.31,4.73,0.74,7.14,7.56,9.69,9.58,9.6,9.98,4.02,-0.51,-6.18,-7.11,-5.77,-7.72,-7.42,-7.52,-4.22,0.62
2024-06-05,831961,9.69,9.56,10.1,9.55,23465,23091900.83,5.66,-1.54,-0.15,2.23,3.35,6.49,4.08,-1.26,-2.62,4.4,0.42,6.81,7.23,2.72,9.74,9.57,9.57,9.96,1.05,-4.71,-5.65,-4.29,-6.28,-5.96,-6.07,-2.72,2.2,-1.67
2024-06-06,831961,9.45,8.77,9.66,8.77,32461,29736337.29,9.31,-8.26,-0.79,3.08,15.96,13.34,7.53,6.04,13.68,9.35,16.31,16.76,11.86,15.17,9.6,9.45,9.51,9.9,3.88,2.85,4.33,2.17,2.51,2.39,6.04,11.4,7.18,13.91
2024-06-07,831961,8.98,8.88,9.11,8.78,9527,8489757.38,3.76,1.25,0.11,0.9,13.21,7.4,5.92,13.55,9.23,16.17,16.63,11.73,15.03,10.02,9.34,9.41,9.45,9.84,1.58,3.04,0.9,1.24,1.13,4.73,10.02,5.86,12.5,6.42
2024-06-11,831961,8.87,9.01,9.02,8.68,8409,7454619.97,3.83,1.46,0.13,0.8,8.64,7.14,14.86,10.48,17.51,17.97,13.02,16.36,11.29,4.95,9.19,9.39,9.43,9.75,1.55,-0.55,-0.22,-0.33,3.22,8.44,4.33,10.88,4.88,9.54
2024-06-12,831961,9.01,8.92,9.15,8.88,7172,6446589.59,3.0,-1.0,-0.09,0.68,4.73,12.27,8.0,14.86,15.32,10.47,13.74,8.78,2.59,1.58,9.03,9.36,9.4,9.67,0.45,0.78,0.67,4.26,9.53,5.38,12.0,5.94,10.65,8.41
2024-06-13,831961,8.9,8.78,8.96,8.75,7577,6685647.52,2.35,-1.57,-0.14,0.72,13.94,9.6,16.57,17.03,12.11,15.43,10.4,4.11,3.09,4.57,8.87,9.3,9.37,9.58,2.39,2.28,5.92,11.28,7.06,13.78,7.63,12.41,10.14,11.62
2024-06-14,831961,8.84,8.75,8.99,8.75,5751,5070491.43,2.73,-0.34,-0.03,0.55,9.6,16.57,17.03,12.11,15.43,10.4,4.11,3.09,4.57,2.4,8.87,9.24,9.35,9.52,2.63,6.29,11.66,7.43,14.17,8.0,12.8,10.51,12.0,9.03
2024-06-17,831961,8.84,8.8,8.98,8.71,6098,5416559.79,3.09,0.57,0.05,0.58,17.11,17.57,12.63,15.96,10.91,4.59,3.56,5.05,2.87,3.21,8.85,9.1,9.31,9.47,5.68,11.02,6.82,13.52,7.39,12.16,9.89,11.36,8.41,5.8
2024-06-18,831961,8.77,9.28,9.3,8.67,28176,25616929.86,7.16,5.45,0.48,2.67,18.11,13.15,16.49,11.42,5.07,4.04,5.54,3.34,3.69,3.58,8.91,9.05,9.3,9.44,5.28,1.29,7.65,1.83,6.36,4.2,5.6,2.8,0.32,-0.32
2024-06-19,831961,9.2,9.4,9.77,9.16,28259,26641620.28,6.57,1.29,0.12,2.68,7.1,10.26,5.46,-0.55,-1.53,-0.11,-2.18,-1.86,-1.97,1.53,9.0,9.01,9.3,9.41,0.0,6.28,0.53,5.0,2.87,4.26,1.49,-0.96,-1.6,-4.04
2024-06-20,831961,9.4,9.23,9.4,9.06,17277,15912877.46,3.62,-1.81,-0.17,1.64,11.48,6.62,0.55,-0.44,0.99,-1.1,-0.77,-0.88,2.65,7.84,9.09,8.98,9.27,9.38,8.23,2.38,6.93,4.77,6.18,3.36,0.87,0.22,-2.28,-1.63
2024-06-21,831961,9.38,9.5,9.99,9.36,21982,21240982.84,6.83,2.93,0.27,2.08,3.21,-2.67,-3.63,-2.24,-4.27,-3.95,-4.06,-0.64,4.38,0.43,9.24,9.05,9.25,9.36,-0.53,3.89,1.79,3.16,0.42,-2.0,-2.63,-5.05,-4.42,-7.47
2024-06-24,831961,9.23,9.01,9.45,9.01,13532,12359040.56,4.63,-5.16,-0.49,1.28,1.11,0.11,1.55,-0.55,-0.22,-0.33,3.22,8.44,4.33,10.88,9.28,9.07,9.24,9.33,9.54,7.33,8.77,5.88,3.33,2.66,0.11,0.78,-2.44,-2.77
2024-06-25,831961,9.2,9.49,9.87,9.13,30430,29251393.98,8.21,5.33,0.48,2.89,-1.2,0.22,-1.86,-1.53,-1.64,1.86,7.01,2.96,9.42,3.5,9.33,9.12,9.25,9.33,1.9,3.27,0.53,-1.9,-2.53,-4.95,-4.32,-7.38,-7.69,-9.06
2024-06-26,831961,9.24,9.59,9.67,9.22,15984,15080136.37,4.74,1.05,0.1,1.52,-0.76,-2.82,-2.49,-2.6,0.87,5.97,1.95,8.35,2.49,7.05,9.36,9.18,9.27,9.33,2.19,-0.52,-2.92,-3.55,-5.94,-5.32,-8.34,-8.65,-10.01,-7.3
2024-06-27,831961,9.56,9.29,9.8,9.29,16125,15313203.03,5.32,-3.13,-0.3,1.53,-3.55,-3.23,-3.34,0.11,5.17,1.18,7.53,1.72,6.24,4.09,9.38,9.23,9.27,9.33,2.69,0.22,-0.43,-2.91,-2.26,-5.38,-5.71,-7.1,-4.31,-3.44
2024-06-28,831961,9.23,9.29,9.54,9.23,11926,11190623.02,3.34,0.0,0.0,1.13,-2.6,-2.71,0.76,5.85,1.84,8.23,2.38,6.93,4.77,6.18,9.33,9.29,9.26,9.33,0.22,-0.43,-2.91,-2.26,-5.38,-5.71,-7.1,-4.31,-3.44,-2.58
2024-07-01,831961,9.25,9.13,9.31,9.07,8586,7853975.34,2.58,-1.72,-0.16,0.81,-0.99,2.54,7.72,3.64,10.14,4.19,8.82,6.62,8.05,5.18,9.36,9.32,9.21,9.32,1.31,-1.2,-0.55,-3.72,-4.05,-5.48,-2.63,-1.75,-0.88,17.74
2024-07-02,831961,9.13,8.95,9.25,8.91,10329,9321477.19,3.72,-1.97,-0.18,0.98,4.38,9.65,5.5,12.12,6.06,10.77,8.53,9.99,7.07,4.49,9.25,9.29,9.17,9.3,0.78,1.45,-1.79,-2.12,-3.58,-0.67,0.22,1.12,20.11,17.32
2024-07-03,831961,9.02,8.89,9.02,8.89,4222,3774701.26,1.45,-0.67,-0.06,0.4,9.9,5.74,12.37,6.3,11.02,8.77,10.24,7.31,4.72,4.05,9.11,9.24,9.13,9.28,2.14,-1.12,-1.46,-2.92,0.0,0.9,1.8,20.92,18.11,29.25
2024-07-04,831961,8.91,8.7,9.08,8.66,8947,7935727.42,4.72,-2.14,-0.19,0.85,8.55,15.36,9.12,13.97,11.66,13.16,10.16,7.51,6.81,4.16,8.99,9.18,9.08,9.24,1.03,0.69,-0.8,2.18,3.1,4.02,23.56,20.69,32.07,19.66
2024-07-05,831961,8.66,8.69,8.79,8.51,7270,6274385.0,3.22,-0.11,-0.01,0.69,17.39,11.05,15.98,13.63,15.16,12.1,9.4,8.7,5.99,6.7,8.87,9.1,9.08,9.2,0.81,-0.69,2.3,3.22,4.14,23.71,20.83,32.22,19.79,16.34
2024-07-08,831961,8.76,8.42,8.76,8.4,5261,4460303.19,4.14,-3.11,-0.27,0.5,12.5,17.5,15.12,16.67,13.57,10.83,10.12,7.38,8.1,4.64,8.73,9.04,9.06,9.17,2.49,5.58,6.53,7.48,27.67,24.7,36.46,23.63,20.07,22.92
2024-07-09,831961,8.43,8.5,8.63,8.23,6306,5331942.82,4.75,0.95,0.08,0.6,19.93,17.5,19.08,15.92,13.12,12.39,9.6,10.33,6.8,6.44,8.64,8.94,9.03,9.15,4.59,5.53,6.47,26.47,23.53,35.18,22.47,18.94,21.76,21.18
2024-07-10,831961,8.57,8.64,8.89,8.44,14988,13105520.63,5.29,1.65,0.14,1.42,14.57,16.11,13.03,10.31,9.6,6.87,7.58,4.15,3.79,2.25,8.59,8.85,9.02,9.13,3.82,4.75,24.42,21.53,32.99,20.49,17.01,19.79,19.21,12.96
2024-07-11,831961,8.74,8.8,8.97,8.68,10146,8921041.82,3.36,1.85,0.16,0.96,12.9,9.91,7.26,6.57,3.92,4.61,1.27,0.92,-0.58,2.42,8.61,8.8,9.02,9.11,2.84,22.16,19.32,30.57,18.3,14.89,17.61,17.05,10.91,11.7
2024-07-12,831961,8.86,8.94,9.05,8.82,10286,9234249.66,2.61,1.59,0.14,0.98,8.16,5.56,4.88,2.27,2.95,-0.34,-0.68,-2.15,0.79,1.7,8.66,8.77,9.03,9.1,20.25,17.45,28.52,16.44,13.09,15.77,15.21,9.17,9.96,16.89
2024-07-15,831961,9.29,9.93,10.75,9.24,55087,55915428.43,16.89,11.07,0.99,5.22,0.76,0.11,-2.38,-1.73,-4.87,-5.19,-6.6,-3.79,-2.92,-2.06,8.96,8.85,9.08,9.09,5.74,15.71,4.83,1.81,4.23,3.73,-1.71,-1.01,5.24,0.0
2024-07-16,831961,9.53,10.42,10.5,9.53,61744,62944545.24,9.77,4.93,0.49,5.86,-2.94,-5.35,-4.72,-7.76,-8.08,-9.44,-6.72,-5.88,-5.04,12.8,9.35,8.99,9.14,9.11,10.27,-0.1,-2.98,-0.67,-1.15,-6.33,-5.66,0.29,0.0,0.0
2024-07-17,831961,10.31,10.72,11.49,10.07,79469,85499233.76,13.63,2.88,0.3,7.54,-10.43,-9.83,-12.71,-13.01,-14.3,-11.72,-10.92,-10.13,6.75,4.27,9.76,9.18,9.21,9.14,-2.89,-5.69,-3.45,-3.92,-8.96,-8.3,-2.52,0.0,0.0,0.0
2024-07-18,831961,10.41,9.77,10.41,9.77,43854,43940483.01,5.97,-8.86,-0.95,4.16,-7.06,-10.03,-10.34,-11.67,-9.01,-8.19,-7.37,10.03,7.47,17.6,9.96,9.28,9.23,9.15,3.48,5.94,5.42,-0.1,0.61,6.96,0.0,0.0,0.0,0.0
2024-07-19,831961,9.85,9.85,10.11,9.6,23847,23647539.12,5.22,0.82,0.08,2.26,-8.44,-8.75,-10.1,-7.4,-6.56,-5.73,11.98,9.38,19.69,8.44,10.14,9.4,9.25,9.19,5.08,4.57,-0.91,-0.2,6.09,0.0,0.0,0.0,0.0,0.0
2024-07-22,831961,9.71,10.13,10.35,9.59,26965,26977965.01,7.72,2.84,0.28,2.56,-8.65,-10.01,-7.3,-6.47,-5.63,12.1,9.49,19.81,8.55,5.42,10.18,9.57,9.31,9.23,1.68,-3.65,-2.96,3.16,0.0,0.0,0.0,0.0,0.0,0.0
2024-07-23,831961,10.07,9.5,10.3,9.5,24963,24508474.71,7.9,-6.22,-0.63,2.37,-9.16,-6.42,-5.58,-4.74,13.16,10.53,20.95,9.58,6.42,8.95,9.99,9.67,9.31,9.24,2.74,3.47,10.0,0.0,0.0,0.0,0.0,0.0,0.0,0.0
2024-07-24,831961,9.46,9.4,9.76,9.28,18430,17536181.13,5.05,-1.05,-0.1,1.75,-4.2,-3.34,-2.48,15.84,13.15,23.81,12.18,8.94,11.53,10.99,9.73,9.75,9.3,9.26,4.57,11.17,0.0,0.0,0.0,0.0,0.0,0.0,0.0,0.0
2024-07-25,831961,9.33,9.56,9.83,9.3,18870,18185954.96,5.64,1.7,0.16,1.79,-3.55,-2.69,15.59,12.9,23.55,11.94,8.71,11.29,10.75,4.95,9.69,9.82,9.31,9.29,9.31,0.0,0.0,0.0,0.0,0.0,0.0,0.0,0.0,0.0
2024-07-26,831961,9.59,10.36,10.45,9.48,43488,43588163.21,10.15,8.37,0.8,4.12,-4.54,13.4,10.76,21.2,9.81,6.65,9.18,8.65,2.95,3.69,9.79,9.96,9.36,9.34,0.0,0.0,0.0,0.0,0.0,0.0,0.0,0.0,0.0,0.0
